{
"type": "FeatureCollection",
"name": "20433E593832N_buildings",
"crs": { "type": "name", "properties": { "name": "urn:ogc:def:crs:EPSG::3776" } },
"features": [
{ "type": "Feature", "properties": { "value": 1.0, "building_id": 0, "area": 17.296874999790166 }, "geometry": { "type": "Polygon", "coordinates": [ [ [ 20445.3, 5939069.099999999627471 ], [ 20445.3, 5939069.025000000372529 ], [ 20444.925, 5939069.025000000372529 ], [ 20444.925, 5939068.950000000186265 ], [ 20444.625, 5939068.950000000186265 ], [ 20444.625, 5939068.875 ], [ 20444.325, 5939068.875 ], [ 20444.325, 5939068.799999999813735 ], [ 20444.025000000001455, 5939068.799999999813735 ], [ 20444.025000000001455, 5939068.724999999627471 ], [ 20443.8, 5939068.724999999627471 ], [ 20443.8, 5939068.650000000372529 ], [ 20443.650000000001455, 5939068.650000000372529 ], [ 20443.650000000001455, 5939068.575000000186265 ], [ 20443.575, 5939068.575000000186265 ], [ 20443.575, 5939068.5 ], [ 20443.5, 5939068.5 ], [ 20443.5, 5939068.424999999813735 ], [ 20443.425, 5939068.424999999813735 ], [ 20443.425, 5939068.349999999627471 ], [ 20443.349999999998545, 5939068.349999999627471 ], [ 20443.349999999998545, 5939068.275000000372529 ], [ 20443.275000000001455, 5939068.275000000372529 ], [ 20443.275000000001455, 5939067.900000000372529 ], [ 20443.2, 5939067.900000000372529 ], [ 20443.2, 5939067.525000000372529 ], [ 20443.125, 5939067.525000000372529 ], [ 20443.125, 5939067.150000000372529 ], [ 20443.05, 5939067.150000000372529 ], [ 20443.05, 5939066.849999999627471 ], [ 20442.974999999998545, 5939066.849999999627471 ], [ 20442.974999999998545, 5939066.474999999627471 ], [ 20442.900000000001455, 5939066.474999999627471 ], [ 20442.900000000001455, 5939066.25 ], [ 20442.974999999998545, 5939066.25 ], [ 20442.974999999998545, 5939066.174999999813735 ], [ 20443.125, 5939066.174999999813735 ], [ 20443.125, 5939066.099999999627471 ], [ 20443.2, 5939066.099999999627471 ], [ 20443.2, 5939066.025000000372529 ], [ 20443.275000000001455, 5939066.025000000372529 ], [ 20443.275000000001455, 5939065.950000000186265 ], [ 20443.425, 5939065.950000000186265 ], [ 20443.425, 5939065.875 ], [ 20443.575, 5939065.875 ], [ 20443.575, 5939065.799999999813735 ], [ 20443.650000000001455, 5939065.799999999813735 ], [ 20443.650000000001455, 5939065.724999999627471 ], [ 20444.325, 5939065.724999999627471 ], [ 20444.325, 5939065.650000000372529 ], [ 20445.599999999998545, 5939065.650000000372529 ], [ 20445.599999999998545, 5939065.575000000186265 ], [ 20445.675, 5939065.575000000186265 ], [ 20445.675, 5939065.650000000372529 ], [ 20446.05, 5939065.650000000372529 ], [ 20446.05, 5939065.724999999627471 ], [ 20446.349999999998545, 5939065.724999999627471 ], [ 20446.349999999998545, 5939065.799999999813735 ], [ 20446.650000000001455, 5939065.799999999813735 ], [ 20446.650000000001455, 5939065.875 ], [ 20447.025000000001455, 5939065.875 ], [ 20447.025000000001455, 5939065.950000000186265 ], [ 20447.325, 5939065.950000000186265 ], [ 20447.325, 5939066.025000000372529 ], [ 20447.7, 5939066.025000000372529 ], [ 20447.7, 5939066.099999999627471 ], [ 20448.075, 5939066.099999999627471 ], [ 20448.075, 5939066.174999999813735 ], [ 20448.45, 5939066.174999999813735 ], [ 20448.45, 5939066.25 ], [ 20448.825, 5939066.25 ], [ 20448.825, 5939066.325000000186265 ], [ 20448.900000000001455, 5939066.325000000186265 ], [ 20448.900000000001455, 5939066.549999999813735 ], [ 20448.974999999998545, 5939066.549999999813735 ], [ 20448.974999999998545, 5939066.849999999627471 ], [ 20449.05, 5939066.849999999627471 ], [ 20449.05, 5939067.150000000372529 ], [ 20449.125, 5939067.150000000372529 ], [ 20449.125, 5939067.450000000186265 ], [ 20449.2, 5939067.450000000186265 ], [ 20449.2, 5939067.75 ], [ 20449.275000000001455, 5939067.75 ], [ 20449.275000000001455, 5939067.974999999627471 ], [ 20449.349999999998545, 5939067.974999999627471 ], [ 20449.349999999998545, 5939068.275000000372529 ], [ 20449.125, 5939068.275000000372529 ], [ 20449.125, 5939068.349999999627471 ], [ 20448.75, 5939068.349999999627471 ], [ 20448.75, 5939068.424999999813735 ], [ 20448.45, 5939068.424999999813735 ], [ 20448.45, 5939068.5 ], [ 20448.150000000001455, 5939068.5 ], [ 20448.150000000001455, 5939068.575000000186265 ], [ 20447.775000000001455, 5939068.575000000186265 ], [ 20447.775000000001455, 5939068.650000000372529 ], [ 20447.474999999998545, 5939068.650000000372529 ], [ 20447.474999999998545, 5939068.724999999627471 ], [ 20447.175, 5939068.724999999627471 ], [ 20447.175, 5939068.799999999813735 ], [ 20446.875, 5939068.799999999813735 ], [ 20446.875, 5939068.875 ], [ 20446.575, 5939068.875 ], [ 20446.575, 5939068.950000000186265 ], [ 20446.275000000001455, 5939068.950000000186265 ], [ 20446.275000000001455, 5939069.025000000372529 ], [ 20445.974999999998545, 5939069.025000000372529 ], [ 20445.974999999998545, 5939069.099999999627471 ], [ 20445.3, 5939069.099999999627471 ] ] ] } },
{ "type": "Feature", "properties": { "value": 1.0, "building_id": 1, "area": 17.257499998294207 }, "geometry": { "type": "Polygon", "coordinates": [ [ [ 20433.0, 5939061.224999999627471 ], [ 20433.0, 5939056.950000000186265 ], [ 20436.0, 5939056.950000000186265 ], [ 20436.0, 5939057.025000000372529 ], [ 20436.075, 5939057.025000000372529 ], [ 20436.075, 5939057.099999999627471 ], [ 20436.150000000001455, 5939057.099999999627471 ], [ 20436.150000000001455, 5939057.174999999813735 ], [ 20436.224999999998545, 5939057.174999999813735 ], [ 20436.224999999998545, 5939057.25 ], [ 20436.3, 5939057.25 ], [ 20436.3, 5939057.325000000186265 ], [ 20436.375, 5939057.325000000186265 ], [ 20436.375, 5939057.400000000372529 ], [ 20436.45, 5939057.400000000372529 ], [ 20436.45, 5939057.474999999627471 ], [ 20436.525000000001455, 5939057.474999999627471 ], [ 20436.525000000001455, 5939057.549999999813735 ], [ 20436.599999999998545, 5939057.549999999813735 ], [ 20436.599999999998545, 5939057.700000000186265 ], [ 20436.675, 5939057.700000000186265 ], [ 20436.675, 5939057.775000000372529 ], [ 20436.75, 5939057.775000000372529 ], [ 20436.75, 5939057.849999999627471 ], [ 20436.825, 5939057.849999999627471 ], [ 20436.825, 5939057.924999999813735 ], [ 20436.900000000001455, 5939057.924999999813735 ], [ 20436.900000000001455, 5939058.0 ], [ 20436.974999999998545, 5939058.0 ], [ 20436.974999999998545, 5939058.075000000186265 ], [ 20437.05, 5939058.075000000186265 ], [ 20437.05, 5939058.150000000372529 ], [ 20437.125, 5939058.150000000372529 ], [ 20437.125, 5939058.224999999627471 ], [ 20437.2, 5939058.224999999627471 ], [ 20437.2, 5939058.299999999813735 ], [ 20437.275000000001455, 5939058.299999999813735 ], [ 20437.275000000001455, 5939058.375 ], [ 20437.349999999998545, 5939058.375 ], [ 20437.349999999998545, 5939058.450000000186265 ], [ 20437.425, 5939058.450000000186265 ], [ 20437.425, 5939060.474999999627471 ], [ 20437.275000000001455, 5939060.474999999627471 ], [ 20437.275000000001455, 5939060.549999999813735 ], [ 20437.2, 5939060.549999999813735 ], [ 20437.2, 5939060.625 ], [ 20437.05, 5939060.625 ], [ 20437.05, 5939060.700000000186265 ], [ 20436.974999999998545, 5939060.700000000186265 ], [ 20436.974999999998545, 5939060.775000000372529 ], [ 20436.825, 5939060.775000000372529 ], [ 20436.825, 5939060.849999999627471 ], [ 20436.675, 5939060.849999999627471 ], [ 20436.675, 5939060.924999999813735 ], [ 20436.525000000001455, 5939060.924999999813735 ], [ 20436.525000000001455, 5939061.0 ], [ 20436.375, 5939061.0 ], [ 20436.375, 5939061.075000000186265 ], [ 20436.224999999998545, 5939061.075000000186265 ], [ 20436.224999999998545, 5939061.150000000372529 ], [ 20436.075, 5939061.150000000372529 ], [ 20436.075, 5939061.224999999627471 ], [ 20433.0, 5939061.224999999627471 ] ] ] } },
{ "type": "Feature", "properties": { "value": 1.0, "building_id": 2, "area": 527.07375000023217 }, "geometry": { "type": "Polygon", "coordinates": [ [ [ 20453.325, 5938769.474999999627471 ], [ 20453.325, 5938767.0 ], [ 20453.25, 5938767.0 ], [ 20453.25, 5938763.549999999813735 ], [ 20453.099999999998545, 5938763.549999999813735 ], [ 20453.099999999998545, 5938763.474999999627471 ], [ 20452.95, 5938763.474999999627471 ], [ 20452.95, 5938763.400000000372529 ], [ 20452.8, 5938763.400000000372529 ], [ 20452.8, 5938763.325000000186265 ], [ 20452.650000000001455, 5938763.325000000186265 ], [ 20452.650000000001455, 5938763.25 ], [ 20452.5, 5938763.25 ], [ 20452.5, 5938763.174999999813735 ], [ 20452.349999999998545, 5938763.174999999813735 ], [ 20452.349999999998545, 5938763.099999999627471 ], [ 20452.125, 5938763.099999999627471 ], [ 20452.125, 5938763.025000000372529 ], [ 20451.974999999998545, 5938763.025000000372529 ], [ 20451.974999999998545, 5938762.950000000186265 ], [ 20451.75, 5938762.950000000186265 ], [ 20451.75, 5938762.875 ], [ 20451.599999999998545, 5938762.875 ], [ 20451.599999999998545, 5938762.799999999813735 ], [ 20451.525000000001455, 5938762.799999999813735 ], [ 20451.525000000001455, 5938762.724999999627471 ], [ 20451.45, 5938762.724999999627471 ], [ 20451.45, 5938762.650000000372529 ], [ 20451.375, 5938762.650000000372529 ], [ 20451.375, 5938762.575000000186265 ], [ 20451.3, 5938762.575000000186265 ], [ 20451.3, 5938762.5 ], [ 20451.224999999998545, 5938762.5 ], [ 20451.224999999998545, 5938762.424999999813735 ], [ 20451.150000000001455, 5938762.424999999813735 ], [ 20451.150000000001455, 5938762.349999999627471 ], [ 20451.075, 5938762.349999999627471 ], [ 20451.075, 5938762.275000000372529 ], [ 20451.0, 5938762.275000000372529 ], [ 20451.0, 5938762.200000000186265 ], [ 20450.925, 5938762.200000000186265 ], [ 20450.925, 5938762.125 ], [ 20450.849999999998545, 5938762.125 ], [ 20450.849999999998545, 5938762.049999999813735 ], [ 20450.775000000001455, 5938762.049999999813735 ], [ 20450.775000000001455, 5938761.974999999627471 ], [ 20450.7, 5938761.974999999627471 ], [ 20450.7, 5938761.900000000372529 ], [ 20450.625, 5938761.900000000372529 ], [ 20450.625, 5938761.825000000186265 ], [ 20450.55, 5938761.825000000186265 ], [ 20450.55, 5938761.75 ], [ 20450.474999999998545, 5938761.75 ], [ 20450.474999999998545, 5938761.674999999813735 ], [ 20450.400000000001455, 5938761.674999999813735 ], [ 20450.400000000001455, 5938761.599999999627471 ], [ 20450.325, 5938761.599999999627471 ], [ 20450.325, 5938761.525000000372529 ], [ 20450.175, 5938761.525000000372529 ], [ 20450.175, 5938761.450000000186265 ], [ 20450.025000000001455, 5938761.450000000186265 ], [ 20450.025000000001455, 5938761.375 ], [ 20449.95, 5938761.375 ], [ 20449.95, 5938761.299999999813735 ], [ 20449.8, 5938761.299999999813735 ], [ 20449.8, 5938761.224999999627471 ], [ 20449.724999999998545, 5938761.224999999627471 ], [ 20449.724999999998545, 5938761.150000000372529 ], [ 20449.575, 5938761.150000000372529 ], [ 20449.575, 5938761.075000000186265 ], [ 20449.5, 5938761.075000000186265 ], [ 20449.5, 5938761.0 ], [ 20449.425, 5938761.0 ], [ 20449.425, 5938760.924999999813735 ], [ 20449.275000000001455, 5938760.924999999813735 ], [ 20449.275000000001455, 5938760.849999999627471 ], [ 20449.2, 5938760.849999999627471 ], [ 20449.2, 5938760.775000000372529 ], [ 20449.125, 5938760.775000000372529 ], [ 20449.125, 5938760.700000000186265 ], [ 20448.974999999998545, 5938760.700000000186265 ], [ 20448.974999999998545, 5938760.625 ], [ 20448.900000000001455, 5938760.625 ], [ 20448.900000000001455, 5938760.549999999813735 ], [ 20448.825, 5938760.549999999813735 ], [ 20448.825, 5938760.474999999627471 ], [ 20448.675, 5938760.474999999627471 ], [ 20448.675, 5938760.400000000372529 ], [ 20448.599999999998545, 5938760.400000000372529 ], [ 20448.599999999998545, 5938760.325000000186265 ], [ 20448.525000000001455, 5938760.325000000186265 ], [ 20448.525000000001455, 5938760.25 ], [ 20448.375, 5938760.25 ], [ 20448.375, 5938760.174999999813735 ], [ 20448.3, 5938760.174999999813735 ], [ 20448.3, 5938760.099999999627471 ], [ 20448.150000000001455, 5938760.099999999627471 ], [ 20448.150000000001455, 5938760.025000000372529 ], [ 20448.075, 5938760.025000000372529 ], [ 20448.075, 5938759.950000000186265 ], [ 20447.925, 5938759.950000000186265 ], [ 20447.925, 5938759.875 ], [ 20447.849999999998545, 5938759.875 ], [ 20447.849999999998545, 5938759.799999999813735 ], [ 20447.7, 5938759.799999999813735 ], [ 20447.7, 5938759.724999999627471 ], [ 20447.625, 5938759.724999999627471 ], [ 20447.625, 5938759.650000000372529 ], [ 20447.55, 5938759.650000000372529 ], [ 20447.55, 5938759.5 ], [ 20447.474999999998545, 5938759.5 ], [ 20447.474999999998545, 5938759.424999999813735 ], [ 20447.400000000001455, 5938759.424999999813735 ], [ 20447.400000000001455, 5938759.275000000372529 ], [ 20447.325, 5938759.275000000372529 ], [ 20447.325, 5938759.200000000186265 ], [ 20447.25, 5938759.200000000186265 ], [ 20447.25, 5938759.125 ], [ 20447.175, 5938759.125 ], [ 20447.175, 5938758.974999999627471 ], [ 20447.099999999998545, 5938758.974999999627471 ], [ 20447.099999999998545, 5938758.900000000372529 ], [ 20447.025000000001455, 5938758.900000000372529 ], [ 20447.025000000001455, 5938758.75 ], [ 20446.95, 5938758.75 ], [ 20446.95, 5938758.674999999813735 ], [ 20446.875, 5938758.674999999813735 ], [ 20446.875, 5938758.599999999627471 ], [ 20446.8, 5938758.599999999627471 ], [ 20446.8, 5938758.450000000186265 ], [ 20446.724999999998545, 5938758.450000000186265 ], [ 20446.724999999998545, 5938758.375 ], [ 20446.650000000001455, 5938758.375 ], [ 20446.650000000001455, 5938758.299999999813735 ], [ 20446.575, 5938758.299999999813735 ], [ 20446.575, 5938758.150000000372529 ], [ 20446.5, 5938758.150000000372529 ], [ 20446.5, 5938758.075000000186265 ], [ 20446.425, 5938758.075000000186265 ], [ 20446.425, 5938758.0 ], [ 20446.349999999998545, 5938758.0 ], [ 20446.349999999998545, 5938757.924999999813735 ], [ 20446.275000000001455, 5938757.924999999813735 ], [ 20446.275000000001455, 5938757.775000000372529 ], [ 20446.2, 5938757.775000000372529 ], [ 20446.2, 5938757.700000000186265 ], [ 20446.125, 5938757.700000000186265 ], [ 20446.125, 5938757.625 ], [ 20446.05, 5938757.625 ], [ 20446.05, 5938757.474999999627471 ], [ 20445.974999999998545, 5938757.474999999627471 ], [ 20445.974999999998545, 5938757.325000000186265 ], [ 20445.900000000001455, 5938757.325000000186265 ], [ 20445.900000000001455, 5938757.25 ], [ 20445.825, 5938757.25 ], [ 20445.825, 5938757.099999999627471 ], [ 20445.75, 5938757.099999999627471 ], [ 20445.75, 5938757.025000000372529 ], [ 20445.675, 5938757.025000000372529 ], [ 20445.675, 5938756.875 ], [ 20445.599999999998545, 5938756.875 ], [ 20445.599999999998545, 5938756.650000000372529 ], [ 20445.525000000001455, 5938756.650000000372529 ], [ 20445.525000000001455, 5938756.424999999813735 ], [ 20445.45, 5938756.424999999813735 ], [ 20445.45, 5938756.275000000372529 ], [ 20445.375, 5938756.275000000372529 ], [ 20445.375, 5938756.049999999813735 ], [ 20445.3, 5938756.049999999813735 ], [ 20445.3, 5938755.825000000186265 ], [ 20445.224999999998545, 5938755.825000000186265 ], [ 20445.224999999998545, 5938755.299999999813735 ], [ 20445.150000000001455, 5938755.299999999813735 ], [ 20445.150000000001455, 5938754.775000000372529 ], [ 20445.075, 5938754.775000000372529 ], [ 20445.075, 5938754.325000000186265 ], [ 20445.0, 5938754.325000000186265 ], [ 20445.0, 5938753.799999999813735 ], [ 20444.925, 5938753.799999999813735 ], [ 20444.925, 5938753.275000000372529 ], [ 20444.849999999998545, 5938753.275000000372529 ], [ 20444.849999999998545, 5938752.75 ], [ 20444.775000000001455, 5938752.75 ], [ 20444.775000000001455, 5938752.299999999813735 ], [ 20444.7, 5938752.299999999813735 ], [ 20444.7, 5938751.924999999813735 ], [ 20444.625, 5938751.924999999813735 ], [ 20444.625, 5938751.549999999813735 ], [ 20444.55, 5938751.549999999813735 ], [ 20444.55, 5938751.25 ], [ 20444.474999999998545, 5938751.25 ], [ 20444.474999999998545, 5938750.950000000186265 ], [ 20444.400000000001455, 5938750.950000000186265 ], [ 20444.400000000001455, 5938750.650000000372529 ], [ 20444.325, 5938750.650000000372529 ], [ 20444.325, 5938750.424999999813735 ], [ 20444.25, 5938750.424999999813735 ], [ 20444.25, 5938750.200000000186265 ], [ 20444.175, 5938750.200000000186265 ], [ 20444.175, 5938750.049999999813735 ], [ 20444.099999999998545, 5938750.049999999813735 ], [ 20444.099999999998545, 5938749.825000000186265 ], [ 20444.025000000001455, 5938749.825000000186265 ], [ 20444.025000000001455, 5938749.599999999627471 ], [ 20443.95, 5938749.599999999627471 ], [ 20443.95, 5938749.375 ], [ 20443.875, 5938749.375 ], [ 20443.875, 5938749.150000000372529 ], [ 20443.8, 5938749.150000000372529 ], [ 20443.8, 5938748.924999999813735 ], [ 20443.724999999998545, 5938748.924999999813735 ], [ 20443.724999999998545, 5938748.625 ], [ 20443.650000000001455, 5938748.625 ], [ 20443.650000000001455, 5938748.25 ], [ 20443.575, 5938748.25 ], [ 20443.575, 5938745.625 ], [ 20443.650000000001455, 5938745.625 ], [ 20443.650000000001455, 5938745.174999999813735 ], [ 20443.724999999998545, 5938745.174999999813735 ], [ 20443.724999999998545, 5938744.875 ], [ 20443.8, 5938744.875 ], [ 20443.8, 5938744.650000000372529 ], [ 20443.875, 5938744.650000000372529 ], [ 20443.875, 5938744.5 ], [ 20443.95, 5938744.5 ], [ 20443.95, 5938744.275000000372529 ], [ 20444.025000000001455, 5938744.275000000372529 ], [ 20444.025000000001455, 5938744.049999999813735 ], [ 20444.099999999998545, 5938744.049999999813735 ], [ 20444.099999999998545, 5938743.900000000372529 ], [ 20444.175, 5938743.900000000372529 ], [ 20444.175, 5938743.674999999813735 ], [ 20444.25, 5938743.674999999813735 ], [ 20444.25, 5938743.525000000372529 ], [ 20444.325, 5938743.525000000372529 ], [ 20444.325, 5938743.299999999813735 ], [ 20444.400000000001455, 5938743.299999999813735 ], [ 20444.400000000001455, 5938743.075000000186265 ], [ 20444.474999999998545, 5938743.075000000186265 ], [ 20444.474999999998545, 5938742.849999999627471 ], [ 20444.55, 5938742.849999999627471 ], [ 20444.55, 5938742.625 ], [ 20444.625, 5938742.625 ], [ 20444.625, 5938742.325000000186265 ], [ 20444.7, 5938742.325000000186265 ], [ 20444.7, 5938742.025000000372529 ], [ 20444.775000000001455, 5938742.025000000372529 ], [ 20444.775000000001455, 5938741.724999999627471 ], [ 20444.849999999998545, 5938741.724999999627471 ], [ 20444.849999999998545, 5938741.424999999813735 ], [ 20444.925, 5938741.424999999813735 ], [ 20444.925, 5938741.049999999813735 ], [ 20445.0, 5938741.049999999813735 ], [ 20445.0, 5938740.674999999813735 ], [ 20445.075, 5938740.674999999813735 ], [ 20445.075, 5938740.224999999627471 ], [ 20445.150000000001455, 5938740.224999999627471 ], [ 20445.150000000001455, 5938740.0 ], [ 20445.224999999998545, 5938740.0 ], [ 20445.224999999998545, 5938739.775000000372529 ], [ 20445.3, 5938739.775000000372529 ], [ 20445.3, 5938739.549999999813735 ], [ 20445.375, 5938739.549999999813735 ], [ 20445.375, 5938739.400000000372529 ], [ 20445.45, 5938739.400000000372529 ], [ 20445.45, 5938739.174999999813735 ], [ 20445.525000000001455, 5938739.174999999813735 ], [ 20445.525000000001455, 5938739.025000000372529 ], [ 20445.599999999998545, 5938739.025000000372529 ], [ 20445.599999999998545, 5938738.799999999813735 ], [ 20445.675, 5938738.799999999813735 ], [ 20445.675, 5938738.650000000372529 ], [ 20445.825, 5938738.650000000372529 ], [ 20445.825, 5938738.575000000186265 ], [ 20445.974999999998545, 5938738.575000000186265 ], [ 20445.974999999998545, 5938738.5 ], [ 20446.05, 5938738.5 ], [ 20446.05, 5938738.424999999813735 ], [ 20446.2, 5938738.424999999813735 ], [ 20446.2, 5938738.349999999627471 ], [ 20446.275000000001455, 5938738.349999999627471 ], [ 20446.275000000001455, 5938738.275000000372529 ], [ 20446.425, 5938738.275000000372529 ], [ 20446.425, 5938738.200000000186265 ], [ 20446.575, 5938738.200000000186265 ], [ 20446.575, 5938738.125 ], [ 20446.875, 5938738.125 ], [ 20446.875, 5938738.049999999813735 ], [ 20447.175, 5938738.049999999813735 ], [ 20447.175, 5938737.974999999627471 ], [ 20447.55, 5938737.974999999627471 ], [ 20447.55, 5938737.900000000372529 ], [ 20447.925, 5938737.900000000372529 ], [ 20447.925, 5938737.825000000186265 ], [ 20448.3, 5938737.825000000186265 ], [ 20448.3, 5938737.75 ], [ 20448.75, 5938737.75 ], [ 20448.75, 5938737.674999999813735 ], [ 20449.125, 5938737.674999999813735 ], [ 20449.125, 5938737.599999999627471 ], [ 20449.650000000001455, 5938737.599999999627471 ], [ 20449.650000000001455, 5938737.525000000372529 ], [ 20450.099999999998545, 5938737.525000000372529 ], [ 20450.099999999998545, 5938737.450000000186265 ], [ 20450.7, 5938737.450000000186265 ], [ 20450.7, 5938737.375 ], [ 20451.224999999998545, 5938737.375 ], [ 20451.224999999998545, 5938737.299999999813735 ], [ 20453.175, 5938737.299999999813735 ], [ 20453.175, 5938737.224999999627471 ], [ 20453.55, 5938737.224999999627471 ], [ 20453.55, 5938737.299999999813735 ], [ 20454.45, 5938737.299999999813735 ], [ 20454.45, 5938737.375 ], [ 20455.425, 5938737.375 ], [ 20455.425, 5938737.450000000186265 ], [ 20456.175, 5938737.450000000186265 ], [ 20456.175, 5938737.525000000372529 ], [ 20456.925, 5938737.525000000372529 ], [ 20456.925, 5938737.599999999627471 ], [ 20457.599999999998545, 5938737.599999999627471 ], [ 20457.599999999998545, 5938737.674999999813735 ], [ 20458.125, 5938737.674999999813735 ], [ 20458.125, 5938737.75 ], [ 20458.650000000001455, 5938737.75 ], [ 20458.650000000001455, 5938737.825000000186265 ], [ 20459.099999999998545, 5938737.825000000186265 ], [ 20459.099999999998545, 5938737.900000000372529 ], [ 20459.474999999998545, 5938737.900000000372529 ], [ 20459.474999999998545, 5938737.974999999627471 ], [ 20459.625, 5938737.974999999627471 ], [ 20459.625, 5938738.049999999813735 ], [ 20459.775000000001455, 5938738.049999999813735 ], [ 20459.775000000001455, 5938738.125 ], [ 20459.925, 5938738.125 ], [ 20459.925, 5938738.200000000186265 ], [ 20460.0, 5938738.200000000186265 ], [ 20460.0, 5938738.275000000372529 ], [ 20460.150000000001455, 5938738.275000000372529 ], [ 20460.150000000001455, 5938738.349999999627471 ], [ 20460.224999999998545, 5938738.349999999627471 ], [ 20460.224999999998545, 5938738.424999999813735 ], [ 20460.375, 5938738.424999999813735 ], [ 20460.375, 5938738.5 ], [ 20460.525000000001455, 5938738.5 ], [ 20460.525000000001455, 5938738.575000000186265 ], [ 20460.675, 5938738.575000000186265 ], [ 20460.675, 5938738.650000000372529 ], [ 20460.825, 5938738.650000000372529 ], [ 20460.825, 5938738.724999999627471 ], [ 20460.974999999998545, 5938738.724999999627471 ], [ 20460.974999999998545, 5938738.799999999813735 ], [ 20461.125, 5938738.799999999813735 ], [ 20461.125, 5938738.875 ], [ 20461.275000000001455, 5938738.875 ], [ 20461.275000000001455, 5938738.950000000186265 ], [ 20461.425, 5938738.950000000186265 ], [ 20461.425, 5938739.025000000372529 ], [ 20461.5, 5938739.025000000372529 ], [ 20461.5, 5938739.099999999627471 ], [ 20461.650000000001455, 5938739.099999999627471 ], [ 20461.650000000001455, 5938739.174999999813735 ], [ 20461.724999999998545, 5938739.174999999813735 ], [ 20461.724999999998545, 5938739.25 ], [ 20461.8, 5938739.25 ], [ 20461.8, 5938739.325000000186265 ], [ 20461.95, 5938739.325000000186265 ], [ 20461.95, 5938739.400000000372529 ], [ 20462.025000000001455, 5938739.400000000372529 ], [ 20462.025000000001455, 5938739.474999999627471 ], [ 20462.099999999998545, 5938739.474999999627471 ], [ 20462.099999999998545, 5938739.549999999813735 ], [ 20462.175, 5938739.549999999813735 ], [ 20462.175, 5938739.625 ], [ 20462.25, 5938739.625 ], [ 20462.25, 5938739.700000000186265 ], [ 20462.325, 5938739.700000000186265 ], [ 20462.325, 5938739.775000000372529 ], [ 20462.400000000001455, 5938739.775000000372529 ], [ 20462.400000000001455, 5938739.849999999627471 ], [ 20462.474999999998545, 5938739.849999999627471 ], [ 20462.474999999998545, 5938740.0 ], [ 20462.55, 5938740.0 ], [ 20462.55, 5938740.075000000186265 ], [ 20462.625, 5938740.075000000186265 ], [ 20462.625, 5938740.150000000372529 ], [ 20462.7, 5938740.150000000372529 ], [ 20462.7, 5938740.224999999627471 ], [ 20462.775000000001455, 5938740.224999999627471 ], [ 20462.775000000001455, 5938740.375 ], [ 20462.849999999998545, 5938740.375 ], [ 20462.849999999998545, 5938740.450000000186265 ], [ 20462.925, 5938740.450000000186265 ], [ 20462.925, 5938740.525000000372529 ], [ 20463.0, 5938740.525000000372529 ], [ 20463.0, 5938740.599999999627471 ], [ 20463.075, 5938740.599999999627471 ], [ 20463.075, 5938740.674999999813735 ], [ 20463.150000000001455, 5938740.674999999813735 ], [ 20463.150000000001455, 5938740.75 ], [ 20463.224999999998545, 5938740.75 ], [ 20463.224999999998545, 5938740.825000000186265 ], [ 20463.3, 5938740.825000000186265 ], [ 20463.3, 5938740.900000000372529 ], [ 20463.45, 5938740.900000000372529 ], [ 20463.45, 5938740.974999999627471 ], [ 20463.525000000001455, 5938740.974999999627471 ], [ 20463.525000000001455, 5938741.049999999813735 ], [ 20463.599999999998545, 5938741.049999999813735 ], [ 20463.599999999998545, 5938741.125 ], [ 20463.675, 5938741.125 ], [ 20463.675, 5938741.200000000186265 ], [ 20463.75, 5938741.200000000186265 ], [ 20463.75, 5938741.275000000372529 ], [ 20463.825, 5938741.275000000372529 ], [ 20463.825, 5938741.349999999627471 ], [ 20463.900000000001455, 5938741.349999999627471 ], [ 20463.900000000001455, 5938741.424999999813735 ], [ 20463.974999999998545, 5938741.424999999813735 ], [ 20463.974999999998545, 5938741.5 ], [ 20464.05, 5938741.5 ], [ 20464.05, 5938741.575000000186265 ], [ 20464.125, 5938741.575000000186265 ], [ 20464.125, 5938741.650000000372529 ], [ 20464.2, 5938741.650000000372529 ], [ 20464.2, 5938741.799999999813735 ], [ 20464.275000000001455, 5938741.799999999813735 ], [ 20464.275000000001455, 5938741.875 ], [ 20464.349999999998545, 5938741.875 ], [ 20464.349999999998545, 5938742.025000000372529 ], [ 20464.425, 5938742.025000000372529 ], [ 20464.425, 5938742.099999999627471 ], [ 20464.5, 5938742.099999999627471 ], [ 20464.5, 5938742.25 ], [ 20464.575, 5938742.25 ], [ 20464.575, 5938742.325000000186265 ], [ 20464.650000000001455, 5938742.325000000186265 ], [ 20464.650000000001455, 5938742.400000000372529 ], [ 20464.724999999998545, 5938742.400000000372529 ], [ 20464.724999999998545, 5938742.474999999627471 ], [ 20464.8, 5938742.474999999627471 ], [ 20464.8, 5938742.549999999813735 ], [ 20464.875, 5938742.549999999813735 ], [ 20464.875, 5938742.625 ], [ 20464.95, 5938742.625 ], [ 20464.95, 5938742.700000000186265 ], [ 20465.025000000001455, 5938742.700000000186265 ], [ 20465.025000000001455, 5938742.775000000372529 ], [ 20465.099999999998545, 5938742.775000000372529 ], [ 20465.099999999998545, 5938742.849999999627471 ], [ 20465.175, 5938742.849999999627471 ], [ 20465.175, 5938742.924999999813735 ], [ 20465.25, 5938742.924999999813735 ], [ 20465.25, 5938743.0 ], [ 20465.325, 5938743.0 ], [ 20465.325, 5938743.075000000186265 ], [ 20465.400000000001455, 5938743.075000000186265 ], [ 20465.400000000001455, 5938743.150000000372529 ], [ 20465.474999999998545, 5938743.150000000372529 ], [ 20465.474999999998545, 5938743.224999999627471 ], [ 20465.55, 5938743.224999999627471 ], [ 20465.55, 5938743.299999999813735 ], [ 20465.625, 5938743.299999999813735 ], [ 20465.625, 5938743.375 ], [ 20465.7, 5938743.375 ], [ 20465.7, 5938743.450000000186265 ], [ 20465.775000000001455, 5938743.450000000186265 ], [ 20465.775000000001455, 5938743.525000000372529 ], [ 20465.849999999998545, 5938743.525000000372529 ], [ 20465.849999999998545, 5938743.599999999627471 ], [ 20465.925, 5938743.599999999627471 ], [ 20465.925, 5938743.75 ], [ 20466.0, 5938743.75 ], [ 20466.0, 5938743.825000000186265 ], [ 20466.075, 5938743.825000000186265 ], [ 20466.075, 5938743.974999999627471 ], [ 20466.150000000001455, 5938743.974999999627471 ], [ 20466.150000000001455, 5938744.049999999813735 ], [ 20466.224999999998545, 5938744.049999999813735 ], [ 20466.224999999998545, 5938744.200000000186265 ], [ 20466.3, 5938744.200000000186265 ], [ 20466.3, 5938744.275000000372529 ], [ 20466.375, 5938744.275000000372529 ], [ 20466.375, 5938744.349999999627471 ], [ 20466.45, 5938744.349999999627471 ], [ 20466.45, 5938744.424999999813735 ], [ 20466.525000000001455, 5938744.424999999813735 ], [ 20466.525000000001455, 5938744.575000000186265 ], [ 20466.599999999998545, 5938744.575000000186265 ], [ 20466.599999999998545, 5938744.650000000372529 ], [ 20466.675, 5938744.650000000372529 ], [ 20466.675, 5938744.724999999627471 ], [ 20466.75, 5938744.724999999627471 ], [ 20466.75, 5938744.799999999813735 ], [ 20466.825, 5938744.799999999813735 ], [ 20466.825, 5938744.875 ], [ 20466.900000000001455, 5938744.875 ], [ 20466.900000000001455, 5938744.950000000186265 ], [ 20466.974999999998545, 5938744.950000000186265 ], [ 20466.974999999998545, 5938745.025000000372529 ], [ 20467.05, 5938745.025000000372529 ], [ 20467.05, 5938745.099999999627471 ], [ 20467.125, 5938745.099999999627471 ], [ 20467.125, 5938745.174999999813735 ], [ 20467.2, 5938745.174999999813735 ], [ 20467.2, 5938745.25 ], [ 20467.275000000001455, 5938745.25 ], [ 20467.275000000001455, 5938745.325000000186265 ], [ 20467.349999999998545, 5938745.325000000186265 ], [ 20467.349999999998545, 5938745.474999999627471 ], [ 20467.425, 5938745.474999999627471 ], [ 20467.425, 5938745.549999999813735 ], [ 20467.5, 5938745.549999999813735 ], [ 20467.5, 5938745.700000000186265 ], [ 20467.575, 5938745.700000000186265 ], [ 20467.575, 5938745.849999999627471 ], [ 20467.650000000001455, 5938745.849999999627471 ], [ 20467.650000000001455, 5938745.924999999813735 ], [ 20467.724999999998545, 5938745.924999999813735 ], [ 20467.724999999998545, 5938746.299999999813735 ], [ 20467.8, 5938746.299999999813735 ], [ 20467.8, 5938746.75 ], [ 20467.875, 5938746.75 ], [ 20467.875, 5938747.125 ], [ 20467.95, 5938747.125 ], [ 20467.95, 5938747.575000000186265 ], [ 20468.025000000001455, 5938747.575000000186265 ], [ 20468.025000000001455, 5938748.099999999627471 ], [ 20468.099999999998545, 5938748.099999999627471 ], [ 20468.099999999998545, 5938748.924999999813735 ], [ 20468.175, 5938748.924999999813735 ], [ 20468.175, 5938749.599999999627471 ], [ 20468.25, 5938749.599999999627471 ], [ 20468.25, 5938750.125 ], [ 20468.325, 5938750.125 ], [ 20468.325, 5938750.5 ], [ 20468.400000000001455, 5938750.5 ], [ 20468.400000000001455, 5938750.875 ], [ 20468.474999999998545, 5938750.875 ], [ 20468.474999999998545, 5938751.174999999813735 ], [ 20468.55, 5938751.174999999813735 ], [ 20468.55, 5938751.400000000372529 ], [ 20468.625, 5938751.400000000372529 ], [ 20468.625, 5938751.625 ], [ 20468.7, 5938751.625 ], [ 20468.7, 5938751.849999999627471 ], [ 20468.775000000001455, 5938751.849999999627471 ], [ 20468.775000000001455, 5938752.075000000186265 ], [ 20468.849999999998545, 5938752.075000000186265 ], [ 20468.849999999998545, 5938752.299999999813735 ], [ 20468.925, 5938752.299999999813735 ], [ 20468.925, 5938752.525000000372529 ], [ 20469.0, 5938752.525000000372529 ], [ 20469.0, 5938752.75 ], [ 20469.075, 5938752.75 ], [ 20469.075, 5938752.900000000372529 ], [ 20469.150000000001455, 5938752.900000000372529 ], [ 20469.150000000001455, 5938753.125 ], [ 20469.224999999998545, 5938753.125 ], [ 20469.224999999998545, 5938753.424999999813735 ], [ 20469.3, 5938753.424999999813735 ], [ 20469.3, 5938753.799999999813735 ], [ 20469.375, 5938753.799999999813735 ], [ 20469.375, 5938753.875 ], [ 20469.3, 5938753.875 ], [ 20469.3, 5938754.400000000372529 ], [ 20469.224999999998545, 5938754.400000000372529 ], [ 20469.224999999998545, 5938754.924999999813735 ], [ 20469.150000000001455, 5938754.924999999813735 ], [ 20469.150000000001455, 5938755.375 ], [ 20469.075, 5938755.375 ], [ 20469.075, 5938755.599999999627471 ], [ 20469.0, 5938755.599999999627471 ], [ 20469.0, 5938755.75 ], [ 20468.925, 5938755.75 ], [ 20468.925, 5938755.825000000186265 ], [ 20468.849999999998545, 5938755.825000000186265 ], [ 20468.849999999998545, 5938755.900000000372529 ], [ 20468.775000000001455, 5938755.900000000372529 ], [ 20468.775000000001455, 5938755.974999999627471 ], [ 20468.625, 5938755.974999999627471 ], [ 20468.625, 5938756.049999999813735 ], [ 20468.55, 5938756.049999999813735 ], [ 20468.55, 5938756.125 ], [ 20468.474999999998545, 5938756.125 ], [ 20468.474999999998545, 5938756.200000000186265 ], [ 20468.400000000001455, 5938756.200000000186265 ], [ 20468.400000000001455, 5938756.275000000372529 ], [ 20468.325, 5938756.275000000372529 ], [ 20468.325, 5938756.349999999627471 ], [ 20468.25, 5938756.349999999627471 ], [ 20468.25, 5938756.424999999813735 ], [ 20468.175, 5938756.424999999813735 ], [ 20468.175, 5938756.5 ], [ 20468.099999999998545, 5938756.5 ], [ 20468.099999999998545, 5938756.650000000372529 ], [ 20468.025000000001455, 5938756.650000000372529 ], [ 20468.025000000001455, 5938756.724999999627471 ], [ 20467.95, 5938756.724999999627471 ], [ 20467.95, 5938756.875 ], [ 20467.875, 5938756.875 ], [ 20467.875, 5938756.950000000186265 ], [ 20467.8, 5938756.950000000186265 ], [ 20467.8, 5938757.099999999627471 ], [ 20467.724999999998545, 5938757.099999999627471 ], [ 20467.724999999998545, 5938757.25 ], [ 20467.650000000001455, 5938757.25 ], [ 20467.650000000001455, 5938757.400000000372529 ], [ 20467.575, 5938757.400000000372529 ], [ 20467.575, 5938757.549999999813735 ], [ 20467.5, 5938757.549999999813735 ], [ 20467.5, 5938757.700000000186265 ], [ 20467.425, 5938757.700000000186265 ], [ 20467.425, 5938757.849999999627471 ], [ 20467.349999999998545, 5938757.849999999627471 ], [ 20467.349999999998545, 5938758.0 ], [ 20467.275000000001455, 5938758.0 ], [ 20467.275000000001455, 5938758.075000000186265 ], [ 20467.2, 5938758.075000000186265 ], [ 20467.2, 5938758.150000000372529 ], [ 20467.125, 5938758.150000000372529 ], [ 20467.125, 5938758.224999999627471 ], [ 20467.05, 5938758.224999999627471 ], [ 20467.05, 5938758.299999999813735 ], [ 20466.900000000001455, 5938758.299999999813735 ], [ 20466.900000000001455, 5938758.375 ], [ 20466.825, 5938758.375 ], [ 20466.825, 5938758.450000000186265 ], [ 20466.675, 5938758.450000000186265 ], [ 20466.675, 5938758.525000000372529 ], [ 20466.599999999998545, 5938758.525000000372529 ], [ 20466.599999999998545, 5938758.599999999627471 ], [ 20466.45, 5938758.599999999627471 ], [ 20466.45, 5938758.674999999813735 ], [ 20466.375, 5938758.674999999813735 ], [ 20466.375, 5938758.75 ], [ 20466.224999999998545, 5938758.75 ], [ 20466.224999999998545, 5938758.825000000186265 ], [ 20466.150000000001455, 5938758.825000000186265 ], [ 20466.150000000001455, 5938758.900000000372529 ], [ 20466.0, 5938758.900000000372529 ], [ 20466.0, 5938758.974999999627471 ], [ 20465.925, 5938758.974999999627471 ], [ 20465.925, 5938759.049999999813735 ], [ 20465.849999999998545, 5938759.049999999813735 ], [ 20465.849999999998545, 5938759.125 ], [ 20465.7, 5938759.125 ], [ 20465.7, 5938759.200000000186265 ], [ 20465.625, 5938759.200000000186265 ], [ 20465.625, 5938759.275000000372529 ], [ 20465.474999999998545, 5938759.275000000372529 ], [ 20465.474999999998545, 5938759.349999999627471 ], [ 20465.400000000001455, 5938759.349999999627471 ], [ 20465.400000000001455, 5938759.424999999813735 ], [ 20465.325, 5938759.424999999813735 ], [ 20465.325, 5938759.5 ], [ 20465.175, 5938759.5 ], [ 20465.175, 5938759.575000000186265 ], [ 20465.099999999998545, 5938759.575000000186265 ], [ 20465.099999999998545, 5938759.650000000372529 ], [ 20465.025000000001455, 5938759.650000000372529 ], [ 20465.025000000001455, 5938759.724999999627471 ], [ 20464.875, 5938759.724999999627471 ], [ 20464.875, 5938759.799999999813735 ], [ 20464.8, 5938759.799999999813735 ], [ 20464.8, 5938759.875 ], [ 20464.650000000001455, 5938759.875 ], [ 20464.650000000001455, 5938759.950000000186265 ], [ 20464.5, 5938759.950000000186265 ], [ 20464.5, 5938760.025000000372529 ], [ 20464.425, 5938760.025000000372529 ], [ 20464.425, 5938760.099999999627471 ], [ 20464.275000000001455, 5938760.099999999627471 ], [ 20464.275000000001455, 5938760.174999999813735 ], [ 20464.125, 5938760.174999999813735 ], [ 20464.125, 5938760.25 ], [ 20464.05, 5938760.25 ], [ 20464.05, 5938760.325000000186265 ], [ 20463.900000000001455, 5938760.325000000186265 ], [ 20463.900000000001455, 5938760.400000000372529 ], [ 20463.75, 5938760.400000000372529 ], [ 20463.75, 5938760.474999999627471 ], [ 20463.675, 5938760.474999999627471 ], [ 20463.675, 5938760.549999999813735 ], [ 20463.525000000001455, 5938760.549999999813735 ], [ 20463.525000000001455, 5938760.625 ], [ 20463.45, 5938760.625 ], [ 20463.45, 5938760.700000000186265 ], [ 20463.3, 5938760.700000000186265 ], [ 20463.3, 5938760.775000000372529 ], [ 20463.150000000001455, 5938760.775000000372529 ], [ 20463.150000000001455, 5938760.849999999627471 ], [ 20463.075, 5938760.849999999627471 ], [ 20463.075, 5938760.924999999813735 ], [ 20462.925, 5938760.924999999813735 ], [ 20462.925, 5938761.0 ], [ 20462.849999999998545, 5938761.0 ], [ 20462.849999999998545, 5938761.075000000186265 ], [ 20462.7, 5938761.075000000186265 ], [ 20462.7, 5938761.150000000372529 ], [ 20462.625, 5938761.150000000372529 ], [ 20462.625, 5938761.224999999627471 ], [ 20462.474999999998545, 5938761.224999999627471 ], [ 20462.474999999998545, 5938761.299999999813735 ], [ 20462.400000000001455, 5938761.299999999813735 ], [ 20462.400000000001455, 5938761.375 ], [ 20462.25, 5938761.375 ], [ 20462.25, 5938761.450000000186265 ], [ 20462.175, 5938761.450000000186265 ], [ 20462.175, 5938761.525000000372529 ], [ 20462.099999999998545, 5938761.525000000372529 ], [ 20462.099999999998545, 5938761.599999999627471 ], [ 20461.95, 5938761.599999999627471 ], [ 20461.95, 5938761.674999999813735 ], [ 20461.875, 5938761.674999999813735 ], [ 20461.875, 5938761.75 ], [ 20461.8, 5938761.75 ], [ 20461.8, 5938761.825000000186265 ], [ 20461.650000000001455, 5938761.825000000186265 ], [ 20461.650000000001455, 5938761.900000000372529 ], [ 20461.575, 5938761.900000000372529 ], [ 20461.575, 5938761.974999999627471 ], [ 20461.5, 5938761.974999999627471 ], [ 20461.5, 5938762.049999999813735 ], [ 20461.349999999998545, 5938762.049999999813735 ], [ 20461.349999999998545, 5938762.125 ], [ 20461.275000000001455, 5938762.125 ], [ 20461.275000000001455, 5938762.200000000186265 ], [ 20461.05, 5938762.200000000186265 ], [ 20461.05, 5938762.275000000372529 ], [ 20460.900000000001455, 5938762.275000000372529 ], [ 20460.900000000001455, 5938762.349999999627471 ], [ 20460.675, 5938762.349999999627471 ], [ 20460.675, 5938762.424999999813735 ], [ 20460.525000000001455, 5938762.424999999813735 ], [ 20460.525000000001455, 5938762.5 ], [ 20460.3, 5938762.5 ], [ 20460.3, 5938762.575000000186265 ], [ 20460.150000000001455, 5938762.575000000186265 ], [ 20460.150000000001455, 5938762.650000000372529 ], [ 20460.0, 5938762.650000000372529 ], [ 20460.0, 5938762.724999999627471 ], [ 20459.775000000001455, 5938762.724999999627471 ], [ 20459.775000000001455, 5938762.799999999813735 ], [ 20459.625, 5938762.799999999813735 ], [ 20459.625, 5938762.875 ], [ 20459.474999999998545, 5938762.875 ], [ 20459.474999999998545, 5938762.950000000186265 ], [ 20459.025000000001455, 5938762.950000000186265 ], [ 20459.025000000001455, 5938763.025000000372529 ], [ 20458.425, 5938763.025000000372529 ], [ 20458.425, 5938763.099999999627471 ], [ 20457.900000000001455, 5938763.099999999627471 ], [ 20457.900000000001455, 5938763.174999999813735 ], [ 20457.375, 5938763.174999999813735 ], [ 20457.375, 5938763.25 ], [ 20456.7, 5938763.25 ], [ 20456.7, 5938763.325000000186265 ], [ 20456.175, 5938763.325000000186265 ], [ 20456.175, 5938763.400000000372529 ], [ 20455.575, 5938763.400000000372529 ], [ 20455.575, 5938763.474999999627471 ], [ 20454.974999999998545, 5938763.474999999627471 ], [ 20454.974999999998545, 5938763.549999999813735 ], [ 20454.525000000001455, 5938763.549999999813735 ], [ 20454.525000000001455, 5938763.625 ], [ 20454.45, 5938763.625 ], [ 20454.45, 5938763.700000000186265 ], [ 20454.375, 5938763.700000000186265 ], [ 20454.375, 5938763.775000000372529 ], [ 20454.3, 5938763.775000000372529 ], [ 20454.3, 5938763.849999999627471 ], [ 20454.224999999998545, 5938763.849999999627471 ], [ 20454.224999999998545, 5938764.0 ], [ 20454.150000000001455, 5938764.0 ], [ 20454.150000000001455, 5938764.150000000372529 ], [ 20454.075, 5938764.150000000372529 ], [ 20454.075, 5938764.299999999813735 ], [ 20454.0, 5938764.299999999813735 ], [ 20454.0, 5938764.599999999627471 ], [ 20453.925, 5938764.599999999627471 ], [ 20453.925, 5938764.900000000372529 ], [ 20453.849999999998545, 5938764.900000000372529 ], [ 20453.849999999998545, 5938765.424999999813735 ], [ 20453.775000000001455, 5938765.424999999813735 ], [ 20453.775000000001455, 5938766.099999999627471 ], [ 20453.7, 5938766.099999999627471 ], [ 20453.7, 5938767.299999999813735 ], [ 20453.625, 5938767.299999999813735 ], [ 20453.625, 5938769.400000000372529 ], [ 20453.55, 5938769.400000000372529 ], [ 20453.55, 5938769.474999999627471 ], [ 20453.325, 5938769.474999999627471 ] ] ] } },
{ "type": "Feature", "properties": { "value": 1.0, "building_id": 3, "area": 311.70374999907511 }, "geometry": { "type": "Polygon", "coordinates": [ [ [ 20452.275000000001455, 5938710.224999999627471 ], [ 20452.275000000001455, 5938710.150000000372529 ], [ 20451.375, 5938710.150000000372529 ], [ 20451.375, 5938710.075000000186265 ], [ 20451.0, 5938710.075000000186265 ], [ 20451.0, 5938710.0 ], [ 20450.625, 5938710.0 ], [ 20450.625, 5938709.924999999813735 ], [ 20450.25, 5938709.924999999813735 ], [ 20450.25, 5938709.849999999627471 ], [ 20449.95, 5938709.849999999627471 ], [ 20449.95, 5938709.775000000372529 ], [ 20449.650000000001455, 5938709.775000000372529 ], [ 20449.650000000001455, 5938709.700000000186265 ], [ 20449.425, 5938709.700000000186265 ], [ 20449.425, 5938709.625 ], [ 20449.2, 5938709.625 ], [ 20449.2, 5938709.549999999813735 ], [ 20448.974999999998545, 5938709.549999999813735 ], [ 20448.974999999998545, 5938709.474999999627471 ], [ 20448.825, 5938709.474999999627471 ], [ 20448.825, 5938709.400000000372529 ], [ 20448.675, 5938709.400000000372529 ], [ 20448.675, 5938709.325000000186265 ], [ 20448.45, 5938709.325000000186265 ], [ 20448.45, 5938709.25 ], [ 20448.375, 5938709.25 ], [ 20448.375, 5938709.174999999813735 ], [ 20448.3, 5938709.174999999813735 ], [ 20448.3, 5938709.099999999627471 ], [ 20448.224999999998545, 5938709.099999999627471 ], [ 20448.224999999998545, 5938709.025000000372529 ], [ 20448.150000000001455, 5938709.025000000372529 ], [ 20448.150000000001455, 5938708.950000000186265 ], [ 20448.075, 5938708.950000000186265 ], [ 20448.075, 5938708.875 ], [ 20447.925, 5938708.875 ], [ 20447.925, 5938708.799999999813735 ], [ 20447.775000000001455, 5938708.799999999813735 ], [ 20447.775000000001455, 5938708.724999999627471 ], [ 20447.474999999998545, 5938708.724999999627471 ], [ 20447.474999999998545, 5938708.650000000372529 ], [ 20447.099999999998545, 5938708.650000000372529 ], [ 20447.099999999998545, 5938708.575000000186265 ], [ 20446.8, 5938708.575000000186265 ], [ 20446.8, 5938708.5 ], [ 20446.5, 5938708.5 ], [ 20446.5, 5938708.424999999813735 ], [ 20446.2, 5938708.424999999813735 ], [ 20446.2, 5938708.349999999627471 ], [ 20445.974999999998545, 5938708.349999999627471 ], [ 20445.974999999998545, 5938708.275000000372529 ], [ 20445.675, 5938708.275000000372529 ], [ 20445.675, 5938708.200000000186265 ], [ 20445.525000000001455, 5938708.200000000186265 ], [ 20445.525000000001455, 5938708.125 ], [ 20445.375, 5938708.125 ], [ 20445.375, 5938708.049999999813735 ], [ 20445.224999999998545, 5938708.049999999813735 ], [ 20445.224999999998545, 5938707.974999999627471 ], [ 20445.150000000001455, 5938707.974999999627471 ], [ 20445.150000000001455, 5938707.900000000372529 ], [ 20445.0, 5938707.900000000372529 ], [ 20445.0, 5938707.825000000186265 ], [ 20444.925, 5938707.825000000186265 ], [ 20444.925, 5938707.75 ], [ 20444.849999999998545, 5938707.75 ], [ 20444.849999999998545, 5938707.674999999813735 ], [ 20444.775000000001455, 5938707.674999999813735 ], [ 20444.775000000001455, 5938707.599999999627471 ], [ 20444.7, 5938707.599999999627471 ], [ 20444.7, 5938707.525000000372529 ], [ 20444.625, 5938707.525000000372529 ], [ 20444.625, 5938707.450000000186265 ], [ 20444.55, 5938707.450000000186265 ], [ 20444.55, 5938707.375 ], [ 20444.474999999998545, 5938707.375 ], [ 20444.474999999998545, 5938707.224999999627471 ], [ 20444.400000000001455, 5938707.224999999627471 ], [ 20444.400000000001455, 5938707.150000000372529 ], [ 20444.325, 5938707.150000000372529 ], [ 20444.325, 5938707.0 ], [ 20444.25, 5938707.0 ], [ 20444.25, 5938706.849999999627471 ], [ 20444.175, 5938706.849999999627471 ], [ 20444.175, 5938706.700000000186265 ], [ 20444.099999999998545, 5938706.700000000186265 ], [ 20444.099999999998545, 5938706.549999999813735 ], [ 20444.025000000001455, 5938706.549999999813735 ], [ 20444.025000000001455, 5938706.400000000372529 ], [ 20443.95, 5938706.400000000372529 ], [ 20443.95, 5938706.25 ], [ 20443.875, 5938706.25 ], [ 20443.875, 5938706.099999999627471 ], [ 20443.8, 5938706.099999999627471 ], [ 20443.8, 5938705.950000000186265 ], [ 20443.724999999998545, 5938705.950000000186265 ], [ 20443.724999999998545, 5938705.875 ], [ 20443.575, 5938705.875 ], [ 20443.575, 5938705.799999999813735 ], [ 20443.5, 5938705.799999999813735 ], [ 20443.5, 5938705.724999999627471 ], [ 20443.425, 5938705.724999999627471 ], [ 20443.425, 5938705.650000000372529 ], [ 20443.275000000001455, 5938705.650000000372529 ], [ 20443.275000000001455, 5938705.575000000186265 ], [ 20443.2, 5938705.575000000186265 ], [ 20443.2, 5938705.5 ], [ 20443.125, 5938705.5 ], [ 20443.125, 5938705.424999999813735 ], [ 20443.05, 5938705.424999999813735 ], [ 20443.05, 5938705.349999999627471 ], [ 20442.974999999998545, 5938705.349999999627471 ], [ 20442.974999999998545, 5938705.200000000186265 ], [ 20442.900000000001455, 5938705.200000000186265 ], [ 20442.900000000001455, 5938705.125 ], [ 20442.825, 5938705.125 ], [ 20442.825, 5938704.974999999627471 ], [ 20442.75, 5938704.974999999627471 ], [ 20442.75, 5938704.900000000372529 ], [ 20442.675, 5938704.900000000372529 ], [ 20442.675, 5938704.825000000186265 ], [ 20442.599999999998545, 5938704.825000000186265 ], [ 20442.599999999998545, 5938704.674999999813735 ], [ 20442.525000000001455, 5938704.674999999813735 ], [ 20442.525000000001455, 5938704.525000000372529 ], [ 20442.45, 5938704.525000000372529 ], [ 20442.45, 5938704.375 ], [ 20442.375, 5938704.375 ], [ 20442.375, 5938704.150000000372529 ], [ 20442.3, 5938704.150000000372529 ], [ 20442.3, 5938703.924999999813735 ], [ 20442.224999999998545, 5938703.924999999813735 ], [ 20442.224999999998545, 5938703.625 ], [ 20442.150000000001455, 5938703.625 ], [ 20442.150000000001455, 5938703.174999999813735 ], [ 20442.075, 5938703.174999999813735 ], [ 20442.075, 5938702.125 ], [ 20442.0, 5938702.125 ], [ 20442.0, 5938698.974999999627471 ], [ 20442.075, 5938698.974999999627471 ], [ 20442.075, 5938698.525000000372529 ], [ 20442.150000000001455, 5938698.525000000372529 ], [ 20442.150000000001455, 5938698.150000000372529 ], [ 20442.224999999998545, 5938698.150000000372529 ], [ 20442.224999999998545, 5938697.849999999627471 ], [ 20442.3, 5938697.849999999627471 ], [ 20442.3, 5938697.625 ], [ 20442.375, 5938697.625 ], [ 20442.375, 5938697.400000000372529 ], [ 20442.45, 5938697.400000000372529 ], [ 20442.45, 5938697.25 ], [ 20442.525000000001455, 5938697.25 ], [ 20442.525000000001455, 5938697.099999999627471 ], [ 20442.599999999998545, 5938697.099999999627471 ], [ 20442.599999999998545, 5938697.025000000372529 ], [ 20442.675, 5938697.025000000372529 ], [ 20442.675, 5938696.875 ], [ 20442.75, 5938696.875 ], [ 20442.75, 5938696.799999999813735 ], [ 20442.825, 5938696.799999999813735 ], [ 20442.825, 5938696.724999999627471 ], [ 20442.900000000001455, 5938696.724999999627471 ], [ 20442.900000000001455, 5938696.650000000372529 ], [ 20442.974999999998545, 5938696.650000000372529 ], [ 20442.974999999998545, 5938696.575000000186265 ], [ 20443.05, 5938696.575000000186265 ], [ 20443.05, 5938696.5 ], [ 20443.125, 5938696.5 ], [ 20443.125, 5938696.424999999813735 ], [ 20443.2, 5938696.424999999813735 ], [ 20443.2, 5938696.349999999627471 ], [ 20443.275000000001455, 5938696.349999999627471 ], [ 20443.275000000001455, 5938696.275000000372529 ], [ 20443.425, 5938696.275000000372529 ], [ 20443.425, 5938696.200000000186265 ], [ 20443.5, 5938696.200000000186265 ], [ 20443.5, 5938696.125 ], [ 20443.650000000001455, 5938696.125 ], [ 20443.650000000001455, 5938696.049999999813735 ], [ 20443.8, 5938696.049999999813735 ], [ 20443.8, 5938695.974999999627471 ], [ 20443.875, 5938695.974999999627471 ], [ 20443.875, 5938695.900000000372529 ], [ 20443.95, 5938695.900000000372529 ], [ 20443.95, 5938695.75 ], [ 20444.025000000001455, 5938695.75 ], [ 20444.025000000001455, 5938695.674999999813735 ], [ 20444.099999999998545, 5938695.674999999813735 ], [ 20444.099999999998545, 5938695.599999999627471 ], [ 20444.175, 5938695.599999999627471 ], [ 20444.175, 5938695.525000000372529 ], [ 20444.25, 5938695.525000000372529 ], [ 20444.25, 5938695.450000000186265 ], [ 20444.325, 5938695.450000000186265 ], [ 20444.325, 5938695.375 ], [ 20444.400000000001455, 5938695.375 ], [ 20444.400000000001455, 5938695.224999999627471 ], [ 20444.474999999998545, 5938695.224999999627471 ], [ 20444.474999999998545, 5938695.150000000372529 ], [ 20444.55, 5938695.150000000372529 ], [ 20444.55, 5938695.075000000186265 ], [ 20444.625, 5938695.075000000186265 ], [ 20444.625, 5938695.0 ], [ 20444.7, 5938695.0 ], [ 20444.7, 5938694.849999999627471 ], [ 20444.775000000001455, 5938694.849999999627471 ], [ 20444.775000000001455, 5938694.775000000372529 ], [ 20444.925, 5938694.775000000372529 ], [ 20444.925, 5938694.700000000186265 ], [ 20445.0, 5938694.700000000186265 ], [ 20445.0, 5938694.625 ], [ 20445.075, 5938694.625 ], [ 20445.075, 5938694.549999999813735 ], [ 20445.224999999998545, 5938694.549999999813735 ], [ 20445.224999999998545, 5938694.474999999627471 ], [ 20445.3, 5938694.474999999627471 ], [ 20445.3, 5938694.400000000372529 ], [ 20445.45, 5938694.400000000372529 ], [ 20445.45, 5938694.325000000186265 ], [ 20445.599999999998545, 5938694.325000000186265 ], [ 20445.599999999998545, 5938694.25 ], [ 20445.825, 5938694.25 ], [ 20445.825, 5938694.174999999813735 ], [ 20446.125, 5938694.174999999813735 ], [ 20446.125, 5938694.099999999627471 ], [ 20446.425, 5938694.099999999627471 ], [ 20446.425, 5938694.025000000372529 ], [ 20446.724999999998545, 5938694.025000000372529 ], [ 20446.724999999998545, 5938693.950000000186265 ], [ 20447.099999999998545, 5938693.950000000186265 ], [ 20447.099999999998545, 5938693.875 ], [ 20447.474999999998545, 5938693.875 ], [ 20447.474999999998545, 5938693.799999999813735 ], [ 20448.075, 5938693.799999999813735 ], [ 20448.075, 5938693.724999999627471 ], [ 20448.825, 5938693.724999999627471 ], [ 20448.825, 5938693.650000000372529 ], [ 20449.5, 5938693.650000000372529 ], [ 20449.5, 5938693.575000000186265 ], [ 20449.95, 5938693.575000000186265 ], [ 20449.95, 5938693.5 ], [ 20450.400000000001455, 5938693.5 ], [ 20450.400000000001455, 5938693.424999999813735 ], [ 20450.849999999998545, 5938693.424999999813735 ], [ 20450.849999999998545, 5938693.349999999627471 ], [ 20451.224999999998545, 5938693.349999999627471 ], [ 20451.224999999998545, 5938693.275000000372529 ], [ 20451.525000000001455, 5938693.275000000372529 ], [ 20451.525000000001455, 5938693.200000000186265 ], [ 20452.5, 5938693.200000000186265 ], [ 20452.5, 5938693.275000000372529 ], [ 20453.849999999998545, 5938693.275000000372529 ], [ 20453.849999999998545, 5938693.349999999627471 ], [ 20454.525000000001455, 5938693.349999999627471 ], [ 20454.525000000001455, 5938693.424999999813735 ], [ 20455.05, 5938693.424999999813735 ], [ 20455.05, 5938693.5 ], [ 20455.5, 5938693.5 ], [ 20455.5, 5938693.575000000186265 ], [ 20456.025000000001455, 5938693.575000000186265 ], [ 20456.025000000001455, 5938693.650000000372529 ], [ 20456.55, 5938693.650000000372529 ], [ 20456.55, 5938693.724999999627471 ], [ 20457.0, 5938693.724999999627471 ], [ 20457.0, 5938693.799999999813735 ], [ 20457.45, 5938693.799999999813735 ], [ 20457.45, 5938693.875 ], [ 20457.675, 5938693.875 ], [ 20457.675, 5938693.950000000186265 ], [ 20457.825, 5938693.950000000186265 ], [ 20457.825, 5938694.025000000372529 ], [ 20458.05, 5938694.025000000372529 ], [ 20458.05, 5938694.099999999627471 ], [ 20458.2, 5938694.099999999627471 ], [ 20458.2, 5938694.174999999813735 ], [ 20458.349999999998545, 5938694.174999999813735 ], [ 20458.349999999998545, 5938694.25 ], [ 20458.5, 5938694.25 ], [ 20458.5, 5938694.325000000186265 ], [ 20458.575, 5938694.325000000186265 ], [ 20458.575, 5938694.400000000372529 ], [ 20458.724999999998545, 5938694.400000000372529 ], [ 20458.724999999998545, 5938694.474999999627471 ], [ 20458.8, 5938694.474999999627471 ], [ 20458.8, 5938694.549999999813735 ], [ 20458.875, 5938694.549999999813735 ], [ 20458.875, 5938694.625 ], [ 20458.95, 5938694.625 ], [ 20458.95, 5938694.700000000186265 ], [ 20459.099999999998545, 5938694.700000000186265 ], [ 20459.099999999998545, 5938694.775000000372529 ], [ 20459.175, 5938694.775000000372529 ], [ 20459.175, 5938694.849999999627471 ], [ 20459.25, 5938694.849999999627471 ], [ 20459.25, 5938694.924999999813735 ], [ 20459.325, 5938694.924999999813735 ], [ 20459.325, 5938695.075000000186265 ], [ 20459.474999999998545, 5938695.075000000186265 ], [ 20459.474999999998545, 5938695.150000000372529 ], [ 20459.55, 5938695.150000000372529 ], [ 20459.55, 5938695.224999999627471 ], [ 20459.7, 5938695.224999999627471 ], [ 20459.7, 5938695.299999999813735 ], [ 20459.849999999998545, 5938695.299999999813735 ], [ 20459.849999999998545, 5938695.375 ], [ 20460.075, 5938695.375 ], [ 20460.075, 5938695.450000000186265 ], [ 20460.224999999998545, 5938695.450000000186265 ], [ 20460.224999999998545, 5938695.525000000372529 ], [ 20460.45, 5938695.525000000372529 ], [ 20460.45, 5938695.599999999627471 ], [ 20460.599999999998545, 5938695.599999999627471 ], [ 20460.599999999998545, 5938695.674999999813735 ], [ 20460.75, 5938695.674999999813735 ], [ 20460.75, 5938695.75 ], [ 20460.974999999998545, 5938695.75 ], [ 20460.974999999998545, 5938695.825000000186265 ], [ 20461.125, 5938695.825000000186265 ], [ 20461.125, 5938695.900000000372529 ], [ 20461.349999999998545, 5938695.900000000372529 ], [ 20461.349999999998545, 5938695.974999999627471 ], [ 20461.5, 5938695.974999999627471 ], [ 20461.5, 5938696.049999999813735 ], [ 20461.650000000001455, 5938696.049999999813735 ], [ 20461.650000000001455, 5938696.125 ], [ 20461.8, 5938696.125 ], [ 20461.8, 5938696.200000000186265 ], [ 20461.875, 5938696.200000000186265 ], [ 20461.875, 5938696.275000000372529 ], [ 20462.025000000001455, 5938696.275000000372529 ], [ 20462.025000000001455, 5938696.349999999627471 ], [ 20462.099999999998545, 5938696.349999999627471 ], [ 20462.099999999998545, 5938696.424999999813735 ], [ 20462.175, 5938696.424999999813735 ], [ 20462.175, 5938696.5 ], [ 20462.25, 5938696.5 ], [ 20462.25, 5938696.575000000186265 ], [ 20462.325, 5938696.575000000186265 ], [ 20462.325, 5938696.650000000372529 ], [ 20462.400000000001455, 5938696.650000000372529 ], [ 20462.400000000001455, 5938696.724999999627471 ], [ 20462.474999999998545, 5938696.724999999627471 ], [ 20462.474999999998545, 5938696.799999999813735 ], [ 20462.55, 5938696.799999999813735 ], [ 20462.55, 5938696.950000000186265 ], [ 20462.625, 5938696.950000000186265 ], [ 20462.625, 5938697.025000000372529 ], [ 20462.7, 5938697.025000000372529 ], [ 20462.7, 5938697.174999999813735 ], [ 20462.775000000001455, 5938697.174999999813735 ], [ 20462.775000000001455, 5938697.25 ], [ 20462.849999999998545, 5938697.25 ], [ 20462.849999999998545, 5938697.325000000186265 ], [ 20462.925, 5938697.325000000186265 ], [ 20462.925, 5938697.400000000372529 ], [ 20463.0, 5938697.400000000372529 ], [ 20463.0, 5938697.474999999627471 ], [ 20463.150000000001455, 5938697.474999999627471 ], [ 20463.150000000001455, 5938697.549999999813735 ], [ 20463.224999999998545, 5938697.549999999813735 ], [ 20463.224999999998545, 5938697.625 ], [ 20463.3, 5938697.625 ], [ 20463.3, 5938697.700000000186265 ], [ 20463.45, 5938697.700000000186265 ], [ 20463.45, 5938697.775000000372529 ], [ 20463.599999999998545, 5938697.775000000372529 ], [ 20463.599999999998545, 5938697.849999999627471 ], [ 20463.675, 5938697.849999999627471 ], [ 20463.675, 5938697.924999999813735 ], [ 20463.75, 5938697.924999999813735 ], [ 20463.75, 5938698.0 ], [ 20463.825, 5938698.0 ], [ 20463.825, 5938698.075000000186265 ], [ 20463.900000000001455, 5938698.075000000186265 ], [ 20463.900000000001455, 5938698.150000000372529 ], [ 20463.974999999998545, 5938698.150000000372529 ], [ 20463.974999999998545, 5938698.224999999627471 ], [ 20464.05, 5938698.224999999627471 ], [ 20464.05, 5938698.299999999813735 ], [ 20464.125, 5938698.299999999813735 ], [ 20464.125, 5938698.375 ], [ 20464.2, 5938698.375 ], [ 20464.2, 5938698.450000000186265 ], [ 20464.275000000001455, 5938698.450000000186265 ], [ 20464.275000000001455, 5938698.599999999627471 ], [ 20464.349999999998545, 5938698.599999999627471 ], [ 20464.349999999998545, 5938698.674999999813735 ], [ 20464.425, 5938698.674999999813735 ], [ 20464.425, 5938698.825000000186265 ], [ 20464.5, 5938698.825000000186265 ], [ 20464.5, 5938698.974999999627471 ], [ 20464.575, 5938698.974999999627471 ], [ 20464.575, 5938699.200000000186265 ], [ 20464.650000000001455, 5938699.200000000186265 ], [ 20464.650000000001455, 5938699.650000000372529 ], [ 20464.724999999998545, 5938699.650000000372529 ], [ 20464.724999999998545, 5938700.099999999627471 ], [ 20464.8, 5938700.099999999627471 ], [ 20464.8, 5938700.549999999813735 ], [ 20464.875, 5938700.549999999813735 ], [ 20464.875, 5938700.924999999813735 ], [ 20464.95, 5938700.924999999813735 ], [ 20464.95, 5938701.224999999627471 ], [ 20464.875, 5938701.224999999627471 ], [ 20464.875, 5938701.825000000186265 ], [ 20464.8, 5938701.825000000186265 ], [ 20464.8, 5938702.424999999813735 ], [ 20464.724999999998545, 5938702.424999999813735 ], [ 20464.724999999998545, 5938703.025000000372529 ], [ 20464.650000000001455, 5938703.025000000372529 ], [ 20464.650000000001455, 5938703.400000000372529 ], [ 20464.575, 5938703.400000000372529 ], [ 20464.575, 5938703.775000000372529 ], [ 20464.5, 5938703.775000000372529 ], [ 20464.5, 5938704.150000000372529 ], [ 20464.425, 5938704.150000000372529 ], [ 20464.425, 5938704.450000000186265 ], [ 20464.349999999998545, 5938704.450000000186265 ], [ 20464.349999999998545, 5938704.75 ], [ 20464.275000000001455, 5938704.75 ], [ 20464.275000000001455, 5938704.974999999627471 ], [ 20464.2, 5938704.974999999627471 ], [ 20464.2, 5938705.200000000186265 ], [ 20464.125, 5938705.200000000186265 ], [ 20464.125, 5938705.349999999627471 ], [ 20464.05, 5938705.349999999627471 ], [ 20464.05, 5938705.5 ], [ 20463.974999999998545, 5938705.5 ], [ 20463.974999999998545, 5938705.650000000372529 ], [ 20463.900000000001455, 5938705.650000000372529 ], [ 20463.900000000001455, 5938705.799999999813735 ], [ 20463.825, 5938705.799999999813735 ], [ 20463.825, 5938705.875 ], [ 20463.75, 5938705.875 ], [ 20463.75, 5938706.025000000372529 ], [ 20463.675, 5938706.025000000372529 ], [ 20463.675, 5938706.099999999627471 ], [ 20463.599999999998545, 5938706.099999999627471 ], [ 20463.599999999998545, 5938706.174999999813735 ], [ 20463.525000000001455, 5938706.174999999813735 ], [ 20463.525000000001455, 5938706.325000000186265 ], [ 20463.45, 5938706.325000000186265 ], [ 20463.45, 5938706.400000000372529 ], [ 20463.375, 5938706.400000000372529 ], [ 20463.375, 5938706.474999999627471 ], [ 20463.3, 5938706.474999999627471 ], [ 20463.3, 5938706.549999999813735 ], [ 20463.224999999998545, 5938706.549999999813735 ], [ 20463.224999999998545, 5938706.625 ], [ 20463.150000000001455, 5938706.625 ], [ 20463.150000000001455, 5938706.700000000186265 ], [ 20463.075, 5938706.700000000186265 ], [ 20463.075, 5938706.775000000372529 ], [ 20463.0, 5938706.775000000372529 ], [ 20463.0, 5938706.849999999627471 ], [ 20462.925, 5938706.849999999627471 ], [ 20462.925, 5938706.924999999813735 ], [ 20462.849999999998545, 5938706.924999999813735 ], [ 20462.849999999998545, 5938707.0 ], [ 20462.775000000001455, 5938707.0 ], [ 20462.775000000001455, 5938707.075000000186265 ], [ 20462.7, 5938707.075000000186265 ], [ 20462.7, 5938707.150000000372529 ], [ 20462.625, 5938707.150000000372529 ], [ 20462.625, 5938707.224999999627471 ], [ 20462.55, 5938707.224999999627471 ], [ 20462.55, 5938707.299999999813735 ], [ 20462.474999999998545, 5938707.299999999813735 ], [ 20462.474999999998545, 5938707.375 ], [ 20462.400000000001455, 5938707.375 ], [ 20462.400000000001455, 5938707.450000000186265 ], [ 20462.25, 5938707.450000000186265 ], [ 20462.25, 5938707.525000000372529 ], [ 20462.175, 5938707.525000000372529 ], [ 20462.175, 5938707.599999999627471 ], [ 20462.025000000001455, 5938707.599999999627471 ], [ 20462.025000000001455, 5938707.674999999813735 ], [ 20461.875, 5938707.674999999813735 ], [ 20461.875, 5938707.75 ], [ 20461.724999999998545, 5938707.75 ], [ 20461.724999999998545, 5938707.825000000186265 ], [ 20461.575, 5938707.825000000186265 ], [ 20461.575, 5938707.900000000372529 ], [ 20461.425, 5938707.900000000372529 ], [ 20461.425, 5938707.974999999627471 ], [ 20461.2, 5938707.974999999627471 ], [ 20461.2, 5938708.049999999813735 ], [ 20460.900000000001455, 5938708.049999999813735 ], [ 20460.900000000001455, 5938708.125 ], [ 20460.675, 5938708.125 ], [ 20460.675, 5938708.200000000186265 ], [ 20460.45, 5938708.200000000186265 ], [ 20460.45, 5938708.275000000372529 ], [ 20460.224999999998545, 5938708.275000000372529 ], [ 20460.224999999998545, 5938708.349999999627471 ], [ 20459.925, 5938708.349999999627471 ], [ 20459.925, 5938708.424999999813735 ], [ 20459.7, 5938708.424999999813735 ], [ 20459.7, 5938708.5 ], [ 20459.474999999998545, 5938708.5 ], [ 20459.474999999998545, 5938708.575000000186265 ], [ 20459.25, 5938708.575000000186265 ], [ 20459.25, 5938708.650000000372529 ], [ 20459.025000000001455, 5938708.650000000372529 ], [ 20459.025000000001455, 5938708.724999999627471 ], [ 20458.8, 5938708.724999999627471 ], [ 20458.8, 5938708.799999999813735 ], [ 20458.650000000001455, 5938708.799999999813735 ], [ 20458.650000000001455, 5938708.875 ], [ 20458.5, 5938708.875 ], [ 20458.5, 5938708.950000000186265 ], [ 20458.425, 5938708.950000000186265 ], [ 20458.425, 5938709.025000000372529 ], [ 20458.349999999998545, 5938709.025000000372529 ], [ 20458.349999999998545, 5938709.099999999627471 ], [ 20458.275000000001455, 5938709.099999999627471 ], [ 20458.275000000001455, 5938709.174999999813735 ], [ 20458.125, 5938709.174999999813735 ], [ 20458.125, 5938709.25 ], [ 20458.05, 5938709.25 ], [ 20458.05, 5938709.325000000186265 ], [ 20457.900000000001455, 5938709.325000000186265 ], [ 20457.900000000001455, 5938709.400000000372529 ], [ 20457.75, 5938709.400000000372529 ], [ 20457.75, 5938709.474999999627471 ], [ 20457.675, 5938709.474999999627471 ], [ 20457.675, 5938709.549999999813735 ], [ 20457.525000000001455, 5938709.549999999813735 ], [ 20457.525000000001455, 5938709.625 ], [ 20457.3, 5938709.625 ], [ 20457.3, 5938709.700000000186265 ], [ 20457.150000000001455, 5938709.700000000186265 ], [ 20457.150000000001455, 5938709.775000000372529 ], [ 20456.925, 5938709.775000000372529 ], [ 20456.925, 5938709.849999999627471 ], [ 20456.625, 5938709.849999999627471 ], [ 20456.625, 5938709.924999999813735 ], [ 20456.325, 5938709.924999999813735 ], [ 20456.325, 5938710.0 ], [ 20456.025000000001455, 5938710.0 ], [ 20456.025000000001455, 5938710.075000000186265 ], [ 20455.650000000001455, 5938710.075000000186265 ], [ 20455.650000000001455, 5938710.150000000372529 ], [ 20455.2, 5938710.150000000372529 ], [ 20455.2, 5938710.224999999627471 ], [ 20452.275000000001455, 5938710.224999999627471 ] ] ] } },
{ "type": "Feature", "properties": { "value": 1.0, "building_id": 4, "area": 191.29500000039315 }, "geometry": { "type": "Polygon", "coordinates": [ [ [ 20656.425, 5938612.349999999627471 ], [ 20656.425, 5938612.275000000372529 ], [ 20655.675, 5938612.275000000372529 ], [ 20655.675, 5938612.200000000186265 ], [ 20655.0, 5938612.200000000186265 ], [ 20655.0, 5938612.125 ], [ 20654.55, 5938612.125 ], [ 20654.55, 5938612.049999999813735 ], [ 20654.325, 5938612.049999999813735 ], [ 20654.325, 5938611.974999999627471 ], [ 20654.099999999998545, 5938611.974999999627471 ], [ 20654.099999999998545, 5938611.900000000372529 ], [ 20653.875, 5938611.900000000372529 ], [ 20653.875, 5938611.825000000186265 ], [ 20653.724999999998545, 5938611.825000000186265 ], [ 20653.724999999998545, 5938611.75 ], [ 20653.575, 5938611.75 ], [ 20653.575, 5938611.674999999813735 ], [ 20653.425, 5938611.674999999813735 ], [ 20653.425, 5938611.599999999627471 ], [ 20653.275000000001455, 5938611.599999999627471 ], [ 20653.275000000001455, 5938611.525000000372529 ], [ 20653.125, 5938611.525000000372529 ], [ 20653.125, 5938611.450000000186265 ], [ 20653.05, 5938611.450000000186265 ], [ 20653.05, 5938611.375 ], [ 20652.900000000001455, 5938611.375 ], [ 20652.900000000001455, 5938611.299999999813735 ], [ 20652.825, 5938611.299999999813735 ], [ 20652.825, 5938611.224999999627471 ], [ 20652.75, 5938611.224999999627471 ], [ 20652.75, 5938611.150000000372529 ], [ 20652.525000000001455, 5938611.150000000372529 ], [ 20652.525000000001455, 5938611.075000000186265 ], [ 20652.3, 5938611.075000000186265 ], [ 20652.3, 5938611.0 ], [ 20652.150000000001455, 5938611.0 ], [ 20652.150000000001455, 5938610.924999999813735 ], [ 20652.0, 5938610.924999999813735 ], [ 20652.0, 5938610.849999999627471 ], [ 20651.849999999998545, 5938610.849999999627471 ], [ 20651.849999999998545, 5938610.775000000372529 ], [ 20651.775000000001455, 5938610.775000000372529 ], [ 20651.775000000001455, 5938610.700000000186265 ], [ 20651.625, 5938610.700000000186265 ], [ 20651.625, 5938610.625 ], [ 20651.55, 5938610.625 ], [ 20651.55, 5938610.549999999813735 ], [ 20651.474999999998545, 5938610.549999999813735 ], [ 20651.474999999998545, 5938610.474999999627471 ], [ 20651.400000000001455, 5938610.474999999627471 ], [ 20651.400000000001455, 5938610.400000000372529 ], [ 20651.325, 5938610.400000000372529 ], [ 20651.325, 5938610.25 ], [ 20651.25, 5938610.25 ], [ 20651.25, 5938610.174999999813735 ], [ 20651.175, 5938610.174999999813735 ], [ 20651.175, 5938610.025000000372529 ], [ 20651.099999999998545, 5938610.025000000372529 ], [ 20651.099999999998545, 5938609.875 ], [ 20651.025000000001455, 5938609.875 ], [ 20651.025000000001455, 5938609.724999999627471 ], [ 20650.95, 5938609.724999999627471 ], [ 20650.95, 5938609.5 ], [ 20650.875, 5938609.5 ], [ 20650.875, 5938609.275000000372529 ], [ 20650.8, 5938609.275000000372529 ], [ 20650.8, 5938609.200000000186265 ], [ 20650.724999999998545, 5938609.200000000186265 ], [ 20650.724999999998545, 5938609.125 ], [ 20650.650000000001455, 5938609.125 ], [ 20650.650000000001455, 5938609.049999999813735 ], [ 20650.575, 5938609.049999999813735 ], [ 20650.575, 5938608.900000000372529 ], [ 20650.5, 5938608.900000000372529 ], [ 20650.5, 5938608.825000000186265 ], [ 20650.425, 5938608.825000000186265 ], [ 20650.425, 5938608.75 ], [ 20650.349999999998545, 5938608.75 ], [ 20650.349999999998545, 5938608.599999999627471 ], [ 20650.275000000001455, 5938608.599999999627471 ], [ 20650.275000000001455, 5938608.525000000372529 ], [ 20650.2, 5938608.525000000372529 ], [ 20650.2, 5938608.375 ], [ 20650.125, 5938608.375 ], [ 20650.125, 5938608.224999999627471 ], [ 20650.05, 5938608.224999999627471 ], [ 20650.05, 5938608.075000000186265 ], [ 20649.974999999998545, 5938608.075000000186265 ], [ 20649.974999999998545, 5938607.924999999813735 ], [ 20649.900000000001455, 5938607.924999999813735 ], [ 20649.900000000001455, 5938607.700000000186265 ], [ 20649.825, 5938607.700000000186265 ], [ 20649.825, 5938607.474999999627471 ], [ 20649.75, 5938607.474999999627471 ], [ 20649.75, 5938606.950000000186265 ], [ 20649.675, 5938606.950000000186265 ], [ 20649.675, 5938605.900000000372529 ], [ 20649.599999999998545, 5938605.900000000372529 ], [ 20649.599999999998545, 5938605.075000000186265 ], [ 20649.675, 5938605.075000000186265 ], [ 20649.675, 5938604.400000000372529 ], [ 20649.75, 5938604.400000000372529 ], [ 20649.75, 5938603.875 ], [ 20649.825, 5938603.875 ], [ 20649.825, 5938603.5 ], [ 20649.900000000001455, 5938603.5 ], [ 20649.900000000001455, 5938603.275000000372529 ], [ 20649.974999999998545, 5938603.275000000372529 ], [ 20649.974999999998545, 5938603.125 ], [ 20650.05, 5938603.125 ], [ 20650.05, 5938602.974999999627471 ], [ 20650.125, 5938602.974999999627471 ], [ 20650.125, 5938602.825000000186265 ], [ 20650.2, 5938602.825000000186265 ], [ 20650.2, 5938602.674999999813735 ], [ 20650.275000000001455, 5938602.674999999813735 ], [ 20650.275000000001455, 5938602.599999999627471 ], [ 20650.349999999998545, 5938602.599999999627471 ], [ 20650.349999999998545, 5938602.450000000186265 ], [ 20650.425, 5938602.450000000186265 ], [ 20650.425, 5938602.375 ], [ 20650.5, 5938602.375 ], [ 20650.5, 5938602.224999999627471 ], [ 20650.575, 5938602.224999999627471 ], [ 20650.575, 5938602.150000000372529 ], [ 20650.650000000001455, 5938602.150000000372529 ], [ 20650.650000000001455, 5938602.075000000186265 ], [ 20650.724999999998545, 5938602.075000000186265 ], [ 20650.724999999998545, 5938602.0 ], [ 20650.8, 5938602.0 ], [ 20650.8, 5938601.849999999627471 ], [ 20650.875, 5938601.849999999627471 ], [ 20650.875, 5938601.700000000186265 ], [ 20650.95, 5938601.700000000186265 ], [ 20650.95, 5938601.549999999813735 ], [ 20651.025000000001455, 5938601.549999999813735 ], [ 20651.025000000001455, 5938601.400000000372529 ], [ 20651.099999999998545, 5938601.400000000372529 ], [ 20651.099999999998545, 5938601.25 ], [ 20651.175, 5938601.25 ], [ 20651.175, 5938601.099999999627471 ], [ 20651.25, 5938601.099999999627471 ], [ 20651.25, 5938600.875 ], [ 20651.325, 5938600.875 ], [ 20651.325, 5938600.724999999627471 ], [ 20651.400000000001455, 5938600.724999999627471 ], [ 20651.400000000001455, 5938600.575000000186265 ], [ 20651.474999999998545, 5938600.575000000186265 ], [ 20651.474999999998545, 5938600.424999999813735 ], [ 20651.55, 5938600.424999999813735 ], [ 20651.55, 5938600.275000000372529 ], [ 20651.625, 5938600.275000000372529 ], [ 20651.625, 5938600.200000000186265 ], [ 20651.7, 5938600.200000000186265 ], [ 20651.7, 5938600.049999999813735 ], [ 20651.775000000001455, 5938600.049999999813735 ], [ 20651.775000000001455, 5938599.900000000372529 ], [ 20651.849999999998545, 5938599.900000000372529 ], [ 20651.849999999998545, 5938599.75 ], [ 20651.925, 5938599.75 ], [ 20651.925, 5938599.674999999813735 ], [ 20652.0, 5938599.674999999813735 ], [ 20652.0, 5938599.525000000372529 ], [ 20652.075, 5938599.525000000372529 ], [ 20652.075, 5938599.450000000186265 ], [ 20652.150000000001455, 5938599.450000000186265 ], [ 20652.150000000001455, 5938599.375 ], [ 20652.224999999998545, 5938599.375 ], [ 20652.224999999998545, 5938599.224999999627471 ], [ 20652.3, 5938599.224999999627471 ], [ 20652.3, 5938599.150000000372529 ], [ 20652.375, 5938599.150000000372529 ], [ 20652.375, 5938599.075000000186265 ], [ 20652.45, 5938599.075000000186265 ], [ 20652.45, 5938599.0 ], [ 20652.525000000001455, 5938599.0 ], [ 20652.525000000001455, 5938598.924999999813735 ], [ 20652.675, 5938598.924999999813735 ], [ 20652.675, 5938598.849999999627471 ], [ 20652.75, 5938598.849999999627471 ], [ 20652.75, 5938598.775000000372529 ], [ 20652.900000000001455, 5938598.775000000372529 ], [ 20652.900000000001455, 5938598.700000000186265 ], [ 20652.974999999998545, 5938598.700000000186265 ], [ 20652.974999999998545, 5938598.625 ], [ 20653.125, 5938598.625 ], [ 20653.125, 5938598.549999999813735 ], [ 20653.2, 5938598.549999999813735 ], [ 20653.2, 5938598.474999999627471 ], [ 20653.349999999998545, 5938598.474999999627471 ], [ 20653.349999999998545, 5938598.400000000372529 ], [ 20653.425, 5938598.400000000372529 ], [ 20653.425, 5938598.325000000186265 ], [ 20653.575, 5938598.325000000186265 ], [ 20653.575, 5938598.25 ], [ 20653.650000000001455, 5938598.25 ], [ 20653.650000000001455, 5938598.174999999813735 ], [ 20653.724999999998545, 5938598.174999999813735 ], [ 20653.724999999998545, 5938598.099999999627471 ], [ 20653.875, 5938598.099999999627471 ], [ 20653.875, 5938598.025000000372529 ], [ 20653.95, 5938598.025000000372529 ], [ 20653.95, 5938597.950000000186265 ], [ 20654.099999999998545, 5938597.950000000186265 ], [ 20654.099999999998545, 5938597.875 ], [ 20654.175, 5938597.875 ], [ 20654.175, 5938597.799999999813735 ], [ 20654.25, 5938597.799999999813735 ], [ 20654.25, 5938597.724999999627471 ], [ 20654.400000000001455, 5938597.724999999627471 ], [ 20654.400000000001455, 5938597.650000000372529 ], [ 20654.474999999998545, 5938597.650000000372529 ], [ 20654.474999999998545, 5938597.575000000186265 ], [ 20654.55, 5938597.575000000186265 ], [ 20654.55, 5938597.5 ], [ 20654.625, 5938597.5 ], [ 20654.625, 5938597.424999999813735 ], [ 20654.7, 5938597.424999999813735 ], [ 20654.7, 5938597.349999999627471 ], [ 20654.849999999998545, 5938597.349999999627471 ], [ 20654.849999999998545, 5938597.275000000372529 ], [ 20655.075, 5938597.275000000372529 ], [ 20655.075, 5938597.200000000186265 ], [ 20655.3, 5938597.200000000186265 ], [ 20655.3, 5938597.125 ], [ 20655.525000000001455, 5938597.125 ], [ 20655.525000000001455, 5938597.049999999813735 ], [ 20655.75, 5938597.049999999813735 ], [ 20655.75, 5938596.974999999627471 ], [ 20656.05, 5938596.974999999627471 ], [ 20656.05, 5938596.900000000372529 ], [ 20656.425, 5938596.900000000372529 ], [ 20656.425, 5938596.825000000186265 ], [ 20656.8, 5938596.825000000186265 ], [ 20656.8, 5938596.900000000372529 ], [ 20657.025000000001455, 5938596.900000000372529 ], [ 20657.025000000001455, 5938596.974999999627471 ], [ 20657.325, 5938596.974999999627471 ], [ 20657.325, 5938597.049999999813735 ], [ 20657.55, 5938597.049999999813735 ], [ 20657.55, 5938597.125 ], [ 20657.775000000001455, 5938597.125 ], [ 20657.775000000001455, 5938597.200000000186265 ], [ 20658.0, 5938597.200000000186265 ], [ 20658.0, 5938597.275000000372529 ], [ 20658.150000000001455, 5938597.275000000372529 ], [ 20658.150000000001455, 5938597.349999999627471 ], [ 20658.375, 5938597.349999999627471 ], [ 20658.375, 5938597.424999999813735 ], [ 20658.525000000001455, 5938597.424999999813735 ], [ 20658.525000000001455, 5938597.5 ], [ 20658.75, 5938597.5 ], [ 20658.75, 5938597.575000000186265 ], [ 20658.900000000001455, 5938597.575000000186265 ], [ 20658.900000000001455, 5938597.650000000372529 ], [ 20659.05, 5938597.650000000372529 ], [ 20659.05, 5938597.724999999627471 ], [ 20659.2, 5938597.724999999627471 ], [ 20659.2, 5938597.799999999813735 ], [ 20659.425, 5938597.799999999813735 ], [ 20659.425, 5938597.875 ], [ 20659.575, 5938597.875 ], [ 20659.575, 5938597.950000000186265 ], [ 20659.8, 5938597.950000000186265 ], [ 20659.8, 5938598.025000000372529 ], [ 20659.95, 5938598.025000000372529 ], [ 20659.95, 5938598.099999999627471 ], [ 20660.175, 5938598.099999999627471 ], [ 20660.175, 5938598.174999999813735 ], [ 20660.400000000001455, 5938598.174999999813735 ], [ 20660.400000000001455, 5938598.25 ], [ 20660.625, 5938598.25 ], [ 20660.625, 5938598.325000000186265 ], [ 20660.849999999998545, 5938598.325000000186265 ], [ 20660.849999999998545, 5938598.400000000372529 ], [ 20661.075, 5938598.400000000372529 ], [ 20661.075, 5938598.474999999627471 ], [ 20661.3, 5938598.474999999627471 ], [ 20661.3, 5938598.549999999813735 ], [ 20661.525000000001455, 5938598.549999999813735 ], [ 20661.525000000001455, 5938598.625 ], [ 20661.75, 5938598.625 ], [ 20661.75, 5938598.700000000186265 ], [ 20661.974999999998545, 5938598.700000000186265 ], [ 20661.974999999998545, 5938598.775000000372529 ], [ 20662.2, 5938598.775000000372529 ], [ 20662.2, 5938598.849999999627471 ], [ 20662.425, 5938598.849999999627471 ], [ 20662.425, 5938598.924999999813735 ], [ 20662.575, 5938598.924999999813735 ], [ 20662.575, 5938599.0 ], [ 20662.724999999998545, 5938599.0 ], [ 20662.724999999998545, 5938599.075000000186265 ], [ 20662.875, 5938599.075000000186265 ], [ 20662.875, 5938599.150000000372529 ], [ 20663.025000000001455, 5938599.150000000372529 ], [ 20663.025000000001455, 5938599.224999999627471 ], [ 20663.175, 5938599.224999999627471 ], [ 20663.175, 5938599.299999999813735 ], [ 20663.325, 5938599.299999999813735 ], [ 20663.325, 5938599.375 ], [ 20663.474999999998545, 5938599.375 ], [ 20663.474999999998545, 5938599.450000000186265 ], [ 20663.55, 5938599.450000000186265 ], [ 20663.55, 5938599.525000000372529 ], [ 20663.625, 5938599.525000000372529 ], [ 20663.625, 5938599.599999999627471 ], [ 20663.7, 5938599.599999999627471 ], [ 20663.7, 5938599.674999999813735 ], [ 20663.775000000001455, 5938599.674999999813735 ], [ 20663.775000000001455, 5938599.75 ], [ 20663.849999999998545, 5938599.75 ], [ 20663.849999999998545, 5938599.825000000186265 ], [ 20663.925, 5938599.825000000186265 ], [ 20663.925, 5938599.974999999627471 ], [ 20664.0, 5938599.974999999627471 ], [ 20664.0, 5938600.049999999813735 ], [ 20664.075, 5938600.049999999813735 ], [ 20664.075, 5938600.125 ], [ 20664.150000000001455, 5938600.125 ], [ 20664.150000000001455, 5938600.275000000372529 ], [ 20664.224999999998545, 5938600.275000000372529 ], [ 20664.224999999998545, 5938600.349999999627471 ], [ 20664.3, 5938600.349999999627471 ], [ 20664.3, 5938600.424999999813735 ], [ 20664.375, 5938600.424999999813735 ], [ 20664.375, 5938600.5 ], [ 20664.45, 5938600.5 ], [ 20664.45, 5938600.650000000372529 ], [ 20664.525000000001455, 5938600.650000000372529 ], [ 20664.525000000001455, 5938600.799999999813735 ], [ 20664.599999999998545, 5938600.799999999813735 ], [ 20664.599999999998545, 5938601.025000000372529 ], [ 20664.675, 5938601.025000000372529 ], [ 20664.675, 5938601.174999999813735 ], [ 20664.75, 5938601.174999999813735 ], [ 20664.75, 5938601.400000000372529 ], [ 20664.825, 5938601.400000000372529 ], [ 20664.825, 5938601.625 ], [ 20664.900000000001455, 5938601.625 ], [ 20664.900000000001455, 5938601.849999999627471 ], [ 20664.974999999998545, 5938601.849999999627471 ], [ 20664.974999999998545, 5938602.075000000186265 ], [ 20665.05, 5938602.075000000186265 ], [ 20665.05, 5938602.375 ], [ 20665.125, 5938602.375 ], [ 20665.125, 5938602.674999999813735 ], [ 20665.2, 5938602.674999999813735 ], [ 20665.2, 5938602.900000000372529 ], [ 20665.275000000001455, 5938602.900000000372529 ], [ 20665.275000000001455, 5938603.200000000186265 ], [ 20665.349999999998545, 5938603.200000000186265 ], [ 20665.349999999998545, 5938603.575000000186265 ], [ 20665.425, 5938603.575000000186265 ], [ 20665.425, 5938603.875 ], [ 20665.5, 5938603.875 ], [ 20665.5, 5938604.25 ], [ 20665.575, 5938604.25 ], [ 20665.575, 5938604.625 ], [ 20665.650000000001455, 5938604.625 ], [ 20665.650000000001455, 5938605.0 ], [ 20665.724999999998545, 5938605.0 ], [ 20665.724999999998545, 5938605.525000000372529 ], [ 20665.650000000001455, 5938605.525000000372529 ], [ 20665.650000000001455, 5938605.974999999627471 ], [ 20665.575, 5938605.974999999627471 ], [ 20665.575, 5938606.349999999627471 ], [ 20665.5, 5938606.349999999627471 ], [ 20665.5, 5938606.799999999813735 ], [ 20665.425, 5938606.799999999813735 ], [ 20665.425, 5938607.25 ], [ 20665.349999999998545, 5938607.25 ], [ 20665.349999999998545, 5938607.474999999627471 ], [ 20665.275000000001455, 5938607.474999999627471 ], [ 20665.275000000001455, 5938607.625 ], [ 20665.2, 5938607.625 ], [ 20665.2, 5938607.849999999627471 ], [ 20665.125, 5938607.849999999627471 ], [ 20665.125, 5938607.924999999813735 ], [ 20665.05, 5938607.924999999813735 ], [ 20665.05, 5938608.075000000186265 ], [ 20664.974999999998545, 5938608.075000000186265 ], [ 20664.974999999998545, 5938608.224999999627471 ], [ 20664.900000000001455, 5938608.224999999627471 ], [ 20664.900000000001455, 5938608.299999999813735 ], [ 20664.825, 5938608.299999999813735 ], [ 20664.825, 5938608.375 ], [ 20664.75, 5938608.375 ], [ 20664.75, 5938608.525000000372529 ], [ 20664.675, 5938608.525000000372529 ], [ 20664.675, 5938608.599999999627471 ], [ 20664.599999999998545, 5938608.599999999627471 ], [ 20664.599999999998545, 5938608.674999999813735 ], [ 20664.45, 5938608.674999999813735 ], [ 20664.45, 5938608.75 ], [ 20664.375, 5938608.75 ], [ 20664.375, 5938608.900000000372529 ], [ 20664.3, 5938608.900000000372529 ], [ 20664.3, 5938608.974999999627471 ], [ 20664.224999999998545, 5938608.974999999627471 ], [ 20664.224999999998545, 5938609.049999999813735 ], [ 20664.150000000001455, 5938609.049999999813735 ], [ 20664.150000000001455, 5938609.200000000186265 ], [ 20664.075, 5938609.200000000186265 ], [ 20664.075, 5938609.349999999627471 ], [ 20664.0, 5938609.349999999627471 ], [ 20664.0, 5938609.5 ], [ 20663.925, 5938609.5 ], [ 20663.925, 5938609.650000000372529 ], [ 20663.849999999998545, 5938609.650000000372529 ], [ 20663.849999999998545, 5938609.799999999813735 ], [ 20663.775000000001455, 5938609.799999999813735 ], [ 20663.775000000001455, 5938609.875 ], [ 20663.7, 5938609.875 ], [ 20663.7, 5938610.025000000372529 ], [ 20663.625, 5938610.025000000372529 ], [ 20663.625, 5938610.099999999627471 ], [ 20663.55, 5938610.099999999627471 ], [ 20663.55, 5938610.174999999813735 ], [ 20663.474999999998545, 5938610.174999999813735 ], [ 20663.474999999998545, 5938610.25 ], [ 20663.400000000001455, 5938610.25 ], [ 20663.400000000001455, 5938610.325000000186265 ], [ 20663.325, 5938610.325000000186265 ], [ 20663.325, 5938610.400000000372529 ], [ 20663.25, 5938610.400000000372529 ], [ 20663.25, 5938610.474999999627471 ], [ 20663.175, 5938610.474999999627471 ], [ 20663.175, 5938610.549999999813735 ], [ 20663.099999999998545, 5938610.549999999813735 ], [ 20663.099999999998545, 5938610.625 ], [ 20662.95, 5938610.625 ], [ 20662.95, 5938610.700000000186265 ], [ 20662.875, 5938610.700000000186265 ], [ 20662.875, 5938610.775000000372529 ], [ 20662.724999999998545, 5938610.775000000372529 ], [ 20662.724999999998545, 5938610.849999999627471 ], [ 20662.575, 5938610.849999999627471 ], [ 20662.575, 5938610.924999999813735 ], [ 20662.425, 5938610.924999999813735 ], [ 20662.425, 5938611.0 ], [ 20662.2, 5938611.0 ], [ 20662.2, 5938611.075000000186265 ], [ 20661.974999999998545, 5938611.075000000186265 ], [ 20661.974999999998545, 5938611.150000000372529 ], [ 20661.75, 5938611.150000000372529 ], [ 20661.75, 5938611.224999999627471 ], [ 20661.599999999998545, 5938611.224999999627471 ], [ 20661.599999999998545, 5938611.299999999813735 ], [ 20661.375, 5938611.299999999813735 ], [ 20661.375, 5938611.375 ], [ 20661.224999999998545, 5938611.375 ], [ 20661.224999999998545, 5938611.450000000186265 ], [ 20661.0, 5938611.450000000186265 ], [ 20661.0, 5938611.525000000372529 ], [ 20660.775000000001455, 5938611.525000000372529 ], [ 20660.775000000001455, 5938611.599999999627471 ], [ 20660.55, 5938611.599999999627471 ], [ 20660.55, 5938611.674999999813735 ], [ 20660.325, 5938611.674999999813735 ], [ 20660.325, 5938611.75 ], [ 20660.025000000001455, 5938611.75 ], [ 20660.025000000001455, 5938611.825000000186265 ], [ 20659.724999999998545, 5938611.825000000186265 ], [ 20659.724999999998545, 5938611.900000000372529 ], [ 20659.349999999998545, 5938611.900000000372529 ], [ 20659.349999999998545, 5938611.974999999627471 ], [ 20658.974999999998545, 5938611.974999999627471 ], [ 20658.974999999998545, 5938612.049999999813735 ], [ 20658.525000000001455, 5938612.049999999813735 ], [ 20658.525000000001455, 5938612.125 ], [ 20658.0, 5938612.125 ], [ 20658.0, 5938612.200000000186265 ], [ 20657.474999999998545, 5938612.200000000186265 ], [ 20657.474999999998545, 5938612.275000000372529 ], [ 20656.8, 5938612.275000000372529 ], [ 20656.8, 5938612.349999999627471 ], [ 20656.425, 5938612.349999999627471 ] ] ] } },
{ "type": "Feature", "properties": { "value": 1.0, "building_id": 5, "area": 443.76749999975874 }, "geometry": { "type": "Polygon", "coordinates": [ [ [ 20662.425, 5938582.125 ], [ 20662.425, 5938582.049999999813735 ], [ 20662.275000000001455, 5938582.049999999813735 ], [ 20662.275000000001455, 5938581.974999999627471 ], [ 20662.125, 5938581.974999999627471 ], [ 20662.125, 5938581.900000000372529 ], [ 20661.974999999998545, 5938581.900000000372529 ], [ 20661.974999999998545, 5938581.825000000186265 ], [ 20661.825, 5938581.825000000186265 ], [ 20661.825, 5938581.75 ], [ 20661.599999999998545, 5938581.75 ], [ 20661.599999999998545, 5938581.674999999813735 ], [ 20661.375, 5938581.674999999813735 ], [ 20661.375, 5938581.599999999627471 ], [ 20661.150000000001455, 5938581.599999999627471 ], [ 20661.150000000001455, 5938581.525000000372529 ], [ 20660.925, 5938581.525000000372529 ], [ 20660.925, 5938581.450000000186265 ], [ 20660.7, 5938581.450000000186265 ], [ 20660.7, 5938581.375 ], [ 20660.325, 5938581.375 ], [ 20660.325, 5938581.299999999813735 ], [ 20659.875, 5938581.299999999813735 ], [ 20659.875, 5938581.224999999627471 ], [ 20659.425, 5938581.224999999627471 ], [ 20659.425, 5938581.150000000372529 ], [ 20658.825, 5938581.150000000372529 ], [ 20658.825, 5938581.075000000186265 ], [ 20658.150000000001455, 5938581.075000000186265 ], [ 20658.150000000001455, 5938581.0 ], [ 20657.175, 5938581.0 ], [ 20657.175, 5938580.924999999813735 ], [ 20656.5, 5938580.924999999813735 ], [ 20656.5, 5938580.849999999627471 ], [ 20656.125, 5938580.849999999627471 ], [ 20656.125, 5938580.775000000372529 ], [ 20655.825, 5938580.775000000372529 ], [ 20655.825, 5938580.700000000186265 ], [ 20655.45, 5938580.700000000186265 ], [ 20655.45, 5938580.625 ], [ 20655.150000000001455, 5938580.625 ], [ 20655.150000000001455, 5938580.549999999813735 ], [ 20654.925, 5938580.549999999813735 ], [ 20654.925, 5938580.474999999627471 ], [ 20654.625, 5938580.474999999627471 ], [ 20654.625, 5938580.400000000372529 ], [ 20654.55, 5938580.400000000372529 ], [ 20654.55, 5938580.325000000186265 ], [ 20654.400000000001455, 5938580.325000000186265 ], [ 20654.400000000001455, 5938580.25 ], [ 20654.325, 5938580.25 ], [ 20654.325, 5938580.174999999813735 ], [ 20654.175, 5938580.174999999813735 ], [ 20654.175, 5938580.099999999627471 ], [ 20654.099999999998545, 5938580.099999999627471 ], [ 20654.099999999998545, 5938580.025000000372529 ], [ 20654.025000000001455, 5938580.025000000372529 ], [ 20654.025000000001455, 5938579.950000000186265 ], [ 20653.95, 5938579.950000000186265 ], [ 20653.95, 5938579.875 ], [ 20653.875, 5938579.875 ], [ 20653.875, 5938579.799999999813735 ], [ 20653.724999999998545, 5938579.799999999813735 ], [ 20653.724999999998545, 5938579.724999999627471 ], [ 20653.650000000001455, 5938579.724999999627471 ], [ 20653.650000000001455, 5938579.650000000372529 ], [ 20653.575, 5938579.650000000372529 ], [ 20653.575, 5938579.575000000186265 ], [ 20653.425, 5938579.575000000186265 ], [ 20653.425, 5938579.5 ], [ 20653.349999999998545, 5938579.5 ], [ 20653.349999999998545, 5938579.424999999813735 ], [ 20653.2, 5938579.424999999813735 ], [ 20653.2, 5938579.349999999627471 ], [ 20653.05, 5938579.349999999627471 ], [ 20653.05, 5938579.275000000372529 ], [ 20652.900000000001455, 5938579.275000000372529 ], [ 20652.900000000001455, 5938579.200000000186265 ], [ 20652.75, 5938579.200000000186265 ], [ 20652.75, 5938579.125 ], [ 20652.525000000001455, 5938579.125 ], [ 20652.525000000001455, 5938579.049999999813735 ], [ 20652.3, 5938579.049999999813735 ], [ 20652.3, 5938578.974999999627471 ], [ 20652.075, 5938578.974999999627471 ], [ 20652.075, 5938578.900000000372529 ], [ 20651.925, 5938578.900000000372529 ], [ 20651.925, 5938578.825000000186265 ], [ 20651.7, 5938578.825000000186265 ], [ 20651.7, 5938578.75 ], [ 20651.55, 5938578.75 ], [ 20651.55, 5938578.674999999813735 ], [ 20651.325, 5938578.674999999813735 ], [ 20651.325, 5938578.599999999627471 ], [ 20651.175, 5938578.599999999627471 ], [ 20651.175, 5938578.525000000372529 ], [ 20651.025000000001455, 5938578.525000000372529 ], [ 20651.025000000001455, 5938578.450000000186265 ], [ 20650.875, 5938578.450000000186265 ], [ 20650.875, 5938578.375 ], [ 20650.724999999998545, 5938578.375 ], [ 20650.724999999998545, 5938578.299999999813735 ], [ 20650.650000000001455, 5938578.299999999813735 ], [ 20650.650000000001455, 5938578.224999999627471 ], [ 20650.575, 5938578.224999999627471 ], [ 20650.575, 5938578.150000000372529 ], [ 20650.425, 5938578.150000000372529 ], [ 20650.425, 5938578.075000000186265 ], [ 20650.349999999998545, 5938578.075000000186265 ], [ 20650.349999999998545, 5938578.0 ], [ 20650.275000000001455, 5938578.0 ], [ 20650.275000000001455, 5938577.924999999813735 ], [ 20650.2, 5938577.924999999813735 ], [ 20650.2, 5938577.849999999627471 ], [ 20650.125, 5938577.849999999627471 ], [ 20650.125, 5938577.775000000372529 ], [ 20650.05, 5938577.775000000372529 ], [ 20650.05, 5938577.700000000186265 ], [ 20649.974999999998545, 5938577.700000000186265 ], [ 20649.974999999998545, 5938577.625 ], [ 20649.825, 5938577.625 ], [ 20649.825, 5938577.549999999813735 ], [ 20649.75, 5938577.549999999813735 ], [ 20649.75, 5938577.474999999627471 ], [ 20649.599999999998545, 5938577.474999999627471 ], [ 20649.599999999998545, 5938577.400000000372529 ], [ 20649.525000000001455, 5938577.400000000372529 ], [ 20649.525000000001455, 5938577.325000000186265 ], [ 20649.375, 5938577.325000000186265 ], [ 20649.375, 5938577.25 ], [ 20649.224999999998545, 5938577.25 ], [ 20649.224999999998545, 5938577.174999999813735 ], [ 20649.075, 5938577.174999999813735 ], [ 20649.075, 5938577.099999999627471 ], [ 20648.849999999998545, 5938577.099999999627471 ], [ 20648.849999999998545, 5938577.025000000372529 ], [ 20648.474999999998545, 5938577.025000000372529 ], [ 20648.474999999998545, 5938576.950000000186265 ], [ 20648.025000000001455, 5938576.950000000186265 ], [ 20648.025000000001455, 5938576.875 ], [ 20647.575, 5938576.875 ], [ 20647.575, 5938576.799999999813735 ], [ 20647.125, 5938576.799999999813735 ], [ 20647.125, 5938576.724999999627471 ], [ 20646.375, 5938576.724999999627471 ], [ 20646.375, 5938576.650000000372529 ], [ 20645.099999999998545, 5938576.650000000372529 ], [ 20645.099999999998545, 5938576.575000000186265 ], [ 20644.125, 5938576.575000000186265 ], [ 20644.125, 5938576.5 ], [ 20643.224999999998545, 5938576.5 ], [ 20643.224999999998545, 5938576.424999999813735 ], [ 20642.55, 5938576.424999999813735 ], [ 20642.55, 5938576.349999999627471 ], [ 20642.025000000001455, 5938576.349999999627471 ], [ 20642.025000000001455, 5938576.275000000372529 ], [ 20641.425, 5938576.275000000372529 ], [ 20641.425, 5938576.200000000186265 ], [ 20640.974999999998545, 5938576.200000000186265 ], [ 20640.974999999998545, 5938576.125 ], [ 20640.900000000001455, 5938576.125 ], [ 20640.900000000001455, 5938576.049999999813735 ], [ 20640.825, 5938576.049999999813735 ], [ 20640.825, 5938575.974999999627471 ], [ 20640.75, 5938575.974999999627471 ], [ 20640.75, 5938575.900000000372529 ], [ 20640.675, 5938575.900000000372529 ], [ 20640.675, 5938575.825000000186265 ], [ 20640.599999999998545, 5938575.825000000186265 ], [ 20640.599999999998545, 5938575.75 ], [ 20640.525000000001455, 5938575.75 ], [ 20640.525000000001455, 5938575.674999999813735 ], [ 20640.45, 5938575.674999999813735 ], [ 20640.45, 5938575.599999999627471 ], [ 20640.375, 5938575.599999999627471 ], [ 20640.375, 5938575.525000000372529 ], [ 20640.3, 5938575.525000000372529 ], [ 20640.3, 5938575.450000000186265 ], [ 20640.150000000001455, 5938575.450000000186265 ], [ 20640.150000000001455, 5938575.375 ], [ 20640.075, 5938575.375 ], [ 20640.075, 5938575.299999999813735 ], [ 20640.0, 5938575.299999999813735 ], [ 20640.0, 5938575.224999999627471 ], [ 20639.849999999998545, 5938575.224999999627471 ], [ 20639.849999999998545, 5938575.150000000372529 ], [ 20639.775000000001455, 5938575.150000000372529 ], [ 20639.775000000001455, 5938575.075000000186265 ], [ 20639.625, 5938575.075000000186265 ], [ 20639.625, 5938575.0 ], [ 20639.55, 5938575.0 ], [ 20639.55, 5938574.924999999813735 ], [ 20639.400000000001455, 5938574.924999999813735 ], [ 20639.400000000001455, 5938574.849999999627471 ], [ 20639.25, 5938574.849999999627471 ], [ 20639.25, 5938574.775000000372529 ], [ 20639.099999999998545, 5938574.775000000372529 ], [ 20639.099999999998545, 5938574.700000000186265 ], [ 20639.025000000001455, 5938574.700000000186265 ], [ 20639.025000000001455, 5938574.625 ], [ 20638.95, 5938574.625 ], [ 20638.95, 5938574.549999999813735 ], [ 20638.875, 5938574.549999999813735 ], [ 20638.875, 5938574.474999999627471 ], [ 20638.8, 5938574.474999999627471 ], [ 20638.8, 5938574.400000000372529 ], [ 20638.724999999998545, 5938574.400000000372529 ], [ 20638.724999999998545, 5938574.25 ], [ 20638.650000000001455, 5938574.25 ], [ 20638.650000000001455, 5938574.174999999813735 ], [ 20638.575, 5938574.174999999813735 ], [ 20638.575, 5938573.349999999627471 ], [ 20638.5, 5938573.349999999627471 ], [ 20638.5, 5938572.0 ], [ 20638.425, 5938572.0 ], [ 20638.425, 5938570.125 ], [ 20638.349999999998545, 5938570.125 ], [ 20638.349999999998545, 5938566.299999999813735 ], [ 20638.425, 5938566.299999999813735 ], [ 20638.425, 5938565.625 ], [ 20638.5, 5938565.625 ], [ 20638.5, 5938565.025000000372529 ], [ 20638.575, 5938565.025000000372529 ], [ 20638.575, 5938564.5 ], [ 20638.650000000001455, 5938564.5 ], [ 20638.650000000001455, 5938564.125 ], [ 20638.724999999998545, 5938564.125 ], [ 20638.724999999998545, 5938563.900000000372529 ], [ 20638.8, 5938563.900000000372529 ], [ 20638.8, 5938563.674999999813735 ], [ 20638.875, 5938563.674999999813735 ], [ 20638.875, 5938563.525000000372529 ], [ 20638.95, 5938563.525000000372529 ], [ 20638.95, 5938563.299999999813735 ], [ 20639.025000000001455, 5938563.299999999813735 ], [ 20639.025000000001455, 5938563.150000000372529 ], [ 20639.099999999998545, 5938563.150000000372529 ], [ 20639.099999999998545, 5938563.075000000186265 ], [ 20639.175, 5938563.075000000186265 ], [ 20639.175, 5938562.924999999813735 ], [ 20639.25, 5938562.924999999813735 ], [ 20639.25, 5938562.849999999627471 ], [ 20639.325, 5938562.849999999627471 ], [ 20639.325, 5938562.700000000186265 ], [ 20639.400000000001455, 5938562.700000000186265 ], [ 20639.400000000001455, 5938562.549999999813735 ], [ 20639.474999999998545, 5938562.549999999813735 ], [ 20639.474999999998545, 5938562.400000000372529 ], [ 20639.55, 5938562.400000000372529 ], [ 20639.55, 5938562.325000000186265 ], [ 20639.625, 5938562.325000000186265 ], [ 20639.625, 5938562.174999999813735 ], [ 20639.7, 5938562.174999999813735 ], [ 20639.7, 5938562.025000000372529 ], [ 20639.775000000001455, 5938562.025000000372529 ], [ 20639.775000000001455, 5938561.950000000186265 ], [ 20639.849999999998545, 5938561.950000000186265 ], [ 20639.849999999998545, 5938561.799999999813735 ], [ 20639.925, 5938561.799999999813735 ], [ 20639.925, 5938561.650000000372529 ], [ 20640.0, 5938561.650000000372529 ], [ 20640.0, 5938561.5 ], [ 20640.075, 5938561.5 ], [ 20640.075, 5938561.349999999627471 ], [ 20640.150000000001455, 5938561.349999999627471 ], [ 20640.150000000001455, 5938561.200000000186265 ], [ 20640.224999999998545, 5938561.200000000186265 ], [ 20640.224999999998545, 5938561.049999999813735 ], [ 20640.3, 5938561.049999999813735 ], [ 20640.3, 5938560.900000000372529 ], [ 20640.375, 5938560.900000000372529 ], [ 20640.375, 5938560.75 ], [ 20640.45, 5938560.75 ], [ 20640.45, 5938560.599999999627471 ], [ 20640.525000000001455, 5938560.599999999627471 ], [ 20640.525000000001455, 5938560.450000000186265 ], [ 20640.599999999998545, 5938560.450000000186265 ], [ 20640.599999999998545, 5938560.299999999813735 ], [ 20640.675, 5938560.299999999813735 ], [ 20640.675, 5938560.224999999627471 ], [ 20640.75, 5938560.224999999627471 ], [ 20640.75, 5938560.150000000372529 ], [ 20640.825, 5938560.150000000372529 ], [ 20640.825, 5938560.075000000186265 ], [ 20640.900000000001455, 5938560.075000000186265 ], [ 20640.900000000001455, 5938560.0 ], [ 20640.974999999998545, 5938560.0 ], [ 20640.974999999998545, 5938559.924999999813735 ], [ 20642.099999999998545, 5938559.924999999813735 ], [ 20642.099999999998545, 5938559.849999999627471 ], [ 20643.599999999998545, 5938559.849999999627471 ], [ 20643.599999999998545, 5938559.775000000372529 ], [ 20645.474999999998545, 5938559.775000000372529 ], [ 20645.474999999998545, 5938559.700000000186265 ], [ 20647.125, 5938559.700000000186265 ], [ 20647.125, 5938559.775000000372529 ], [ 20647.575, 5938559.775000000372529 ], [ 20647.575, 5938559.849999999627471 ], [ 20647.95, 5938559.849999999627471 ], [ 20647.95, 5938559.924999999813735 ], [ 20648.325, 5938559.924999999813735 ], [ 20648.325, 5938560.0 ], [ 20648.625, 5938560.0 ], [ 20648.625, 5938560.075000000186265 ], [ 20648.849999999998545, 5938560.075000000186265 ], [ 20648.849999999998545, 5938560.150000000372529 ], [ 20649.0, 5938560.150000000372529 ], [ 20649.0, 5938560.224999999627471 ], [ 20649.075, 5938560.224999999627471 ], [ 20649.075, 5938560.299999999813735 ], [ 20649.150000000001455, 5938560.299999999813735 ], [ 20649.150000000001455, 5938560.375 ], [ 20649.224999999998545, 5938560.375 ], [ 20649.224999999998545, 5938560.450000000186265 ], [ 20649.3, 5938560.450000000186265 ], [ 20649.3, 5938560.525000000372529 ], [ 20649.375, 5938560.525000000372529 ], [ 20649.375, 5938560.599999999627471 ], [ 20649.525000000001455, 5938560.599999999627471 ], [ 20649.525000000001455, 5938560.674999999813735 ], [ 20649.599999999998545, 5938560.674999999813735 ], [ 20649.599999999998545, 5938560.75 ], [ 20649.675, 5938560.75 ], [ 20649.675, 5938560.825000000186265 ], [ 20649.75, 5938560.825000000186265 ], [ 20649.75, 5938560.900000000372529 ], [ 20649.900000000001455, 5938560.900000000372529 ], [ 20649.900000000001455, 5938560.974999999627471 ], [ 20650.05, 5938560.974999999627471 ], [ 20650.05, 5938561.049999999813735 ], [ 20650.125, 5938561.049999999813735 ], [ 20650.125, 5938561.125 ], [ 20650.275000000001455, 5938561.125 ], [ 20650.275000000001455, 5938561.200000000186265 ], [ 20650.425, 5938561.200000000186265 ], [ 20650.425, 5938561.275000000372529 ], [ 20650.650000000001455, 5938561.275000000372529 ], [ 20650.650000000001455, 5938561.349999999627471 ], [ 20650.8, 5938561.349999999627471 ], [ 20650.8, 5938561.424999999813735 ], [ 20651.025000000001455, 5938561.424999999813735 ], [ 20651.025000000001455, 5938561.5 ], [ 20651.175, 5938561.5 ], [ 20651.175, 5938561.575000000186265 ], [ 20651.325, 5938561.575000000186265 ], [ 20651.325, 5938561.650000000372529 ], [ 20651.474999999998545, 5938561.650000000372529 ], [ 20651.474999999998545, 5938561.724999999627471 ], [ 20651.55, 5938561.724999999627471 ], [ 20651.55, 5938561.799999999813735 ], [ 20651.7, 5938561.799999999813735 ], [ 20651.7, 5938561.875 ], [ 20651.775000000001455, 5938561.875 ], [ 20651.775000000001455, 5938561.950000000186265 ], [ 20651.925, 5938561.950000000186265 ], [ 20651.925, 5938562.025000000372529 ], [ 20652.0, 5938562.025000000372529 ], [ 20652.0, 5938562.099999999627471 ], [ 20652.075, 5938562.099999999627471 ], [ 20652.075, 5938562.174999999813735 ], [ 20652.224999999998545, 5938562.174999999813735 ], [ 20652.224999999998545, 5938562.25 ], [ 20652.3, 5938562.25 ], [ 20652.3, 5938562.325000000186265 ], [ 20652.375, 5938562.325000000186265 ], [ 20652.375, 5938562.400000000372529 ], [ 20652.45, 5938562.400000000372529 ], [ 20652.45, 5938562.474999999627471 ], [ 20652.525000000001455, 5938562.474999999627471 ], [ 20652.525000000001455, 5938562.549999999813735 ], [ 20652.599999999998545, 5938562.549999999813735 ], [ 20652.599999999998545, 5938562.625 ], [ 20652.675, 5938562.625 ], [ 20652.675, 5938562.700000000186265 ], [ 20652.75, 5938562.700000000186265 ], [ 20652.75, 5938562.775000000372529 ], [ 20652.825, 5938562.775000000372529 ], [ 20652.825, 5938562.849999999627471 ], [ 20652.974999999998545, 5938562.849999999627471 ], [ 20652.974999999998545, 5938562.924999999813735 ], [ 20653.05, 5938562.924999999813735 ], [ 20653.05, 5938563.0 ], [ 20653.125, 5938563.0 ], [ 20653.125, 5938563.075000000186265 ], [ 20653.2, 5938563.075000000186265 ], [ 20653.2, 5938563.150000000372529 ], [ 20653.275000000001455, 5938563.150000000372529 ], [ 20653.275000000001455, 5938563.224999999627471 ], [ 20653.349999999998545, 5938563.224999999627471 ], [ 20653.349999999998545, 5938563.299999999813735 ], [ 20653.425, 5938563.299999999813735 ], [ 20653.425, 5938563.375 ], [ 20653.575, 5938563.375 ], [ 20653.575, 5938563.450000000186265 ], [ 20653.650000000001455, 5938563.450000000186265 ], [ 20653.650000000001455, 5938563.525000000372529 ], [ 20653.724999999998545, 5938563.525000000372529 ], [ 20653.724999999998545, 5938563.599999999627471 ], [ 20653.8, 5938563.599999999627471 ], [ 20653.8, 5938563.674999999813735 ], [ 20653.875, 5938563.674999999813735 ], [ 20653.875, 5938563.75 ], [ 20653.95, 5938563.75 ], [ 20653.95, 5938563.825000000186265 ], [ 20654.025000000001455, 5938563.825000000186265 ], [ 20654.025000000001455, 5938563.900000000372529 ], [ 20654.099999999998545, 5938563.900000000372529 ], [ 20654.099999999998545, 5938563.974999999627471 ], [ 20654.175, 5938563.974999999627471 ], [ 20654.175, 5938564.049999999813735 ], [ 20654.25, 5938564.049999999813735 ], [ 20654.25, 5938564.200000000186265 ], [ 20654.325, 5938564.200000000186265 ], [ 20654.325, 5938564.275000000372529 ], [ 20654.400000000001455, 5938564.275000000372529 ], [ 20654.400000000001455, 5938564.349999999627471 ], [ 20654.474999999998545, 5938564.349999999627471 ], [ 20654.474999999998545, 5938564.424999999813735 ], [ 20654.55, 5938564.424999999813735 ], [ 20654.55, 5938564.5 ], [ 20654.625, 5938564.5 ], [ 20654.625, 5938564.575000000186265 ], [ 20654.7, 5938564.575000000186265 ], [ 20654.7, 5938564.650000000372529 ], [ 20654.775000000001455, 5938564.650000000372529 ], [ 20654.775000000001455, 5938564.724999999627471 ], [ 20654.849999999998545, 5938564.724999999627471 ], [ 20654.849999999998545, 5938564.799999999813735 ], [ 20654.925, 5938564.799999999813735 ], [ 20654.925, 5938564.875 ], [ 20655.0, 5938564.875 ], [ 20655.0, 5938564.950000000186265 ], [ 20655.075, 5938564.950000000186265 ], [ 20655.075, 5938565.025000000372529 ], [ 20655.150000000001455, 5938565.025000000372529 ], [ 20655.150000000001455, 5938565.099999999627471 ], [ 20655.3, 5938565.099999999627471 ], [ 20655.3, 5938565.174999999813735 ], [ 20655.375, 5938565.174999999813735 ], [ 20655.375, 5938565.25 ], [ 20655.45, 5938565.25 ], [ 20655.45, 5938565.325000000186265 ], [ 20655.525000000001455, 5938565.325000000186265 ], [ 20655.525000000001455, 5938565.400000000372529 ], [ 20655.675, 5938565.400000000372529 ], [ 20655.675, 5938565.474999999627471 ], [ 20655.75, 5938565.474999999627471 ], [ 20655.75, 5938565.549999999813735 ], [ 20655.825, 5938565.549999999813735 ], [ 20655.825, 5938565.625 ], [ 20655.900000000001455, 5938565.625 ], [ 20655.900000000001455, 5938565.700000000186265 ], [ 20656.05, 5938565.700000000186265 ], [ 20656.05, 5938565.775000000372529 ], [ 20656.125, 5938565.775000000372529 ], [ 20656.125, 5938565.849999999627471 ], [ 20656.2, 5938565.849999999627471 ], [ 20656.2, 5938565.924999999813735 ], [ 20656.349999999998545, 5938565.924999999813735 ], [ 20656.349999999998545, 5938566.0 ], [ 20656.425, 5938566.0 ], [ 20656.425, 5938566.075000000186265 ], [ 20656.575, 5938566.075000000186265 ], [ 20656.575, 5938566.150000000372529 ], [ 20656.650000000001455, 5938566.150000000372529 ], [ 20656.650000000001455, 5938566.224999999627471 ], [ 20656.8, 5938566.224999999627471 ], [ 20656.8, 5938566.299999999813735 ], [ 20656.95, 5938566.299999999813735 ], [ 20656.95, 5938566.375 ], [ 20657.025000000001455, 5938566.375 ], [ 20657.025000000001455, 5938566.450000000186265 ], [ 20657.175, 5938566.450000000186265 ], [ 20657.175, 5938566.525000000372529 ], [ 20657.325, 5938566.525000000372529 ], [ 20657.325, 5938566.599999999627471 ], [ 20657.474999999998545, 5938566.599999999627471 ], [ 20657.474999999998545, 5938566.674999999813735 ], [ 20657.625, 5938566.674999999813735 ], [ 20657.625, 5938566.75 ], [ 20657.775000000001455, 5938566.75 ], [ 20657.775000000001455, 5938566.825000000186265 ], [ 20657.925, 5938566.825000000186265 ], [ 20657.925, 5938566.900000000372529 ], [ 20658.075, 5938566.900000000372529 ], [ 20658.075, 5938566.974999999627471 ], [ 20658.3, 5938566.974999999627471 ], [ 20658.3, 5938567.049999999813735 ], [ 20658.525000000001455, 5938567.049999999813735 ], [ 20658.525000000001455, 5938567.125 ], [ 20658.825, 5938567.125 ], [ 20658.825, 5938567.200000000186265 ], [ 20659.125, 5938567.200000000186265 ], [ 20659.125, 5938567.275000000372529 ], [ 20659.5, 5938567.275000000372529 ], [ 20659.5, 5938567.349999999627471 ], [ 20659.8, 5938567.349999999627471 ], [ 20659.8, 5938567.424999999813735 ], [ 20660.25, 5938567.424999999813735 ], [ 20660.25, 5938567.5 ], [ 20660.7, 5938567.5 ], [ 20660.7, 5938567.575000000186265 ], [ 20661.150000000001455, 5938567.575000000186265 ], [ 20661.150000000001455, 5938567.650000000372529 ], [ 20661.675, 5938567.650000000372529 ], [ 20661.675, 5938567.724999999627471 ], [ 20662.2, 5938567.724999999627471 ], [ 20662.2, 5938567.799999999813735 ], [ 20662.5, 5938567.799999999813735 ], [ 20662.5, 5938567.875 ], [ 20662.650000000001455, 5938567.875 ], [ 20662.650000000001455, 5938567.950000000186265 ], [ 20662.8, 5938567.950000000186265 ], [ 20662.8, 5938568.025000000372529 ], [ 20662.875, 5938568.025000000372529 ], [ 20662.875, 5938568.099999999627471 ], [ 20662.95, 5938568.099999999627471 ], [ 20662.95, 5938568.174999999813735 ], [ 20663.025000000001455, 5938568.174999999813735 ], [ 20663.025000000001455, 5938568.25 ], [ 20663.099999999998545, 5938568.25 ], [ 20663.099999999998545, 5938568.325000000186265 ], [ 20663.175, 5938568.325000000186265 ], [ 20663.175, 5938568.400000000372529 ], [ 20663.25, 5938568.400000000372529 ], [ 20663.25, 5938568.474999999627471 ], [ 20663.325, 5938568.474999999627471 ], [ 20663.325, 5938568.549999999813735 ], [ 20663.400000000001455, 5938568.549999999813735 ], [ 20663.400000000001455, 5938568.625 ], [ 20663.474999999998545, 5938568.625 ], [ 20663.474999999998545, 5938568.700000000186265 ], [ 20663.55, 5938568.700000000186265 ], [ 20663.55, 5938568.775000000372529 ], [ 20663.625, 5938568.775000000372529 ], [ 20663.625, 5938568.849999999627471 ], [ 20663.775000000001455, 5938568.849999999627471 ], [ 20663.775000000001455, 5938568.924999999813735 ], [ 20663.849999999998545, 5938568.924999999813735 ], [ 20663.849999999998545, 5938569.0 ], [ 20664.0, 5938569.0 ], [ 20664.0, 5938569.075000000186265 ], [ 20664.075, 5938569.075000000186265 ], [ 20664.075, 5938569.150000000372529 ], [ 20664.224999999998545, 5938569.150000000372529 ], [ 20664.224999999998545, 5938569.224999999627471 ], [ 20664.375, 5938569.224999999627471 ], [ 20664.375, 5938569.299999999813735 ], [ 20664.525000000001455, 5938569.299999999813735 ], [ 20664.525000000001455, 5938569.375 ], [ 20664.599999999998545, 5938569.375 ], [ 20664.599999999998545, 5938569.450000000186265 ], [ 20664.675, 5938569.450000000186265 ], [ 20664.675, 5938569.525000000372529 ], [ 20664.825, 5938569.525000000372529 ], [ 20664.825, 5938569.599999999627471 ], [ 20664.900000000001455, 5938569.599999999627471 ], [ 20664.900000000001455, 5938569.674999999813735 ], [ 20664.974999999998545, 5938569.674999999813735 ], [ 20664.974999999998545, 5938569.75 ], [ 20665.05, 5938569.75 ], [ 20665.05, 5938569.825000000186265 ], [ 20665.125, 5938569.825000000186265 ], [ 20665.125, 5938569.900000000372529 ], [ 20665.2, 5938569.900000000372529 ], [ 20665.2, 5938570.049999999813735 ], [ 20665.275000000001455, 5938570.049999999813735 ], [ 20665.275000000001455, 5938570.125 ], [ 20665.349999999998545, 5938570.125 ], [ 20665.349999999998545, 5938570.200000000186265 ], [ 20665.425, 5938570.200000000186265 ], [ 20665.425, 5938570.349999999627471 ], [ 20665.5, 5938570.349999999627471 ], [ 20665.5, 5938570.424999999813735 ], [ 20665.575, 5938570.424999999813735 ], [ 20665.575, 5938570.5 ], [ 20665.650000000001455, 5938570.5 ], [ 20665.650000000001455, 5938570.650000000372529 ], [ 20665.724999999998545, 5938570.650000000372529 ], [ 20665.724999999998545, 5938570.724999999627471 ], [ 20665.8, 5938570.724999999627471 ], [ 20665.8, 5938570.799999999813735 ], [ 20665.875, 5938570.799999999813735 ], [ 20665.875, 5938570.875 ], [ 20665.95, 5938570.875 ], [ 20665.95, 5938570.950000000186265 ], [ 20666.025000000001455, 5938570.950000000186265 ], [ 20666.025000000001455, 5938571.025000000372529 ], [ 20666.175, 5938571.025000000372529 ], [ 20666.175, 5938571.099999999627471 ], [ 20666.25, 5938571.099999999627471 ], [ 20666.25, 5938571.174999999813735 ], [ 20666.400000000001455, 5938571.174999999813735 ], [ 20666.400000000001455, 5938571.25 ], [ 20666.474999999998545, 5938571.25 ], [ 20666.474999999998545, 5938571.325000000186265 ], [ 20666.625, 5938571.325000000186265 ], [ 20666.625, 5938571.400000000372529 ], [ 20666.7, 5938571.400000000372529 ], [ 20666.7, 5938571.474999999627471 ], [ 20666.775000000001455, 5938571.474999999627471 ], [ 20666.775000000001455, 5938571.549999999813735 ], [ 20666.925, 5938571.549999999813735 ], [ 20666.925, 5938571.625 ], [ 20667.0, 5938571.625 ], [ 20667.0, 5938571.700000000186265 ], [ 20667.075, 5938571.700000000186265 ], [ 20667.075, 5938571.775000000372529 ], [ 20667.150000000001455, 5938571.775000000372529 ], [ 20667.150000000001455, 5938571.849999999627471 ], [ 20667.224999999998545, 5938571.849999999627471 ], [ 20667.224999999998545, 5938571.924999999813735 ], [ 20667.3, 5938571.924999999813735 ], [ 20667.3, 5938572.0 ], [ 20667.375, 5938572.0 ], [ 20667.375, 5938572.150000000372529 ], [ 20667.45, 5938572.150000000372529 ], [ 20667.45, 5938572.224999999627471 ], [ 20667.525000000001455, 5938572.224999999627471 ], [ 20667.525000000001455, 5938572.299999999813735 ], [ 20667.599999999998545, 5938572.299999999813735 ], [ 20667.599999999998545, 5938572.375 ], [ 20667.675, 5938572.375 ], [ 20667.675, 5938572.450000000186265 ], [ 20667.75, 5938572.450000000186265 ], [ 20667.75, 5938572.525000000372529 ], [ 20667.825, 5938572.525000000372529 ], [ 20667.825, 5938572.599999999627471 ], [ 20667.900000000001455, 5938572.599999999627471 ], [ 20667.900000000001455, 5938572.674999999813735 ], [ 20667.974999999998545, 5938572.674999999813735 ], [ 20667.974999999998545, 5938572.75 ], [ 20668.125, 5938572.75 ], [ 20668.125, 5938572.825000000186265 ], [ 20668.2, 5938572.825000000186265 ], [ 20668.2, 5938572.900000000372529 ], [ 20668.349999999998545, 5938572.900000000372529 ], [ 20668.349999999998545, 5938572.974999999627471 ], [ 20668.5, 5938572.974999999627471 ], [ 20668.5, 5938573.049999999813735 ], [ 20668.575, 5938573.049999999813735 ], [ 20668.575, 5938573.125 ], [ 20668.724999999998545, 5938573.125 ], [ 20668.724999999998545, 5938573.200000000186265 ], [ 20668.875, 5938573.200000000186265 ], [ 20668.875, 5938573.275000000372529 ], [ 20668.95, 5938573.275000000372529 ], [ 20668.95, 5938573.349999999627471 ], [ 20669.099999999998545, 5938573.349999999627471 ], [ 20669.099999999998545, 5938573.424999999813735 ], [ 20669.175, 5938573.424999999813735 ], [ 20669.175, 5938573.5 ], [ 20669.25, 5938573.5 ], [ 20669.25, 5938573.575000000186265 ], [ 20669.400000000001455, 5938573.575000000186265 ], [ 20669.400000000001455, 5938573.650000000372529 ], [ 20669.474999999998545, 5938573.650000000372529 ], [ 20669.474999999998545, 5938573.724999999627471 ], [ 20669.55, 5938573.724999999627471 ], [ 20669.55, 5938573.799999999813735 ], [ 20669.625, 5938573.799999999813735 ], [ 20669.625, 5938573.875 ], [ 20669.7, 5938573.875 ], [ 20669.7, 5938573.950000000186265 ], [ 20669.775000000001455, 5938573.950000000186265 ], [ 20669.775000000001455, 5938574.025000000372529 ], [ 20669.849999999998545, 5938574.025000000372529 ], [ 20669.849999999998545, 5938574.099999999627471 ], [ 20669.925, 5938574.099999999627471 ], [ 20669.925, 5938574.25 ], [ 20670.0, 5938574.25 ], [ 20670.0, 5938574.325000000186265 ], [ 20670.075, 5938574.325000000186265 ], [ 20670.075, 5938574.474999999627471 ], [ 20670.150000000001455, 5938574.474999999627471 ], [ 20670.150000000001455, 5938574.549999999813735 ], [ 20670.224999999998545, 5938574.549999999813735 ], [ 20670.224999999998545, 5938574.700000000186265 ], [ 20670.3, 5938574.700000000186265 ], [ 20670.3, 5938574.775000000372529 ], [ 20670.375, 5938574.775000000372529 ], [ 20670.375, 5938574.849999999627471 ], [ 20670.45, 5938574.849999999627471 ], [ 20670.45, 5938574.924999999813735 ], [ 20670.525000000001455, 5938574.924999999813735 ], [ 20670.525000000001455, 5938575.0 ], [ 20670.599999999998545, 5938575.0 ], [ 20670.599999999998545, 5938575.075000000186265 ], [ 20670.675, 5938575.075000000186265 ], [ 20670.675, 5938575.150000000372529 ], [ 20670.75, 5938575.150000000372529 ], [ 20670.75, 5938575.224999999627471 ], [ 20670.825, 5938575.224999999627471 ], [ 20670.825, 5938575.599999999627471 ], [ 20670.75, 5938575.599999999627471 ], [ 20670.75, 5938576.049999999813735 ], [ 20670.675, 5938576.049999999813735 ], [ 20670.675, 5938576.125 ], [ 20670.599999999998545, 5938576.125 ], [ 20670.599999999998545, 5938576.200000000186265 ], [ 20670.45, 5938576.200000000186265 ], [ 20670.45, 5938576.275000000372529 ], [ 20670.375, 5938576.275000000372529 ], [ 20670.375, 5938576.349999999627471 ], [ 20670.224999999998545, 5938576.349999999627471 ], [ 20670.224999999998545, 5938576.424999999813735 ], [ 20670.150000000001455, 5938576.424999999813735 ], [ 20670.150000000001455, 5938576.5 ], [ 20670.0, 5938576.5 ], [ 20670.0, 5938576.575000000186265 ], [ 20669.925, 5938576.575000000186265 ], [ 20669.925, 5938576.650000000372529 ], [ 20669.849999999998545, 5938576.650000000372529 ], [ 20669.849999999998545, 5938576.724999999627471 ], [ 20669.775000000001455, 5938576.724999999627471 ], [ 20669.775000000001455, 5938576.799999999813735 ], [ 20669.625, 5938576.799999999813735 ], [ 20669.625, 5938576.875 ], [ 20669.55, 5938576.875 ], [ 20669.55, 5938576.950000000186265 ], [ 20669.474999999998545, 5938576.950000000186265 ], [ 20669.474999999998545, 5938577.025000000372529 ], [ 20669.400000000001455, 5938577.025000000372529 ], [ 20669.400000000001455, 5938577.099999999627471 ], [ 20669.325, 5938577.099999999627471 ], [ 20669.325, 5938577.174999999813735 ], [ 20669.25, 5938577.174999999813735 ], [ 20669.25, 5938577.25 ], [ 20669.175, 5938577.25 ], [ 20669.175, 5938577.325000000186265 ], [ 20669.099999999998545, 5938577.325000000186265 ], [ 20669.099999999998545, 5938577.400000000372529 ], [ 20669.025000000001455, 5938577.400000000372529 ], [ 20669.025000000001455, 5938577.474999999627471 ], [ 20668.95, 5938577.474999999627471 ], [ 20668.95, 5938577.549999999813735 ], [ 20668.875, 5938577.549999999813735 ], [ 20668.875, 5938577.625 ], [ 20668.8, 5938577.625 ], [ 20668.8, 5938577.700000000186265 ], [ 20668.724999999998545, 5938577.700000000186265 ], [ 20668.724999999998545, 5938577.775000000372529 ], [ 20668.650000000001455, 5938577.775000000372529 ], [ 20668.650000000001455, 5938577.849999999627471 ], [ 20668.575, 5938577.849999999627471 ], [ 20668.575, 5938577.924999999813735 ], [ 20668.5, 5938577.924999999813735 ], [ 20668.5, 5938578.0 ], [ 20668.425, 5938578.0 ], [ 20668.425, 5938578.075000000186265 ], [ 20668.349999999998545, 5938578.075000000186265 ], [ 20668.349999999998545, 5938578.150000000372529 ], [ 20668.275000000001455, 5938578.150000000372529 ], [ 20668.275000000001455, 5938578.224999999627471 ], [ 20668.2, 5938578.224999999627471 ], [ 20668.2, 5938578.299999999813735 ], [ 20668.125, 5938578.299999999813735 ], [ 20668.125, 5938578.375 ], [ 20668.05, 5938578.375 ], [ 20668.05, 5938578.450000000186265 ], [ 20667.974999999998545, 5938578.450000000186265 ], [ 20667.974999999998545, 5938578.525000000372529 ], [ 20667.900000000001455, 5938578.525000000372529 ], [ 20667.900000000001455, 5938578.674999999813735 ], [ 20667.825, 5938578.674999999813735 ], [ 20667.825, 5938578.75 ], [ 20667.75, 5938578.75 ], [ 20667.75, 5938578.825000000186265 ], [ 20667.675, 5938578.825000000186265 ], [ 20667.675, 5938578.900000000372529 ], [ 20667.599999999998545, 5938578.900000000372529 ], [ 20667.599999999998545, 5938578.974999999627471 ], [ 20667.525000000001455, 5938578.974999999627471 ], [ 20667.525000000001455, 5938579.049999999813735 ], [ 20667.45, 5938579.049999999813735 ], [ 20667.45, 5938579.125 ], [ 20667.375, 5938579.125 ], [ 20667.375, 5938579.200000000186265 ], [ 20667.3, 5938579.200000000186265 ], [ 20667.3, 5938579.275000000372529 ], [ 20667.224999999998545, 5938579.275000000372529 ], [ 20667.224999999998545, 5938579.349999999627471 ], [ 20667.150000000001455, 5938579.349999999627471 ], [ 20667.150000000001455, 5938579.5 ], [ 20667.075, 5938579.5 ], [ 20667.075, 5938579.575000000186265 ], [ 20667.0, 5938579.575000000186265 ], [ 20667.0, 5938579.650000000372529 ], [ 20666.925, 5938579.650000000372529 ], [ 20666.925, 5938579.724999999627471 ], [ 20666.849999999998545, 5938579.724999999627471 ], [ 20666.849999999998545, 5938579.799999999813735 ], [ 20666.775000000001455, 5938579.799999999813735 ], [ 20666.775000000001455, 5938579.950000000186265 ], [ 20666.7, 5938579.950000000186265 ], [ 20666.7, 5938580.025000000372529 ], [ 20666.625, 5938580.025000000372529 ], [ 20666.625, 5938580.174999999813735 ], [ 20666.55, 5938580.174999999813735 ], [ 20666.55, 5938580.25 ], [ 20666.474999999998545, 5938580.25 ], [ 20666.474999999998545, 5938580.325000000186265 ], [ 20666.400000000001455, 5938580.325000000186265 ], [ 20666.400000000001455, 5938580.474999999627471 ], [ 20666.325, 5938580.474999999627471 ], [ 20666.325, 5938580.549999999813735 ], [ 20666.25, 5938580.549999999813735 ], [ 20666.25, 5938580.625 ], [ 20666.175, 5938580.625 ], [ 20666.175, 5938580.700000000186265 ], [ 20666.099999999998545, 5938580.700000000186265 ], [ 20666.099999999998545, 5938580.849999999627471 ], [ 20666.025000000001455, 5938580.849999999627471 ], [ 20666.025000000001455, 5938580.924999999813735 ], [ 20665.95, 5938580.924999999813735 ], [ 20665.95, 5938581.0 ], [ 20665.875, 5938581.0 ], [ 20665.875, 5938581.075000000186265 ], [ 20665.8, 5938581.075000000186265 ], [ 20665.8, 5938581.224999999627471 ], [ 20665.724999999998545, 5938581.224999999627471 ], [ 20665.724999999998545, 5938581.299999999813735 ], [ 20665.650000000001455, 5938581.299999999813735 ], [ 20665.650000000001455, 5938581.375 ], [ 20665.575, 5938581.375 ], [ 20665.575, 5938581.450000000186265 ], [ 20665.5, 5938581.450000000186265 ], [ 20665.5, 5938581.525000000372529 ], [ 20665.425, 5938581.525000000372529 ], [ 20665.425, 5938581.599999999627471 ], [ 20665.349999999998545, 5938581.599999999627471 ], [ 20665.349999999998545, 5938581.75 ], [ 20665.275000000001455, 5938581.75 ], [ 20665.275000000001455, 5938581.825000000186265 ], [ 20665.125, 5938581.825000000186265 ], [ 20665.125, 5938581.900000000372529 ], [ 20664.825, 5938581.900000000372529 ], [ 20664.825, 5938581.974999999627471 ], [ 20664.599999999998545, 5938581.974999999627471 ], [ 20664.599999999998545, 5938582.049999999813735 ], [ 20663.849999999998545, 5938582.049999999813735 ], [ 20663.849999999998545, 5938582.125 ], [ 20662.425, 5938582.125 ] ] ] } },
{ "type": "Feature", "properties": { "value": 1.0, "building_id": 6, "area": 318.88687500134159 }, "geometry": { "type": "Polygon", "coordinates": [ [ [ 20468.849999999998545, 5938516.200000000186265 ], [ 20468.849999999998545, 5938516.125 ], [ 20468.55, 5938516.125 ], [ 20468.55, 5938516.049999999813735 ], [ 20468.325, 5938516.049999999813735 ], [ 20468.325, 5938515.974999999627471 ], [ 20468.025000000001455, 5938515.974999999627471 ], [ 20468.025000000001455, 5938515.900000000372529 ], [ 20467.8, 5938515.900000000372529 ], [ 20467.8, 5938515.825000000186265 ], [ 20467.575, 5938515.825000000186265 ], [ 20467.575, 5938515.75 ], [ 20467.349999999998545, 5938515.75 ], [ 20467.349999999998545, 5938515.674999999813735 ], [ 20467.125, 5938515.674999999813735 ], [ 20467.125, 5938515.599999999627471 ], [ 20467.05, 5938515.599999999627471 ], [ 20467.05, 5938515.525000000372529 ], [ 20466.974999999998545, 5938515.525000000372529 ], [ 20466.974999999998545, 5938515.375 ], [ 20466.900000000001455, 5938515.375 ], [ 20466.900000000001455, 5938515.224999999627471 ], [ 20466.825, 5938515.224999999627471 ], [ 20466.825, 5938515.075000000186265 ], [ 20466.75, 5938515.075000000186265 ], [ 20466.75, 5938515.0 ], [ 20466.675, 5938515.0 ], [ 20466.675, 5938514.849999999627471 ], [ 20466.599999999998545, 5938514.849999999627471 ], [ 20466.599999999998545, 5938514.775000000372529 ], [ 20466.525000000001455, 5938514.775000000372529 ], [ 20466.525000000001455, 5938514.625 ], [ 20466.45, 5938514.625 ], [ 20466.45, 5938514.549999999813735 ], [ 20466.375, 5938514.549999999813735 ], [ 20466.375, 5938514.474999999627471 ], [ 20466.3, 5938514.474999999627471 ], [ 20466.3, 5938514.325000000186265 ], [ 20466.224999999998545, 5938514.325000000186265 ], [ 20466.224999999998545, 5938514.25 ], [ 20466.150000000001455, 5938514.25 ], [ 20466.150000000001455, 5938514.174999999813735 ], [ 20466.075, 5938514.174999999813735 ], [ 20466.075, 5938514.025000000372529 ], [ 20466.0, 5938514.025000000372529 ], [ 20466.0, 5938513.950000000186265 ], [ 20465.925, 5938513.950000000186265 ], [ 20465.925, 5938513.875 ], [ 20465.849999999998545, 5938513.875 ], [ 20465.849999999998545, 5938513.799999999813735 ], [ 20465.775000000001455, 5938513.799999999813735 ], [ 20465.775000000001455, 5938513.724999999627471 ], [ 20465.7, 5938513.724999999627471 ], [ 20465.7, 5938513.650000000372529 ], [ 20465.625, 5938513.650000000372529 ], [ 20465.625, 5938513.5 ], [ 20465.55, 5938513.5 ], [ 20465.55, 5938513.349999999627471 ], [ 20465.474999999998545, 5938513.349999999627471 ], [ 20465.474999999998545, 5938513.125 ], [ 20465.400000000001455, 5938513.125 ], [ 20465.400000000001455, 5938512.974999999627471 ], [ 20465.325, 5938512.974999999627471 ], [ 20465.325, 5938512.825000000186265 ], [ 20465.25, 5938512.825000000186265 ], [ 20465.25, 5938512.674999999813735 ], [ 20465.175, 5938512.674999999813735 ], [ 20465.175, 5938512.375 ], [ 20465.099999999998545, 5938512.375 ], [ 20465.099999999998545, 5938512.075000000186265 ], [ 20465.025000000001455, 5938512.075000000186265 ], [ 20465.025000000001455, 5938511.775000000372529 ], [ 20464.95, 5938511.775000000372529 ], [ 20464.95, 5938511.174999999813735 ], [ 20464.875, 5938511.174999999813735 ], [ 20464.875, 5938510.349999999627471 ], [ 20464.8, 5938510.349999999627471 ], [ 20464.8, 5938509.450000000186265 ], [ 20464.724999999998545, 5938509.450000000186265 ], [ 20464.724999999998545, 5938508.474999999627471 ], [ 20464.650000000001455, 5938508.474999999627471 ], [ 20464.650000000001455, 5938507.5 ], [ 20464.575, 5938507.5 ], [ 20464.575, 5938506.450000000186265 ], [ 20464.5, 5938506.450000000186265 ], [ 20464.5, 5938502.775000000372529 ], [ 20464.575, 5938502.775000000372529 ], [ 20464.575, 5938501.724999999627471 ], [ 20464.650000000001455, 5938501.724999999627471 ], [ 20464.650000000001455, 5938500.75 ], [ 20464.724999999998545, 5938500.75 ], [ 20464.724999999998545, 5938499.924999999813735 ], [ 20464.8, 5938499.924999999813735 ], [ 20464.8, 5938499.174999999813735 ], [ 20464.875, 5938499.174999999813735 ], [ 20464.875, 5938498.5 ], [ 20464.95, 5938498.5 ], [ 20464.95, 5938497.900000000372529 ], [ 20465.025000000001455, 5938497.900000000372529 ], [ 20465.025000000001455, 5938497.75 ], [ 20465.099999999998545, 5938497.75 ], [ 20465.099999999998545, 5938497.599999999627471 ], [ 20465.175, 5938497.599999999627471 ], [ 20465.175, 5938497.450000000186265 ], [ 20465.25, 5938497.450000000186265 ], [ 20465.25, 5938497.375 ], [ 20465.325, 5938497.375 ], [ 20465.325, 5938497.299999999813735 ], [ 20465.400000000001455, 5938497.299999999813735 ], [ 20465.400000000001455, 5938497.224999999627471 ], [ 20465.474999999998545, 5938497.224999999627471 ], [ 20465.474999999998545, 5938497.075000000186265 ], [ 20465.55, 5938497.075000000186265 ], [ 20465.55, 5938497.0 ], [ 20465.625, 5938497.0 ], [ 20465.625, 5938496.849999999627471 ], [ 20465.7, 5938496.849999999627471 ], [ 20465.7, 5938496.775000000372529 ], [ 20465.775000000001455, 5938496.775000000372529 ], [ 20465.775000000001455, 5938496.625 ], [ 20465.849999999998545, 5938496.625 ], [ 20465.849999999998545, 5938496.474999999627471 ], [ 20465.925, 5938496.474999999627471 ], [ 20465.925, 5938496.400000000372529 ], [ 20466.0, 5938496.400000000372529 ], [ 20466.0, 5938496.25 ], [ 20466.075, 5938496.25 ], [ 20466.075, 5938496.099999999627471 ], [ 20466.150000000001455, 5938496.099999999627471 ], [ 20466.150000000001455, 5938495.950000000186265 ], [ 20466.224999999998545, 5938495.950000000186265 ], [ 20466.224999999998545, 5938495.875 ], [ 20466.3, 5938495.875 ], [ 20466.3, 5938495.799999999813735 ], [ 20466.375, 5938495.799999999813735 ], [ 20466.375, 5938495.724999999627471 ], [ 20466.45, 5938495.724999999627471 ], [ 20466.45, 5938495.650000000372529 ], [ 20466.525000000001455, 5938495.650000000372529 ], [ 20466.525000000001455, 5938495.575000000186265 ], [ 20466.675, 5938495.575000000186265 ], [ 20466.675, 5938495.5 ], [ 20466.75, 5938495.5 ], [ 20466.75, 5938495.424999999813735 ], [ 20466.825, 5938495.424999999813735 ], [ 20466.825, 5938495.349999999627471 ], [ 20466.974999999998545, 5938495.349999999627471 ], [ 20466.974999999998545, 5938495.275000000372529 ], [ 20467.05, 5938495.275000000372529 ], [ 20467.05, 5938495.200000000186265 ], [ 20467.275000000001455, 5938495.200000000186265 ], [ 20467.275000000001455, 5938495.125 ], [ 20467.575, 5938495.125 ], [ 20467.575, 5938495.049999999813735 ], [ 20467.875, 5938495.049999999813735 ], [ 20467.875, 5938494.974999999627471 ], [ 20468.25, 5938494.974999999627471 ], [ 20468.25, 5938494.900000000372529 ], [ 20468.55, 5938494.900000000372529 ], [ 20468.55, 5938494.825000000186265 ], [ 20468.849999999998545, 5938494.825000000186265 ], [ 20468.849999999998545, 5938494.75 ], [ 20469.3, 5938494.75 ], [ 20469.3, 5938494.674999999813735 ], [ 20470.125, 5938494.674999999813735 ], [ 20470.125, 5938494.599999999627471 ], [ 20470.875, 5938494.599999999627471 ], [ 20470.875, 5938494.525000000372529 ], [ 20471.775000000001455, 5938494.525000000372529 ], [ 20471.775000000001455, 5938494.450000000186265 ], [ 20471.849999999998545, 5938494.450000000186265 ], [ 20471.849999999998545, 5938494.525000000372529 ], [ 20472.675, 5938494.525000000372529 ], [ 20472.675, 5938494.599999999627471 ], [ 20473.5, 5938494.599999999627471 ], [ 20473.5, 5938494.674999999813735 ], [ 20474.325, 5938494.674999999813735 ], [ 20474.325, 5938494.75 ], [ 20475.075, 5938494.75 ], [ 20475.075, 5938494.825000000186265 ], [ 20475.375, 5938494.825000000186265 ], [ 20475.375, 5938494.900000000372529 ], [ 20475.599999999998545, 5938494.900000000372529 ], [ 20475.599999999998545, 5938494.974999999627471 ], [ 20475.900000000001455, 5938494.974999999627471 ], [ 20475.900000000001455, 5938495.049999999813735 ], [ 20476.2, 5938495.049999999813735 ], [ 20476.2, 5938495.125 ], [ 20476.5, 5938495.125 ], [ 20476.5, 5938495.200000000186265 ], [ 20476.8, 5938495.200000000186265 ], [ 20476.8, 5938495.275000000372529 ], [ 20477.025000000001455, 5938495.275000000372529 ], [ 20477.025000000001455, 5938495.349999999627471 ], [ 20477.099999999998545, 5938495.349999999627471 ], [ 20477.099999999998545, 5938495.424999999813735 ], [ 20477.175, 5938495.424999999813735 ], [ 20477.175, 5938495.5 ], [ 20477.325, 5938495.5 ], [ 20477.325, 5938495.575000000186265 ], [ 20477.400000000001455, 5938495.575000000186265 ], [ 20477.400000000001455, 5938495.650000000372529 ], [ 20477.474999999998545, 5938495.650000000372529 ], [ 20477.474999999998545, 5938495.724999999627471 ], [ 20477.55, 5938495.724999999627471 ], [ 20477.55, 5938495.875 ], [ 20477.625, 5938495.875 ], [ 20477.625, 5938495.950000000186265 ], [ 20477.7, 5938495.950000000186265 ], [ 20477.7, 5938496.025000000372529 ], [ 20477.775000000001455, 5938496.025000000372529 ], [ 20477.775000000001455, 5938496.174999999813735 ], [ 20477.849999999998545, 5938496.174999999813735 ], [ 20477.849999999998545, 5938496.325000000186265 ], [ 20477.925, 5938496.325000000186265 ], [ 20477.925, 5938496.400000000372529 ], [ 20478.0, 5938496.400000000372529 ], [ 20478.0, 5938496.474999999627471 ], [ 20478.075, 5938496.474999999627471 ], [ 20478.075, 5938496.625 ], [ 20478.150000000001455, 5938496.625 ], [ 20478.150000000001455, 5938496.700000000186265 ], [ 20478.224999999998545, 5938496.700000000186265 ], [ 20478.224999999998545, 5938496.775000000372529 ], [ 20478.3, 5938496.775000000372529 ], [ 20478.3, 5938496.849999999627471 ], [ 20478.375, 5938496.849999999627471 ], [ 20478.375, 5938496.924999999813735 ], [ 20478.45, 5938496.924999999813735 ], [ 20478.45, 5938497.0 ], [ 20478.525000000001455, 5938497.0 ], [ 20478.525000000001455, 5938497.075000000186265 ], [ 20478.599999999998545, 5938497.075000000186265 ], [ 20478.599999999998545, 5938497.150000000372529 ], [ 20478.675, 5938497.150000000372529 ], [ 20478.675, 5938497.224999999627471 ], [ 20478.75, 5938497.224999999627471 ], [ 20478.75, 5938497.299999999813735 ], [ 20478.825, 5938497.299999999813735 ], [ 20478.825, 5938497.375 ], [ 20478.900000000001455, 5938497.375 ], [ 20478.900000000001455, 5938497.450000000186265 ], [ 20478.974999999998545, 5938497.450000000186265 ], [ 20478.974999999998545, 5938497.525000000372529 ], [ 20479.05, 5938497.525000000372529 ], [ 20479.05, 5938497.599999999627471 ], [ 20479.125, 5938497.599999999627471 ], [ 20479.125, 5938497.674999999813735 ], [ 20479.2, 5938497.674999999813735 ], [ 20479.2, 5938497.75 ], [ 20479.275000000001455, 5938497.75 ], [ 20479.275000000001455, 5938497.900000000372529 ], [ 20479.349999999998545, 5938497.900000000372529 ], [ 20479.349999999998545, 5938498.049999999813735 ], [ 20479.425, 5938498.049999999813735 ], [ 20479.425, 5938498.275000000372529 ], [ 20479.5, 5938498.275000000372529 ], [ 20479.5, 5938498.5 ], [ 20479.575, 5938498.5 ], [ 20479.575, 5938498.724999999627471 ], [ 20479.650000000001455, 5938498.724999999627471 ], [ 20479.650000000001455, 5938498.950000000186265 ], [ 20479.724999999998545, 5938498.950000000186265 ], [ 20479.724999999998545, 5938499.25 ], [ 20479.8, 5938499.25 ], [ 20479.8, 5938499.474999999627471 ], [ 20479.875, 5938499.474999999627471 ], [ 20479.875, 5938499.775000000372529 ], [ 20479.95, 5938499.775000000372529 ], [ 20479.95, 5938500.075000000186265 ], [ 20480.025000000001455, 5938500.075000000186265 ], [ 20480.025000000001455, 5938500.224999999627471 ], [ 20480.099999999998545, 5938500.224999999627471 ], [ 20480.099999999998545, 5938500.450000000186265 ], [ 20480.175, 5938500.450000000186265 ], [ 20480.175, 5938500.674999999813735 ], [ 20480.25, 5938500.674999999813735 ], [ 20480.25, 5938500.825000000186265 ], [ 20480.325, 5938500.825000000186265 ], [ 20480.325, 5938500.974999999627471 ], [ 20480.400000000001455, 5938500.974999999627471 ], [ 20480.400000000001455, 5938501.125 ], [ 20480.474999999998545, 5938501.125 ], [ 20480.474999999998545, 5938501.275000000372529 ], [ 20480.55, 5938501.275000000372529 ], [ 20480.55, 5938501.349999999627471 ], [ 20480.625, 5938501.349999999627471 ], [ 20480.625, 5938501.5 ], [ 20480.7, 5938501.5 ], [ 20480.7, 5938501.650000000372529 ], [ 20480.775000000001455, 5938501.650000000372529 ], [ 20480.775000000001455, 5938501.724999999627471 ], [ 20480.849999999998545, 5938501.724999999627471 ], [ 20480.849999999998545, 5938501.875 ], [ 20480.925, 5938501.875 ], [ 20480.925, 5938501.950000000186265 ], [ 20481.0, 5938501.950000000186265 ], [ 20481.0, 5938502.099999999627471 ], [ 20481.075, 5938502.099999999627471 ], [ 20481.075, 5938502.25 ], [ 20481.150000000001455, 5938502.25 ], [ 20481.150000000001455, 5938502.474999999627471 ], [ 20481.224999999998545, 5938502.474999999627471 ], [ 20481.224999999998545, 5938502.625 ], [ 20481.3, 5938502.625 ], [ 20481.3, 5938502.849999999627471 ], [ 20481.375, 5938502.849999999627471 ], [ 20481.375, 5938503.075000000186265 ], [ 20481.45, 5938503.075000000186265 ], [ 20481.45, 5938503.299999999813735 ], [ 20481.525000000001455, 5938503.299999999813735 ], [ 20481.525000000001455, 5938503.599999999627471 ], [ 20481.599999999998545, 5938503.599999999627471 ], [ 20481.599999999998545, 5938504.049999999813735 ], [ 20481.675, 5938504.049999999813735 ], [ 20481.675, 5938505.025000000372529 ], [ 20481.75, 5938505.025000000372529 ], [ 20481.75, 5938506.974999999627471 ], [ 20481.825, 5938506.974999999627471 ], [ 20481.825, 5938509.75 ], [ 20481.75, 5938509.75 ], [ 20481.75, 5938509.825000000186265 ], [ 20481.675, 5938509.825000000186265 ], [ 20481.675, 5938509.900000000372529 ], [ 20481.599999999998545, 5938509.900000000372529 ], [ 20481.599999999998545, 5938509.974999999627471 ], [ 20481.45, 5938509.974999999627471 ], [ 20481.45, 5938510.049999999813735 ], [ 20481.375, 5938510.049999999813735 ], [ 20481.375, 5938510.125 ], [ 20481.3, 5938510.125 ], [ 20481.3, 5938510.200000000186265 ], [ 20481.224999999998545, 5938510.200000000186265 ], [ 20481.224999999998545, 5938510.275000000372529 ], [ 20481.075, 5938510.275000000372529 ], [ 20481.075, 5938510.349999999627471 ], [ 20481.0, 5938510.349999999627471 ], [ 20481.0, 5938510.424999999813735 ], [ 20480.925, 5938510.424999999813735 ], [ 20480.925, 5938510.5 ], [ 20480.775000000001455, 5938510.5 ], [ 20480.775000000001455, 5938510.650000000372529 ], [ 20480.7, 5938510.650000000372529 ], [ 20480.7, 5938510.724999999627471 ], [ 20480.625, 5938510.724999999627471 ], [ 20480.625, 5938510.799999999813735 ], [ 20480.55, 5938510.799999999813735 ], [ 20480.55, 5938510.950000000186265 ], [ 20480.474999999998545, 5938510.950000000186265 ], [ 20480.474999999998545, 5938511.025000000372529 ], [ 20480.400000000001455, 5938511.025000000372529 ], [ 20480.400000000001455, 5938511.099999999627471 ], [ 20480.325, 5938511.099999999627471 ], [ 20480.325, 5938511.25 ], [ 20480.25, 5938511.25 ], [ 20480.25, 5938511.400000000372529 ], [ 20480.175, 5938511.400000000372529 ], [ 20480.175, 5938511.474999999627471 ], [ 20480.099999999998545, 5938511.474999999627471 ], [ 20480.099999999998545, 5938511.625 ], [ 20480.025000000001455, 5938511.625 ], [ 20480.025000000001455, 5938511.849999999627471 ], [ 20479.95, 5938511.849999999627471 ], [ 20479.95, 5938512.0 ], [ 20479.875, 5938512.0 ], [ 20479.875, 5938512.224999999627471 ], [ 20479.8, 5938512.224999999627471 ], [ 20479.8, 5938512.375 ], [ 20479.724999999998545, 5938512.375 ], [ 20479.724999999998545, 5938512.525000000372529 ], [ 20479.650000000001455, 5938512.525000000372529 ], [ 20479.650000000001455, 5938512.674999999813735 ], [ 20479.575, 5938512.674999999813735 ], [ 20479.575, 5938512.825000000186265 ], [ 20479.5, 5938512.825000000186265 ], [ 20479.5, 5938512.900000000372529 ], [ 20479.425, 5938512.900000000372529 ], [ 20479.425, 5938513.049999999813735 ], [ 20479.349999999998545, 5938513.049999999813735 ], [ 20479.349999999998545, 5938513.200000000186265 ], [ 20479.275000000001455, 5938513.200000000186265 ], [ 20479.275000000001455, 5938513.275000000372529 ], [ 20479.2, 5938513.275000000372529 ], [ 20479.2, 5938513.349999999627471 ], [ 20479.125, 5938513.349999999627471 ], [ 20479.125, 5938513.5 ], [ 20479.05, 5938513.5 ], [ 20479.05, 5938513.650000000372529 ], [ 20478.974999999998545, 5938513.650000000372529 ], [ 20478.974999999998545, 5938513.875 ], [ 20478.900000000001455, 5938513.875 ], [ 20478.900000000001455, 5938514.099999999627471 ], [ 20478.825, 5938514.099999999627471 ], [ 20478.825, 5938514.325000000186265 ], [ 20478.75, 5938514.325000000186265 ], [ 20478.75, 5938514.400000000372529 ], [ 20478.599999999998545, 5938514.400000000372529 ], [ 20478.599999999998545, 5938514.474999999627471 ], [ 20478.525000000001455, 5938514.474999999627471 ], [ 20478.525000000001455, 5938514.549999999813735 ], [ 20478.375, 5938514.549999999813735 ], [ 20478.375, 5938514.625 ], [ 20478.3, 5938514.625 ], [ 20478.3, 5938514.700000000186265 ], [ 20478.224999999998545, 5938514.700000000186265 ], [ 20478.224999999998545, 5938514.775000000372529 ], [ 20478.075, 5938514.775000000372529 ], [ 20478.075, 5938514.849999999627471 ], [ 20477.925, 5938514.849999999627471 ], [ 20477.925, 5938514.924999999813735 ], [ 20477.849999999998545, 5938514.924999999813735 ], [ 20477.849999999998545, 5938515.0 ], [ 20477.7, 5938515.0 ], [ 20477.7, 5938515.075000000186265 ], [ 20477.55, 5938515.075000000186265 ], [ 20477.55, 5938515.150000000372529 ], [ 20477.474999999998545, 5938515.150000000372529 ], [ 20477.474999999998545, 5938515.224999999627471 ], [ 20477.325, 5938515.224999999627471 ], [ 20477.325, 5938515.299999999813735 ], [ 20477.175, 5938515.299999999813735 ], [ 20477.175, 5938515.375 ], [ 20477.025000000001455, 5938515.375 ], [ 20477.025000000001455, 5938515.450000000186265 ], [ 20476.8, 5938515.450000000186265 ], [ 20476.8, 5938515.525000000372529 ], [ 20476.650000000001455, 5938515.525000000372529 ], [ 20476.650000000001455, 5938515.599999999627471 ], [ 20476.575, 5938515.599999999627471 ], [ 20476.575, 5938515.674999999813735 ], [ 20476.425, 5938515.674999999813735 ], [ 20476.425, 5938515.75 ], [ 20476.2, 5938515.75 ], [ 20476.2, 5938515.825000000186265 ], [ 20476.05, 5938515.825000000186265 ], [ 20476.05, 5938515.900000000372529 ], [ 20475.825, 5938515.900000000372529 ], [ 20475.825, 5938515.974999999627471 ], [ 20475.675, 5938515.974999999627471 ], [ 20475.675, 5938516.049999999813735 ], [ 20475.375, 5938516.049999999813735 ], [ 20475.375, 5938516.125 ], [ 20475.150000000001455, 5938516.125 ], [ 20475.150000000001455, 5938516.200000000186265 ], [ 20468.849999999998545, 5938516.200000000186265 ] ] ] } },
{ "type": "Feature", "properties": { "value": 1.0, "building_id": 7, "area": 274.89374999964889 }, "geometry": { "type": "Polygon", "coordinates": [ [ [ 20537.025000000001455, 5938502.549999999813735 ], [ 20537.025000000001455, 5938502.474999999627471 ], [ 20536.425, 5938502.474999999627471 ], [ 20536.425, 5938502.400000000372529 ], [ 20535.900000000001455, 5938502.400000000372529 ], [ 20535.900000000001455, 5938502.325000000186265 ], [ 20535.45, 5938502.325000000186265 ], [ 20535.45, 5938502.25 ], [ 20535.0, 5938502.25 ], [ 20535.0, 5938502.174999999813735 ], [ 20534.625, 5938502.174999999813735 ], [ 20534.625, 5938502.099999999627471 ], [ 20534.25, 5938502.099999999627471 ], [ 20534.25, 5938502.025000000372529 ], [ 20533.875, 5938502.025000000372529 ], [ 20533.875, 5938501.950000000186265 ], [ 20533.5, 5938501.950000000186265 ], [ 20533.5, 5938501.875 ], [ 20533.2, 5938501.875 ], [ 20533.2, 5938501.799999999813735 ], [ 20532.974999999998545, 5938501.799999999813735 ], [ 20532.974999999998545, 5938501.724999999627471 ], [ 20532.75, 5938501.724999999627471 ], [ 20532.75, 5938501.650000000372529 ], [ 20532.525000000001455, 5938501.650000000372529 ], [ 20532.525000000001455, 5938501.575000000186265 ], [ 20532.3, 5938501.575000000186265 ], [ 20532.3, 5938501.5 ], [ 20532.0, 5938501.5 ], [ 20532.0, 5938501.424999999813735 ], [ 20531.775000000001455, 5938501.424999999813735 ], [ 20531.775000000001455, 5938501.349999999627471 ], [ 20531.474999999998545, 5938501.349999999627471 ], [ 20531.474999999998545, 5938501.275000000372529 ], [ 20531.25, 5938501.275000000372529 ], [ 20531.25, 5938501.200000000186265 ], [ 20531.025000000001455, 5938501.200000000186265 ], [ 20531.025000000001455, 5938501.125 ], [ 20530.724999999998545, 5938501.125 ], [ 20530.724999999998545, 5938501.049999999813735 ], [ 20530.425, 5938501.049999999813735 ], [ 20530.425, 5938500.974999999627471 ], [ 20530.125, 5938500.974999999627471 ], [ 20530.125, 5938500.900000000372529 ], [ 20529.75, 5938500.900000000372529 ], [ 20529.75, 5938500.825000000186265 ], [ 20529.45, 5938500.825000000186265 ], [ 20529.45, 5938500.75 ], [ 20529.224999999998545, 5938500.75 ], [ 20529.224999999998545, 5938500.674999999813735 ], [ 20529.0, 5938500.674999999813735 ], [ 20529.0, 5938500.599999999627471 ], [ 20528.775000000001455, 5938500.599999999627471 ], [ 20528.775000000001455, 5938500.525000000372529 ], [ 20528.55, 5938500.525000000372529 ], [ 20528.55, 5938500.450000000186265 ], [ 20528.325, 5938500.450000000186265 ], [ 20528.325, 5938500.375 ], [ 20528.099999999998545, 5938500.375 ], [ 20528.099999999998545, 5938500.299999999813735 ], [ 20527.95, 5938500.299999999813735 ], [ 20527.95, 5938500.224999999627471 ], [ 20527.8, 5938500.224999999627471 ], [ 20527.8, 5938500.150000000372529 ], [ 20527.575, 5938500.150000000372529 ], [ 20527.575, 5938500.075000000186265 ], [ 20527.425, 5938500.075000000186265 ], [ 20527.425, 5938500.0 ], [ 20527.275000000001455, 5938500.0 ], [ 20527.275000000001455, 5938499.924999999813735 ], [ 20527.125, 5938499.924999999813735 ], [ 20527.125, 5938499.849999999627471 ], [ 20527.05, 5938499.849999999627471 ], [ 20527.05, 5938499.775000000372529 ], [ 20526.900000000001455, 5938499.775000000372529 ], [ 20526.900000000001455, 5938499.700000000186265 ], [ 20526.825, 5938499.700000000186265 ], [ 20526.825, 5938499.625 ], [ 20526.675, 5938499.625 ], [ 20526.675, 5938499.549999999813735 ], [ 20526.599999999998545, 5938499.549999999813735 ], [ 20526.599999999998545, 5938499.474999999627471 ], [ 20526.525000000001455, 5938499.474999999627471 ], [ 20526.525000000001455, 5938499.400000000372529 ], [ 20526.45, 5938499.400000000372529 ], [ 20526.45, 5938499.325000000186265 ], [ 20526.375, 5938499.325000000186265 ], [ 20526.375, 5938499.25 ], [ 20526.224999999998545, 5938499.25 ], [ 20526.224999999998545, 5938499.174999999813735 ], [ 20526.150000000001455, 5938499.174999999813735 ], [ 20526.150000000001455, 5938499.099999999627471 ], [ 20526.075, 5938499.099999999627471 ], [ 20526.075, 5938499.025000000372529 ], [ 20526.0, 5938499.025000000372529 ], [ 20526.0, 5938498.950000000186265 ], [ 20525.925, 5938498.950000000186265 ], [ 20525.925, 5938498.799999999813735 ], [ 20525.849999999998545, 5938498.799999999813735 ], [ 20525.849999999998545, 5938498.724999999627471 ], [ 20525.775000000001455, 5938498.724999999627471 ], [ 20525.775000000001455, 5938498.650000000372529 ], [ 20525.625, 5938498.650000000372529 ], [ 20525.625, 5938498.5 ], [ 20525.55, 5938498.5 ], [ 20525.55, 5938498.349999999627471 ], [ 20525.474999999998545, 5938498.349999999627471 ], [ 20525.474999999998545, 5938498.200000000186265 ], [ 20525.400000000001455, 5938498.200000000186265 ], [ 20525.400000000001455, 5938497.299999999813735 ], [ 20525.325, 5938497.299999999813735 ], [ 20525.325, 5938495.875 ], [ 20525.400000000001455, 5938495.875 ], [ 20525.400000000001455, 5938495.575000000186265 ], [ 20525.474999999998545, 5938495.575000000186265 ], [ 20525.474999999998545, 5938495.424999999813735 ], [ 20525.55, 5938495.424999999813735 ], [ 20525.55, 5938495.349999999627471 ], [ 20525.625, 5938495.349999999627471 ], [ 20525.625, 5938495.200000000186265 ], [ 20525.7, 5938495.200000000186265 ], [ 20525.7, 5938495.049999999813735 ], [ 20525.775000000001455, 5938495.049999999813735 ], [ 20525.775000000001455, 5938494.900000000372529 ], [ 20525.849999999998545, 5938494.900000000372529 ], [ 20525.849999999998545, 5938494.75 ], [ 20525.925, 5938494.75 ], [ 20525.925, 5938494.525000000372529 ], [ 20526.0, 5938494.525000000372529 ], [ 20526.0, 5938494.299999999813735 ], [ 20526.075, 5938494.299999999813735 ], [ 20526.075, 5938494.075000000186265 ], [ 20526.150000000001455, 5938494.075000000186265 ], [ 20526.150000000001455, 5938493.849999999627471 ], [ 20526.224999999998545, 5938493.849999999627471 ], [ 20526.224999999998545, 5938493.625 ], [ 20526.3, 5938493.625 ], [ 20526.3, 5938493.474999999627471 ], [ 20526.375, 5938493.474999999627471 ], [ 20526.375, 5938493.25 ], [ 20526.45, 5938493.25 ], [ 20526.45, 5938493.099999999627471 ], [ 20526.525000000001455, 5938493.099999999627471 ], [ 20526.525000000001455, 5938492.950000000186265 ], [ 20526.599999999998545, 5938492.950000000186265 ], [ 20526.599999999998545, 5938492.799999999813735 ], [ 20526.675, 5938492.799999999813735 ], [ 20526.675, 5938492.650000000372529 ], [ 20526.75, 5938492.650000000372529 ], [ 20526.75, 5938492.5 ], [ 20526.825, 5938492.5 ], [ 20526.825, 5938492.424999999813735 ], [ 20526.900000000001455, 5938492.424999999813735 ], [ 20526.900000000001455, 5938492.275000000372529 ], [ 20526.974999999998545, 5938492.275000000372529 ], [ 20526.974999999998545, 5938492.200000000186265 ], [ 20527.05, 5938492.200000000186265 ], [ 20527.05, 5938492.125 ], [ 20527.125, 5938492.125 ], [ 20527.125, 5938491.974999999627471 ], [ 20527.2, 5938491.974999999627471 ], [ 20527.2, 5938491.900000000372529 ], [ 20527.275000000001455, 5938491.900000000372529 ], [ 20527.275000000001455, 5938491.825000000186265 ], [ 20527.349999999998545, 5938491.825000000186265 ], [ 20527.349999999998545, 5938491.75 ], [ 20527.425, 5938491.75 ], [ 20527.425, 5938491.674999999813735 ], [ 20527.5, 5938491.674999999813735 ], [ 20527.5, 5938491.599999999627471 ], [ 20527.575, 5938491.599999999627471 ], [ 20527.575, 5938491.525000000372529 ], [ 20527.724999999998545, 5938491.525000000372529 ], [ 20527.724999999998545, 5938491.450000000186265 ], [ 20527.8, 5938491.450000000186265 ], [ 20527.8, 5938491.375 ], [ 20527.875, 5938491.375 ], [ 20527.875, 5938491.299999999813735 ], [ 20527.95, 5938491.299999999813735 ], [ 20527.95, 5938491.150000000372529 ], [ 20528.025000000001455, 5938491.150000000372529 ], [ 20528.025000000001455, 5938491.075000000186265 ], [ 20528.099999999998545, 5938491.075000000186265 ], [ 20528.099999999998545, 5938491.0 ], [ 20528.175, 5938491.0 ], [ 20528.175, 5938490.924999999813735 ], [ 20528.25, 5938490.924999999813735 ], [ 20528.25, 5938490.849999999627471 ], [ 20528.325, 5938490.849999999627471 ], [ 20528.325, 5938490.775000000372529 ], [ 20528.400000000001455, 5938490.775000000372529 ], [ 20528.400000000001455, 5938490.700000000186265 ], [ 20528.474999999998545, 5938490.700000000186265 ], [ 20528.474999999998545, 5938490.625 ], [ 20528.55, 5938490.625 ], [ 20528.55, 5938490.549999999813735 ], [ 20528.625, 5938490.549999999813735 ], [ 20528.625, 5938490.474999999627471 ], [ 20528.7, 5938490.474999999627471 ], [ 20528.7, 5938490.400000000372529 ], [ 20528.775000000001455, 5938490.400000000372529 ], [ 20528.775000000001455, 5938490.325000000186265 ], [ 20528.849999999998545, 5938490.325000000186265 ], [ 20528.849999999998545, 5938490.25 ], [ 20528.925, 5938490.25 ], [ 20528.925, 5938490.174999999813735 ], [ 20529.0, 5938490.174999999813735 ], [ 20529.0, 5938490.099999999627471 ], [ 20529.075, 5938490.099999999627471 ], [ 20529.075, 5938490.025000000372529 ], [ 20529.150000000001455, 5938490.025000000372529 ], [ 20529.150000000001455, 5938489.950000000186265 ], [ 20529.224999999998545, 5938489.950000000186265 ], [ 20529.224999999998545, 5938489.875 ], [ 20529.3, 5938489.875 ], [ 20529.3, 5938489.799999999813735 ], [ 20529.375, 5938489.799999999813735 ], [ 20529.375, 5938489.724999999627471 ], [ 20529.45, 5938489.724999999627471 ], [ 20529.45, 5938489.650000000372529 ], [ 20529.525000000001455, 5938489.650000000372529 ], [ 20529.525000000001455, 5938489.575000000186265 ], [ 20529.599999999998545, 5938489.575000000186265 ], [ 20529.599999999998545, 5938489.5 ], [ 20529.675, 5938489.5 ], [ 20529.675, 5938489.424999999813735 ], [ 20529.75, 5938489.424999999813735 ], [ 20529.75, 5938489.349999999627471 ], [ 20529.825, 5938489.349999999627471 ], [ 20529.825, 5938489.275000000372529 ], [ 20529.900000000001455, 5938489.275000000372529 ], [ 20529.900000000001455, 5938489.125 ], [ 20529.974999999998545, 5938489.125 ], [ 20529.974999999998545, 5938489.049999999813735 ], [ 20530.05, 5938489.049999999813735 ], [ 20530.05, 5938488.900000000372529 ], [ 20530.125, 5938488.900000000372529 ], [ 20530.125, 5938488.825000000186265 ], [ 20530.2, 5938488.825000000186265 ], [ 20530.2, 5938488.674999999813735 ], [ 20530.275000000001455, 5938488.674999999813735 ], [ 20530.275000000001455, 5938488.599999999627471 ], [ 20530.349999999998545, 5938488.599999999627471 ], [ 20530.349999999998545, 5938488.450000000186265 ], [ 20530.425, 5938488.450000000186265 ], [ 20530.425, 5938488.299999999813735 ], [ 20530.5, 5938488.299999999813735 ], [ 20530.5, 5938488.075000000186265 ], [ 20530.575, 5938488.075000000186265 ], [ 20530.575, 5938487.849999999627471 ], [ 20530.650000000001455, 5938487.849999999627471 ], [ 20530.650000000001455, 5938487.549999999813735 ], [ 20530.724999999998545, 5938487.549999999813735 ], [ 20530.724999999998545, 5938487.325000000186265 ], [ 20530.8, 5938487.325000000186265 ], [ 20530.8, 5938487.025000000372529 ], [ 20530.875, 5938487.025000000372529 ], [ 20530.875, 5938486.799999999813735 ], [ 20530.95, 5938486.799999999813735 ], [ 20530.95, 5938486.575000000186265 ], [ 20531.025000000001455, 5938486.575000000186265 ], [ 20531.025000000001455, 5938486.349999999627471 ], [ 20531.099999999998545, 5938486.349999999627471 ], [ 20531.099999999998545, 5938486.125 ], [ 20531.175, 5938486.125 ], [ 20531.175, 5938485.974999999627471 ], [ 20531.25, 5938485.974999999627471 ], [ 20531.25, 5938485.825000000186265 ], [ 20531.325, 5938485.825000000186265 ], [ 20531.325, 5938485.674999999813735 ], [ 20531.400000000001455, 5938485.674999999813735 ], [ 20531.400000000001455, 5938485.525000000372529 ], [ 20531.474999999998545, 5938485.525000000372529 ], [ 20531.474999999998545, 5938485.450000000186265 ], [ 20531.55, 5938485.450000000186265 ], [ 20531.55, 5938485.299999999813735 ], [ 20531.625, 5938485.299999999813735 ], [ 20531.625, 5938485.150000000372529 ], [ 20531.7, 5938485.150000000372529 ], [ 20531.7, 5938485.075000000186265 ], [ 20531.775000000001455, 5938485.075000000186265 ], [ 20531.775000000001455, 5938484.924999999813735 ], [ 20531.849999999998545, 5938484.924999999813735 ], [ 20531.849999999998545, 5938484.849999999627471 ], [ 20531.925, 5938484.849999999627471 ], [ 20531.925, 5938484.700000000186265 ], [ 20532.0, 5938484.700000000186265 ], [ 20532.0, 5938484.625 ], [ 20532.075, 5938484.625 ], [ 20532.075, 5938484.474999999627471 ], [ 20532.150000000001455, 5938484.474999999627471 ], [ 20532.150000000001455, 5938484.400000000372529 ], [ 20532.224999999998545, 5938484.400000000372529 ], [ 20532.224999999998545, 5938484.25 ], [ 20532.3, 5938484.25 ], [ 20532.3, 5938484.174999999813735 ], [ 20532.375, 5938484.174999999813735 ], [ 20532.375, 5938484.025000000372529 ], [ 20532.45, 5938484.025000000372529 ], [ 20532.45, 5938483.950000000186265 ], [ 20532.525000000001455, 5938483.950000000186265 ], [ 20532.525000000001455, 5938483.875 ], [ 20532.599999999998545, 5938483.875 ], [ 20532.599999999998545, 5938483.724999999627471 ], [ 20532.675, 5938483.724999999627471 ], [ 20532.675, 5938483.650000000372529 ], [ 20532.75, 5938483.650000000372529 ], [ 20532.75, 5938483.575000000186265 ], [ 20532.825, 5938483.575000000186265 ], [ 20532.825, 5938483.424999999813735 ], [ 20532.900000000001455, 5938483.424999999813735 ], [ 20532.900000000001455, 5938483.349999999627471 ], [ 20532.974999999998545, 5938483.349999999627471 ], [ 20532.974999999998545, 5938483.275000000372529 ], [ 20533.05, 5938483.275000000372529 ], [ 20533.05, 5938483.125 ], [ 20533.125, 5938483.125 ], [ 20533.125, 5938483.049999999813735 ], [ 20533.2, 5938483.049999999813735 ], [ 20533.2, 5938482.974999999627471 ], [ 20533.275000000001455, 5938482.974999999627471 ], [ 20533.275000000001455, 5938482.900000000372529 ], [ 20533.349999999998545, 5938482.900000000372529 ], [ 20533.349999999998545, 5938482.75 ], [ 20533.425, 5938482.75 ], [ 20533.425, 5938482.674999999813735 ], [ 20533.5, 5938482.674999999813735 ], [ 20533.5, 5938482.599999999627471 ], [ 20533.575, 5938482.599999999627471 ], [ 20533.575, 5938482.525000000372529 ], [ 20533.650000000001455, 5938482.525000000372529 ], [ 20533.650000000001455, 5938482.450000000186265 ], [ 20533.8, 5938482.450000000186265 ], [ 20533.8, 5938482.375 ], [ 20533.95, 5938482.375 ], [ 20533.95, 5938482.299999999813735 ], [ 20534.175, 5938482.299999999813735 ], [ 20534.175, 5938482.224999999627471 ], [ 20534.400000000001455, 5938482.224999999627471 ], [ 20534.400000000001455, 5938482.150000000372529 ], [ 20534.55, 5938482.150000000372529 ], [ 20534.55, 5938482.075000000186265 ], [ 20534.775000000001455, 5938482.075000000186265 ], [ 20534.775000000001455, 5938482.0 ], [ 20535.0, 5938482.0 ], [ 20535.0, 5938481.924999999813735 ], [ 20535.150000000001455, 5938481.924999999813735 ], [ 20535.150000000001455, 5938481.849999999627471 ], [ 20535.375, 5938481.849999999627471 ], [ 20535.375, 5938481.775000000372529 ], [ 20535.525000000001455, 5938481.775000000372529 ], [ 20535.525000000001455, 5938481.700000000186265 ], [ 20535.825, 5938481.700000000186265 ], [ 20535.825, 5938481.625 ], [ 20536.125, 5938481.625 ], [ 20536.125, 5938481.549999999813735 ], [ 20536.349999999998545, 5938481.549999999813735 ], [ 20536.349999999998545, 5938481.474999999627471 ], [ 20536.650000000001455, 5938481.474999999627471 ], [ 20536.650000000001455, 5938481.400000000372529 ], [ 20536.875, 5938481.400000000372529 ], [ 20536.875, 5938481.325000000186265 ], [ 20537.099999999998545, 5938481.325000000186265 ], [ 20537.099999999998545, 5938481.25 ], [ 20537.325, 5938481.25 ], [ 20537.325, 5938481.174999999813735 ], [ 20537.625, 5938481.174999999813735 ], [ 20537.625, 5938481.25 ], [ 20537.775000000001455, 5938481.25 ], [ 20537.775000000001455, 5938481.325000000186265 ], [ 20537.925, 5938481.325000000186265 ], [ 20537.925, 5938481.400000000372529 ], [ 20538.075, 5938481.400000000372529 ], [ 20538.075, 5938481.474999999627471 ], [ 20538.3, 5938481.474999999627471 ], [ 20538.3, 5938481.549999999813735 ], [ 20538.45, 5938481.549999999813735 ], [ 20538.45, 5938481.625 ], [ 20538.675, 5938481.625 ], [ 20538.675, 5938481.700000000186265 ], [ 20538.974999999998545, 5938481.700000000186265 ], [ 20538.974999999998545, 5938481.775000000372529 ], [ 20539.2, 5938481.775000000372529 ], [ 20539.2, 5938481.849999999627471 ], [ 20539.425, 5938481.849999999627471 ], [ 20539.425, 5938481.924999999813735 ], [ 20539.5, 5938481.924999999813735 ], [ 20539.5, 5938482.0 ], [ 20539.575, 5938482.0 ], [ 20539.575, 5938482.075000000186265 ], [ 20539.650000000001455, 5938482.075000000186265 ], [ 20539.650000000001455, 5938482.224999999627471 ], [ 20539.724999999998545, 5938482.224999999627471 ], [ 20539.724999999998545, 5938482.299999999813735 ], [ 20539.8, 5938482.299999999813735 ], [ 20539.8, 5938482.450000000186265 ], [ 20539.875, 5938482.450000000186265 ], [ 20539.875, 5938482.525000000372529 ], [ 20539.95, 5938482.525000000372529 ], [ 20539.95, 5938482.674999999813735 ], [ 20540.025000000001455, 5938482.674999999813735 ], [ 20540.025000000001455, 5938482.75 ], [ 20540.099999999998545, 5938482.75 ], [ 20540.099999999998545, 5938482.900000000372529 ], [ 20540.175, 5938482.900000000372529 ], [ 20540.175, 5938482.974999999627471 ], [ 20540.25, 5938482.974999999627471 ], [ 20540.25, 5938483.049999999813735 ], [ 20540.325, 5938483.049999999813735 ], [ 20540.325, 5938483.125 ], [ 20540.400000000001455, 5938483.125 ], [ 20540.400000000001455, 5938483.200000000186265 ], [ 20540.474999999998545, 5938483.200000000186265 ], [ 20540.474999999998545, 5938483.275000000372529 ], [ 20540.55, 5938483.275000000372529 ], [ 20540.55, 5938483.349999999627471 ], [ 20540.625, 5938483.349999999627471 ], [ 20540.625, 5938483.424999999813735 ], [ 20540.7, 5938483.424999999813735 ], [ 20540.7, 5938483.5 ], [ 20540.775000000001455, 5938483.5 ], [ 20540.775000000001455, 5938483.575000000186265 ], [ 20540.849999999998545, 5938483.575000000186265 ], [ 20540.849999999998545, 5938483.650000000372529 ], [ 20540.925, 5938483.650000000372529 ], [ 20540.925, 5938483.724999999627471 ], [ 20541.0, 5938483.724999999627471 ], [ 20541.0, 5938483.799999999813735 ], [ 20541.075, 5938483.799999999813735 ], [ 20541.075, 5938483.875 ], [ 20541.224999999998545, 5938483.875 ], [ 20541.224999999998545, 5938483.950000000186265 ], [ 20541.3, 5938483.950000000186265 ], [ 20541.3, 5938484.025000000372529 ], [ 20541.375, 5938484.025000000372529 ], [ 20541.375, 5938484.099999999627471 ], [ 20541.45, 5938484.099999999627471 ], [ 20541.45, 5938484.174999999813735 ], [ 20541.525000000001455, 5938484.174999999813735 ], [ 20541.525000000001455, 5938484.25 ], [ 20541.599999999998545, 5938484.25 ], [ 20541.599999999998545, 5938484.400000000372529 ], [ 20541.675, 5938484.400000000372529 ], [ 20541.675, 5938484.625 ], [ 20541.75, 5938484.625 ], [ 20541.75, 5938484.849999999627471 ], [ 20541.825, 5938484.849999999627471 ], [ 20541.825, 5938485.0 ], [ 20541.900000000001455, 5938485.0 ], [ 20541.900000000001455, 5938485.224999999627471 ], [ 20541.974999999998545, 5938485.224999999627471 ], [ 20541.974999999998545, 5938485.450000000186265 ], [ 20542.05, 5938485.450000000186265 ], [ 20542.05, 5938485.75 ], [ 20542.125, 5938485.75 ], [ 20542.125, 5938485.974999999627471 ], [ 20542.2, 5938485.974999999627471 ], [ 20542.2, 5938486.275000000372529 ], [ 20542.275000000001455, 5938486.275000000372529 ], [ 20542.275000000001455, 5938486.5 ], [ 20542.349999999998545, 5938486.5 ], [ 20542.349999999998545, 5938486.799999999813735 ], [ 20542.425, 5938486.799999999813735 ], [ 20542.425, 5938487.025000000372529 ], [ 20542.5, 5938487.025000000372529 ], [ 20542.5, 5938487.25 ], [ 20542.575, 5938487.25 ], [ 20542.575, 5938487.474999999627471 ], [ 20542.650000000001455, 5938487.474999999627471 ], [ 20542.650000000001455, 5938487.625 ], [ 20542.724999999998545, 5938487.625 ], [ 20542.724999999998545, 5938487.849999999627471 ], [ 20542.8, 5938487.849999999627471 ], [ 20542.8, 5938488.0 ], [ 20542.875, 5938488.0 ], [ 20542.875, 5938488.224999999627471 ], [ 20542.95, 5938488.224999999627471 ], [ 20542.95, 5938488.525000000372529 ], [ 20543.025000000001455, 5938488.525000000372529 ], [ 20543.025000000001455, 5938488.825000000186265 ], [ 20543.099999999998545, 5938488.825000000186265 ], [ 20543.099999999998545, 5938489.125 ], [ 20543.175, 5938489.125 ], [ 20543.175, 5938489.349999999627471 ], [ 20543.25, 5938489.349999999627471 ], [ 20543.25, 5938489.575000000186265 ], [ 20543.325, 5938489.575000000186265 ], [ 20543.325, 5938489.799999999813735 ], [ 20543.400000000001455, 5938489.799999999813735 ], [ 20543.400000000001455, 5938490.099999999627471 ], [ 20543.474999999998545, 5938490.099999999627471 ], [ 20543.474999999998545, 5938490.174999999813735 ], [ 20543.400000000001455, 5938490.174999999813735 ], [ 20543.400000000001455, 5938491.075000000186265 ], [ 20543.325, 5938491.075000000186265 ], [ 20543.325, 5938491.75 ], [ 20543.25, 5938491.75 ], [ 20543.25, 5938492.424999999813735 ], [ 20543.175, 5938492.424999999813735 ], [ 20543.175, 5938493.099999999627471 ], [ 20543.099999999998545, 5938493.099999999627471 ], [ 20543.099999999998545, 5938493.775000000372529 ], [ 20543.025000000001455, 5938493.775000000372529 ], [ 20543.025000000001455, 5938494.450000000186265 ], [ 20542.95, 5938494.450000000186265 ], [ 20542.95, 5938495.200000000186265 ], [ 20542.875, 5938495.200000000186265 ], [ 20542.875, 5938495.875 ], [ 20542.8, 5938495.875 ], [ 20542.8, 5938496.325000000186265 ], [ 20542.724999999998545, 5938496.325000000186265 ], [ 20542.724999999998545, 5938496.700000000186265 ], [ 20542.650000000001455, 5938496.700000000186265 ], [ 20542.650000000001455, 5938497.150000000372529 ], [ 20542.575, 5938497.150000000372529 ], [ 20542.575, 5938497.599999999627471 ], [ 20542.5, 5938497.599999999627471 ], [ 20542.5, 5938498.049999999813735 ], [ 20542.425, 5938498.049999999813735 ], [ 20542.425, 5938498.424999999813735 ], [ 20542.349999999998545, 5938498.424999999813735 ], [ 20542.349999999998545, 5938498.799999999813735 ], [ 20542.275000000001455, 5938498.799999999813735 ], [ 20542.275000000001455, 5938499.099999999627471 ], [ 20542.2, 5938499.099999999627471 ], [ 20542.2, 5938499.474999999627471 ], [ 20542.125, 5938499.474999999627471 ], [ 20542.125, 5938499.849999999627471 ], [ 20542.05, 5938499.849999999627471 ], [ 20542.05, 5938500.075000000186265 ], [ 20541.974999999998545, 5938500.075000000186265 ], [ 20541.974999999998545, 5938500.224999999627471 ], [ 20541.900000000001455, 5938500.224999999627471 ], [ 20541.900000000001455, 5938500.375 ], [ 20541.825, 5938500.375 ], [ 20541.825, 5938500.525000000372529 ], [ 20541.75, 5938500.525000000372529 ], [ 20541.75, 5938500.599999999627471 ], [ 20541.675, 5938500.599999999627471 ], [ 20541.675, 5938500.75 ], [ 20541.599999999998545, 5938500.75 ], [ 20541.599999999998545, 5938500.825000000186265 ], [ 20541.525000000001455, 5938500.825000000186265 ], [ 20541.525000000001455, 5938500.900000000372529 ], [ 20541.45, 5938500.900000000372529 ], [ 20541.45, 5938500.974999999627471 ], [ 20541.375, 5938500.974999999627471 ], [ 20541.375, 5938501.049999999813735 ], [ 20541.3, 5938501.049999999813735 ], [ 20541.3, 5938501.125 ], [ 20541.224999999998545, 5938501.125 ], [ 20541.224999999998545, 5938501.200000000186265 ], [ 20541.150000000001455, 5938501.200000000186265 ], [ 20541.150000000001455, 5938501.349999999627471 ], [ 20541.075, 5938501.349999999627471 ], [ 20541.075, 5938501.424999999813735 ], [ 20541.0, 5938501.424999999813735 ], [ 20541.0, 5938501.5 ], [ 20540.925, 5938501.5 ], [ 20540.925, 5938501.575000000186265 ], [ 20540.849999999998545, 5938501.575000000186265 ], [ 20540.849999999998545, 5938501.650000000372529 ], [ 20540.775000000001455, 5938501.650000000372529 ], [ 20540.775000000001455, 5938501.799999999813735 ], [ 20540.7, 5938501.799999999813735 ], [ 20540.7, 5938501.875 ], [ 20540.625, 5938501.875 ], [ 20540.625, 5938502.025000000372529 ], [ 20540.55, 5938502.025000000372529 ], [ 20540.55, 5938502.099999999627471 ], [ 20540.474999999998545, 5938502.099999999627471 ], [ 20540.474999999998545, 5938502.174999999813735 ], [ 20540.325, 5938502.174999999813735 ], [ 20540.325, 5938502.25 ], [ 20540.099999999998545, 5938502.25 ], [ 20540.099999999998545, 5938502.325000000186265 ], [ 20539.95, 5938502.325000000186265 ], [ 20539.95, 5938502.400000000372529 ], [ 20539.724999999998545, 5938502.400000000372529 ], [ 20539.724999999998545, 5938502.474999999627471 ], [ 20539.425, 5938502.474999999627471 ], [ 20539.425, 5938502.549999999813735 ], [ 20537.025000000001455, 5938502.549999999813735 ] ] ] } },
{ "type": "Feature", "properties": { "value": 1.0, "building_id": 8, "area": 11.671875000070395 }, "geometry": { "type": "Polygon", "coordinates": [ [ [ 20517.974999999998545, 5938475.700000000186265 ], [ 20517.974999999998545, 5938475.625 ], [ 20517.825, 5938475.625 ], [ 20517.825, 5938475.549999999813735 ], [ 20517.675, 5938475.549999999813735 ], [ 20517.675, 5938475.474999999627471 ], [ 20517.525000000001455, 5938475.474999999627471 ], [ 20517.525000000001455, 5938475.400000000372529 ], [ 20517.3, 5938475.400000000372529 ], [ 20517.3, 5938475.325000000186265 ], [ 20517.150000000001455, 5938475.325000000186265 ], [ 20517.150000000001455, 5938475.25 ], [ 20517.0, 5938475.25 ], [ 20517.0, 5938475.174999999813735 ], [ 20516.849999999998545, 5938475.174999999813735 ], [ 20516.849999999998545, 5938475.099999999627471 ], [ 20516.7, 5938475.099999999627471 ], [ 20516.7, 5938475.025000000372529 ], [ 20516.474999999998545, 5938475.025000000372529 ], [ 20516.474999999998545, 5938474.950000000186265 ], [ 20516.325, 5938474.950000000186265 ], [ 20516.325, 5938474.875 ], [ 20516.175, 5938474.875 ], [ 20516.175, 5938474.799999999813735 ], [ 20516.025000000001455, 5938474.799999999813735 ], [ 20516.025000000001455, 5938474.724999999627471 ], [ 20515.95, 5938474.724999999627471 ], [ 20515.95, 5938474.650000000372529 ], [ 20515.875, 5938474.650000000372529 ], [ 20515.875, 5938474.5 ], [ 20515.8, 5938474.5 ], [ 20515.8, 5938474.424999999813735 ], [ 20515.875, 5938474.424999999813735 ], [ 20515.875, 5938472.849999999627471 ], [ 20515.95, 5938472.849999999627471 ], [ 20515.95, 5938472.474999999627471 ], [ 20516.025000000001455, 5938472.474999999627471 ], [ 20516.025000000001455, 5938472.400000000372529 ], [ 20516.175, 5938472.400000000372529 ], [ 20516.175, 5938472.325000000186265 ], [ 20516.325, 5938472.325000000186265 ], [ 20516.325, 5938472.25 ], [ 20516.474999999998545, 5938472.25 ], [ 20516.474999999998545, 5938472.174999999813735 ], [ 20516.625, 5938472.174999999813735 ], [ 20516.625, 5938472.099999999627471 ], [ 20516.775000000001455, 5938472.099999999627471 ], [ 20516.775000000001455, 5938472.025000000372529 ], [ 20516.925, 5938472.025000000372529 ], [ 20516.925, 5938471.950000000186265 ], [ 20517.075, 5938471.950000000186265 ], [ 20517.075, 5938471.875 ], [ 20517.224999999998545, 5938471.875 ], [ 20517.224999999998545, 5938471.799999999813735 ], [ 20517.3, 5938471.799999999813735 ], [ 20517.3, 5938471.724999999627471 ], [ 20517.45, 5938471.724999999627471 ], [ 20517.45, 5938471.650000000372529 ], [ 20517.599999999998545, 5938471.650000000372529 ], [ 20517.599999999998545, 5938471.575000000186265 ], [ 20517.675, 5938471.575000000186265 ], [ 20517.675, 5938471.5 ], [ 20517.825, 5938471.5 ], [ 20517.825, 5938471.424999999813735 ], [ 20517.900000000001455, 5938471.424999999813735 ], [ 20517.900000000001455, 5938471.349999999627471 ], [ 20518.05, 5938471.349999999627471 ], [ 20518.05, 5938471.275000000372529 ], [ 20518.2, 5938471.275000000372529 ], [ 20518.2, 5938471.200000000186265 ], [ 20518.425, 5938471.200000000186265 ], [ 20518.425, 5938471.275000000372529 ], [ 20518.575, 5938471.275000000372529 ], [ 20518.575, 5938471.349999999627471 ], [ 20518.650000000001455, 5938471.349999999627471 ], [ 20518.650000000001455, 5938471.424999999813735 ], [ 20518.724999999998545, 5938471.424999999813735 ], [ 20518.724999999998545, 5938471.5 ], [ 20518.8, 5938471.5 ], [ 20518.8, 5938471.575000000186265 ], [ 20518.875, 5938471.575000000186265 ], [ 20518.875, 5938471.650000000372529 ], [ 20518.95, 5938471.650000000372529 ], [ 20518.95, 5938471.724999999627471 ], [ 20519.025000000001455, 5938471.724999999627471 ], [ 20519.025000000001455, 5938471.799999999813735 ], [ 20519.099999999998545, 5938471.799999999813735 ], [ 20519.099999999998545, 5938471.950000000186265 ], [ 20519.175, 5938471.950000000186265 ], [ 20519.175, 5938472.099999999627471 ], [ 20519.25, 5938472.099999999627471 ], [ 20519.25, 5938472.174999999813735 ], [ 20519.325, 5938472.174999999813735 ], [ 20519.325, 5938472.400000000372529 ], [ 20519.400000000001455, 5938472.400000000372529 ], [ 20519.400000000001455, 5938473.075000000186265 ], [ 20519.325, 5938473.075000000186265 ], [ 20519.325, 5938473.599999999627471 ], [ 20519.25, 5938473.599999999627471 ], [ 20519.25, 5938474.200000000186265 ], [ 20519.175, 5938474.200000000186265 ], [ 20519.175, 5938474.575000000186265 ], [ 20519.099999999998545, 5938474.575000000186265 ], [ 20519.099999999998545, 5938474.724999999627471 ], [ 20519.025000000001455, 5938474.724999999627471 ], [ 20519.025000000001455, 5938474.799999999813735 ], [ 20518.95, 5938474.799999999813735 ], [ 20518.95, 5938474.950000000186265 ], [ 20518.875, 5938474.950000000186265 ], [ 20518.875, 5938475.025000000372529 ], [ 20518.8, 5938475.025000000372529 ], [ 20518.8, 5938475.174999999813735 ], [ 20518.724999999998545, 5938475.174999999813735 ], [ 20518.724999999998545, 5938475.25 ], [ 20518.650000000001455, 5938475.25 ], [ 20518.650000000001455, 5938475.325000000186265 ], [ 20518.575, 5938475.325000000186265 ], [ 20518.575, 5938475.400000000372529 ], [ 20518.5, 5938475.400000000372529 ], [ 20518.5, 5938475.549999999813735 ], [ 20518.425, 5938475.549999999813735 ], [ 20518.425, 5938475.625 ], [ 20518.349999999998545, 5938475.625 ], [ 20518.349999999998545, 5938475.700000000186265 ], [ 20517.974999999998545, 5938475.700000000186265 ] ] ] } },
{ "type": "Feature", "properties": { "value": 1.0, "building_id": 9, "area": 462.27937499989622 }, "geometry": { "type": "Polygon", "coordinates": [ [ [ 20467.05, 5938484.099999999627471 ], [ 20467.05, 5938484.025000000372529 ], [ 20466.900000000001455, 5938484.025000000372529 ], [ 20466.900000000001455, 5938483.950000000186265 ], [ 20466.75, 5938483.950000000186265 ], [ 20466.75, 5938483.875 ], [ 20466.599999999998545, 5938483.875 ], [ 20466.599999999998545, 5938483.799999999813735 ], [ 20466.525000000001455, 5938483.799999999813735 ], [ 20466.525000000001455, 5938483.724999999627471 ], [ 20466.3, 5938483.724999999627471 ], [ 20466.3, 5938483.650000000372529 ], [ 20466.150000000001455, 5938483.650000000372529 ], [ 20466.150000000001455, 5938483.575000000186265 ], [ 20466.0, 5938483.575000000186265 ], [ 20466.0, 5938483.5 ], [ 20465.849999999998545, 5938483.5 ], [ 20465.849999999998545, 5938483.424999999813735 ], [ 20465.7, 5938483.424999999813735 ], [ 20465.7, 5938483.349999999627471 ], [ 20465.474999999998545, 5938483.349999999627471 ], [ 20465.474999999998545, 5938483.275000000372529 ], [ 20465.325, 5938483.275000000372529 ], [ 20465.325, 5938483.200000000186265 ], [ 20465.099999999998545, 5938483.200000000186265 ], [ 20465.099999999998545, 5938483.125 ], [ 20465.025000000001455, 5938483.125 ], [ 20465.025000000001455, 5938483.049999999813735 ], [ 20464.875, 5938483.049999999813735 ], [ 20464.875, 5938482.974999999627471 ], [ 20464.724999999998545, 5938482.974999999627471 ], [ 20464.724999999998545, 5938482.900000000372529 ], [ 20464.575, 5938482.900000000372529 ], [ 20464.575, 5938482.825000000186265 ], [ 20464.5, 5938482.825000000186265 ], [ 20464.5, 5938482.75 ], [ 20464.349999999998545, 5938482.75 ], [ 20464.349999999998545, 5938482.674999999813735 ], [ 20464.275000000001455, 5938482.674999999813735 ], [ 20464.275000000001455, 5938482.599999999627471 ], [ 20464.2, 5938482.599999999627471 ], [ 20464.2, 5938482.525000000372529 ], [ 20464.05, 5938482.525000000372529 ], [ 20464.05, 5938482.450000000186265 ], [ 20463.974999999998545, 5938482.450000000186265 ], [ 20463.974999999998545, 5938482.375 ], [ 20463.900000000001455, 5938482.375 ], [ 20463.900000000001455, 5938482.224999999627471 ], [ 20463.825, 5938482.224999999627471 ], [ 20463.825, 5938481.924999999813735 ], [ 20463.75, 5938481.924999999813735 ], [ 20463.75, 5938481.700000000186265 ], [ 20463.675, 5938481.700000000186265 ], [ 20463.675, 5938481.400000000372529 ], [ 20463.599999999998545, 5938481.400000000372529 ], [ 20463.599999999998545, 5938481.174999999813735 ], [ 20463.525000000001455, 5938481.174999999813735 ], [ 20463.525000000001455, 5938480.950000000186265 ], [ 20463.45, 5938480.950000000186265 ], [ 20463.45, 5938480.724999999627471 ], [ 20463.375, 5938480.724999999627471 ], [ 20463.375, 5938480.5 ], [ 20463.3, 5938480.5 ], [ 20463.3, 5938480.275000000372529 ], [ 20463.375, 5938480.275000000372529 ], [ 20463.375, 5938480.200000000186265 ], [ 20463.45, 5938480.200000000186265 ], [ 20463.45, 5938480.049999999813735 ], [ 20463.525000000001455, 5938480.049999999813735 ], [ 20463.525000000001455, 5938479.900000000372529 ], [ 20463.599999999998545, 5938479.900000000372529 ], [ 20463.599999999998545, 5938479.75 ], [ 20463.675, 5938479.75 ], [ 20463.675, 5938479.599999999627471 ], [ 20463.75, 5938479.599999999627471 ], [ 20463.75, 5938479.450000000186265 ], [ 20463.825, 5938479.450000000186265 ], [ 20463.825, 5938479.299999999813735 ], [ 20463.900000000001455, 5938479.299999999813735 ], [ 20463.900000000001455, 5938479.150000000372529 ], [ 20463.974999999998545, 5938479.150000000372529 ], [ 20463.974999999998545, 5938478.924999999813735 ], [ 20464.05, 5938478.924999999813735 ], [ 20464.05, 5938478.700000000186265 ], [ 20464.125, 5938478.700000000186265 ], [ 20464.125, 5938478.474999999627471 ], [ 20464.2, 5938478.474999999627471 ], [ 20464.2, 5938478.25 ], [ 20464.275000000001455, 5938478.25 ], [ 20464.275000000001455, 5938478.025000000372529 ], [ 20464.349999999998545, 5938478.025000000372529 ], [ 20464.349999999998545, 5938477.799999999813735 ], [ 20464.425, 5938477.799999999813735 ], [ 20464.425, 5938477.575000000186265 ], [ 20464.5, 5938477.575000000186265 ], [ 20464.5, 5938477.275000000372529 ], [ 20464.575, 5938477.275000000372529 ], [ 20464.575, 5938476.974999999627471 ], [ 20464.650000000001455, 5938476.974999999627471 ], [ 20464.650000000001455, 5938476.599999999627471 ], [ 20464.724999999998545, 5938476.599999999627471 ], [ 20464.724999999998545, 5938476.224999999627471 ], [ 20464.8, 5938476.224999999627471 ], [ 20464.8, 5938475.849999999627471 ], [ 20464.875, 5938475.849999999627471 ], [ 20464.875, 5938475.400000000372529 ], [ 20464.95, 5938475.400000000372529 ], [ 20464.95, 5938474.950000000186265 ], [ 20465.025000000001455, 5938474.950000000186265 ], [ 20465.025000000001455, 5938472.25 ], [ 20464.95, 5938472.25 ], [ 20464.95, 5938471.875 ], [ 20464.875, 5938471.875 ], [ 20464.875, 5938471.575000000186265 ], [ 20464.8, 5938471.575000000186265 ], [ 20464.8, 5938471.275000000372529 ], [ 20464.724999999998545, 5938471.275000000372529 ], [ 20464.724999999998545, 5938471.049999999813735 ], [ 20464.650000000001455, 5938471.049999999813735 ], [ 20464.650000000001455, 5938470.75 ], [ 20464.575, 5938470.75 ], [ 20464.575, 5938470.525000000372529 ], [ 20464.5, 5938470.525000000372529 ], [ 20464.5, 5938470.375 ], [ 20464.425, 5938470.375 ], [ 20464.425, 5938470.150000000372529 ], [ 20464.349999999998545, 5938470.150000000372529 ], [ 20464.349999999998545, 5938470.0 ], [ 20464.275000000001455, 5938470.0 ], [ 20464.275000000001455, 5938469.849999999627471 ], [ 20464.2, 5938469.849999999627471 ], [ 20464.2, 5938469.700000000186265 ], [ 20464.125, 5938469.700000000186265 ], [ 20464.125, 5938469.549999999813735 ], [ 20464.05, 5938469.549999999813735 ], [ 20464.05, 5938469.400000000372529 ], [ 20463.974999999998545, 5938469.400000000372529 ], [ 20463.974999999998545, 5938469.325000000186265 ], [ 20463.900000000001455, 5938469.325000000186265 ], [ 20463.900000000001455, 5938469.174999999813735 ], [ 20463.825, 5938469.174999999813735 ], [ 20463.825, 5938469.099999999627471 ], [ 20463.75, 5938469.099999999627471 ], [ 20463.75, 5938469.025000000372529 ], [ 20463.675, 5938469.025000000372529 ], [ 20463.675, 5938468.875 ], [ 20463.599999999998545, 5938468.875 ], [ 20463.599999999998545, 5938468.799999999813735 ], [ 20463.525000000001455, 5938468.799999999813735 ], [ 20463.525000000001455, 5938468.724999999627471 ], [ 20463.45, 5938468.724999999627471 ], [ 20463.45, 5938468.650000000372529 ], [ 20463.375, 5938468.650000000372529 ], [ 20463.375, 5938468.575000000186265 ], [ 20463.3, 5938468.575000000186265 ], [ 20463.3, 5938468.5 ], [ 20463.224999999998545, 5938468.5 ], [ 20463.224999999998545, 5938468.424999999813735 ], [ 20463.150000000001455, 5938468.424999999813735 ], [ 20463.150000000001455, 5938468.275000000372529 ], [ 20463.075, 5938468.275000000372529 ], [ 20463.075, 5938468.200000000186265 ], [ 20463.0, 5938468.200000000186265 ], [ 20463.0, 5938468.125 ], [ 20462.925, 5938468.125 ], [ 20462.925, 5938468.049999999813735 ], [ 20462.849999999998545, 5938468.049999999813735 ], [ 20462.849999999998545, 5938467.974999999627471 ], [ 20462.7, 5938467.974999999627471 ], [ 20462.7, 5938467.900000000372529 ], [ 20462.625, 5938467.900000000372529 ], [ 20462.625, 5938467.825000000186265 ], [ 20462.55, 5938467.825000000186265 ], [ 20462.55, 5938467.75 ], [ 20462.474999999998545, 5938467.75 ], [ 20462.474999999998545, 5938467.674999999813735 ], [ 20462.325, 5938467.674999999813735 ], [ 20462.325, 5938467.599999999627471 ], [ 20462.25, 5938467.599999999627471 ], [ 20462.25, 5938467.525000000372529 ], [ 20462.099999999998545, 5938467.525000000372529 ], [ 20462.099999999998545, 5938467.450000000186265 ], [ 20461.95, 5938467.450000000186265 ], [ 20461.95, 5938467.375 ], [ 20461.8, 5938467.375 ], [ 20461.8, 5938467.299999999813735 ], [ 20461.650000000001455, 5938467.299999999813735 ], [ 20461.650000000001455, 5938467.224999999627471 ], [ 20461.5, 5938467.224999999627471 ], [ 20461.5, 5938467.150000000372529 ], [ 20461.349999999998545, 5938467.150000000372529 ], [ 20461.349999999998545, 5938467.075000000186265 ], [ 20461.2, 5938467.075000000186265 ], [ 20461.2, 5938467.0 ], [ 20461.125, 5938467.0 ], [ 20461.125, 5938466.924999999813735 ], [ 20461.05, 5938466.924999999813735 ], [ 20461.05, 5938466.849999999627471 ], [ 20460.900000000001455, 5938466.849999999627471 ], [ 20460.900000000001455, 5938466.775000000372529 ], [ 20460.825, 5938466.775000000372529 ], [ 20460.825, 5938466.700000000186265 ], [ 20460.75, 5938466.700000000186265 ], [ 20460.75, 5938466.625 ], [ 20460.675, 5938466.625 ], [ 20460.675, 5938466.549999999813735 ], [ 20460.599999999998545, 5938466.549999999813735 ], [ 20460.599999999998545, 5938466.474999999627471 ], [ 20460.525000000001455, 5938466.474999999627471 ], [ 20460.525000000001455, 5938466.400000000372529 ], [ 20460.45, 5938466.400000000372529 ], [ 20460.45, 5938466.325000000186265 ], [ 20460.375, 5938466.325000000186265 ], [ 20460.375, 5938466.25 ], [ 20460.3, 5938466.25 ], [ 20460.3, 5938466.174999999813735 ], [ 20460.224999999998545, 5938466.174999999813735 ], [ 20460.224999999998545, 5938466.099999999627471 ], [ 20460.150000000001455, 5938466.099999999627471 ], [ 20460.150000000001455, 5938466.025000000372529 ], [ 20460.075, 5938466.025000000372529 ], [ 20460.075, 5938465.950000000186265 ], [ 20460.0, 5938465.950000000186265 ], [ 20460.0, 5938465.875 ], [ 20459.849999999998545, 5938465.875 ], [ 20459.849999999998545, 5938465.799999999813735 ], [ 20459.775000000001455, 5938465.799999999813735 ], [ 20459.775000000001455, 5938465.724999999627471 ], [ 20459.625, 5938465.724999999627471 ], [ 20459.625, 5938465.650000000372529 ], [ 20459.55, 5938465.650000000372529 ], [ 20459.55, 5938465.575000000186265 ], [ 20459.400000000001455, 5938465.575000000186265 ], [ 20459.400000000001455, 5938465.5 ], [ 20459.325, 5938465.5 ], [ 20459.325, 5938465.424999999813735 ], [ 20459.25, 5938465.424999999813735 ], [ 20459.25, 5938465.349999999627471 ], [ 20459.175, 5938465.349999999627471 ], [ 20459.175, 5938465.200000000186265 ], [ 20459.099999999998545, 5938465.200000000186265 ], [ 20459.099999999998545, 5938465.125 ], [ 20459.025000000001455, 5938465.125 ], [ 20459.025000000001455, 5938465.049999999813735 ], [ 20458.95, 5938465.049999999813735 ], [ 20458.95, 5938464.900000000372529 ], [ 20458.875, 5938464.900000000372529 ], [ 20458.875, 5938464.825000000186265 ], [ 20458.8, 5938464.825000000186265 ], [ 20458.8, 5938464.674999999813735 ], [ 20458.724999999998545, 5938464.674999999813735 ], [ 20458.724999999998545, 5938464.375 ], [ 20458.650000000001455, 5938464.375 ], [ 20458.650000000001455, 5938464.075000000186265 ], [ 20458.575, 5938464.075000000186265 ], [ 20458.575, 5938463.849999999627471 ], [ 20458.5, 5938463.849999999627471 ], [ 20458.5, 5938463.549999999813735 ], [ 20458.425, 5938463.549999999813735 ], [ 20458.425, 5938463.25 ], [ 20458.349999999998545, 5938463.25 ], [ 20458.349999999998545, 5938463.025000000372529 ], [ 20458.275000000001455, 5938463.025000000372529 ], [ 20458.275000000001455, 5938462.724999999627471 ], [ 20458.2, 5938462.724999999627471 ], [ 20458.2, 5938462.424999999813735 ], [ 20458.125, 5938462.424999999813735 ], [ 20458.125, 5938462.200000000186265 ], [ 20458.05, 5938462.200000000186265 ], [ 20458.05, 5938461.900000000372529 ], [ 20457.974999999998545, 5938461.900000000372529 ], [ 20457.974999999998545, 5938461.674999999813735 ], [ 20457.900000000001455, 5938461.674999999813735 ], [ 20457.900000000001455, 5938461.450000000186265 ], [ 20457.825, 5938461.450000000186265 ], [ 20457.825, 5938461.224999999627471 ], [ 20457.75, 5938461.224999999627471 ], [ 20457.75, 5938461.0 ], [ 20457.675, 5938461.0 ], [ 20457.675, 5938460.775000000372529 ], [ 20457.599999999998545, 5938460.775000000372529 ], [ 20457.599999999998545, 5938460.549999999813735 ], [ 20457.525000000001455, 5938460.549999999813735 ], [ 20457.525000000001455, 5938460.325000000186265 ], [ 20457.45, 5938460.325000000186265 ], [ 20457.45, 5938460.174999999813735 ], [ 20457.375, 5938460.174999999813735 ], [ 20457.375, 5938459.875 ], [ 20457.3, 5938459.875 ], [ 20457.3, 5938459.575000000186265 ], [ 20457.224999999998545, 5938459.575000000186265 ], [ 20457.224999999998545, 5938459.275000000372529 ], [ 20457.150000000001455, 5938459.275000000372529 ], [ 20457.150000000001455, 5938458.974999999627471 ], [ 20457.075, 5938458.974999999627471 ], [ 20457.075, 5938458.674999999813735 ], [ 20457.150000000001455, 5938458.674999999813735 ], [ 20457.150000000001455, 5938458.075000000186265 ], [ 20457.224999999998545, 5938458.075000000186265 ], [ 20457.224999999998545, 5938457.549999999813735 ], [ 20457.3, 5938457.549999999813735 ], [ 20457.3, 5938457.025000000372529 ], [ 20457.375, 5938457.025000000372529 ], [ 20457.375, 5938456.799999999813735 ], [ 20457.45, 5938456.799999999813735 ], [ 20457.45, 5938456.724999999627471 ], [ 20457.525000000001455, 5938456.724999999627471 ], [ 20457.525000000001455, 5938456.650000000372529 ], [ 20457.599999999998545, 5938456.650000000372529 ], [ 20457.599999999998545, 5938456.5 ], [ 20457.675, 5938456.5 ], [ 20457.675, 5938456.349999999627471 ], [ 20457.75, 5938456.349999999627471 ], [ 20457.75, 5938456.275000000372529 ], [ 20457.825, 5938456.275000000372529 ], [ 20457.825, 5938456.125 ], [ 20457.900000000001455, 5938456.125 ], [ 20457.900000000001455, 5938455.974999999627471 ], [ 20457.974999999998545, 5938455.974999999627471 ], [ 20457.974999999998545, 5938455.825000000186265 ], [ 20458.05, 5938455.825000000186265 ], [ 20458.05, 5938455.674999999813735 ], [ 20458.125, 5938455.674999999813735 ], [ 20458.125, 5938455.525000000372529 ], [ 20458.2, 5938455.525000000372529 ], [ 20458.2, 5938455.299999999813735 ], [ 20458.275000000001455, 5938455.299999999813735 ], [ 20458.275000000001455, 5938455.150000000372529 ], [ 20458.349999999998545, 5938455.150000000372529 ], [ 20458.349999999998545, 5938454.924999999813735 ], [ 20458.425, 5938454.924999999813735 ], [ 20458.425, 5938454.775000000372529 ], [ 20458.5, 5938454.775000000372529 ], [ 20458.5, 5938454.625 ], [ 20458.575, 5938454.625 ], [ 20458.575, 5938454.474999999627471 ], [ 20458.650000000001455, 5938454.474999999627471 ], [ 20458.650000000001455, 5938454.325000000186265 ], [ 20458.724999999998545, 5938454.325000000186265 ], [ 20458.724999999998545, 5938454.174999999813735 ], [ 20458.8, 5938454.174999999813735 ], [ 20458.8, 5938454.025000000372529 ], [ 20458.875, 5938454.025000000372529 ], [ 20458.875, 5938453.875 ], [ 20458.95, 5938453.875 ], [ 20458.95, 5938453.799999999813735 ], [ 20459.025000000001455, 5938453.799999999813735 ], [ 20459.025000000001455, 5938453.650000000372529 ], [ 20459.099999999998545, 5938453.650000000372529 ], [ 20459.099999999998545, 5938453.575000000186265 ], [ 20459.175, 5938453.575000000186265 ], [ 20459.175, 5938453.5 ], [ 20459.25, 5938453.5 ], [ 20459.25, 5938453.349999999627471 ], [ 20459.325, 5938453.349999999627471 ], [ 20459.325, 5938453.275000000372529 ], [ 20459.400000000001455, 5938453.275000000372529 ], [ 20459.400000000001455, 5938453.200000000186265 ], [ 20459.55, 5938453.200000000186265 ], [ 20459.55, 5938453.125 ], [ 20459.625, 5938453.125 ], [ 20459.625, 5938453.049999999813735 ], [ 20459.775000000001455, 5938453.049999999813735 ], [ 20459.775000000001455, 5938452.974999999627471 ], [ 20459.925, 5938452.974999999627471 ], [ 20459.925, 5938452.900000000372529 ], [ 20460.075, 5938452.900000000372529 ], [ 20460.075, 5938452.825000000186265 ], [ 20460.3, 5938452.825000000186265 ], [ 20460.3, 5938452.75 ], [ 20460.525000000001455, 5938452.75 ], [ 20460.525000000001455, 5938452.674999999813735 ], [ 20460.75, 5938452.674999999813735 ], [ 20460.75, 5938452.599999999627471 ], [ 20460.974999999998545, 5938452.599999999627471 ], [ 20460.974999999998545, 5938452.525000000372529 ], [ 20461.275000000001455, 5938452.525000000372529 ], [ 20461.275000000001455, 5938452.450000000186265 ], [ 20461.425, 5938452.450000000186265 ], [ 20461.425, 5938452.525000000372529 ], [ 20461.875, 5938452.525000000372529 ], [ 20461.875, 5938452.599999999627471 ], [ 20462.400000000001455, 5938452.599999999627471 ], [ 20462.400000000001455, 5938452.674999999813735 ], [ 20462.849999999998545, 5938452.674999999813735 ], [ 20462.849999999998545, 5938452.75 ], [ 20463.375, 5938452.75 ], [ 20463.375, 5938452.825000000186265 ], [ 20463.900000000001455, 5938452.825000000186265 ], [ 20463.900000000001455, 5938452.900000000372529 ], [ 20464.349999999998545, 5938452.900000000372529 ], [ 20464.349999999998545, 5938452.974999999627471 ], [ 20464.8, 5938452.974999999627471 ], [ 20464.8, 5938453.049999999813735 ], [ 20465.175, 5938453.049999999813735 ], [ 20465.175, 5938453.125 ], [ 20465.55, 5938453.125 ], [ 20465.55, 5938453.200000000186265 ], [ 20466.0, 5938453.200000000186265 ], [ 20466.0, 5938453.275000000372529 ], [ 20466.45, 5938453.275000000372529 ], [ 20466.45, 5938453.349999999627471 ], [ 20466.974999999998545, 5938453.349999999627471 ], [ 20466.974999999998545, 5938453.424999999813735 ], [ 20468.55, 5938453.424999999813735 ], [ 20468.55, 5938453.5 ], [ 20469.599999999998545, 5938453.5 ], [ 20469.599999999998545, 5938453.424999999813735 ], [ 20471.175, 5938453.424999999813735 ], [ 20471.175, 5938453.349999999627471 ], [ 20472.525000000001455, 5938453.349999999627471 ], [ 20472.525000000001455, 5938453.275000000372529 ], [ 20473.724999999998545, 5938453.275000000372529 ], [ 20473.724999999998545, 5938453.200000000186265 ], [ 20474.849999999998545, 5938453.200000000186265 ], [ 20474.849999999998545, 5938453.125 ], [ 20475.0, 5938453.125 ], [ 20475.0, 5938453.200000000186265 ], [ 20475.375, 5938453.200000000186265 ], [ 20475.375, 5938453.275000000372529 ], [ 20475.75, 5938453.275000000372529 ], [ 20475.75, 5938453.349999999627471 ], [ 20476.125, 5938453.349999999627471 ], [ 20476.125, 5938453.424999999813735 ], [ 20476.5, 5938453.424999999813735 ], [ 20476.5, 5938453.5 ], [ 20477.099999999998545, 5938453.5 ], [ 20477.099999999998545, 5938453.575000000186265 ], [ 20477.775000000001455, 5938453.575000000186265 ], [ 20477.775000000001455, 5938453.650000000372529 ], [ 20478.150000000001455, 5938453.650000000372529 ], [ 20478.150000000001455, 5938453.724999999627471 ], [ 20478.3, 5938453.724999999627471 ], [ 20478.3, 5938453.799999999813735 ], [ 20478.375, 5938453.799999999813735 ], [ 20478.375, 5938453.950000000186265 ], [ 20478.45, 5938453.950000000186265 ], [ 20478.45, 5938454.025000000372529 ], [ 20478.525000000001455, 5938454.025000000372529 ], [ 20478.525000000001455, 5938454.099999999627471 ], [ 20478.599999999998545, 5938454.099999999627471 ], [ 20478.599999999998545, 5938454.174999999813735 ], [ 20478.675, 5938454.174999999813735 ], [ 20478.675, 5938454.325000000186265 ], [ 20478.75, 5938454.325000000186265 ], [ 20478.75, 5938454.474999999627471 ], [ 20478.825, 5938454.474999999627471 ], [ 20478.825, 5938454.549999999813735 ], [ 20478.900000000001455, 5938454.549999999813735 ], [ 20478.900000000001455, 5938454.700000000186265 ], [ 20478.974999999998545, 5938454.700000000186265 ], [ 20478.974999999998545, 5938454.924999999813735 ], [ 20479.05, 5938454.924999999813735 ], [ 20479.05, 5938455.0 ], [ 20479.125, 5938455.0 ], [ 20479.125, 5938455.150000000372529 ], [ 20479.2, 5938455.150000000372529 ], [ 20479.2, 5938455.224999999627471 ], [ 20479.275000000001455, 5938455.224999999627471 ], [ 20479.275000000001455, 5938455.299999999813735 ], [ 20479.349999999998545, 5938455.299999999813735 ], [ 20479.349999999998545, 5938455.450000000186265 ], [ 20479.425, 5938455.450000000186265 ], [ 20479.425, 5938455.525000000372529 ], [ 20479.5, 5938455.525000000372529 ], [ 20479.5, 5938455.674999999813735 ], [ 20479.575, 5938455.674999999813735 ], [ 20479.575, 5938455.825000000186265 ], [ 20479.650000000001455, 5938455.825000000186265 ], [ 20479.650000000001455, 5938455.974999999627471 ], [ 20479.724999999998545, 5938455.974999999627471 ], [ 20479.724999999998545, 5938456.125 ], [ 20479.8, 5938456.125 ], [ 20479.8, 5938456.275000000372529 ], [ 20479.875, 5938456.275000000372529 ], [ 20479.875, 5938456.5 ], [ 20479.95, 5938456.5 ], [ 20479.95, 5938456.724999999627471 ], [ 20480.025000000001455, 5938456.724999999627471 ], [ 20480.025000000001455, 5938456.950000000186265 ], [ 20480.099999999998545, 5938456.950000000186265 ], [ 20480.099999999998545, 5938457.924999999813735 ], [ 20480.175, 5938457.924999999813735 ], [ 20480.175, 5938458.75 ], [ 20480.25, 5938458.75 ], [ 20480.25, 5938458.974999999627471 ], [ 20480.175, 5938458.974999999627471 ], [ 20480.175, 5938459.424999999813735 ], [ 20480.099999999998545, 5938459.424999999813735 ], [ 20480.099999999998545, 5938459.950000000186265 ], [ 20480.025000000001455, 5938459.950000000186265 ], [ 20480.025000000001455, 5938460.549999999813735 ], [ 20479.95, 5938460.549999999813735 ], [ 20479.95, 5938461.075000000186265 ], [ 20479.875, 5938461.075000000186265 ], [ 20479.875, 5938461.525000000372529 ], [ 20479.8, 5938461.525000000372529 ], [ 20479.8, 5938461.974999999627471 ], [ 20479.724999999998545, 5938461.974999999627471 ], [ 20479.724999999998545, 5938462.424999999813735 ], [ 20479.650000000001455, 5938462.424999999813735 ], [ 20479.650000000001455, 5938462.799999999813735 ], [ 20479.575, 5938462.799999999813735 ], [ 20479.575, 5938462.950000000186265 ], [ 20479.5, 5938462.950000000186265 ], [ 20479.5, 5938463.099999999627471 ], [ 20479.425, 5938463.099999999627471 ], [ 20479.425, 5938463.25 ], [ 20479.349999999998545, 5938463.25 ], [ 20479.349999999998545, 5938463.400000000372529 ], [ 20479.275000000001455, 5938463.400000000372529 ], [ 20479.275000000001455, 5938463.474999999627471 ], [ 20479.2, 5938463.474999999627471 ], [ 20479.2, 5938463.625 ], [ 20479.125, 5938463.625 ], [ 20479.125, 5938463.700000000186265 ], [ 20479.05, 5938463.700000000186265 ], [ 20479.05, 5938463.775000000372529 ], [ 20478.974999999998545, 5938463.775000000372529 ], [ 20478.974999999998545, 5938463.849999999627471 ], [ 20478.900000000001455, 5938463.849999999627471 ], [ 20478.900000000001455, 5938464.0 ], [ 20478.825, 5938464.0 ], [ 20478.825, 5938464.075000000186265 ], [ 20478.75, 5938464.075000000186265 ], [ 20478.75, 5938464.150000000372529 ], [ 20478.675, 5938464.150000000372529 ], [ 20478.675, 5938464.224999999627471 ], [ 20478.599999999998545, 5938464.224999999627471 ], [ 20478.599999999998545, 5938464.375 ], [ 20478.525000000001455, 5938464.375 ], [ 20478.525000000001455, 5938464.450000000186265 ], [ 20478.45, 5938464.450000000186265 ], [ 20478.45, 5938464.599999999627471 ], [ 20478.375, 5938464.599999999627471 ], [ 20478.375, 5938464.75 ], [ 20478.3, 5938464.75 ], [ 20478.3, 5938465.049999999813735 ], [ 20478.224999999998545, 5938465.049999999813735 ], [ 20478.224999999998545, 5938465.349999999627471 ], [ 20478.150000000001455, 5938465.349999999627471 ], [ 20478.150000000001455, 5938465.650000000372529 ], [ 20478.075, 5938465.650000000372529 ], [ 20478.075, 5938465.875 ], [ 20478.0, 5938465.875 ], [ 20478.0, 5938466.174999999813735 ], [ 20477.925, 5938466.174999999813735 ], [ 20477.925, 5938466.400000000372529 ], [ 20477.849999999998545, 5938466.400000000372529 ], [ 20477.849999999998545, 5938466.625 ], [ 20477.775000000001455, 5938466.625 ], [ 20477.775000000001455, 5938466.924999999813735 ], [ 20477.7, 5938466.924999999813735 ], [ 20477.7, 5938467.224999999627471 ], [ 20477.625, 5938467.224999999627471 ], [ 20477.625, 5938467.525000000372529 ], [ 20477.55, 5938467.525000000372529 ], [ 20477.55, 5938467.75 ], [ 20477.474999999998545, 5938467.75 ], [ 20477.474999999998545, 5938467.974999999627471 ], [ 20477.400000000001455, 5938467.974999999627471 ], [ 20477.400000000001455, 5938468.125 ], [ 20477.325, 5938468.125 ], [ 20477.325, 5938468.349999999627471 ], [ 20477.25, 5938468.349999999627471 ], [ 20477.25, 5938468.5 ], [ 20477.175, 5938468.5 ], [ 20477.175, 5938468.724999999627471 ], [ 20477.099999999998545, 5938468.724999999627471 ], [ 20477.099999999998545, 5938468.875 ], [ 20477.025000000001455, 5938468.875 ], [ 20477.025000000001455, 5938469.099999999627471 ], [ 20476.95, 5938469.099999999627471 ], [ 20476.95, 5938469.25 ], [ 20476.875, 5938469.25 ], [ 20476.875, 5938469.400000000372529 ], [ 20476.8, 5938469.400000000372529 ], [ 20476.8, 5938469.625 ], [ 20476.724999999998545, 5938469.625 ], [ 20476.724999999998545, 5938469.775000000372529 ], [ 20476.650000000001455, 5938469.775000000372529 ], [ 20476.650000000001455, 5938469.924999999813735 ], [ 20476.575, 5938469.924999999813735 ], [ 20476.575, 5938470.150000000372529 ], [ 20476.5, 5938470.150000000372529 ], [ 20476.5, 5938470.299999999813735 ], [ 20476.425, 5938470.299999999813735 ], [ 20476.425, 5938470.525000000372529 ], [ 20476.349999999998545, 5938470.525000000372529 ], [ 20476.349999999998545, 5938470.75 ], [ 20476.275000000001455, 5938470.75 ], [ 20476.275000000001455, 5938470.974999999627471 ], [ 20476.2, 5938470.974999999627471 ], [ 20476.2, 5938471.200000000186265 ], [ 20476.125, 5938471.200000000186265 ], [ 20476.125, 5938471.424999999813735 ], [ 20476.05, 5938471.424999999813735 ], [ 20476.05, 5938471.650000000372529 ], [ 20475.974999999998545, 5938471.650000000372529 ], [ 20475.974999999998545, 5938471.875 ], [ 20475.900000000001455, 5938471.875 ], [ 20475.900000000001455, 5938472.099999999627471 ], [ 20475.825, 5938472.099999999627471 ], [ 20475.825, 5938472.25 ], [ 20475.75, 5938472.25 ], [ 20475.75, 5938472.474999999627471 ], [ 20475.675, 5938472.474999999627471 ], [ 20475.675, 5938472.549999999813735 ], [ 20475.599999999998545, 5938472.549999999813735 ], [ 20475.599999999998545, 5938472.625 ], [ 20475.525000000001455, 5938472.625 ], [ 20475.525000000001455, 5938472.775000000372529 ], [ 20475.45, 5938472.775000000372529 ], [ 20475.45, 5938472.849999999627471 ], [ 20475.375, 5938472.849999999627471 ], [ 20475.375, 5938472.924999999813735 ], [ 20475.3, 5938472.924999999813735 ], [ 20475.3, 5938473.0 ], [ 20475.224999999998545, 5938473.0 ], [ 20475.224999999998545, 5938473.075000000186265 ], [ 20475.150000000001455, 5938473.075000000186265 ], [ 20475.150000000001455, 5938473.224999999627471 ], [ 20475.0, 5938473.224999999627471 ], [ 20475.0, 5938473.375 ], [ 20474.925, 5938473.375 ], [ 20474.925, 5938473.525000000372529 ], [ 20474.849999999998545, 5938473.525000000372529 ], [ 20474.849999999998545, 5938473.674999999813735 ], [ 20474.775000000001455, 5938473.674999999813735 ], [ 20474.775000000001455, 5938473.825000000186265 ], [ 20474.7, 5938473.825000000186265 ], [ 20474.7, 5938473.974999999627471 ], [ 20474.625, 5938473.974999999627471 ], [ 20474.625, 5938474.125 ], [ 20474.55, 5938474.125 ], [ 20474.55, 5938474.349999999627471 ], [ 20474.474999999998545, 5938474.349999999627471 ], [ 20474.474999999998545, 5938474.5 ], [ 20474.400000000001455, 5938474.5 ], [ 20474.400000000001455, 5938474.799999999813735 ], [ 20474.325, 5938474.799999999813735 ], [ 20474.325, 5938475.099999999627471 ], [ 20474.25, 5938475.099999999627471 ], [ 20474.25, 5938475.400000000372529 ], [ 20474.175, 5938475.400000000372529 ], [ 20474.175, 5938475.700000000186265 ], [ 20474.099999999998545, 5938475.700000000186265 ], [ 20474.099999999998545, 5938476.0 ], [ 20474.025000000001455, 5938476.0 ], [ 20474.025000000001455, 5938476.299999999813735 ], [ 20473.95, 5938476.299999999813735 ], [ 20473.95, 5938476.674999999813735 ], [ 20473.875, 5938476.674999999813735 ], [ 20473.875, 5938476.974999999627471 ], [ 20473.8, 5938476.974999999627471 ], [ 20473.8, 5938477.349999999627471 ], [ 20473.724999999998545, 5938477.349999999627471 ], [ 20473.724999999998545, 5938477.650000000372529 ], [ 20473.650000000001455, 5938477.650000000372529 ], [ 20473.650000000001455, 5938477.950000000186265 ], [ 20473.575, 5938477.950000000186265 ], [ 20473.575, 5938478.25 ], [ 20473.5, 5938478.25 ], [ 20473.5, 5938478.549999999813735 ], [ 20473.425, 5938478.549999999813735 ], [ 20473.425, 5938478.849999999627471 ], [ 20473.349999999998545, 5938478.849999999627471 ], [ 20473.349999999998545, 5938479.150000000372529 ], [ 20473.275000000001455, 5938479.150000000372529 ], [ 20473.275000000001455, 5938479.375 ], [ 20473.2, 5938479.375 ], [ 20473.2, 5938479.599999999627471 ], [ 20473.125, 5938479.599999999627471 ], [ 20473.125, 5938479.825000000186265 ], [ 20473.05, 5938479.825000000186265 ], [ 20473.05, 5938480.125 ], [ 20472.974999999998545, 5938480.125 ], [ 20472.974999999998545, 5938480.349999999627471 ], [ 20472.900000000001455, 5938480.349999999627471 ], [ 20472.900000000001455, 5938480.5 ], [ 20472.825, 5938480.5 ], [ 20472.825, 5938480.650000000372529 ], [ 20472.75, 5938480.650000000372529 ], [ 20472.75, 5938480.799999999813735 ], [ 20472.675, 5938480.799999999813735 ], [ 20472.675, 5938480.950000000186265 ], [ 20472.599999999998545, 5938480.950000000186265 ], [ 20472.599999999998545, 5938481.099999999627471 ], [ 20472.525000000001455, 5938481.099999999627471 ], [ 20472.525000000001455, 5938481.25 ], [ 20472.45, 5938481.25 ], [ 20472.45, 5938481.400000000372529 ], [ 20472.375, 5938481.400000000372529 ], [ 20472.375, 5938481.549999999813735 ], [ 20472.3, 5938481.549999999813735 ], [ 20472.3, 5938481.700000000186265 ], [ 20472.224999999998545, 5938481.700000000186265 ], [ 20472.224999999998545, 5938481.849999999627471 ], [ 20472.150000000001455, 5938481.849999999627471 ], [ 20472.150000000001455, 5938482.0 ], [ 20472.075, 5938482.0 ], [ 20472.075, 5938482.150000000372529 ], [ 20472.0, 5938482.150000000372529 ], [ 20472.0, 5938482.299999999813735 ], [ 20471.925, 5938482.299999999813735 ], [ 20471.925, 5938482.375 ], [ 20471.849999999998545, 5938482.375 ], [ 20471.849999999998545, 5938482.525000000372529 ], [ 20471.775000000001455, 5938482.525000000372529 ], [ 20471.775000000001455, 5938482.599999999627471 ], [ 20471.7, 5938482.599999999627471 ], [ 20471.7, 5938482.674999999813735 ], [ 20471.625, 5938482.674999999813735 ], [ 20471.625, 5938482.75 ], [ 20471.55, 5938482.75 ], [ 20471.55, 5938482.825000000186265 ], [ 20471.474999999998545, 5938482.825000000186265 ], [ 20471.474999999998545, 5938482.900000000372529 ], [ 20471.400000000001455, 5938482.900000000372529 ], [ 20471.400000000001455, 5938482.974999999627471 ], [ 20471.25, 5938482.974999999627471 ], [ 20471.25, 5938483.049999999813735 ], [ 20471.099999999998545, 5938483.049999999813735 ], [ 20471.099999999998545, 5938483.125 ], [ 20470.95, 5938483.125 ], [ 20470.95, 5938483.200000000186265 ], [ 20470.8, 5938483.200000000186265 ], [ 20470.8, 5938483.275000000372529 ], [ 20470.650000000001455, 5938483.275000000372529 ], [ 20470.650000000001455, 5938483.349999999627471 ], [ 20470.425, 5938483.349999999627471 ], [ 20470.425, 5938483.424999999813735 ], [ 20470.2, 5938483.424999999813735 ], [ 20470.2, 5938483.5 ], [ 20470.05, 5938483.5 ], [ 20470.05, 5938483.575000000186265 ], [ 20469.825, 5938483.575000000186265 ], [ 20469.825, 5938483.650000000372529 ], [ 20469.599999999998545, 5938483.650000000372529 ], [ 20469.599999999998545, 5938483.724999999627471 ], [ 20469.375, 5938483.724999999627471 ], [ 20469.375, 5938483.799999999813735 ], [ 20469.150000000001455, 5938483.799999999813735 ], [ 20469.150000000001455, 5938483.875 ], [ 20468.55, 5938483.875 ], [ 20468.55, 5938483.950000000186265 ], [ 20468.025000000001455, 5938483.950000000186265 ], [ 20468.025000000001455, 5938484.025000000372529 ], [ 20467.575, 5938484.025000000372529 ], [ 20467.575, 5938484.099999999627471 ], [ 20467.05, 5938484.099999999627471 ] ] ] } },
{ "type": "Feature", "properties": { "value": 1.0, "building_id": 10, "area": 340.66687499927644 }, "geometry": { "type": "Polygon", "coordinates": [ [ [ 20927.25, 5938444.5 ], [ 20927.25, 5938444.424999999813735 ], [ 20926.05, 5938444.424999999813735 ], [ 20926.05, 5938444.349999999627471 ], [ 20924.625, 5938444.349999999627471 ], [ 20924.625, 5938444.275000000372529 ], [ 20922.974999999998545, 5938444.275000000372529 ], [ 20922.974999999998545, 5938444.200000000186265 ], [ 20922.075, 5938444.200000000186265 ], [ 20922.075, 5938444.125 ], [ 20921.849999999998545, 5938444.125 ], [ 20921.849999999998545, 5938444.049999999813735 ], [ 20921.55, 5938444.049999999813735 ], [ 20921.55, 5938443.974999999627471 ], [ 20921.325, 5938443.974999999627471 ], [ 20921.325, 5938443.900000000372529 ], [ 20921.099999999998545, 5938443.900000000372529 ], [ 20921.099999999998545, 5938443.825000000186265 ], [ 20920.875, 5938443.825000000186265 ], [ 20920.875, 5938443.75 ], [ 20920.724999999998545, 5938443.75 ], [ 20920.724999999998545, 5938443.674999999813735 ], [ 20920.5, 5938443.674999999813735 ], [ 20920.5, 5938443.599999999627471 ], [ 20920.349999999998545, 5938443.599999999627471 ], [ 20920.349999999998545, 5938443.525000000372529 ], [ 20920.275000000001455, 5938443.525000000372529 ], [ 20920.275000000001455, 5938443.450000000186265 ], [ 20920.2, 5938443.450000000186265 ], [ 20920.2, 5938443.375 ], [ 20920.125, 5938443.375 ], [ 20920.125, 5938443.299999999813735 ], [ 20920.05, 5938443.299999999813735 ], [ 20920.05, 5938443.224999999627471 ], [ 20919.974999999998545, 5938443.224999999627471 ], [ 20919.974999999998545, 5938443.0 ], [ 20919.900000000001455, 5938443.0 ], [ 20919.900000000001455, 5938442.775000000372529 ], [ 20919.825, 5938442.775000000372529 ], [ 20919.825, 5938442.549999999813735 ], [ 20919.75, 5938442.549999999813735 ], [ 20919.75, 5938442.25 ], [ 20919.675, 5938442.25 ], [ 20919.675, 5938441.950000000186265 ], [ 20919.599999999998545, 5938441.950000000186265 ], [ 20919.599999999998545, 5938441.650000000372529 ], [ 20919.525000000001455, 5938441.650000000372529 ], [ 20919.525000000001455, 5938441.275000000372529 ], [ 20919.45, 5938441.275000000372529 ], [ 20919.45, 5938438.875 ], [ 20919.375, 5938438.875 ], [ 20919.375, 5938436.099999999627471 ], [ 20919.3, 5938436.099999999627471 ], [ 20919.3, 5938434.075000000186265 ], [ 20919.224999999998545, 5938434.075000000186265 ], [ 20919.224999999998545, 5938432.875 ], [ 20919.150000000001455, 5938432.875 ], [ 20919.150000000001455, 5938431.974999999627471 ], [ 20919.075, 5938431.974999999627471 ], [ 20919.075, 5938431.375 ], [ 20919.0, 5938431.375 ], [ 20919.0, 5938430.924999999813735 ], [ 20918.925, 5938430.924999999813735 ], [ 20918.925, 5938430.549999999813735 ], [ 20918.849999999998545, 5938430.549999999813735 ], [ 20918.849999999998545, 5938430.25 ], [ 20918.775000000001455, 5938430.25 ], [ 20918.775000000001455, 5938429.950000000186265 ], [ 20918.7, 5938429.950000000186265 ], [ 20918.7, 5938429.650000000372529 ], [ 20918.625, 5938429.650000000372529 ], [ 20918.625, 5938429.5 ], [ 20918.55, 5938429.5 ], [ 20918.55, 5938429.349999999627471 ], [ 20918.474999999998545, 5938429.349999999627471 ], [ 20918.474999999998545, 5938429.200000000186265 ], [ 20918.400000000001455, 5938429.200000000186265 ], [ 20918.400000000001455, 5938429.049999999813735 ], [ 20918.325, 5938429.049999999813735 ], [ 20918.325, 5938428.900000000372529 ], [ 20918.25, 5938428.900000000372529 ], [ 20918.25, 5938428.825000000186265 ], [ 20918.175, 5938428.825000000186265 ], [ 20918.175, 5938428.674999999813735 ], [ 20918.099999999998545, 5938428.674999999813735 ], [ 20918.099999999998545, 5938428.525000000372529 ], [ 20918.025000000001455, 5938428.525000000372529 ], [ 20918.025000000001455, 5938428.299999999813735 ], [ 20917.95, 5938428.299999999813735 ], [ 20917.95, 5938428.150000000372529 ], [ 20917.875, 5938428.150000000372529 ], [ 20917.875, 5938427.924999999813735 ], [ 20917.8, 5938427.924999999813735 ], [ 20917.8, 5938427.775000000372529 ], [ 20917.724999999998545, 5938427.775000000372529 ], [ 20917.724999999998545, 5938425.674999999813735 ], [ 20917.8, 5938425.674999999813735 ], [ 20917.8, 5938425.525000000372529 ], [ 20917.875, 5938425.525000000372529 ], [ 20917.875, 5938425.299999999813735 ], [ 20917.95, 5938425.299999999813735 ], [ 20917.95, 5938425.224999999627471 ], [ 20918.025000000001455, 5938425.224999999627471 ], [ 20918.025000000001455, 5938425.075000000186265 ], [ 20918.099999999998545, 5938425.075000000186265 ], [ 20918.099999999998545, 5938424.924999999813735 ], [ 20918.175, 5938424.924999999813735 ], [ 20918.175, 5938424.775000000372529 ], [ 20918.25, 5938424.775000000372529 ], [ 20918.25, 5938424.700000000186265 ], [ 20918.325, 5938424.700000000186265 ], [ 20918.325, 5938424.625 ], [ 20918.400000000001455, 5938424.625 ], [ 20918.400000000001455, 5938424.474999999627471 ], [ 20918.474999999998545, 5938424.474999999627471 ], [ 20918.474999999998545, 5938424.400000000372529 ], [ 20918.55, 5938424.400000000372529 ], [ 20918.55, 5938424.25 ], [ 20918.625, 5938424.25 ], [ 20918.625, 5938424.174999999813735 ], [ 20918.7, 5938424.174999999813735 ], [ 20918.7, 5938424.025000000372529 ], [ 20918.775000000001455, 5938424.025000000372529 ], [ 20918.775000000001455, 5938423.875 ], [ 20918.849999999998545, 5938423.875 ], [ 20918.849999999998545, 5938423.650000000372529 ], [ 20918.925, 5938423.650000000372529 ], [ 20918.925, 5938423.424999999813735 ], [ 20919.0, 5938423.424999999813735 ], [ 20919.0, 5938423.125 ], [ 20919.075, 5938423.125 ], [ 20919.075, 5938422.825000000186265 ], [ 20919.150000000001455, 5938422.825000000186265 ], [ 20919.150000000001455, 5938422.599999999627471 ], [ 20919.224999999998545, 5938422.599999999627471 ], [ 20919.224999999998545, 5938422.299999999813735 ], [ 20919.3, 5938422.299999999813735 ], [ 20919.3, 5938422.075000000186265 ], [ 20919.375, 5938422.075000000186265 ], [ 20919.375, 5938421.775000000372529 ], [ 20919.45, 5938421.775000000372529 ], [ 20919.45, 5938421.625 ], [ 20919.525000000001455, 5938421.625 ], [ 20919.525000000001455, 5938421.549999999813735 ], [ 20919.599999999998545, 5938421.549999999813735 ], [ 20919.599999999998545, 5938421.400000000372529 ], [ 20919.675, 5938421.400000000372529 ], [ 20919.675, 5938421.25 ], [ 20919.75, 5938421.25 ], [ 20919.75, 5938421.174999999813735 ], [ 20919.825, 5938421.174999999813735 ], [ 20919.825, 5938421.099999999627471 ], [ 20919.900000000001455, 5938421.099999999627471 ], [ 20919.900000000001455, 5938420.950000000186265 ], [ 20919.974999999998545, 5938420.950000000186265 ], [ 20919.974999999998545, 5938420.875 ], [ 20920.05, 5938420.875 ], [ 20920.05, 5938420.799999999813735 ], [ 20920.125, 5938420.799999999813735 ], [ 20920.125, 5938420.724999999627471 ], [ 20920.2, 5938420.724999999627471 ], [ 20920.2, 5938420.650000000372529 ], [ 20920.275000000001455, 5938420.650000000372529 ], [ 20920.275000000001455, 5938420.575000000186265 ], [ 20920.425, 5938420.575000000186265 ], [ 20920.425, 5938420.5 ], [ 20920.5, 5938420.5 ], [ 20920.5, 5938420.424999999813735 ], [ 20920.575, 5938420.424999999813735 ], [ 20920.575, 5938420.349999999627471 ], [ 20920.650000000001455, 5938420.349999999627471 ], [ 20920.650000000001455, 5938420.275000000372529 ], [ 20920.724999999998545, 5938420.275000000372529 ], [ 20920.724999999998545, 5938420.200000000186265 ], [ 20920.8, 5938420.200000000186265 ], [ 20920.8, 5938420.125 ], [ 20920.875, 5938420.125 ], [ 20920.875, 5938420.049999999813735 ], [ 20920.95, 5938420.049999999813735 ], [ 20920.95, 5938419.974999999627471 ], [ 20921.025000000001455, 5938419.974999999627471 ], [ 20921.025000000001455, 5938419.825000000186265 ], [ 20921.099999999998545, 5938419.825000000186265 ], [ 20921.099999999998545, 5938419.75 ], [ 20921.175, 5938419.75 ], [ 20921.175, 5938419.674999999813735 ], [ 20921.25, 5938419.674999999813735 ], [ 20921.25, 5938419.525000000372529 ], [ 20921.325, 5938419.525000000372529 ], [ 20921.325, 5938419.450000000186265 ], [ 20921.400000000001455, 5938419.450000000186265 ], [ 20921.400000000001455, 5938419.375 ], [ 20921.474999999998545, 5938419.375 ], [ 20921.474999999998545, 5938419.299999999813735 ], [ 20921.55, 5938419.299999999813735 ], [ 20921.55, 5938419.224999999627471 ], [ 20921.7, 5938419.224999999627471 ], [ 20921.7, 5938419.150000000372529 ], [ 20921.775000000001455, 5938419.150000000372529 ], [ 20921.775000000001455, 5938419.075000000186265 ], [ 20921.849999999998545, 5938419.075000000186265 ], [ 20921.849999999998545, 5938419.0 ], [ 20921.925, 5938419.0 ], [ 20921.925, 5938418.924999999813735 ], [ 20922.075, 5938418.924999999813735 ], [ 20922.075, 5938418.849999999627471 ], [ 20922.150000000001455, 5938418.849999999627471 ], [ 20922.150000000001455, 5938418.775000000372529 ], [ 20922.375, 5938418.775000000372529 ], [ 20922.375, 5938418.700000000186265 ], [ 20922.825, 5938418.700000000186265 ], [ 20922.825, 5938418.625 ], [ 20923.2, 5938418.625 ], [ 20923.2, 5938418.549999999813735 ], [ 20923.575, 5938418.549999999813735 ], [ 20923.575, 5938418.474999999627471 ], [ 20924.025000000001455, 5938418.474999999627471 ], [ 20924.025000000001455, 5938418.400000000372529 ], [ 20924.474999999998545, 5938418.400000000372529 ], [ 20924.474999999998545, 5938418.325000000186265 ], [ 20925.0, 5938418.325000000186265 ], [ 20925.0, 5938418.25 ], [ 20926.425, 5938418.25 ], [ 20926.425, 5938418.325000000186265 ], [ 20928.224999999998545, 5938418.325000000186265 ], [ 20928.224999999998545, 5938418.400000000372529 ], [ 20929.724999999998545, 5938418.400000000372529 ], [ 20929.724999999998545, 5938418.474999999627471 ], [ 20930.775000000001455, 5938418.474999999627471 ], [ 20930.775000000001455, 5938418.549999999813735 ], [ 20930.925, 5938418.549999999813735 ], [ 20930.925, 5938418.625 ], [ 20931.0, 5938418.625 ], [ 20931.0, 5938418.700000000186265 ], [ 20931.150000000001455, 5938418.700000000186265 ], [ 20931.150000000001455, 5938418.775000000372529 ], [ 20931.224999999998545, 5938418.775000000372529 ], [ 20931.224999999998545, 5938418.849999999627471 ], [ 20931.375, 5938418.849999999627471 ], [ 20931.375, 5938418.924999999813735 ], [ 20931.45, 5938418.924999999813735 ], [ 20931.45, 5938419.0 ], [ 20931.599999999998545, 5938419.0 ], [ 20931.599999999998545, 5938419.075000000186265 ], [ 20931.675, 5938419.075000000186265 ], [ 20931.675, 5938419.150000000372529 ], [ 20931.75, 5938419.150000000372529 ], [ 20931.75, 5938419.224999999627471 ], [ 20931.825, 5938419.224999999627471 ], [ 20931.825, 5938419.299999999813735 ], [ 20931.900000000001455, 5938419.299999999813735 ], [ 20931.900000000001455, 5938419.375 ], [ 20931.974999999998545, 5938419.375 ], [ 20931.974999999998545, 5938419.450000000186265 ], [ 20932.05, 5938419.450000000186265 ], [ 20932.05, 5938419.525000000372529 ], [ 20932.125, 5938419.525000000372529 ], [ 20932.125, 5938419.674999999813735 ], [ 20932.2, 5938419.674999999813735 ], [ 20932.2, 5938419.75 ], [ 20932.275000000001455, 5938419.75 ], [ 20932.275000000001455, 5938419.900000000372529 ], [ 20932.349999999998545, 5938419.900000000372529 ], [ 20932.349999999998545, 5938420.125 ], [ 20932.425, 5938420.125 ], [ 20932.425, 5938420.275000000372529 ], [ 20932.5, 5938420.275000000372529 ], [ 20932.5, 5938420.5 ], [ 20932.575, 5938420.5 ], [ 20932.575, 5938420.724999999627471 ], [ 20932.650000000001455, 5938420.724999999627471 ], [ 20932.650000000001455, 5938420.950000000186265 ], [ 20932.724999999998545, 5938420.950000000186265 ], [ 20932.724999999998545, 5938421.174999999813735 ], [ 20932.8, 5938421.174999999813735 ], [ 20932.8, 5938421.474999999627471 ], [ 20932.875, 5938421.474999999627471 ], [ 20932.875, 5938421.775000000372529 ], [ 20932.95, 5938421.775000000372529 ], [ 20932.95, 5938422.525000000372529 ], [ 20933.025000000001455, 5938422.525000000372529 ], [ 20933.025000000001455, 5938423.349999999627471 ], [ 20933.099999999998545, 5938423.349999999627471 ], [ 20933.099999999998545, 5938424.400000000372529 ], [ 20933.175, 5938424.400000000372529 ], [ 20933.175, 5938427.25 ], [ 20933.099999999998545, 5938427.25 ], [ 20933.099999999998545, 5938428.599999999627471 ], [ 20933.025000000001455, 5938428.599999999627471 ], [ 20933.025000000001455, 5938429.950000000186265 ], [ 20932.95, 5938429.950000000186265 ], [ 20932.95, 5938431.299999999813735 ], [ 20932.875, 5938431.299999999813735 ], [ 20932.875, 5938432.049999999813735 ], [ 20932.8, 5938432.049999999813735 ], [ 20932.8, 5938432.575000000186265 ], [ 20932.724999999998545, 5938432.575000000186265 ], [ 20932.724999999998545, 5938433.099999999627471 ], [ 20932.650000000001455, 5938433.099999999627471 ], [ 20932.650000000001455, 5938433.625 ], [ 20932.575, 5938433.625 ], [ 20932.575, 5938434.150000000372529 ], [ 20932.5, 5938434.150000000372529 ], [ 20932.5, 5938434.599999999627471 ], [ 20932.425, 5938434.599999999627471 ], [ 20932.425, 5938434.974999999627471 ], [ 20932.349999999998545, 5938434.974999999627471 ], [ 20932.349999999998545, 5938435.424999999813735 ], [ 20932.275000000001455, 5938435.424999999813735 ], [ 20932.275000000001455, 5938436.625 ], [ 20932.2, 5938436.625 ], [ 20932.2, 5938437.75 ], [ 20932.125, 5938437.75 ], [ 20932.125, 5938438.650000000372529 ], [ 20932.05, 5938438.650000000372529 ], [ 20932.05, 5938439.400000000372529 ], [ 20931.974999999998545, 5938439.400000000372529 ], [ 20931.974999999998545, 5938440.0 ], [ 20931.900000000001455, 5938440.0 ], [ 20931.900000000001455, 5938440.599999999627471 ], [ 20931.825, 5938440.599999999627471 ], [ 20931.825, 5938441.200000000186265 ], [ 20931.75, 5938441.200000000186265 ], [ 20931.75, 5938441.424999999813735 ], [ 20931.675, 5938441.424999999813735 ], [ 20931.675, 5938441.575000000186265 ], [ 20931.599999999998545, 5938441.575000000186265 ], [ 20931.599999999998545, 5938441.650000000372529 ], [ 20931.525000000001455, 5938441.650000000372529 ], [ 20931.525000000001455, 5938441.799999999813735 ], [ 20931.45, 5938441.799999999813735 ], [ 20931.45, 5938442.025000000372529 ], [ 20931.375, 5938442.025000000372529 ], [ 20931.375, 5938442.174999999813735 ], [ 20931.3, 5938442.174999999813735 ], [ 20931.3, 5938442.325000000186265 ], [ 20931.224999999998545, 5938442.325000000186265 ], [ 20931.224999999998545, 5938442.549999999813735 ], [ 20931.150000000001455, 5938442.549999999813735 ], [ 20931.150000000001455, 5938442.775000000372529 ], [ 20931.075, 5938442.775000000372529 ], [ 20931.075, 5938443.0 ], [ 20931.0, 5938443.0 ], [ 20931.0, 5938443.224999999627471 ], [ 20930.925, 5938443.224999999627471 ], [ 20930.925, 5938443.375 ], [ 20930.849999999998545, 5938443.375 ], [ 20930.849999999998545, 5938443.450000000186265 ], [ 20930.775000000001455, 5938443.450000000186265 ], [ 20930.775000000001455, 5938443.599999999627471 ], [ 20930.7, 5938443.599999999627471 ], [ 20930.7, 5938443.674999999813735 ], [ 20930.625, 5938443.674999999813735 ], [ 20930.625, 5938443.75 ], [ 20930.55, 5938443.75 ], [ 20930.55, 5938443.825000000186265 ], [ 20930.474999999998545, 5938443.825000000186265 ], [ 20930.474999999998545, 5938443.900000000372529 ], [ 20930.400000000001455, 5938443.900000000372529 ], [ 20930.400000000001455, 5938443.974999999627471 ], [ 20930.25, 5938443.974999999627471 ], [ 20930.25, 5938444.049999999813735 ], [ 20930.175, 5938444.049999999813735 ], [ 20930.175, 5938444.125 ], [ 20930.025000000001455, 5938444.125 ], [ 20930.025000000001455, 5938444.200000000186265 ], [ 20929.575, 5938444.200000000186265 ], [ 20929.575, 5938444.275000000372529 ], [ 20929.125, 5938444.275000000372529 ], [ 20929.125, 5938444.349999999627471 ], [ 20928.75, 5938444.349999999627471 ], [ 20928.75, 5938444.424999999813735 ], [ 20928.375, 5938444.424999999813735 ], [ 20928.375, 5938444.5 ], [ 20927.25, 5938444.5 ] ] ] } },
{ "type": "Feature", "properties": { "value": 1.0, "building_id": 11, "area": 349.90312499853138 }, "geometry": { "type": "Polygon", "coordinates": [ [ [ 20873.099999999998545, 5938410.75 ], [ 20873.099999999998545, 5938410.674999999813735 ], [ 20872.8, 5938410.674999999813735 ], [ 20872.8, 5938410.599999999627471 ], [ 20872.5, 5938410.599999999627471 ], [ 20872.5, 5938410.525000000372529 ], [ 20872.2, 5938410.525000000372529 ], [ 20872.2, 5938410.450000000186265 ], [ 20871.974999999998545, 5938410.450000000186265 ], [ 20871.974999999998545, 5938410.375 ], [ 20871.675, 5938410.375 ], [ 20871.675, 5938410.299999999813735 ], [ 20871.45, 5938410.299999999813735 ], [ 20871.45, 5938410.224999999627471 ], [ 20871.224999999998545, 5938410.224999999627471 ], [ 20871.224999999998545, 5938410.150000000372529 ], [ 20871.0, 5938410.150000000372529 ], [ 20871.0, 5938410.075000000186265 ], [ 20870.775000000001455, 5938410.075000000186265 ], [ 20870.775000000001455, 5938410.0 ], [ 20870.400000000001455, 5938410.0 ], [ 20870.400000000001455, 5938409.924999999813735 ], [ 20870.099999999998545, 5938409.924999999813735 ], [ 20870.099999999998545, 5938409.849999999627471 ], [ 20869.724999999998545, 5938409.849999999627471 ], [ 20869.724999999998545, 5938409.775000000372529 ], [ 20869.2, 5938409.775000000372529 ], [ 20869.2, 5938409.700000000186265 ], [ 20868.675, 5938409.700000000186265 ], [ 20868.675, 5938409.625 ], [ 20868.224999999998545, 5938409.625 ], [ 20868.224999999998545, 5938409.549999999813735 ], [ 20867.7, 5938409.549999999813735 ], [ 20867.7, 5938409.474999999627471 ], [ 20867.325, 5938409.474999999627471 ], [ 20867.325, 5938409.400000000372529 ], [ 20867.025000000001455, 5938409.400000000372529 ], [ 20867.025000000001455, 5938409.325000000186265 ], [ 20866.8, 5938409.325000000186265 ], [ 20866.8, 5938409.25 ], [ 20866.575, 5938409.25 ], [ 20866.575, 5938409.174999999813735 ], [ 20866.349999999998545, 5938409.174999999813735 ], [ 20866.349999999998545, 5938409.099999999627471 ], [ 20866.2, 5938409.099999999627471 ], [ 20866.2, 5938409.025000000372529 ], [ 20866.05, 5938409.025000000372529 ], [ 20866.05, 5938408.950000000186265 ], [ 20865.900000000001455, 5938408.950000000186265 ], [ 20865.900000000001455, 5938408.875 ], [ 20865.825, 5938408.875 ], [ 20865.825, 5938408.799999999813735 ], [ 20865.675, 5938408.799999999813735 ], [ 20865.675, 5938408.724999999627471 ], [ 20865.525000000001455, 5938408.724999999627471 ], [ 20865.525000000001455, 5938408.650000000372529 ], [ 20865.375, 5938408.650000000372529 ], [ 20865.375, 5938408.575000000186265 ], [ 20865.150000000001455, 5938408.575000000186265 ], [ 20865.150000000001455, 5938408.5 ], [ 20865.075, 5938408.5 ], [ 20865.075, 5938408.424999999813735 ], [ 20865.0, 5938408.424999999813735 ], [ 20865.0, 5938408.349999999627471 ], [ 20864.925, 5938408.349999999627471 ], [ 20864.925, 5938408.275000000372529 ], [ 20864.775000000001455, 5938408.275000000372529 ], [ 20864.775000000001455, 5938408.200000000186265 ], [ 20864.7, 5938408.200000000186265 ], [ 20864.7, 5938408.125 ], [ 20864.625, 5938408.125 ], [ 20864.625, 5938408.049999999813735 ], [ 20864.55, 5938408.049999999813735 ], [ 20864.55, 5938407.974999999627471 ], [ 20864.474999999998545, 5938407.974999999627471 ], [ 20864.474999999998545, 5938407.900000000372529 ], [ 20864.400000000001455, 5938407.900000000372529 ], [ 20864.400000000001455, 5938407.825000000186265 ], [ 20864.325, 5938407.825000000186265 ], [ 20864.325, 5938407.75 ], [ 20864.25, 5938407.75 ], [ 20864.25, 5938407.674999999813735 ], [ 20864.175, 5938407.674999999813735 ], [ 20864.175, 5938407.599999999627471 ], [ 20864.099999999998545, 5938407.599999999627471 ], [ 20864.099999999998545, 5938407.450000000186265 ], [ 20864.025000000001455, 5938407.450000000186265 ], [ 20864.025000000001455, 5938407.375 ], [ 20863.95, 5938407.375 ], [ 20863.95, 5938407.224999999627471 ], [ 20863.875, 5938407.224999999627471 ], [ 20863.875, 5938407.075000000186265 ], [ 20863.8, 5938407.075000000186265 ], [ 20863.8, 5938406.924999999813735 ], [ 20863.724999999998545, 5938406.924999999813735 ], [ 20863.724999999998545, 5938406.775000000372529 ], [ 20863.650000000001455, 5938406.775000000372529 ], [ 20863.650000000001455, 5938406.625 ], [ 20863.575, 5938406.625 ], [ 20863.575, 5938406.474999999627471 ], [ 20863.5, 5938406.474999999627471 ], [ 20863.5, 5938406.400000000372529 ], [ 20863.425, 5938406.400000000372529 ], [ 20863.425, 5938406.25 ], [ 20863.349999999998545, 5938406.25 ], [ 20863.349999999998545, 5938406.174999999813735 ], [ 20863.275000000001455, 5938406.174999999813735 ], [ 20863.275000000001455, 5938406.099999999627471 ], [ 20863.2, 5938406.099999999627471 ], [ 20863.2, 5938406.025000000372529 ], [ 20863.125, 5938406.025000000372529 ], [ 20863.125, 5938405.950000000186265 ], [ 20863.05, 5938405.950000000186265 ], [ 20863.05, 5938405.875 ], [ 20862.974999999998545, 5938405.875 ], [ 20862.974999999998545, 5938405.799999999813735 ], [ 20862.900000000001455, 5938405.799999999813735 ], [ 20862.900000000001455, 5938405.724999999627471 ], [ 20862.825, 5938405.724999999627471 ], [ 20862.825, 5938405.650000000372529 ], [ 20862.75, 5938405.650000000372529 ], [ 20862.75, 5938405.575000000186265 ], [ 20862.675, 5938405.575000000186265 ], [ 20862.675, 5938405.424999999813735 ], [ 20862.599999999998545, 5938405.424999999813735 ], [ 20862.599999999998545, 5938405.349999999627471 ], [ 20862.525000000001455, 5938405.349999999627471 ], [ 20862.525000000001455, 5938405.200000000186265 ], [ 20862.45, 5938405.200000000186265 ], [ 20862.45, 5938405.125 ], [ 20862.375, 5938405.125 ], [ 20862.375, 5938404.974999999627471 ], [ 20862.3, 5938404.974999999627471 ], [ 20862.3, 5938404.825000000186265 ], [ 20862.224999999998545, 5938404.825000000186265 ], [ 20862.224999999998545, 5938404.674999999813735 ], [ 20862.150000000001455, 5938404.674999999813735 ], [ 20862.150000000001455, 5938404.450000000186265 ], [ 20862.075, 5938404.450000000186265 ], [ 20862.075, 5938404.299999999813735 ], [ 20862.0, 5938404.299999999813735 ], [ 20862.0, 5938404.0 ], [ 20861.925, 5938404.0 ], [ 20861.925, 5938403.549999999813735 ], [ 20861.849999999998545, 5938403.549999999813735 ], [ 20861.849999999998545, 5938403.174999999813735 ], [ 20861.775000000001455, 5938403.174999999813735 ], [ 20861.775000000001455, 5938402.724999999627471 ], [ 20861.7, 5938402.724999999627471 ], [ 20861.7, 5938402.349999999627471 ], [ 20861.625, 5938402.349999999627471 ], [ 20861.625, 5938401.974999999627471 ], [ 20861.55, 5938401.974999999627471 ], [ 20861.55, 5938401.674999999813735 ], [ 20861.474999999998545, 5938401.674999999813735 ], [ 20861.474999999998545, 5938401.299999999813735 ], [ 20861.400000000001455, 5938401.299999999813735 ], [ 20861.400000000001455, 5938401.0 ], [ 20861.325, 5938401.0 ], [ 20861.325, 5938400.700000000186265 ], [ 20861.25, 5938400.700000000186265 ], [ 20861.25, 5938400.400000000372529 ], [ 20861.175, 5938400.400000000372529 ], [ 20861.175, 5938400.174999999813735 ], [ 20861.099999999998545, 5938400.174999999813735 ], [ 20861.099999999998545, 5938399.950000000186265 ], [ 20861.025000000001455, 5938399.950000000186265 ], [ 20861.025000000001455, 5938399.650000000372529 ], [ 20860.95, 5938399.650000000372529 ], [ 20860.95, 5938399.200000000186265 ], [ 20860.875, 5938399.200000000186265 ], [ 20860.875, 5938398.75 ], [ 20860.8, 5938398.75 ], [ 20860.8, 5938398.224999999627471 ], [ 20860.724999999998545, 5938398.224999999627471 ], [ 20860.724999999998545, 5938397.924999999813735 ], [ 20860.650000000001455, 5938397.924999999813735 ], [ 20860.650000000001455, 5938397.625 ], [ 20860.575, 5938397.625 ], [ 20860.575, 5938397.25 ], [ 20860.5, 5938397.25 ], [ 20860.5, 5938396.200000000186265 ], [ 20860.575, 5938396.200000000186265 ], [ 20860.575, 5938395.974999999627471 ], [ 20860.650000000001455, 5938395.974999999627471 ], [ 20860.650000000001455, 5938395.674999999813735 ], [ 20860.724999999998545, 5938395.674999999813735 ], [ 20860.724999999998545, 5938395.375 ], [ 20860.8, 5938395.375 ], [ 20860.8, 5938395.150000000372529 ], [ 20860.875, 5938395.150000000372529 ], [ 20860.875, 5938394.924999999813735 ], [ 20860.95, 5938394.924999999813735 ], [ 20860.95, 5938394.625 ], [ 20861.025000000001455, 5938394.625 ], [ 20861.025000000001455, 5938394.400000000372529 ], [ 20861.099999999998545, 5938394.400000000372529 ], [ 20861.099999999998545, 5938394.325000000186265 ], [ 20861.175, 5938394.325000000186265 ], [ 20861.175, 5938394.25 ], [ 20861.25, 5938394.25 ], [ 20861.25, 5938394.099999999627471 ], [ 20861.325, 5938394.099999999627471 ], [ 20861.325, 5938394.025000000372529 ], [ 20861.400000000001455, 5938394.025000000372529 ], [ 20861.400000000001455, 5938393.950000000186265 ], [ 20861.474999999998545, 5938393.950000000186265 ], [ 20861.474999999998545, 5938393.875 ], [ 20861.55, 5938393.875 ], [ 20861.55, 5938393.724999999627471 ], [ 20861.625, 5938393.724999999627471 ], [ 20861.625, 5938393.650000000372529 ], [ 20861.7, 5938393.650000000372529 ], [ 20861.7, 5938393.575000000186265 ], [ 20861.775000000001455, 5938393.575000000186265 ], [ 20861.775000000001455, 5938393.5 ], [ 20861.849999999998545, 5938393.5 ], [ 20861.849999999998545, 5938393.424999999813735 ], [ 20861.925, 5938393.424999999813735 ], [ 20861.925, 5938393.349999999627471 ], [ 20862.0, 5938393.349999999627471 ], [ 20862.0, 5938393.275000000372529 ], [ 20862.075, 5938393.275000000372529 ], [ 20862.075, 5938393.200000000186265 ], [ 20862.150000000001455, 5938393.200000000186265 ], [ 20862.150000000001455, 5938393.125 ], [ 20862.224999999998545, 5938393.125 ], [ 20862.224999999998545, 5938392.974999999627471 ], [ 20862.3, 5938392.974999999627471 ], [ 20862.3, 5938392.900000000372529 ], [ 20862.375, 5938392.900000000372529 ], [ 20862.375, 5938392.825000000186265 ], [ 20862.45, 5938392.825000000186265 ], [ 20862.45, 5938392.75 ], [ 20862.525000000001455, 5938392.75 ], [ 20862.525000000001455, 5938392.674999999813735 ], [ 20862.599999999998545, 5938392.674999999813735 ], [ 20862.599999999998545, 5938392.525000000372529 ], [ 20862.675, 5938392.525000000372529 ], [ 20862.675, 5938392.450000000186265 ], [ 20862.75, 5938392.450000000186265 ], [ 20862.75, 5938392.375 ], [ 20862.825, 5938392.375 ], [ 20862.825, 5938392.299999999813735 ], [ 20862.900000000001455, 5938392.299999999813735 ], [ 20862.900000000001455, 5938392.150000000372529 ], [ 20862.974999999998545, 5938392.150000000372529 ], [ 20862.974999999998545, 5938392.075000000186265 ], [ 20863.05, 5938392.075000000186265 ], [ 20863.05, 5938392.0 ], [ 20863.125, 5938392.0 ], [ 20863.125, 5938391.849999999627471 ], [ 20863.2, 5938391.849999999627471 ], [ 20863.2, 5938391.775000000372529 ], [ 20863.275000000001455, 5938391.775000000372529 ], [ 20863.275000000001455, 5938391.700000000186265 ], [ 20863.349999999998545, 5938391.700000000186265 ], [ 20863.349999999998545, 5938391.549999999813735 ], [ 20863.425, 5938391.549999999813735 ], [ 20863.425, 5938391.474999999627471 ], [ 20863.5, 5938391.474999999627471 ], [ 20863.5, 5938391.400000000372529 ], [ 20863.575, 5938391.400000000372529 ], [ 20863.575, 5938391.25 ], [ 20863.650000000001455, 5938391.25 ], [ 20863.650000000001455, 5938391.174999999813735 ], [ 20863.724999999998545, 5938391.174999999813735 ], [ 20863.724999999998545, 5938391.099999999627471 ], [ 20863.8, 5938391.099999999627471 ], [ 20863.8, 5938391.025000000372529 ], [ 20863.875, 5938391.025000000372529 ], [ 20863.875, 5938390.950000000186265 ], [ 20864.025000000001455, 5938390.950000000186265 ], [ 20864.025000000001455, 5938390.875 ], [ 20864.099999999998545, 5938390.875 ], [ 20864.099999999998545, 5938390.799999999813735 ], [ 20864.175, 5938390.799999999813735 ], [ 20864.175, 5938390.724999999627471 ], [ 20864.25, 5938390.724999999627471 ], [ 20864.25, 5938390.650000000372529 ], [ 20864.325, 5938390.650000000372529 ], [ 20864.325, 5938390.5 ], [ 20864.400000000001455, 5938390.5 ], [ 20864.400000000001455, 5938390.424999999813735 ], [ 20864.474999999998545, 5938390.424999999813735 ], [ 20864.474999999998545, 5938390.349999999627471 ], [ 20864.55, 5938390.349999999627471 ], [ 20864.55, 5938390.275000000372529 ], [ 20864.625, 5938390.275000000372529 ], [ 20864.625, 5938390.200000000186265 ], [ 20864.7, 5938390.200000000186265 ], [ 20864.7, 5938390.125 ], [ 20864.775000000001455, 5938390.125 ], [ 20864.775000000001455, 5938390.049999999813735 ], [ 20864.849999999998545, 5938390.049999999813735 ], [ 20864.849999999998545, 5938389.974999999627471 ], [ 20864.925, 5938389.974999999627471 ], [ 20864.925, 5938389.900000000372529 ], [ 20865.0, 5938389.900000000372529 ], [ 20865.0, 5938389.75 ], [ 20865.075, 5938389.75 ], [ 20865.075, 5938389.674999999813735 ], [ 20865.150000000001455, 5938389.674999999813735 ], [ 20865.150000000001455, 5938389.599999999627471 ], [ 20865.224999999998545, 5938389.599999999627471 ], [ 20865.224999999998545, 5938389.525000000372529 ], [ 20865.3, 5938389.525000000372529 ], [ 20865.3, 5938389.375 ], [ 20865.375, 5938389.375 ], [ 20865.375, 5938389.299999999813735 ], [ 20865.45, 5938389.299999999813735 ], [ 20865.45, 5938389.150000000372529 ], [ 20865.525000000001455, 5938389.150000000372529 ], [ 20865.525000000001455, 5938389.075000000186265 ], [ 20865.599999999998545, 5938389.075000000186265 ], [ 20865.599999999998545, 5938389.0 ], [ 20865.675, 5938389.0 ], [ 20865.675, 5938388.924999999813735 ], [ 20865.825, 5938388.924999999813735 ], [ 20865.825, 5938388.849999999627471 ], [ 20865.974999999998545, 5938388.849999999627471 ], [ 20865.974999999998545, 5938388.775000000372529 ], [ 20866.05, 5938388.775000000372529 ], [ 20866.05, 5938388.700000000186265 ], [ 20866.2, 5938388.700000000186265 ], [ 20866.2, 5938388.625 ], [ 20866.349999999998545, 5938388.625 ], [ 20866.349999999998545, 5938388.549999999813735 ], [ 20866.8, 5938388.549999999813735 ], [ 20866.8, 5938388.474999999627471 ], [ 20867.325, 5938388.474999999627471 ], [ 20867.325, 5938388.400000000372529 ], [ 20871.974999999998545, 5938388.400000000372529 ], [ 20871.974999999998545, 5938388.474999999627471 ], [ 20872.8, 5938388.474999999627471 ], [ 20872.8, 5938388.549999999813735 ], [ 20872.875, 5938388.549999999813735 ], [ 20872.875, 5938388.625 ], [ 20872.95, 5938388.625 ], [ 20872.95, 5938388.700000000186265 ], [ 20873.099999999998545, 5938388.700000000186265 ], [ 20873.099999999998545, 5938388.775000000372529 ], [ 20873.175, 5938388.775000000372529 ], [ 20873.175, 5938388.849999999627471 ], [ 20873.25, 5938388.849999999627471 ], [ 20873.25, 5938388.924999999813735 ], [ 20873.400000000001455, 5938388.924999999813735 ], [ 20873.400000000001455, 5938389.0 ], [ 20873.474999999998545, 5938389.0 ], [ 20873.474999999998545, 5938389.075000000186265 ], [ 20873.55, 5938389.075000000186265 ], [ 20873.55, 5938389.150000000372529 ], [ 20873.625, 5938389.150000000372529 ], [ 20873.625, 5938389.224999999627471 ], [ 20873.775000000001455, 5938389.224999999627471 ], [ 20873.775000000001455, 5938389.299999999813735 ], [ 20873.849999999998545, 5938389.299999999813735 ], [ 20873.849999999998545, 5938389.375 ], [ 20873.925, 5938389.375 ], [ 20873.925, 5938389.450000000186265 ], [ 20874.0, 5938389.450000000186265 ], [ 20874.0, 5938389.525000000372529 ], [ 20874.075, 5938389.525000000372529 ], [ 20874.075, 5938389.599999999627471 ], [ 20874.150000000001455, 5938389.599999999627471 ], [ 20874.150000000001455, 5938389.674999999813735 ], [ 20874.3, 5938389.674999999813735 ], [ 20874.3, 5938389.75 ], [ 20874.375, 5938389.75 ], [ 20874.375, 5938389.825000000186265 ], [ 20874.45, 5938389.825000000186265 ], [ 20874.45, 5938389.900000000372529 ], [ 20874.525000000001455, 5938389.900000000372529 ], [ 20874.525000000001455, 5938389.974999999627471 ], [ 20874.599999999998545, 5938389.974999999627471 ], [ 20874.599999999998545, 5938390.049999999813735 ], [ 20874.675, 5938390.049999999813735 ], [ 20874.675, 5938390.125 ], [ 20874.75, 5938390.125 ], [ 20874.75, 5938390.200000000186265 ], [ 20874.900000000001455, 5938390.200000000186265 ], [ 20874.900000000001455, 5938390.275000000372529 ], [ 20874.974999999998545, 5938390.275000000372529 ], [ 20874.974999999998545, 5938390.349999999627471 ], [ 20875.05, 5938390.349999999627471 ], [ 20875.05, 5938390.424999999813735 ], [ 20875.125, 5938390.424999999813735 ], [ 20875.125, 5938390.5 ], [ 20875.2, 5938390.5 ], [ 20875.2, 5938390.575000000186265 ], [ 20875.275000000001455, 5938390.575000000186265 ], [ 20875.275000000001455, 5938390.650000000372529 ], [ 20875.349999999998545, 5938390.650000000372529 ], [ 20875.349999999998545, 5938390.724999999627471 ], [ 20875.425, 5938390.724999999627471 ], [ 20875.425, 5938390.799999999813735 ], [ 20875.5, 5938390.799999999813735 ], [ 20875.5, 5938390.875 ], [ 20875.575, 5938390.875 ], [ 20875.575, 5938390.950000000186265 ], [ 20875.650000000001455, 5938390.950000000186265 ], [ 20875.650000000001455, 5938391.025000000372529 ], [ 20875.724999999998545, 5938391.025000000372529 ], [ 20875.724999999998545, 5938391.174999999813735 ], [ 20875.8, 5938391.174999999813735 ], [ 20875.8, 5938391.25 ], [ 20875.875, 5938391.25 ], [ 20875.875, 5938391.325000000186265 ], [ 20875.95, 5938391.325000000186265 ], [ 20875.95, 5938391.400000000372529 ], [ 20876.025000000001455, 5938391.400000000372529 ], [ 20876.025000000001455, 5938391.549999999813735 ], [ 20876.099999999998545, 5938391.549999999813735 ], [ 20876.099999999998545, 5938391.625 ], [ 20876.175, 5938391.625 ], [ 20876.175, 5938391.700000000186265 ], [ 20876.25, 5938391.700000000186265 ], [ 20876.25, 5938391.849999999627471 ], [ 20876.325, 5938391.849999999627471 ], [ 20876.325, 5938391.924999999813735 ], [ 20876.400000000001455, 5938391.924999999813735 ], [ 20876.400000000001455, 5938392.075000000186265 ], [ 20876.474999999998545, 5938392.075000000186265 ], [ 20876.474999999998545, 5938392.150000000372529 ], [ 20876.55, 5938392.150000000372529 ], [ 20876.55, 5938392.299999999813735 ], [ 20876.625, 5938392.299999999813735 ], [ 20876.625, 5938392.375 ], [ 20876.7, 5938392.375 ], [ 20876.7, 5938392.525000000372529 ], [ 20876.775000000001455, 5938392.525000000372529 ], [ 20876.775000000001455, 5938392.599999999627471 ], [ 20876.849999999998545, 5938392.599999999627471 ], [ 20876.849999999998545, 5938392.75 ], [ 20876.925, 5938392.75 ], [ 20876.925, 5938392.825000000186265 ], [ 20877.0, 5938392.825000000186265 ], [ 20877.0, 5938392.974999999627471 ], [ 20877.075, 5938392.974999999627471 ], [ 20877.075, 5938393.049999999813735 ], [ 20877.150000000001455, 5938393.049999999813735 ], [ 20877.150000000001455, 5938393.200000000186265 ], [ 20877.224999999998545, 5938393.200000000186265 ], [ 20877.224999999998545, 5938393.275000000372529 ], [ 20877.3, 5938393.275000000372529 ], [ 20877.3, 5938393.349999999627471 ], [ 20877.375, 5938393.349999999627471 ], [ 20877.375, 5938393.424999999813735 ], [ 20877.45, 5938393.424999999813735 ], [ 20877.45, 5938393.575000000186265 ], [ 20877.525000000001455, 5938393.575000000186265 ], [ 20877.525000000001455, 5938393.650000000372529 ], [ 20877.599999999998545, 5938393.650000000372529 ], [ 20877.599999999998545, 5938393.724999999627471 ], [ 20877.675, 5938393.724999999627471 ], [ 20877.675, 5938393.875 ], [ 20877.75, 5938393.875 ], [ 20877.75, 5938394.025000000372529 ], [ 20877.825, 5938394.025000000372529 ], [ 20877.825, 5938394.099999999627471 ], [ 20877.900000000001455, 5938394.099999999627471 ], [ 20877.900000000001455, 5938394.25 ], [ 20877.974999999998545, 5938394.25 ], [ 20877.974999999998545, 5938394.400000000372529 ], [ 20878.05, 5938394.400000000372529 ], [ 20878.05, 5938394.549999999813735 ], [ 20878.125, 5938394.549999999813735 ], [ 20878.125, 5938394.700000000186265 ], [ 20878.2, 5938394.700000000186265 ], [ 20878.2, 5938394.849999999627471 ], [ 20878.275000000001455, 5938394.849999999627471 ], [ 20878.275000000001455, 5938395.0 ], [ 20878.349999999998545, 5938395.0 ], [ 20878.349999999998545, 5938395.075000000186265 ], [ 20878.425, 5938395.075000000186265 ], [ 20878.425, 5938395.224999999627471 ], [ 20878.5, 5938395.224999999627471 ], [ 20878.5, 5938395.375 ], [ 20878.575, 5938395.375 ], [ 20878.575, 5938395.525000000372529 ], [ 20878.650000000001455, 5938395.525000000372529 ], [ 20878.650000000001455, 5938395.674999999813735 ], [ 20878.724999999998545, 5938395.674999999813735 ], [ 20878.724999999998545, 5938395.825000000186265 ], [ 20878.8, 5938395.825000000186265 ], [ 20878.8, 5938395.900000000372529 ], [ 20878.875, 5938395.900000000372529 ], [ 20878.875, 5938396.049999999813735 ], [ 20878.95, 5938396.049999999813735 ], [ 20878.95, 5938396.200000000186265 ], [ 20879.025000000001455, 5938396.200000000186265 ], [ 20879.025000000001455, 5938396.349999999627471 ], [ 20879.099999999998545, 5938396.349999999627471 ], [ 20879.099999999998545, 5938396.424999999813735 ], [ 20879.175, 5938396.424999999813735 ], [ 20879.175, 5938396.575000000186265 ], [ 20879.25, 5938396.575000000186265 ], [ 20879.25, 5938396.650000000372529 ], [ 20879.325, 5938396.650000000372529 ], [ 20879.325, 5938396.799999999813735 ], [ 20879.400000000001455, 5938396.799999999813735 ], [ 20879.400000000001455, 5938396.875 ], [ 20879.474999999998545, 5938396.875 ], [ 20879.474999999998545, 5938397.025000000372529 ], [ 20879.55, 5938397.025000000372529 ], [ 20879.55, 5938397.099999999627471 ], [ 20879.625, 5938397.099999999627471 ], [ 20879.625, 5938397.25 ], [ 20879.7, 5938397.25 ], [ 20879.7, 5938397.400000000372529 ], [ 20879.775000000001455, 5938397.400000000372529 ], [ 20879.775000000001455, 5938397.549999999813735 ], [ 20879.849999999998545, 5938397.549999999813735 ], [ 20879.849999999998545, 5938397.700000000186265 ], [ 20879.925, 5938397.700000000186265 ], [ 20879.925, 5938397.849999999627471 ], [ 20880.0, 5938397.849999999627471 ], [ 20880.0, 5938398.0 ], [ 20880.075, 5938398.0 ], [ 20880.075, 5938398.224999999627471 ], [ 20880.150000000001455, 5938398.224999999627471 ], [ 20880.150000000001455, 5938398.375 ], [ 20880.224999999998545, 5938398.375 ], [ 20880.224999999998545, 5938398.674999999813735 ], [ 20880.3, 5938398.674999999813735 ], [ 20880.3, 5938398.900000000372529 ], [ 20880.375, 5938398.900000000372529 ], [ 20880.375, 5938399.125 ], [ 20880.45, 5938399.125 ], [ 20880.45, 5938399.349999999627471 ], [ 20880.525000000001455, 5938399.349999999627471 ], [ 20880.525000000001455, 5938399.575000000186265 ], [ 20880.599999999998545, 5938399.575000000186265 ], [ 20880.599999999998545, 5938399.875 ], [ 20880.675, 5938399.875 ], [ 20880.675, 5938400.099999999627471 ], [ 20880.75, 5938400.099999999627471 ], [ 20880.75, 5938400.325000000186265 ], [ 20880.825, 5938400.325000000186265 ], [ 20880.825, 5938400.549999999813735 ], [ 20880.900000000001455, 5938400.549999999813735 ], [ 20880.900000000001455, 5938400.700000000186265 ], [ 20880.974999999998545, 5938400.700000000186265 ], [ 20880.974999999998545, 5938400.924999999813735 ], [ 20881.05, 5938400.924999999813735 ], [ 20881.05, 5938401.075000000186265 ], [ 20881.125, 5938401.075000000186265 ], [ 20881.125, 5938401.224999999627471 ], [ 20881.2, 5938401.224999999627471 ], [ 20881.2, 5938401.450000000186265 ], [ 20881.275000000001455, 5938401.450000000186265 ], [ 20881.275000000001455, 5938401.599999999627471 ], [ 20881.349999999998545, 5938401.599999999627471 ], [ 20881.349999999998545, 5938401.75 ], [ 20881.425, 5938401.75 ], [ 20881.425, 5938401.974999999627471 ], [ 20881.5, 5938401.974999999627471 ], [ 20881.5, 5938402.200000000186265 ], [ 20881.575, 5938402.200000000186265 ], [ 20881.575, 5938402.424999999813735 ], [ 20881.5, 5938402.424999999813735 ], [ 20881.5, 5938403.174999999813735 ], [ 20881.425, 5938403.174999999813735 ], [ 20881.425, 5938403.924999999813735 ], [ 20881.349999999998545, 5938403.924999999813735 ], [ 20881.349999999998545, 5938404.299999999813735 ], [ 20881.275000000001455, 5938404.299999999813735 ], [ 20881.275000000001455, 5938404.450000000186265 ], [ 20881.2, 5938404.450000000186265 ], [ 20881.2, 5938404.599999999627471 ], [ 20881.125, 5938404.599999999627471 ], [ 20881.125, 5938404.75 ], [ 20881.05, 5938404.75 ], [ 20881.05, 5938404.900000000372529 ], [ 20880.974999999998545, 5938404.900000000372529 ], [ 20880.974999999998545, 5938405.049999999813735 ], [ 20880.900000000001455, 5938405.049999999813735 ], [ 20880.900000000001455, 5938405.200000000186265 ], [ 20880.825, 5938405.200000000186265 ], [ 20880.825, 5938405.349999999627471 ], [ 20880.75, 5938405.349999999627471 ], [ 20880.75, 5938405.5 ], [ 20880.675, 5938405.5 ], [ 20880.675, 5938405.575000000186265 ], [ 20880.599999999998545, 5938405.575000000186265 ], [ 20880.599999999998545, 5938405.724999999627471 ], [ 20880.525000000001455, 5938405.724999999627471 ], [ 20880.525000000001455, 5938405.875 ], [ 20880.45, 5938405.875 ], [ 20880.45, 5938406.025000000372529 ], [ 20880.375, 5938406.025000000372529 ], [ 20880.375, 5938406.174999999813735 ], [ 20880.3, 5938406.174999999813735 ], [ 20880.3, 5938406.325000000186265 ], [ 20880.224999999998545, 5938406.325000000186265 ], [ 20880.224999999998545, 5938406.474999999627471 ], [ 20880.150000000001455, 5938406.474999999627471 ], [ 20880.150000000001455, 5938406.625 ], [ 20880.075, 5938406.625 ], [ 20880.075, 5938406.775000000372529 ], [ 20880.0, 5938406.775000000372529 ], [ 20880.0, 5938406.849999999627471 ], [ 20879.925, 5938406.849999999627471 ], [ 20879.925, 5938407.0 ], [ 20879.849999999998545, 5938407.0 ], [ 20879.849999999998545, 5938407.075000000186265 ], [ 20879.775000000001455, 5938407.075000000186265 ], [ 20879.775000000001455, 5938407.150000000372529 ], [ 20879.7, 5938407.150000000372529 ], [ 20879.7, 5938407.224999999627471 ], [ 20879.625, 5938407.224999999627471 ], [ 20879.625, 5938407.299999999813735 ], [ 20879.55, 5938407.299999999813735 ], [ 20879.55, 5938407.375 ], [ 20879.474999999998545, 5938407.375 ], [ 20879.474999999998545, 5938407.450000000186265 ], [ 20879.400000000001455, 5938407.450000000186265 ], [ 20879.400000000001455, 5938407.525000000372529 ], [ 20879.325, 5938407.525000000372529 ], [ 20879.325, 5938407.599999999627471 ], [ 20879.25, 5938407.599999999627471 ], [ 20879.25, 5938407.674999999813735 ], [ 20879.175, 5938407.674999999813735 ], [ 20879.175, 5938407.75 ], [ 20879.099999999998545, 5938407.75 ], [ 20879.099999999998545, 5938407.825000000186265 ], [ 20879.025000000001455, 5938407.825000000186265 ], [ 20879.025000000001455, 5938407.900000000372529 ], [ 20878.95, 5938407.900000000372529 ], [ 20878.95, 5938407.974999999627471 ], [ 20878.875, 5938407.974999999627471 ], [ 20878.875, 5938408.049999999813735 ], [ 20878.8, 5938408.049999999813735 ], [ 20878.8, 5938408.125 ], [ 20878.724999999998545, 5938408.125 ], [ 20878.724999999998545, 5938408.200000000186265 ], [ 20878.650000000001455, 5938408.200000000186265 ], [ 20878.650000000001455, 5938408.349999999627471 ], [ 20878.575, 5938408.349999999627471 ], [ 20878.575, 5938408.424999999813735 ], [ 20878.5, 5938408.424999999813735 ], [ 20878.5, 5938408.5 ], [ 20878.425, 5938408.5 ], [ 20878.425, 5938408.575000000186265 ], [ 20878.349999999998545, 5938408.575000000186265 ], [ 20878.349999999998545, 5938408.650000000372529 ], [ 20878.275000000001455, 5938408.650000000372529 ], [ 20878.275000000001455, 5938408.724999999627471 ], [ 20878.125, 5938408.724999999627471 ], [ 20878.125, 5938408.799999999813735 ], [ 20878.05, 5938408.799999999813735 ], [ 20878.05, 5938408.875 ], [ 20877.974999999998545, 5938408.875 ], [ 20877.974999999998545, 5938408.950000000186265 ], [ 20877.825, 5938408.950000000186265 ], [ 20877.825, 5938409.025000000372529 ], [ 20877.675, 5938409.025000000372529 ], [ 20877.675, 5938409.099999999627471 ], [ 20877.599999999998545, 5938409.099999999627471 ], [ 20877.599999999998545, 5938409.174999999813735 ], [ 20877.375, 5938409.174999999813735 ], [ 20877.375, 5938409.25 ], [ 20877.3, 5938409.25 ], [ 20877.3, 5938409.325000000186265 ], [ 20877.150000000001455, 5938409.325000000186265 ], [ 20877.150000000001455, 5938409.400000000372529 ], [ 20877.0, 5938409.400000000372529 ], [ 20877.0, 5938409.474999999627471 ], [ 20876.925, 5938409.474999999627471 ], [ 20876.925, 5938409.549999999813735 ], [ 20876.775000000001455, 5938409.549999999813735 ], [ 20876.775000000001455, 5938409.625 ], [ 20876.625, 5938409.625 ], [ 20876.625, 5938409.700000000186265 ], [ 20876.474999999998545, 5938409.700000000186265 ], [ 20876.474999999998545, 5938409.775000000372529 ], [ 20876.400000000001455, 5938409.775000000372529 ], [ 20876.400000000001455, 5938409.849999999627471 ], [ 20876.25, 5938409.849999999627471 ], [ 20876.25, 5938409.924999999813735 ], [ 20876.099999999998545, 5938409.924999999813735 ], [ 20876.099999999998545, 5938410.0 ], [ 20875.95, 5938410.0 ], [ 20875.95, 5938410.075000000186265 ], [ 20875.875, 5938410.075000000186265 ], [ 20875.875, 5938410.150000000372529 ], [ 20875.724999999998545, 5938410.150000000372529 ], [ 20875.724999999998545, 5938410.224999999627471 ], [ 20875.650000000001455, 5938410.224999999627471 ], [ 20875.650000000001455, 5938410.299999999813735 ], [ 20875.5, 5938410.299999999813735 ], [ 20875.5, 5938410.375 ], [ 20875.349999999998545, 5938410.375 ], [ 20875.349999999998545, 5938410.450000000186265 ], [ 20875.05, 5938410.450000000186265 ], [ 20875.05, 5938410.525000000372529 ], [ 20874.675, 5938410.525000000372529 ], [ 20874.675, 5938410.599999999627471 ], [ 20874.3, 5938410.599999999627471 ], [ 20874.3, 5938410.674999999813735 ], [ 20873.849999999998545, 5938410.674999999813735 ], [ 20873.849999999998545, 5938410.75 ], [ 20873.099999999998545, 5938410.75 ] ] ] } },
{ "type": "Feature", "properties": { "value": 1.0, "building_id": 12, "area": 660.96562500174548 }, "geometry": { "type": "Polygon", "coordinates": [ [ [ 20802.3, 5938356.0 ], [ 20802.3, 5938355.924999999813735 ], [ 20801.175, 5938355.924999999813735 ], [ 20801.175, 5938355.849999999627471 ], [ 20800.275000000001455, 5938355.849999999627471 ], [ 20800.275000000001455, 5938355.775000000372529 ], [ 20799.375, 5938355.775000000372529 ], [ 20799.375, 5938355.700000000186265 ], [ 20798.625, 5938355.700000000186265 ], [ 20798.625, 5938355.625 ], [ 20797.875, 5938355.625 ], [ 20797.875, 5938355.549999999813735 ], [ 20797.275000000001455, 5938355.549999999813735 ], [ 20797.275000000001455, 5938355.474999999627471 ], [ 20795.925, 5938355.474999999627471 ], [ 20795.925, 5938355.400000000372529 ], [ 20789.474999999998545, 5938355.400000000372529 ], [ 20789.474999999998545, 5938355.325000000186265 ], [ 20789.099999999998545, 5938355.325000000186265 ], [ 20789.099999999998545, 5938355.25 ], [ 20788.724999999998545, 5938355.25 ], [ 20788.724999999998545, 5938355.174999999813735 ], [ 20788.425, 5938355.174999999813735 ], [ 20788.425, 5938355.099999999627471 ], [ 20788.125, 5938355.099999999627471 ], [ 20788.125, 5938355.025000000372529 ], [ 20787.974999999998545, 5938355.025000000372529 ], [ 20787.974999999998545, 5938354.950000000186265 ], [ 20787.825, 5938354.950000000186265 ], [ 20787.825, 5938354.875 ], [ 20787.675, 5938354.875 ], [ 20787.675, 5938354.799999999813735 ], [ 20787.525000000001455, 5938354.799999999813735 ], [ 20787.525000000001455, 5938354.724999999627471 ], [ 20787.45, 5938354.724999999627471 ], [ 20787.45, 5938354.650000000372529 ], [ 20787.375, 5938354.650000000372529 ], [ 20787.375, 5938354.575000000186265 ], [ 20787.3, 5938354.575000000186265 ], [ 20787.3, 5938354.5 ], [ 20787.224999999998545, 5938354.5 ], [ 20787.224999999998545, 5938354.424999999813735 ], [ 20787.150000000001455, 5938354.424999999813735 ], [ 20787.150000000001455, 5938354.349999999627471 ], [ 20787.075, 5938354.349999999627471 ], [ 20787.075, 5938354.275000000372529 ], [ 20787.0, 5938354.275000000372529 ], [ 20787.0, 5938354.125 ], [ 20786.925, 5938354.125 ], [ 20786.925, 5938354.049999999813735 ], [ 20786.849999999998545, 5938354.049999999813735 ], [ 20786.849999999998545, 5938353.900000000372529 ], [ 20786.775000000001455, 5938353.900000000372529 ], [ 20786.775000000001455, 5938353.75 ], [ 20786.7, 5938353.75 ], [ 20786.7, 5938353.599999999627471 ], [ 20786.625, 5938353.599999999627471 ], [ 20786.625, 5938353.375 ], [ 20786.55, 5938353.375 ], [ 20786.55, 5938353.0 ], [ 20786.474999999998545, 5938353.0 ], [ 20786.474999999998545, 5938352.549999999813735 ], [ 20786.400000000001455, 5938352.549999999813735 ], [ 20786.400000000001455, 5938352.174999999813735 ], [ 20786.325, 5938352.174999999813735 ], [ 20786.325, 5938351.724999999627471 ], [ 20786.25, 5938351.724999999627471 ], [ 20786.25, 5938351.349999999627471 ], [ 20786.175, 5938351.349999999627471 ], [ 20786.175, 5938351.200000000186265 ], [ 20786.099999999998545, 5938351.200000000186265 ], [ 20786.099999999998545, 5938350.974999999627471 ], [ 20786.025000000001455, 5938350.974999999627471 ], [ 20786.025000000001455, 5938350.825000000186265 ], [ 20785.95, 5938350.825000000186265 ], [ 20785.95, 5938350.674999999813735 ], [ 20785.875, 5938350.674999999813735 ], [ 20785.875, 5938350.525000000372529 ], [ 20785.8, 5938350.525000000372529 ], [ 20785.8, 5938350.450000000186265 ], [ 20785.724999999998545, 5938350.450000000186265 ], [ 20785.724999999998545, 5938350.299999999813735 ], [ 20785.650000000001455, 5938350.299999999813735 ], [ 20785.650000000001455, 5938350.224999999627471 ], [ 20785.575, 5938350.224999999627471 ], [ 20785.575, 5938350.075000000186265 ], [ 20785.5, 5938350.075000000186265 ], [ 20785.5, 5938350.0 ], [ 20785.425, 5938350.0 ], [ 20785.425, 5938349.849999999627471 ], [ 20785.349999999998545, 5938349.849999999627471 ], [ 20785.349999999998545, 5938349.775000000372529 ], [ 20785.275000000001455, 5938349.775000000372529 ], [ 20785.275000000001455, 5938349.625 ], [ 20785.2, 5938349.625 ], [ 20785.2, 5938349.400000000372529 ], [ 20785.125, 5938349.400000000372529 ], [ 20785.125, 5938348.950000000186265 ], [ 20785.05, 5938348.950000000186265 ], [ 20785.05, 5938348.424999999813735 ], [ 20784.974999999998545, 5938348.424999999813735 ], [ 20784.974999999998545, 5938347.825000000186265 ], [ 20784.900000000001455, 5938347.825000000186265 ], [ 20784.900000000001455, 5938342.125 ], [ 20784.974999999998545, 5938342.125 ], [ 20784.974999999998545, 5938340.549999999813735 ], [ 20785.05, 5938340.549999999813735 ], [ 20785.05, 5938339.349999999627471 ], [ 20785.125, 5938339.349999999627471 ], [ 20785.125, 5938338.375 ], [ 20785.2, 5938338.375 ], [ 20785.2, 5938337.549999999813735 ], [ 20785.275000000001455, 5938337.549999999813735 ], [ 20785.275000000001455, 5938336.799999999813735 ], [ 20785.349999999998545, 5938336.799999999813735 ], [ 20785.349999999998545, 5938336.049999999813735 ], [ 20785.425, 5938336.049999999813735 ], [ 20785.425, 5938335.450000000186265 ], [ 20785.5, 5938335.450000000186265 ], [ 20785.5, 5938334.849999999627471 ], [ 20785.575, 5938334.849999999627471 ], [ 20785.575, 5938334.25 ], [ 20785.650000000001455, 5938334.25 ], [ 20785.650000000001455, 5938333.349999999627471 ], [ 20785.724999999998545, 5938333.349999999627471 ], [ 20785.724999999998545, 5938332.0 ], [ 20785.8, 5938332.0 ], [ 20785.8, 5938329.0 ], [ 20810.7, 5938329.0 ], [ 20810.7, 5938332.224999999627471 ], [ 20810.625, 5938332.224999999627471 ], [ 20810.625, 5938334.400000000372529 ], [ 20810.55, 5938334.400000000372529 ], [ 20810.55, 5938336.125 ], [ 20810.474999999998545, 5938336.125 ], [ 20810.474999999998545, 5938338.525000000372529 ], [ 20810.400000000001455, 5938338.525000000372529 ], [ 20810.400000000001455, 5938340.25 ], [ 20810.474999999998545, 5938340.25 ], [ 20810.474999999998545, 5938341.525000000372529 ], [ 20810.55, 5938341.525000000372529 ], [ 20810.55, 5938342.049999999813735 ], [ 20810.625, 5938342.049999999813735 ], [ 20810.625, 5938342.5 ], [ 20810.7, 5938342.5 ], [ 20810.7, 5938342.875 ], [ 20810.775000000001455, 5938342.875 ], [ 20810.775000000001455, 5938343.174999999813735 ], [ 20810.849999999998545, 5938343.174999999813735 ], [ 20810.849999999998545, 5938343.549999999813735 ], [ 20810.925, 5938343.549999999813735 ], [ 20810.925, 5938343.775000000372529 ], [ 20811.0, 5938343.775000000372529 ], [ 20811.0, 5938343.924999999813735 ], [ 20811.075, 5938343.924999999813735 ], [ 20811.075, 5938344.150000000372529 ], [ 20811.150000000001455, 5938344.150000000372529 ], [ 20811.150000000001455, 5938344.299999999813735 ], [ 20811.224999999998545, 5938344.299999999813735 ], [ 20811.224999999998545, 5938344.525000000372529 ], [ 20811.3, 5938344.525000000372529 ], [ 20811.3, 5938344.75 ], [ 20811.375, 5938344.75 ], [ 20811.375, 5938344.974999999627471 ], [ 20811.45, 5938344.974999999627471 ], [ 20811.45, 5938345.200000000186265 ], [ 20811.525000000001455, 5938345.200000000186265 ], [ 20811.525000000001455, 5938347.224999999627471 ], [ 20811.599999999998545, 5938347.224999999627471 ], [ 20811.599999999998545, 5938347.599999999627471 ], [ 20811.525000000001455, 5938347.599999999627471 ], [ 20811.525000000001455, 5938347.900000000372529 ], [ 20811.45, 5938347.900000000372529 ], [ 20811.45, 5938348.275000000372529 ], [ 20811.375, 5938348.275000000372529 ], [ 20811.375, 5938348.575000000186265 ], [ 20811.3, 5938348.575000000186265 ], [ 20811.3, 5938348.799999999813735 ], [ 20811.224999999998545, 5938348.799999999813735 ], [ 20811.224999999998545, 5938349.099999999627471 ], [ 20811.150000000001455, 5938349.099999999627471 ], [ 20811.150000000001455, 5938349.325000000186265 ], [ 20811.075, 5938349.325000000186265 ], [ 20811.075, 5938349.549999999813735 ], [ 20811.0, 5938349.549999999813735 ], [ 20811.0, 5938349.625 ], [ 20810.925, 5938349.625 ], [ 20810.925, 5938349.775000000372529 ], [ 20810.849999999998545, 5938349.775000000372529 ], [ 20810.849999999998545, 5938349.924999999813735 ], [ 20810.775000000001455, 5938349.924999999813735 ], [ 20810.775000000001455, 5938350.0 ], [ 20810.7, 5938350.0 ], [ 20810.7, 5938350.150000000372529 ], [ 20810.625, 5938350.150000000372529 ], [ 20810.625, 5938350.299999999813735 ], [ 20810.55, 5938350.299999999813735 ], [ 20810.55, 5938350.450000000186265 ], [ 20810.474999999998545, 5938350.450000000186265 ], [ 20810.474999999998545, 5938350.674999999813735 ], [ 20810.400000000001455, 5938350.674999999813735 ], [ 20810.400000000001455, 5938350.825000000186265 ], [ 20810.325, 5938350.825000000186265 ], [ 20810.325, 5938351.049999999813735 ], [ 20810.25, 5938351.049999999813735 ], [ 20810.25, 5938351.275000000372529 ], [ 20810.175, 5938351.275000000372529 ], [ 20810.175, 5938351.5 ], [ 20810.099999999998545, 5938351.5 ], [ 20810.099999999998545, 5938351.724999999627471 ], [ 20810.025000000001455, 5938351.724999999627471 ], [ 20810.025000000001455, 5938351.875 ], [ 20809.95, 5938351.875 ], [ 20809.95, 5938352.099999999627471 ], [ 20809.875, 5938352.099999999627471 ], [ 20809.875, 5938352.25 ], [ 20809.8, 5938352.25 ], [ 20809.8, 5938352.400000000372529 ], [ 20809.724999999998545, 5938352.400000000372529 ], [ 20809.724999999998545, 5938352.549999999813735 ], [ 20809.650000000001455, 5938352.549999999813735 ], [ 20809.650000000001455, 5938352.700000000186265 ], [ 20809.575, 5938352.700000000186265 ], [ 20809.575, 5938352.775000000372529 ], [ 20809.5, 5938352.775000000372529 ], [ 20809.5, 5938352.924999999813735 ], [ 20809.425, 5938352.924999999813735 ], [ 20809.425, 5938353.0 ], [ 20809.349999999998545, 5938353.0 ], [ 20809.349999999998545, 5938353.150000000372529 ], [ 20809.275000000001455, 5938353.150000000372529 ], [ 20809.275000000001455, 5938353.224999999627471 ], [ 20809.2, 5938353.224999999627471 ], [ 20809.2, 5938353.299999999813735 ], [ 20809.125, 5938353.299999999813735 ], [ 20809.125, 5938353.375 ], [ 20809.05, 5938353.375 ], [ 20809.05, 5938353.450000000186265 ], [ 20808.974999999998545, 5938353.450000000186265 ], [ 20808.974999999998545, 5938353.525000000372529 ], [ 20808.900000000001455, 5938353.525000000372529 ], [ 20808.900000000001455, 5938353.599999999627471 ], [ 20808.825, 5938353.599999999627471 ], [ 20808.825, 5938353.674999999813735 ], [ 20808.75, 5938353.674999999813735 ], [ 20808.75, 5938353.75 ], [ 20808.675, 5938353.75 ], [ 20808.675, 5938353.825000000186265 ], [ 20808.525000000001455, 5938353.825000000186265 ], [ 20808.525000000001455, 5938353.900000000372529 ], [ 20808.45, 5938353.900000000372529 ], [ 20808.45, 5938353.974999999627471 ], [ 20808.3, 5938353.974999999627471 ], [ 20808.3, 5938354.049999999813735 ], [ 20808.150000000001455, 5938354.049999999813735 ], [ 20808.150000000001455, 5938354.125 ], [ 20808.075, 5938354.125 ], [ 20808.075, 5938354.200000000186265 ], [ 20807.925, 5938354.200000000186265 ], [ 20807.925, 5938354.275000000372529 ], [ 20807.775000000001455, 5938354.275000000372529 ], [ 20807.775000000001455, 5938354.349999999627471 ], [ 20807.625, 5938354.349999999627471 ], [ 20807.625, 5938354.424999999813735 ], [ 20807.400000000001455, 5938354.424999999813735 ], [ 20807.400000000001455, 5938354.5 ], [ 20807.25, 5938354.5 ], [ 20807.25, 5938354.575000000186265 ], [ 20807.025000000001455, 5938354.575000000186265 ], [ 20807.025000000001455, 5938354.650000000372529 ], [ 20806.8, 5938354.650000000372529 ], [ 20806.8, 5938354.724999999627471 ], [ 20806.650000000001455, 5938354.724999999627471 ], [ 20806.650000000001455, 5938354.799999999813735 ], [ 20806.425, 5938354.799999999813735 ], [ 20806.425, 5938354.875 ], [ 20806.275000000001455, 5938354.875 ], [ 20806.275000000001455, 5938354.950000000186265 ], [ 20806.125, 5938354.950000000186265 ], [ 20806.125, 5938355.025000000372529 ], [ 20805.974999999998545, 5938355.025000000372529 ], [ 20805.974999999998545, 5938355.099999999627471 ], [ 20805.825, 5938355.099999999627471 ], [ 20805.825, 5938355.174999999813735 ], [ 20805.675, 5938355.174999999813735 ], [ 20805.675, 5938355.25 ], [ 20805.599999999998545, 5938355.25 ], [ 20805.599999999998545, 5938355.325000000186265 ], [ 20805.45, 5938355.325000000186265 ], [ 20805.45, 5938355.400000000372529 ], [ 20805.375, 5938355.400000000372529 ], [ 20805.375, 5938355.474999999627471 ], [ 20805.224999999998545, 5938355.474999999627471 ], [ 20805.224999999998545, 5938355.549999999813735 ], [ 20805.150000000001455, 5938355.549999999813735 ], [ 20805.150000000001455, 5938355.625 ], [ 20804.925, 5938355.625 ], [ 20804.925, 5938355.700000000186265 ], [ 20804.625, 5938355.700000000186265 ], [ 20804.625, 5938355.775000000372529 ], [ 20804.25, 5938355.775000000372529 ], [ 20804.25, 5938355.849999999627471 ], [ 20803.875, 5938355.849999999627471 ], [ 20803.875, 5938355.924999999813735 ], [ 20803.425, 5938355.924999999813735 ], [ 20803.425, 5938356.0 ], [ 20802.3, 5938356.0 ] ] ] } }
]
}
