{
"type": "FeatureCollection",
"name": "23433E592557N_buildings",
"crs": { "type": "name", "properties": { "name": "urn:ogc:def:crs:EPSG::3776" } },
"features": [
{ "type": "Feature", "properties": { "value": 1.0, "building_id": 0, "area": 28.861874999875962 }, "geometry": { "type": "Polygon", "coordinates": [ [ [ 23968.8, 5926329.0 ], [ 23968.8, 5926326.075000000186265 ], [ 23968.875, 5926326.075000000186265 ], [ 23968.875, 5926326.0 ], [ 23968.95, 5926326.0 ], [ 23968.95, 5926325.924999999813735 ], [ 23969.025000000001455, 5926325.924999999813735 ], [ 23969.025000000001455, 5926325.849999999627471 ], [ 23969.099999999998545, 5926325.849999999627471 ], [ 23969.099999999998545, 5926325.775000000372529 ], [ 23969.400000000001455, 5926325.775000000372529 ], [ 23969.400000000001455, 5926325.700000000186265 ], [ 23969.7, 5926325.700000000186265 ], [ 23969.7, 5926325.625 ], [ 23970.075, 5926325.625 ], [ 23970.075, 5926325.549999999813735 ], [ 23970.375, 5926325.549999999813735 ], [ 23970.375, 5926325.474999999627471 ], [ 23970.75, 5926325.474999999627471 ], [ 23970.75, 5926325.400000000372529 ], [ 23971.05, 5926325.400000000372529 ], [ 23971.05, 5926325.325000000186265 ], [ 23971.425, 5926325.325000000186265 ], [ 23971.425, 5926325.25 ], [ 23971.724999999998545, 5926325.25 ], [ 23971.724999999998545, 5926325.174999999813735 ], [ 23972.025000000001455, 5926325.174999999813735 ], [ 23972.025000000001455, 5926325.099999999627471 ], [ 23972.325, 5926325.099999999627471 ], [ 23972.325, 5926325.025000000372529 ], [ 23972.7, 5926325.025000000372529 ], [ 23972.7, 5926324.950000000186265 ], [ 23973.0, 5926324.950000000186265 ], [ 23973.0, 5926324.875 ], [ 23973.3, 5926324.875 ], [ 23973.3, 5926324.799999999813735 ], [ 23973.599999999998545, 5926324.799999999813735 ], [ 23973.599999999998545, 5926324.724999999627471 ], [ 23973.900000000001455, 5926324.724999999627471 ], [ 23973.900000000001455, 5926324.650000000372529 ], [ 23974.2, 5926324.650000000372529 ], [ 23974.2, 5926324.575000000186265 ], [ 23974.5, 5926324.575000000186265 ], [ 23974.5, 5926324.5 ], [ 23974.8, 5926324.5 ], [ 23974.8, 5926324.424999999813735 ], [ 23975.025000000001455, 5926324.424999999813735 ], [ 23975.025000000001455, 5926324.5 ], [ 23975.099999999998545, 5926324.5 ], [ 23975.099999999998545, 5926324.650000000372529 ], [ 23975.175, 5926324.650000000372529 ], [ 23975.175, 5926324.724999999627471 ], [ 23975.25, 5926324.724999999627471 ], [ 23975.25, 5926324.875 ], [ 23975.325, 5926324.875 ], [ 23975.325, 5926324.950000000186265 ], [ 23975.400000000001455, 5926324.950000000186265 ], [ 23975.400000000001455, 5926325.025000000372529 ], [ 23975.474999999998545, 5926325.025000000372529 ], [ 23975.474999999998545, 5926325.099999999627471 ], [ 23975.55, 5926325.099999999627471 ], [ 23975.55, 5926325.25 ], [ 23975.625, 5926325.25 ], [ 23975.625, 5926325.325000000186265 ], [ 23975.7, 5926325.325000000186265 ], [ 23975.7, 5926325.400000000372529 ], [ 23975.775000000001455, 5926325.400000000372529 ], [ 23975.775000000001455, 5926325.474999999627471 ], [ 23975.849999999998545, 5926325.474999999627471 ], [ 23975.849999999998545, 5926325.549999999813735 ], [ 23975.925, 5926325.549999999813735 ], [ 23975.925, 5926325.625 ], [ 23976.0, 5926325.625 ], [ 23976.0, 5926325.700000000186265 ], [ 23976.075, 5926325.700000000186265 ], [ 23976.075, 5926325.775000000372529 ], [ 23976.150000000001455, 5926325.775000000372529 ], [ 23976.150000000001455, 5926325.849999999627471 ], [ 23976.224999999998545, 5926325.849999999627471 ], [ 23976.224999999998545, 5926325.924999999813735 ], [ 23976.3, 5926325.924999999813735 ], [ 23976.3, 5926326.0 ], [ 23976.375, 5926326.0 ], [ 23976.375, 5926329.0 ], [ 23968.8, 5926329.0 ] ] ] } },
{ "type": "Feature", "properties": { "value": 1.0, "building_id": 1, "area": 507.44812499955913 }, "geometry": { "type": "Polygon", "coordinates": [ [ [ 24048.974999999998545, 5926329.0 ], [ 24048.974999999998545, 5926326.0 ], [ 24049.05, 5926326.0 ], [ 24049.05, 5926325.700000000186265 ], [ 24049.125, 5926325.700000000186265 ], [ 24049.125, 5926325.400000000372529 ], [ 24049.2, 5926325.400000000372529 ], [ 24049.2, 5926325.174999999813735 ], [ 24049.275000000001455, 5926325.174999999813735 ], [ 24049.275000000001455, 5926324.950000000186265 ], [ 24049.349999999998545, 5926324.950000000186265 ], [ 24049.349999999998545, 5926324.724999999627471 ], [ 24049.425, 5926324.724999999627471 ], [ 24049.425, 5926324.5 ], [ 24049.5, 5926324.5 ], [ 24049.5, 5926324.275000000372529 ], [ 24049.575, 5926324.275000000372529 ], [ 24049.575, 5926324.049999999813735 ], [ 24049.650000000001455, 5926324.049999999813735 ], [ 24049.650000000001455, 5926323.974999999627471 ], [ 24049.724999999998545, 5926323.974999999627471 ], [ 24049.724999999998545, 5926323.825000000186265 ], [ 24049.8, 5926323.825000000186265 ], [ 24049.8, 5926323.75 ], [ 24049.875, 5926323.75 ], [ 24049.875, 5926323.599999999627471 ], [ 24049.95, 5926323.599999999627471 ], [ 24049.95, 5926323.525000000372529 ], [ 24050.025000000001455, 5926323.525000000372529 ], [ 24050.025000000001455, 5926323.375 ], [ 24050.099999999998545, 5926323.375 ], [ 24050.099999999998545, 5926323.224999999627471 ], [ 24050.175, 5926323.224999999627471 ], [ 24050.175, 5926323.150000000372529 ], [ 24050.25, 5926323.150000000372529 ], [ 24050.25, 5926323.0 ], [ 24050.325, 5926323.0 ], [ 24050.325, 5926322.924999999813735 ], [ 24050.400000000001455, 5926322.924999999813735 ], [ 24050.400000000001455, 5926322.775000000372529 ], [ 24050.474999999998545, 5926322.775000000372529 ], [ 24050.474999999998545, 5926322.625 ], [ 24050.55, 5926322.625 ], [ 24050.55, 5926322.549999999813735 ], [ 24050.625, 5926322.549999999813735 ], [ 24050.625, 5926322.400000000372529 ], [ 24050.7, 5926322.400000000372529 ], [ 24050.7, 5926322.25 ], [ 24050.775000000001455, 5926322.25 ], [ 24050.775000000001455, 5926322.174999999813735 ], [ 24050.849999999998545, 5926322.174999999813735 ], [ 24050.849999999998545, 5926322.025000000372529 ], [ 24050.925, 5926322.025000000372529 ], [ 24050.925, 5926321.950000000186265 ], [ 24051.0, 5926321.950000000186265 ], [ 24051.0, 5926321.875 ], [ 24051.075, 5926321.875 ], [ 24051.075, 5926321.799999999813735 ], [ 24051.150000000001455, 5926321.799999999813735 ], [ 24051.150000000001455, 5926321.724999999627471 ], [ 24051.224999999998545, 5926321.724999999627471 ], [ 24051.224999999998545, 5926321.650000000372529 ], [ 24051.3, 5926321.650000000372529 ], [ 24051.3, 5926321.575000000186265 ], [ 24051.375, 5926321.575000000186265 ], [ 24051.375, 5926321.5 ], [ 24051.45, 5926321.5 ], [ 24051.45, 5926321.424999999813735 ], [ 24051.525000000001455, 5926321.424999999813735 ], [ 24051.525000000001455, 5926321.349999999627471 ], [ 24051.599999999998545, 5926321.349999999627471 ], [ 24051.599999999998545, 5926321.275000000372529 ], [ 24051.675, 5926321.275000000372529 ], [ 24051.675, 5926321.200000000186265 ], [ 24051.75, 5926321.200000000186265 ], [ 24051.75, 5926321.125 ], [ 24051.825, 5926321.125 ], [ 24051.825, 5926321.049999999813735 ], [ 24051.900000000001455, 5926321.049999999813735 ], [ 24051.900000000001455, 5926320.974999999627471 ], [ 24051.974999999998545, 5926320.974999999627471 ], [ 24051.974999999998545, 5926320.900000000372529 ], [ 24052.05, 5926320.900000000372529 ], [ 24052.05, 5926320.825000000186265 ], [ 24052.125, 5926320.825000000186265 ], [ 24052.125, 5926320.75 ], [ 24052.2, 5926320.75 ], [ 24052.2, 5926320.674999999813735 ], [ 24052.275000000001455, 5926320.674999999813735 ], [ 24052.275000000001455, 5926320.599999999627471 ], [ 24052.349999999998545, 5926320.599999999627471 ], [ 24052.349999999998545, 5926320.525000000372529 ], [ 24052.425, 5926320.525000000372529 ], [ 24052.425, 5926320.450000000186265 ], [ 24052.5, 5926320.450000000186265 ], [ 24052.5, 5926320.375 ], [ 24052.575, 5926320.375 ], [ 24052.575, 5926320.299999999813735 ], [ 24052.650000000001455, 5926320.299999999813735 ], [ 24052.650000000001455, 5926320.224999999627471 ], [ 24052.724999999998545, 5926320.224999999627471 ], [ 24052.724999999998545, 5926320.150000000372529 ], [ 24052.8, 5926320.150000000372529 ], [ 24052.8, 5926320.075000000186265 ], [ 24052.875, 5926320.075000000186265 ], [ 24052.875, 5926320.0 ], [ 24052.95, 5926320.0 ], [ 24052.95, 5926319.924999999813735 ], [ 24053.099999999998545, 5926319.924999999813735 ], [ 24053.099999999998545, 5926319.849999999627471 ], [ 24053.175, 5926319.849999999627471 ], [ 24053.175, 5926319.775000000372529 ], [ 24053.325, 5926319.775000000372529 ], [ 24053.325, 5926319.700000000186265 ], [ 24053.400000000001455, 5926319.700000000186265 ], [ 24053.400000000001455, 5926319.625 ], [ 24053.55, 5926319.625 ], [ 24053.55, 5926319.549999999813735 ], [ 24053.625, 5926319.549999999813735 ], [ 24053.625, 5926319.474999999627471 ], [ 24053.775000000001455, 5926319.474999999627471 ], [ 24053.775000000001455, 5926319.400000000372529 ], [ 24053.849999999998545, 5926319.400000000372529 ], [ 24053.849999999998545, 5926319.325000000186265 ], [ 24054.0, 5926319.325000000186265 ], [ 24054.0, 5926319.25 ], [ 24054.150000000001455, 5926319.25 ], [ 24054.150000000001455, 5926319.174999999813735 ], [ 24054.224999999998545, 5926319.174999999813735 ], [ 24054.224999999998545, 5926319.099999999627471 ], [ 24054.375, 5926319.099999999627471 ], [ 24054.375, 5926319.025000000372529 ], [ 24054.45, 5926319.025000000372529 ], [ 24054.45, 5926318.950000000186265 ], [ 24054.599999999998545, 5926318.950000000186265 ], [ 24054.599999999998545, 5926318.875 ], [ 24054.675, 5926318.875 ], [ 24054.675, 5926318.799999999813735 ], [ 24054.825, 5926318.799999999813735 ], [ 24054.825, 5926318.724999999627471 ], [ 24054.900000000001455, 5926318.724999999627471 ], [ 24054.900000000001455, 5926318.650000000372529 ], [ 24055.05, 5926318.650000000372529 ], [ 24055.05, 5926318.575000000186265 ], [ 24055.2, 5926318.575000000186265 ], [ 24055.2, 5926318.5 ], [ 24055.275000000001455, 5926318.5 ], [ 24055.275000000001455, 5926318.424999999813735 ], [ 24055.425, 5926318.424999999813735 ], [ 24055.425, 5926318.349999999627471 ], [ 24055.5, 5926318.349999999627471 ], [ 24055.5, 5926318.275000000372529 ], [ 24055.575, 5926318.275000000372529 ], [ 24055.575, 5926318.125 ], [ 24055.5, 5926318.125 ], [ 24055.5, 5926318.049999999813735 ], [ 24055.425, 5926318.049999999813735 ], [ 24055.425, 5926317.974999999627471 ], [ 24055.349999999998545, 5926317.974999999627471 ], [ 24055.349999999998545, 5926317.825000000186265 ], [ 24055.275000000001455, 5926317.825000000186265 ], [ 24055.275000000001455, 5926317.75 ], [ 24055.2, 5926317.75 ], [ 24055.2, 5926317.674999999813735 ], [ 24055.125, 5926317.674999999813735 ], [ 24055.125, 5926317.599999999627471 ], [ 24055.05, 5926317.599999999627471 ], [ 24055.05, 5926317.525000000372529 ], [ 24054.974999999998545, 5926317.525000000372529 ], [ 24054.974999999998545, 5926317.375 ], [ 24054.900000000001455, 5926317.375 ], [ 24054.900000000001455, 5926317.299999999813735 ], [ 24054.825, 5926317.299999999813735 ], [ 24054.825, 5926317.224999999627471 ], [ 24054.75, 5926317.224999999627471 ], [ 24054.75, 5926317.075000000186265 ], [ 24054.675, 5926317.075000000186265 ], [ 24054.675, 5926317.0 ], [ 24054.599999999998545, 5926317.0 ], [ 24054.599999999998545, 5926316.924999999813735 ], [ 24054.525000000001455, 5926316.924999999813735 ], [ 24054.525000000001455, 5926316.775000000372529 ], [ 24054.45, 5926316.775000000372529 ], [ 24054.45, 5926316.700000000186265 ], [ 24054.375, 5926316.700000000186265 ], [ 24054.375, 5926316.625 ], [ 24054.3, 5926316.625 ], [ 24054.3, 5926316.474999999627471 ], [ 24054.224999999998545, 5926316.474999999627471 ], [ 24054.224999999998545, 5926316.400000000372529 ], [ 24054.150000000001455, 5926316.400000000372529 ], [ 24054.150000000001455, 5926316.325000000186265 ], [ 24054.075, 5926316.325000000186265 ], [ 24054.075, 5926316.25 ], [ 24053.925, 5926316.25 ], [ 24053.925, 5926316.174999999813735 ], [ 24053.849999999998545, 5926316.174999999813735 ], [ 24053.849999999998545, 5926316.099999999627471 ], [ 24053.7, 5926316.099999999627471 ], [ 24053.7, 5926316.025000000372529 ], [ 24053.55, 5926316.025000000372529 ], [ 24053.55, 5926315.950000000186265 ], [ 24053.400000000001455, 5926315.950000000186265 ], [ 24053.400000000001455, 5926315.875 ], [ 24053.25, 5926315.875 ], [ 24053.25, 5926315.799999999813735 ], [ 24053.099999999998545, 5926315.799999999813735 ], [ 24053.099999999998545, 5926315.724999999627471 ], [ 24052.95, 5926315.724999999627471 ], [ 24052.95, 5926315.650000000372529 ], [ 24052.8, 5926315.650000000372529 ], [ 24052.8, 5926315.575000000186265 ], [ 24052.724999999998545, 5926315.575000000186265 ], [ 24052.724999999998545, 5926315.5 ], [ 24052.575, 5926315.5 ], [ 24052.575, 5926315.424999999813735 ], [ 24052.425, 5926315.424999999813735 ], [ 24052.425, 5926315.349999999627471 ], [ 24052.349999999998545, 5926315.349999999627471 ], [ 24052.349999999998545, 5926315.275000000372529 ], [ 24052.2, 5926315.275000000372529 ], [ 24052.2, 5926315.200000000186265 ], [ 24052.05, 5926315.200000000186265 ], [ 24052.05, 5926315.125 ], [ 24051.900000000001455, 5926315.125 ], [ 24051.900000000001455, 5926315.049999999813735 ], [ 24051.825, 5926315.049999999813735 ], [ 24051.825, 5926314.974999999627471 ], [ 24051.675, 5926314.974999999627471 ], [ 24051.675, 5926314.900000000372529 ], [ 24051.525000000001455, 5926314.900000000372529 ], [ 24051.525000000001455, 5926314.825000000186265 ], [ 24051.375, 5926314.825000000186265 ], [ 24051.375, 5926314.75 ], [ 24051.3, 5926314.75 ], [ 24051.3, 5926314.674999999813735 ], [ 24051.150000000001455, 5926314.674999999813735 ], [ 24051.150000000001455, 5926314.599999999627471 ], [ 24051.075, 5926314.599999999627471 ], [ 24051.075, 5926314.525000000372529 ], [ 24051.0, 5926314.525000000372529 ], [ 24051.0, 5926314.450000000186265 ], [ 24050.925, 5926314.450000000186265 ], [ 24050.925, 5926314.375 ], [ 24050.849999999998545, 5926314.375 ], [ 24050.849999999998545, 5926314.299999999813735 ], [ 24050.775000000001455, 5926314.299999999813735 ], [ 24050.775000000001455, 5926314.150000000372529 ], [ 24050.7, 5926314.150000000372529 ], [ 24050.7, 5926314.0 ], [ 24050.625, 5926314.0 ], [ 24050.625, 5926313.849999999627471 ], [ 24050.55, 5926313.849999999627471 ], [ 24050.55, 5926313.700000000186265 ], [ 24050.474999999998545, 5926313.700000000186265 ], [ 24050.474999999998545, 5926313.625 ], [ 24050.400000000001455, 5926313.625 ], [ 24050.400000000001455, 5926313.474999999627471 ], [ 24050.325, 5926313.474999999627471 ], [ 24050.325, 5926313.325000000186265 ], [ 24050.25, 5926313.325000000186265 ], [ 24050.25, 5926313.25 ], [ 24050.175, 5926313.25 ], [ 24050.175, 5926313.099999999627471 ], [ 24050.099999999998545, 5926313.099999999627471 ], [ 24050.099999999998545, 5926312.950000000186265 ], [ 24050.025000000001455, 5926312.950000000186265 ], [ 24050.025000000001455, 5926312.875 ], [ 24049.95, 5926312.875 ], [ 24049.95, 5926312.724999999627471 ], [ 24049.875, 5926312.724999999627471 ], [ 24049.875, 5926312.650000000372529 ], [ 24049.8, 5926312.650000000372529 ], [ 24049.8, 5926312.5 ], [ 24049.724999999998545, 5926312.5 ], [ 24049.724999999998545, 5926312.424999999813735 ], [ 24049.650000000001455, 5926312.424999999813735 ], [ 24049.650000000001455, 5926312.275000000372529 ], [ 24049.575, 5926312.275000000372529 ], [ 24049.575, 5926312.125 ], [ 24049.5, 5926312.125 ], [ 24049.5, 5926311.974999999627471 ], [ 24049.425, 5926311.974999999627471 ], [ 24049.425, 5926311.825000000186265 ], [ 24049.349999999998545, 5926311.825000000186265 ], [ 24049.349999999998545, 5926311.674999999813735 ], [ 24049.275000000001455, 5926311.674999999813735 ], [ 24049.275000000001455, 5926311.599999999627471 ], [ 24049.2, 5926311.599999999627471 ], [ 24049.2, 5926311.375 ], [ 24049.125, 5926311.375 ], [ 24049.125, 5926311.150000000372529 ], [ 24049.05, 5926311.150000000372529 ], [ 24049.05, 5926310.924999999813735 ], [ 24048.974999999998545, 5926310.924999999813735 ], [ 24048.974999999998545, 5926310.700000000186265 ], [ 24048.900000000001455, 5926310.700000000186265 ], [ 24048.900000000001455, 5926309.049999999813735 ], [ 24048.825, 5926309.049999999813735 ], [ 24048.825, 5926308.450000000186265 ], [ 24048.900000000001455, 5926308.450000000186265 ], [ 24048.900000000001455, 5926308.075000000186265 ], [ 24048.974999999998545, 5926308.075000000186265 ], [ 24048.974999999998545, 5926307.700000000186265 ], [ 24049.05, 5926307.700000000186265 ], [ 24049.05, 5926307.400000000372529 ], [ 24049.125, 5926307.400000000372529 ], [ 24049.125, 5926307.099999999627471 ], [ 24049.2, 5926307.099999999627471 ], [ 24049.2, 5926306.799999999813735 ], [ 24049.275000000001455, 5926306.799999999813735 ], [ 24049.275000000001455, 5926306.650000000372529 ], [ 24049.349999999998545, 5926306.650000000372529 ], [ 24049.349999999998545, 5926306.5 ], [ 24049.425, 5926306.5 ], [ 24049.425, 5926306.349999999627471 ], [ 24049.5, 5926306.349999999627471 ], [ 24049.5, 5926306.275000000372529 ], [ 24049.575, 5926306.275000000372529 ], [ 24049.575, 5926306.125 ], [ 24049.650000000001455, 5926306.125 ], [ 24049.650000000001455, 5926305.974999999627471 ], [ 24049.724999999998545, 5926305.974999999627471 ], [ 24049.724999999998545, 5926305.825000000186265 ], [ 24049.8, 5926305.825000000186265 ], [ 24049.8, 5926305.674999999813735 ], [ 24049.875, 5926305.674999999813735 ], [ 24049.875, 5926305.525000000372529 ], [ 24049.95, 5926305.525000000372529 ], [ 24049.95, 5926305.375 ], [ 24050.025000000001455, 5926305.375 ], [ 24050.025000000001455, 5926305.224999999627471 ], [ 24050.099999999998545, 5926305.224999999627471 ], [ 24050.099999999998545, 5926305.075000000186265 ], [ 24050.175, 5926305.075000000186265 ], [ 24050.175, 5926304.924999999813735 ], [ 24050.25, 5926304.924999999813735 ], [ 24050.25, 5926304.775000000372529 ], [ 24050.325, 5926304.775000000372529 ], [ 24050.325, 5926304.625 ], [ 24050.400000000001455, 5926304.625 ], [ 24050.400000000001455, 5926304.474999999627471 ], [ 24050.474999999998545, 5926304.474999999627471 ], [ 24050.474999999998545, 5926304.400000000372529 ], [ 24050.55, 5926304.400000000372529 ], [ 24050.55, 5926304.25 ], [ 24050.625, 5926304.25 ], [ 24050.625, 5926304.099999999627471 ], [ 24050.7, 5926304.099999999627471 ], [ 24050.7, 5926304.025000000372529 ], [ 24050.775000000001455, 5926304.025000000372529 ], [ 24050.775000000001455, 5926303.875 ], [ 24050.849999999998545, 5926303.875 ], [ 24050.849999999998545, 5926303.724999999627471 ], [ 24050.925, 5926303.724999999627471 ], [ 24050.925, 5926303.650000000372529 ], [ 24051.0, 5926303.650000000372529 ], [ 24051.0, 5926303.5 ], [ 24051.075, 5926303.5 ], [ 24051.075, 5926303.424999999813735 ], [ 24051.150000000001455, 5926303.424999999813735 ], [ 24051.150000000001455, 5926303.275000000372529 ], [ 24051.3, 5926303.275000000372529 ], [ 24051.3, 5926303.200000000186265 ], [ 24051.375, 5926303.200000000186265 ], [ 24051.375, 5926303.125 ], [ 24051.45, 5926303.125 ], [ 24051.45, 5926303.049999999813735 ], [ 24051.525000000001455, 5926303.049999999813735 ], [ 24051.525000000001455, 5926302.974999999627471 ], [ 24051.599999999998545, 5926302.974999999627471 ], [ 24051.599999999998545, 5926302.900000000372529 ], [ 24051.675, 5926302.900000000372529 ], [ 24051.675, 5926302.825000000186265 ], [ 24051.75, 5926302.825000000186265 ], [ 24051.75, 5926302.75 ], [ 24051.825, 5926302.75 ], [ 24051.825, 5926302.674999999813735 ], [ 24051.900000000001455, 5926302.674999999813735 ], [ 24051.900000000001455, 5926302.599999999627471 ], [ 24052.125, 5926302.599999999627471 ], [ 24052.125, 5926302.525000000372529 ], [ 24052.275000000001455, 5926302.525000000372529 ], [ 24052.275000000001455, 5926302.450000000186265 ], [ 24052.425, 5926302.450000000186265 ], [ 24052.425, 5926302.375 ], [ 24052.575, 5926302.375 ], [ 24052.575, 5926302.299999999813735 ], [ 24052.8, 5926302.299999999813735 ], [ 24052.8, 5926302.224999999627471 ], [ 24052.95, 5926302.224999999627471 ], [ 24052.95, 5926302.150000000372529 ], [ 24053.175, 5926302.150000000372529 ], [ 24053.175, 5926302.075000000186265 ], [ 24054.900000000001455, 5926302.075000000186265 ], [ 24054.900000000001455, 5926302.0 ], [ 24055.125, 5926302.0 ], [ 24055.125, 5926302.075000000186265 ], [ 24055.349999999998545, 5926302.075000000186265 ], [ 24055.349999999998545, 5926302.150000000372529 ], [ 24055.650000000001455, 5926302.150000000372529 ], [ 24055.650000000001455, 5926302.224999999627471 ], [ 24055.95, 5926302.224999999627471 ], [ 24055.95, 5926302.299999999813735 ], [ 24056.25, 5926302.299999999813735 ], [ 24056.25, 5926302.375 ], [ 24056.625, 5926302.375 ], [ 24056.625, 5926302.450000000186265 ], [ 24057.0, 5926302.450000000186265 ], [ 24057.0, 5926302.525000000372529 ], [ 24057.3, 5926302.525000000372529 ], [ 24057.3, 5926302.599999999627471 ], [ 24057.599999999998545, 5926302.599999999627471 ], [ 24057.599999999998545, 5926302.674999999813735 ], [ 24057.75, 5926302.674999999813735 ], [ 24057.75, 5926302.75 ], [ 24057.974999999998545, 5926302.75 ], [ 24057.974999999998545, 5926302.825000000186265 ], [ 24058.125, 5926302.825000000186265 ], [ 24058.125, 5926302.900000000372529 ], [ 24058.425, 5926302.900000000372529 ], [ 24058.425, 5926302.974999999627471 ], [ 24058.650000000001455, 5926302.974999999627471 ], [ 24058.650000000001455, 5926303.049999999813735 ], [ 24058.875, 5926303.049999999813735 ], [ 24058.875, 5926303.125 ], [ 24059.099999999998545, 5926303.125 ], [ 24059.099999999998545, 5926303.200000000186265 ], [ 24059.325, 5926303.200000000186265 ], [ 24059.325, 5926303.275000000372529 ], [ 24059.625, 5926303.275000000372529 ], [ 24059.625, 5926303.349999999627471 ], [ 24059.849999999998545, 5926303.349999999627471 ], [ 24059.849999999998545, 5926303.424999999813735 ], [ 24060.150000000001455, 5926303.424999999813735 ], [ 24060.150000000001455, 5926303.5 ], [ 24060.45, 5926303.5 ], [ 24060.45, 5926303.575000000186265 ], [ 24060.825, 5926303.575000000186265 ], [ 24060.825, 5926303.650000000372529 ], [ 24061.349999999998545, 5926303.650000000372529 ], [ 24061.349999999998545, 5926303.724999999627471 ], [ 24061.95, 5926303.724999999627471 ], [ 24061.95, 5926303.799999999813735 ], [ 24062.55, 5926303.799999999813735 ], [ 24062.55, 5926303.875 ], [ 24063.224999999998545, 5926303.875 ], [ 24063.224999999998545, 5926303.950000000186265 ], [ 24063.900000000001455, 5926303.950000000186265 ], [ 24063.900000000001455, 5926304.025000000372529 ], [ 24064.5, 5926304.025000000372529 ], [ 24064.5, 5926304.099999999627471 ], [ 24064.95, 5926304.099999999627471 ], [ 24064.95, 5926304.174999999813735 ], [ 24065.325, 5926304.174999999813735 ], [ 24065.325, 5926304.25 ], [ 24065.55, 5926304.25 ], [ 24065.55, 5926304.325000000186265 ], [ 24065.849999999998545, 5926304.325000000186265 ], [ 24065.849999999998545, 5926304.400000000372529 ], [ 24066.075, 5926304.400000000372529 ], [ 24066.075, 5926304.474999999627471 ], [ 24066.3, 5926304.474999999627471 ], [ 24066.3, 5926304.549999999813735 ], [ 24066.525000000001455, 5926304.549999999813735 ], [ 24066.525000000001455, 5926304.625 ], [ 24066.675, 5926304.625 ], [ 24066.675, 5926304.700000000186265 ], [ 24066.75, 5926304.700000000186265 ], [ 24066.75, 5926304.775000000372529 ], [ 24066.900000000001455, 5926304.775000000372529 ], [ 24066.900000000001455, 5926304.849999999627471 ], [ 24066.974999999998545, 5926304.849999999627471 ], [ 24066.974999999998545, 5926304.924999999813735 ], [ 24067.05, 5926304.924999999813735 ], [ 24067.05, 5926305.0 ], [ 24067.125, 5926305.0 ], [ 24067.125, 5926305.075000000186265 ], [ 24067.2, 5926305.075000000186265 ], [ 24067.2, 5926305.150000000372529 ], [ 24067.275000000001455, 5926305.150000000372529 ], [ 24067.275000000001455, 5926305.224999999627471 ], [ 24067.349999999998545, 5926305.224999999627471 ], [ 24067.349999999998545, 5926305.299999999813735 ], [ 24067.425, 5926305.299999999813735 ], [ 24067.425, 5926305.375 ], [ 24067.5, 5926305.375 ], [ 24067.5, 5926305.450000000186265 ], [ 24067.575, 5926305.450000000186265 ], [ 24067.575, 5926305.525000000372529 ], [ 24067.650000000001455, 5926305.525000000372529 ], [ 24067.650000000001455, 5926305.599999999627471 ], [ 24067.724999999998545, 5926305.599999999627471 ], [ 24067.724999999998545, 5926305.674999999813735 ], [ 24067.8, 5926305.674999999813735 ], [ 24067.8, 5926305.75 ], [ 24067.875, 5926305.75 ], [ 24067.875, 5926305.825000000186265 ], [ 24067.95, 5926305.825000000186265 ], [ 24067.95, 5926305.900000000372529 ], [ 24068.025000000001455, 5926305.900000000372529 ], [ 24068.025000000001455, 5926306.049999999813735 ], [ 24068.099999999998545, 5926306.049999999813735 ], [ 24068.099999999998545, 5926306.125 ], [ 24068.175, 5926306.125 ], [ 24068.175, 5926306.200000000186265 ], [ 24068.25, 5926306.200000000186265 ], [ 24068.25, 5926306.275000000372529 ], [ 24068.325, 5926306.275000000372529 ], [ 24068.325, 5926306.424999999813735 ], [ 24068.400000000001455, 5926306.424999999813735 ], [ 24068.400000000001455, 5926306.5 ], [ 24068.474999999998545, 5926306.5 ], [ 24068.474999999998545, 5926306.575000000186265 ], [ 24068.55, 5926306.575000000186265 ], [ 24068.55, 5926306.724999999627471 ], [ 24068.625, 5926306.724999999627471 ], [ 24068.625, 5926306.875 ], [ 24068.7, 5926306.875 ], [ 24068.7, 5926306.950000000186265 ], [ 24068.775000000001455, 5926306.950000000186265 ], [ 24068.775000000001455, 5926307.025000000372529 ], [ 24068.849999999998545, 5926307.025000000372529 ], [ 24068.849999999998545, 5926307.174999999813735 ], [ 24068.925, 5926307.174999999813735 ], [ 24068.925, 5926307.25 ], [ 24069.0, 5926307.25 ], [ 24069.0, 5926307.325000000186265 ], [ 24069.075, 5926307.325000000186265 ], [ 24069.075, 5926307.474999999627471 ], [ 24069.150000000001455, 5926307.474999999627471 ], [ 24069.150000000001455, 5926307.625 ], [ 24069.224999999998545, 5926307.625 ], [ 24069.224999999998545, 5926307.700000000186265 ], [ 24069.3, 5926307.700000000186265 ], [ 24069.3, 5926307.849999999627471 ], [ 24069.375, 5926307.849999999627471 ], [ 24069.375, 5926308.0 ], [ 24069.45, 5926308.0 ], [ 24069.45, 5926308.224999999627471 ], [ 24069.525000000001455, 5926308.224999999627471 ], [ 24069.525000000001455, 5926308.375 ], [ 24069.599999999998545, 5926308.375 ], [ 24069.599999999998545, 5926308.599999999627471 ], [ 24069.675, 5926308.599999999627471 ], [ 24069.675, 5926308.825000000186265 ], [ 24069.75, 5926308.825000000186265 ], [ 24069.75, 5926309.125 ], [ 24069.825, 5926309.125 ], [ 24069.825, 5926309.349999999627471 ], [ 24069.900000000001455, 5926309.349999999627471 ], [ 24069.900000000001455, 5926309.575000000186265 ], [ 24069.974999999998545, 5926309.575000000186265 ], [ 24069.974999999998545, 5926309.799999999813735 ], [ 24070.05, 5926309.799999999813735 ], [ 24070.05, 5926310.025000000372529 ], [ 24070.125, 5926310.025000000372529 ], [ 24070.125, 5926310.25 ], [ 24070.2, 5926310.25 ], [ 24070.2, 5926310.474999999627471 ], [ 24070.275000000001455, 5926310.474999999627471 ], [ 24070.275000000001455, 5926310.700000000186265 ], [ 24070.349999999998545, 5926310.700000000186265 ], [ 24070.349999999998545, 5926310.849999999627471 ], [ 24070.425, 5926310.849999999627471 ], [ 24070.425, 5926311.0 ], [ 24070.5, 5926311.0 ], [ 24070.5, 5926311.150000000372529 ], [ 24070.575, 5926311.150000000372529 ], [ 24070.575, 5926311.299999999813735 ], [ 24070.650000000001455, 5926311.299999999813735 ], [ 24070.650000000001455, 5926311.450000000186265 ], [ 24070.724999999998545, 5926311.450000000186265 ], [ 24070.724999999998545, 5926311.525000000372529 ], [ 24070.8, 5926311.525000000372529 ], [ 24070.8, 5926311.599999999627471 ], [ 24070.95, 5926311.599999999627471 ], [ 24070.95, 5926311.674999999813735 ], [ 24071.025000000001455, 5926311.674999999813735 ], [ 24071.025000000001455, 5926311.75 ], [ 24071.099999999998545, 5926311.75 ], [ 24071.099999999998545, 5926311.825000000186265 ], [ 24071.25, 5926311.825000000186265 ], [ 24071.25, 5926311.900000000372529 ], [ 24071.325, 5926311.900000000372529 ], [ 24071.325, 5926311.974999999627471 ], [ 24071.400000000001455, 5926311.974999999627471 ], [ 24071.400000000001455, 5926312.049999999813735 ], [ 24071.55, 5926312.049999999813735 ], [ 24071.55, 5926312.125 ], [ 24071.625, 5926312.125 ], [ 24071.625, 5926312.200000000186265 ], [ 24071.7, 5926312.200000000186265 ], [ 24071.7, 5926312.275000000372529 ], [ 24071.775000000001455, 5926312.275000000372529 ], [ 24071.775000000001455, 5926312.349999999627471 ], [ 24071.925, 5926312.349999999627471 ], [ 24071.925, 5926312.5 ], [ 24072.0, 5926312.5 ], [ 24072.0, 5926312.575000000186265 ], [ 24072.075, 5926312.575000000186265 ], [ 24072.075, 5926312.650000000372529 ], [ 24072.150000000001455, 5926312.650000000372529 ], [ 24072.150000000001455, 5926313.325000000186265 ], [ 24072.075, 5926313.325000000186265 ], [ 24072.075, 5926314.0 ], [ 24072.0, 5926314.0 ], [ 24072.0, 5926314.75 ], [ 24071.925, 5926314.75 ], [ 24071.925, 5926315.575000000186265 ], [ 24071.849999999998545, 5926315.575000000186265 ], [ 24071.849999999998545, 5926316.400000000372529 ], [ 24071.775000000001455, 5926316.400000000372529 ], [ 24071.775000000001455, 5926316.924999999813735 ], [ 24071.7, 5926316.924999999813735 ], [ 24071.7, 5926317.525000000372529 ], [ 24071.625, 5926317.525000000372529 ], [ 24071.625, 5926318.125 ], [ 24071.55, 5926318.125 ], [ 24071.55, 5926318.575000000186265 ], [ 24071.474999999998545, 5926318.575000000186265 ], [ 24071.474999999998545, 5926318.950000000186265 ], [ 24071.400000000001455, 5926318.950000000186265 ], [ 24071.400000000001455, 5926319.325000000186265 ], [ 24071.325, 5926319.325000000186265 ], [ 24071.325, 5926319.700000000186265 ], [ 24071.25, 5926319.700000000186265 ], [ 24071.25, 5926320.0 ], [ 24071.175, 5926320.0 ], [ 24071.175, 5926320.375 ], [ 24071.099999999998545, 5926320.375 ], [ 24071.099999999998545, 5926320.674999999813735 ], [ 24071.025000000001455, 5926320.674999999813735 ], [ 24071.025000000001455, 5926320.974999999627471 ], [ 24070.95, 5926320.974999999627471 ], [ 24070.95, 5926321.275000000372529 ], [ 24070.875, 5926321.275000000372529 ], [ 24070.875, 5926321.5 ], [ 24070.8, 5926321.5 ], [ 24070.8, 5926321.799999999813735 ], [ 24070.724999999998545, 5926321.799999999813735 ], [ 24070.724999999998545, 5926322.025000000372529 ], [ 24070.650000000001455, 5926322.025000000372529 ], [ 24070.650000000001455, 5926322.400000000372529 ], [ 24070.575, 5926322.400000000372529 ], [ 24070.575, 5926322.775000000372529 ], [ 24070.5, 5926322.775000000372529 ], [ 24070.5, 5926323.150000000372529 ], [ 24070.425, 5926323.150000000372529 ], [ 24070.425, 5926323.599999999627471 ], [ 24070.349999999998545, 5926323.599999999627471 ], [ 24070.349999999998545, 5926324.125 ], [ 24070.275000000001455, 5926324.125 ], [ 24070.275000000001455, 5926325.25 ], [ 24070.2, 5926325.25 ], [ 24070.2, 5926329.0 ], [ 24048.974999999998545, 5926329.0 ] ] ] } },
{ "type": "Feature", "properties": { "value": 1.0, "building_id": 2, "area": 797.96249999972406 }, "geometry": { "type": "Polygon", "coordinates": [ [ [ 24077.849999999998545, 5926307.325000000186265 ], [ 24077.849999999998545, 5926307.25 ], [ 24077.325, 5926307.25 ], [ 24077.325, 5926307.174999999813735 ], [ 24076.8, 5926307.174999999813735 ], [ 24076.8, 5926307.099999999627471 ], [ 24076.349999999998545, 5926307.099999999627471 ], [ 24076.349999999998545, 5926307.025000000372529 ], [ 24075.974999999998545, 5926307.025000000372529 ], [ 24075.974999999998545, 5926306.950000000186265 ], [ 24075.675, 5926306.950000000186265 ], [ 24075.675, 5926306.875 ], [ 24075.45, 5926306.875 ], [ 24075.45, 5926306.799999999813735 ], [ 24075.150000000001455, 5926306.799999999813735 ], [ 24075.150000000001455, 5926306.724999999627471 ], [ 24074.925, 5926306.724999999627471 ], [ 24074.925, 5926306.650000000372529 ], [ 24074.775000000001455, 5926306.650000000372529 ], [ 24074.775000000001455, 5926306.575000000186265 ], [ 24074.55, 5926306.575000000186265 ], [ 24074.55, 5926306.5 ], [ 24074.400000000001455, 5926306.5 ], [ 24074.400000000001455, 5926306.424999999813735 ], [ 24074.325, 5926306.424999999813735 ], [ 24074.325, 5926306.349999999627471 ], [ 24074.175, 5926306.349999999627471 ], [ 24074.175, 5926306.275000000372529 ], [ 24074.025000000001455, 5926306.275000000372529 ], [ 24074.025000000001455, 5926306.200000000186265 ], [ 24073.95, 5926306.200000000186265 ], [ 24073.95, 5926306.125 ], [ 24073.875, 5926306.125 ], [ 24073.875, 5926306.049999999813735 ], [ 24073.724999999998545, 5926306.049999999813735 ], [ 24073.724999999998545, 5926305.974999999627471 ], [ 24073.650000000001455, 5926305.974999999627471 ], [ 24073.650000000001455, 5926305.900000000372529 ], [ 24073.575, 5926305.900000000372529 ], [ 24073.575, 5926305.825000000186265 ], [ 24073.5, 5926305.825000000186265 ], [ 24073.5, 5926305.75 ], [ 24073.425, 5926305.75 ], [ 24073.425, 5926305.674999999813735 ], [ 24073.349999999998545, 5926305.674999999813735 ], [ 24073.349999999998545, 5926305.599999999627471 ], [ 24073.275000000001455, 5926305.599999999627471 ], [ 24073.275000000001455, 5926305.525000000372529 ], [ 24073.2, 5926305.525000000372529 ], [ 24073.2, 5926305.450000000186265 ], [ 24073.125, 5926305.450000000186265 ], [ 24073.125, 5926305.375 ], [ 24073.05, 5926305.375 ], [ 24073.05, 5926305.224999999627471 ], [ 24072.974999999998545, 5926305.224999999627471 ], [ 24072.974999999998545, 5926305.150000000372529 ], [ 24072.900000000001455, 5926305.150000000372529 ], [ 24072.900000000001455, 5926305.0 ], [ 24072.825, 5926305.0 ], [ 24072.825, 5926304.924999999813735 ], [ 24072.75, 5926304.924999999813735 ], [ 24072.75, 5926304.775000000372529 ], [ 24072.675, 5926304.775000000372529 ], [ 24072.675, 5926304.625 ], [ 24072.599999999998545, 5926304.625 ], [ 24072.599999999998545, 5926304.474999999627471 ], [ 24072.525000000001455, 5926304.474999999627471 ], [ 24072.525000000001455, 5926304.25 ], [ 24072.45, 5926304.25 ], [ 24072.45, 5926304.025000000372529 ], [ 24072.375, 5926304.025000000372529 ], [ 24072.375, 5926303.724999999627471 ], [ 24072.3, 5926303.724999999627471 ], [ 24072.3, 5926303.424999999813735 ], [ 24072.224999999998545, 5926303.424999999813735 ], [ 24072.224999999998545, 5926303.049999999813735 ], [ 24072.150000000001455, 5926303.049999999813735 ], [ 24072.150000000001455, 5926302.674999999813735 ], [ 24072.075, 5926302.674999999813735 ], [ 24072.075, 5926302.525000000372529 ], [ 24072.0, 5926302.525000000372529 ], [ 24072.0, 5926302.375 ], [ 24071.925, 5926302.375 ], [ 24071.925, 5926302.299999999813735 ], [ 24071.849999999998545, 5926302.299999999813735 ], [ 24071.849999999998545, 5926302.150000000372529 ], [ 24071.775000000001455, 5926302.150000000372529 ], [ 24071.775000000001455, 5926302.075000000186265 ], [ 24071.7, 5926302.075000000186265 ], [ 24071.7, 5926301.924999999813735 ], [ 24071.625, 5926301.924999999813735 ], [ 24071.625, 5926301.849999999627471 ], [ 24071.55, 5926301.849999999627471 ], [ 24071.55, 5926301.700000000186265 ], [ 24071.474999999998545, 5926301.700000000186265 ], [ 24071.474999999998545, 5926301.625 ], [ 24071.400000000001455, 5926301.625 ], [ 24071.400000000001455, 5926301.549999999813735 ], [ 24071.325, 5926301.549999999813735 ], [ 24071.325, 5926301.474999999627471 ], [ 24071.25, 5926301.474999999627471 ], [ 24071.25, 5926301.400000000372529 ], [ 24071.175, 5926301.400000000372529 ], [ 24071.175, 5926301.25 ], [ 24071.099999999998545, 5926301.25 ], [ 24071.099999999998545, 5926301.174999999813735 ], [ 24071.025000000001455, 5926301.174999999813735 ], [ 24071.025000000001455, 5926301.099999999627471 ], [ 24070.95, 5926301.099999999627471 ], [ 24070.95, 5926301.025000000372529 ], [ 24070.875, 5926301.025000000372529 ], [ 24070.875, 5926300.950000000186265 ], [ 24070.8, 5926300.950000000186265 ], [ 24070.8, 5926300.875 ], [ 24070.724999999998545, 5926300.875 ], [ 24070.724999999998545, 5926300.799999999813735 ], [ 24070.650000000001455, 5926300.799999999813735 ], [ 24070.650000000001455, 5926300.724999999627471 ], [ 24070.575, 5926300.724999999627471 ], [ 24070.575, 5926300.650000000372529 ], [ 24070.425, 5926300.650000000372529 ], [ 24070.425, 5926300.575000000186265 ], [ 24070.349999999998545, 5926300.575000000186265 ], [ 24070.349999999998545, 5926300.5 ], [ 24070.275000000001455, 5926300.5 ], [ 24070.275000000001455, 5926300.424999999813735 ], [ 24070.2, 5926300.424999999813735 ], [ 24070.2, 5926300.349999999627471 ], [ 24070.125, 5926300.349999999627471 ], [ 24070.125, 5926300.275000000372529 ], [ 24069.974999999998545, 5926300.275000000372529 ], [ 24069.974999999998545, 5926300.200000000186265 ], [ 24069.900000000001455, 5926300.200000000186265 ], [ 24069.900000000001455, 5926300.125 ], [ 24069.75, 5926300.125 ], [ 24069.75, 5926300.049999999813735 ], [ 24069.675, 5926300.049999999813735 ], [ 24069.675, 5926299.974999999627471 ], [ 24069.525000000001455, 5926299.974999999627471 ], [ 24069.525000000001455, 5926299.900000000372529 ], [ 24069.375, 5926299.900000000372529 ], [ 24069.375, 5926299.825000000186265 ], [ 24069.224999999998545, 5926299.825000000186265 ], [ 24069.224999999998545, 5926299.75 ], [ 24069.075, 5926299.75 ], [ 24069.075, 5926299.674999999813735 ], [ 24068.925, 5926299.674999999813735 ], [ 24068.925, 5926299.599999999627471 ], [ 24068.775000000001455, 5926299.599999999627471 ], [ 24068.775000000001455, 5926299.525000000372529 ], [ 24068.625, 5926299.525000000372529 ], [ 24068.625, 5926299.450000000186265 ], [ 24068.55, 5926299.450000000186265 ], [ 24068.55, 5926299.375 ], [ 24068.474999999998545, 5926299.375 ], [ 24068.474999999998545, 5926299.299999999813735 ], [ 24068.400000000001455, 5926299.299999999813735 ], [ 24068.400000000001455, 5926299.224999999627471 ], [ 24068.25, 5926299.224999999627471 ], [ 24068.25, 5926299.150000000372529 ], [ 24068.175, 5926299.150000000372529 ], [ 24068.175, 5926299.075000000186265 ], [ 24068.099999999998545, 5926299.075000000186265 ], [ 24068.099999999998545, 5926299.0 ], [ 24068.025000000001455, 5926299.0 ], [ 24068.025000000001455, 5926298.924999999813735 ], [ 24067.95, 5926298.924999999813735 ], [ 24067.95, 5926298.775000000372529 ], [ 24067.875, 5926298.775000000372529 ], [ 24067.875, 5926298.700000000186265 ], [ 24067.8, 5926298.700000000186265 ], [ 24067.8, 5926298.549999999813735 ], [ 24067.724999999998545, 5926298.549999999813735 ], [ 24067.724999999998545, 5926298.400000000372529 ], [ 24067.650000000001455, 5926298.400000000372529 ], [ 24067.650000000001455, 5926298.25 ], [ 24067.575, 5926298.25 ], [ 24067.575, 5926298.174999999813735 ], [ 24067.5, 5926298.174999999813735 ], [ 24067.5, 5926298.025000000372529 ], [ 24067.425, 5926298.025000000372529 ], [ 24067.425, 5926297.875 ], [ 24067.349999999998545, 5926297.875 ], [ 24067.349999999998545, 5926297.724999999627471 ], [ 24067.275000000001455, 5926297.724999999627471 ], [ 24067.275000000001455, 5926297.650000000372529 ], [ 24067.2, 5926297.650000000372529 ], [ 24067.2, 5926297.5 ], [ 24067.125, 5926297.5 ], [ 24067.125, 5926297.424999999813735 ], [ 24067.05, 5926297.424999999813735 ], [ 24067.05, 5926297.275000000372529 ], [ 24066.974999999998545, 5926297.275000000372529 ], [ 24066.974999999998545, 5926297.200000000186265 ], [ 24066.900000000001455, 5926297.200000000186265 ], [ 24066.900000000001455, 5926297.125 ], [ 24066.825, 5926297.125 ], [ 24066.825, 5926296.974999999627471 ], [ 24066.75, 5926296.974999999627471 ], [ 24066.75, 5926296.825000000186265 ], [ 24066.675, 5926296.825000000186265 ], [ 24066.675, 5926296.599999999627471 ], [ 24066.599999999998545, 5926296.599999999627471 ], [ 24066.599999999998545, 5926296.375 ], [ 24066.525000000001455, 5926296.375 ], [ 24066.525000000001455, 5926296.150000000372529 ], [ 24066.45, 5926296.150000000372529 ], [ 24066.45, 5926295.849999999627471 ], [ 24066.375, 5926295.849999999627471 ], [ 24066.375, 5926295.474999999627471 ], [ 24066.3, 5926295.474999999627471 ], [ 24066.3, 5926295.174999999813735 ], [ 24066.224999999998545, 5926295.174999999813735 ], [ 24066.224999999998545, 5926293.525000000372529 ], [ 24066.150000000001455, 5926293.525000000372529 ], [ 24066.150000000001455, 5926292.849999999627471 ], [ 24066.224999999998545, 5926292.849999999627471 ], [ 24066.224999999998545, 5926292.400000000372529 ], [ 24066.3, 5926292.400000000372529 ], [ 24066.3, 5926291.950000000186265 ], [ 24066.375, 5926291.950000000186265 ], [ 24066.375, 5926291.575000000186265 ], [ 24066.45, 5926291.575000000186265 ], [ 24066.45, 5926291.275000000372529 ], [ 24066.525000000001455, 5926291.275000000372529 ], [ 24066.525000000001455, 5926290.974999999627471 ], [ 24066.599999999998545, 5926290.974999999627471 ], [ 24066.599999999998545, 5926290.75 ], [ 24066.675, 5926290.75 ], [ 24066.675, 5926290.525000000372529 ], [ 24066.75, 5926290.525000000372529 ], [ 24066.75, 5926290.299999999813735 ], [ 24066.825, 5926290.299999999813735 ], [ 24066.825, 5926290.224999999627471 ], [ 24066.900000000001455, 5926290.224999999627471 ], [ 24066.900000000001455, 5926290.075000000186265 ], [ 24066.974999999998545, 5926290.075000000186265 ], [ 24066.974999999998545, 5926289.924999999813735 ], [ 24067.05, 5926289.924999999813735 ], [ 24067.05, 5926289.775000000372529 ], [ 24067.125, 5926289.775000000372529 ], [ 24067.125, 5926289.549999999813735 ], [ 24067.2, 5926289.549999999813735 ], [ 24067.2, 5926289.400000000372529 ], [ 24067.275000000001455, 5926289.400000000372529 ], [ 24067.275000000001455, 5926289.174999999813735 ], [ 24067.349999999998545, 5926289.174999999813735 ], [ 24067.349999999998545, 5926288.950000000186265 ], [ 24067.425, 5926288.950000000186265 ], [ 24067.425, 5926288.724999999627471 ], [ 24067.5, 5926288.724999999627471 ], [ 24067.5, 5926288.5 ], [ 24067.575, 5926288.5 ], [ 24067.575, 5926288.275000000372529 ], [ 24067.650000000001455, 5926288.275000000372529 ], [ 24067.650000000001455, 5926288.049999999813735 ], [ 24067.724999999998545, 5926288.049999999813735 ], [ 24067.724999999998545, 5926287.825000000186265 ], [ 24067.8, 5926287.825000000186265 ], [ 24067.8, 5926287.599999999627471 ], [ 24067.875, 5926287.599999999627471 ], [ 24067.875, 5926287.375 ], [ 24067.95, 5926287.375 ], [ 24067.95, 5926287.150000000372529 ], [ 24068.025000000001455, 5926287.150000000372529 ], [ 24068.025000000001455, 5926286.924999999813735 ], [ 24068.099999999998545, 5926286.924999999813735 ], [ 24068.099999999998545, 5926286.775000000372529 ], [ 24068.175, 5926286.775000000372529 ], [ 24068.175, 5926286.625 ], [ 24068.25, 5926286.625 ], [ 24068.25, 5926286.549999999813735 ], [ 24068.325, 5926286.549999999813735 ], [ 24068.325, 5926286.400000000372529 ], [ 24068.400000000001455, 5926286.400000000372529 ], [ 24068.400000000001455, 5926286.325000000186265 ], [ 24068.474999999998545, 5926286.325000000186265 ], [ 24068.474999999998545, 5926286.174999999813735 ], [ 24068.55, 5926286.174999999813735 ], [ 24068.55, 5926286.099999999627471 ], [ 24068.625, 5926286.099999999627471 ], [ 24068.625, 5926285.950000000186265 ], [ 24068.7, 5926285.950000000186265 ], [ 24068.7, 5926285.875 ], [ 24068.925, 5926285.875 ], [ 24068.925, 5926285.799999999813735 ], [ 24069.150000000001455, 5926285.799999999813735 ], [ 24069.150000000001455, 5926285.724999999627471 ], [ 24069.45, 5926285.724999999627471 ], [ 24069.45, 5926285.650000000372529 ], [ 24069.75, 5926285.650000000372529 ], [ 24069.75, 5926285.575000000186265 ], [ 24069.974999999998545, 5926285.575000000186265 ], [ 24069.974999999998545, 5926285.5 ], [ 24070.275000000001455, 5926285.5 ], [ 24070.275000000001455, 5926285.424999999813735 ], [ 24070.575, 5926285.424999999813735 ], [ 24070.575, 5926285.349999999627471 ], [ 24070.724999999998545, 5926285.349999999627471 ], [ 24070.724999999998545, 5926285.424999999813735 ], [ 24070.875, 5926285.424999999813735 ], [ 24070.875, 5926285.5 ], [ 24070.95, 5926285.5 ], [ 24070.95, 5926285.575000000186265 ], [ 24071.025000000001455, 5926285.575000000186265 ], [ 24071.025000000001455, 5926285.650000000372529 ], [ 24071.175, 5926285.650000000372529 ], [ 24071.175, 5926285.724999999627471 ], [ 24071.25, 5926285.724999999627471 ], [ 24071.25, 5926285.799999999813735 ], [ 24071.325, 5926285.799999999813735 ], [ 24071.325, 5926285.875 ], [ 24071.474999999998545, 5926285.875 ], [ 24071.474999999998545, 5926285.950000000186265 ], [ 24071.55, 5926285.950000000186265 ], [ 24071.55, 5926286.025000000372529 ], [ 24071.7, 5926286.025000000372529 ], [ 24071.7, 5926286.099999999627471 ], [ 24071.775000000001455, 5926286.099999999627471 ], [ 24071.775000000001455, 5926286.174999999813735 ], [ 24071.925, 5926286.174999999813735 ], [ 24071.925, 5926286.25 ], [ 24072.0, 5926286.25 ], [ 24072.0, 5926286.325000000186265 ], [ 24072.150000000001455, 5926286.325000000186265 ], [ 24072.150000000001455, 5926286.400000000372529 ], [ 24072.224999999998545, 5926286.400000000372529 ], [ 24072.224999999998545, 5926286.474999999627471 ], [ 24072.375, 5926286.474999999627471 ], [ 24072.375, 5926286.549999999813735 ], [ 24072.45, 5926286.549999999813735 ], [ 24072.45, 5926286.625 ], [ 24072.599999999998545, 5926286.625 ], [ 24072.599999999998545, 5926286.700000000186265 ], [ 24072.75, 5926286.700000000186265 ], [ 24072.75, 5926286.775000000372529 ], [ 24072.825, 5926286.775000000372529 ], [ 24072.825, 5926286.849999999627471 ], [ 24072.900000000001455, 5926286.849999999627471 ], [ 24072.900000000001455, 5926286.924999999813735 ], [ 24072.974999999998545, 5926286.924999999813735 ], [ 24072.974999999998545, 5926287.0 ], [ 24073.05, 5926287.0 ], [ 24073.05, 5926287.075000000186265 ], [ 24073.2, 5926287.075000000186265 ], [ 24073.2, 5926287.150000000372529 ], [ 24073.275000000001455, 5926287.150000000372529 ], [ 24073.275000000001455, 5926287.224999999627471 ], [ 24073.349999999998545, 5926287.224999999627471 ], [ 24073.349999999998545, 5926287.299999999813735 ], [ 24073.5, 5926287.299999999813735 ], [ 24073.5, 5926287.375 ], [ 24073.575, 5926287.375 ], [ 24073.575, 5926287.450000000186265 ], [ 24073.724999999998545, 5926287.450000000186265 ], [ 24073.724999999998545, 5926287.525000000372529 ], [ 24073.875, 5926287.525000000372529 ], [ 24073.875, 5926287.599999999627471 ], [ 24074.025000000001455, 5926287.599999999627471 ], [ 24074.025000000001455, 5926287.674999999813735 ], [ 24074.175, 5926287.674999999813735 ], [ 24074.175, 5926287.75 ], [ 24074.325, 5926287.75 ], [ 24074.325, 5926287.825000000186265 ], [ 24074.55, 5926287.825000000186265 ], [ 24074.55, 5926287.900000000372529 ], [ 24074.7, 5926287.900000000372529 ], [ 24074.7, 5926287.974999999627471 ], [ 24074.925, 5926287.974999999627471 ], [ 24074.925, 5926288.049999999813735 ], [ 24075.224999999998545, 5926288.049999999813735 ], [ 24075.224999999998545, 5926288.125 ], [ 24075.45, 5926288.125 ], [ 24075.45, 5926288.200000000186265 ], [ 24075.675, 5926288.200000000186265 ], [ 24075.675, 5926288.275000000372529 ], [ 24075.974999999998545, 5926288.275000000372529 ], [ 24075.974999999998545, 5926288.349999999627471 ], [ 24076.2, 5926288.349999999627471 ], [ 24076.2, 5926288.424999999813735 ], [ 24076.5, 5926288.424999999813735 ], [ 24076.5, 5926288.5 ], [ 24077.775000000001455, 5926288.5 ], [ 24077.775000000001455, 5926288.575000000186265 ], [ 24078.75, 5926288.575000000186265 ], [ 24078.75, 5926288.5 ], [ 24079.2, 5926288.5 ], [ 24079.2, 5926288.424999999813735 ], [ 24079.650000000001455, 5926288.424999999813735 ], [ 24079.650000000001455, 5926288.349999999627471 ], [ 24080.025000000001455, 5926288.349999999627471 ], [ 24080.025000000001455, 5926288.275000000372529 ], [ 24080.474999999998545, 5926288.275000000372529 ], [ 24080.474999999998545, 5926288.200000000186265 ], [ 24080.849999999998545, 5926288.200000000186265 ], [ 24080.849999999998545, 5926288.125 ], [ 24081.150000000001455, 5926288.125 ], [ 24081.150000000001455, 5926288.049999999813735 ], [ 24081.45, 5926288.049999999813735 ], [ 24081.45, 5926287.974999999627471 ], [ 24081.75, 5926287.974999999627471 ], [ 24081.75, 5926287.900000000372529 ], [ 24082.05, 5926287.900000000372529 ], [ 24082.05, 5926287.825000000186265 ], [ 24082.275000000001455, 5926287.825000000186265 ], [ 24082.275000000001455, 5926287.75 ], [ 24082.5, 5926287.75 ], [ 24082.5, 5926287.674999999813735 ], [ 24082.724999999998545, 5926287.674999999813735 ], [ 24082.724999999998545, 5926287.599999999627471 ], [ 24082.95, 5926287.599999999627471 ], [ 24082.95, 5926287.525000000372529 ], [ 24083.099999999998545, 5926287.525000000372529 ], [ 24083.099999999998545, 5926287.450000000186265 ], [ 24083.25, 5926287.450000000186265 ], [ 24083.25, 5926287.375 ], [ 24083.474999999998545, 5926287.375 ], [ 24083.474999999998545, 5926287.299999999813735 ], [ 24083.625, 5926287.299999999813735 ], [ 24083.625, 5926287.224999999627471 ], [ 24083.775000000001455, 5926287.224999999627471 ], [ 24083.775000000001455, 5926287.150000000372529 ], [ 24083.849999999998545, 5926287.150000000372529 ], [ 24083.849999999998545, 5926287.075000000186265 ], [ 24084.0, 5926287.075000000186265 ], [ 24084.0, 5926287.0 ], [ 24084.150000000001455, 5926287.0 ], [ 24084.150000000001455, 5926286.924999999813735 ], [ 24084.3, 5926286.924999999813735 ], [ 24084.3, 5926286.849999999627471 ], [ 24084.675, 5926286.849999999627471 ], [ 24084.675, 5926286.775000000372529 ], [ 24084.974999999998545, 5926286.775000000372529 ], [ 24084.974999999998545, 5926286.700000000186265 ], [ 24085.349999999998545, 5926286.700000000186265 ], [ 24085.349999999998545, 5926286.625 ], [ 24085.650000000001455, 5926286.625 ], [ 24085.650000000001455, 5926286.549999999813735 ], [ 24085.95, 5926286.549999999813735 ], [ 24085.95, 5926286.474999999627471 ], [ 24086.25, 5926286.474999999627471 ], [ 24086.25, 5926286.400000000372529 ], [ 24086.7, 5926286.400000000372529 ], [ 24086.7, 5926286.325000000186265 ], [ 24087.075, 5926286.325000000186265 ], [ 24087.075, 5926286.25 ], [ 24087.375, 5926286.25 ], [ 24087.375, 5926286.174999999813735 ], [ 24087.675, 5926286.174999999813735 ], [ 24087.675, 5926286.099999999627471 ], [ 24087.974999999998545, 5926286.099999999627471 ], [ 24087.974999999998545, 5926286.025000000372529 ], [ 24088.275000000001455, 5926286.025000000372529 ], [ 24088.275000000001455, 5926285.950000000186265 ], [ 24088.5, 5926285.950000000186265 ], [ 24088.5, 5926285.875 ], [ 24088.8, 5926285.875 ], [ 24088.8, 5926285.799999999813735 ], [ 24089.025000000001455, 5926285.799999999813735 ], [ 24089.025000000001455, 5926285.724999999627471 ], [ 24089.175, 5926285.724999999627471 ], [ 24089.175, 5926285.650000000372529 ], [ 24089.400000000001455, 5926285.650000000372529 ], [ 24089.400000000001455, 5926285.575000000186265 ], [ 24089.55, 5926285.575000000186265 ], [ 24089.55, 5926285.5 ], [ 24089.775000000001455, 5926285.5 ], [ 24089.775000000001455, 5926285.424999999813735 ], [ 24089.925, 5926285.424999999813735 ], [ 24089.925, 5926285.349999999627471 ], [ 24090.075, 5926285.349999999627471 ], [ 24090.075, 5926285.275000000372529 ], [ 24090.224999999998545, 5926285.275000000372529 ], [ 24090.224999999998545, 5926285.200000000186265 ], [ 24090.375, 5926285.200000000186265 ], [ 24090.375, 5926285.125 ], [ 24090.525000000001455, 5926285.125 ], [ 24090.525000000001455, 5926285.049999999813735 ], [ 24090.825, 5926285.049999999813735 ], [ 24090.825, 5926284.974999999627471 ], [ 24091.2, 5926284.974999999627471 ], [ 24091.2, 5926284.900000000372529 ], [ 24091.650000000001455, 5926284.900000000372529 ], [ 24091.650000000001455, 5926284.825000000186265 ], [ 24092.099999999998545, 5926284.825000000186265 ], [ 24092.099999999998545, 5926284.75 ], [ 24094.575, 5926284.75 ], [ 24094.575, 5926284.825000000186265 ], [ 24095.25, 5926284.825000000186265 ], [ 24095.25, 5926284.900000000372529 ], [ 24095.849999999998545, 5926284.900000000372529 ], [ 24095.849999999998545, 5926284.974999999627471 ], [ 24096.375, 5926284.974999999627471 ], [ 24096.375, 5926285.049999999813735 ], [ 24096.75, 5926285.049999999813735 ], [ 24096.75, 5926285.125 ], [ 24096.900000000001455, 5926285.125 ], [ 24096.900000000001455, 5926285.200000000186265 ], [ 24097.125, 5926285.200000000186265 ], [ 24097.125, 5926285.275000000372529 ], [ 24097.349999999998545, 5926285.275000000372529 ], [ 24097.349999999998545, 5926285.349999999627471 ], [ 24097.575, 5926285.349999999627471 ], [ 24097.575, 5926285.424999999813735 ], [ 24097.724999999998545, 5926285.424999999813735 ], [ 24097.724999999998545, 5926285.5 ], [ 24098.025000000001455, 5926285.5 ], [ 24098.025000000001455, 5926285.575000000186265 ], [ 24098.175, 5926285.575000000186265 ], [ 24098.175, 5926285.650000000372529 ], [ 24098.400000000001455, 5926285.650000000372529 ], [ 24098.400000000001455, 5926285.724999999627471 ], [ 24098.7, 5926285.724999999627471 ], [ 24098.7, 5926285.799999999813735 ], [ 24098.925, 5926285.799999999813735 ], [ 24098.925, 5926285.875 ], [ 24099.224999999998545, 5926285.875 ], [ 24099.224999999998545, 5926285.950000000186265 ], [ 24099.45, 5926285.950000000186265 ], [ 24099.45, 5926286.025000000372529 ], [ 24099.75, 5926286.025000000372529 ], [ 24099.75, 5926286.099999999627471 ], [ 24100.05, 5926286.099999999627471 ], [ 24100.05, 5926286.174999999813735 ], [ 24100.275000000001455, 5926286.174999999813735 ], [ 24100.275000000001455, 5926286.25 ], [ 24100.5, 5926286.25 ], [ 24100.5, 5926286.325000000186265 ], [ 24100.724999999998545, 5926286.325000000186265 ], [ 24100.724999999998545, 5926286.400000000372529 ], [ 24100.95, 5926286.400000000372529 ], [ 24100.95, 5926286.474999999627471 ], [ 24101.25, 5926286.474999999627471 ], [ 24101.25, 5926286.549999999813735 ], [ 24101.55, 5926286.549999999813735 ], [ 24101.55, 5926286.625 ], [ 24101.849999999998545, 5926286.625 ], [ 24101.849999999998545, 5926286.700000000186265 ], [ 24102.075, 5926286.700000000186265 ], [ 24102.075, 5926286.775000000372529 ], [ 24102.3, 5926286.775000000372529 ], [ 24102.3, 5926286.849999999627471 ], [ 24102.525000000001455, 5926286.849999999627471 ], [ 24102.525000000001455, 5926286.924999999813735 ], [ 24102.75, 5926286.924999999813735 ], [ 24102.75, 5926287.0 ], [ 24102.900000000001455, 5926287.0 ], [ 24102.900000000001455, 5926287.075000000186265 ], [ 24103.05, 5926287.075000000186265 ], [ 24103.05, 5926287.150000000372529 ], [ 24103.2, 5926287.150000000372529 ], [ 24103.2, 5926287.224999999627471 ], [ 24103.349999999998545, 5926287.224999999627471 ], [ 24103.349999999998545, 5926287.299999999813735 ], [ 24103.5, 5926287.299999999813735 ], [ 24103.5, 5926287.375 ], [ 24103.724999999998545, 5926287.375 ], [ 24103.724999999998545, 5926287.450000000186265 ], [ 24103.875, 5926287.450000000186265 ], [ 24103.875, 5926287.525000000372529 ], [ 24104.025000000001455, 5926287.525000000372529 ], [ 24104.025000000001455, 5926287.599999999627471 ], [ 24104.175, 5926287.599999999627471 ], [ 24104.175, 5926287.674999999813735 ], [ 24104.400000000001455, 5926287.674999999813735 ], [ 24104.400000000001455, 5926287.75 ], [ 24104.55, 5926287.75 ], [ 24104.55, 5926287.825000000186265 ], [ 24104.775000000001455, 5926287.825000000186265 ], [ 24104.775000000001455, 5926287.900000000372529 ], [ 24105.0, 5926287.900000000372529 ], [ 24105.0, 5926287.974999999627471 ], [ 24105.224999999998545, 5926287.974999999627471 ], [ 24105.224999999998545, 5926288.049999999813735 ], [ 24105.525000000001455, 5926288.049999999813735 ], [ 24105.525000000001455, 5926288.125 ], [ 24105.75, 5926288.125 ], [ 24105.75, 5926288.200000000186265 ], [ 24106.05, 5926288.200000000186265 ], [ 24106.05, 5926288.275000000372529 ], [ 24106.425, 5926288.275000000372529 ], [ 24106.425, 5926288.349999999627471 ], [ 24106.724999999998545, 5926288.349999999627471 ], [ 24106.724999999998545, 5926288.424999999813735 ], [ 24107.099999999998545, 5926288.424999999813735 ], [ 24107.099999999998545, 5926288.5 ], [ 24107.55, 5926288.5 ], [ 24107.55, 5926288.575000000186265 ], [ 24108.3, 5926288.575000000186265 ], [ 24108.3, 5926288.5 ], [ 24109.125, 5926288.5 ], [ 24109.125, 5926288.424999999813735 ], [ 24109.8, 5926288.424999999813735 ], [ 24109.8, 5926288.349999999627471 ], [ 24110.025000000001455, 5926288.349999999627471 ], [ 24110.025000000001455, 5926288.275000000372529 ], [ 24110.175, 5926288.275000000372529 ], [ 24110.175, 5926288.200000000186265 ], [ 24110.325, 5926288.200000000186265 ], [ 24110.325, 5926288.125 ], [ 24110.474999999998545, 5926288.125 ], [ 24110.474999999998545, 5926288.049999999813735 ], [ 24110.625, 5926288.049999999813735 ], [ 24110.625, 5926287.974999999627471 ], [ 24110.775000000001455, 5926287.974999999627471 ], [ 24110.775000000001455, 5926287.900000000372529 ], [ 24110.925, 5926287.900000000372529 ], [ 24110.925, 5926287.825000000186265 ], [ 24111.075, 5926287.825000000186265 ], [ 24111.075, 5926287.75 ], [ 24111.150000000001455, 5926287.75 ], [ 24111.150000000001455, 5926287.674999999813735 ], [ 24111.224999999998545, 5926287.674999999813735 ], [ 24111.224999999998545, 5926287.599999999627471 ], [ 24111.375, 5926287.599999999627471 ], [ 24111.375, 5926287.525000000372529 ], [ 24111.45, 5926287.525000000372529 ], [ 24111.45, 5926287.450000000186265 ], [ 24111.525000000001455, 5926287.450000000186265 ], [ 24111.525000000001455, 5926287.375 ], [ 24111.599999999998545, 5926287.375 ], [ 24111.599999999998545, 5926287.299999999813735 ], [ 24111.675, 5926287.299999999813735 ], [ 24111.675, 5926287.224999999627471 ], [ 24111.825, 5926287.224999999627471 ], [ 24111.825, 5926287.150000000372529 ], [ 24111.900000000001455, 5926287.150000000372529 ], [ 24111.900000000001455, 5926287.075000000186265 ], [ 24111.974999999998545, 5926287.075000000186265 ], [ 24111.974999999998545, 5926287.0 ], [ 24112.125, 5926287.0 ], [ 24112.125, 5926286.924999999813735 ], [ 24112.2, 5926286.924999999813735 ], [ 24112.2, 5926286.849999999627471 ], [ 24112.349999999998545, 5926286.849999999627471 ], [ 24112.349999999998545, 5926286.775000000372529 ], [ 24112.425, 5926286.775000000372529 ], [ 24112.425, 5926286.700000000186265 ], [ 24112.575, 5926286.700000000186265 ], [ 24112.575, 5926286.625 ], [ 24112.650000000001455, 5926286.625 ], [ 24112.650000000001455, 5926286.549999999813735 ], [ 24112.8, 5926286.549999999813735 ], [ 24112.8, 5926286.474999999627471 ], [ 24112.875, 5926286.474999999627471 ], [ 24112.875, 5926286.400000000372529 ], [ 24112.95, 5926286.400000000372529 ], [ 24112.95, 5926286.325000000186265 ], [ 24113.025000000001455, 5926286.325000000186265 ], [ 24113.025000000001455, 5926286.25 ], [ 24113.175, 5926286.25 ], [ 24113.175, 5926286.174999999813735 ], [ 24113.25, 5926286.174999999813735 ], [ 24113.25, 5926286.099999999627471 ], [ 24113.325, 5926286.099999999627471 ], [ 24113.325, 5926286.025000000372529 ], [ 24113.400000000001455, 5926286.025000000372529 ], [ 24113.400000000001455, 5926285.950000000186265 ], [ 24113.474999999998545, 5926285.950000000186265 ], [ 24113.474999999998545, 5926285.875 ], [ 24113.55, 5926285.875 ], [ 24113.55, 5926285.799999999813735 ], [ 24113.625, 5926285.799999999813735 ], [ 24113.625, 5926285.724999999627471 ], [ 24113.7, 5926285.724999999627471 ], [ 24113.7, 5926285.650000000372529 ], [ 24113.775000000001455, 5926285.650000000372529 ], [ 24113.775000000001455, 5926285.575000000186265 ], [ 24113.925, 5926285.575000000186265 ], [ 24113.925, 5926285.5 ], [ 24114.0, 5926285.5 ], [ 24114.0, 5926285.424999999813735 ], [ 24114.075, 5926285.424999999813735 ], [ 24114.075, 5926285.349999999627471 ], [ 24114.150000000001455, 5926285.349999999627471 ], [ 24114.150000000001455, 5926285.275000000372529 ], [ 24114.224999999998545, 5926285.275000000372529 ], [ 24114.224999999998545, 5926285.200000000186265 ], [ 24114.3, 5926285.200000000186265 ], [ 24114.3, 5926285.049999999813735 ], [ 24114.45, 5926285.049999999813735 ], [ 24114.45, 5926284.974999999627471 ], [ 24114.525000000001455, 5926284.974999999627471 ], [ 24114.525000000001455, 5926284.900000000372529 ], [ 24114.599999999998545, 5926284.900000000372529 ], [ 24114.599999999998545, 5926284.825000000186265 ], [ 24114.675, 5926284.825000000186265 ], [ 24114.675, 5926284.75 ], [ 24114.825, 5926284.75 ], [ 24114.825, 5926284.674999999813735 ], [ 24114.900000000001455, 5926284.674999999813735 ], [ 24114.900000000001455, 5926284.599999999627471 ], [ 24114.974999999998545, 5926284.599999999627471 ], [ 24114.974999999998545, 5926284.525000000372529 ], [ 24115.125, 5926284.525000000372529 ], [ 24115.125, 5926284.450000000186265 ], [ 24115.2, 5926284.450000000186265 ], [ 24115.2, 5926284.375 ], [ 24115.275000000001455, 5926284.375 ], [ 24115.275000000001455, 5926284.299999999813735 ], [ 24115.349999999998545, 5926284.299999999813735 ], [ 24115.349999999998545, 5926284.224999999627471 ], [ 24115.425, 5926284.224999999627471 ], [ 24115.425, 5926284.150000000372529 ], [ 24115.575, 5926284.150000000372529 ], [ 24115.575, 5926284.075000000186265 ], [ 24115.724999999998545, 5926284.075000000186265 ], [ 24115.724999999998545, 5926284.0 ], [ 24116.099999999998545, 5926284.0 ], [ 24116.099999999998545, 5926283.924999999813735 ], [ 24116.474999999998545, 5926283.924999999813735 ], [ 24116.474999999998545, 5926283.849999999627471 ], [ 24116.775000000001455, 5926283.849999999627471 ], [ 24116.775000000001455, 5926283.775000000372529 ], [ 24117.075, 5926283.775000000372529 ], [ 24117.075, 5926283.700000000186265 ], [ 24117.375, 5926283.700000000186265 ], [ 24117.375, 5926283.625 ], [ 24117.675, 5926283.625 ], [ 24117.675, 5926283.700000000186265 ], [ 24117.75, 5926283.700000000186265 ], [ 24117.75, 5926283.775000000372529 ], [ 24117.900000000001455, 5926283.775000000372529 ], [ 24117.900000000001455, 5926283.849999999627471 ], [ 24118.05, 5926283.849999999627471 ], [ 24118.05, 5926283.924999999813735 ], [ 24118.2, 5926283.924999999813735 ], [ 24118.2, 5926284.0 ], [ 24118.349999999998545, 5926284.0 ], [ 24118.349999999998545, 5926284.075000000186265 ], [ 24118.5, 5926284.075000000186265 ], [ 24118.5, 5926284.150000000372529 ], [ 24118.575, 5926284.150000000372529 ], [ 24118.575, 5926284.224999999627471 ], [ 24118.724999999998545, 5926284.224999999627471 ], [ 24118.724999999998545, 5926284.299999999813735 ], [ 24118.95, 5926284.299999999813735 ], [ 24118.95, 5926284.375 ], [ 24119.099999999998545, 5926284.375 ], [ 24119.099999999998545, 5926284.450000000186265 ], [ 24119.25, 5926284.450000000186265 ], [ 24119.25, 5926284.525000000372529 ], [ 24119.400000000001455, 5926284.525000000372529 ], [ 24119.400000000001455, 5926284.599999999627471 ], [ 24119.55, 5926284.599999999627471 ], [ 24119.55, 5926284.674999999813735 ], [ 24119.7, 5926284.674999999813735 ], [ 24119.7, 5926284.75 ], [ 24119.775000000001455, 5926284.75 ], [ 24119.775000000001455, 5926284.825000000186265 ], [ 24119.925, 5926284.825000000186265 ], [ 24119.925, 5926284.900000000372529 ], [ 24120.0, 5926284.900000000372529 ], [ 24120.0, 5926284.974999999627471 ], [ 24120.150000000001455, 5926284.974999999627471 ], [ 24120.150000000001455, 5926285.049999999813735 ], [ 24120.224999999998545, 5926285.049999999813735 ], [ 24120.224999999998545, 5926285.200000000186265 ], [ 24120.3, 5926285.200000000186265 ], [ 24120.3, 5926285.275000000372529 ], [ 24120.375, 5926285.275000000372529 ], [ 24120.375, 5926285.349999999627471 ], [ 24120.45, 5926285.349999999627471 ], [ 24120.45, 5926285.5 ], [ 24120.525000000001455, 5926285.5 ], [ 24120.525000000001455, 5926285.575000000186265 ], [ 24120.599999999998545, 5926285.575000000186265 ], [ 24120.599999999998545, 5926285.650000000372529 ], [ 24120.675, 5926285.650000000372529 ], [ 24120.675, 5926285.724999999627471 ], [ 24120.75, 5926285.724999999627471 ], [ 24120.75, 5926285.875 ], [ 24120.825, 5926285.875 ], [ 24120.825, 5926285.950000000186265 ], [ 24120.900000000001455, 5926285.950000000186265 ], [ 24120.900000000001455, 5926286.025000000372529 ], [ 24120.974999999998545, 5926286.025000000372529 ], [ 24120.974999999998545, 5926286.099999999627471 ], [ 24121.05, 5926286.099999999627471 ], [ 24121.05, 5926286.174999999813735 ], [ 24121.125, 5926286.174999999813735 ], [ 24121.125, 5926286.25 ], [ 24121.2, 5926286.25 ], [ 24121.2, 5926286.325000000186265 ], [ 24121.275000000001455, 5926286.325000000186265 ], [ 24121.275000000001455, 5926286.400000000372529 ], [ 24121.349999999998545, 5926286.400000000372529 ], [ 24121.349999999998545, 5926286.549999999813735 ], [ 24121.425, 5926286.549999999813735 ], [ 24121.425, 5926286.625 ], [ 24121.5, 5926286.625 ], [ 24121.5, 5926286.700000000186265 ], [ 24121.575, 5926286.700000000186265 ], [ 24121.575, 5926286.775000000372529 ], [ 24121.650000000001455, 5926286.775000000372529 ], [ 24121.650000000001455, 5926286.924999999813735 ], [ 24121.724999999998545, 5926286.924999999813735 ], [ 24121.724999999998545, 5926287.075000000186265 ], [ 24121.8, 5926287.075000000186265 ], [ 24121.8, 5926287.375 ], [ 24121.875, 5926287.375 ], [ 24121.875, 5926287.75 ], [ 24121.95, 5926287.75 ], [ 24121.95, 5926288.125 ], [ 24122.025000000001455, 5926288.125 ], [ 24122.025000000001455, 5926288.5 ], [ 24122.099999999998545, 5926288.5 ], [ 24122.099999999998545, 5926288.875 ], [ 24122.175, 5926288.875 ], [ 24122.175, 5926289.25 ], [ 24122.25, 5926289.25 ], [ 24122.25, 5926289.700000000186265 ], [ 24122.325, 5926289.700000000186265 ], [ 24122.325, 5926290.075000000186265 ], [ 24122.400000000001455, 5926290.075000000186265 ], [ 24122.400000000001455, 5926290.525000000372529 ], [ 24122.474999999998545, 5926290.525000000372529 ], [ 24122.474999999998545, 5926290.974999999627471 ], [ 24122.55, 5926290.974999999627471 ], [ 24122.55, 5926291.5 ], [ 24122.625, 5926291.5 ], [ 24122.625, 5926292.025000000372529 ], [ 24122.7, 5926292.025000000372529 ], [ 24122.7, 5926292.474999999627471 ], [ 24122.775000000001455, 5926292.474999999627471 ], [ 24122.775000000001455, 5926293.525000000372529 ], [ 24122.7, 5926293.525000000372529 ], [ 24122.7, 5926294.349999999627471 ], [ 24122.625, 5926294.349999999627471 ], [ 24122.625, 5926294.875 ], [ 24122.55, 5926294.875 ], [ 24122.55, 5926295.099999999627471 ], [ 24122.474999999998545, 5926295.099999999627471 ], [ 24122.474999999998545, 5926295.325000000186265 ], [ 24122.400000000001455, 5926295.325000000186265 ], [ 24122.400000000001455, 5926295.474999999627471 ], [ 24122.325, 5926295.474999999627471 ], [ 24122.325, 5926295.700000000186265 ], [ 24122.25, 5926295.700000000186265 ], [ 24122.25, 5926295.849999999627471 ], [ 24122.175, 5926295.849999999627471 ], [ 24122.175, 5926296.0 ], [ 24122.099999999998545, 5926296.0 ], [ 24122.099999999998545, 5926296.150000000372529 ], [ 24122.025000000001455, 5926296.150000000372529 ], [ 24122.025000000001455, 5926296.299999999813735 ], [ 24121.95, 5926296.299999999813735 ], [ 24121.95, 5926296.450000000186265 ], [ 24121.875, 5926296.450000000186265 ], [ 24121.875, 5926296.599999999627471 ], [ 24121.8, 5926296.599999999627471 ], [ 24121.8, 5926296.75 ], [ 24121.724999999998545, 5926296.75 ], [ 24121.724999999998545, 5926296.900000000372529 ], [ 24121.650000000001455, 5926296.900000000372529 ], [ 24121.650000000001455, 5926297.049999999813735 ], [ 24121.575, 5926297.049999999813735 ], [ 24121.575, 5926297.125 ], [ 24121.5, 5926297.125 ], [ 24121.5, 5926297.275000000372529 ], [ 24121.425, 5926297.275000000372529 ], [ 24121.425, 5926297.349999999627471 ], [ 24121.349999999998545, 5926297.349999999627471 ], [ 24121.349999999998545, 5926297.424999999813735 ], [ 24121.275000000001455, 5926297.424999999813735 ], [ 24121.275000000001455, 5926297.575000000186265 ], [ 24121.2, 5926297.575000000186265 ], [ 24121.2, 5926297.650000000372529 ], [ 24121.125, 5926297.650000000372529 ], [ 24121.125, 5926297.724999999627471 ], [ 24121.05, 5926297.724999999627471 ], [ 24121.05, 5926297.875 ], [ 24120.974999999998545, 5926297.875 ], [ 24120.974999999998545, 5926297.950000000186265 ], [ 24120.900000000001455, 5926297.950000000186265 ], [ 24120.900000000001455, 5926298.025000000372529 ], [ 24120.825, 5926298.025000000372529 ], [ 24120.825, 5926298.174999999813735 ], [ 24120.75, 5926298.174999999813735 ], [ 24120.75, 5926298.25 ], [ 24120.675, 5926298.25 ], [ 24120.675, 5926298.325000000186265 ], [ 24120.599999999998545, 5926298.325000000186265 ], [ 24120.599999999998545, 5926298.474999999627471 ], [ 24120.525000000001455, 5926298.474999999627471 ], [ 24120.525000000001455, 5926298.549999999813735 ], [ 24120.45, 5926298.549999999813735 ], [ 24120.45, 5926298.625 ], [ 24120.375, 5926298.625 ], [ 24120.375, 5926298.700000000186265 ], [ 24120.3, 5926298.700000000186265 ], [ 24120.3, 5926298.849999999627471 ], [ 24120.224999999998545, 5926298.849999999627471 ], [ 24120.224999999998545, 5926298.924999999813735 ], [ 24120.150000000001455, 5926298.924999999813735 ], [ 24120.150000000001455, 5926299.0 ], [ 24120.075, 5926299.0 ], [ 24120.075, 5926299.075000000186265 ], [ 24120.0, 5926299.075000000186265 ], [ 24120.0, 5926299.150000000372529 ], [ 24119.925, 5926299.150000000372529 ], [ 24119.925, 5926299.224999999627471 ], [ 24119.775000000001455, 5926299.224999999627471 ], [ 24119.775000000001455, 5926299.299999999813735 ], [ 24119.7, 5926299.299999999813735 ], [ 24119.7, 5926299.375 ], [ 24119.625, 5926299.375 ], [ 24119.625, 5926299.450000000186265 ], [ 24119.55, 5926299.450000000186265 ], [ 24119.55, 5926299.525000000372529 ], [ 24119.474999999998545, 5926299.525000000372529 ], [ 24119.474999999998545, 5926299.599999999627471 ], [ 24119.325, 5926299.599999999627471 ], [ 24119.325, 5926299.674999999813735 ], [ 24119.25, 5926299.674999999813735 ], [ 24119.25, 5926299.75 ], [ 24119.099999999998545, 5926299.75 ], [ 24119.099999999998545, 5926299.825000000186265 ], [ 24119.025000000001455, 5926299.825000000186265 ], [ 24119.025000000001455, 5926299.900000000372529 ], [ 24118.95, 5926299.900000000372529 ], [ 24118.95, 5926299.974999999627471 ], [ 24118.8, 5926299.974999999627471 ], [ 24118.8, 5926300.049999999813735 ], [ 24118.724999999998545, 5926300.049999999813735 ], [ 24118.724999999998545, 5926300.125 ], [ 24118.575, 5926300.125 ], [ 24118.575, 5926300.200000000186265 ], [ 24118.5, 5926300.200000000186265 ], [ 24118.5, 5926300.275000000372529 ], [ 24118.349999999998545, 5926300.275000000372529 ], [ 24118.349999999998545, 5926300.349999999627471 ], [ 24118.275000000001455, 5926300.349999999627471 ], [ 24118.275000000001455, 5926300.424999999813735 ], [ 24118.125, 5926300.424999999813735 ], [ 24118.125, 5926300.5 ], [ 24118.05, 5926300.5 ], [ 24118.05, 5926300.575000000186265 ], [ 24117.900000000001455, 5926300.575000000186265 ], [ 24117.900000000001455, 5926300.650000000372529 ], [ 24117.825, 5926300.650000000372529 ], [ 24117.825, 5926300.724999999627471 ], [ 24117.75, 5926300.724999999627471 ], [ 24117.75, 5926300.799999999813735 ], [ 24117.675, 5926300.799999999813735 ], [ 24117.675, 5926300.875 ], [ 24117.525000000001455, 5926300.875 ], [ 24117.525000000001455, 5926300.950000000186265 ], [ 24117.3, 5926300.950000000186265 ], [ 24117.3, 5926301.025000000372529 ], [ 24117.075, 5926301.025000000372529 ], [ 24117.075, 5926301.099999999627471 ], [ 24116.849999999998545, 5926301.099999999627471 ], [ 24116.849999999998545, 5926301.174999999813735 ], [ 24116.55, 5926301.174999999813735 ], [ 24116.55, 5926301.25 ], [ 24116.325, 5926301.25 ], [ 24116.325, 5926301.325000000186265 ], [ 24116.099999999998545, 5926301.325000000186265 ], [ 24116.099999999998545, 5926301.400000000372529 ], [ 24115.875, 5926301.400000000372529 ], [ 24115.875, 5926301.474999999627471 ], [ 24114.825, 5926301.474999999627471 ], [ 24114.825, 5926301.400000000372529 ], [ 24113.925, 5926301.400000000372529 ], [ 24113.925, 5926301.325000000186265 ], [ 24113.099999999998545, 5926301.325000000186265 ], [ 24113.099999999998545, 5926301.25 ], [ 24112.575, 5926301.25 ], [ 24112.575, 5926301.174999999813735 ], [ 24112.275000000001455, 5926301.174999999813735 ], [ 24112.275000000001455, 5926301.099999999627471 ], [ 24111.974999999998545, 5926301.099999999627471 ], [ 24111.974999999998545, 5926301.025000000372529 ], [ 24111.675, 5926301.025000000372529 ], [ 24111.675, 5926300.950000000186265 ], [ 24111.375, 5926300.950000000186265 ], [ 24111.375, 5926300.875 ], [ 24111.075, 5926300.875 ], [ 24111.075, 5926300.799999999813735 ], [ 24110.775000000001455, 5926300.799999999813735 ], [ 24110.775000000001455, 5926300.724999999627471 ], [ 24110.474999999998545, 5926300.724999999627471 ], [ 24110.474999999998545, 5926300.650000000372529 ], [ 24110.175, 5926300.650000000372529 ], [ 24110.175, 5926300.575000000186265 ], [ 24109.8, 5926300.575000000186265 ], [ 24109.8, 5926300.5 ], [ 24109.2, 5926300.5 ], [ 24109.2, 5926300.424999999813735 ], [ 24108.525000000001455, 5926300.424999999813735 ], [ 24108.525000000001455, 5926300.349999999627471 ], [ 24107.775000000001455, 5926300.349999999627471 ], [ 24107.775000000001455, 5926300.275000000372529 ], [ 24107.175, 5926300.275000000372529 ], [ 24107.175, 5926300.200000000186265 ], [ 24106.875, 5926300.200000000186265 ], [ 24106.875, 5926300.125 ], [ 24106.650000000001455, 5926300.125 ], [ 24106.650000000001455, 5926300.049999999813735 ], [ 24106.349999999998545, 5926300.049999999813735 ], [ 24106.349999999998545, 5926299.974999999627471 ], [ 24106.05, 5926299.974999999627471 ], [ 24106.05, 5926299.900000000372529 ], [ 24105.75, 5926299.900000000372529 ], [ 24105.75, 5926299.825000000186265 ], [ 24105.525000000001455, 5926299.825000000186265 ], [ 24105.525000000001455, 5926299.75 ], [ 24105.224999999998545, 5926299.75 ], [ 24105.224999999998545, 5926299.674999999813735 ], [ 24104.925, 5926299.674999999813735 ], [ 24104.925, 5926299.599999999627471 ], [ 24104.625, 5926299.599999999627471 ], [ 24104.625, 5926299.525000000372529 ], [ 24104.25, 5926299.525000000372529 ], [ 24104.25, 5926299.450000000186265 ], [ 24103.95, 5926299.450000000186265 ], [ 24103.95, 5926299.375 ], [ 24103.650000000001455, 5926299.375 ], [ 24103.650000000001455, 5926299.299999999813735 ], [ 24103.349999999998545, 5926299.299999999813735 ], [ 24103.349999999998545, 5926299.224999999627471 ], [ 24103.05, 5926299.224999999627471 ], [ 24103.05, 5926299.150000000372529 ], [ 24102.75, 5926299.150000000372529 ], [ 24102.75, 5926299.075000000186265 ], [ 24102.375, 5926299.075000000186265 ], [ 24102.375, 5926299.0 ], [ 24102.075, 5926299.0 ], [ 24102.075, 5926298.924999999813735 ], [ 24101.849999999998545, 5926298.924999999813735 ], [ 24101.849999999998545, 5926298.849999999627471 ], [ 24101.625, 5926298.849999999627471 ], [ 24101.625, 5926298.775000000372529 ], [ 24101.474999999998545, 5926298.775000000372529 ], [ 24101.474999999998545, 5926298.700000000186265 ], [ 24101.325, 5926298.700000000186265 ], [ 24101.325, 5926298.625 ], [ 24101.175, 5926298.625 ], [ 24101.175, 5926298.549999999813735 ], [ 24101.025000000001455, 5926298.549999999813735 ], [ 24101.025000000001455, 5926298.474999999627471 ], [ 24100.875, 5926298.474999999627471 ], [ 24100.875, 5926298.400000000372529 ], [ 24100.724999999998545, 5926298.400000000372529 ], [ 24100.724999999998545, 5926298.325000000186265 ], [ 24100.575, 5926298.325000000186265 ], [ 24100.575, 5926298.25 ], [ 24100.425, 5926298.25 ], [ 24100.425, 5926298.174999999813735 ], [ 24100.2, 5926298.174999999813735 ], [ 24100.2, 5926298.099999999627471 ], [ 24100.05, 5926298.099999999627471 ], [ 24100.05, 5926298.025000000372529 ], [ 24099.900000000001455, 5926298.025000000372529 ], [ 24099.900000000001455, 5926297.950000000186265 ], [ 24099.75, 5926297.950000000186265 ], [ 24099.75, 5926297.875 ], [ 24099.599999999998545, 5926297.875 ], [ 24099.599999999998545, 5926297.799999999813735 ], [ 24099.45, 5926297.799999999813735 ], [ 24099.45, 5926297.724999999627471 ], [ 24099.3, 5926297.724999999627471 ], [ 24099.3, 5926297.650000000372529 ], [ 24099.150000000001455, 5926297.650000000372529 ], [ 24099.150000000001455, 5926297.575000000186265 ], [ 24099.0, 5926297.575000000186265 ], [ 24099.0, 5926297.5 ], [ 24098.775000000001455, 5926297.5 ], [ 24098.775000000001455, 5926297.424999999813735 ], [ 24098.625, 5926297.424999999813735 ], [ 24098.625, 5926297.349999999627471 ], [ 24098.474999999998545, 5926297.349999999627471 ], [ 24098.474999999998545, 5926297.275000000372529 ], [ 24098.25, 5926297.275000000372529 ], [ 24098.25, 5926297.200000000186265 ], [ 24098.099999999998545, 5926297.200000000186265 ], [ 24098.099999999998545, 5926297.125 ], [ 24097.95, 5926297.125 ], [ 24097.95, 5926297.049999999813735 ], [ 24097.8, 5926297.049999999813735 ], [ 24097.8, 5926296.974999999627471 ], [ 24097.575, 5926296.974999999627471 ], [ 24097.575, 5926296.900000000372529 ], [ 24097.425, 5926296.900000000372529 ], [ 24097.425, 5926296.825000000186265 ], [ 24097.275000000001455, 5926296.825000000186265 ], [ 24097.275000000001455, 5926296.75 ], [ 24097.2, 5926296.75 ], [ 24097.2, 5926296.674999999813735 ], [ 24097.125, 5926296.674999999813735 ], [ 24097.125, 5926296.599999999627471 ], [ 24097.05, 5926296.599999999627471 ], [ 24097.05, 5926296.525000000372529 ], [ 24096.900000000001455, 5926296.525000000372529 ], [ 24096.900000000001455, 5926296.450000000186265 ], [ 24096.825, 5926296.450000000186265 ], [ 24096.825, 5926296.375 ], [ 24096.675, 5926296.375 ], [ 24096.675, 5926296.299999999813735 ], [ 24096.599999999998545, 5926296.299999999813735 ], [ 24096.599999999998545, 5926296.224999999627471 ], [ 24096.45, 5926296.224999999627471 ], [ 24096.45, 5926296.150000000372529 ], [ 24096.375, 5926296.150000000372529 ], [ 24096.375, 5926296.075000000186265 ], [ 24096.224999999998545, 5926296.075000000186265 ], [ 24096.224999999998545, 5926296.0 ], [ 24096.075, 5926296.0 ], [ 24096.075, 5926295.924999999813735 ], [ 24096.0, 5926295.924999999813735 ], [ 24096.0, 5926295.849999999627471 ], [ 24095.849999999998545, 5926295.849999999627471 ], [ 24095.849999999998545, 5926295.775000000372529 ], [ 24095.775000000001455, 5926295.775000000372529 ], [ 24095.775000000001455, 5926295.700000000186265 ], [ 24095.625, 5926295.700000000186265 ], [ 24095.625, 5926295.625 ], [ 24095.55, 5926295.625 ], [ 24095.55, 5926295.549999999813735 ], [ 24095.400000000001455, 5926295.549999999813735 ], [ 24095.400000000001455, 5926295.474999999627471 ], [ 24095.25, 5926295.474999999627471 ], [ 24095.25, 5926295.400000000372529 ], [ 24095.099999999998545, 5926295.400000000372529 ], [ 24095.099999999998545, 5926295.325000000186265 ], [ 24094.95, 5926295.325000000186265 ], [ 24094.95, 5926295.25 ], [ 24094.875, 5926295.25 ], [ 24094.875, 5926295.174999999813735 ], [ 24094.724999999998545, 5926295.174999999813735 ], [ 24094.724999999998545, 5926295.099999999627471 ], [ 24094.575, 5926295.099999999627471 ], [ 24094.575, 5926295.025000000372529 ], [ 24094.425, 5926295.025000000372529 ], [ 24094.425, 5926294.950000000186265 ], [ 24094.2, 5926294.950000000186265 ], [ 24094.2, 5926294.875 ], [ 24093.974999999998545, 5926294.875 ], [ 24093.974999999998545, 5926294.950000000186265 ], [ 24093.675, 5926294.950000000186265 ], [ 24093.675, 5926295.025000000372529 ], [ 24093.45, 5926295.025000000372529 ], [ 24093.45, 5926295.099999999627471 ], [ 24093.150000000001455, 5926295.099999999627471 ], [ 24093.150000000001455, 5926295.174999999813735 ], [ 24092.925, 5926295.174999999813735 ], [ 24092.925, 5926295.25 ], [ 24092.7, 5926295.25 ], [ 24092.7, 5926295.325000000186265 ], [ 24092.474999999998545, 5926295.325000000186265 ], [ 24092.474999999998545, 5926295.400000000372529 ], [ 24092.25, 5926295.400000000372529 ], [ 24092.25, 5926295.474999999627471 ], [ 24092.099999999998545, 5926295.474999999627471 ], [ 24092.099999999998545, 5926295.549999999813735 ], [ 24092.025000000001455, 5926295.549999999813735 ], [ 24092.025000000001455, 5926295.625 ], [ 24091.95, 5926295.625 ], [ 24091.95, 5926295.700000000186265 ], [ 24091.875, 5926295.700000000186265 ], [ 24091.875, 5926295.775000000372529 ], [ 24091.8, 5926295.775000000372529 ], [ 24091.8, 5926295.924999999813735 ], [ 24091.724999999998545, 5926295.924999999813735 ], [ 24091.724999999998545, 5926296.0 ], [ 24091.650000000001455, 5926296.0 ], [ 24091.650000000001455, 5926296.075000000186265 ], [ 24091.575, 5926296.075000000186265 ], [ 24091.575, 5926296.224999999627471 ], [ 24091.5, 5926296.224999999627471 ], [ 24091.5, 5926296.299999999813735 ], [ 24091.425, 5926296.299999999813735 ], [ 24091.425, 5926296.450000000186265 ], [ 24091.349999999998545, 5926296.450000000186265 ], [ 24091.349999999998545, 5926296.525000000372529 ], [ 24091.275000000001455, 5926296.525000000372529 ], [ 24091.275000000001455, 5926296.674999999813735 ], [ 24091.2, 5926296.674999999813735 ], [ 24091.2, 5926296.825000000186265 ], [ 24091.125, 5926296.825000000186265 ], [ 24091.125, 5926296.900000000372529 ], [ 24091.05, 5926296.900000000372529 ], [ 24091.05, 5926296.974999999627471 ], [ 24090.974999999998545, 5926296.974999999627471 ], [ 24090.974999999998545, 5926297.125 ], [ 24090.900000000001455, 5926297.125 ], [ 24090.900000000001455, 5926297.200000000186265 ], [ 24090.825, 5926297.200000000186265 ], [ 24090.825, 5926297.275000000372529 ], [ 24090.75, 5926297.275000000372529 ], [ 24090.75, 5926297.424999999813735 ], [ 24090.675, 5926297.424999999813735 ], [ 24090.675, 5926297.5 ], [ 24090.599999999998545, 5926297.5 ], [ 24090.599999999998545, 5926297.575000000186265 ], [ 24090.525000000001455, 5926297.575000000186265 ], [ 24090.525000000001455, 5926297.650000000372529 ], [ 24090.45, 5926297.650000000372529 ], [ 24090.45, 5926297.799999999813735 ], [ 24090.375, 5926297.799999999813735 ], [ 24090.375, 5926297.875 ], [ 24090.3, 5926297.875 ], [ 24090.3, 5926297.950000000186265 ], [ 24090.224999999998545, 5926297.950000000186265 ], [ 24090.224999999998545, 5926298.025000000372529 ], [ 24090.150000000001455, 5926298.025000000372529 ], [ 24090.150000000001455, 5926298.099999999627471 ], [ 24090.075, 5926298.099999999627471 ], [ 24090.075, 5926298.174999999813735 ], [ 24090.0, 5926298.174999999813735 ], [ 24090.0, 5926298.25 ], [ 24089.925, 5926298.25 ], [ 24089.925, 5926298.400000000372529 ], [ 24089.849999999998545, 5926298.400000000372529 ], [ 24089.849999999998545, 5926298.474999999627471 ], [ 24089.775000000001455, 5926298.474999999627471 ], [ 24089.775000000001455, 5926298.549999999813735 ], [ 24089.7, 5926298.549999999813735 ], [ 24089.7, 5926298.700000000186265 ], [ 24089.625, 5926298.700000000186265 ], [ 24089.625, 5926298.775000000372529 ], [ 24089.55, 5926298.775000000372529 ], [ 24089.55, 5926298.849999999627471 ], [ 24089.474999999998545, 5926298.849999999627471 ], [ 24089.474999999998545, 5926299.0 ], [ 24089.400000000001455, 5926299.0 ], [ 24089.400000000001455, 5926299.075000000186265 ], [ 24089.325, 5926299.075000000186265 ], [ 24089.325, 5926299.150000000372529 ], [ 24089.25, 5926299.150000000372529 ], [ 24089.25, 5926299.224999999627471 ], [ 24089.175, 5926299.224999999627471 ], [ 24089.175, 5926299.375 ], [ 24089.099999999998545, 5926299.375 ], [ 24089.099999999998545, 5926299.450000000186265 ], [ 24089.025000000001455, 5926299.450000000186265 ], [ 24089.025000000001455, 5926299.525000000372529 ], [ 24088.95, 5926299.525000000372529 ], [ 24088.95, 5926299.674999999813735 ], [ 24088.875, 5926299.674999999813735 ], [ 24088.875, 5926299.75 ], [ 24088.8, 5926299.75 ], [ 24088.8, 5926299.825000000186265 ], [ 24088.724999999998545, 5926299.825000000186265 ], [ 24088.724999999998545, 5926299.900000000372529 ], [ 24088.650000000001455, 5926299.900000000372529 ], [ 24088.650000000001455, 5926300.049999999813735 ], [ 24088.575, 5926300.049999999813735 ], [ 24088.575, 5926300.125 ], [ 24088.5, 5926300.125 ], [ 24088.5, 5926300.200000000186265 ], [ 24088.425, 5926300.200000000186265 ], [ 24088.425, 5926300.349999999627471 ], [ 24088.349999999998545, 5926300.349999999627471 ], [ 24088.349999999998545, 5926300.424999999813735 ], [ 24088.275000000001455, 5926300.424999999813735 ], [ 24088.275000000001455, 5926300.5 ], [ 24088.2, 5926300.5 ], [ 24088.2, 5926300.575000000186265 ], [ 24088.125, 5926300.575000000186265 ], [ 24088.125, 5926300.724999999627471 ], [ 24088.05, 5926300.724999999627471 ], [ 24088.05, 5926300.875 ], [ 24087.974999999998545, 5926300.875 ], [ 24087.974999999998545, 5926301.099999999627471 ], [ 24087.900000000001455, 5926301.099999999627471 ], [ 24087.900000000001455, 5926301.25 ], [ 24087.825, 5926301.25 ], [ 24087.825, 5926301.400000000372529 ], [ 24087.75, 5926301.400000000372529 ], [ 24087.75, 5926301.549999999813735 ], [ 24087.675, 5926301.549999999813735 ], [ 24087.675, 5926301.775000000372529 ], [ 24087.599999999998545, 5926301.775000000372529 ], [ 24087.599999999998545, 5926301.924999999813735 ], [ 24087.525000000001455, 5926301.924999999813735 ], [ 24087.525000000001455, 5926302.075000000186265 ], [ 24087.45, 5926302.075000000186265 ], [ 24087.45, 5926302.224999999627471 ], [ 24087.375, 5926302.224999999627471 ], [ 24087.375, 5926302.450000000186265 ], [ 24087.3, 5926302.450000000186265 ], [ 24087.3, 5926302.599999999627471 ], [ 24087.224999999998545, 5926302.599999999627471 ], [ 24087.224999999998545, 5926302.825000000186265 ], [ 24087.075, 5926302.825000000186265 ], [ 24087.075, 5926302.900000000372529 ], [ 24086.925, 5926302.900000000372529 ], [ 24086.925, 5926302.974999999627471 ], [ 24086.775000000001455, 5926302.974999999627471 ], [ 24086.775000000001455, 5926303.049999999813735 ], [ 24086.55, 5926303.049999999813735 ], [ 24086.55, 5926303.125 ], [ 24086.400000000001455, 5926303.125 ], [ 24086.400000000001455, 5926303.200000000186265 ], [ 24086.25, 5926303.200000000186265 ], [ 24086.25, 5926303.275000000372529 ], [ 24086.099999999998545, 5926303.275000000372529 ], [ 24086.099999999998545, 5926303.349999999627471 ], [ 24085.95, 5926303.349999999627471 ], [ 24085.95, 5926303.424999999813735 ], [ 24085.8, 5926303.424999999813735 ], [ 24085.8, 5926303.5 ], [ 24085.650000000001455, 5926303.5 ], [ 24085.650000000001455, 5926303.575000000186265 ], [ 24085.5, 5926303.575000000186265 ], [ 24085.5, 5926303.650000000372529 ], [ 24085.275000000001455, 5926303.650000000372529 ], [ 24085.275000000001455, 5926303.724999999627471 ], [ 24085.125, 5926303.724999999627471 ], [ 24085.125, 5926303.799999999813735 ], [ 24084.974999999998545, 5926303.799999999813735 ], [ 24084.974999999998545, 5926303.875 ], [ 24084.825, 5926303.875 ], [ 24084.825, 5926303.950000000186265 ], [ 24084.675, 5926303.950000000186265 ], [ 24084.675, 5926304.025000000372529 ], [ 24084.45, 5926304.025000000372529 ], [ 24084.45, 5926304.099999999627471 ], [ 24084.3, 5926304.099999999627471 ], [ 24084.3, 5926304.174999999813735 ], [ 24084.150000000001455, 5926304.174999999813735 ], [ 24084.150000000001455, 5926304.25 ], [ 24084.075, 5926304.25 ], [ 24084.075, 5926304.325000000186265 ], [ 24083.925, 5926304.325000000186265 ], [ 24083.925, 5926304.400000000372529 ], [ 24083.849999999998545, 5926304.400000000372529 ], [ 24083.849999999998545, 5926304.474999999627471 ], [ 24083.7, 5926304.474999999627471 ], [ 24083.7, 5926304.549999999813735 ], [ 24083.625, 5926304.549999999813735 ], [ 24083.625, 5926304.625 ], [ 24083.474999999998545, 5926304.625 ], [ 24083.474999999998545, 5926304.700000000186265 ], [ 24083.400000000001455, 5926304.700000000186265 ], [ 24083.400000000001455, 5926304.775000000372529 ], [ 24083.25, 5926304.775000000372529 ], [ 24083.25, 5926304.849999999627471 ], [ 24083.175, 5926304.849999999627471 ], [ 24083.175, 5926304.924999999813735 ], [ 24083.025000000001455, 5926304.924999999813735 ], [ 24083.025000000001455, 5926305.0 ], [ 24082.875, 5926305.0 ], [ 24082.875, 5926305.075000000186265 ], [ 24082.8, 5926305.075000000186265 ], [ 24082.8, 5926305.150000000372529 ], [ 24082.650000000001455, 5926305.150000000372529 ], [ 24082.650000000001455, 5926305.224999999627471 ], [ 24082.5, 5926305.224999999627471 ], [ 24082.5, 5926305.299999999813735 ], [ 24082.275000000001455, 5926305.299999999813735 ], [ 24082.275000000001455, 5926305.375 ], [ 24082.125, 5926305.375 ], [ 24082.125, 5926305.450000000186265 ], [ 24081.974999999998545, 5926305.450000000186265 ], [ 24081.974999999998545, 5926305.525000000372529 ], [ 24081.825, 5926305.525000000372529 ], [ 24081.825, 5926305.599999999627471 ], [ 24081.675, 5926305.599999999627471 ], [ 24081.675, 5926305.674999999813735 ], [ 24081.45, 5926305.674999999813735 ], [ 24081.45, 5926305.75 ], [ 24081.3, 5926305.75 ], [ 24081.3, 5926305.825000000186265 ], [ 24081.150000000001455, 5926305.825000000186265 ], [ 24081.150000000001455, 5926305.900000000372529 ], [ 24081.0, 5926305.900000000372529 ], [ 24081.0, 5926305.974999999627471 ], [ 24080.849999999998545, 5926305.974999999627471 ], [ 24080.849999999998545, 5926306.049999999813735 ], [ 24080.625, 5926306.049999999813735 ], [ 24080.625, 5926306.125 ], [ 24080.474999999998545, 5926306.125 ], [ 24080.474999999998545, 5926306.200000000186265 ], [ 24080.325, 5926306.200000000186265 ], [ 24080.325, 5926306.275000000372529 ], [ 24080.175, 5926306.275000000372529 ], [ 24080.175, 5926306.349999999627471 ], [ 24080.025000000001455, 5926306.349999999627471 ], [ 24080.025000000001455, 5926306.424999999813735 ], [ 24079.875, 5926306.424999999813735 ], [ 24079.875, 5926306.5 ], [ 24079.724999999998545, 5926306.5 ], [ 24079.724999999998545, 5926306.575000000186265 ], [ 24079.650000000001455, 5926306.575000000186265 ], [ 24079.650000000001455, 5926306.650000000372529 ], [ 24079.5, 5926306.650000000372529 ], [ 24079.5, 5926306.724999999627471 ], [ 24079.349999999998545, 5926306.724999999627471 ], [ 24079.349999999998545, 5926306.799999999813735 ], [ 24079.2, 5926306.799999999813735 ], [ 24079.2, 5926306.875 ], [ 24079.05, 5926306.875 ], [ 24079.05, 5926306.950000000186265 ], [ 24078.900000000001455, 5926306.950000000186265 ], [ 24078.900000000001455, 5926307.025000000372529 ], [ 24078.75, 5926307.025000000372529 ], [ 24078.75, 5926307.099999999627471 ], [ 24078.599999999998545, 5926307.099999999627471 ], [ 24078.599999999998545, 5926307.174999999813735 ], [ 24078.3, 5926307.174999999813735 ], [ 24078.3, 5926307.25 ], [ 24078.0, 5926307.25 ], [ 24078.0, 5926307.325000000186265 ], [ 24077.849999999998545, 5926307.325000000186265 ] ] ] } },
{ "type": "Feature", "properties": { "value": 1.0, "building_id": 3, "area": 899.91562500034911 }, "geometry": { "type": "Polygon", "coordinates": [ [ [ 24133.05, 5926305.375 ], [ 24133.05, 5926305.299999999813735 ], [ 24132.825, 5926305.299999999813735 ], [ 24132.825, 5926305.224999999627471 ], [ 24132.599999999998545, 5926305.224999999627471 ], [ 24132.599999999998545, 5926305.150000000372529 ], [ 24132.3, 5926305.150000000372529 ], [ 24132.3, 5926305.075000000186265 ], [ 24132.075, 5926305.075000000186265 ], [ 24132.075, 5926305.0 ], [ 24131.775000000001455, 5926305.0 ], [ 24131.775000000001455, 5926304.924999999813735 ], [ 24131.474999999998545, 5926304.924999999813735 ], [ 24131.474999999998545, 5926304.849999999627471 ], [ 24131.25, 5926304.849999999627471 ], [ 24131.25, 5926304.775000000372529 ], [ 24131.175, 5926304.775000000372529 ], [ 24131.175, 5926304.700000000186265 ], [ 24131.099999999998545, 5926304.700000000186265 ], [ 24131.099999999998545, 5926304.625 ], [ 24131.025000000001455, 5926304.625 ], [ 24131.025000000001455, 5926304.549999999813735 ], [ 24130.95, 5926304.549999999813735 ], [ 24130.95, 5926304.474999999627471 ], [ 24130.875, 5926304.474999999627471 ], [ 24130.875, 5926304.400000000372529 ], [ 24130.8, 5926304.400000000372529 ], [ 24130.8, 5926304.325000000186265 ], [ 24130.724999999998545, 5926304.325000000186265 ], [ 24130.724999999998545, 5926304.25 ], [ 24130.650000000001455, 5926304.25 ], [ 24130.650000000001455, 5926304.174999999813735 ], [ 24130.575, 5926304.174999999813735 ], [ 24130.575, 5926304.099999999627471 ], [ 24130.5, 5926304.099999999627471 ], [ 24130.5, 5926304.025000000372529 ], [ 24130.425, 5926304.025000000372529 ], [ 24130.425, 5926303.950000000186265 ], [ 24130.349999999998545, 5926303.950000000186265 ], [ 24130.349999999998545, 5926303.875 ], [ 24130.275000000001455, 5926303.875 ], [ 24130.275000000001455, 5926303.799999999813735 ], [ 24130.2, 5926303.799999999813735 ], [ 24130.2, 5926303.724999999627471 ], [ 24130.125, 5926303.724999999627471 ], [ 24130.125, 5926303.650000000372529 ], [ 24130.05, 5926303.650000000372529 ], [ 24130.05, 5926303.575000000186265 ], [ 24129.974999999998545, 5926303.575000000186265 ], [ 24129.974999999998545, 5926303.5 ], [ 24129.900000000001455, 5926303.5 ], [ 24129.900000000001455, 5926303.424999999813735 ], [ 24129.825, 5926303.424999999813735 ], [ 24129.825, 5926303.349999999627471 ], [ 24129.675, 5926303.349999999627471 ], [ 24129.675, 5926303.275000000372529 ], [ 24129.599999999998545, 5926303.275000000372529 ], [ 24129.599999999998545, 5926303.200000000186265 ], [ 24129.525000000001455, 5926303.200000000186265 ], [ 24129.525000000001455, 5926303.125 ], [ 24129.375, 5926303.125 ], [ 24129.375, 5926303.049999999813735 ], [ 24129.3, 5926303.049999999813735 ], [ 24129.3, 5926302.974999999627471 ], [ 24129.224999999998545, 5926302.974999999627471 ], [ 24129.224999999998545, 5926302.900000000372529 ], [ 24129.075, 5926302.900000000372529 ], [ 24129.075, 5926302.825000000186265 ], [ 24129.0, 5926302.825000000186265 ], [ 24129.0, 5926302.75 ], [ 24128.925, 5926302.75 ], [ 24128.925, 5926302.674999999813735 ], [ 24128.849999999998545, 5926302.674999999813735 ], [ 24128.849999999998545, 5926302.599999999627471 ], [ 24128.775000000001455, 5926302.599999999627471 ], [ 24128.775000000001455, 5926302.525000000372529 ], [ 24128.7, 5926302.525000000372529 ], [ 24128.7, 5926302.450000000186265 ], [ 24128.55, 5926302.450000000186265 ], [ 24128.55, 5926302.375 ], [ 24128.474999999998545, 5926302.375 ], [ 24128.474999999998545, 5926302.299999999813735 ], [ 24128.400000000001455, 5926302.299999999813735 ], [ 24128.400000000001455, 5926302.224999999627471 ], [ 24128.25, 5926302.224999999627471 ], [ 24128.25, 5926302.150000000372529 ], [ 24128.175, 5926302.150000000372529 ], [ 24128.175, 5926302.075000000186265 ], [ 24128.099999999998545, 5926302.075000000186265 ], [ 24128.099999999998545, 5926302.0 ], [ 24128.025000000001455, 5926302.0 ], [ 24128.025000000001455, 5926301.924999999813735 ], [ 24127.875, 5926301.924999999813735 ], [ 24127.875, 5926301.849999999627471 ], [ 24127.8, 5926301.849999999627471 ], [ 24127.8, 5926301.775000000372529 ], [ 24127.650000000001455, 5926301.775000000372529 ], [ 24127.650000000001455, 5926301.700000000186265 ], [ 24127.575, 5926301.700000000186265 ], [ 24127.575, 5926301.625 ], [ 24127.5, 5926301.625 ], [ 24127.5, 5926301.549999999813735 ], [ 24127.349999999998545, 5926301.549999999813735 ], [ 24127.349999999998545, 5926301.474999999627471 ], [ 24127.275000000001455, 5926301.474999999627471 ], [ 24127.275000000001455, 5926301.400000000372529 ], [ 24127.2, 5926301.400000000372529 ], [ 24127.2, 5926301.325000000186265 ], [ 24127.05, 5926301.325000000186265 ], [ 24127.05, 5926301.25 ], [ 24126.974999999998545, 5926301.25 ], [ 24126.974999999998545, 5926301.174999999813735 ], [ 24126.900000000001455, 5926301.174999999813735 ], [ 24126.900000000001455, 5926301.099999999627471 ], [ 24126.825, 5926301.099999999627471 ], [ 24126.825, 5926300.950000000186265 ], [ 24126.75, 5926300.950000000186265 ], [ 24126.75, 5926300.875 ], [ 24126.675, 5926300.875 ], [ 24126.675, 5926300.724999999627471 ], [ 24126.599999999998545, 5926300.724999999627471 ], [ 24126.599999999998545, 5926300.575000000186265 ], [ 24126.525000000001455, 5926300.575000000186265 ], [ 24126.525000000001455, 5926300.349999999627471 ], [ 24126.45, 5926300.349999999627471 ], [ 24126.45, 5926300.200000000186265 ], [ 24126.375, 5926300.200000000186265 ], [ 24126.375, 5926300.049999999813735 ], [ 24126.3, 5926300.049999999813735 ], [ 24126.3, 5926299.825000000186265 ], [ 24126.224999999998545, 5926299.825000000186265 ], [ 24126.224999999998545, 5926299.599999999627471 ], [ 24126.150000000001455, 5926299.599999999627471 ], [ 24126.150000000001455, 5926299.450000000186265 ], [ 24126.075, 5926299.450000000186265 ], [ 24126.075, 5926299.224999999627471 ], [ 24126.0, 5926299.224999999627471 ], [ 24126.0, 5926299.0 ], [ 24125.925, 5926299.0 ], [ 24125.925, 5926298.775000000372529 ], [ 24125.849999999998545, 5926298.775000000372529 ], [ 24125.849999999998545, 5926298.549999999813735 ], [ 24125.775000000001455, 5926298.549999999813735 ], [ 24125.775000000001455, 5926298.325000000186265 ], [ 24125.7, 5926298.325000000186265 ], [ 24125.7, 5926298.099999999627471 ], [ 24125.625, 5926298.099999999627471 ], [ 24125.625, 5926297.875 ], [ 24125.55, 5926297.875 ], [ 24125.55, 5926297.650000000372529 ], [ 24125.474999999998545, 5926297.650000000372529 ], [ 24125.474999999998545, 5926297.5 ], [ 24125.400000000001455, 5926297.5 ], [ 24125.400000000001455, 5926297.349999999627471 ], [ 24125.325, 5926297.349999999627471 ], [ 24125.325, 5926297.200000000186265 ], [ 24125.25, 5926297.200000000186265 ], [ 24125.25, 5926297.125 ], [ 24125.175, 5926297.125 ], [ 24125.175, 5926296.974999999627471 ], [ 24125.099999999998545, 5926296.974999999627471 ], [ 24125.099999999998545, 5926296.825000000186265 ], [ 24125.025000000001455, 5926296.825000000186265 ], [ 24125.025000000001455, 5926296.674999999813735 ], [ 24124.95, 5926296.674999999813735 ], [ 24124.95, 5926296.525000000372529 ], [ 24124.875, 5926296.525000000372529 ], [ 24124.875, 5926296.375 ], [ 24124.8, 5926296.375 ], [ 24124.8, 5926296.224999999627471 ], [ 24124.724999999998545, 5926296.224999999627471 ], [ 24124.724999999998545, 5926296.075000000186265 ], [ 24124.650000000001455, 5926296.075000000186265 ], [ 24124.650000000001455, 5926295.924999999813735 ], [ 24124.575, 5926295.924999999813735 ], [ 24124.575, 5926295.700000000186265 ], [ 24124.5, 5926295.700000000186265 ], [ 24124.5, 5926295.549999999813735 ], [ 24124.425, 5926295.549999999813735 ], [ 24124.425, 5926295.325000000186265 ], [ 24124.349999999998545, 5926295.325000000186265 ], [ 24124.349999999998545, 5926295.099999999627471 ], [ 24124.275000000001455, 5926295.099999999627471 ], [ 24124.275000000001455, 5926294.950000000186265 ], [ 24124.2, 5926294.950000000186265 ], [ 24124.2, 5926294.049999999813735 ], [ 24124.125, 5926294.049999999813735 ], [ 24124.125, 5926292.625 ], [ 24124.2, 5926292.625 ], [ 24124.2, 5926292.325000000186265 ], [ 24124.275000000001455, 5926292.325000000186265 ], [ 24124.275000000001455, 5926292.099999999627471 ], [ 24124.349999999998545, 5926292.099999999627471 ], [ 24124.349999999998545, 5926291.875 ], [ 24124.425, 5926291.875 ], [ 24124.425, 5926291.650000000372529 ], [ 24124.5, 5926291.650000000372529 ], [ 24124.5, 5926291.5 ], [ 24124.575, 5926291.5 ], [ 24124.575, 5926291.349999999627471 ], [ 24124.650000000001455, 5926291.349999999627471 ], [ 24124.650000000001455, 5926291.125 ], [ 24124.724999999998545, 5926291.125 ], [ 24124.724999999998545, 5926290.974999999627471 ], [ 24124.8, 5926290.974999999627471 ], [ 24124.8, 5926290.825000000186265 ], [ 24124.875, 5926290.825000000186265 ], [ 24124.875, 5926290.75 ], [ 24124.95, 5926290.75 ], [ 24124.95, 5926290.674999999813735 ], [ 24125.025000000001455, 5926290.674999999813735 ], [ 24125.025000000001455, 5926290.525000000372529 ], [ 24125.099999999998545, 5926290.525000000372529 ], [ 24125.099999999998545, 5926290.450000000186265 ], [ 24125.175, 5926290.450000000186265 ], [ 24125.175, 5926290.375 ], [ 24125.25, 5926290.375 ], [ 24125.25, 5926290.299999999813735 ], [ 24125.325, 5926290.299999999813735 ], [ 24125.325, 5926290.224999999627471 ], [ 24125.400000000001455, 5926290.224999999627471 ], [ 24125.400000000001455, 5926290.075000000186265 ], [ 24125.474999999998545, 5926290.075000000186265 ], [ 24125.474999999998545, 5926289.924999999813735 ], [ 24125.55, 5926289.924999999813735 ], [ 24125.55, 5926289.775000000372529 ], [ 24125.625, 5926289.775000000372529 ], [ 24125.625, 5926289.625 ], [ 24125.7, 5926289.625 ], [ 24125.7, 5926289.400000000372529 ], [ 24125.775000000001455, 5926289.400000000372529 ], [ 24125.775000000001455, 5926289.25 ], [ 24125.849999999998545, 5926289.25 ], [ 24125.849999999998545, 5926289.099999999627471 ], [ 24125.925, 5926289.099999999627471 ], [ 24125.925, 5926288.950000000186265 ], [ 24126.0, 5926288.950000000186265 ], [ 24126.0, 5926288.799999999813735 ], [ 24126.075, 5926288.799999999813735 ], [ 24126.075, 5926288.650000000372529 ], [ 24126.150000000001455, 5926288.650000000372529 ], [ 24126.150000000001455, 5926288.575000000186265 ], [ 24126.224999999998545, 5926288.575000000186265 ], [ 24126.224999999998545, 5926288.424999999813735 ], [ 24126.3, 5926288.424999999813735 ], [ 24126.3, 5926288.349999999627471 ], [ 24126.375, 5926288.349999999627471 ], [ 24126.375, 5926288.275000000372529 ], [ 24126.45, 5926288.275000000372529 ], [ 24126.45, 5926288.200000000186265 ], [ 24126.525000000001455, 5926288.200000000186265 ], [ 24126.525000000001455, 5926288.049999999813735 ], [ 24126.599999999998545, 5926288.049999999813735 ], [ 24126.599999999998545, 5926287.974999999627471 ], [ 24126.675, 5926287.974999999627471 ], [ 24126.675, 5926287.900000000372529 ], [ 24126.75, 5926287.900000000372529 ], [ 24126.75, 5926287.825000000186265 ], [ 24126.825, 5926287.825000000186265 ], [ 24126.825, 5926287.75 ], [ 24126.900000000001455, 5926287.75 ], [ 24126.900000000001455, 5926287.674999999813735 ], [ 24126.974999999998545, 5926287.674999999813735 ], [ 24126.974999999998545, 5926287.599999999627471 ], [ 24127.05, 5926287.599999999627471 ], [ 24127.05, 5926287.525000000372529 ], [ 24127.125, 5926287.525000000372529 ], [ 24127.125, 5926287.450000000186265 ], [ 24127.275000000001455, 5926287.450000000186265 ], [ 24127.275000000001455, 5926287.375 ], [ 24127.349999999998545, 5926287.375 ], [ 24127.349999999998545, 5926287.299999999813735 ], [ 24127.5, 5926287.299999999813735 ], [ 24127.5, 5926287.224999999627471 ], [ 24127.650000000001455, 5926287.224999999627471 ], [ 24127.650000000001455, 5926287.150000000372529 ], [ 24127.8, 5926287.150000000372529 ], [ 24127.8, 5926287.075000000186265 ], [ 24127.95, 5926287.075000000186265 ], [ 24127.95, 5926287.0 ], [ 24128.175, 5926287.0 ], [ 24128.175, 5926286.924999999813735 ], [ 24128.400000000001455, 5926286.924999999813735 ], [ 24128.400000000001455, 5926286.849999999627471 ], [ 24128.7, 5926286.849999999627471 ], [ 24128.7, 5926286.775000000372529 ], [ 24129.0, 5926286.775000000372529 ], [ 24129.0, 5926286.700000000186265 ], [ 24129.3, 5926286.700000000186265 ], [ 24129.3, 5926286.625 ], [ 24129.900000000001455, 5926286.625 ], [ 24129.900000000001455, 5926286.549999999813735 ], [ 24130.650000000001455, 5926286.549999999813735 ], [ 24130.650000000001455, 5926286.474999999627471 ], [ 24131.55, 5926286.474999999627471 ], [ 24131.55, 5926286.400000000372529 ], [ 24132.900000000001455, 5926286.400000000372529 ], [ 24132.900000000001455, 5926286.325000000186265 ], [ 24134.400000000001455, 5926286.325000000186265 ], [ 24134.400000000001455, 5926286.25 ], [ 24135.75, 5926286.25 ], [ 24135.75, 5926286.174999999813735 ], [ 24137.025000000001455, 5926286.174999999813735 ], [ 24137.025000000001455, 5926286.099999999627471 ], [ 24139.125, 5926286.099999999627471 ], [ 24139.125, 5926286.025000000372529 ], [ 24139.2, 5926286.025000000372529 ], [ 24139.2, 5926285.950000000186265 ], [ 24139.275000000001455, 5926285.950000000186265 ], [ 24139.275000000001455, 5926285.875 ], [ 24139.349999999998545, 5926285.875 ], [ 24139.349999999998545, 5926285.724999999627471 ], [ 24139.425, 5926285.724999999627471 ], [ 24139.425, 5926285.650000000372529 ], [ 24139.5, 5926285.650000000372529 ], [ 24139.5, 5926285.575000000186265 ], [ 24139.575, 5926285.575000000186265 ], [ 24139.575, 5926285.424999999813735 ], [ 24139.650000000001455, 5926285.424999999813735 ], [ 24139.650000000001455, 5926285.349999999627471 ], [ 24139.724999999998545, 5926285.349999999627471 ], [ 24139.724999999998545, 5926285.275000000372529 ], [ 24139.8, 5926285.275000000372529 ], [ 24139.8, 5926285.125 ], [ 24139.875, 5926285.125 ], [ 24139.875, 5926284.974999999627471 ], [ 24139.95, 5926284.974999999627471 ], [ 24139.95, 5926284.900000000372529 ], [ 24140.025000000001455, 5926284.900000000372529 ], [ 24140.025000000001455, 5926284.825000000186265 ], [ 24140.099999999998545, 5926284.825000000186265 ], [ 24140.099999999998545, 5926284.674999999813735 ], [ 24140.175, 5926284.674999999813735 ], [ 24140.175, 5926284.599999999627471 ], [ 24140.25, 5926284.599999999627471 ], [ 24140.25, 5926284.525000000372529 ], [ 24140.325, 5926284.525000000372529 ], [ 24140.325, 5926284.375 ], [ 24140.400000000001455, 5926284.375 ], [ 24140.400000000001455, 5926284.299999999813735 ], [ 24140.474999999998545, 5926284.299999999813735 ], [ 24140.474999999998545, 5926284.150000000372529 ], [ 24140.55, 5926284.150000000372529 ], [ 24140.55, 5926284.075000000186265 ], [ 24140.625, 5926284.075000000186265 ], [ 24140.625, 5926283.924999999813735 ], [ 24140.7, 5926283.924999999813735 ], [ 24140.7, 5926283.849999999627471 ], [ 24140.775000000001455, 5926283.849999999627471 ], [ 24140.775000000001455, 5926283.775000000372529 ], [ 24140.849999999998545, 5926283.775000000372529 ], [ 24140.849999999998545, 5926283.625 ], [ 24140.925, 5926283.625 ], [ 24140.925, 5926283.549999999813735 ], [ 24141.0, 5926283.549999999813735 ], [ 24141.0, 5926283.400000000372529 ], [ 24141.075, 5926283.400000000372529 ], [ 24141.075, 5926283.325000000186265 ], [ 24141.150000000001455, 5926283.325000000186265 ], [ 24141.150000000001455, 5926283.25 ], [ 24141.224999999998545, 5926283.25 ], [ 24141.224999999998545, 5926283.174999999813735 ], [ 24141.3, 5926283.174999999813735 ], [ 24141.3, 5926283.099999999627471 ], [ 24141.375, 5926283.099999999627471 ], [ 24141.375, 5926283.025000000372529 ], [ 24141.45, 5926283.025000000372529 ], [ 24141.45, 5926282.950000000186265 ], [ 24141.525000000001455, 5926282.950000000186265 ], [ 24141.525000000001455, 5926282.875 ], [ 24141.599999999998545, 5926282.875 ], [ 24141.599999999998545, 5926282.799999999813735 ], [ 24141.675, 5926282.799999999813735 ], [ 24141.675, 5926282.724999999627471 ], [ 24141.825, 5926282.724999999627471 ], [ 24141.825, 5926282.650000000372529 ], [ 24141.900000000001455, 5926282.650000000372529 ], [ 24141.900000000001455, 5926282.575000000186265 ], [ 24141.974999999998545, 5926282.575000000186265 ], [ 24141.974999999998545, 5926282.5 ], [ 24142.125, 5926282.5 ], [ 24142.125, 5926282.424999999813735 ], [ 24142.2, 5926282.424999999813735 ], [ 24142.2, 5926282.349999999627471 ], [ 24142.349999999998545, 5926282.349999999627471 ], [ 24142.349999999998545, 5926282.275000000372529 ], [ 24142.5, 5926282.275000000372529 ], [ 24142.5, 5926282.200000000186265 ], [ 24142.650000000001455, 5926282.200000000186265 ], [ 24142.650000000001455, 5926282.125 ], [ 24142.8, 5926282.125 ], [ 24142.8, 5926282.049999999813735 ], [ 24142.95, 5926282.049999999813735 ], [ 24142.95, 5926281.974999999627471 ], [ 24143.175, 5926281.974999999627471 ], [ 24143.175, 5926281.900000000372529 ], [ 24143.400000000001455, 5926281.900000000372529 ], [ 24143.400000000001455, 5926281.825000000186265 ], [ 24143.7, 5926281.825000000186265 ], [ 24143.7, 5926281.75 ], [ 24143.925, 5926281.75 ], [ 24143.925, 5926281.674999999813735 ], [ 24144.224999999998545, 5926281.674999999813735 ], [ 24144.224999999998545, 5926281.599999999627471 ], [ 24144.45, 5926281.599999999627471 ], [ 24144.45, 5926281.525000000372529 ], [ 24144.75, 5926281.525000000372529 ], [ 24144.75, 5926281.450000000186265 ], [ 24145.05, 5926281.450000000186265 ], [ 24145.05, 5926281.375 ], [ 24145.425, 5926281.375 ], [ 24145.425, 5926281.299999999813735 ], [ 24145.724999999998545, 5926281.299999999813735 ], [ 24145.724999999998545, 5926281.224999999627471 ], [ 24146.099999999998545, 5926281.224999999627471 ], [ 24146.099999999998545, 5926281.150000000372529 ], [ 24146.55, 5926281.150000000372529 ], [ 24146.55, 5926281.075000000186265 ], [ 24147.075, 5926281.075000000186265 ], [ 24147.075, 5926281.150000000372529 ], [ 24147.375, 5926281.150000000372529 ], [ 24147.375, 5926281.224999999627471 ], [ 24147.599999999998545, 5926281.224999999627471 ], [ 24147.599999999998545, 5926281.299999999813735 ], [ 24147.825, 5926281.299999999813735 ], [ 24147.825, 5926281.375 ], [ 24148.125, 5926281.375 ], [ 24148.125, 5926281.450000000186265 ], [ 24148.349999999998545, 5926281.450000000186265 ], [ 24148.349999999998545, 5926281.525000000372529 ], [ 24148.650000000001455, 5926281.525000000372529 ], [ 24148.650000000001455, 5926281.599999999627471 ], [ 24148.875, 5926281.599999999627471 ], [ 24148.875, 5926281.674999999813735 ], [ 24148.95, 5926281.674999999813735 ], [ 24148.95, 5926281.75 ], [ 24149.099999999998545, 5926281.75 ], [ 24149.099999999998545, 5926281.825000000186265 ], [ 24149.175, 5926281.825000000186265 ], [ 24149.175, 5926281.900000000372529 ], [ 24149.25, 5926281.900000000372529 ], [ 24149.25, 5926281.974999999627471 ], [ 24149.400000000001455, 5926281.974999999627471 ], [ 24149.400000000001455, 5926282.049999999813735 ], [ 24149.474999999998545, 5926282.049999999813735 ], [ 24149.474999999998545, 5926282.125 ], [ 24149.625, 5926282.125 ], [ 24149.625, 5926282.200000000186265 ], [ 24149.7, 5926282.200000000186265 ], [ 24149.7, 5926282.275000000372529 ], [ 24149.849999999998545, 5926282.275000000372529 ], [ 24149.849999999998545, 5926282.349999999627471 ], [ 24150.0, 5926282.349999999627471 ], [ 24150.0, 5926282.424999999813735 ], [ 24150.075, 5926282.424999999813735 ], [ 24150.075, 5926282.5 ], [ 24150.224999999998545, 5926282.5 ], [ 24150.224999999998545, 5926282.575000000186265 ], [ 24150.375, 5926282.575000000186265 ], [ 24150.375, 5926282.650000000372529 ], [ 24150.525000000001455, 5926282.650000000372529 ], [ 24150.525000000001455, 5926282.724999999627471 ], [ 24150.675, 5926282.724999999627471 ], [ 24150.675, 5926282.799999999813735 ], [ 24150.825, 5926282.799999999813735 ], [ 24150.825, 5926282.875 ], [ 24150.900000000001455, 5926282.875 ], [ 24150.900000000001455, 5926282.950000000186265 ], [ 24150.974999999998545, 5926282.950000000186265 ], [ 24150.974999999998545, 5926283.025000000372529 ], [ 24151.05, 5926283.025000000372529 ], [ 24151.05, 5926283.099999999627471 ], [ 24151.125, 5926283.099999999627471 ], [ 24151.125, 5926283.25 ], [ 24151.2, 5926283.25 ], [ 24151.2, 5926283.400000000372529 ], [ 24151.275000000001455, 5926283.400000000372529 ], [ 24151.275000000001455, 5926283.474999999627471 ], [ 24151.349999999998545, 5926283.474999999627471 ], [ 24151.349999999998545, 5926283.625 ], [ 24151.425, 5926283.625 ], [ 24151.425, 5926283.700000000186265 ], [ 24151.5, 5926283.700000000186265 ], [ 24151.5, 5926283.775000000372529 ], [ 24151.575, 5926283.775000000372529 ], [ 24151.575, 5926283.924999999813735 ], [ 24151.650000000001455, 5926283.924999999813735 ], [ 24151.650000000001455, 5926284.0 ], [ 24151.724999999998545, 5926284.0 ], [ 24151.724999999998545, 5926284.075000000186265 ], [ 24151.8, 5926284.075000000186265 ], [ 24151.8, 5926284.224999999627471 ], [ 24151.875, 5926284.224999999627471 ], [ 24151.875, 5926284.299999999813735 ], [ 24151.95, 5926284.299999999813735 ], [ 24151.95, 5926284.375 ], [ 24152.025000000001455, 5926284.375 ], [ 24152.025000000001455, 5926284.450000000186265 ], [ 24152.099999999998545, 5926284.450000000186265 ], [ 24152.099999999998545, 5926284.525000000372529 ], [ 24152.175, 5926284.525000000372529 ], [ 24152.175, 5926284.599999999627471 ], [ 24152.25, 5926284.599999999627471 ], [ 24152.25, 5926284.674999999813735 ], [ 24152.325, 5926284.674999999813735 ], [ 24152.325, 5926284.75 ], [ 24152.400000000001455, 5926284.75 ], [ 24152.400000000001455, 5926284.825000000186265 ], [ 24152.474999999998545, 5926284.825000000186265 ], [ 24152.474999999998545, 5926284.900000000372529 ], [ 24152.55, 5926284.900000000372529 ], [ 24152.55, 5926284.974999999627471 ], [ 24152.625, 5926284.974999999627471 ], [ 24152.625, 5926285.049999999813735 ], [ 24152.7, 5926285.049999999813735 ], [ 24152.7, 5926285.125 ], [ 24152.775000000001455, 5926285.125 ], [ 24152.775000000001455, 5926285.349999999627471 ], [ 24152.849999999998545, 5926285.349999999627471 ], [ 24152.849999999998545, 5926285.5 ], [ 24152.925, 5926285.5 ], [ 24152.925, 5926285.650000000372529 ], [ 24153.0, 5926285.650000000372529 ], [ 24153.0, 5926285.875 ], [ 24153.075, 5926285.875 ], [ 24153.075, 5926286.025000000372529 ], [ 24153.150000000001455, 5926286.025000000372529 ], [ 24153.150000000001455, 5926286.25 ], [ 24153.224999999998545, 5926286.25 ], [ 24153.224999999998545, 5926286.400000000372529 ], [ 24153.3, 5926286.400000000372529 ], [ 24153.3, 5926286.625 ], [ 24153.375, 5926286.625 ], [ 24153.375, 5926286.849999999627471 ], [ 24153.45, 5926286.849999999627471 ], [ 24153.45, 5926287.075000000186265 ], [ 24153.525000000001455, 5926287.075000000186265 ], [ 24153.525000000001455, 5926287.299999999813735 ], [ 24153.599999999998545, 5926287.299999999813735 ], [ 24153.599999999998545, 5926287.525000000372529 ], [ 24153.675, 5926287.525000000372529 ], [ 24153.675, 5926287.674999999813735 ], [ 24153.75, 5926287.674999999813735 ], [ 24153.75, 5926287.900000000372529 ], [ 24153.825, 5926287.900000000372529 ], [ 24153.825, 5926288.049999999813735 ], [ 24153.900000000001455, 5926288.049999999813735 ], [ 24153.900000000001455, 5926288.200000000186265 ], [ 24153.974999999998545, 5926288.200000000186265 ], [ 24153.974999999998545, 5926288.424999999813735 ], [ 24154.05, 5926288.424999999813735 ], [ 24154.05, 5926288.5 ], [ 24154.125, 5926288.5 ], [ 24154.125, 5926288.650000000372529 ], [ 24154.2, 5926288.650000000372529 ], [ 24154.2, 5926288.799999999813735 ], [ 24154.275000000001455, 5926288.799999999813735 ], [ 24154.275000000001455, 5926288.950000000186265 ], [ 24154.349999999998545, 5926288.950000000186265 ], [ 24154.349999999998545, 5926289.025000000372529 ], [ 24154.425, 5926289.025000000372529 ], [ 24154.425, 5926289.174999999813735 ], [ 24154.5, 5926289.174999999813735 ], [ 24154.5, 5926289.25 ], [ 24154.575, 5926289.25 ], [ 24154.575, 5926289.400000000372529 ], [ 24154.650000000001455, 5926289.400000000372529 ], [ 24154.650000000001455, 5926289.474999999627471 ], [ 24154.724999999998545, 5926289.474999999627471 ], [ 24154.724999999998545, 5926289.549999999813735 ], [ 24154.8, 5926289.549999999813735 ], [ 24154.8, 5926289.625 ], [ 24154.875, 5926289.625 ], [ 24154.875, 5926289.700000000186265 ], [ 24154.95, 5926289.700000000186265 ], [ 24154.95, 5926289.775000000372529 ], [ 24155.099999999998545, 5926289.775000000372529 ], [ 24155.099999999998545, 5926289.849999999627471 ], [ 24155.175, 5926289.849999999627471 ], [ 24155.175, 5926289.924999999813735 ], [ 24155.25, 5926289.924999999813735 ], [ 24155.25, 5926290.0 ], [ 24155.400000000001455, 5926290.0 ], [ 24155.400000000001455, 5926290.075000000186265 ], [ 24155.474999999998545, 5926290.075000000186265 ], [ 24155.474999999998545, 5926290.150000000372529 ], [ 24155.55, 5926290.150000000372529 ], [ 24155.55, 5926290.224999999627471 ], [ 24155.7, 5926290.224999999627471 ], [ 24155.7, 5926290.299999999813735 ], [ 24155.775000000001455, 5926290.299999999813735 ], [ 24155.775000000001455, 5926290.375 ], [ 24155.925, 5926290.375 ], [ 24155.925, 5926290.450000000186265 ], [ 24156.0, 5926290.450000000186265 ], [ 24156.0, 5926290.525000000372529 ], [ 24156.150000000001455, 5926290.525000000372529 ], [ 24156.150000000001455, 5926290.599999999627471 ], [ 24156.224999999998545, 5926290.599999999627471 ], [ 24156.224999999998545, 5926290.674999999813735 ], [ 24156.375, 5926290.674999999813735 ], [ 24156.375, 5926290.75 ], [ 24156.525000000001455, 5926290.75 ], [ 24156.525000000001455, 5926290.825000000186265 ], [ 24156.599999999998545, 5926290.825000000186265 ], [ 24156.599999999998545, 5926290.900000000372529 ], [ 24156.675, 5926290.900000000372529 ], [ 24156.675, 5926290.825000000186265 ], [ 24156.825, 5926290.825000000186265 ], [ 24156.825, 5926290.75 ], [ 24156.974999999998545, 5926290.75 ], [ 24156.974999999998545, 5926290.674999999813735 ], [ 24157.125, 5926290.674999999813735 ], [ 24157.125, 5926290.599999999627471 ], [ 24157.275000000001455, 5926290.599999999627471 ], [ 24157.275000000001455, 5926290.525000000372529 ], [ 24157.425, 5926290.525000000372529 ], [ 24157.425, 5926290.450000000186265 ], [ 24157.5, 5926290.450000000186265 ], [ 24157.5, 5926290.375 ], [ 24157.650000000001455, 5926290.375 ], [ 24157.650000000001455, 5926290.299999999813735 ], [ 24157.8, 5926290.299999999813735 ], [ 24157.8, 5926290.224999999627471 ], [ 24157.95, 5926290.224999999627471 ], [ 24157.95, 5926290.150000000372529 ], [ 24158.099999999998545, 5926290.150000000372529 ], [ 24158.099999999998545, 5926290.075000000186265 ], [ 24158.175, 5926290.075000000186265 ], [ 24158.175, 5926290.0 ], [ 24158.325, 5926290.0 ], [ 24158.325, 5926289.924999999813735 ], [ 24158.474999999998545, 5926289.924999999813735 ], [ 24158.474999999998545, 5926289.849999999627471 ], [ 24158.55, 5926289.849999999627471 ], [ 24158.55, 5926289.775000000372529 ], [ 24158.7, 5926289.775000000372529 ], [ 24158.7, 5926289.700000000186265 ], [ 24158.849999999998545, 5926289.700000000186265 ], [ 24158.849999999998545, 5926289.625 ], [ 24159.0, 5926289.625 ], [ 24159.0, 5926289.549999999813735 ], [ 24159.150000000001455, 5926289.549999999813735 ], [ 24159.150000000001455, 5926289.474999999627471 ], [ 24159.224999999998545, 5926289.474999999627471 ], [ 24159.224999999998545, 5926289.400000000372529 ], [ 24159.375, 5926289.400000000372529 ], [ 24159.375, 5926289.325000000186265 ], [ 24159.45, 5926289.325000000186265 ], [ 24159.45, 5926289.25 ], [ 24159.599999999998545, 5926289.25 ], [ 24159.599999999998545, 5926289.174999999813735 ], [ 24159.675, 5926289.174999999813735 ], [ 24159.675, 5926289.099999999627471 ], [ 24159.75, 5926289.099999999627471 ], [ 24159.75, 5926289.025000000372529 ], [ 24159.900000000001455, 5926289.025000000372529 ], [ 24159.900000000001455, 5926288.950000000186265 ], [ 24159.974999999998545, 5926288.950000000186265 ], [ 24159.974999999998545, 5926288.875 ], [ 24160.125, 5926288.875 ], [ 24160.125, 5926288.799999999813735 ], [ 24160.2, 5926288.799999999813735 ], [ 24160.2, 5926288.724999999627471 ], [ 24160.349999999998545, 5926288.724999999627471 ], [ 24160.349999999998545, 5926288.650000000372529 ], [ 24160.5, 5926288.650000000372529 ], [ 24160.5, 5926288.575000000186265 ], [ 24160.575, 5926288.575000000186265 ], [ 24160.575, 5926288.5 ], [ 24160.724999999998545, 5926288.5 ], [ 24160.724999999998545, 5926288.424999999813735 ], [ 24160.875, 5926288.424999999813735 ], [ 24160.875, 5926288.349999999627471 ], [ 24161.025000000001455, 5926288.349999999627471 ], [ 24161.025000000001455, 5926288.275000000372529 ], [ 24161.175, 5926288.275000000372529 ], [ 24161.175, 5926288.200000000186265 ], [ 24161.325, 5926288.200000000186265 ], [ 24161.325, 5926288.125 ], [ 24161.400000000001455, 5926288.125 ], [ 24161.400000000001455, 5926288.049999999813735 ], [ 24161.55, 5926288.049999999813735 ], [ 24161.55, 5926287.974999999627471 ], [ 24161.7, 5926287.974999999627471 ], [ 24161.7, 5926287.900000000372529 ], [ 24161.775000000001455, 5926287.900000000372529 ], [ 24161.775000000001455, 5926287.825000000186265 ], [ 24161.925, 5926287.825000000186265 ], [ 24161.925, 5926287.75 ], [ 24162.0, 5926287.75 ], [ 24162.0, 5926287.674999999813735 ], [ 24162.150000000001455, 5926287.674999999813735 ], [ 24162.150000000001455, 5926287.599999999627471 ], [ 24162.224999999998545, 5926287.599999999627471 ], [ 24162.224999999998545, 5926287.525000000372529 ], [ 24162.3, 5926287.525000000372529 ], [ 24162.3, 5926287.450000000186265 ], [ 24162.45, 5926287.450000000186265 ], [ 24162.45, 5926287.375 ], [ 24162.599999999998545, 5926287.375 ], [ 24162.599999999998545, 5926287.299999999813735 ], [ 24163.05, 5926287.299999999813735 ], [ 24163.05, 5926287.224999999627471 ], [ 24163.5, 5926287.224999999627471 ], [ 24163.5, 5926287.150000000372529 ], [ 24163.95, 5926287.150000000372529 ], [ 24163.95, 5926287.075000000186265 ], [ 24164.400000000001455, 5926287.075000000186265 ], [ 24164.400000000001455, 5926287.0 ], [ 24164.474999999998545, 5926287.0 ], [ 24164.474999999998545, 5926287.075000000186265 ], [ 24164.7, 5926287.075000000186265 ], [ 24164.7, 5926287.150000000372529 ], [ 24164.925, 5926287.150000000372529 ], [ 24164.925, 5926287.224999999627471 ], [ 24165.150000000001455, 5926287.224999999627471 ], [ 24165.150000000001455, 5926287.299999999813735 ], [ 24165.375, 5926287.299999999813735 ], [ 24165.375, 5926287.375 ], [ 24165.675, 5926287.375 ], [ 24165.675, 5926287.450000000186265 ], [ 24165.900000000001455, 5926287.450000000186265 ], [ 24165.900000000001455, 5926287.525000000372529 ], [ 24166.275000000001455, 5926287.525000000372529 ], [ 24166.275000000001455, 5926287.599999999627471 ], [ 24166.575, 5926287.599999999627471 ], [ 24166.575, 5926287.674999999813735 ], [ 24166.875, 5926287.674999999813735 ], [ 24166.875, 5926287.75 ], [ 24167.25, 5926287.75 ], [ 24167.25, 5926287.825000000186265 ], [ 24167.7, 5926287.825000000186265 ], [ 24167.7, 5926287.900000000372529 ], [ 24168.150000000001455, 5926287.900000000372529 ], [ 24168.150000000001455, 5926287.974999999627471 ], [ 24168.599999999998545, 5926287.974999999627471 ], [ 24168.599999999998545, 5926288.049999999813735 ], [ 24169.125, 5926288.049999999813735 ], [ 24169.125, 5926288.125 ], [ 24169.724999999998545, 5926288.125 ], [ 24169.724999999998545, 5926288.200000000186265 ], [ 24170.7, 5926288.200000000186265 ], [ 24170.7, 5926288.125 ], [ 24171.150000000001455, 5926288.125 ], [ 24171.150000000001455, 5926288.049999999813735 ], [ 24171.525000000001455, 5926288.049999999813735 ], [ 24171.525000000001455, 5926287.974999999627471 ], [ 24171.974999999998545, 5926287.974999999627471 ], [ 24171.974999999998545, 5926287.900000000372529 ], [ 24172.275000000001455, 5926287.900000000372529 ], [ 24172.275000000001455, 5926287.825000000186265 ], [ 24172.5, 5926287.825000000186265 ], [ 24172.5, 5926287.75 ], [ 24172.650000000001455, 5926287.75 ], [ 24172.650000000001455, 5926287.674999999813735 ], [ 24172.8, 5926287.674999999813735 ], [ 24172.8, 5926287.599999999627471 ], [ 24172.95, 5926287.599999999627471 ], [ 24172.95, 5926287.525000000372529 ], [ 24173.099999999998545, 5926287.525000000372529 ], [ 24173.099999999998545, 5926287.450000000186265 ], [ 24173.25, 5926287.450000000186265 ], [ 24173.25, 5926287.375 ], [ 24173.400000000001455, 5926287.375 ], [ 24173.400000000001455, 5926287.299999999813735 ], [ 24173.474999999998545, 5926287.299999999813735 ], [ 24173.474999999998545, 5926287.224999999627471 ], [ 24173.625, 5926287.224999999627471 ], [ 24173.625, 5926287.150000000372529 ], [ 24173.7, 5926287.150000000372529 ], [ 24173.7, 5926287.075000000186265 ], [ 24173.849999999998545, 5926287.075000000186265 ], [ 24173.849999999998545, 5926287.0 ], [ 24173.925, 5926287.0 ], [ 24173.925, 5926286.924999999813735 ], [ 24174.075, 5926286.924999999813735 ], [ 24174.075, 5926286.849999999627471 ], [ 24174.224999999998545, 5926286.849999999627471 ], [ 24174.224999999998545, 5926286.775000000372529 ], [ 24174.45, 5926286.775000000372529 ], [ 24174.45, 5926286.700000000186265 ], [ 24174.675, 5926286.700000000186265 ], [ 24174.675, 5926286.625 ], [ 24174.825, 5926286.625 ], [ 24174.825, 5926286.549999999813735 ], [ 24175.05, 5926286.549999999813735 ], [ 24175.05, 5926286.474999999627471 ], [ 24175.2, 5926286.474999999627471 ], [ 24175.2, 5926286.400000000372529 ], [ 24175.425, 5926286.400000000372529 ], [ 24175.425, 5926286.325000000186265 ], [ 24175.575, 5926286.325000000186265 ], [ 24175.575, 5926286.25 ], [ 24175.724999999998545, 5926286.25 ], [ 24175.724999999998545, 5926286.174999999813735 ], [ 24175.875, 5926286.174999999813735 ], [ 24175.875, 5926286.099999999627471 ], [ 24176.099999999998545, 5926286.099999999627471 ], [ 24176.099999999998545, 5926286.025000000372529 ], [ 24176.25, 5926286.025000000372529 ], [ 24176.25, 5926285.950000000186265 ], [ 24176.400000000001455, 5926285.950000000186265 ], [ 24176.400000000001455, 5926285.875 ], [ 24176.55, 5926285.875 ], [ 24176.55, 5926285.799999999813735 ], [ 24176.775000000001455, 5926285.799999999813735 ], [ 24176.775000000001455, 5926285.724999999627471 ], [ 24176.925, 5926285.724999999627471 ], [ 24176.925, 5926285.650000000372529 ], [ 24177.075, 5926285.650000000372529 ], [ 24177.075, 5926285.575000000186265 ], [ 24177.150000000001455, 5926285.575000000186265 ], [ 24177.150000000001455, 5926285.5 ], [ 24177.3, 5926285.5 ], [ 24177.3, 5926285.424999999813735 ], [ 24177.45, 5926285.424999999813735 ], [ 24177.45, 5926285.349999999627471 ], [ 24177.599999999998545, 5926285.349999999627471 ], [ 24177.599999999998545, 5926285.275000000372529 ], [ 24177.675, 5926285.275000000372529 ], [ 24177.675, 5926285.200000000186265 ], [ 24177.825, 5926285.200000000186265 ], [ 24177.825, 5926285.125 ], [ 24177.900000000001455, 5926285.125 ], [ 24177.900000000001455, 5926285.049999999813735 ], [ 24178.125, 5926285.049999999813735 ], [ 24178.125, 5926284.974999999627471 ], [ 24178.575, 5926284.974999999627471 ], [ 24178.575, 5926284.900000000372529 ], [ 24179.175, 5926284.900000000372529 ], [ 24179.175, 5926284.825000000186265 ], [ 24179.775000000001455, 5926284.825000000186265 ], [ 24179.775000000001455, 5926284.75 ], [ 24183.0, 5926284.75 ], [ 24183.0, 5926299.75 ], [ 24180.0, 5926299.75 ], [ 24180.0, 5926299.825000000186265 ], [ 24179.400000000001455, 5926299.825000000186265 ], [ 24179.400000000001455, 5926299.900000000372529 ], [ 24178.95, 5926299.900000000372529 ], [ 24178.95, 5926299.974999999627471 ], [ 24178.5, 5926299.974999999627471 ], [ 24178.5, 5926300.049999999813735 ], [ 24178.125, 5926300.049999999813735 ], [ 24178.125, 5926300.125 ], [ 24177.900000000001455, 5926300.125 ], [ 24177.900000000001455, 5926300.200000000186265 ], [ 24177.75, 5926300.200000000186265 ], [ 24177.75, 5926300.275000000372529 ], [ 24177.599999999998545, 5926300.275000000372529 ], [ 24177.599999999998545, 5926300.349999999627471 ], [ 24177.45, 5926300.349999999627471 ], [ 24177.45, 5926300.424999999813735 ], [ 24177.3, 5926300.424999999813735 ], [ 24177.3, 5926300.5 ], [ 24177.224999999998545, 5926300.5 ], [ 24177.224999999998545, 5926300.575000000186265 ], [ 24177.075, 5926300.575000000186265 ], [ 24177.075, 5926300.650000000372529 ], [ 24177.0, 5926300.650000000372529 ], [ 24177.0, 5926300.724999999627471 ], [ 24176.849999999998545, 5926300.724999999627471 ], [ 24176.849999999998545, 5926300.799999999813735 ], [ 24176.775000000001455, 5926300.799999999813735 ], [ 24176.775000000001455, 5926300.875 ], [ 24176.625, 5926300.875 ], [ 24176.625, 5926300.950000000186265 ], [ 24176.55, 5926300.950000000186265 ], [ 24176.55, 5926301.025000000372529 ], [ 24176.400000000001455, 5926301.025000000372529 ], [ 24176.400000000001455, 5926301.099999999627471 ], [ 24176.325, 5926301.099999999627471 ], [ 24176.325, 5926301.174999999813735 ], [ 24176.175, 5926301.174999999813735 ], [ 24176.175, 5926301.25 ], [ 24176.099999999998545, 5926301.25 ], [ 24176.099999999998545, 5926301.325000000186265 ], [ 24175.95, 5926301.325000000186265 ], [ 24175.95, 5926301.400000000372529 ], [ 24175.8, 5926301.400000000372529 ], [ 24175.8, 5926301.474999999627471 ], [ 24175.724999999998545, 5926301.474999999627471 ], [ 24175.724999999998545, 5926301.549999999813735 ], [ 24175.575, 5926301.549999999813735 ], [ 24175.575, 5926301.625 ], [ 24175.5, 5926301.625 ], [ 24175.5, 5926301.700000000186265 ], [ 24175.349999999998545, 5926301.700000000186265 ], [ 24175.349999999998545, 5926301.775000000372529 ], [ 24175.275000000001455, 5926301.775000000372529 ], [ 24175.275000000001455, 5926301.849999999627471 ], [ 24175.2, 5926301.849999999627471 ], [ 24175.2, 5926301.924999999813735 ], [ 24175.125, 5926301.924999999813735 ], [ 24175.125, 5926302.0 ], [ 24175.05, 5926302.0 ], [ 24175.05, 5926302.075000000186265 ], [ 24174.974999999998545, 5926302.075000000186265 ], [ 24174.974999999998545, 5926302.150000000372529 ], [ 24174.900000000001455, 5926302.150000000372529 ], [ 24174.900000000001455, 5926302.224999999627471 ], [ 24174.825, 5926302.224999999627471 ], [ 24174.825, 5926302.299999999813735 ], [ 24174.75, 5926302.299999999813735 ], [ 24174.75, 5926302.375 ], [ 24174.675, 5926302.375 ], [ 24174.675, 5926302.450000000186265 ], [ 24174.599999999998545, 5926302.450000000186265 ], [ 24174.599999999998545, 5926302.599999999627471 ], [ 24174.525000000001455, 5926302.599999999627471 ], [ 24174.525000000001455, 5926302.674999999813735 ], [ 24174.45, 5926302.674999999813735 ], [ 24174.45, 5926302.825000000186265 ], [ 24174.375, 5926302.825000000186265 ], [ 24174.375, 5926302.974999999627471 ], [ 24174.3, 5926302.974999999627471 ], [ 24174.3, 5926303.049999999813735 ], [ 24174.224999999998545, 5926303.049999999813735 ], [ 24174.224999999998545, 5926303.125 ], [ 24174.150000000001455, 5926303.125 ], [ 24174.150000000001455, 5926303.200000000186265 ], [ 24173.925, 5926303.200000000186265 ], [ 24173.925, 5926303.275000000372529 ], [ 24173.775000000001455, 5926303.275000000372529 ], [ 24173.775000000001455, 5926303.349999999627471 ], [ 24173.55, 5926303.349999999627471 ], [ 24173.55, 5926303.424999999813735 ], [ 24173.400000000001455, 5926303.424999999813735 ], [ 24173.400000000001455, 5926303.5 ], [ 24173.175, 5926303.5 ], [ 24173.175, 5926303.575000000186265 ], [ 24173.025000000001455, 5926303.575000000186265 ], [ 24173.025000000001455, 5926303.650000000372529 ], [ 24172.875, 5926303.650000000372529 ], [ 24172.875, 5926303.724999999627471 ], [ 24172.650000000001455, 5926303.724999999627471 ], [ 24172.650000000001455, 5926303.799999999813735 ], [ 24172.5, 5926303.799999999813735 ], [ 24172.5, 5926303.875 ], [ 24172.349999999998545, 5926303.875 ], [ 24172.349999999998545, 5926303.950000000186265 ], [ 24171.75, 5926303.950000000186265 ], [ 24171.75, 5926304.025000000372529 ], [ 24171.0, 5926304.025000000372529 ], [ 24171.0, 5926304.099999999627471 ], [ 24170.099999999998545, 5926304.099999999627471 ], [ 24170.099999999998545, 5926304.025000000372529 ], [ 24169.8, 5926304.025000000372529 ], [ 24169.8, 5926303.950000000186265 ], [ 24169.575, 5926303.950000000186265 ], [ 24169.575, 5926303.875 ], [ 24169.275000000001455, 5926303.875 ], [ 24169.275000000001455, 5926303.799999999813735 ], [ 24168.974999999998545, 5926303.799999999813735 ], [ 24168.974999999998545, 5926303.724999999627471 ], [ 24168.675, 5926303.724999999627471 ], [ 24168.675, 5926303.650000000372529 ], [ 24168.375, 5926303.650000000372529 ], [ 24168.375, 5926303.575000000186265 ], [ 24168.075, 5926303.575000000186265 ], [ 24168.075, 5926303.5 ], [ 24167.775000000001455, 5926303.5 ], [ 24167.775000000001455, 5926303.424999999813735 ], [ 24167.474999999998545, 5926303.424999999813735 ], [ 24167.474999999998545, 5926303.349999999627471 ], [ 24167.175, 5926303.349999999627471 ], [ 24167.175, 5926303.275000000372529 ], [ 24166.875, 5926303.275000000372529 ], [ 24166.875, 5926303.200000000186265 ], [ 24166.575, 5926303.200000000186265 ], [ 24166.575, 5926303.125 ], [ 24166.275000000001455, 5926303.125 ], [ 24166.275000000001455, 5926303.049999999813735 ], [ 24166.05, 5926303.049999999813735 ], [ 24166.05, 5926302.974999999627471 ], [ 24165.825, 5926302.974999999627471 ], [ 24165.825, 5926302.900000000372529 ], [ 24165.599999999998545, 5926302.900000000372529 ], [ 24165.599999999998545, 5926302.825000000186265 ], [ 24165.375, 5926302.825000000186265 ], [ 24165.375, 5926302.75 ], [ 24165.224999999998545, 5926302.75 ], [ 24165.224999999998545, 5926302.674999999813735 ], [ 24165.0, 5926302.674999999813735 ], [ 24165.0, 5926302.599999999627471 ], [ 24164.849999999998545, 5926302.599999999627471 ], [ 24164.849999999998545, 5926302.525000000372529 ], [ 24164.7, 5926302.525000000372529 ], [ 24164.7, 5926302.450000000186265 ], [ 24164.55, 5926302.450000000186265 ], [ 24164.55, 5926302.375 ], [ 24164.474999999998545, 5926302.375 ], [ 24164.474999999998545, 5926302.299999999813735 ], [ 24164.400000000001455, 5926302.299999999813735 ], [ 24164.400000000001455, 5926302.224999999627471 ], [ 24164.25, 5926302.224999999627471 ], [ 24164.25, 5926302.150000000372529 ], [ 24164.175, 5926302.150000000372529 ], [ 24164.175, 5926302.075000000186265 ], [ 24164.025000000001455, 5926302.075000000186265 ], [ 24164.025000000001455, 5926302.0 ], [ 24163.95, 5926302.0 ], [ 24163.95, 5926301.924999999813735 ], [ 24163.8, 5926301.924999999813735 ], [ 24163.8, 5926301.849999999627471 ], [ 24163.724999999998545, 5926301.849999999627471 ], [ 24163.724999999998545, 5926301.775000000372529 ], [ 24163.575, 5926301.775000000372529 ], [ 24163.575, 5926301.700000000186265 ], [ 24163.5, 5926301.700000000186265 ], [ 24163.5, 5926301.625 ], [ 24163.349999999998545, 5926301.625 ], [ 24163.349999999998545, 5926301.549999999813735 ], [ 24163.2, 5926301.549999999813735 ], [ 24163.2, 5926301.474999999627471 ], [ 24163.125, 5926301.474999999627471 ], [ 24163.125, 5926301.400000000372529 ], [ 24162.974999999998545, 5926301.400000000372529 ], [ 24162.974999999998545, 5926301.325000000186265 ], [ 24162.900000000001455, 5926301.325000000186265 ], [ 24162.900000000001455, 5926301.25 ], [ 24162.75, 5926301.25 ], [ 24162.75, 5926301.174999999813735 ], [ 24162.599999999998545, 5926301.174999999813735 ], [ 24162.599999999998545, 5926301.099999999627471 ], [ 24162.525000000001455, 5926301.099999999627471 ], [ 24162.525000000001455, 5926301.025000000372529 ], [ 24162.3, 5926301.025000000372529 ], [ 24162.3, 5926300.950000000186265 ], [ 24162.150000000001455, 5926300.950000000186265 ], [ 24162.150000000001455, 5926300.875 ], [ 24162.0, 5926300.875 ], [ 24162.0, 5926300.799999999813735 ], [ 24161.775000000001455, 5926300.799999999813735 ], [ 24161.775000000001455, 5926300.724999999627471 ], [ 24161.625, 5926300.724999999627471 ], [ 24161.625, 5926300.650000000372529 ], [ 24161.400000000001455, 5926300.650000000372529 ], [ 24161.400000000001455, 5926300.575000000186265 ], [ 24161.175, 5926300.575000000186265 ], [ 24161.175, 5926300.5 ], [ 24160.95, 5926300.5 ], [ 24160.95, 5926300.424999999813735 ], [ 24160.724999999998545, 5926300.424999999813735 ], [ 24160.724999999998545, 5926300.349999999627471 ], [ 24160.5, 5926300.349999999627471 ], [ 24160.5, 5926300.275000000372529 ], [ 24160.275000000001455, 5926300.275000000372529 ], [ 24160.275000000001455, 5926300.200000000186265 ], [ 24160.125, 5926300.200000000186265 ], [ 24160.125, 5926300.125 ], [ 24159.900000000001455, 5926300.125 ], [ 24159.900000000001455, 5926300.049999999813735 ], [ 24159.675, 5926300.049999999813735 ], [ 24159.675, 5926299.974999999627471 ], [ 24159.45, 5926299.974999999627471 ], [ 24159.45, 5926299.900000000372529 ], [ 24159.3, 5926299.900000000372529 ], [ 24159.3, 5926299.825000000186265 ], [ 24159.075, 5926299.825000000186265 ], [ 24159.075, 5926299.75 ], [ 24158.849999999998545, 5926299.75 ], [ 24158.849999999998545, 5926299.674999999813735 ], [ 24158.625, 5926299.674999999813735 ], [ 24158.625, 5926299.599999999627471 ], [ 24158.474999999998545, 5926299.599999999627471 ], [ 24158.474999999998545, 5926299.525000000372529 ], [ 24158.25, 5926299.525000000372529 ], [ 24158.25, 5926299.450000000186265 ], [ 24158.099999999998545, 5926299.450000000186265 ], [ 24158.099999999998545, 5926299.375 ], [ 24157.95, 5926299.375 ], [ 24157.95, 5926299.299999999813735 ], [ 24157.8, 5926299.299999999813735 ], [ 24157.8, 5926299.224999999627471 ], [ 24157.575, 5926299.224999999627471 ], [ 24157.575, 5926299.150000000372529 ], [ 24157.425, 5926299.150000000372529 ], [ 24157.425, 5926299.075000000186265 ], [ 24157.275000000001455, 5926299.075000000186265 ], [ 24157.275000000001455, 5926299.0 ], [ 24157.125, 5926299.0 ], [ 24157.125, 5926298.924999999813735 ], [ 24156.974999999998545, 5926298.924999999813735 ], [ 24156.974999999998545, 5926298.849999999627471 ], [ 24156.825, 5926298.849999999627471 ], [ 24156.825, 5926298.775000000372529 ], [ 24156.675, 5926298.775000000372529 ], [ 24156.675, 5926298.700000000186265 ], [ 24156.525000000001455, 5926298.700000000186265 ], [ 24156.525000000001455, 5926298.775000000372529 ], [ 24156.375, 5926298.775000000372529 ], [ 24156.375, 5926298.849999999627471 ], [ 24156.150000000001455, 5926298.849999999627471 ], [ 24156.150000000001455, 5926298.924999999813735 ], [ 24156.0, 5926298.924999999813735 ], [ 24156.0, 5926299.0 ], [ 24155.775000000001455, 5926299.0 ], [ 24155.775000000001455, 5926299.075000000186265 ], [ 24155.55, 5926299.075000000186265 ], [ 24155.55, 5926299.150000000372529 ], [ 24155.325, 5926299.150000000372529 ], [ 24155.325, 5926299.224999999627471 ], [ 24155.099999999998545, 5926299.224999999627471 ], [ 24155.099999999998545, 5926299.299999999813735 ], [ 24154.875, 5926299.299999999813735 ], [ 24154.875, 5926299.375 ], [ 24154.650000000001455, 5926299.375 ], [ 24154.650000000001455, 5926299.450000000186265 ], [ 24154.575, 5926299.450000000186265 ], [ 24154.575, 5926299.525000000372529 ], [ 24154.425, 5926299.525000000372529 ], [ 24154.425, 5926299.599999999627471 ], [ 24154.349999999998545, 5926299.599999999627471 ], [ 24154.349999999998545, 5926299.674999999813735 ], [ 24154.275000000001455, 5926299.674999999813735 ], [ 24154.275000000001455, 5926299.75 ], [ 24154.125, 5926299.75 ], [ 24154.125, 5926299.825000000186265 ], [ 24154.05, 5926299.825000000186265 ], [ 24154.05, 5926299.900000000372529 ], [ 24153.900000000001455, 5926299.900000000372529 ], [ 24153.900000000001455, 5926299.974999999627471 ], [ 24153.825, 5926299.974999999627471 ], [ 24153.825, 5926300.049999999813735 ], [ 24153.675, 5926300.049999999813735 ], [ 24153.675, 5926300.125 ], [ 24153.525000000001455, 5926300.125 ], [ 24153.525000000001455, 5926300.200000000186265 ], [ 24153.375, 5926300.200000000186265 ], [ 24153.375, 5926300.275000000372529 ], [ 24153.150000000001455, 5926300.275000000372529 ], [ 24153.150000000001455, 5926300.349999999627471 ], [ 24152.849999999998545, 5926300.349999999627471 ], [ 24152.849999999998545, 5926300.424999999813735 ], [ 24152.625, 5926300.424999999813735 ], [ 24152.625, 5926300.5 ], [ 24152.325, 5926300.5 ], [ 24152.325, 5926300.575000000186265 ], [ 24152.025000000001455, 5926300.575000000186265 ], [ 24152.025000000001455, 5926300.650000000372529 ], [ 24151.8, 5926300.650000000372529 ], [ 24151.8, 5926300.724999999627471 ], [ 24151.5, 5926300.724999999627471 ], [ 24151.5, 5926300.799999999813735 ], [ 24151.275000000001455, 5926300.799999999813735 ], [ 24151.275000000001455, 5926300.875 ], [ 24150.974999999998545, 5926300.875 ], [ 24150.974999999998545, 5926300.950000000186265 ], [ 24150.599999999998545, 5926300.950000000186265 ], [ 24150.599999999998545, 5926301.025000000372529 ], [ 24150.224999999998545, 5926301.025000000372529 ], [ 24150.224999999998545, 5926301.099999999627471 ], [ 24149.849999999998545, 5926301.099999999627471 ], [ 24149.849999999998545, 5926301.174999999813735 ], [ 24149.400000000001455, 5926301.174999999813735 ], [ 24149.400000000001455, 5926301.25 ], [ 24148.95, 5926301.25 ], [ 24148.95, 5926301.325000000186265 ], [ 24147.075, 5926301.325000000186265 ], [ 24147.075, 5926301.400000000372529 ], [ 24146.775000000001455, 5926301.400000000372529 ], [ 24146.775000000001455, 5926301.325000000186265 ], [ 24146.175, 5926301.325000000186265 ], [ 24146.175, 5926301.25 ], [ 24145.575, 5926301.25 ], [ 24145.575, 5926301.174999999813735 ], [ 24145.05, 5926301.174999999813735 ], [ 24145.05, 5926301.099999999627471 ], [ 24144.599999999998545, 5926301.099999999627471 ], [ 24144.599999999998545, 5926301.025000000372529 ], [ 24144.224999999998545, 5926301.025000000372529 ], [ 24144.224999999998545, 5926300.950000000186265 ], [ 24143.925, 5926300.950000000186265 ], [ 24143.925, 5926300.875 ], [ 24143.625, 5926300.875 ], [ 24143.625, 5926300.799999999813735 ], [ 24143.325, 5926300.799999999813735 ], [ 24143.325, 5926300.724999999627471 ], [ 24143.099999999998545, 5926300.724999999627471 ], [ 24143.099999999998545, 5926300.650000000372529 ], [ 24142.8, 5926300.650000000372529 ], [ 24142.8, 5926300.575000000186265 ], [ 24142.575, 5926300.575000000186265 ], [ 24142.575, 5926300.5 ], [ 24142.349999999998545, 5926300.5 ], [ 24142.349999999998545, 5926300.424999999813735 ], [ 24142.2, 5926300.424999999813735 ], [ 24142.2, 5926300.349999999627471 ], [ 24141.974999999998545, 5926300.349999999627471 ], [ 24141.974999999998545, 5926300.275000000372529 ], [ 24141.825, 5926300.275000000372529 ], [ 24141.825, 5926300.200000000186265 ], [ 24141.675, 5926300.200000000186265 ], [ 24141.675, 5926300.125 ], [ 24141.525000000001455, 5926300.125 ], [ 24141.525000000001455, 5926300.049999999813735 ], [ 24141.375, 5926300.049999999813735 ], [ 24141.375, 5926299.974999999627471 ], [ 24141.224999999998545, 5926299.974999999627471 ], [ 24141.224999999998545, 5926299.900000000372529 ], [ 24141.150000000001455, 5926299.900000000372529 ], [ 24141.150000000001455, 5926299.825000000186265 ], [ 24140.849999999998545, 5926299.825000000186265 ], [ 24140.849999999998545, 5926299.900000000372529 ], [ 24140.775000000001455, 5926299.900000000372529 ], [ 24140.775000000001455, 5926299.974999999627471 ], [ 24140.625, 5926299.974999999627471 ], [ 24140.625, 5926300.049999999813735 ], [ 24140.474999999998545, 5926300.049999999813735 ], [ 24140.474999999998545, 5926300.125 ], [ 24140.325, 5926300.125 ], [ 24140.325, 5926300.200000000186265 ], [ 24140.25, 5926300.200000000186265 ], [ 24140.25, 5926300.275000000372529 ], [ 24140.099999999998545, 5926300.275000000372529 ], [ 24140.099999999998545, 5926300.349999999627471 ], [ 24139.95, 5926300.349999999627471 ], [ 24139.95, 5926300.424999999813735 ], [ 24139.875, 5926300.424999999813735 ], [ 24139.875, 5926300.5 ], [ 24139.724999999998545, 5926300.5 ], [ 24139.724999999998545, 5926300.575000000186265 ], [ 24139.575, 5926300.575000000186265 ], [ 24139.575, 5926300.650000000372529 ], [ 24139.5, 5926300.650000000372529 ], [ 24139.5, 5926300.724999999627471 ], [ 24139.349999999998545, 5926300.724999999627471 ], [ 24139.349999999998545, 5926300.799999999813735 ], [ 24139.275000000001455, 5926300.799999999813735 ], [ 24139.275000000001455, 5926300.875 ], [ 24139.125, 5926300.875 ], [ 24139.125, 5926300.950000000186265 ], [ 24139.05, 5926300.950000000186265 ], [ 24139.05, 5926301.025000000372529 ], [ 24138.974999999998545, 5926301.025000000372529 ], [ 24138.974999999998545, 5926301.099999999627471 ], [ 24138.900000000001455, 5926301.099999999627471 ], [ 24138.900000000001455, 5926301.174999999813735 ], [ 24138.825, 5926301.174999999813735 ], [ 24138.825, 5926301.25 ], [ 24138.75, 5926301.25 ], [ 24138.75, 5926301.400000000372529 ], [ 24138.675, 5926301.400000000372529 ], [ 24138.675, 5926301.474999999627471 ], [ 24138.599999999998545, 5926301.474999999627471 ], [ 24138.599999999998545, 5926301.549999999813735 ], [ 24138.525000000001455, 5926301.549999999813735 ], [ 24138.525000000001455, 5926301.625 ], [ 24138.45, 5926301.625 ], [ 24138.45, 5926301.700000000186265 ], [ 24138.375, 5926301.700000000186265 ], [ 24138.375, 5926301.775000000372529 ], [ 24138.3, 5926301.775000000372529 ], [ 24138.3, 5926301.849999999627471 ], [ 24138.224999999998545, 5926301.849999999627471 ], [ 24138.224999999998545, 5926301.924999999813735 ], [ 24138.150000000001455, 5926301.924999999813735 ], [ 24138.150000000001455, 5926302.0 ], [ 24138.075, 5926302.0 ], [ 24138.075, 5926302.075000000186265 ], [ 24138.0, 5926302.075000000186265 ], [ 24138.0, 5926302.150000000372529 ], [ 24137.925, 5926302.150000000372529 ], [ 24137.925, 5926302.224999999627471 ], [ 24137.775000000001455, 5926302.224999999627471 ], [ 24137.775000000001455, 5926302.299999999813735 ], [ 24137.7, 5926302.299999999813735 ], [ 24137.7, 5926302.375 ], [ 24137.625, 5926302.375 ], [ 24137.625, 5926302.450000000186265 ], [ 24137.55, 5926302.450000000186265 ], [ 24137.55, 5926302.525000000372529 ], [ 24137.474999999998545, 5926302.525000000372529 ], [ 24137.474999999998545, 5926302.599999999627471 ], [ 24137.325, 5926302.599999999627471 ], [ 24137.325, 5926302.674999999813735 ], [ 24137.25, 5926302.674999999813735 ], [ 24137.25, 5926302.75 ], [ 24137.175, 5926302.75 ], [ 24137.175, 5926302.825000000186265 ], [ 24137.099999999998545, 5926302.825000000186265 ], [ 24137.099999999998545, 5926302.900000000372529 ], [ 24137.025000000001455, 5926302.900000000372529 ], [ 24137.025000000001455, 5926302.974999999627471 ], [ 24136.95, 5926302.974999999627471 ], [ 24136.95, 5926303.049999999813735 ], [ 24136.875, 5926303.049999999813735 ], [ 24136.875, 5926303.125 ], [ 24136.724999999998545, 5926303.125 ], [ 24136.724999999998545, 5926303.200000000186265 ], [ 24136.650000000001455, 5926303.200000000186265 ], [ 24136.650000000001455, 5926303.275000000372529 ], [ 24136.575, 5926303.275000000372529 ], [ 24136.575, 5926303.349999999627471 ], [ 24136.425, 5926303.349999999627471 ], [ 24136.425, 5926303.424999999813735 ], [ 24136.349999999998545, 5926303.424999999813735 ], [ 24136.349999999998545, 5926303.5 ], [ 24136.275000000001455, 5926303.5 ], [ 24136.275000000001455, 5926303.575000000186265 ], [ 24136.125, 5926303.575000000186265 ], [ 24136.125, 5926303.650000000372529 ], [ 24136.05, 5926303.650000000372529 ], [ 24136.05, 5926303.724999999627471 ], [ 24135.974999999998545, 5926303.724999999627471 ], [ 24135.974999999998545, 5926303.799999999813735 ], [ 24135.825, 5926303.799999999813735 ], [ 24135.825, 5926303.875 ], [ 24135.75, 5926303.875 ], [ 24135.75, 5926303.950000000186265 ], [ 24135.675, 5926303.950000000186265 ], [ 24135.675, 5926304.025000000372529 ], [ 24135.525000000001455, 5926304.025000000372529 ], [ 24135.525000000001455, 5926304.099999999627471 ], [ 24135.45, 5926304.099999999627471 ], [ 24135.45, 5926304.174999999813735 ], [ 24135.375, 5926304.174999999813735 ], [ 24135.375, 5926304.25 ], [ 24135.224999999998545, 5926304.25 ], [ 24135.224999999998545, 5926304.325000000186265 ], [ 24135.150000000001455, 5926304.325000000186265 ], [ 24135.150000000001455, 5926304.400000000372529 ], [ 24135.0, 5926304.400000000372529 ], [ 24135.0, 5926304.474999999627471 ], [ 24134.849999999998545, 5926304.474999999627471 ], [ 24134.849999999998545, 5926304.549999999813735 ], [ 24134.7, 5926304.549999999813735 ], [ 24134.7, 5926304.625 ], [ 24134.625, 5926304.625 ], [ 24134.625, 5926304.700000000186265 ], [ 24134.474999999998545, 5926304.700000000186265 ], [ 24134.474999999998545, 5926304.775000000372529 ], [ 24134.325, 5926304.775000000372529 ], [ 24134.325, 5926304.849999999627471 ], [ 24134.175, 5926304.849999999627471 ], [ 24134.175, 5926304.924999999813735 ], [ 24134.025000000001455, 5926304.924999999813735 ], [ 24134.025000000001455, 5926305.0 ], [ 24133.875, 5926305.0 ], [ 24133.875, 5926305.075000000186265 ], [ 24133.724999999998545, 5926305.075000000186265 ], [ 24133.724999999998545, 5926305.150000000372529 ], [ 24133.575, 5926305.150000000372529 ], [ 24133.575, 5926305.224999999627471 ], [ 24133.425, 5926305.224999999627471 ], [ 24133.425, 5926305.299999999813735 ], [ 24133.275000000001455, 5926305.299999999813735 ], [ 24133.275000000001455, 5926305.375 ], [ 24133.05, 5926305.375 ] ] ] } }
]
}
