{
"type": "FeatureCollection",
"name": "25683E594057N_buildings",
"crs": { "type": "name", "properties": { "name": "urn:ogc:def:crs:EPSG::3776" } },
"features": [
{ "type": "Feature", "properties": { "value": 1.0, "building_id": 0, "area": 2.0306250000137518 }, "geometry": { "type": "Polygon", "coordinates": [ [ [ 26062.875, 5941170.150000000372529 ], [ 26062.875, 5941169.849999999627471 ], [ 26062.8, 5941169.849999999627471 ], [ 26062.8, 5941169.775000000372529 ], [ 26062.875, 5941169.775000000372529 ], [ 26062.875, 5941169.625 ], [ 26065.2, 5941169.625 ], [ 26065.2, 5941169.700000000186265 ], [ 26066.849999999998545, 5941169.700000000186265 ], [ 26066.849999999998545, 5941169.775000000372529 ], [ 26068.2, 5941169.775000000372529 ], [ 26068.2, 5941169.849999999627471 ], [ 26067.825, 5941169.849999999627471 ], [ 26067.825, 5941169.924999999813735 ], [ 26067.224999999998545, 5941169.924999999813735 ], [ 26067.224999999998545, 5941170.0 ], [ 26066.474999999998545, 5941170.0 ], [ 26066.474999999998545, 5941170.075000000186265 ], [ 26065.349999999998545, 5941170.075000000186265 ], [ 26065.349999999998545, 5941170.150000000372529 ], [ 26062.875, 5941170.150000000372529 ] ] ] } },
{ "type": "Feature", "properties": { "value": 1.0, "building_id": 1, "area": 26148.11625000355 }, "geometry": { "type": "Polygon", "coordinates": [ [ [ 26060.625, 5941329.0 ], [ 26060.625, 5941325.924999999813735 ], [ 26060.55, 5941325.924999999813735 ], [ 26060.55, 5941325.025000000372529 ], [ 26060.474999999998545, 5941325.025000000372529 ], [ 26060.474999999998545, 5941324.125 ], [ 26060.400000000001455, 5941324.125 ], [ 26060.400000000001455, 5941323.599999999627471 ], [ 26060.325, 5941323.599999999627471 ], [ 26060.325, 5941323.075000000186265 ], [ 26060.25, 5941323.075000000186265 ], [ 26060.25, 5941322.474999999627471 ], [ 26060.175, 5941322.474999999627471 ], [ 26060.175, 5941321.875 ], [ 26060.099999999998545, 5941321.875 ], [ 26060.099999999998545, 5941321.200000000186265 ], [ 26060.025000000001455, 5941321.200000000186265 ], [ 26060.025000000001455, 5941320.450000000186265 ], [ 26059.95, 5941320.450000000186265 ], [ 26059.95, 5941319.625 ], [ 26059.875, 5941319.625 ], [ 26059.875, 5941318.799999999813735 ], [ 26059.8, 5941318.799999999813735 ], [ 26059.8, 5941317.674999999813735 ], [ 26059.724999999998545, 5941317.674999999813735 ], [ 26059.724999999998545, 5941315.049999999813735 ], [ 26059.650000000001455, 5941315.049999999813735 ], [ 26059.650000000001455, 5941309.349999999627471 ], [ 26059.575, 5941309.349999999627471 ], [ 26059.575, 5941307.474999999627471 ], [ 26059.5, 5941307.474999999627471 ], [ 26059.5, 5941305.900000000372529 ], [ 26059.425, 5941305.900000000372529 ], [ 26059.425, 5941304.400000000372529 ], [ 26059.349999999998545, 5941304.400000000372529 ], [ 26059.349999999998545, 5941302.900000000372529 ], [ 26059.275000000001455, 5941302.900000000372529 ], [ 26059.275000000001455, 5941302.150000000372529 ], [ 26059.2, 5941302.150000000372529 ], [ 26059.2, 5941301.625 ], [ 26059.125, 5941301.625 ], [ 26059.125, 5941301.099999999627471 ], [ 26059.05, 5941301.099999999627471 ], [ 26059.05, 5941300.650000000372529 ], [ 26058.974999999998545, 5941300.650000000372529 ], [ 26058.974999999998545, 5941300.349999999627471 ], [ 26058.900000000001455, 5941300.349999999627471 ], [ 26058.900000000001455, 5941299.974999999627471 ], [ 26058.825, 5941299.974999999627471 ], [ 26058.825, 5941299.674999999813735 ], [ 26058.75, 5941299.674999999813735 ], [ 26058.75, 5941299.299999999813735 ], [ 26058.675, 5941299.299999999813735 ], [ 26058.675, 5941299.0 ], [ 26058.599999999998545, 5941299.0 ], [ 26058.599999999998545, 5941298.625 ], [ 26058.525000000001455, 5941298.625 ], [ 26058.525000000001455, 5941298.25 ], [ 26058.45, 5941298.25 ], [ 26058.45, 5941297.875 ], [ 26058.375, 5941297.875 ], [ 26058.375, 5941297.424999999813735 ], [ 26058.3, 5941297.424999999813735 ], [ 26058.3, 5941297.049999999813735 ], [ 26058.224999999998545, 5941297.049999999813735 ], [ 26058.224999999998545, 5941296.674999999813735 ], [ 26058.150000000001455, 5941296.674999999813735 ], [ 26058.150000000001455, 5941296.224999999627471 ], [ 26058.075, 5941296.224999999627471 ], [ 26058.075, 5941295.849999999627471 ], [ 26058.0, 5941295.849999999627471 ], [ 26058.0, 5941295.400000000372529 ], [ 26057.925, 5941295.400000000372529 ], [ 26057.925, 5941295.025000000372529 ], [ 26057.849999999998545, 5941295.025000000372529 ], [ 26057.849999999998545, 5941294.200000000186265 ], [ 26057.775000000001455, 5941294.200000000186265 ], [ 26057.775000000001455, 5941293.075000000186265 ], [ 26057.7, 5941293.075000000186265 ], [ 26057.7, 5941292.700000000186265 ], [ 26057.775000000001455, 5941292.700000000186265 ], [ 26057.775000000001455, 5941291.575000000186265 ], [ 26057.849999999998545, 5941291.575000000186265 ], [ 26057.849999999998545, 5941290.599999999627471 ], [ 26057.925, 5941290.599999999627471 ], [ 26057.925, 5941289.700000000186265 ], [ 26058.0, 5941289.700000000186265 ], [ 26058.0, 5941288.950000000186265 ], [ 26058.075, 5941288.950000000186265 ], [ 26058.075, 5941288.200000000186265 ], [ 26058.150000000001455, 5941288.200000000186265 ], [ 26058.150000000001455, 5941287.599999999627471 ], [ 26058.224999999998545, 5941287.599999999627471 ], [ 26058.224999999998545, 5941287.0 ], [ 26058.3, 5941287.0 ], [ 26058.3, 5941286.625 ], [ 26058.375, 5941286.625 ], [ 26058.375, 5941286.25 ], [ 26058.45, 5941286.25 ], [ 26058.45, 5941285.950000000186265 ], [ 26058.525000000001455, 5941285.950000000186265 ], [ 26058.525000000001455, 5941285.650000000372529 ], [ 26058.599999999998545, 5941285.650000000372529 ], [ 26058.599999999998545, 5941285.349999999627471 ], [ 26058.675, 5941285.349999999627471 ], [ 26058.675, 5941285.125 ], [ 26058.75, 5941285.125 ], [ 26058.75, 5941284.900000000372529 ], [ 26058.825, 5941284.900000000372529 ], [ 26058.825, 5941284.75 ], [ 26058.900000000001455, 5941284.75 ], [ 26058.900000000001455, 5941284.599999999627471 ], [ 26058.974999999998545, 5941284.599999999627471 ], [ 26058.974999999998545, 5941284.450000000186265 ], [ 26059.05, 5941284.450000000186265 ], [ 26059.05, 5941284.299999999813735 ], [ 26059.125, 5941284.299999999813735 ], [ 26059.125, 5941284.224999999627471 ], [ 26059.2, 5941284.224999999627471 ], [ 26059.2, 5941284.075000000186265 ], [ 26059.275000000001455, 5941284.075000000186265 ], [ 26059.275000000001455, 5941284.0 ], [ 26059.349999999998545, 5941284.0 ], [ 26059.349999999998545, 5941283.849999999627471 ], [ 26059.425, 5941283.849999999627471 ], [ 26059.425, 5941283.775000000372529 ], [ 26059.5, 5941283.775000000372529 ], [ 26059.5, 5941283.625 ], [ 26059.575, 5941283.625 ], [ 26059.575, 5941283.549999999813735 ], [ 26059.650000000001455, 5941283.549999999813735 ], [ 26059.650000000001455, 5941283.474999999627471 ], [ 26059.724999999998545, 5941283.474999999627471 ], [ 26059.724999999998545, 5941283.400000000372529 ], [ 26059.8, 5941283.400000000372529 ], [ 26059.8, 5941283.325000000186265 ], [ 26059.875, 5941283.325000000186265 ], [ 26059.875, 5941283.25 ], [ 26059.95, 5941283.25 ], [ 26059.95, 5941283.099999999627471 ], [ 26060.099999999998545, 5941283.099999999627471 ], [ 26060.099999999998545, 5941283.025000000372529 ], [ 26060.175, 5941283.025000000372529 ], [ 26060.175, 5941282.950000000186265 ], [ 26060.25, 5941282.950000000186265 ], [ 26060.25, 5941282.875 ], [ 26060.325, 5941282.875 ], [ 26060.325, 5941282.799999999813735 ], [ 26060.474999999998545, 5941282.799999999813735 ], [ 26060.474999999998545, 5941282.724999999627471 ], [ 26060.55, 5941282.724999999627471 ], [ 26060.55, 5941282.650000000372529 ], [ 26060.7, 5941282.650000000372529 ], [ 26060.7, 5941282.575000000186265 ], [ 26060.775000000001455, 5941282.575000000186265 ], [ 26060.775000000001455, 5941282.5 ], [ 26060.925, 5941282.5 ], [ 26060.925, 5941282.424999999813735 ], [ 26061.150000000001455, 5941282.424999999813735 ], [ 26061.150000000001455, 5941282.349999999627471 ], [ 26061.45, 5941282.349999999627471 ], [ 26061.45, 5941282.275000000372529 ], [ 26061.75, 5941282.275000000372529 ], [ 26061.75, 5941282.200000000186265 ], [ 26062.125, 5941282.200000000186265 ], [ 26062.125, 5941282.125 ], [ 26062.5, 5941282.125 ], [ 26062.5, 5941282.049999999813735 ], [ 26062.875, 5941282.049999999813735 ], [ 26062.875, 5941281.974999999627471 ], [ 26068.8, 5941281.974999999627471 ], [ 26068.8, 5941281.900000000372529 ], [ 26068.875, 5941281.900000000372529 ], [ 26068.875, 5941281.825000000186265 ], [ 26068.95, 5941281.825000000186265 ], [ 26068.95, 5941281.75 ], [ 26069.025000000001455, 5941281.75 ], [ 26069.025000000001455, 5941281.674999999813735 ], [ 26069.099999999998545, 5941281.674999999813735 ], [ 26069.099999999998545, 5941281.599999999627471 ], [ 26069.175, 5941281.599999999627471 ], [ 26069.175, 5941281.525000000372529 ], [ 26069.325, 5941281.525000000372529 ], [ 26069.325, 5941281.450000000186265 ], [ 26069.400000000001455, 5941281.450000000186265 ], [ 26069.400000000001455, 5941281.375 ], [ 26069.474999999998545, 5941281.375 ], [ 26069.474999999998545, 5941281.299999999813735 ], [ 26069.55, 5941281.299999999813735 ], [ 26069.55, 5941281.224999999627471 ], [ 26069.625, 5941281.224999999627471 ], [ 26069.625, 5941281.150000000372529 ], [ 26069.7, 5941281.150000000372529 ], [ 26069.7, 5941281.075000000186265 ], [ 26069.775000000001455, 5941281.075000000186265 ], [ 26069.775000000001455, 5941281.0 ], [ 26069.849999999998545, 5941281.0 ], [ 26069.849999999998545, 5941280.924999999813735 ], [ 26069.925, 5941280.924999999813735 ], [ 26069.925, 5941280.849999999627471 ], [ 26070.0, 5941280.849999999627471 ], [ 26070.0, 5941280.775000000372529 ], [ 26070.075, 5941280.775000000372529 ], [ 26070.075, 5941280.700000000186265 ], [ 26070.150000000001455, 5941280.700000000186265 ], [ 26070.150000000001455, 5941280.625 ], [ 26070.224999999998545, 5941280.625 ], [ 26070.224999999998545, 5941280.549999999813735 ], [ 26070.3, 5941280.549999999813735 ], [ 26070.3, 5941280.474999999627471 ], [ 26070.375, 5941280.474999999627471 ], [ 26070.375, 5941280.400000000372529 ], [ 26070.45, 5941280.400000000372529 ], [ 26070.45, 5941280.325000000186265 ], [ 26070.525000000001455, 5941280.325000000186265 ], [ 26070.525000000001455, 5941280.25 ], [ 26070.599999999998545, 5941280.25 ], [ 26070.599999999998545, 5941280.174999999813735 ], [ 26070.675, 5941280.174999999813735 ], [ 26070.675, 5941280.099999999627471 ], [ 26070.75, 5941280.099999999627471 ], [ 26070.75, 5941279.950000000186265 ], [ 26070.825, 5941279.950000000186265 ], [ 26070.825, 5941279.799999999813735 ], [ 26070.900000000001455, 5941279.799999999813735 ], [ 26070.900000000001455, 5941279.575000000186265 ], [ 26070.974999999998545, 5941279.575000000186265 ], [ 26070.974999999998545, 5941279.424999999813735 ], [ 26071.05, 5941279.424999999813735 ], [ 26071.05, 5941279.275000000372529 ], [ 26071.125, 5941279.275000000372529 ], [ 26071.125, 5941279.125 ], [ 26071.05, 5941279.125 ], [ 26071.05, 5941278.825000000186265 ], [ 26070.974999999998545, 5941278.825000000186265 ], [ 26070.974999999998545, 5941278.599999999627471 ], [ 26070.900000000001455, 5941278.599999999627471 ], [ 26070.900000000001455, 5941278.375 ], [ 26070.825, 5941278.375 ], [ 26070.825, 5941278.150000000372529 ], [ 26070.75, 5941278.150000000372529 ], [ 26070.75, 5941277.924999999813735 ], [ 26070.675, 5941277.924999999813735 ], [ 26070.675, 5941277.775000000372529 ], [ 26070.599999999998545, 5941277.775000000372529 ], [ 26070.599999999998545, 5941277.625 ], [ 26070.525000000001455, 5941277.625 ], [ 26070.525000000001455, 5941277.549999999813735 ], [ 26070.45, 5941277.549999999813735 ], [ 26070.45, 5941277.400000000372529 ], [ 26070.375, 5941277.400000000372529 ], [ 26070.375, 5941277.25 ], [ 26070.3, 5941277.25 ], [ 26070.3, 5941277.174999999813735 ], [ 26070.150000000001455, 5941277.174999999813735 ], [ 26070.150000000001455, 5941277.099999999627471 ], [ 26070.0, 5941277.099999999627471 ], [ 26070.0, 5941277.025000000372529 ], [ 26069.849999999998545, 5941277.025000000372529 ], [ 26069.849999999998545, 5941276.950000000186265 ], [ 26069.775000000001455, 5941276.950000000186265 ], [ 26069.775000000001455, 5941276.875 ], [ 26069.625, 5941276.875 ], [ 26069.625, 5941276.799999999813735 ], [ 26069.474999999998545, 5941276.799999999813735 ], [ 26069.474999999998545, 5941276.724999999627471 ], [ 26069.325, 5941276.724999999627471 ], [ 26069.325, 5941276.650000000372529 ], [ 26069.099999999998545, 5941276.650000000372529 ], [ 26069.099999999998545, 5941276.575000000186265 ], [ 26068.95, 5941276.575000000186265 ], [ 26068.95, 5941276.5 ], [ 26068.8, 5941276.5 ], [ 26068.8, 5941276.424999999813735 ], [ 26068.575, 5941276.424999999813735 ], [ 26068.575, 5941276.349999999627471 ], [ 26068.275000000001455, 5941276.349999999627471 ], [ 26068.275000000001455, 5941276.275000000372529 ], [ 26068.05, 5941276.275000000372529 ], [ 26068.05, 5941276.200000000186265 ], [ 26067.825, 5941276.200000000186265 ], [ 26067.825, 5941276.125 ], [ 26067.599999999998545, 5941276.125 ], [ 26067.599999999998545, 5941276.049999999813735 ], [ 26067.375, 5941276.049999999813735 ], [ 26067.375, 5941275.974999999627471 ], [ 26067.224999999998545, 5941275.974999999627471 ], [ 26067.224999999998545, 5941275.900000000372529 ], [ 26067.0, 5941275.900000000372529 ], [ 26067.0, 5941275.825000000186265 ], [ 26066.849999999998545, 5941275.825000000186265 ], [ 26066.849999999998545, 5941275.75 ], [ 26066.7, 5941275.75 ], [ 26066.7, 5941275.674999999813735 ], [ 26066.55, 5941275.674999999813735 ], [ 26066.55, 5941275.599999999627471 ], [ 26066.474999999998545, 5941275.599999999627471 ], [ 26066.474999999998545, 5941275.525000000372529 ], [ 26066.325, 5941275.525000000372529 ], [ 26066.325, 5941275.450000000186265 ], [ 26066.25, 5941275.450000000186265 ], [ 26066.25, 5941275.375 ], [ 26066.099999999998545, 5941275.375 ], [ 26066.099999999998545, 5941275.299999999813735 ], [ 26066.025000000001455, 5941275.299999999813735 ], [ 26066.025000000001455, 5941275.224999999627471 ], [ 26065.95, 5941275.224999999627471 ], [ 26065.95, 5941275.150000000372529 ], [ 26065.875, 5941275.150000000372529 ], [ 26065.875, 5941275.075000000186265 ], [ 26065.8, 5941275.075000000186265 ], [ 26065.8, 5941275.0 ], [ 26065.724999999998545, 5941275.0 ], [ 26065.724999999998545, 5941274.924999999813735 ], [ 26065.650000000001455, 5941274.924999999813735 ], [ 26065.650000000001455, 5941274.849999999627471 ], [ 26065.575, 5941274.849999999627471 ], [ 26065.575, 5941274.775000000372529 ], [ 26065.5, 5941274.775000000372529 ], [ 26065.5, 5941274.700000000186265 ], [ 26065.425, 5941274.700000000186265 ], [ 26065.425, 5941274.625 ], [ 26065.349999999998545, 5941274.625 ], [ 26065.349999999998545, 5941274.474999999627471 ], [ 26065.275000000001455, 5941274.474999999627471 ], [ 26065.275000000001455, 5941274.400000000372529 ], [ 26065.2, 5941274.400000000372529 ], [ 26065.2, 5941274.325000000186265 ], [ 26065.125, 5941274.325000000186265 ], [ 26065.125, 5941274.25 ], [ 26065.05, 5941274.25 ], [ 26065.05, 5941274.099999999627471 ], [ 26064.974999999998545, 5941274.099999999627471 ], [ 26064.974999999998545, 5941274.025000000372529 ], [ 26064.900000000001455, 5941274.025000000372529 ], [ 26064.900000000001455, 5941273.950000000186265 ], [ 26064.825, 5941273.950000000186265 ], [ 26064.825, 5941273.799999999813735 ], [ 26064.75, 5941273.799999999813735 ], [ 26064.75, 5941273.650000000372529 ], [ 26064.675, 5941273.650000000372529 ], [ 26064.675, 5941273.575000000186265 ], [ 26064.599999999998545, 5941273.575000000186265 ], [ 26064.599999999998545, 5941273.424999999813735 ], [ 26064.525000000001455, 5941273.424999999813735 ], [ 26064.525000000001455, 5941273.200000000186265 ], [ 26064.45, 5941273.200000000186265 ], [ 26064.45, 5941273.049999999813735 ], [ 26064.375, 5941273.049999999813735 ], [ 26064.375, 5941272.825000000186265 ], [ 26064.3, 5941272.825000000186265 ], [ 26064.3, 5941272.599999999627471 ], [ 26064.224999999998545, 5941272.599999999627471 ], [ 26064.224999999998545, 5941272.375 ], [ 26064.150000000001455, 5941272.375 ], [ 26064.150000000001455, 5941272.075000000186265 ], [ 26064.075, 5941272.075000000186265 ], [ 26064.075, 5941271.775000000372529 ], [ 26064.0, 5941271.775000000372529 ], [ 26064.0, 5941271.474999999627471 ], [ 26063.925, 5941271.474999999627471 ], [ 26063.925, 5941270.200000000186265 ], [ 26063.849999999998545, 5941270.200000000186265 ], [ 26063.849999999998545, 5941269.0 ], [ 26063.925, 5941269.0 ], [ 26063.925, 5941268.099999999627471 ], [ 26064.0, 5941268.099999999627471 ], [ 26064.0, 5941267.349999999627471 ], [ 26064.075, 5941267.349999999627471 ], [ 26064.075, 5941266.75 ], [ 26064.150000000001455, 5941266.75 ], [ 26064.150000000001455, 5941266.150000000372529 ], [ 26064.224999999998545, 5941266.150000000372529 ], [ 26064.224999999998545, 5941265.625 ], [ 26064.3, 5941265.625 ], [ 26064.3, 5941265.174999999813735 ], [ 26064.375, 5941265.174999999813735 ], [ 26064.375, 5941264.799999999813735 ], [ 26064.45, 5941264.799999999813735 ], [ 26064.45, 5941264.424999999813735 ], [ 26064.525000000001455, 5941264.424999999813735 ], [ 26064.525000000001455, 5941264.125 ], [ 26064.599999999998545, 5941264.125 ], [ 26064.599999999998545, 5941263.75 ], [ 26064.675, 5941263.75 ], [ 26064.675, 5941262.924999999813735 ], [ 26064.599999999998545, 5941262.924999999813735 ], [ 26064.599999999998545, 5941262.174999999813735 ], [ 26064.525000000001455, 5941262.174999999813735 ], [ 26064.525000000001455, 5941261.575000000186265 ], [ 26064.45, 5941261.575000000186265 ], [ 26064.45, 5941261.424999999813735 ], [ 26064.375, 5941261.424999999813735 ], [ 26064.375, 5941261.275000000372529 ], [ 26064.3, 5941261.275000000372529 ], [ 26064.3, 5941261.125 ], [ 26064.224999999998545, 5941261.125 ], [ 26064.224999999998545, 5941260.974999999627471 ], [ 26064.150000000001455, 5941260.974999999627471 ], [ 26064.150000000001455, 5941260.825000000186265 ], [ 26064.075, 5941260.825000000186265 ], [ 26064.075, 5941260.674999999813735 ], [ 26064.0, 5941260.674999999813735 ], [ 26064.0, 5941260.525000000372529 ], [ 26063.925, 5941260.525000000372529 ], [ 26063.925, 5941260.375 ], [ 26063.849999999998545, 5941260.375 ], [ 26063.849999999998545, 5941260.299999999813735 ], [ 26063.775000000001455, 5941260.299999999813735 ], [ 26063.775000000001455, 5941260.150000000372529 ], [ 26063.7, 5941260.150000000372529 ], [ 26063.7, 5941260.0 ], [ 26063.625, 5941260.0 ], [ 26063.625, 5941259.849999999627471 ], [ 26063.55, 5941259.849999999627471 ], [ 26063.55, 5941259.775000000372529 ], [ 26063.474999999998545, 5941259.775000000372529 ], [ 26063.474999999998545, 5941259.625 ], [ 26063.400000000001455, 5941259.625 ], [ 26063.400000000001455, 5941259.474999999627471 ], [ 26063.325, 5941259.474999999627471 ], [ 26063.325, 5941259.325000000186265 ], [ 26063.25, 5941259.325000000186265 ], [ 26063.25, 5941259.25 ], [ 26063.175, 5941259.25 ], [ 26063.175, 5941259.099999999627471 ], [ 26063.099999999998545, 5941259.099999999627471 ], [ 26063.099999999998545, 5941258.950000000186265 ], [ 26063.025000000001455, 5941258.950000000186265 ], [ 26063.025000000001455, 5941258.875 ], [ 26062.95, 5941258.875 ], [ 26062.95, 5941258.724999999627471 ], [ 26062.875, 5941258.724999999627471 ], [ 26062.875, 5941258.650000000372529 ], [ 26062.8, 5941258.650000000372529 ], [ 26062.8, 5941258.5 ], [ 26062.724999999998545, 5941258.5 ], [ 26062.724999999998545, 5941258.424999999813735 ], [ 26062.650000000001455, 5941258.424999999813735 ], [ 26062.650000000001455, 5941258.349999999627471 ], [ 26062.575, 5941258.349999999627471 ], [ 26062.575, 5941258.200000000186265 ], [ 26062.5, 5941258.200000000186265 ], [ 26062.5, 5941258.125 ], [ 26062.425, 5941258.125 ], [ 26062.425, 5941257.974999999627471 ], [ 26062.349999999998545, 5941257.974999999627471 ], [ 26062.349999999998545, 5941257.900000000372529 ], [ 26062.275000000001455, 5941257.900000000372529 ], [ 26062.275000000001455, 5941257.75 ], [ 26062.2, 5941257.75 ], [ 26062.2, 5941257.674999999813735 ], [ 26062.125, 5941257.674999999813735 ], [ 26062.125, 5941257.525000000372529 ], [ 26062.05, 5941257.525000000372529 ], [ 26062.05, 5941257.450000000186265 ], [ 26061.974999999998545, 5941257.450000000186265 ], [ 26061.974999999998545, 5941257.299999999813735 ], [ 26061.900000000001455, 5941257.299999999813735 ], [ 26061.900000000001455, 5941257.224999999627471 ], [ 26061.825, 5941257.224999999627471 ], [ 26061.825, 5941257.075000000186265 ], [ 26061.75, 5941257.075000000186265 ], [ 26061.75, 5941257.0 ], [ 26061.675, 5941257.0 ], [ 26061.675, 5941256.849999999627471 ], [ 26061.599999999998545, 5941256.849999999627471 ], [ 26061.599999999998545, 5941256.775000000372529 ], [ 26061.525000000001455, 5941256.775000000372529 ], [ 26061.525000000001455, 5941256.700000000186265 ], [ 26061.45, 5941256.700000000186265 ], [ 26061.45, 5941256.549999999813735 ], [ 26061.375, 5941256.549999999813735 ], [ 26061.375, 5941256.474999999627471 ], [ 26061.3, 5941256.474999999627471 ], [ 26061.3, 5941256.400000000372529 ], [ 26061.224999999998545, 5941256.400000000372529 ], [ 26061.224999999998545, 5941256.325000000186265 ], [ 26061.150000000001455, 5941256.325000000186265 ], [ 26061.150000000001455, 5941256.174999999813735 ], [ 26061.075, 5941256.174999999813735 ], [ 26061.075, 5941256.099999999627471 ], [ 26061.0, 5941256.099999999627471 ], [ 26061.0, 5941256.025000000372529 ], [ 26060.925, 5941256.025000000372529 ], [ 26060.925, 5941255.950000000186265 ], [ 26060.849999999998545, 5941255.950000000186265 ], [ 26060.849999999998545, 5941255.875 ], [ 26060.775000000001455, 5941255.875 ], [ 26060.775000000001455, 5941255.724999999627471 ], [ 26060.7, 5941255.724999999627471 ], [ 26060.7, 5941255.575000000186265 ], [ 26060.625, 5941255.575000000186265 ], [ 26060.625, 5941255.424999999813735 ], [ 26060.55, 5941255.424999999813735 ], [ 26060.55, 5941255.200000000186265 ], [ 26060.474999999998545, 5941255.200000000186265 ], [ 26060.474999999998545, 5941255.049999999813735 ], [ 26060.400000000001455, 5941255.049999999813735 ], [ 26060.400000000001455, 5941254.825000000186265 ], [ 26060.325, 5941254.825000000186265 ], [ 26060.325, 5941254.599999999627471 ], [ 26060.25, 5941254.599999999627471 ], [ 26060.25, 5941254.450000000186265 ], [ 26060.175, 5941254.450000000186265 ], [ 26060.175, 5941254.224999999627471 ], [ 26060.099999999998545, 5941254.224999999627471 ], [ 26060.099999999998545, 5941254.0 ], [ 26060.025000000001455, 5941254.0 ], [ 26060.025000000001455, 5941253.700000000186265 ], [ 26059.95, 5941253.700000000186265 ], [ 26059.95, 5941253.099999999627471 ], [ 26059.875, 5941253.099999999627471 ], [ 26059.875, 5941252.424999999813735 ], [ 26059.8, 5941252.424999999813735 ], [ 26059.8, 5941251.825000000186265 ], [ 26059.724999999998545, 5941251.825000000186265 ], [ 26059.724999999998545, 5941251.150000000372529 ], [ 26059.650000000001455, 5941251.150000000372529 ], [ 26059.650000000001455, 5941250.549999999813735 ], [ 26059.575, 5941250.549999999813735 ], [ 26059.575, 5941249.875 ], [ 26059.5, 5941249.875 ], [ 26059.5, 5941249.275000000372529 ], [ 26059.425, 5941249.275000000372529 ], [ 26059.425, 5941248.674999999813735 ], [ 26059.349999999998545, 5941248.674999999813735 ], [ 26059.349999999998545, 5941248.075000000186265 ], [ 26059.275000000001455, 5941248.075000000186265 ], [ 26059.275000000001455, 5941247.174999999813735 ], [ 26059.349999999998545, 5941247.174999999813735 ], [ 26059.349999999998545, 5941245.674999999813735 ], [ 26059.425, 5941245.674999999813735 ], [ 26059.425, 5941245.224999999627471 ], [ 26059.5, 5941245.224999999627471 ], [ 26059.5, 5941244.700000000186265 ], [ 26059.575, 5941244.700000000186265 ], [ 26059.575, 5941244.25 ], [ 26059.650000000001455, 5941244.25 ], [ 26059.650000000001455, 5941243.799999999813735 ], [ 26059.724999999998545, 5941243.799999999813735 ], [ 26059.724999999998545, 5941243.275000000372529 ], [ 26059.8, 5941243.275000000372529 ], [ 26059.8, 5941242.825000000186265 ], [ 26059.875, 5941242.825000000186265 ], [ 26059.875, 5941242.375 ], [ 26059.95, 5941242.375 ], [ 26059.95, 5941241.924999999813735 ], [ 26060.025000000001455, 5941241.924999999813735 ], [ 26060.025000000001455, 5941241.474999999627471 ], [ 26060.099999999998545, 5941241.474999999627471 ], [ 26060.099999999998545, 5941241.025000000372529 ], [ 26060.175, 5941241.025000000372529 ], [ 26060.175, 5941240.650000000372529 ], [ 26060.25, 5941240.650000000372529 ], [ 26060.25, 5941240.200000000186265 ], [ 26060.325, 5941240.200000000186265 ], [ 26060.325, 5941239.900000000372529 ], [ 26060.400000000001455, 5941239.900000000372529 ], [ 26060.400000000001455, 5941239.674999999813735 ], [ 26060.474999999998545, 5941239.674999999813735 ], [ 26060.474999999998545, 5941239.450000000186265 ], [ 26060.55, 5941239.450000000186265 ], [ 26060.55, 5941239.150000000372529 ], [ 26060.625, 5941239.150000000372529 ], [ 26060.625, 5941238.924999999813735 ], [ 26060.7, 5941238.924999999813735 ], [ 26060.7, 5941238.700000000186265 ], [ 26060.775000000001455, 5941238.700000000186265 ], [ 26060.775000000001455, 5941238.474999999627471 ], [ 26060.849999999998545, 5941238.474999999627471 ], [ 26060.849999999998545, 5941238.25 ], [ 26060.925, 5941238.25 ], [ 26060.925, 5941238.099999999627471 ], [ 26061.0, 5941238.099999999627471 ], [ 26061.0, 5941238.025000000372529 ], [ 26061.075, 5941238.025000000372529 ], [ 26061.075, 5941237.950000000186265 ], [ 26061.150000000001455, 5941237.950000000186265 ], [ 26061.150000000001455, 5941237.875 ], [ 26061.224999999998545, 5941237.875 ], [ 26061.224999999998545, 5941237.799999999813735 ], [ 26061.3, 5941237.799999999813735 ], [ 26061.3, 5941237.724999999627471 ], [ 26061.375, 5941237.724999999627471 ], [ 26061.375, 5941237.650000000372529 ], [ 26061.45, 5941237.650000000372529 ], [ 26061.45, 5941237.575000000186265 ], [ 26061.525000000001455, 5941237.575000000186265 ], [ 26061.525000000001455, 5941237.5 ], [ 26061.599999999998545, 5941237.5 ], [ 26061.599999999998545, 5941237.349999999627471 ], [ 26061.675, 5941237.349999999627471 ], [ 26061.675, 5941237.275000000372529 ], [ 26061.75, 5941237.275000000372529 ], [ 26061.75, 5941237.200000000186265 ], [ 26061.825, 5941237.200000000186265 ], [ 26061.825, 5941237.049999999813735 ], [ 26061.900000000001455, 5941237.049999999813735 ], [ 26061.900000000001455, 5941236.974999999627471 ], [ 26061.974999999998545, 5941236.974999999627471 ], [ 26061.974999999998545, 5941236.825000000186265 ], [ 26062.05, 5941236.825000000186265 ], [ 26062.05, 5941236.674999999813735 ], [ 26062.125, 5941236.674999999813735 ], [ 26062.125, 5941236.525000000372529 ], [ 26062.2, 5941236.525000000372529 ], [ 26062.2, 5941236.450000000186265 ], [ 26062.275000000001455, 5941236.450000000186265 ], [ 26062.275000000001455, 5941236.299999999813735 ], [ 26062.349999999998545, 5941236.299999999813735 ], [ 26062.349999999998545, 5941236.150000000372529 ], [ 26062.425, 5941236.150000000372529 ], [ 26062.425, 5941235.924999999813735 ], [ 26062.5, 5941235.924999999813735 ], [ 26062.5, 5941235.775000000372529 ], [ 26062.575, 5941235.775000000372529 ], [ 26062.575, 5941235.625 ], [ 26062.650000000001455, 5941235.625 ], [ 26062.650000000001455, 5941235.400000000372529 ], [ 26062.724999999998545, 5941235.400000000372529 ], [ 26062.724999999998545, 5941235.25 ], [ 26062.8, 5941235.25 ], [ 26062.8, 5941235.025000000372529 ], [ 26062.875, 5941235.025000000372529 ], [ 26062.875, 5941234.799999999813735 ], [ 26062.95, 5941234.799999999813735 ], [ 26062.95, 5941234.650000000372529 ], [ 26063.025000000001455, 5941234.650000000372529 ], [ 26063.025000000001455, 5941234.424999999813735 ], [ 26063.099999999998545, 5941234.424999999813735 ], [ 26063.099999999998545, 5941234.200000000186265 ], [ 26063.175, 5941234.200000000186265 ], [ 26063.175, 5941233.974999999627471 ], [ 26063.25, 5941233.974999999627471 ], [ 26063.25, 5941233.674999999813735 ], [ 26063.325, 5941233.674999999813735 ], [ 26063.325, 5941233.299999999813735 ], [ 26063.400000000001455, 5941233.299999999813735 ], [ 26063.400000000001455, 5941232.924999999813735 ], [ 26063.474999999998545, 5941232.924999999813735 ], [ 26063.474999999998545, 5941232.400000000372529 ], [ 26063.55, 5941232.400000000372529 ], [ 26063.55, 5941231.650000000372529 ], [ 26063.625, 5941231.650000000372529 ], [ 26063.625, 5941230.75 ], [ 26063.7, 5941230.75 ], [ 26063.7, 5941229.700000000186265 ], [ 26063.775000000001455, 5941229.700000000186265 ], [ 26063.775000000001455, 5941228.424999999813735 ], [ 26063.849999999998545, 5941228.424999999813735 ], [ 26063.849999999998545, 5941226.924999999813735 ], [ 26063.925, 5941226.924999999813735 ], [ 26063.925, 5941225.200000000186265 ], [ 26064.0, 5941225.200000000186265 ], [ 26064.0, 5941224.299999999813735 ], [ 26063.925, 5941224.299999999813735 ], [ 26063.925, 5941223.775000000372529 ], [ 26063.849999999998545, 5941223.775000000372529 ], [ 26063.849999999998545, 5941223.174999999813735 ], [ 26063.775000000001455, 5941223.174999999813735 ], [ 26063.775000000001455, 5941222.650000000372529 ], [ 26063.7, 5941222.650000000372529 ], [ 26063.7, 5941222.349999999627471 ], [ 26063.625, 5941222.349999999627471 ], [ 26063.625, 5941222.125 ], [ 26063.55, 5941222.125 ], [ 26063.55, 5941221.900000000372529 ], [ 26063.474999999998545, 5941221.900000000372529 ], [ 26063.474999999998545, 5941221.75 ], [ 26063.400000000001455, 5941221.75 ], [ 26063.400000000001455, 5941221.525000000372529 ], [ 26063.325, 5941221.525000000372529 ], [ 26063.325, 5941221.375 ], [ 26063.25, 5941221.375 ], [ 26063.25, 5941221.150000000372529 ], [ 26063.175, 5941221.150000000372529 ], [ 26063.175, 5941221.0 ], [ 26063.099999999998545, 5941221.0 ], [ 26063.099999999998545, 5941220.849999999627471 ], [ 26063.025000000001455, 5941220.849999999627471 ], [ 26063.025000000001455, 5941220.700000000186265 ], [ 26062.95, 5941220.700000000186265 ], [ 26062.95, 5941220.549999999813735 ], [ 26062.875, 5941220.549999999813735 ], [ 26062.875, 5941220.400000000372529 ], [ 26062.8, 5941220.400000000372529 ], [ 26062.8, 5941220.25 ], [ 26062.724999999998545, 5941220.25 ], [ 26062.724999999998545, 5941220.025000000372529 ], [ 26062.650000000001455, 5941220.025000000372529 ], [ 26062.650000000001455, 5941219.875 ], [ 26062.575, 5941219.875 ], [ 26062.575, 5941219.724999999627471 ], [ 26062.5, 5941219.724999999627471 ], [ 26062.5, 5941219.650000000372529 ], [ 26062.425, 5941219.650000000372529 ], [ 26062.425, 5941219.5 ], [ 26062.349999999998545, 5941219.5 ], [ 26062.349999999998545, 5941219.349999999627471 ], [ 26062.275000000001455, 5941219.349999999627471 ], [ 26062.275000000001455, 5941219.200000000186265 ], [ 26062.2, 5941219.200000000186265 ], [ 26062.2, 5941219.049999999813735 ], [ 26062.125, 5941219.049999999813735 ], [ 26062.125, 5941218.900000000372529 ], [ 26062.05, 5941218.900000000372529 ], [ 26062.05, 5941218.75 ], [ 26061.974999999998545, 5941218.75 ], [ 26061.974999999998545, 5941218.599999999627471 ], [ 26061.900000000001455, 5941218.599999999627471 ], [ 26061.900000000001455, 5941218.450000000186265 ], [ 26061.825, 5941218.450000000186265 ], [ 26061.825, 5941218.299999999813735 ], [ 26061.75, 5941218.299999999813735 ], [ 26061.75, 5941218.224999999627471 ], [ 26061.675, 5941218.224999999627471 ], [ 26061.675, 5941218.075000000186265 ], [ 26061.599999999998545, 5941218.075000000186265 ], [ 26061.599999999998545, 5941217.924999999813735 ], [ 26061.525000000001455, 5941217.924999999813735 ], [ 26061.525000000001455, 5941217.775000000372529 ], [ 26061.45, 5941217.775000000372529 ], [ 26061.45, 5941217.700000000186265 ], [ 26061.375, 5941217.700000000186265 ], [ 26061.375, 5941217.549999999813735 ], [ 26061.3, 5941217.549999999813735 ], [ 26061.3, 5941217.400000000372529 ], [ 26061.224999999998545, 5941217.400000000372529 ], [ 26061.224999999998545, 5941217.325000000186265 ], [ 26061.150000000001455, 5941217.325000000186265 ], [ 26061.150000000001455, 5941217.174999999813735 ], [ 26061.075, 5941217.174999999813735 ], [ 26061.075, 5941217.099999999627471 ], [ 26061.0, 5941217.099999999627471 ], [ 26061.0, 5941216.950000000186265 ], [ 26060.925, 5941216.950000000186265 ], [ 26060.925, 5941216.875 ], [ 26060.849999999998545, 5941216.875 ], [ 26060.849999999998545, 5941216.724999999627471 ], [ 26060.775000000001455, 5941216.724999999627471 ], [ 26060.775000000001455, 5941216.5 ], [ 26060.7, 5941216.5 ], [ 26060.7, 5941216.200000000186265 ], [ 26060.625, 5941216.200000000186265 ], [ 26060.625, 5941215.974999999627471 ], [ 26060.55, 5941215.974999999627471 ], [ 26060.55, 5941215.75 ], [ 26060.474999999998545, 5941215.75 ], [ 26060.474999999998545, 5941215.450000000186265 ], [ 26060.400000000001455, 5941215.450000000186265 ], [ 26060.400000000001455, 5941215.150000000372529 ], [ 26060.325, 5941215.150000000372529 ], [ 26060.325, 5941214.849999999627471 ], [ 26060.25, 5941214.849999999627471 ], [ 26060.25, 5941214.099999999627471 ], [ 26060.175, 5941214.099999999627471 ], [ 26060.175, 5941212.900000000372529 ], [ 26060.099999999998545, 5941212.900000000372529 ], [ 26060.099999999998545, 5941211.625 ], [ 26060.025000000001455, 5941211.625 ], [ 26060.025000000001455, 5941210.275000000372529 ], [ 26059.95, 5941210.275000000372529 ], [ 26059.95, 5941208.924999999813735 ], [ 26059.875, 5941208.924999999813735 ], [ 26059.875, 5941208.849999999627471 ], [ 26059.95, 5941208.849999999627471 ], [ 26059.95, 5941208.099999999627471 ], [ 26060.025000000001455, 5941208.099999999627471 ], [ 26060.025000000001455, 5941207.349999999627471 ], [ 26060.099999999998545, 5941207.349999999627471 ], [ 26060.099999999998545, 5941206.825000000186265 ], [ 26060.175, 5941206.825000000186265 ], [ 26060.175, 5941206.525000000372529 ], [ 26060.25, 5941206.525000000372529 ], [ 26060.25, 5941206.150000000372529 ], [ 26060.325, 5941206.150000000372529 ], [ 26060.325, 5941205.924999999813735 ], [ 26060.400000000001455, 5941205.924999999813735 ], [ 26060.400000000001455, 5941205.625 ], [ 26060.474999999998545, 5941205.625 ], [ 26060.474999999998545, 5941205.325000000186265 ], [ 26060.55, 5941205.325000000186265 ], [ 26060.55, 5941205.025000000372529 ], [ 26060.625, 5941205.025000000372529 ], [ 26060.625, 5941204.724999999627471 ], [ 26060.7, 5941204.724999999627471 ], [ 26060.7, 5941204.424999999813735 ], [ 26060.775000000001455, 5941204.424999999813735 ], [ 26060.775000000001455, 5941204.200000000186265 ], [ 26060.849999999998545, 5941204.200000000186265 ], [ 26060.849999999998545, 5941203.900000000372529 ], [ 26060.925, 5941203.900000000372529 ], [ 26060.925, 5941203.674999999813735 ], [ 26061.0, 5941203.674999999813735 ], [ 26061.0, 5941203.450000000186265 ], [ 26061.075, 5941203.450000000186265 ], [ 26061.075, 5941203.299999999813735 ], [ 26061.150000000001455, 5941203.299999999813735 ], [ 26061.150000000001455, 5941203.075000000186265 ], [ 26061.224999999998545, 5941203.075000000186265 ], [ 26061.224999999998545, 5941202.849999999627471 ], [ 26061.3, 5941202.849999999627471 ], [ 26061.3, 5941202.625 ], [ 26061.375, 5941202.625 ], [ 26061.375, 5941202.474999999627471 ], [ 26061.45, 5941202.474999999627471 ], [ 26061.45, 5941202.25 ], [ 26061.525000000001455, 5941202.25 ], [ 26061.525000000001455, 5941202.025000000372529 ], [ 26061.599999999998545, 5941202.025000000372529 ], [ 26061.599999999998545, 5941201.799999999813735 ], [ 26061.675, 5941201.799999999813735 ], [ 26061.675, 5941201.575000000186265 ], [ 26061.75, 5941201.575000000186265 ], [ 26061.75, 5941201.349999999627471 ], [ 26061.825, 5941201.349999999627471 ], [ 26061.825, 5941201.125 ], [ 26061.900000000001455, 5941201.125 ], [ 26061.900000000001455, 5941200.900000000372529 ], [ 26061.974999999998545, 5941200.900000000372529 ], [ 26061.974999999998545, 5941200.599999999627471 ], [ 26062.05, 5941200.599999999627471 ], [ 26062.05, 5941200.375 ], [ 26062.125, 5941200.375 ], [ 26062.125, 5941200.075000000186265 ], [ 26062.2, 5941200.075000000186265 ], [ 26062.2, 5941199.775000000372529 ], [ 26062.275000000001455, 5941199.775000000372529 ], [ 26062.275000000001455, 5941199.549999999813735 ], [ 26062.349999999998545, 5941199.549999999813735 ], [ 26062.349999999998545, 5941199.25 ], [ 26062.425, 5941199.25 ], [ 26062.425, 5941198.950000000186265 ], [ 26062.5, 5941198.950000000186265 ], [ 26062.5, 5941198.575000000186265 ], [ 26062.575, 5941198.575000000186265 ], [ 26062.575, 5941198.275000000372529 ], [ 26062.650000000001455, 5941198.275000000372529 ], [ 26062.650000000001455, 5941197.900000000372529 ], [ 26062.724999999998545, 5941197.900000000372529 ], [ 26062.724999999998545, 5941197.525000000372529 ], [ 26062.8, 5941197.525000000372529 ], [ 26062.8, 5941197.224999999627471 ], [ 26062.875, 5941197.224999999627471 ], [ 26062.875, 5941196.924999999813735 ], [ 26062.95, 5941196.924999999813735 ], [ 26062.95, 5941196.625 ], [ 26063.025000000001455, 5941196.625 ], [ 26063.025000000001455, 5941196.400000000372529 ], [ 26063.099999999998545, 5941196.400000000372529 ], [ 26063.099999999998545, 5941196.174999999813735 ], [ 26063.175, 5941196.174999999813735 ], [ 26063.175, 5941195.875 ], [ 26063.25, 5941195.875 ], [ 26063.25, 5941195.575000000186265 ], [ 26063.325, 5941195.575000000186265 ], [ 26063.325, 5941195.275000000372529 ], [ 26063.400000000001455, 5941195.275000000372529 ], [ 26063.400000000001455, 5941194.974999999627471 ], [ 26063.474999999998545, 5941194.974999999627471 ], [ 26063.474999999998545, 5941194.674999999813735 ], [ 26063.55, 5941194.674999999813735 ], [ 26063.55, 5941194.375 ], [ 26063.625, 5941194.375 ], [ 26063.625, 5941194.0 ], [ 26063.7, 5941194.0 ], [ 26063.7, 5941193.625 ], [ 26063.775000000001455, 5941193.625 ], [ 26063.775000000001455, 5941193.25 ], [ 26063.849999999998545, 5941193.25 ], [ 26063.849999999998545, 5941192.724999999627471 ], [ 26063.925, 5941192.724999999627471 ], [ 26063.925, 5941192.200000000186265 ], [ 26064.0, 5941192.200000000186265 ], [ 26064.0, 5941191.674999999813735 ], [ 26064.075, 5941191.674999999813735 ], [ 26064.075, 5941191.150000000372529 ], [ 26064.150000000001455, 5941191.150000000372529 ], [ 26064.150000000001455, 5941190.625 ], [ 26064.224999999998545, 5941190.625 ], [ 26064.224999999998545, 5941190.099999999627471 ], [ 26064.3, 5941190.099999999627471 ], [ 26064.3, 5941189.575000000186265 ], [ 26064.375, 5941189.575000000186265 ], [ 26064.375, 5941189.125 ], [ 26064.45, 5941189.125 ], [ 26064.45, 5941188.75 ], [ 26064.525000000001455, 5941188.75 ], [ 26064.525000000001455, 5941188.375 ], [ 26064.599999999998545, 5941188.375 ], [ 26064.599999999998545, 5941188.0 ], [ 26064.675, 5941188.0 ], [ 26064.675, 5941187.700000000186265 ], [ 26064.75, 5941187.700000000186265 ], [ 26064.75, 5941187.400000000372529 ], [ 26064.825, 5941187.400000000372529 ], [ 26064.825, 5941187.099999999627471 ], [ 26064.900000000001455, 5941187.099999999627471 ], [ 26064.900000000001455, 5941186.875 ], [ 26064.974999999998545, 5941186.875 ], [ 26064.974999999998545, 5941186.650000000372529 ], [ 26065.05, 5941186.650000000372529 ], [ 26065.05, 5941186.349999999627471 ], [ 26065.125, 5941186.349999999627471 ], [ 26065.125, 5941186.125 ], [ 26065.2, 5941186.125 ], [ 26065.2, 5941185.900000000372529 ], [ 26065.275000000001455, 5941185.900000000372529 ], [ 26065.275000000001455, 5941185.75 ], [ 26065.349999999998545, 5941185.75 ], [ 26065.349999999998545, 5941185.525000000372529 ], [ 26065.425, 5941185.525000000372529 ], [ 26065.425, 5941185.299999999813735 ], [ 26065.5, 5941185.299999999813735 ], [ 26065.5, 5941185.075000000186265 ], [ 26065.575, 5941185.075000000186265 ], [ 26065.575, 5941184.849999999627471 ], [ 26065.650000000001455, 5941184.849999999627471 ], [ 26065.650000000001455, 5941184.625 ], [ 26065.724999999998545, 5941184.625 ], [ 26065.724999999998545, 5941184.400000000372529 ], [ 26065.8, 5941184.400000000372529 ], [ 26065.8, 5941184.25 ], [ 26065.875, 5941184.25 ], [ 26065.875, 5941184.099999999627471 ], [ 26065.95, 5941184.099999999627471 ], [ 26065.95, 5941183.875 ], [ 26066.025000000001455, 5941183.875 ], [ 26066.025000000001455, 5941183.724999999627471 ], [ 26066.099999999998545, 5941183.724999999627471 ], [ 26066.099999999998545, 5941183.575000000186265 ], [ 26066.175, 5941183.575000000186265 ], [ 26066.175, 5941183.424999999813735 ], [ 26066.25, 5941183.424999999813735 ], [ 26066.25, 5941183.275000000372529 ], [ 26066.325, 5941183.275000000372529 ], [ 26066.325, 5941183.049999999813735 ], [ 26066.400000000001455, 5941183.049999999813735 ], [ 26066.400000000001455, 5941182.900000000372529 ], [ 26066.474999999998545, 5941182.900000000372529 ], [ 26066.474999999998545, 5941182.75 ], [ 26066.55, 5941182.75 ], [ 26066.55, 5941182.674999999813735 ], [ 26066.625, 5941182.674999999813735 ], [ 26066.625, 5941182.525000000372529 ], [ 26066.7, 5941182.525000000372529 ], [ 26066.7, 5941182.375 ], [ 26066.775000000001455, 5941182.375 ], [ 26066.775000000001455, 5941182.299999999813735 ], [ 26066.849999999998545, 5941182.299999999813735 ], [ 26066.849999999998545, 5941182.150000000372529 ], [ 26066.925, 5941182.150000000372529 ], [ 26066.925, 5941182.075000000186265 ], [ 26067.0, 5941182.075000000186265 ], [ 26067.0, 5941182.0 ], [ 26067.075, 5941182.0 ], [ 26067.075, 5941181.924999999813735 ], [ 26067.150000000001455, 5941181.924999999813735 ], [ 26067.150000000001455, 5941181.849999999627471 ], [ 26067.224999999998545, 5941181.849999999627471 ], [ 26067.224999999998545, 5941181.700000000186265 ], [ 26067.3, 5941181.700000000186265 ], [ 26067.3, 5941181.625 ], [ 26067.375, 5941181.625 ], [ 26067.375, 5941181.549999999813735 ], [ 26067.45, 5941181.549999999813735 ], [ 26067.45, 5941181.474999999627471 ], [ 26067.525000000001455, 5941181.474999999627471 ], [ 26067.525000000001455, 5941181.400000000372529 ], [ 26067.675, 5941181.400000000372529 ], [ 26067.675, 5941181.325000000186265 ], [ 26067.75, 5941181.325000000186265 ], [ 26067.75, 5941181.25 ], [ 26067.825, 5941181.25 ], [ 26067.825, 5941181.174999999813735 ], [ 26067.900000000001455, 5941181.174999999813735 ], [ 26067.900000000001455, 5941181.099999999627471 ], [ 26067.974999999998545, 5941181.099999999627471 ], [ 26067.974999999998545, 5941181.025000000372529 ], [ 26068.125, 5941181.025000000372529 ], [ 26068.125, 5941180.950000000186265 ], [ 26068.2, 5941180.950000000186265 ], [ 26068.2, 5941180.875 ], [ 26068.349999999998545, 5941180.875 ], [ 26068.349999999998545, 5941180.799999999813735 ], [ 26068.425, 5941180.799999999813735 ], [ 26068.425, 5941180.724999999627471 ], [ 26068.575, 5941180.724999999627471 ], [ 26068.575, 5941180.650000000372529 ], [ 26068.724999999998545, 5941180.650000000372529 ], [ 26068.724999999998545, 5941180.575000000186265 ], [ 26068.8, 5941180.575000000186265 ], [ 26068.8, 5941180.424999999813735 ], [ 26068.875, 5941180.424999999813735 ], [ 26068.875, 5941180.275000000372529 ], [ 26068.95, 5941180.275000000372529 ], [ 26068.95, 5941180.125 ], [ 26069.025000000001455, 5941180.125 ], [ 26069.025000000001455, 5941179.974999999627471 ], [ 26069.099999999998545, 5941179.974999999627471 ], [ 26069.099999999998545, 5941179.900000000372529 ], [ 26069.175, 5941179.900000000372529 ], [ 26069.175, 5941179.75 ], [ 26069.25, 5941179.75 ], [ 26069.25, 5941179.599999999627471 ], [ 26069.325, 5941179.599999999627471 ], [ 26069.325, 5941179.450000000186265 ], [ 26069.400000000001455, 5941179.450000000186265 ], [ 26069.400000000001455, 5941179.375 ], [ 26069.474999999998545, 5941179.375 ], [ 26069.474999999998545, 5941179.224999999627471 ], [ 26069.55, 5941179.224999999627471 ], [ 26069.55, 5941179.075000000186265 ], [ 26069.625, 5941179.075000000186265 ], [ 26069.625, 5941179.0 ], [ 26069.7, 5941179.0 ], [ 26069.7, 5941178.849999999627471 ], [ 26069.775000000001455, 5941178.849999999627471 ], [ 26069.775000000001455, 5941178.700000000186265 ], [ 26069.849999999998545, 5941178.700000000186265 ], [ 26069.849999999998545, 5941178.549999999813735 ], [ 26069.925, 5941178.549999999813735 ], [ 26069.925, 5941178.474999999627471 ], [ 26070.0, 5941178.474999999627471 ], [ 26070.0, 5941178.325000000186265 ], [ 26070.075, 5941178.325000000186265 ], [ 26070.075, 5941178.25 ], [ 26070.150000000001455, 5941178.25 ], [ 26070.150000000001455, 5941178.099999999627471 ], [ 26070.224999999998545, 5941178.099999999627471 ], [ 26070.224999999998545, 5941177.950000000186265 ], [ 26070.3, 5941177.950000000186265 ], [ 26070.3, 5941177.875 ], [ 26070.375, 5941177.875 ], [ 26070.375, 5941177.724999999627471 ], [ 26070.45, 5941177.724999999627471 ], [ 26070.45, 5941177.575000000186265 ], [ 26070.525000000001455, 5941177.575000000186265 ], [ 26070.525000000001455, 5941177.125 ], [ 26070.599999999998545, 5941177.125 ], [ 26070.599999999998545, 5941176.674999999813735 ], [ 26070.675, 5941176.674999999813735 ], [ 26070.675, 5941176.224999999627471 ], [ 26070.75, 5941176.224999999627471 ], [ 26070.75, 5941175.325000000186265 ], [ 26070.675, 5941175.325000000186265 ], [ 26070.675, 5941175.025000000372529 ], [ 26070.599999999998545, 5941175.025000000372529 ], [ 26070.599999999998545, 5941174.799999999813735 ], [ 26070.525000000001455, 5941174.799999999813735 ], [ 26070.525000000001455, 5941174.575000000186265 ], [ 26070.45, 5941174.575000000186265 ], [ 26070.45, 5941174.349999999627471 ], [ 26070.375, 5941174.349999999627471 ], [ 26070.375, 5941174.125 ], [ 26070.3, 5941174.125 ], [ 26070.3, 5941173.900000000372529 ], [ 26070.224999999998545, 5941173.900000000372529 ], [ 26070.224999999998545, 5941173.674999999813735 ], [ 26070.150000000001455, 5941173.674999999813735 ], [ 26070.150000000001455, 5941173.450000000186265 ], [ 26070.075, 5941173.450000000186265 ], [ 26070.075, 5941173.224999999627471 ], [ 26070.0, 5941173.224999999627471 ], [ 26070.0, 5941173.0 ], [ 26069.925, 5941173.0 ], [ 26069.925, 5941172.775000000372529 ], [ 26069.849999999998545, 5941172.775000000372529 ], [ 26069.849999999998545, 5941172.549999999813735 ], [ 26069.775000000001455, 5941172.549999999813735 ], [ 26069.775000000001455, 5941172.400000000372529 ], [ 26069.7, 5941172.400000000372529 ], [ 26069.7, 5941172.174999999813735 ], [ 26069.625, 5941172.174999999813735 ], [ 26069.625, 5941171.950000000186265 ], [ 26069.55, 5941171.950000000186265 ], [ 26069.55, 5941171.724999999627471 ], [ 26069.474999999998545, 5941171.724999999627471 ], [ 26069.474999999998545, 5941171.575000000186265 ], [ 26069.400000000001455, 5941171.575000000186265 ], [ 26069.400000000001455, 5941171.349999999627471 ], [ 26069.325, 5941171.349999999627471 ], [ 26069.325, 5941171.125 ], [ 26069.25, 5941171.125 ], [ 26069.25, 5941170.974999999627471 ], [ 26069.175, 5941170.974999999627471 ], [ 26069.175, 5941170.75 ], [ 26069.099999999998545, 5941170.75 ], [ 26069.099999999998545, 5941170.599999999627471 ], [ 26069.025000000001455, 5941170.599999999627471 ], [ 26069.025000000001455, 5941170.375 ], [ 26068.95, 5941170.375 ], [ 26068.95, 5941170.224999999627471 ], [ 26068.875, 5941170.224999999627471 ], [ 26068.875, 5941170.0 ], [ 26068.8, 5941170.0 ], [ 26068.8, 5941169.775000000372529 ], [ 26068.875, 5941169.775000000372529 ], [ 26068.875, 5941169.700000000186265 ], [ 26068.95, 5941169.700000000186265 ], [ 26068.95, 5941169.625 ], [ 26069.025000000001455, 5941169.625 ], [ 26069.025000000001455, 5941169.549999999813735 ], [ 26069.099999999998545, 5941169.549999999813735 ], [ 26069.099999999998545, 5941169.474999999627471 ], [ 26069.175, 5941169.474999999627471 ], [ 26069.175, 5941169.400000000372529 ], [ 26069.25, 5941169.400000000372529 ], [ 26069.25, 5941169.325000000186265 ], [ 26069.325, 5941169.325000000186265 ], [ 26069.325, 5941169.25 ], [ 26069.400000000001455, 5941169.25 ], [ 26069.400000000001455, 5941169.174999999813735 ], [ 26069.474999999998545, 5941169.174999999813735 ], [ 26069.474999999998545, 5941169.099999999627471 ], [ 26069.55, 5941169.099999999627471 ], [ 26069.55, 5941169.025000000372529 ], [ 26069.625, 5941169.025000000372529 ], [ 26069.625, 5941168.950000000186265 ], [ 26069.7, 5941168.950000000186265 ], [ 26069.7, 5941168.875 ], [ 26069.849999999998545, 5941168.875 ], [ 26069.849999999998545, 5941168.799999999813735 ], [ 26069.925, 5941168.799999999813735 ], [ 26069.925, 5941168.724999999627471 ], [ 26070.0, 5941168.724999999627471 ], [ 26070.0, 5941168.650000000372529 ], [ 26070.075, 5941168.650000000372529 ], [ 26070.075, 5941168.575000000186265 ], [ 26070.150000000001455, 5941168.575000000186265 ], [ 26070.150000000001455, 5941168.5 ], [ 26070.224999999998545, 5941168.5 ], [ 26070.224999999998545, 5941168.424999999813735 ], [ 26070.3, 5941168.424999999813735 ], [ 26070.3, 5941168.349999999627471 ], [ 26070.375, 5941168.349999999627471 ], [ 26070.375, 5941168.275000000372529 ], [ 26070.525000000001455, 5941168.275000000372529 ], [ 26070.525000000001455, 5941168.200000000186265 ], [ 26070.599999999998545, 5941168.200000000186265 ], [ 26070.599999999998545, 5941168.125 ], [ 26070.675, 5941168.125 ], [ 26070.675, 5941168.049999999813735 ], [ 26070.75, 5941168.049999999813735 ], [ 26070.75, 5941167.900000000372529 ], [ 26070.825, 5941167.900000000372529 ], [ 26070.825, 5941167.825000000186265 ], [ 26070.900000000001455, 5941167.825000000186265 ], [ 26070.900000000001455, 5941167.75 ], [ 26070.974999999998545, 5941167.75 ], [ 26070.974999999998545, 5941167.599999999627471 ], [ 26071.05, 5941167.599999999627471 ], [ 26071.05, 5941167.525000000372529 ], [ 26071.125, 5941167.525000000372529 ], [ 26071.125, 5941167.450000000186265 ], [ 26071.2, 5941167.450000000186265 ], [ 26071.2, 5941167.375 ], [ 26071.275000000001455, 5941167.375 ], [ 26071.275000000001455, 5941167.299999999813735 ], [ 26071.349999999998545, 5941167.299999999813735 ], [ 26071.349999999998545, 5941167.224999999627471 ], [ 26071.425, 5941167.224999999627471 ], [ 26071.425, 5941167.150000000372529 ], [ 26071.5, 5941167.150000000372529 ], [ 26071.5, 5941167.075000000186265 ], [ 26071.575, 5941167.075000000186265 ], [ 26071.575, 5941167.0 ], [ 26071.650000000001455, 5941167.0 ], [ 26071.650000000001455, 5941166.924999999813735 ], [ 26071.724999999998545, 5941166.924999999813735 ], [ 26071.724999999998545, 5941166.849999999627471 ], [ 26071.8, 5941166.849999999627471 ], [ 26071.8, 5941166.775000000372529 ], [ 26071.875, 5941166.775000000372529 ], [ 26071.875, 5941166.700000000186265 ], [ 26071.95, 5941166.700000000186265 ], [ 26071.95, 5941166.625 ], [ 26072.025000000001455, 5941166.625 ], [ 26072.025000000001455, 5941166.549999999813735 ], [ 26072.099999999998545, 5941166.549999999813735 ], [ 26072.099999999998545, 5941166.474999999627471 ], [ 26072.175, 5941166.474999999627471 ], [ 26072.175, 5941166.400000000372529 ], [ 26072.25, 5941166.400000000372529 ], [ 26072.25, 5941166.325000000186265 ], [ 26072.325, 5941166.325000000186265 ], [ 26072.325, 5941166.25 ], [ 26072.400000000001455, 5941166.25 ], [ 26072.400000000001455, 5941166.174999999813735 ], [ 26072.55, 5941166.174999999813735 ], [ 26072.55, 5941166.099999999627471 ], [ 26072.625, 5941166.099999999627471 ], [ 26072.625, 5941166.025000000372529 ], [ 26072.7, 5941166.025000000372529 ], [ 26072.7, 5941165.950000000186265 ], [ 26072.775000000001455, 5941165.950000000186265 ], [ 26072.775000000001455, 5941165.799999999813735 ], [ 26072.849999999998545, 5941165.799999999813735 ], [ 26072.849999999998545, 5941165.724999999627471 ], [ 26072.925, 5941165.724999999627471 ], [ 26072.925, 5941165.575000000186265 ], [ 26073.0, 5941165.575000000186265 ], [ 26073.0, 5941165.424999999813735 ], [ 26073.075, 5941165.424999999813735 ], [ 26073.075, 5941165.349999999627471 ], [ 26073.150000000001455, 5941165.349999999627471 ], [ 26073.150000000001455, 5941165.200000000186265 ], [ 26073.224999999998545, 5941165.200000000186265 ], [ 26073.224999999998545, 5941165.125 ], [ 26073.3, 5941165.125 ], [ 26073.3, 5941164.974999999627471 ], [ 26073.375, 5941164.974999999627471 ], [ 26073.375, 5941164.900000000372529 ], [ 26073.45, 5941164.900000000372529 ], [ 26073.45, 5941164.75 ], [ 26073.525000000001455, 5941164.75 ], [ 26073.525000000001455, 5941164.674999999813735 ], [ 26073.599999999998545, 5941164.674999999813735 ], [ 26073.599999999998545, 5941164.599999999627471 ], [ 26073.675, 5941164.599999999627471 ], [ 26073.675, 5941164.450000000186265 ], [ 26073.75, 5941164.450000000186265 ], [ 26073.75, 5941164.375 ], [ 26073.825, 5941164.375 ], [ 26073.825, 5941164.299999999813735 ], [ 26073.900000000001455, 5941164.299999999813735 ], [ 26073.900000000001455, 5941164.224999999627471 ], [ 26073.974999999998545, 5941164.224999999627471 ], [ 26073.974999999998545, 5941164.075000000186265 ], [ 26074.05, 5941164.075000000186265 ], [ 26074.05, 5941164.0 ], [ 26074.125, 5941164.0 ], [ 26074.125, 5941163.924999999813735 ], [ 26074.2, 5941163.924999999813735 ], [ 26074.2, 5941163.775000000372529 ], [ 26074.275000000001455, 5941163.775000000372529 ], [ 26074.275000000001455, 5941163.700000000186265 ], [ 26074.349999999998545, 5941163.700000000186265 ], [ 26074.349999999998545, 5941163.549999999813735 ], [ 26074.425, 5941163.549999999813735 ], [ 26074.425, 5941163.474999999627471 ], [ 26074.5, 5941163.474999999627471 ], [ 26074.5, 5941163.400000000372529 ], [ 26074.575, 5941163.400000000372529 ], [ 26074.575, 5941163.25 ], [ 26074.650000000001455, 5941163.25 ], [ 26074.650000000001455, 5941163.099999999627471 ], [ 26074.724999999998545, 5941163.099999999627471 ], [ 26074.724999999998545, 5941162.950000000186265 ], [ 26074.8, 5941162.950000000186265 ], [ 26074.8, 5941162.799999999813735 ], [ 26074.875, 5941162.799999999813735 ], [ 26074.875, 5941162.650000000372529 ], [ 26074.95, 5941162.650000000372529 ], [ 26074.95, 5941162.5 ], [ 26075.025000000001455, 5941162.5 ], [ 26075.025000000001455, 5941162.349999999627471 ], [ 26075.099999999998545, 5941162.349999999627471 ], [ 26075.099999999998545, 5941162.200000000186265 ], [ 26075.175, 5941162.200000000186265 ], [ 26075.175, 5941162.049999999813735 ], [ 26075.25, 5941162.049999999813735 ], [ 26075.25, 5941159.875 ], [ 26075.175, 5941159.875 ], [ 26075.175, 5941159.724999999627471 ], [ 26075.099999999998545, 5941159.724999999627471 ], [ 26075.099999999998545, 5941159.5 ], [ 26075.025000000001455, 5941159.5 ], [ 26075.025000000001455, 5941159.349999999627471 ], [ 26074.95, 5941159.349999999627471 ], [ 26074.95, 5941159.200000000186265 ], [ 26074.875, 5941159.200000000186265 ], [ 26074.875, 5941159.049999999813735 ], [ 26074.8, 5941159.049999999813735 ], [ 26074.8, 5941158.825000000186265 ], [ 26074.724999999998545, 5941158.825000000186265 ], [ 26074.724999999998545, 5941158.674999999813735 ], [ 26074.650000000001455, 5941158.674999999813735 ], [ 26074.650000000001455, 5941158.525000000372529 ], [ 26074.575, 5941158.525000000372529 ], [ 26074.575, 5941158.375 ], [ 26074.5, 5941158.375 ], [ 26074.5, 5941158.299999999813735 ], [ 26074.425, 5941158.299999999813735 ], [ 26074.425, 5941158.150000000372529 ], [ 26074.349999999998545, 5941158.150000000372529 ], [ 26074.349999999998545, 5941158.075000000186265 ], [ 26074.275000000001455, 5941158.075000000186265 ], [ 26074.275000000001455, 5941157.924999999813735 ], [ 26074.2, 5941157.924999999813735 ], [ 26074.2, 5941157.849999999627471 ], [ 26074.125, 5941157.849999999627471 ], [ 26074.125, 5941157.775000000372529 ], [ 26074.05, 5941157.775000000372529 ], [ 26074.05, 5941157.625 ], [ 26073.974999999998545, 5941157.625 ], [ 26073.974999999998545, 5941157.549999999813735 ], [ 26073.900000000001455, 5941157.549999999813735 ], [ 26073.900000000001455, 5941157.474999999627471 ], [ 26073.825, 5941157.474999999627471 ], [ 26073.825, 5941157.325000000186265 ], [ 26073.75, 5941157.325000000186265 ], [ 26073.75, 5941157.25 ], [ 26073.675, 5941157.25 ], [ 26073.675, 5941157.099999999627471 ], [ 26073.599999999998545, 5941157.099999999627471 ], [ 26073.599999999998545, 5941157.025000000372529 ], [ 26073.525000000001455, 5941157.025000000372529 ], [ 26073.525000000001455, 5941156.875 ], [ 26073.45, 5941156.875 ], [ 26073.45, 5941156.724999999627471 ], [ 26073.375, 5941156.724999999627471 ], [ 26073.375, 5941156.650000000372529 ], [ 26073.3, 5941156.650000000372529 ], [ 26073.3, 5941156.5 ], [ 26073.224999999998545, 5941156.5 ], [ 26073.224999999998545, 5941156.349999999627471 ], [ 26073.150000000001455, 5941156.349999999627471 ], [ 26073.150000000001455, 5941156.200000000186265 ], [ 26073.075, 5941156.200000000186265 ], [ 26073.075, 5941156.125 ], [ 26073.0, 5941156.125 ], [ 26073.0, 5941155.974999999627471 ], [ 26072.925, 5941155.974999999627471 ], [ 26072.925, 5941155.900000000372529 ], [ 26072.849999999998545, 5941155.900000000372529 ], [ 26072.849999999998545, 5941155.825000000186265 ], [ 26072.775000000001455, 5941155.825000000186265 ], [ 26072.775000000001455, 5941155.75 ], [ 26072.7, 5941155.75 ], [ 26072.7, 5941155.674999999813735 ], [ 26072.625, 5941155.674999999813735 ], [ 26072.625, 5941155.599999999627471 ], [ 26072.55, 5941155.599999999627471 ], [ 26072.55, 5941155.525000000372529 ], [ 26072.474999999998545, 5941155.525000000372529 ], [ 26072.474999999998545, 5941155.450000000186265 ], [ 26072.400000000001455, 5941155.450000000186265 ], [ 26072.400000000001455, 5941155.375 ], [ 26072.325, 5941155.375 ], [ 26072.325, 5941155.299999999813735 ], [ 26072.25, 5941155.299999999813735 ], [ 26072.25, 5941155.224999999627471 ], [ 26072.175, 5941155.224999999627471 ], [ 26072.175, 5941155.150000000372529 ], [ 26072.099999999998545, 5941155.150000000372529 ], [ 26072.099999999998545, 5941155.075000000186265 ], [ 26072.025000000001455, 5941155.075000000186265 ], [ 26072.025000000001455, 5941155.0 ], [ 26071.95, 5941155.0 ], [ 26071.95, 5941154.924999999813735 ], [ 26071.875, 5941154.924999999813735 ], [ 26071.875, 5941154.849999999627471 ], [ 26071.8, 5941154.849999999627471 ], [ 26071.8, 5941154.775000000372529 ], [ 26071.724999999998545, 5941154.775000000372529 ], [ 26071.724999999998545, 5941154.625 ], [ 26071.650000000001455, 5941154.625 ], [ 26071.650000000001455, 5941154.549999999813735 ], [ 26071.575, 5941154.549999999813735 ], [ 26071.575, 5941154.474999999627471 ], [ 26071.5, 5941154.474999999627471 ], [ 26071.5, 5941154.400000000372529 ], [ 26071.425, 5941154.400000000372529 ], [ 26071.425, 5941154.325000000186265 ], [ 26071.349999999998545, 5941154.325000000186265 ], [ 26071.349999999998545, 5941154.025000000372529 ], [ 26071.425, 5941154.025000000372529 ], [ 26071.425, 5941153.875 ], [ 26071.5, 5941153.875 ], [ 26071.5, 5941153.724999999627471 ], [ 26071.575, 5941153.724999999627471 ], [ 26071.575, 5941153.575000000186265 ], [ 26071.650000000001455, 5941153.575000000186265 ], [ 26071.650000000001455, 5941153.424999999813735 ], [ 26071.724999999998545, 5941153.424999999813735 ], [ 26071.724999999998545, 5941153.275000000372529 ], [ 26071.8, 5941153.275000000372529 ], [ 26071.8, 5941153.125 ], [ 26071.875, 5941153.125 ], [ 26071.875, 5941153.049999999813735 ], [ 26071.95, 5941153.049999999813735 ], [ 26071.95, 5941152.900000000372529 ], [ 26072.025000000001455, 5941152.900000000372529 ], [ 26072.025000000001455, 5941152.75 ], [ 26072.099999999998545, 5941152.75 ], [ 26072.099999999998545, 5941152.599999999627471 ], [ 26072.175, 5941152.599999999627471 ], [ 26072.175, 5941152.450000000186265 ], [ 26072.25, 5941152.450000000186265 ], [ 26072.25, 5941152.375 ], [ 26072.325, 5941152.375 ], [ 26072.325, 5941152.224999999627471 ], [ 26072.474999999998545, 5941152.224999999627471 ], [ 26072.474999999998545, 5941152.150000000372529 ], [ 26072.55, 5941152.150000000372529 ], [ 26072.55, 5941152.075000000186265 ], [ 26072.7, 5941152.075000000186265 ], [ 26072.7, 5941152.0 ], [ 26072.849999999998545, 5941152.0 ], [ 26072.849999999998545, 5941151.924999999813735 ], [ 26073.0, 5941151.924999999813735 ], [ 26073.0, 5941151.849999999627471 ], [ 26073.150000000001455, 5941151.849999999627471 ], [ 26073.150000000001455, 5941151.775000000372529 ], [ 26073.224999999998545, 5941151.775000000372529 ], [ 26073.224999999998545, 5941151.700000000186265 ], [ 26073.375, 5941151.700000000186265 ], [ 26073.375, 5941151.625 ], [ 26073.599999999998545, 5941151.625 ], [ 26073.599999999998545, 5941151.549999999813735 ], [ 26073.75, 5941151.549999999813735 ], [ 26073.75, 5941151.474999999627471 ], [ 26073.900000000001455, 5941151.474999999627471 ], [ 26073.900000000001455, 5941151.400000000372529 ], [ 26074.05, 5941151.400000000372529 ], [ 26074.05, 5941151.325000000186265 ], [ 26074.2, 5941151.325000000186265 ], [ 26074.2, 5941151.25 ], [ 26074.425, 5941151.25 ], [ 26074.425, 5941151.174999999813735 ], [ 26074.575, 5941151.174999999813735 ], [ 26074.575, 5941151.099999999627471 ], [ 26074.724999999998545, 5941151.099999999627471 ], [ 26074.724999999998545, 5941151.025000000372529 ], [ 26074.875, 5941151.025000000372529 ], [ 26074.875, 5941150.950000000186265 ], [ 26075.099999999998545, 5941150.950000000186265 ], [ 26075.099999999998545, 5941150.875 ], [ 26075.25, 5941150.875 ], [ 26075.25, 5941150.799999999813735 ], [ 26075.400000000001455, 5941150.799999999813735 ], [ 26075.400000000001455, 5941150.724999999627471 ], [ 26075.474999999998545, 5941150.724999999627471 ], [ 26075.474999999998545, 5941150.650000000372529 ], [ 26075.625, 5941150.650000000372529 ], [ 26075.625, 5941150.575000000186265 ], [ 26075.775000000001455, 5941150.575000000186265 ], [ 26075.775000000001455, 5941150.5 ], [ 26075.925, 5941150.5 ], [ 26075.925, 5941150.424999999813735 ], [ 26076.0, 5941150.424999999813735 ], [ 26076.0, 5941150.349999999627471 ], [ 26076.150000000001455, 5941150.349999999627471 ], [ 26076.150000000001455, 5941150.275000000372529 ], [ 26076.224999999998545, 5941150.275000000372529 ], [ 26076.224999999998545, 5941150.200000000186265 ], [ 26076.375, 5941150.200000000186265 ], [ 26076.375, 5941150.125 ], [ 26076.45, 5941150.125 ], [ 26076.45, 5941150.049999999813735 ], [ 26076.599999999998545, 5941150.049999999813735 ], [ 26076.599999999998545, 5941149.974999999627471 ], [ 26076.675, 5941149.974999999627471 ], [ 26076.675, 5941149.900000000372529 ], [ 26076.825, 5941149.900000000372529 ], [ 26076.825, 5941149.825000000186265 ], [ 26076.900000000001455, 5941149.825000000186265 ], [ 26076.900000000001455, 5941149.75 ], [ 26076.974999999998545, 5941149.75 ], [ 26076.974999999998545, 5941149.674999999813735 ], [ 26077.125, 5941149.674999999813735 ], [ 26077.125, 5941149.599999999627471 ], [ 26077.2, 5941149.599999999627471 ], [ 26077.2, 5941149.525000000372529 ], [ 26077.349999999998545, 5941149.525000000372529 ], [ 26077.349999999998545, 5941149.450000000186265 ], [ 26077.5, 5941149.450000000186265 ], [ 26077.5, 5941149.375 ], [ 26077.575, 5941149.375 ], [ 26077.575, 5941149.299999999813735 ], [ 26077.724999999998545, 5941149.299999999813735 ], [ 26077.724999999998545, 5941149.224999999627471 ], [ 26077.875, 5941149.224999999627471 ], [ 26077.875, 5941149.150000000372529 ], [ 26078.025000000001455, 5941149.150000000372529 ], [ 26078.025000000001455, 5941149.075000000186265 ], [ 26078.175, 5941149.075000000186265 ], [ 26078.175, 5941149.0 ], [ 26078.325, 5941149.0 ], [ 26078.325, 5941148.924999999813735 ], [ 26078.474999999998545, 5941148.924999999813735 ], [ 26078.474999999998545, 5941148.849999999627471 ], [ 26078.7, 5941148.849999999627471 ], [ 26078.7, 5941148.775000000372529 ], [ 26078.849999999998545, 5941148.775000000372529 ], [ 26078.849999999998545, 5941148.700000000186265 ], [ 26079.0, 5941148.700000000186265 ], [ 26079.0, 5941148.625 ], [ 26079.150000000001455, 5941148.625 ], [ 26079.150000000001455, 5941148.549999999813735 ], [ 26079.3, 5941148.549999999813735 ], [ 26079.3, 5941148.474999999627471 ], [ 26079.45, 5941148.474999999627471 ], [ 26079.45, 5941148.400000000372529 ], [ 26079.599999999998545, 5941148.400000000372529 ], [ 26079.599999999998545, 5941148.325000000186265 ], [ 26079.75, 5941148.325000000186265 ], [ 26079.75, 5941148.25 ], [ 26079.900000000001455, 5941148.25 ], [ 26079.900000000001455, 5941148.174999999813735 ], [ 26080.05, 5941148.174999999813735 ], [ 26080.05, 5941148.099999999627471 ], [ 26080.2, 5941148.099999999627471 ], [ 26080.2, 5941148.025000000372529 ], [ 26080.349999999998545, 5941148.025000000372529 ], [ 26080.349999999998545, 5941147.950000000186265 ], [ 26080.575, 5941147.950000000186265 ], [ 26080.575, 5941147.875 ], [ 26080.8, 5941147.875 ], [ 26080.8, 5941147.799999999813735 ], [ 26081.025000000001455, 5941147.799999999813735 ], [ 26081.025000000001455, 5941147.724999999627471 ], [ 26081.25, 5941147.724999999627471 ], [ 26081.25, 5941147.650000000372529 ], [ 26081.55, 5941147.650000000372529 ], [ 26081.55, 5941147.575000000186265 ], [ 26081.849999999998545, 5941147.575000000186265 ], [ 26081.849999999998545, 5941147.5 ], [ 26082.150000000001455, 5941147.5 ], [ 26082.150000000001455, 5941147.424999999813735 ], [ 26082.525000000001455, 5941147.424999999813735 ], [ 26082.525000000001455, 5941147.349999999627471 ], [ 26083.05, 5941147.349999999627471 ], [ 26083.05, 5941147.275000000372529 ], [ 26083.575, 5941147.275000000372529 ], [ 26083.575, 5941147.200000000186265 ], [ 26084.099999999998545, 5941147.200000000186265 ], [ 26084.099999999998545, 5941147.125 ], [ 26087.625, 5941147.125 ], [ 26087.625, 5941147.200000000186265 ], [ 26089.05, 5941147.200000000186265 ], [ 26089.05, 5941147.275000000372529 ], [ 26090.400000000001455, 5941147.275000000372529 ], [ 26090.400000000001455, 5941147.349999999627471 ], [ 26091.599999999998545, 5941147.349999999627471 ], [ 26091.599999999998545, 5941147.424999999813735 ], [ 26092.95, 5941147.424999999813735 ], [ 26092.95, 5941147.5 ], [ 26094.525000000001455, 5941147.5 ], [ 26094.525000000001455, 5941147.575000000186265 ], [ 26096.325, 5941147.575000000186265 ], [ 26096.325, 5941147.650000000372529 ], [ 26097.900000000001455, 5941147.650000000372529 ], [ 26097.900000000001455, 5941147.724999999627471 ], [ 26099.325, 5941147.724999999627471 ], [ 26099.325, 5941147.799999999813735 ], [ 26100.75, 5941147.799999999813735 ], [ 26100.75, 5941147.875 ], [ 26102.175, 5941147.875 ], [ 26102.175, 5941147.950000000186265 ], [ 26103.900000000001455, 5941147.950000000186265 ], [ 26103.900000000001455, 5941148.025000000372529 ], [ 26105.625, 5941148.025000000372529 ], [ 26105.625, 5941148.099999999627471 ], [ 26107.349999999998545, 5941148.099999999627471 ], [ 26107.349999999998545, 5941148.174999999813735 ], [ 26108.474999999998545, 5941148.174999999813735 ], [ 26108.474999999998545, 5941148.25 ], [ 26109.45, 5941148.25 ], [ 26109.45, 5941148.325000000186265 ], [ 26110.125, 5941148.325000000186265 ], [ 26110.125, 5941148.400000000372529 ], [ 26110.8, 5941148.400000000372529 ], [ 26110.8, 5941148.474999999627471 ], [ 26111.474999999998545, 5941148.474999999627471 ], [ 26111.474999999998545, 5941148.549999999813735 ], [ 26112.224999999998545, 5941148.549999999813735 ], [ 26112.224999999998545, 5941148.625 ], [ 26113.05, 5941148.625 ], [ 26113.05, 5941148.700000000186265 ], [ 26113.95, 5941148.700000000186265 ], [ 26113.95, 5941148.775000000372529 ], [ 26115.0, 5941148.775000000372529 ], [ 26115.0, 5941148.849999999627471 ], [ 26117.849999999998545, 5941148.849999999627471 ], [ 26117.849999999998545, 5941148.775000000372529 ], [ 26118.675, 5941148.775000000372529 ], [ 26118.675, 5941148.700000000186265 ], [ 26119.425, 5941148.700000000186265 ], [ 26119.425, 5941148.625 ], [ 26120.099999999998545, 5941148.625 ], [ 26120.099999999998545, 5941148.549999999813735 ], [ 26120.7, 5941148.549999999813735 ], [ 26120.7, 5941148.474999999627471 ], [ 26121.3, 5941148.474999999627471 ], [ 26121.3, 5941148.400000000372529 ], [ 26121.825, 5941148.400000000372529 ], [ 26121.825, 5941148.325000000186265 ], [ 26122.349999999998545, 5941148.325000000186265 ], [ 26122.349999999998545, 5941148.25 ], [ 26122.875, 5941148.25 ], [ 26122.875, 5941148.174999999813735 ], [ 26125.875, 5941148.174999999813735 ], [ 26125.875, 5941148.25 ], [ 26126.474999999998545, 5941148.25 ], [ 26126.474999999998545, 5941148.325000000186265 ], [ 26126.925, 5941148.325000000186265 ], [ 26126.925, 5941148.400000000372529 ], [ 26127.45, 5941148.400000000372529 ], [ 26127.45, 5941148.474999999627471 ], [ 26127.974999999998545, 5941148.474999999627471 ], [ 26127.974999999998545, 5941148.549999999813735 ], [ 26128.575, 5941148.549999999813735 ], [ 26128.575, 5941148.625 ], [ 26129.175, 5941148.625 ], [ 26129.175, 5941148.700000000186265 ], [ 26129.849999999998545, 5941148.700000000186265 ], [ 26129.849999999998545, 5941148.775000000372529 ], [ 26130.599999999998545, 5941148.775000000372529 ], [ 26130.599999999998545, 5941148.849999999627471 ], [ 26131.349999999998545, 5941148.849999999627471 ], [ 26131.349999999998545, 5941148.924999999813735 ], [ 26132.400000000001455, 5941148.924999999813735 ], [ 26132.400000000001455, 5941149.0 ], [ 26133.599999999998545, 5941149.0 ], [ 26133.599999999998545, 5941149.075000000186265 ], [ 26135.025000000001455, 5941149.075000000186265 ], [ 26135.025000000001455, 5941149.150000000372529 ], [ 26136.675, 5941149.150000000372529 ], [ 26136.675, 5941149.224999999627471 ], [ 26138.474999999998545, 5941149.224999999627471 ], [ 26138.474999999998545, 5941149.299999999813735 ], [ 26141.400000000001455, 5941149.299999999813735 ], [ 26141.400000000001455, 5941149.224999999627471 ], [ 26142.974999999998545, 5941149.224999999627471 ], [ 26142.974999999998545, 5941149.150000000372529 ], [ 26144.325, 5941149.150000000372529 ], [ 26144.325, 5941149.075000000186265 ], [ 26145.525000000001455, 5941149.075000000186265 ], [ 26145.525000000001455, 5941149.0 ], [ 26146.575, 5941149.0 ], [ 26146.575, 5941148.924999999813735 ], [ 26147.7, 5941148.924999999813735 ], [ 26147.7, 5941148.849999999627471 ], [ 26148.75, 5941148.849999999627471 ], [ 26148.75, 5941148.775000000372529 ], [ 26149.875, 5941148.775000000372529 ], [ 26149.875, 5941148.700000000186265 ], [ 26151.0, 5941148.700000000186265 ], [ 26151.0, 5941148.625 ], [ 26151.974999999998545, 5941148.625 ], [ 26151.974999999998545, 5941148.549999999813735 ], [ 26152.875, 5941148.549999999813735 ], [ 26152.875, 5941148.474999999627471 ], [ 26153.625, 5941148.474999999627471 ], [ 26153.625, 5941148.400000000372529 ], [ 26154.375, 5941148.400000000372529 ], [ 26154.375, 5941148.325000000186265 ], [ 26154.900000000001455, 5941148.325000000186265 ], [ 26154.900000000001455, 5941148.400000000372529 ], [ 26155.425, 5941148.400000000372529 ], [ 26155.425, 5941148.474999999627471 ], [ 26155.95, 5941148.474999999627471 ], [ 26155.95, 5941148.549999999813735 ], [ 26156.55, 5941148.549999999813735 ], [ 26156.55, 5941148.625 ], [ 26156.849999999998545, 5941148.625 ], [ 26156.849999999998545, 5941148.700000000186265 ], [ 26157.075, 5941148.700000000186265 ], [ 26157.075, 5941148.775000000372529 ], [ 26157.3, 5941148.775000000372529 ], [ 26157.3, 5941148.849999999627471 ], [ 26157.599999999998545, 5941148.849999999627471 ], [ 26157.599999999998545, 5941148.924999999813735 ], [ 26157.825, 5941148.924999999813735 ], [ 26157.825, 5941149.0 ], [ 26158.125, 5941149.0 ], [ 26158.125, 5941149.075000000186265 ], [ 26158.425, 5941149.075000000186265 ], [ 26158.425, 5941149.150000000372529 ], [ 26158.650000000001455, 5941149.150000000372529 ], [ 26158.650000000001455, 5941149.224999999627471 ], [ 26158.95, 5941149.224999999627471 ], [ 26158.95, 5941149.299999999813735 ], [ 26159.175, 5941149.299999999813735 ], [ 26159.175, 5941149.375 ], [ 26159.400000000001455, 5941149.375 ], [ 26159.400000000001455, 5941149.450000000186265 ], [ 26159.55, 5941149.450000000186265 ], [ 26159.55, 5941149.525000000372529 ], [ 26159.775000000001455, 5941149.525000000372529 ], [ 26159.775000000001455, 5941149.599999999627471 ], [ 26160.0, 5941149.599999999627471 ], [ 26160.0, 5941149.674999999813735 ], [ 26160.150000000001455, 5941149.674999999813735 ], [ 26160.150000000001455, 5941149.75 ], [ 26160.3, 5941149.75 ], [ 26160.3, 5941149.825000000186265 ], [ 26160.525000000001455, 5941149.825000000186265 ], [ 26160.525000000001455, 5941149.900000000372529 ], [ 26160.675, 5941149.900000000372529 ], [ 26160.675, 5941149.974999999627471 ], [ 26160.75, 5941149.974999999627471 ], [ 26160.75, 5941150.049999999813735 ], [ 26160.900000000001455, 5941150.049999999813735 ], [ 26160.900000000001455, 5941150.125 ], [ 26160.974999999998545, 5941150.125 ], [ 26160.974999999998545, 5941150.200000000186265 ], [ 26161.125, 5941150.200000000186265 ], [ 26161.125, 5941150.275000000372529 ], [ 26161.2, 5941150.275000000372529 ], [ 26161.2, 5941150.349999999627471 ], [ 26161.275000000001455, 5941150.349999999627471 ], [ 26161.275000000001455, 5941150.424999999813735 ], [ 26161.425, 5941150.424999999813735 ], [ 26161.425, 5941150.5 ], [ 26161.5, 5941150.5 ], [ 26161.5, 5941150.575000000186265 ], [ 26161.575, 5941150.575000000186265 ], [ 26161.575, 5941150.650000000372529 ], [ 26161.724999999998545, 5941150.650000000372529 ], [ 26161.724999999998545, 5941150.724999999627471 ], [ 26161.8, 5941150.724999999627471 ], [ 26161.8, 5941150.799999999813735 ], [ 26161.95, 5941150.799999999813735 ], [ 26161.95, 5941150.875 ], [ 26162.025000000001455, 5941150.875 ], [ 26162.025000000001455, 5941150.950000000186265 ], [ 26162.175, 5941150.950000000186265 ], [ 26162.175, 5941151.025000000372529 ], [ 26162.25, 5941151.025000000372529 ], [ 26162.25, 5941151.099999999627471 ], [ 26162.400000000001455, 5941151.099999999627471 ], [ 26162.400000000001455, 5941151.174999999813735 ], [ 26162.55, 5941151.174999999813735 ], [ 26162.55, 5941151.25 ], [ 26162.625, 5941151.25 ], [ 26162.625, 5941151.325000000186265 ], [ 26162.775000000001455, 5941151.325000000186265 ], [ 26162.775000000001455, 5941151.400000000372529 ], [ 26162.849999999998545, 5941151.400000000372529 ], [ 26162.849999999998545, 5941151.474999999627471 ], [ 26163.0, 5941151.474999999627471 ], [ 26163.0, 5941151.549999999813735 ], [ 26163.075, 5941151.549999999813735 ], [ 26163.075, 5941151.625 ], [ 26163.224999999998545, 5941151.625 ], [ 26163.224999999998545, 5941151.700000000186265 ], [ 26163.3, 5941151.700000000186265 ], [ 26163.3, 5941151.775000000372529 ], [ 26163.375, 5941151.775000000372529 ], [ 26163.375, 5941151.849999999627471 ], [ 26163.45, 5941151.849999999627471 ], [ 26163.45, 5941151.924999999813735 ], [ 26163.599999999998545, 5941151.924999999813735 ], [ 26163.599999999998545, 5941152.0 ], [ 26163.675, 5941152.0 ], [ 26163.675, 5941152.075000000186265 ], [ 26163.75, 5941152.075000000186265 ], [ 26163.75, 5941152.150000000372529 ], [ 26163.825, 5941152.150000000372529 ], [ 26163.825, 5941152.224999999627471 ], [ 26163.900000000001455, 5941152.224999999627471 ], [ 26163.900000000001455, 5941152.375 ], [ 26163.974999999998545, 5941152.375 ], [ 26163.974999999998545, 5941152.525000000372529 ], [ 26164.05, 5941152.525000000372529 ], [ 26164.05, 5941152.674999999813735 ], [ 26164.125, 5941152.674999999813735 ], [ 26164.125, 5941152.825000000186265 ], [ 26164.2, 5941152.825000000186265 ], [ 26164.2, 5941152.974999999627471 ], [ 26164.275000000001455, 5941152.974999999627471 ], [ 26164.275000000001455, 5941153.125 ], [ 26164.349999999998545, 5941153.125 ], [ 26164.349999999998545, 5941153.275000000372529 ], [ 26164.425, 5941153.275000000372529 ], [ 26164.425, 5941153.349999999627471 ], [ 26164.5, 5941153.349999999627471 ], [ 26164.5, 5941153.424999999813735 ], [ 26164.575, 5941153.424999999813735 ], [ 26164.575, 5941153.5 ], [ 26164.650000000001455, 5941153.5 ], [ 26164.650000000001455, 5941153.575000000186265 ], [ 26164.724999999998545, 5941153.575000000186265 ], [ 26164.724999999998545, 5941153.875 ], [ 26164.8, 5941153.875 ], [ 26164.8, 5941154.325000000186265 ], [ 26164.724999999998545, 5941154.325000000186265 ], [ 26164.724999999998545, 5941154.625 ], [ 26164.650000000001455, 5941154.625 ], [ 26164.650000000001455, 5941154.924999999813735 ], [ 26164.575, 5941154.924999999813735 ], [ 26164.575, 5941155.224999999627471 ], [ 26164.5, 5941155.224999999627471 ], [ 26164.5, 5941155.525000000372529 ], [ 26164.425, 5941155.525000000372529 ], [ 26164.425, 5941155.900000000372529 ], [ 26164.349999999998545, 5941155.900000000372529 ], [ 26164.349999999998545, 5941156.200000000186265 ], [ 26164.275000000001455, 5941156.200000000186265 ], [ 26164.275000000001455, 5941156.650000000372529 ], [ 26164.2, 5941156.650000000372529 ], [ 26164.2, 5941157.025000000372529 ], [ 26164.125, 5941157.025000000372529 ], [ 26164.125, 5941157.474999999627471 ], [ 26164.05, 5941157.474999999627471 ], [ 26164.05, 5941157.924999999813735 ], [ 26163.974999999998545, 5941157.924999999813735 ], [ 26163.974999999998545, 5941158.450000000186265 ], [ 26163.900000000001455, 5941158.450000000186265 ], [ 26163.900000000001455, 5941158.974999999627471 ], [ 26163.825, 5941158.974999999627471 ], [ 26163.825, 5941159.575000000186265 ], [ 26163.75, 5941159.575000000186265 ], [ 26163.75, 5941160.325000000186265 ], [ 26163.825, 5941160.325000000186265 ], [ 26163.825, 5941160.700000000186265 ], [ 26163.900000000001455, 5941160.700000000186265 ], [ 26163.900000000001455, 5941161.0 ], [ 26163.974999999998545, 5941161.0 ], [ 26163.974999999998545, 5941161.299999999813735 ], [ 26164.05, 5941161.299999999813735 ], [ 26164.05, 5941161.599999999627471 ], [ 26164.125, 5941161.599999999627471 ], [ 26164.125, 5941161.825000000186265 ], [ 26164.2, 5941161.825000000186265 ], [ 26164.2, 5941162.049999999813735 ], [ 26164.275000000001455, 5941162.049999999813735 ], [ 26164.275000000001455, 5941162.125 ], [ 26164.349999999998545, 5941162.125 ], [ 26164.349999999998545, 5941162.275000000372529 ], [ 26164.425, 5941162.275000000372529 ], [ 26164.425, 5941162.349999999627471 ], [ 26164.5, 5941162.349999999627471 ], [ 26164.5, 5941162.424999999813735 ], [ 26164.575, 5941162.424999999813735 ], [ 26164.575, 5941162.5 ], [ 26164.650000000001455, 5941162.5 ], [ 26164.650000000001455, 5941162.575000000186265 ], [ 26164.724999999998545, 5941162.575000000186265 ], [ 26164.724999999998545, 5941162.650000000372529 ], [ 26164.8, 5941162.650000000372529 ], [ 26164.8, 5941162.724999999627471 ], [ 26164.875, 5941162.724999999627471 ], [ 26164.875, 5941162.799999999813735 ], [ 26164.95, 5941162.799999999813735 ], [ 26164.95, 5941162.875 ], [ 26165.025000000001455, 5941162.875 ], [ 26165.025000000001455, 5941162.950000000186265 ], [ 26165.099999999998545, 5941162.950000000186265 ], [ 26165.099999999998545, 5941163.025000000372529 ], [ 26165.175, 5941163.025000000372529 ], [ 26165.175, 5941163.099999999627471 ], [ 26165.25, 5941163.099999999627471 ], [ 26165.25, 5941163.174999999813735 ], [ 26165.325, 5941163.174999999813735 ], [ 26165.325, 5941163.25 ], [ 26165.400000000001455, 5941163.25 ], [ 26165.400000000001455, 5941163.325000000186265 ], [ 26165.474999999998545, 5941163.325000000186265 ], [ 26165.474999999998545, 5941163.474999999627471 ], [ 26165.55, 5941163.474999999627471 ], [ 26165.55, 5941163.549999999813735 ], [ 26165.625, 5941163.549999999813735 ], [ 26165.625, 5941163.625 ], [ 26165.7, 5941163.625 ], [ 26165.7, 5941163.700000000186265 ], [ 26165.775000000001455, 5941163.700000000186265 ], [ 26165.775000000001455, 5941163.775000000372529 ], [ 26165.849999999998545, 5941163.775000000372529 ], [ 26165.849999999998545, 5941163.849999999627471 ], [ 26165.925, 5941163.849999999627471 ], [ 26165.925, 5941163.924999999813735 ], [ 26166.0, 5941163.924999999813735 ], [ 26166.0, 5941164.0 ], [ 26166.075, 5941164.0 ], [ 26166.075, 5941164.075000000186265 ], [ 26166.150000000001455, 5941164.075000000186265 ], [ 26166.150000000001455, 5941164.150000000372529 ], [ 26166.224999999998545, 5941164.150000000372529 ], [ 26166.224999999998545, 5941164.224999999627471 ], [ 26166.3, 5941164.224999999627471 ], [ 26166.3, 5941164.299999999813735 ], [ 26166.375, 5941164.299999999813735 ], [ 26166.375, 5941164.375 ], [ 26166.525000000001455, 5941164.375 ], [ 26166.525000000001455, 5941164.450000000186265 ], [ 26166.675, 5941164.450000000186265 ], [ 26166.675, 5941164.525000000372529 ], [ 26166.75, 5941164.525000000372529 ], [ 26166.75, 5941164.599999999627471 ], [ 26166.900000000001455, 5941164.599999999627471 ], [ 26166.900000000001455, 5941164.674999999813735 ], [ 26167.05, 5941164.674999999813735 ], [ 26167.05, 5941164.75 ], [ 26167.125, 5941164.75 ], [ 26167.125, 5941164.825000000186265 ], [ 26167.275000000001455, 5941164.825000000186265 ], [ 26167.275000000001455, 5941164.900000000372529 ], [ 26167.425, 5941164.900000000372529 ], [ 26167.425, 5941164.974999999627471 ], [ 26167.575, 5941164.974999999627471 ], [ 26167.575, 5941165.049999999813735 ], [ 26167.724999999998545, 5941165.049999999813735 ], [ 26167.724999999998545, 5941165.125 ], [ 26167.875, 5941165.125 ], [ 26167.875, 5941165.200000000186265 ], [ 26168.025000000001455, 5941165.200000000186265 ], [ 26168.025000000001455, 5941165.275000000372529 ], [ 26168.175, 5941165.275000000372529 ], [ 26168.175, 5941165.349999999627471 ], [ 26168.325, 5941165.349999999627471 ], [ 26168.325, 5941165.424999999813735 ], [ 26168.474999999998545, 5941165.424999999813735 ], [ 26168.474999999998545, 5941165.5 ], [ 26168.625, 5941165.5 ], [ 26168.625, 5941165.575000000186265 ], [ 26168.7, 5941165.575000000186265 ], [ 26168.7, 5941165.650000000372529 ], [ 26168.849999999998545, 5941165.650000000372529 ], [ 26168.849999999998545, 5941165.724999999627471 ], [ 26169.0, 5941165.724999999627471 ], [ 26169.0, 5941165.799999999813735 ], [ 26169.075, 5941165.799999999813735 ], [ 26169.075, 5941165.875 ], [ 26169.224999999998545, 5941165.875 ], [ 26169.224999999998545, 5941165.950000000186265 ], [ 26169.3, 5941165.950000000186265 ], [ 26169.3, 5941166.025000000372529 ], [ 26169.45, 5941166.025000000372529 ], [ 26169.45, 5941166.099999999627471 ], [ 26169.599999999998545, 5941166.099999999627471 ], [ 26169.599999999998545, 5941166.174999999813735 ], [ 26169.675, 5941166.174999999813735 ], [ 26169.675, 5941166.25 ], [ 26169.825, 5941166.25 ], [ 26169.825, 5941166.325000000186265 ], [ 26170.05, 5941166.325000000186265 ], [ 26170.05, 5941166.400000000372529 ], [ 26170.2, 5941166.400000000372529 ], [ 26170.2, 5941166.474999999627471 ], [ 26170.575, 5941166.474999999627471 ], [ 26170.575, 5941166.549999999813735 ], [ 26171.325, 5941166.549999999813735 ], [ 26171.325, 5941166.625 ], [ 26172.075, 5941166.625 ], [ 26172.075, 5941166.700000000186265 ], [ 26172.45, 5941166.700000000186265 ], [ 26172.45, 5941166.625 ], [ 26173.2, 5941166.625 ], [ 26173.2, 5941166.549999999813735 ], [ 26173.875, 5941166.549999999813735 ], [ 26173.875, 5941166.474999999627471 ], [ 26174.400000000001455, 5941166.474999999627471 ], [ 26174.400000000001455, 5941166.400000000372529 ], [ 26174.925, 5941166.400000000372529 ], [ 26174.925, 5941166.325000000186265 ], [ 26175.3, 5941166.325000000186265 ], [ 26175.3, 5941166.25 ], [ 26175.75, 5941166.25 ], [ 26175.75, 5941166.174999999813735 ], [ 26176.125, 5941166.174999999813735 ], [ 26176.125, 5941166.099999999627471 ], [ 26176.425, 5941166.099999999627471 ], [ 26176.425, 5941166.025000000372529 ], [ 26176.724999999998545, 5941166.025000000372529 ], [ 26176.724999999998545, 5941165.950000000186265 ], [ 26177.025000000001455, 5941165.950000000186265 ], [ 26177.025000000001455, 5941165.875 ], [ 26177.325, 5941165.875 ], [ 26177.325, 5941165.799999999813735 ], [ 26177.625, 5941165.799999999813735 ], [ 26177.625, 5941165.724999999627471 ], [ 26178.0, 5941165.724999999627471 ], [ 26178.0, 5941165.650000000372529 ], [ 26178.599999999998545, 5941165.650000000372529 ], [ 26178.599999999998545, 5941165.575000000186265 ], [ 26179.5, 5941165.575000000186265 ], [ 26179.5, 5941165.5 ], [ 26182.125, 5941165.5 ], [ 26182.125, 5941165.575000000186265 ], [ 26185.05, 5941165.575000000186265 ], [ 26185.05, 5941165.650000000372529 ], [ 26187.0, 5941165.650000000372529 ], [ 26187.0, 5941165.724999999627471 ], [ 26188.349999999998545, 5941165.724999999627471 ], [ 26188.349999999998545, 5941165.799999999813735 ], [ 26189.25, 5941165.799999999813735 ], [ 26189.25, 5941165.875 ], [ 26190.224999999998545, 5941165.875 ], [ 26190.224999999998545, 5941165.950000000186265 ], [ 26191.125, 5941165.950000000186265 ], [ 26191.125, 5941166.025000000372529 ], [ 26192.099999999998545, 5941166.025000000372529 ], [ 26192.099999999998545, 5941166.099999999627471 ], [ 26193.224999999998545, 5941166.099999999627471 ], [ 26193.224999999998545, 5941166.174999999813735 ], [ 26194.125, 5941166.174999999813735 ], [ 26194.125, 5941166.099999999627471 ], [ 26194.875, 5941166.099999999627471 ], [ 26194.875, 5941166.025000000372529 ], [ 26195.625, 5941166.025000000372529 ], [ 26195.625, 5941165.950000000186265 ], [ 26195.925, 5941165.950000000186265 ], [ 26195.925, 5941165.875 ], [ 26196.150000000001455, 5941165.875 ], [ 26196.150000000001455, 5941165.799999999813735 ], [ 26196.375, 5941165.799999999813735 ], [ 26196.375, 5941165.724999999627471 ], [ 26196.675, 5941165.724999999627471 ], [ 26196.675, 5941165.650000000372529 ], [ 26196.900000000001455, 5941165.650000000372529 ], [ 26196.900000000001455, 5941165.575000000186265 ], [ 26197.2, 5941165.575000000186265 ], [ 26197.2, 5941165.5 ], [ 26197.425, 5941165.5 ], [ 26197.425, 5941165.424999999813735 ], [ 26197.8, 5941165.424999999813735 ], [ 26197.8, 5941165.349999999627471 ], [ 26198.099999999998545, 5941165.349999999627471 ], [ 26198.099999999998545, 5941165.275000000372529 ], [ 26198.474999999998545, 5941165.275000000372529 ], [ 26198.474999999998545, 5941165.200000000186265 ], [ 26198.775000000001455, 5941165.200000000186265 ], [ 26198.775000000001455, 5941165.125 ], [ 26199.150000000001455, 5941165.125 ], [ 26199.150000000001455, 5941165.049999999813735 ], [ 26199.599999999998545, 5941165.049999999813735 ], [ 26199.599999999998545, 5941164.974999999627471 ], [ 26199.974999999998545, 5941164.974999999627471 ], [ 26199.974999999998545, 5941164.900000000372529 ], [ 26200.425, 5941164.900000000372529 ], [ 26200.425, 5941164.825000000186265 ], [ 26200.875, 5941164.825000000186265 ], [ 26200.875, 5941164.75 ], [ 26201.325, 5941164.75 ], [ 26201.325, 5941164.674999999813735 ], [ 26202.0, 5941164.674999999813735 ], [ 26202.0, 5941164.599999999627471 ], [ 26203.2, 5941164.599999999627471 ], [ 26203.2, 5941164.525000000372529 ], [ 26204.099999999998545, 5941164.525000000372529 ], [ 26204.099999999998545, 5941164.599999999627471 ], [ 26206.5, 5941164.599999999627471 ], [ 26206.5, 5941164.674999999813735 ], [ 26209.349999999998545, 5941164.674999999813735 ], [ 26209.349999999998545, 5941164.75 ], [ 26210.025000000001455, 5941164.75 ], [ 26210.025000000001455, 5941164.825000000186265 ], [ 26210.625, 5941164.825000000186265 ], [ 26210.625, 5941164.900000000372529 ], [ 26211.150000000001455, 5941164.900000000372529 ], [ 26211.150000000001455, 5941164.974999999627471 ], [ 26211.45, 5941164.974999999627471 ], [ 26211.45, 5941165.049999999813735 ], [ 26211.675, 5941165.049999999813735 ], [ 26211.675, 5941165.125 ], [ 26211.900000000001455, 5941165.125 ], [ 26211.900000000001455, 5941165.200000000186265 ], [ 26212.05, 5941165.200000000186265 ], [ 26212.05, 5941165.275000000372529 ], [ 26212.2, 5941165.275000000372529 ], [ 26212.2, 5941165.349999999627471 ], [ 26212.349999999998545, 5941165.349999999627471 ], [ 26212.349999999998545, 5941165.424999999813735 ], [ 26212.5, 5941165.424999999813735 ], [ 26212.5, 5941165.5 ], [ 26212.650000000001455, 5941165.5 ], [ 26212.650000000001455, 5941165.575000000186265 ], [ 26212.724999999998545, 5941165.575000000186265 ], [ 26212.724999999998545, 5941165.650000000372529 ], [ 26212.875, 5941165.650000000372529 ], [ 26212.875, 5941165.724999999627471 ], [ 26212.95, 5941165.724999999627471 ], [ 26212.95, 5941165.799999999813735 ], [ 26213.025000000001455, 5941165.799999999813735 ], [ 26213.025000000001455, 5941165.875 ], [ 26213.175, 5941165.875 ], [ 26213.175, 5941165.950000000186265 ], [ 26213.25, 5941165.950000000186265 ], [ 26213.25, 5941166.025000000372529 ], [ 26213.474999999998545, 5941166.025000000372529 ], [ 26213.474999999998545, 5941166.099999999627471 ], [ 26213.625, 5941166.099999999627471 ], [ 26213.625, 5941166.174999999813735 ], [ 26213.775000000001455, 5941166.174999999813735 ], [ 26213.775000000001455, 5941166.25 ], [ 26213.925, 5941166.25 ], [ 26213.925, 5941166.325000000186265 ], [ 26214.075, 5941166.325000000186265 ], [ 26214.075, 5941166.400000000372529 ], [ 26214.3, 5941166.400000000372529 ], [ 26214.3, 5941166.474999999627471 ], [ 26214.45, 5941166.474999999627471 ], [ 26214.45, 5941166.549999999813735 ], [ 26214.599999999998545, 5941166.549999999813735 ], [ 26214.599999999998545, 5941166.625 ], [ 26214.75, 5941166.625 ], [ 26214.75, 5941166.700000000186265 ], [ 26214.900000000001455, 5941166.700000000186265 ], [ 26214.900000000001455, 5941166.775000000372529 ], [ 26215.05, 5941166.775000000372529 ], [ 26215.05, 5941166.849999999627471 ], [ 26215.2, 5941166.849999999627471 ], [ 26215.2, 5941166.924999999813735 ], [ 26215.275000000001455, 5941166.924999999813735 ], [ 26215.275000000001455, 5941167.0 ], [ 26215.425, 5941167.0 ], [ 26215.425, 5941167.075000000186265 ], [ 26215.5, 5941167.075000000186265 ], [ 26215.5, 5941167.150000000372529 ], [ 26215.575, 5941167.150000000372529 ], [ 26215.575, 5941167.224999999627471 ], [ 26215.724999999998545, 5941167.224999999627471 ], [ 26215.724999999998545, 5941167.299999999813735 ], [ 26215.8, 5941167.299999999813735 ], [ 26215.8, 5941167.375 ], [ 26215.875, 5941167.375 ], [ 26215.875, 5941167.450000000186265 ], [ 26215.95, 5941167.450000000186265 ], [ 26215.95, 5941167.525000000372529 ], [ 26216.025000000001455, 5941167.525000000372529 ], [ 26216.025000000001455, 5941167.599999999627471 ], [ 26216.099999999998545, 5941167.599999999627471 ], [ 26216.099999999998545, 5941167.75 ], [ 26216.175, 5941167.75 ], [ 26216.175, 5941167.825000000186265 ], [ 26216.25, 5941167.825000000186265 ], [ 26216.25, 5941167.974999999627471 ], [ 26216.325, 5941167.974999999627471 ], [ 26216.325, 5941168.125 ], [ 26216.400000000001455, 5941168.125 ], [ 26216.400000000001455, 5941168.275000000372529 ], [ 26216.474999999998545, 5941168.275000000372529 ], [ 26216.474999999998545, 5941168.424999999813735 ], [ 26216.55, 5941168.424999999813735 ], [ 26216.55, 5941168.575000000186265 ], [ 26216.625, 5941168.575000000186265 ], [ 26216.625, 5941168.724999999627471 ], [ 26216.7, 5941168.724999999627471 ], [ 26216.7, 5941168.875 ], [ 26216.775000000001455, 5941168.875 ], [ 26216.775000000001455, 5941169.025000000372529 ], [ 26216.849999999998545, 5941169.025000000372529 ], [ 26216.849999999998545, 5941169.174999999813735 ], [ 26216.925, 5941169.174999999813735 ], [ 26216.925, 5941169.325000000186265 ], [ 26217.0, 5941169.325000000186265 ], [ 26217.0, 5941169.474999999627471 ], [ 26217.075, 5941169.474999999627471 ], [ 26217.075, 5941169.625 ], [ 26217.150000000001455, 5941169.625 ], [ 26217.150000000001455, 5941169.849999999627471 ], [ 26217.224999999998545, 5941169.849999999627471 ], [ 26217.224999999998545, 5941170.525000000372529 ], [ 26217.150000000001455, 5941170.525000000372529 ], [ 26217.150000000001455, 5941171.349999999627471 ], [ 26217.075, 5941171.349999999627471 ], [ 26217.075, 5941172.474999999627471 ], [ 26217.0, 5941172.474999999627471 ], [ 26217.0, 5941173.825000000186265 ], [ 26216.925, 5941173.825000000186265 ], [ 26216.925, 5941175.474999999627471 ], [ 26216.849999999998545, 5941175.474999999627471 ], [ 26216.849999999998545, 5941179.075000000186265 ], [ 26216.775000000001455, 5941179.075000000186265 ], [ 26216.775000000001455, 5941184.625 ], [ 26216.849999999998545, 5941184.625 ], [ 26216.849999999998545, 5941185.674999999813735 ], [ 26216.925, 5941185.674999999813735 ], [ 26216.925, 5941186.200000000186265 ], [ 26217.0, 5941186.200000000186265 ], [ 26217.0, 5941186.724999999627471 ], [ 26217.075, 5941186.724999999627471 ], [ 26217.075, 5941187.174999999813735 ], [ 26217.150000000001455, 5941187.174999999813735 ], [ 26217.150000000001455, 5941187.549999999813735 ], [ 26217.224999999998545, 5941187.549999999813735 ], [ 26217.224999999998545, 5941187.924999999813735 ], [ 26217.3, 5941187.924999999813735 ], [ 26217.3, 5941188.224999999627471 ], [ 26217.375, 5941188.224999999627471 ], [ 26217.375, 5941188.599999999627471 ], [ 26217.45, 5941188.599999999627471 ], [ 26217.45, 5941188.900000000372529 ], [ 26217.525000000001455, 5941188.900000000372529 ], [ 26217.525000000001455, 5941189.275000000372529 ], [ 26217.599999999998545, 5941189.275000000372529 ], [ 26217.599999999998545, 5941189.650000000372529 ], [ 26217.675, 5941189.650000000372529 ], [ 26217.675, 5941189.950000000186265 ], [ 26217.75, 5941189.950000000186265 ], [ 26217.75, 5941190.325000000186265 ], [ 26217.825, 5941190.325000000186265 ], [ 26217.825, 5941190.700000000186265 ], [ 26217.900000000001455, 5941190.700000000186265 ], [ 26217.900000000001455, 5941191.075000000186265 ], [ 26217.974999999998545, 5941191.075000000186265 ], [ 26217.974999999998545, 5941191.375 ], [ 26218.05, 5941191.375 ], [ 26218.05, 5941191.674999999813735 ], [ 26218.125, 5941191.674999999813735 ], [ 26218.125, 5941191.974999999627471 ], [ 26218.2, 5941191.974999999627471 ], [ 26218.2, 5941192.275000000372529 ], [ 26218.275000000001455, 5941192.275000000372529 ], [ 26218.275000000001455, 5941192.575000000186265 ], [ 26218.349999999998545, 5941192.575000000186265 ], [ 26218.349999999998545, 5941192.875 ], [ 26218.425, 5941192.875 ], [ 26218.425, 5941193.174999999813735 ], [ 26218.5, 5941193.174999999813735 ], [ 26218.5, 5941193.474999999627471 ], [ 26218.575, 5941193.474999999627471 ], [ 26218.575, 5941193.700000000186265 ], [ 26218.650000000001455, 5941193.700000000186265 ], [ 26218.650000000001455, 5941194.0 ], [ 26218.724999999998545, 5941194.0 ], [ 26218.724999999998545, 5941194.299999999813735 ], [ 26218.8, 5941194.299999999813735 ], [ 26218.8, 5941194.525000000372529 ], [ 26218.875, 5941194.525000000372529 ], [ 26218.875, 5941194.825000000186265 ], [ 26218.95, 5941194.825000000186265 ], [ 26218.95, 5941195.049999999813735 ], [ 26219.025000000001455, 5941195.049999999813735 ], [ 26219.025000000001455, 5941195.349999999627471 ], [ 26219.099999999998545, 5941195.349999999627471 ], [ 26219.099999999998545, 5941195.5 ], [ 26219.175, 5941195.5 ], [ 26219.175, 5941195.650000000372529 ], [ 26219.25, 5941195.650000000372529 ], [ 26219.25, 5941195.799999999813735 ], [ 26219.325, 5941195.799999999813735 ], [ 26219.325, 5941195.950000000186265 ], [ 26219.400000000001455, 5941195.950000000186265 ], [ 26219.400000000001455, 5941196.099999999627471 ], [ 26219.474999999998545, 5941196.099999999627471 ], [ 26219.474999999998545, 5941196.25 ], [ 26219.55, 5941196.25 ], [ 26219.55, 5941196.474999999627471 ], [ 26219.625, 5941196.474999999627471 ], [ 26219.625, 5941196.625 ], [ 26219.7, 5941196.625 ], [ 26219.7, 5941196.849999999627471 ], [ 26219.775000000001455, 5941196.849999999627471 ], [ 26219.775000000001455, 5941197.150000000372529 ], [ 26219.849999999998545, 5941197.150000000372529 ], [ 26219.849999999998545, 5941197.375 ], [ 26219.925, 5941197.375 ], [ 26219.925, 5941197.75 ], [ 26220.0, 5941197.75 ], [ 26220.0, 5941198.049999999813735 ], [ 26220.075, 5941198.049999999813735 ], [ 26220.075, 5941198.424999999813735 ], [ 26220.150000000001455, 5941198.424999999813735 ], [ 26220.150000000001455, 5941198.875 ], [ 26220.224999999998545, 5941198.875 ], [ 26220.224999999998545, 5941199.625 ], [ 26220.3, 5941199.625 ], [ 26220.3, 5941200.599999999627471 ], [ 26220.375, 5941200.599999999627471 ], [ 26220.375, 5941202.700000000186265 ], [ 26220.45, 5941202.700000000186265 ], [ 26220.45, 5941205.924999999813735 ], [ 26220.525000000001455, 5941205.924999999813735 ], [ 26220.525000000001455, 5941211.625 ], [ 26220.599999999998545, 5941211.625 ], [ 26220.599999999998545, 5941215.900000000372529 ], [ 26220.525000000001455, 5941215.900000000372529 ], [ 26220.525000000001455, 5941217.325000000186265 ], [ 26220.45, 5941217.325000000186265 ], [ 26220.45, 5941218.375 ], [ 26220.375, 5941218.375 ], [ 26220.375, 5941219.275000000372529 ], [ 26220.3, 5941219.275000000372529 ], [ 26220.3, 5941220.25 ], [ 26220.224999999998545, 5941220.25 ], [ 26220.224999999998545, 5941221.150000000372529 ], [ 26220.150000000001455, 5941221.150000000372529 ], [ 26220.150000000001455, 5941222.125 ], [ 26220.075, 5941222.125 ], [ 26220.075, 5941222.650000000372529 ], [ 26220.0, 5941222.650000000372529 ], [ 26220.0, 5941222.950000000186265 ], [ 26219.925, 5941222.950000000186265 ], [ 26219.925, 5941223.174999999813735 ], [ 26219.849999999998545, 5941223.174999999813735 ], [ 26219.849999999998545, 5941223.325000000186265 ], [ 26219.775000000001455, 5941223.325000000186265 ], [ 26219.775000000001455, 5941223.549999999813735 ], [ 26219.7, 5941223.549999999813735 ], [ 26219.7, 5941223.700000000186265 ], [ 26219.625, 5941223.700000000186265 ], [ 26219.625, 5941223.924999999813735 ], [ 26219.55, 5941223.924999999813735 ], [ 26219.55, 5941224.075000000186265 ], [ 26219.474999999998545, 5941224.075000000186265 ], [ 26219.474999999998545, 5941224.224999999627471 ], [ 26219.400000000001455, 5941224.224999999627471 ], [ 26219.400000000001455, 5941224.375 ], [ 26219.325, 5941224.375 ], [ 26219.325, 5941224.525000000372529 ], [ 26219.25, 5941224.525000000372529 ], [ 26219.25, 5941224.599999999627471 ], [ 26219.175, 5941224.599999999627471 ], [ 26219.175, 5941224.674999999813735 ], [ 26219.099999999998545, 5941224.674999999813735 ], [ 26219.099999999998545, 5941224.75 ], [ 26218.95, 5941224.75 ], [ 26218.95, 5941224.825000000186265 ], [ 26218.875, 5941224.825000000186265 ], [ 26218.875, 5941224.900000000372529 ], [ 26218.8, 5941224.900000000372529 ], [ 26218.8, 5941224.974999999627471 ], [ 26218.650000000001455, 5941224.974999999627471 ], [ 26218.650000000001455, 5941225.049999999813735 ], [ 26218.575, 5941225.049999999813735 ], [ 26218.575, 5941225.125 ], [ 26218.5, 5941225.125 ], [ 26218.5, 5941225.200000000186265 ], [ 26218.349999999998545, 5941225.200000000186265 ], [ 26218.349999999998545, 5941225.275000000372529 ], [ 26218.275000000001455, 5941225.275000000372529 ], [ 26218.275000000001455, 5941225.349999999627471 ], [ 26218.125, 5941225.349999999627471 ], [ 26218.125, 5941225.424999999813735 ], [ 26217.974999999998545, 5941225.424999999813735 ], [ 26217.974999999998545, 5941225.5 ], [ 26217.900000000001455, 5941225.5 ], [ 26217.900000000001455, 5941225.575000000186265 ], [ 26217.75, 5941225.575000000186265 ], [ 26217.75, 5941225.650000000372529 ], [ 26217.599999999998545, 5941225.650000000372529 ], [ 26217.599999999998545, 5941225.724999999627471 ], [ 26217.525000000001455, 5941225.724999999627471 ], [ 26217.525000000001455, 5941225.799999999813735 ], [ 26217.375, 5941225.799999999813735 ], [ 26217.375, 5941225.875 ], [ 26217.224999999998545, 5941225.875 ], [ 26217.224999999998545, 5941225.950000000186265 ], [ 26217.075, 5941225.950000000186265 ], [ 26217.075, 5941226.025000000372529 ], [ 26216.925, 5941226.025000000372529 ], [ 26216.925, 5941226.099999999627471 ], [ 26216.775000000001455, 5941226.099999999627471 ], [ 26216.775000000001455, 5941226.174999999813735 ], [ 26216.625, 5941226.174999999813735 ], [ 26216.625, 5941226.25 ], [ 26216.474999999998545, 5941226.25 ], [ 26216.474999999998545, 5941226.325000000186265 ], [ 26216.400000000001455, 5941226.325000000186265 ], [ 26216.400000000001455, 5941226.400000000372529 ], [ 26216.25, 5941226.400000000372529 ], [ 26216.25, 5941226.474999999627471 ], [ 26216.175, 5941226.474999999627471 ], [ 26216.175, 5941226.549999999813735 ], [ 26216.099999999998545, 5941226.549999999813735 ], [ 26216.099999999998545, 5941226.625 ], [ 26215.95, 5941226.625 ], [ 26215.95, 5941226.700000000186265 ], [ 26215.875, 5941226.700000000186265 ], [ 26215.875, 5941226.775000000372529 ], [ 26215.724999999998545, 5941226.775000000372529 ], [ 26215.724999999998545, 5941226.849999999627471 ], [ 26215.650000000001455, 5941226.849999999627471 ], [ 26215.650000000001455, 5941226.924999999813735 ], [ 26215.5, 5941226.924999999813735 ], [ 26215.5, 5941227.0 ], [ 26215.349999999998545, 5941227.0 ], [ 26215.349999999998545, 5941227.075000000186265 ], [ 26215.2, 5941227.075000000186265 ], [ 26215.2, 5941227.150000000372529 ], [ 26215.05, 5941227.150000000372529 ], [ 26215.05, 5941227.224999999627471 ], [ 26214.825, 5941227.224999999627471 ], [ 26214.825, 5941227.299999999813735 ], [ 26214.675, 5941227.299999999813735 ], [ 26214.675, 5941227.375 ], [ 26214.525000000001455, 5941227.375 ], [ 26214.525000000001455, 5941227.450000000186265 ], [ 26214.3, 5941227.450000000186265 ], [ 26214.3, 5941227.525000000372529 ], [ 26214.150000000001455, 5941227.525000000372529 ], [ 26214.150000000001455, 5941227.599999999627471 ], [ 26214.0, 5941227.599999999627471 ], [ 26214.0, 5941227.674999999813735 ], [ 26213.775000000001455, 5941227.674999999813735 ], [ 26213.775000000001455, 5941227.75 ], [ 26213.625, 5941227.75 ], [ 26213.625, 5941227.825000000186265 ], [ 26213.400000000001455, 5941227.825000000186265 ], [ 26213.400000000001455, 5941227.900000000372529 ], [ 26213.25, 5941227.900000000372529 ], [ 26213.25, 5941227.974999999627471 ], [ 26213.099999999998545, 5941227.974999999627471 ], [ 26213.099999999998545, 5941228.049999999813735 ], [ 26212.95, 5941228.049999999813735 ], [ 26212.95, 5941228.125 ], [ 26212.875, 5941228.125 ], [ 26212.875, 5941228.200000000186265 ], [ 26212.724999999998545, 5941228.200000000186265 ], [ 26212.724999999998545, 5941228.275000000372529 ], [ 26212.650000000001455, 5941228.275000000372529 ], [ 26212.650000000001455, 5941228.349999999627471 ], [ 26212.5, 5941228.349999999627471 ], [ 26212.5, 5941228.424999999813735 ], [ 26212.425, 5941228.424999999813735 ], [ 26212.425, 5941228.5 ], [ 26212.349999999998545, 5941228.5 ], [ 26212.349999999998545, 5941228.575000000186265 ], [ 26212.2, 5941228.575000000186265 ], [ 26212.2, 5941228.650000000372529 ], [ 26212.125, 5941228.650000000372529 ], [ 26212.125, 5941228.724999999627471 ], [ 26211.974999999998545, 5941228.724999999627471 ], [ 26211.974999999998545, 5941228.799999999813735 ], [ 26211.825, 5941228.799999999813735 ], [ 26211.825, 5941228.875 ], [ 26211.75, 5941228.875 ], [ 26211.75, 5941228.950000000186265 ], [ 26211.599999999998545, 5941228.950000000186265 ], [ 26211.599999999998545, 5941229.025000000372529 ], [ 26211.45, 5941229.025000000372529 ], [ 26211.45, 5941229.099999999627471 ], [ 26211.3, 5941229.099999999627471 ], [ 26211.3, 5941229.174999999813735 ], [ 26211.224999999998545, 5941229.174999999813735 ], [ 26211.224999999998545, 5941229.25 ], [ 26211.075, 5941229.25 ], [ 26211.075, 5941229.325000000186265 ], [ 26211.0, 5941229.325000000186265 ], [ 26211.0, 5941229.400000000372529 ], [ 26210.925, 5941229.400000000372529 ], [ 26210.925, 5941229.474999999627471 ], [ 26210.849999999998545, 5941229.474999999627471 ], [ 26210.849999999998545, 5941229.549999999813735 ], [ 26210.775000000001455, 5941229.549999999813735 ], [ 26210.775000000001455, 5941229.625 ], [ 26210.7, 5941229.625 ], [ 26210.7, 5941229.700000000186265 ], [ 26210.625, 5941229.700000000186265 ], [ 26210.625, 5941229.775000000372529 ], [ 26210.55, 5941229.775000000372529 ], [ 26210.55, 5941229.849999999627471 ], [ 26210.474999999998545, 5941229.849999999627471 ], [ 26210.474999999998545, 5941229.924999999813735 ], [ 26210.400000000001455, 5941229.924999999813735 ], [ 26210.400000000001455, 5941230.0 ], [ 26210.325, 5941230.0 ], [ 26210.325, 5941230.150000000372529 ], [ 26210.25, 5941230.150000000372529 ], [ 26210.25, 5941230.224999999627471 ], [ 26210.175, 5941230.224999999627471 ], [ 26210.175, 5941230.299999999813735 ], [ 26210.099999999998545, 5941230.299999999813735 ], [ 26210.099999999998545, 5941230.525000000372529 ], [ 26210.025000000001455, 5941230.525000000372529 ], [ 26210.025000000001455, 5941230.674999999813735 ], [ 26209.95, 5941230.674999999813735 ], [ 26209.95, 5941230.900000000372529 ], [ 26209.875, 5941230.900000000372529 ], [ 26209.875, 5941231.125 ], [ 26209.8, 5941231.125 ], [ 26209.8, 5941231.275000000372529 ], [ 26209.724999999998545, 5941231.275000000372529 ], [ 26209.724999999998545, 5941231.424999999813735 ], [ 26209.650000000001455, 5941231.424999999813735 ], [ 26209.650000000001455, 5941231.650000000372529 ], [ 26209.575, 5941231.650000000372529 ], [ 26209.575, 5941231.799999999813735 ], [ 26209.5, 5941231.799999999813735 ], [ 26209.5, 5941231.950000000186265 ], [ 26209.425, 5941231.950000000186265 ], [ 26209.425, 5941232.174999999813735 ], [ 26209.349999999998545, 5941232.174999999813735 ], [ 26209.349999999998545, 5941233.075000000186265 ], [ 26209.425, 5941233.075000000186265 ], [ 26209.425, 5941233.825000000186265 ], [ 26209.5, 5941233.825000000186265 ], [ 26209.5, 5941234.650000000372529 ], [ 26209.575, 5941234.650000000372529 ], [ 26209.575, 5941235.625 ], [ 26209.650000000001455, 5941235.625 ], [ 26209.650000000001455, 5941236.75 ], [ 26209.724999999998545, 5941236.75 ], [ 26209.724999999998545, 5941238.025000000372529 ], [ 26209.8, 5941238.025000000372529 ], [ 26209.8, 5941239.674999999813735 ], [ 26209.875, 5941239.674999999813735 ], [ 26209.875, 5941241.400000000372529 ], [ 26209.95, 5941241.400000000372529 ], [ 26209.95, 5941243.275000000372529 ], [ 26210.025000000001455, 5941243.275000000372529 ], [ 26210.025000000001455, 5941245.150000000372529 ], [ 26210.099999999998545, 5941245.150000000372529 ], [ 26210.099999999998545, 5941247.174999999813735 ], [ 26210.175, 5941247.174999999813735 ], [ 26210.175, 5941249.650000000372529 ], [ 26210.25, 5941249.650000000372529 ], [ 26210.25, 5941251.974999999627471 ], [ 26210.325, 5941251.974999999627471 ], [ 26210.325, 5941257.375 ], [ 26210.25, 5941257.375 ], [ 26210.25, 5941259.025000000372529 ], [ 26210.175, 5941259.025000000372529 ], [ 26210.175, 5941260.674999999813735 ], [ 26210.099999999998545, 5941260.674999999813735 ], [ 26210.099999999998545, 5941262.25 ], [ 26210.025000000001455, 5941262.25 ], [ 26210.025000000001455, 5941264.200000000186265 ], [ 26209.95, 5941264.200000000186265 ], [ 26209.95, 5941266.674999999813735 ], [ 26209.875, 5941266.674999999813735 ], [ 26209.875, 5941269.299999999813735 ], [ 26209.8, 5941269.299999999813735 ], [ 26209.8, 5941269.974999999627471 ], [ 26209.724999999998545, 5941269.974999999627471 ], [ 26209.724999999998545, 5941270.575000000186265 ], [ 26209.650000000001455, 5941270.575000000186265 ], [ 26209.650000000001455, 5941271.099999999627471 ], [ 26209.575, 5941271.099999999627471 ], [ 26209.575, 5941271.474999999627471 ], [ 26209.5, 5941271.474999999627471 ], [ 26209.5, 5941271.775000000372529 ], [ 26209.425, 5941271.775000000372529 ], [ 26209.425, 5941272.0 ], [ 26209.349999999998545, 5941272.0 ], [ 26209.349999999998545, 5941272.224999999627471 ], [ 26209.275000000001455, 5941272.224999999627471 ], [ 26209.275000000001455, 5941272.450000000186265 ], [ 26209.2, 5941272.450000000186265 ], [ 26209.2, 5941272.75 ], [ 26209.125, 5941272.75 ], [ 26209.125, 5941273.049999999813735 ], [ 26209.05, 5941273.049999999813735 ], [ 26209.05, 5941273.349999999627471 ], [ 26208.974999999998545, 5941273.349999999627471 ], [ 26208.974999999998545, 5941273.724999999627471 ], [ 26208.900000000001455, 5941273.724999999627471 ], [ 26208.900000000001455, 5941274.099999999627471 ], [ 26208.825, 5941274.099999999627471 ], [ 26208.825, 5941274.549999999813735 ], [ 26208.75, 5941274.549999999813735 ], [ 26208.75, 5941275.0 ], [ 26208.675, 5941275.0 ], [ 26208.675, 5941275.599999999627471 ], [ 26208.599999999998545, 5941275.599999999627471 ], [ 26208.599999999998545, 5941276.200000000186265 ], [ 26208.525000000001455, 5941276.200000000186265 ], [ 26208.525000000001455, 5941276.875 ], [ 26208.45, 5941276.875 ], [ 26208.45, 5941278.0 ], [ 26208.375, 5941278.0 ], [ 26208.375, 5941280.325000000186265 ], [ 26208.3, 5941280.325000000186265 ], [ 26208.3, 5941285.950000000186265 ], [ 26208.375, 5941285.950000000186265 ], [ 26208.375, 5941287.0 ], [ 26208.45, 5941287.0 ], [ 26208.45, 5941287.375 ], [ 26208.525000000001455, 5941287.375 ], [ 26208.525000000001455, 5941287.75 ], [ 26208.599999999998545, 5941287.75 ], [ 26208.599999999998545, 5941288.049999999813735 ], [ 26208.675, 5941288.049999999813735 ], [ 26208.675, 5941288.349999999627471 ], [ 26208.75, 5941288.349999999627471 ], [ 26208.75, 5941288.650000000372529 ], [ 26208.825, 5941288.650000000372529 ], [ 26208.825, 5941288.875 ], [ 26208.900000000001455, 5941288.875 ], [ 26208.900000000001455, 5941289.099999999627471 ], [ 26208.974999999998545, 5941289.099999999627471 ], [ 26208.974999999998545, 5941289.325000000186265 ], [ 26209.05, 5941289.325000000186265 ], [ 26209.05, 5941289.474999999627471 ], [ 26209.125, 5941289.474999999627471 ], [ 26209.125, 5941289.625 ], [ 26209.2, 5941289.625 ], [ 26209.2, 5941289.849999999627471 ], [ 26209.275000000001455, 5941289.849999999627471 ], [ 26209.275000000001455, 5941289.924999999813735 ], [ 26209.349999999998545, 5941289.924999999813735 ], [ 26209.349999999998545, 5941290.075000000186265 ], [ 26209.425, 5941290.075000000186265 ], [ 26209.425, 5941290.224999999627471 ], [ 26209.5, 5941290.224999999627471 ], [ 26209.5, 5941290.375 ], [ 26209.575, 5941290.375 ], [ 26209.575, 5941290.525000000372529 ], [ 26209.650000000001455, 5941290.525000000372529 ], [ 26209.650000000001455, 5941290.674999999813735 ], [ 26209.724999999998545, 5941290.674999999813735 ], [ 26209.724999999998545, 5941290.900000000372529 ], [ 26209.8, 5941290.900000000372529 ], [ 26209.8, 5941291.049999999813735 ], [ 26209.875, 5941291.049999999813735 ], [ 26209.875, 5941291.275000000372529 ], [ 26209.95, 5941291.275000000372529 ], [ 26209.95, 5941291.5 ], [ 26210.025000000001455, 5941291.5 ], [ 26210.025000000001455, 5941291.724999999627471 ], [ 26210.099999999998545, 5941291.724999999627471 ], [ 26210.099999999998545, 5941291.875 ], [ 26210.175, 5941291.875 ], [ 26210.175, 5941292.099999999627471 ], [ 26210.25, 5941292.099999999627471 ], [ 26210.25, 5941292.325000000186265 ], [ 26210.325, 5941292.325000000186265 ], [ 26210.325, 5941292.549999999813735 ], [ 26210.400000000001455, 5941292.549999999813735 ], [ 26210.400000000001455, 5941292.700000000186265 ], [ 26210.474999999998545, 5941292.700000000186265 ], [ 26210.474999999998545, 5941292.924999999813735 ], [ 26210.55, 5941292.924999999813735 ], [ 26210.55, 5941293.075000000186265 ], [ 26210.625, 5941293.075000000186265 ], [ 26210.625, 5941293.299999999813735 ], [ 26210.7, 5941293.299999999813735 ], [ 26210.7, 5941293.450000000186265 ], [ 26210.775000000001455, 5941293.450000000186265 ], [ 26210.775000000001455, 5941293.599999999627471 ], [ 26210.849999999998545, 5941293.599999999627471 ], [ 26210.849999999998545, 5941293.75 ], [ 26210.925, 5941293.75 ], [ 26210.925, 5941293.900000000372529 ], [ 26211.0, 5941293.900000000372529 ], [ 26211.0, 5941293.974999999627471 ], [ 26211.075, 5941293.974999999627471 ], [ 26211.075, 5941294.125 ], [ 26211.150000000001455, 5941294.125 ], [ 26211.150000000001455, 5941294.275000000372529 ], [ 26211.224999999998545, 5941294.275000000372529 ], [ 26211.224999999998545, 5941294.349999999627471 ], [ 26211.3, 5941294.349999999627471 ], [ 26211.3, 5941294.5 ], [ 26211.375, 5941294.5 ], [ 26211.375, 5941294.575000000186265 ], [ 26211.45, 5941294.575000000186265 ], [ 26211.45, 5941294.724999999627471 ], [ 26211.525000000001455, 5941294.724999999627471 ], [ 26211.525000000001455, 5941294.875 ], [ 26211.599999999998545, 5941294.875 ], [ 26211.599999999998545, 5941295.025000000372529 ], [ 26211.675, 5941295.025000000372529 ], [ 26211.675, 5941295.174999999813735 ], [ 26211.75, 5941295.174999999813735 ], [ 26211.75, 5941295.400000000372529 ], [ 26211.825, 5941295.400000000372529 ], [ 26211.825, 5941295.549999999813735 ], [ 26211.900000000001455, 5941295.549999999813735 ], [ 26211.900000000001455, 5941295.700000000186265 ], [ 26211.974999999998545, 5941295.700000000186265 ], [ 26211.974999999998545, 5941295.924999999813735 ], [ 26212.05, 5941295.924999999813735 ], [ 26212.05, 5941296.075000000186265 ], [ 26212.125, 5941296.075000000186265 ], [ 26212.125, 5941296.224999999627471 ], [ 26212.2, 5941296.224999999627471 ], [ 26212.2, 5941296.450000000186265 ], [ 26212.275000000001455, 5941296.450000000186265 ], [ 26212.275000000001455, 5941296.599999999627471 ], [ 26212.349999999998545, 5941296.599999999627471 ], [ 26212.349999999998545, 5941296.825000000186265 ], [ 26212.425, 5941296.825000000186265 ], [ 26212.425, 5941297.049999999813735 ], [ 26212.5, 5941297.049999999813735 ], [ 26212.5, 5941297.200000000186265 ], [ 26212.575, 5941297.200000000186265 ], [ 26212.575, 5941297.349999999627471 ], [ 26212.650000000001455, 5941297.349999999627471 ], [ 26212.650000000001455, 5941297.575000000186265 ], [ 26212.724999999998545, 5941297.575000000186265 ], [ 26212.724999999998545, 5941297.724999999627471 ], [ 26212.8, 5941297.724999999627471 ], [ 26212.8, 5941297.875 ], [ 26212.875, 5941297.875 ], [ 26212.875, 5941298.025000000372529 ], [ 26212.95, 5941298.025000000372529 ], [ 26212.95, 5941298.174999999813735 ], [ 26213.025000000001455, 5941298.174999999813735 ], [ 26213.025000000001455, 5941298.25 ], [ 26213.099999999998545, 5941298.25 ], [ 26213.099999999998545, 5941298.400000000372529 ], [ 26213.175, 5941298.400000000372529 ], [ 26213.175, 5941298.549999999813735 ], [ 26213.25, 5941298.549999999813735 ], [ 26213.25, 5941298.625 ], [ 26213.325, 5941298.625 ], [ 26213.325, 5941298.775000000372529 ], [ 26213.400000000001455, 5941298.775000000372529 ], [ 26213.400000000001455, 5941299.0 ], [ 26213.474999999998545, 5941299.0 ], [ 26213.474999999998545, 5941299.150000000372529 ], [ 26213.55, 5941299.150000000372529 ], [ 26213.55, 5941299.375 ], [ 26213.625, 5941299.375 ], [ 26213.625, 5941299.525000000372529 ], [ 26213.7, 5941299.525000000372529 ], [ 26213.7, 5941299.75 ], [ 26213.775000000001455, 5941299.75 ], [ 26213.775000000001455, 5941299.974999999627471 ], [ 26213.849999999998545, 5941299.974999999627471 ], [ 26213.849999999998545, 5941300.200000000186265 ], [ 26213.925, 5941300.200000000186265 ], [ 26213.925, 5941300.424999999813735 ], [ 26214.0, 5941300.424999999813735 ], [ 26214.0, 5941300.650000000372529 ], [ 26214.075, 5941300.650000000372529 ], [ 26214.075, 5941301.325000000186265 ], [ 26214.150000000001455, 5941301.325000000186265 ], [ 26214.150000000001455, 5941302.075000000186265 ], [ 26214.224999999998545, 5941302.075000000186265 ], [ 26214.224999999998545, 5941303.200000000186265 ], [ 26214.150000000001455, 5941303.200000000186265 ], [ 26214.150000000001455, 5941303.799999999813735 ], [ 26214.075, 5941303.799999999813735 ], [ 26214.075, 5941304.400000000372529 ], [ 26214.0, 5941304.400000000372529 ], [ 26214.0, 5941304.924999999813735 ], [ 26213.925, 5941304.924999999813735 ], [ 26213.925, 5941305.299999999813735 ], [ 26213.849999999998545, 5941305.299999999813735 ], [ 26213.849999999998545, 5941305.674999999813735 ], [ 26213.775000000001455, 5941305.674999999813735 ], [ 26213.775000000001455, 5941305.974999999627471 ], [ 26213.7, 5941305.974999999627471 ], [ 26213.7, 5941306.275000000372529 ], [ 26213.625, 5941306.275000000372529 ], [ 26213.625, 5941306.575000000186265 ], [ 26213.55, 5941306.575000000186265 ], [ 26213.55, 5941306.799999999813735 ], [ 26213.474999999998545, 5941306.799999999813735 ], [ 26213.474999999998545, 5941307.025000000372529 ], [ 26213.400000000001455, 5941307.025000000372529 ], [ 26213.400000000001455, 5941307.25 ], [ 26213.325, 5941307.25 ], [ 26213.325, 5941307.400000000372529 ], [ 26213.25, 5941307.400000000372529 ], [ 26213.25, 5941307.549999999813735 ], [ 26213.175, 5941307.549999999813735 ], [ 26213.175, 5941307.700000000186265 ], [ 26213.099999999998545, 5941307.700000000186265 ], [ 26213.099999999998545, 5941307.849999999627471 ], [ 26213.025000000001455, 5941307.849999999627471 ], [ 26213.025000000001455, 5941308.0 ], [ 26212.95, 5941308.0 ], [ 26212.95, 5941308.075000000186265 ], [ 26212.875, 5941308.075000000186265 ], [ 26212.875, 5941308.224999999627471 ], [ 26212.8, 5941308.224999999627471 ], [ 26212.8, 5941308.375 ], [ 26212.724999999998545, 5941308.375 ], [ 26212.724999999998545, 5941308.525000000372529 ], [ 26212.575, 5941308.525000000372529 ], [ 26212.575, 5941308.599999999627471 ], [ 26212.5, 5941308.599999999627471 ], [ 26212.5, 5941308.674999999813735 ], [ 26212.425, 5941308.674999999813735 ], [ 26212.425, 5941308.75 ], [ 26212.275000000001455, 5941308.75 ], [ 26212.275000000001455, 5941308.825000000186265 ], [ 26212.2, 5941308.825000000186265 ], [ 26212.2, 5941308.900000000372529 ], [ 26212.05, 5941308.900000000372529 ], [ 26212.05, 5941308.974999999627471 ], [ 26211.974999999998545, 5941308.974999999627471 ], [ 26211.974999999998545, 5941309.049999999813735 ], [ 26211.825, 5941309.049999999813735 ], [ 26211.825, 5941309.125 ], [ 26211.675, 5941309.125 ], [ 26211.675, 5941309.200000000186265 ], [ 26211.525000000001455, 5941309.200000000186265 ], [ 26211.525000000001455, 5941309.275000000372529 ], [ 26211.45, 5941309.275000000372529 ], [ 26211.45, 5941309.349999999627471 ], [ 26211.3, 5941309.349999999627471 ], [ 26211.3, 5941309.424999999813735 ], [ 26211.224999999998545, 5941309.424999999813735 ], [ 26211.224999999998545, 5941309.5 ], [ 26211.150000000001455, 5941309.5 ], [ 26211.150000000001455, 5941309.575000000186265 ], [ 26211.0, 5941309.575000000186265 ], [ 26211.0, 5941309.650000000372529 ], [ 26210.925, 5941309.650000000372529 ], [ 26210.925, 5941309.724999999627471 ], [ 26210.849999999998545, 5941309.724999999627471 ], [ 26210.849999999998545, 5941309.799999999813735 ], [ 26210.775000000001455, 5941309.799999999813735 ], [ 26210.775000000001455, 5941309.875 ], [ 26210.7, 5941309.875 ], [ 26210.7, 5941309.950000000186265 ], [ 26210.625, 5941309.950000000186265 ], [ 26210.625, 5941310.025000000372529 ], [ 26210.55, 5941310.025000000372529 ], [ 26210.55, 5941310.174999999813735 ], [ 26210.474999999998545, 5941310.174999999813735 ], [ 26210.474999999998545, 5941310.25 ], [ 26210.400000000001455, 5941310.25 ], [ 26210.400000000001455, 5941310.325000000186265 ], [ 26210.325, 5941310.325000000186265 ], [ 26210.325, 5941310.400000000372529 ], [ 26210.25, 5941310.400000000372529 ], [ 26210.25, 5941310.474999999627471 ], [ 26210.175, 5941310.474999999627471 ], [ 26210.175, 5941310.549999999813735 ], [ 26210.099999999998545, 5941310.549999999813735 ], [ 26210.099999999998545, 5941310.625 ], [ 26210.025000000001455, 5941310.625 ], [ 26210.025000000001455, 5941310.700000000186265 ], [ 26209.95, 5941310.700000000186265 ], [ 26209.95, 5941310.775000000372529 ], [ 26209.875, 5941310.775000000372529 ], [ 26209.875, 5941310.849999999627471 ], [ 26209.724999999998545, 5941310.849999999627471 ], [ 26209.724999999998545, 5941310.924999999813735 ], [ 26209.650000000001455, 5941310.924999999813735 ], [ 26209.650000000001455, 5941311.0 ], [ 26209.5, 5941311.0 ], [ 26209.5, 5941311.075000000186265 ], [ 26209.425, 5941311.075000000186265 ], [ 26209.425, 5941311.150000000372529 ], [ 26209.349999999998545, 5941311.150000000372529 ], [ 26209.349999999998545, 5941311.224999999627471 ], [ 26209.2, 5941311.224999999627471 ], [ 26209.2, 5941311.299999999813735 ], [ 26209.125, 5941311.299999999813735 ], [ 26209.125, 5941311.375 ], [ 26209.05, 5941311.375 ], [ 26209.05, 5941311.450000000186265 ], [ 26208.974999999998545, 5941311.450000000186265 ], [ 26208.974999999998545, 5941311.599999999627471 ], [ 26208.900000000001455, 5941311.599999999627471 ], [ 26208.900000000001455, 5941311.674999999813735 ], [ 26208.825, 5941311.674999999813735 ], [ 26208.825, 5941311.75 ], [ 26208.75, 5941311.75 ], [ 26208.75, 5941311.900000000372529 ], [ 26208.675, 5941311.900000000372529 ], [ 26208.675, 5941311.974999999627471 ], [ 26208.599999999998545, 5941311.974999999627471 ], [ 26208.599999999998545, 5941312.125 ], [ 26208.525000000001455, 5941312.125 ], [ 26208.525000000001455, 5941312.275000000372529 ], [ 26208.45, 5941312.275000000372529 ], [ 26208.45, 5941312.424999999813735 ], [ 26208.375, 5941312.424999999813735 ], [ 26208.375, 5941312.575000000186265 ], [ 26208.3, 5941312.575000000186265 ], [ 26208.3, 5941312.724999999627471 ], [ 26208.224999999998545, 5941312.724999999627471 ], [ 26208.224999999998545, 5941312.875 ], [ 26208.150000000001455, 5941312.875 ], [ 26208.150000000001455, 5941313.025000000372529 ], [ 26208.075, 5941313.025000000372529 ], [ 26208.075, 5941313.174999999813735 ], [ 26208.0, 5941313.174999999813735 ], [ 26208.0, 5941313.325000000186265 ], [ 26207.925, 5941313.325000000186265 ], [ 26207.925, 5941313.474999999627471 ], [ 26207.849999999998545, 5941313.474999999627471 ], [ 26207.849999999998545, 5941313.625 ], [ 26207.775000000001455, 5941313.625 ], [ 26207.775000000001455, 5941313.775000000372529 ], [ 26207.7, 5941313.775000000372529 ], [ 26207.7, 5941313.924999999813735 ], [ 26207.625, 5941313.924999999813735 ], [ 26207.625, 5941314.0 ], [ 26207.55, 5941314.0 ], [ 26207.55, 5941314.150000000372529 ], [ 26207.474999999998545, 5941314.150000000372529 ], [ 26207.474999999998545, 5941314.299999999813735 ], [ 26207.400000000001455, 5941314.299999999813735 ], [ 26207.400000000001455, 5941314.375 ], [ 26207.325, 5941314.375 ], [ 26207.325, 5941314.450000000186265 ], [ 26207.25, 5941314.450000000186265 ], [ 26207.25, 5941314.599999999627471 ], [ 26207.175, 5941314.599999999627471 ], [ 26207.175, 5941314.674999999813735 ], [ 26207.099999999998545, 5941314.674999999813735 ], [ 26207.099999999998545, 5941314.825000000186265 ], [ 26207.025000000001455, 5941314.825000000186265 ], [ 26207.025000000001455, 5941314.974999999627471 ], [ 26206.95, 5941314.974999999627471 ], [ 26206.95, 5941315.125 ], [ 26206.875, 5941315.125 ], [ 26206.875, 5941315.275000000372529 ], [ 26206.8, 5941315.275000000372529 ], [ 26206.8, 5941315.424999999813735 ], [ 26206.724999999998545, 5941315.424999999813735 ], [ 26206.724999999998545, 5941315.650000000372529 ], [ 26206.650000000001455, 5941315.650000000372529 ], [ 26206.650000000001455, 5941315.799999999813735 ], [ 26206.575, 5941315.799999999813735 ], [ 26206.575, 5941316.025000000372529 ], [ 26206.5, 5941316.025000000372529 ], [ 26206.5, 5941316.25 ], [ 26206.425, 5941316.25 ], [ 26206.425, 5941317.525000000372529 ], [ 26206.349999999998545, 5941317.525000000372529 ], [ 26206.349999999998545, 5941318.650000000372529 ], [ 26206.425, 5941318.650000000372529 ], [ 26206.425, 5941319.25 ], [ 26206.5, 5941319.25 ], [ 26206.5, 5941319.849999999627471 ], [ 26206.575, 5941319.849999999627471 ], [ 26206.575, 5941320.375 ], [ 26206.650000000001455, 5941320.375 ], [ 26206.650000000001455, 5941320.75 ], [ 26206.724999999998545, 5941320.75 ], [ 26206.724999999998545, 5941321.125 ], [ 26206.8, 5941321.125 ], [ 26206.8, 5941321.5 ], [ 26206.875, 5941321.5 ], [ 26206.875, 5941321.875 ], [ 26206.95, 5941321.875 ], [ 26206.95, 5941322.174999999813735 ], [ 26207.025000000001455, 5941322.174999999813735 ], [ 26207.025000000001455, 5941322.400000000372529 ], [ 26207.099999999998545, 5941322.400000000372529 ], [ 26207.099999999998545, 5941322.625 ], [ 26207.175, 5941322.625 ], [ 26207.175, 5941322.849999999627471 ], [ 26207.25, 5941322.849999999627471 ], [ 26207.25, 5941323.0 ], [ 26207.325, 5941323.0 ], [ 26207.325, 5941323.224999999627471 ], [ 26207.400000000001455, 5941323.224999999627471 ], [ 26207.400000000001455, 5941323.375 ], [ 26207.474999999998545, 5941323.375 ], [ 26207.474999999998545, 5941323.599999999627471 ], [ 26207.55, 5941323.599999999627471 ], [ 26207.55, 5941323.825000000186265 ], [ 26207.625, 5941323.825000000186265 ], [ 26207.625, 5941324.049999999813735 ], [ 26207.7, 5941324.049999999813735 ], [ 26207.7, 5941324.5 ], [ 26207.775000000001455, 5941324.5 ], [ 26207.775000000001455, 5941325.025000000372529 ], [ 26207.849999999998545, 5941325.025000000372529 ], [ 26207.849999999998545, 5941325.625 ], [ 26207.925, 5941325.625 ], [ 26207.925, 5941329.0 ], [ 26068.875, 5941329.0 ], [ 26068.875, 5941325.849999999627471 ], [ 26068.8, 5941325.849999999627471 ], [ 26068.8, 5941325.474999999627471 ], [ 26068.650000000001455, 5941325.474999999627471 ], [ 26068.650000000001455, 5941325.625 ], [ 26068.575, 5941325.625 ], [ 26068.575, 5941325.775000000372529 ], [ 26068.5, 5941325.775000000372529 ], [ 26068.5, 5941325.924999999813735 ], [ 26068.425, 5941325.924999999813735 ], [ 26068.425, 5941326.075000000186265 ], [ 26068.349999999998545, 5941326.075000000186265 ], [ 26068.349999999998545, 5941329.0 ], [ 26060.625, 5941329.0 ] ], [ [ 26068.650000000001455, 5941239.450000000186265 ], [ 26068.8, 5941239.450000000186265 ], [ 26068.8, 5941239.075000000186265 ], [ 26068.875, 5941239.075000000186265 ], [ 26068.875, 5941238.700000000186265 ], [ 26068.95, 5941238.700000000186265 ], [ 26068.95, 5941238.325000000186265 ], [ 26069.025000000001455, 5941238.325000000186265 ], [ 26069.025000000001455, 5941238.174999999813735 ], [ 26068.95, 5941238.174999999813735 ], [ 26068.95, 5941238.099999999627471 ], [ 26068.875, 5941238.099999999627471 ], [ 26068.875, 5941238.025000000372529 ], [ 26068.8, 5941238.025000000372529 ], [ 26068.8, 5941237.950000000186265 ], [ 26068.5, 5941237.950000000186265 ], [ 26068.5, 5941238.025000000372529 ], [ 26068.125, 5941238.025000000372529 ], [ 26068.125, 5941238.099999999627471 ], [ 26067.75, 5941238.099999999627471 ], [ 26067.75, 5941238.174999999813735 ], [ 26067.675, 5941238.174999999813735 ], [ 26067.675, 5941238.25 ], [ 26067.75, 5941238.25 ], [ 26067.75, 5941238.325000000186265 ], [ 26067.825, 5941238.325000000186265 ], [ 26067.825, 5941238.400000000372529 ], [ 26067.900000000001455, 5941238.400000000372529 ], [ 26067.900000000001455, 5941238.549999999813735 ], [ 26067.974999999998545, 5941238.549999999813735 ], [ 26067.974999999998545, 5941238.625 ], [ 26068.05, 5941238.625 ], [ 26068.05, 5941238.700000000186265 ], [ 26068.125, 5941238.700000000186265 ], [ 26068.125, 5941238.775000000372529 ], [ 26068.2, 5941238.775000000372529 ], [ 26068.2, 5941238.849999999627471 ], [ 26068.275000000001455, 5941238.849999999627471 ], [ 26068.275000000001455, 5941238.924999999813735 ], [ 26068.349999999998545, 5941238.924999999813735 ], [ 26068.349999999998545, 5941239.075000000186265 ], [ 26068.425, 5941239.075000000186265 ], [ 26068.425, 5941239.150000000372529 ], [ 26068.5, 5941239.150000000372529 ], [ 26068.5, 5941239.224999999627471 ], [ 26068.575, 5941239.224999999627471 ], [ 26068.575, 5941239.375 ], [ 26068.650000000001455, 5941239.375 ], [ 26068.650000000001455, 5941239.450000000186265 ] ] ] } },
{ "type": "Feature", "properties": { "value": 1.0, "building_id": 2, "area": 4751.0493749996613 }, "geometry": { "type": "Polygon", "coordinates": [ [ [ 26234.55, 5941043.474999999627471 ], [ 26234.55, 5941043.400000000372529 ], [ 26233.95, 5941043.400000000372529 ], [ 26233.95, 5941043.325000000186265 ], [ 26233.5, 5941043.325000000186265 ], [ 26233.5, 5941043.25 ], [ 26233.125, 5941043.25 ], [ 26233.125, 5941043.174999999813735 ], [ 26232.75, 5941043.174999999813735 ], [ 26232.75, 5941043.099999999627471 ], [ 26232.599999999998545, 5941043.099999999627471 ], [ 26232.599999999998545, 5941043.025000000372529 ], [ 26232.45, 5941043.025000000372529 ], [ 26232.45, 5941042.950000000186265 ], [ 26232.3, 5941042.950000000186265 ], [ 26232.3, 5941042.875 ], [ 26232.150000000001455, 5941042.875 ], [ 26232.150000000001455, 5941042.799999999813735 ], [ 26231.925, 5941042.799999999813735 ], [ 26231.925, 5941042.724999999627471 ], [ 26231.7, 5941042.724999999627471 ], [ 26231.7, 5941042.650000000372529 ], [ 26231.474999999998545, 5941042.650000000372529 ], [ 26231.474999999998545, 5941042.575000000186265 ], [ 26231.25, 5941042.575000000186265 ], [ 26231.25, 5941042.5 ], [ 26231.025000000001455, 5941042.5 ], [ 26231.025000000001455, 5941042.424999999813735 ], [ 26230.875, 5941042.424999999813735 ], [ 26230.875, 5941042.349999999627471 ], [ 26230.724999999998545, 5941042.349999999627471 ], [ 26230.724999999998545, 5941042.275000000372529 ], [ 26230.575, 5941042.275000000372529 ], [ 26230.575, 5941042.200000000186265 ], [ 26230.425, 5941042.200000000186265 ], [ 26230.425, 5941042.125 ], [ 26230.275000000001455, 5941042.125 ], [ 26230.275000000001455, 5941042.049999999813735 ], [ 26230.125, 5941042.049999999813735 ], [ 26230.125, 5941041.974999999627471 ], [ 26229.974999999998545, 5941041.974999999627471 ], [ 26229.974999999998545, 5941041.900000000372529 ], [ 26229.900000000001455, 5941041.900000000372529 ], [ 26229.900000000001455, 5941041.825000000186265 ], [ 26229.75, 5941041.825000000186265 ], [ 26229.75, 5941041.75 ], [ 26229.675, 5941041.75 ], [ 26229.675, 5941041.674999999813735 ], [ 26229.525000000001455, 5941041.674999999813735 ], [ 26229.525000000001455, 5941041.599999999627471 ], [ 26229.45, 5941041.599999999627471 ], [ 26229.45, 5941041.525000000372529 ], [ 26229.3, 5941041.525000000372529 ], [ 26229.3, 5941041.450000000186265 ], [ 26229.224999999998545, 5941041.450000000186265 ], [ 26229.224999999998545, 5941041.375 ], [ 26229.150000000001455, 5941041.375 ], [ 26229.150000000001455, 5941041.299999999813735 ], [ 26229.075, 5941041.299999999813735 ], [ 26229.075, 5941041.224999999627471 ], [ 26229.0, 5941041.224999999627471 ], [ 26229.0, 5941041.150000000372529 ], [ 26228.925, 5941041.150000000372529 ], [ 26228.925, 5941041.075000000186265 ], [ 26228.849999999998545, 5941041.075000000186265 ], [ 26228.849999999998545, 5941041.0 ], [ 26228.775000000001455, 5941041.0 ], [ 26228.775000000001455, 5941040.924999999813735 ], [ 26228.7, 5941040.924999999813735 ], [ 26228.7, 5941040.849999999627471 ], [ 26228.625, 5941040.849999999627471 ], [ 26228.625, 5941040.775000000372529 ], [ 26228.55, 5941040.775000000372529 ], [ 26228.55, 5941040.700000000186265 ], [ 26228.474999999998545, 5941040.700000000186265 ], [ 26228.474999999998545, 5941040.625 ], [ 26228.400000000001455, 5941040.625 ], [ 26228.400000000001455, 5941040.549999999813735 ], [ 26228.325, 5941040.549999999813735 ], [ 26228.325, 5941040.474999999627471 ], [ 26228.25, 5941040.474999999627471 ], [ 26228.25, 5941040.400000000372529 ], [ 26228.175, 5941040.400000000372529 ], [ 26228.175, 5941040.25 ], [ 26228.099999999998545, 5941040.25 ], [ 26228.099999999998545, 5941040.174999999813735 ], [ 26228.025000000001455, 5941040.174999999813735 ], [ 26228.025000000001455, 5941040.099999999627471 ], [ 26227.95, 5941040.099999999627471 ], [ 26227.95, 5941039.950000000186265 ], [ 26227.875, 5941039.950000000186265 ], [ 26227.875, 5941039.875 ], [ 26227.8, 5941039.875 ], [ 26227.8, 5941039.724999999627471 ], [ 26227.724999999998545, 5941039.724999999627471 ], [ 26227.724999999998545, 5941039.650000000372529 ], [ 26227.650000000001455, 5941039.650000000372529 ], [ 26227.650000000001455, 5941039.5 ], [ 26227.575, 5941039.5 ], [ 26227.575, 5941039.424999999813735 ], [ 26227.5, 5941039.424999999813735 ], [ 26227.5, 5941039.275000000372529 ], [ 26227.425, 5941039.275000000372529 ], [ 26227.425, 5941039.125 ], [ 26227.349999999998545, 5941039.125 ], [ 26227.349999999998545, 5941038.974999999627471 ], [ 26227.275000000001455, 5941038.974999999627471 ], [ 26227.275000000001455, 5941038.825000000186265 ], [ 26227.2, 5941038.825000000186265 ], [ 26227.2, 5941038.75 ], [ 26227.125, 5941038.75 ], [ 26227.125, 5941038.599999999627471 ], [ 26227.05, 5941038.599999999627471 ], [ 26227.05, 5941038.525000000372529 ], [ 26226.974999999998545, 5941038.525000000372529 ], [ 26226.974999999998545, 5941038.375 ], [ 26226.900000000001455, 5941038.375 ], [ 26226.900000000001455, 5941038.299999999813735 ], [ 26226.825, 5941038.299999999813735 ], [ 26226.825, 5941038.224999999627471 ], [ 26226.75, 5941038.224999999627471 ], [ 26226.75, 5941038.150000000372529 ], [ 26226.675, 5941038.150000000372529 ], [ 26226.675, 5941038.0 ], [ 26226.599999999998545, 5941038.0 ], [ 26226.599999999998545, 5941037.924999999813735 ], [ 26226.525000000001455, 5941037.924999999813735 ], [ 26226.525000000001455, 5941037.775000000372529 ], [ 26226.45, 5941037.775000000372529 ], [ 26226.45, 5941037.700000000186265 ], [ 26226.375, 5941037.700000000186265 ], [ 26226.375, 5941037.549999999813735 ], [ 26226.3, 5941037.549999999813735 ], [ 26226.3, 5941037.400000000372529 ], [ 26226.224999999998545, 5941037.400000000372529 ], [ 26226.224999999998545, 5941037.25 ], [ 26226.150000000001455, 5941037.25 ], [ 26226.150000000001455, 5941037.099999999627471 ], [ 26226.075, 5941037.099999999627471 ], [ 26226.075, 5941036.799999999813735 ], [ 26226.0, 5941036.799999999813735 ], [ 26226.0, 5941036.349999999627471 ], [ 26225.925, 5941036.349999999627471 ], [ 26225.925, 5941035.900000000372529 ], [ 26225.849999999998545, 5941035.900000000372529 ], [ 26225.849999999998545, 5941035.450000000186265 ], [ 26225.775000000001455, 5941035.450000000186265 ], [ 26225.775000000001455, 5941033.200000000186265 ], [ 26225.849999999998545, 5941033.200000000186265 ], [ 26225.849999999998545, 5941031.25 ], [ 26225.925, 5941031.25 ], [ 26225.925, 5941029.224999999627471 ], [ 26226.0, 5941029.224999999627471 ], [ 26226.0, 5941027.275000000372529 ], [ 26226.075, 5941027.275000000372529 ], [ 26226.075, 5941025.025000000372529 ], [ 26226.150000000001455, 5941025.025000000372529 ], [ 26226.150000000001455, 5941022.625 ], [ 26226.224999999998545, 5941022.625 ], [ 26226.224999999998545, 5941018.724999999627471 ], [ 26226.150000000001455, 5941018.724999999627471 ], [ 26226.150000000001455, 5941016.700000000186265 ], [ 26226.075, 5941016.700000000186265 ], [ 26226.075, 5941014.525000000372529 ], [ 26226.0, 5941014.525000000372529 ], [ 26226.0, 5940999.599999999627471 ], [ 26225.925, 5940999.599999999627471 ], [ 26225.925, 5940995.174999999813735 ], [ 26225.849999999998545, 5940995.174999999813735 ], [ 26225.849999999998545, 5940993.075000000186265 ], [ 26225.775000000001455, 5940993.075000000186265 ], [ 26225.775000000001455, 5940991.125 ], [ 26225.7, 5940991.125 ], [ 26225.7, 5940989.025000000372529 ], [ 26225.625, 5940989.025000000372529 ], [ 26225.625, 5940984.900000000372529 ], [ 26225.55, 5940984.900000000372529 ], [ 26225.55, 5940979.275000000372529 ], [ 26225.625, 5940979.275000000372529 ], [ 26225.625, 5940976.125 ], [ 26225.7, 5940976.125 ], [ 26225.7, 5940965.25 ], [ 26225.625, 5940965.25 ], [ 26225.625, 5940963.974999999627471 ], [ 26225.55, 5940963.974999999627471 ], [ 26225.55, 5940963.0 ], [ 26225.474999999998545, 5940963.0 ], [ 26225.474999999998545, 5940962.025000000372529 ], [ 26225.400000000001455, 5940962.025000000372529 ], [ 26225.400000000001455, 5940961.200000000186265 ], [ 26225.325, 5940961.200000000186265 ], [ 26225.325, 5940960.375 ], [ 26225.25, 5940960.375 ], [ 26225.25, 5940959.625 ], [ 26225.175, 5940959.625 ], [ 26225.175, 5940958.950000000186265 ], [ 26225.099999999998545, 5940958.950000000186265 ], [ 26225.099999999998545, 5940957.674999999813735 ], [ 26225.175, 5940957.674999999813735 ], [ 26225.175, 5940956.325000000186265 ], [ 26225.25, 5940956.325000000186265 ], [ 26225.25, 5940955.575000000186265 ], [ 26225.325, 5940955.575000000186265 ], [ 26225.325, 5940954.825000000186265 ], [ 26225.400000000001455, 5940954.825000000186265 ], [ 26225.400000000001455, 5940954.0 ], [ 26225.474999999998545, 5940954.0 ], [ 26225.474999999998545, 5940953.025000000372529 ], [ 26225.55, 5940953.025000000372529 ], [ 26225.55, 5940952.049999999813735 ], [ 26225.625, 5940952.049999999813735 ], [ 26225.625, 5940950.700000000186265 ], [ 26225.7, 5940950.700000000186265 ], [ 26225.7, 5940946.349999999627471 ], [ 26225.625, 5940946.349999999627471 ], [ 26225.625, 5940942.525000000372529 ], [ 26225.55, 5940942.525000000372529 ], [ 26225.55, 5940941.099999999627471 ], [ 26225.474999999998545, 5940941.099999999627471 ], [ 26225.474999999998545, 5940940.275000000372529 ], [ 26225.400000000001455, 5940940.275000000372529 ], [ 26225.400000000001455, 5940939.450000000186265 ], [ 26225.325, 5940939.450000000186265 ], [ 26225.325, 5940938.700000000186265 ], [ 26225.25, 5940938.700000000186265 ], [ 26225.25, 5940937.950000000186265 ], [ 26225.175, 5940937.950000000186265 ], [ 26225.175, 5940937.275000000372529 ], [ 26225.099999999998545, 5940937.275000000372529 ], [ 26225.099999999998545, 5940936.599999999627471 ], [ 26225.025000000001455, 5940936.599999999627471 ], [ 26225.025000000001455, 5940936.0 ], [ 26224.95, 5940936.0 ], [ 26224.95, 5940935.549999999813735 ], [ 26224.875, 5940935.549999999813735 ], [ 26224.875, 5940935.400000000372529 ], [ 26224.95, 5940935.400000000372529 ], [ 26224.95, 5940935.174999999813735 ], [ 26225.025000000001455, 5940935.174999999813735 ], [ 26225.025000000001455, 5940934.950000000186265 ], [ 26225.099999999998545, 5940934.950000000186265 ], [ 26225.099999999998545, 5940934.650000000372529 ], [ 26225.175, 5940934.650000000372529 ], [ 26225.175, 5940934.349999999627471 ], [ 26225.25, 5940934.349999999627471 ], [ 26225.25, 5940933.974999999627471 ], [ 26225.325, 5940933.974999999627471 ], [ 26225.325, 5940933.674999999813735 ], [ 26225.400000000001455, 5940933.674999999813735 ], [ 26225.400000000001455, 5940933.375 ], [ 26225.474999999998545, 5940933.375 ], [ 26225.474999999998545, 5940933.224999999627471 ], [ 26225.55, 5940933.224999999627471 ], [ 26225.55, 5940933.075000000186265 ], [ 26225.625, 5940933.075000000186265 ], [ 26225.625, 5940932.924999999813735 ], [ 26225.7, 5940932.924999999813735 ], [ 26225.7, 5940932.775000000372529 ], [ 26225.775000000001455, 5940932.775000000372529 ], [ 26225.775000000001455, 5940932.625 ], [ 26225.849999999998545, 5940932.625 ], [ 26225.849999999998545, 5940932.474999999627471 ], [ 26225.925, 5940932.474999999627471 ], [ 26225.925, 5940932.325000000186265 ], [ 26226.0, 5940932.325000000186265 ], [ 26226.0, 5940932.174999999813735 ], [ 26226.075, 5940932.174999999813735 ], [ 26226.075, 5940932.099999999627471 ], [ 26226.150000000001455, 5940932.099999999627471 ], [ 26226.150000000001455, 5940931.950000000186265 ], [ 26226.224999999998545, 5940931.950000000186265 ], [ 26226.224999999998545, 5940931.875 ], [ 26226.3, 5940931.875 ], [ 26226.3, 5940931.724999999627471 ], [ 26226.375, 5940931.724999999627471 ], [ 26226.375, 5940931.650000000372529 ], [ 26226.45, 5940931.650000000372529 ], [ 26226.45, 5940931.575000000186265 ], [ 26226.525000000001455, 5940931.575000000186265 ], [ 26226.525000000001455, 5940931.424999999813735 ], [ 26226.599999999998545, 5940931.424999999813735 ], [ 26226.599999999998545, 5940931.349999999627471 ], [ 26226.675, 5940931.349999999627471 ], [ 26226.675, 5940931.275000000372529 ], [ 26226.75, 5940931.275000000372529 ], [ 26226.75, 5940931.125 ], [ 26226.825, 5940931.125 ], [ 26226.825, 5940931.049999999813735 ], [ 26226.900000000001455, 5940931.049999999813735 ], [ 26226.900000000001455, 5940930.974999999627471 ], [ 26226.974999999998545, 5940930.974999999627471 ], [ 26226.974999999998545, 5940930.900000000372529 ], [ 26227.05, 5940930.900000000372529 ], [ 26227.05, 5940930.825000000186265 ], [ 26227.125, 5940930.825000000186265 ], [ 26227.125, 5940930.75 ], [ 26227.2, 5940930.75 ], [ 26227.2, 5940930.599999999627471 ], [ 26227.275000000001455, 5940930.599999999627471 ], [ 26227.275000000001455, 5940930.525000000372529 ], [ 26227.349999999998545, 5940930.525000000372529 ], [ 26227.349999999998545, 5940930.450000000186265 ], [ 26227.425, 5940930.450000000186265 ], [ 26227.425, 5940930.375 ], [ 26227.5, 5940930.375 ], [ 26227.5, 5940930.299999999813735 ], [ 26227.575, 5940930.299999999813735 ], [ 26227.575, 5940930.224999999627471 ], [ 26227.650000000001455, 5940930.224999999627471 ], [ 26227.650000000001455, 5940930.150000000372529 ], [ 26227.724999999998545, 5940930.150000000372529 ], [ 26227.724999999998545, 5940930.075000000186265 ], [ 26227.8, 5940930.075000000186265 ], [ 26227.8, 5940930.0 ], [ 26227.875, 5940930.0 ], [ 26227.875, 5940929.924999999813735 ], [ 26227.95, 5940929.924999999813735 ], [ 26227.95, 5940929.849999999627471 ], [ 26228.025000000001455, 5940929.849999999627471 ], [ 26228.025000000001455, 5940929.775000000372529 ], [ 26228.099999999998545, 5940929.775000000372529 ], [ 26228.099999999998545, 5940929.700000000186265 ], [ 26228.175, 5940929.700000000186265 ], [ 26228.175, 5940929.625 ], [ 26228.325, 5940929.625 ], [ 26228.325, 5940929.474999999627471 ], [ 26228.474999999998545, 5940929.474999999627471 ], [ 26228.474999999998545, 5940929.400000000372529 ], [ 26228.55, 5940929.400000000372529 ], [ 26228.55, 5940929.325000000186265 ], [ 26228.625, 5940929.325000000186265 ], [ 26228.625, 5940929.25 ], [ 26228.7, 5940929.25 ], [ 26228.7, 5940929.174999999813735 ], [ 26228.775000000001455, 5940929.174999999813735 ], [ 26228.775000000001455, 5940929.099999999627471 ], [ 26228.925, 5940929.099999999627471 ], [ 26228.925, 5940929.025000000372529 ], [ 26229.0, 5940929.025000000372529 ], [ 26229.0, 5940928.950000000186265 ], [ 26229.150000000001455, 5940928.950000000186265 ], [ 26229.150000000001455, 5940928.875 ], [ 26229.224999999998545, 5940928.875 ], [ 26229.224999999998545, 5940928.799999999813735 ], [ 26229.375, 5940928.799999999813735 ], [ 26229.375, 5940928.724999999627471 ], [ 26229.525000000001455, 5940928.724999999627471 ], [ 26229.525000000001455, 5940928.650000000372529 ], [ 26229.675, 5940928.650000000372529 ], [ 26229.675, 5940928.575000000186265 ], [ 26229.825, 5940928.575000000186265 ], [ 26229.825, 5940928.5 ], [ 26229.974999999998545, 5940928.5 ], [ 26229.974999999998545, 5940928.424999999813735 ], [ 26230.2, 5940928.424999999813735 ], [ 26230.2, 5940928.349999999627471 ], [ 26230.425, 5940928.349999999627471 ], [ 26230.425, 5940928.275000000372529 ], [ 26230.650000000001455, 5940928.275000000372529 ], [ 26230.650000000001455, 5940928.200000000186265 ], [ 26230.95, 5940928.200000000186265 ], [ 26230.95, 5940928.125 ], [ 26231.25, 5940928.125 ], [ 26231.25, 5940928.049999999813735 ], [ 26231.474999999998545, 5940928.049999999813735 ], [ 26231.474999999998545, 5940927.974999999627471 ], [ 26231.775000000001455, 5940927.974999999627471 ], [ 26231.775000000001455, 5940927.900000000372529 ], [ 26232.0, 5940927.900000000372529 ], [ 26232.0, 5940927.825000000186265 ], [ 26232.3, 5940927.825000000186265 ], [ 26232.3, 5940927.75 ], [ 26232.525000000001455, 5940927.75 ], [ 26232.525000000001455, 5940927.674999999813735 ], [ 26232.75, 5940927.674999999813735 ], [ 26232.75, 5940927.599999999627471 ], [ 26233.05, 5940927.599999999627471 ], [ 26233.05, 5940927.525000000372529 ], [ 26233.349999999998545, 5940927.525000000372529 ], [ 26233.349999999998545, 5940927.450000000186265 ], [ 26233.650000000001455, 5940927.450000000186265 ], [ 26233.650000000001455, 5940927.375 ], [ 26234.025000000001455, 5940927.375 ], [ 26234.025000000001455, 5940927.299999999813735 ], [ 26234.400000000001455, 5940927.299999999813735 ], [ 26234.400000000001455, 5940927.224999999627471 ], [ 26236.05, 5940927.224999999627471 ], [ 26236.05, 5940927.299999999813735 ], [ 26237.474999999998545, 5940927.299999999813735 ], [ 26237.474999999998545, 5940927.375 ], [ 26238.45, 5940927.375 ], [ 26238.45, 5940927.450000000186265 ], [ 26239.2, 5940927.450000000186265 ], [ 26239.2, 5940927.525000000372529 ], [ 26239.875, 5940927.525000000372529 ], [ 26239.875, 5940927.599999999627471 ], [ 26240.55, 5940927.599999999627471 ], [ 26240.55, 5940927.674999999813735 ], [ 26242.125, 5940927.674999999813735 ], [ 26242.125, 5940927.75 ], [ 26245.425, 5940927.75 ], [ 26245.425, 5940927.825000000186265 ], [ 26249.7, 5940927.825000000186265 ], [ 26249.7, 5940927.900000000372529 ], [ 26256.3, 5940927.900000000372529 ], [ 26256.3, 5940927.974999999627471 ], [ 26258.7, 5940927.974999999627471 ], [ 26258.7, 5940928.049999999813735 ], [ 26260.125, 5940928.049999999813735 ], [ 26260.125, 5940928.125 ], [ 26261.175, 5940928.125 ], [ 26261.175, 5940928.200000000186265 ], [ 26262.075, 5940928.200000000186265 ], [ 26262.075, 5940928.275000000372529 ], [ 26262.75, 5940928.275000000372529 ], [ 26262.75, 5940928.349999999627471 ], [ 26263.425, 5940928.349999999627471 ], [ 26263.425, 5940928.424999999813735 ], [ 26263.95, 5940928.424999999813735 ], [ 26263.95, 5940928.5 ], [ 26264.175, 5940928.5 ], [ 26264.175, 5940928.575000000186265 ], [ 26264.325, 5940928.575000000186265 ], [ 26264.325, 5940928.650000000372529 ], [ 26264.474999999998545, 5940928.650000000372529 ], [ 26264.474999999998545, 5940928.724999999627471 ], [ 26264.625, 5940928.724999999627471 ], [ 26264.625, 5940928.799999999813735 ], [ 26264.7, 5940928.799999999813735 ], [ 26264.7, 5940928.875 ], [ 26264.849999999998545, 5940928.875 ], [ 26264.849999999998545, 5940928.950000000186265 ], [ 26264.925, 5940928.950000000186265 ], [ 26264.925, 5940929.025000000372529 ], [ 26265.075, 5940929.025000000372529 ], [ 26265.075, 5940929.099999999627471 ], [ 26265.150000000001455, 5940929.099999999627471 ], [ 26265.150000000001455, 5940929.174999999813735 ], [ 26265.224999999998545, 5940929.174999999813735 ], [ 26265.224999999998545, 5940929.25 ], [ 26265.3, 5940929.25 ], [ 26265.3, 5940929.325000000186265 ], [ 26265.375, 5940929.325000000186265 ], [ 26265.375, 5940929.400000000372529 ], [ 26265.525000000001455, 5940929.400000000372529 ], [ 26265.525000000001455, 5940929.474999999627471 ], [ 26265.599999999998545, 5940929.474999999627471 ], [ 26265.599999999998545, 5940929.549999999813735 ], [ 26265.675, 5940929.549999999813735 ], [ 26265.675, 5940929.625 ], [ 26265.75, 5940929.625 ], [ 26265.75, 5940929.700000000186265 ], [ 26265.825, 5940929.700000000186265 ], [ 26265.825, 5940929.775000000372529 ], [ 26265.900000000001455, 5940929.775000000372529 ], [ 26265.900000000001455, 5940929.849999999627471 ], [ 26265.974999999998545, 5940929.849999999627471 ], [ 26265.974999999998545, 5940929.924999999813735 ], [ 26266.05, 5940929.924999999813735 ], [ 26266.05, 5940930.0 ], [ 26266.125, 5940930.0 ], [ 26266.125, 5940930.075000000186265 ], [ 26266.2, 5940930.075000000186265 ], [ 26266.2, 5940930.150000000372529 ], [ 26266.275000000001455, 5940930.150000000372529 ], [ 26266.275000000001455, 5940930.299999999813735 ], [ 26266.349999999998545, 5940930.299999999813735 ], [ 26266.349999999998545, 5940930.375 ], [ 26266.425, 5940930.375 ], [ 26266.425, 5940930.525000000372529 ], [ 26266.5, 5940930.525000000372529 ], [ 26266.5, 5940930.599999999627471 ], [ 26266.575, 5940930.599999999627471 ], [ 26266.575, 5940930.75 ], [ 26266.650000000001455, 5940930.75 ], [ 26266.650000000001455, 5940930.825000000186265 ], [ 26266.724999999998545, 5940930.825000000186265 ], [ 26266.724999999998545, 5940930.974999999627471 ], [ 26266.8, 5940930.974999999627471 ], [ 26266.8, 5940931.125 ], [ 26266.875, 5940931.125 ], [ 26266.875, 5940931.275000000372529 ], [ 26266.95, 5940931.275000000372529 ], [ 26266.95, 5940931.5 ], [ 26267.025000000001455, 5940931.5 ], [ 26267.025000000001455, 5940931.650000000372529 ], [ 26267.099999999998545, 5940931.650000000372529 ], [ 26267.099999999998545, 5940931.950000000186265 ], [ 26267.175, 5940931.950000000186265 ], [ 26267.175, 5940932.174999999813735 ], [ 26267.25, 5940932.174999999813735 ], [ 26267.25, 5940932.400000000372529 ], [ 26267.325, 5940932.400000000372529 ], [ 26267.325, 5940932.625 ], [ 26267.400000000001455, 5940932.625 ], [ 26267.400000000001455, 5940932.924999999813735 ], [ 26267.474999999998545, 5940932.924999999813735 ], [ 26267.474999999998545, 5940933.150000000372529 ], [ 26267.55, 5940933.150000000372529 ], [ 26267.55, 5940933.375 ], [ 26267.625, 5940933.375 ], [ 26267.625, 5940933.825000000186265 ], [ 26267.7, 5940933.825000000186265 ], [ 26267.7, 5940934.424999999813735 ], [ 26267.775000000001455, 5940934.424999999813735 ], [ 26267.775000000001455, 5940934.875 ], [ 26267.849999999998545, 5940934.875 ], [ 26267.849999999998545, 5940935.400000000372529 ], [ 26267.925, 5940935.400000000372529 ], [ 26267.925, 5940935.549999999813735 ], [ 26267.849999999998545, 5940935.549999999813735 ], [ 26267.849999999998545, 5940936.525000000372529 ], [ 26267.775000000001455, 5940936.525000000372529 ], [ 26267.775000000001455, 5940937.575000000186265 ], [ 26267.7, 5940937.575000000186265 ], [ 26267.7, 5940938.849999999627471 ], [ 26267.625, 5940938.849999999627471 ], [ 26267.625, 5940940.349999999627471 ], [ 26267.55, 5940940.349999999627471 ], [ 26267.55, 5940942.674999999813735 ], [ 26267.474999999998545, 5940942.674999999813735 ], [ 26267.474999999998545, 5940949.049999999813735 ], [ 26267.400000000001455, 5940949.049999999813735 ], [ 26267.400000000001455, 5940949.349999999627471 ], [ 26267.474999999998545, 5940949.349999999627471 ], [ 26267.474999999998545, 5940953.924999999813735 ], [ 26267.55, 5940953.924999999813735 ], [ 26267.55, 5940956.099999999627471 ], [ 26267.625, 5940956.099999999627471 ], [ 26267.625, 5940958.650000000372529 ], [ 26267.7, 5940958.650000000372529 ], [ 26267.7, 5940967.875 ], [ 26267.775000000001455, 5940967.875 ], [ 26267.775000000001455, 5940973.724999999627471 ], [ 26267.7, 5940973.724999999627471 ], [ 26267.7, 5940975.599999999627471 ], [ 26267.625, 5940975.599999999627471 ], [ 26267.625, 5940976.650000000372529 ], [ 26267.55, 5940976.650000000372529 ], [ 26267.55, 5940977.625 ], [ 26267.474999999998545, 5940977.625 ], [ 26267.474999999998545, 5940978.674999999813735 ], [ 26267.400000000001455, 5940978.674999999813735 ], [ 26267.400000000001455, 5940979.650000000372529 ], [ 26267.325, 5940979.650000000372529 ], [ 26267.325, 5940980.849999999627471 ], [ 26267.25, 5940980.849999999627471 ], [ 26267.25, 5940983.474999999627471 ], [ 26267.175, 5940983.474999999627471 ], [ 26267.175, 5940989.700000000186265 ], [ 26267.25, 5940989.700000000186265 ], [ 26267.25, 5940991.049999999813735 ], [ 26267.325, 5940991.049999999813735 ], [ 26267.325, 5940992.174999999813735 ], [ 26267.400000000001455, 5940992.174999999813735 ], [ 26267.400000000001455, 5940993.299999999813735 ], [ 26267.474999999998545, 5940993.299999999813735 ], [ 26267.474999999998545, 5940994.424999999813735 ], [ 26267.55, 5940994.424999999813735 ], [ 26267.55, 5940995.474999999627471 ], [ 26267.625, 5940995.474999999627471 ], [ 26267.625, 5940996.974999999627471 ], [ 26267.7, 5940996.974999999627471 ], [ 26267.7, 5941005.375 ], [ 26267.625, 5941005.375 ], [ 26267.625, 5941013.625 ], [ 26267.55, 5941013.625 ], [ 26267.55, 5941015.950000000186265 ], [ 26267.474999999998545, 5941015.950000000186265 ], [ 26267.474999999998545, 5941018.200000000186265 ], [ 26267.400000000001455, 5941018.200000000186265 ], [ 26267.400000000001455, 5941026.525000000372529 ], [ 26267.474999999998545, 5941026.525000000372529 ], [ 26267.474999999998545, 5941029.599999999627471 ], [ 26267.55, 5941029.599999999627471 ], [ 26267.55, 5941030.275000000372529 ], [ 26267.474999999998545, 5941030.275000000372529 ], [ 26267.474999999998545, 5941030.875 ], [ 26267.400000000001455, 5941030.875 ], [ 26267.400000000001455, 5941031.474999999627471 ], [ 26267.325, 5941031.474999999627471 ], [ 26267.325, 5941031.924999999813735 ], [ 26267.25, 5941031.924999999813735 ], [ 26267.25, 5941032.450000000186265 ], [ 26267.175, 5941032.450000000186265 ], [ 26267.175, 5941032.900000000372529 ], [ 26267.099999999998545, 5941032.900000000372529 ], [ 26267.099999999998545, 5941033.349999999627471 ], [ 26267.025000000001455, 5941033.349999999627471 ], [ 26267.025000000001455, 5941033.724999999627471 ], [ 26266.95, 5941033.724999999627471 ], [ 26266.95, 5941034.174999999813735 ], [ 26266.875, 5941034.174999999813735 ], [ 26266.875, 5941034.549999999813735 ], [ 26266.8, 5941034.549999999813735 ], [ 26266.8, 5941034.924999999813735 ], [ 26266.724999999998545, 5941034.924999999813735 ], [ 26266.724999999998545, 5941035.224999999627471 ], [ 26266.650000000001455, 5941035.224999999627471 ], [ 26266.650000000001455, 5941035.450000000186265 ], [ 26266.575, 5941035.450000000186265 ], [ 26266.575, 5941035.599999999627471 ], [ 26266.5, 5941035.599999999627471 ], [ 26266.5, 5941035.825000000186265 ], [ 26266.425, 5941035.825000000186265 ], [ 26266.425, 5941036.049999999813735 ], [ 26266.349999999998545, 5941036.049999999813735 ], [ 26266.349999999998545, 5941036.200000000186265 ], [ 26266.275000000001455, 5941036.200000000186265 ], [ 26266.275000000001455, 5941036.349999999627471 ], [ 26266.2, 5941036.349999999627471 ], [ 26266.2, 5941036.575000000186265 ], [ 26266.125, 5941036.575000000186265 ], [ 26266.125, 5941036.724999999627471 ], [ 26266.05, 5941036.724999999627471 ], [ 26266.05, 5941036.875 ], [ 26265.974999999998545, 5941036.875 ], [ 26265.974999999998545, 5941037.025000000372529 ], [ 26265.900000000001455, 5941037.025000000372529 ], [ 26265.900000000001455, 5941037.174999999813735 ], [ 26265.825, 5941037.174999999813735 ], [ 26265.825, 5941037.325000000186265 ], [ 26265.75, 5941037.325000000186265 ], [ 26265.75, 5941037.474999999627471 ], [ 26265.675, 5941037.474999999627471 ], [ 26265.675, 5941037.625 ], [ 26265.599999999998545, 5941037.625 ], [ 26265.599999999998545, 5941037.775000000372529 ], [ 26265.525000000001455, 5941037.775000000372529 ], [ 26265.525000000001455, 5941037.924999999813735 ], [ 26265.45, 5941037.924999999813735 ], [ 26265.45, 5941038.0 ], [ 26265.375, 5941038.0 ], [ 26265.375, 5941038.150000000372529 ], [ 26265.3, 5941038.150000000372529 ], [ 26265.3, 5941038.299999999813735 ], [ 26265.224999999998545, 5941038.299999999813735 ], [ 26265.224999999998545, 5941038.450000000186265 ], [ 26265.150000000001455, 5941038.450000000186265 ], [ 26265.150000000001455, 5941038.599999999627471 ], [ 26265.075, 5941038.599999999627471 ], [ 26265.075, 5941038.75 ], [ 26265.0, 5941038.75 ], [ 26265.0, 5941038.900000000372529 ], [ 26264.925, 5941038.900000000372529 ], [ 26264.925, 5941039.049999999813735 ], [ 26264.849999999998545, 5941039.049999999813735 ], [ 26264.849999999998545, 5941039.125 ], [ 26264.775000000001455, 5941039.125 ], [ 26264.775000000001455, 5941039.275000000372529 ], [ 26264.7, 5941039.275000000372529 ], [ 26264.7, 5941039.349999999627471 ], [ 26264.625, 5941039.349999999627471 ], [ 26264.625, 5941039.5 ], [ 26264.55, 5941039.5 ], [ 26264.55, 5941039.575000000186265 ], [ 26264.474999999998545, 5941039.575000000186265 ], [ 26264.474999999998545, 5941039.650000000372529 ], [ 26264.400000000001455, 5941039.650000000372529 ], [ 26264.400000000001455, 5941039.724999999627471 ], [ 26264.325, 5941039.724999999627471 ], [ 26264.325, 5941039.799999999813735 ], [ 26264.25, 5941039.799999999813735 ], [ 26264.25, 5941039.875 ], [ 26264.175, 5941039.875 ], [ 26264.175, 5941039.950000000186265 ], [ 26264.099999999998545, 5941039.950000000186265 ], [ 26264.099999999998545, 5941040.025000000372529 ], [ 26264.025000000001455, 5941040.025000000372529 ], [ 26264.025000000001455, 5941040.099999999627471 ], [ 26263.95, 5941040.099999999627471 ], [ 26263.95, 5941040.174999999813735 ], [ 26263.875, 5941040.174999999813735 ], [ 26263.875, 5941040.25 ], [ 26263.8, 5941040.25 ], [ 26263.8, 5941040.325000000186265 ], [ 26263.650000000001455, 5941040.325000000186265 ], [ 26263.650000000001455, 5941040.400000000372529 ], [ 26263.575, 5941040.400000000372529 ], [ 26263.575, 5941040.474999999627471 ], [ 26263.5, 5941040.474999999627471 ], [ 26263.5, 5941040.549999999813735 ], [ 26263.425, 5941040.549999999813735 ], [ 26263.425, 5941040.625 ], [ 26263.349999999998545, 5941040.625 ], [ 26263.349999999998545, 5941040.700000000186265 ], [ 26263.2, 5941040.700000000186265 ], [ 26263.2, 5941040.775000000372529 ], [ 26263.125, 5941040.775000000372529 ], [ 26263.125, 5941040.849999999627471 ], [ 26263.05, 5941040.849999999627471 ], [ 26263.05, 5941040.924999999813735 ], [ 26262.974999999998545, 5941040.924999999813735 ], [ 26262.974999999998545, 5941041.0 ], [ 26262.900000000001455, 5941041.0 ], [ 26262.900000000001455, 5941041.075000000186265 ], [ 26262.75, 5941041.075000000186265 ], [ 26262.75, 5941041.150000000372529 ], [ 26262.675, 5941041.150000000372529 ], [ 26262.675, 5941041.224999999627471 ], [ 26262.525000000001455, 5941041.224999999627471 ], [ 26262.525000000001455, 5941041.299999999813735 ], [ 26262.375, 5941041.299999999813735 ], [ 26262.375, 5941041.375 ], [ 26262.3, 5941041.375 ], [ 26262.3, 5941041.450000000186265 ], [ 26262.150000000001455, 5941041.450000000186265 ], [ 26262.150000000001455, 5941041.525000000372529 ], [ 26261.925, 5941041.525000000372529 ], [ 26261.925, 5941041.599999999627471 ], [ 26261.775000000001455, 5941041.599999999627471 ], [ 26261.775000000001455, 5941041.674999999813735 ], [ 26261.55, 5941041.674999999813735 ], [ 26261.55, 5941041.75 ], [ 26261.325, 5941041.75 ], [ 26261.325, 5941041.825000000186265 ], [ 26261.175, 5941041.825000000186265 ], [ 26261.175, 5941041.900000000372529 ], [ 26260.875, 5941041.900000000372529 ], [ 26260.875, 5941041.974999999627471 ], [ 26260.650000000001455, 5941041.974999999627471 ], [ 26260.650000000001455, 5941042.049999999813735 ], [ 26260.425, 5941042.049999999813735 ], [ 26260.425, 5941042.125 ], [ 26260.125, 5941042.125 ], [ 26260.125, 5941042.200000000186265 ], [ 26259.825, 5941042.200000000186265 ], [ 26259.825, 5941042.275000000372529 ], [ 26259.525000000001455, 5941042.275000000372529 ], [ 26259.525000000001455, 5941042.349999999627471 ], [ 26259.224999999998545, 5941042.349999999627471 ], [ 26259.224999999998545, 5941042.424999999813735 ], [ 26258.925, 5941042.424999999813735 ], [ 26258.925, 5941042.5 ], [ 26258.625, 5941042.5 ], [ 26258.625, 5941042.575000000186265 ], [ 26258.325, 5941042.575000000186265 ], [ 26258.325, 5941042.650000000372529 ], [ 26257.8, 5941042.650000000372529 ], [ 26257.8, 5941042.724999999627471 ], [ 26257.125, 5941042.724999999627471 ], [ 26257.125, 5941042.799999999813735 ], [ 26256.375, 5941042.799999999813735 ], [ 26256.375, 5941042.875 ], [ 26255.925, 5941042.875 ], [ 26255.925, 5941042.799999999813735 ], [ 26254.724999999998545, 5941042.799999999813735 ], [ 26254.724999999998545, 5941042.724999999627471 ], [ 26253.375, 5941042.724999999627471 ], [ 26253.375, 5941042.650000000372529 ], [ 26251.95, 5941042.650000000372529 ], [ 26251.95, 5941042.575000000186265 ], [ 26247.3, 5941042.575000000186265 ], [ 26247.3, 5941042.650000000372529 ], [ 26245.95, 5941042.650000000372529 ], [ 26245.95, 5941042.724999999627471 ], [ 26244.75, 5941042.724999999627471 ], [ 26244.75, 5941042.799999999813735 ], [ 26243.625, 5941042.799999999813735 ], [ 26243.625, 5941042.875 ], [ 26242.575, 5941042.875 ], [ 26242.575, 5941042.950000000186265 ], [ 26241.599999999998545, 5941042.950000000186265 ], [ 26241.599999999998545, 5941043.025000000372529 ], [ 26240.625, 5941043.025000000372529 ], [ 26240.625, 5941043.099999999627471 ], [ 26239.650000000001455, 5941043.099999999627471 ], [ 26239.650000000001455, 5941043.174999999813735 ], [ 26238.599999999998545, 5941043.174999999813735 ], [ 26238.599999999998545, 5941043.25 ], [ 26237.474999999998545, 5941043.25 ], [ 26237.474999999998545, 5941043.325000000186265 ], [ 26236.349999999998545, 5941043.325000000186265 ], [ 26236.349999999998545, 5941043.400000000372529 ], [ 26235.224999999998545, 5941043.400000000372529 ], [ 26235.224999999998545, 5941043.474999999627471 ], [ 26234.55, 5941043.474999999627471 ] ] ] } },
{ "type": "Feature", "properties": { "value": 1.0, "building_id": 3, "area": 1440.7875000051713 }, "geometry": { "type": "Polygon", "coordinates": [ [ [ 26115.075, 5940956.025000000372529 ], [ 26115.075, 5940955.950000000186265 ], [ 26113.875, 5940955.950000000186265 ], [ 26113.875, 5940955.875 ], [ 26112.675, 5940955.875 ], [ 26112.675, 5940955.799999999813735 ], [ 26111.400000000001455, 5940955.799999999813735 ], [ 26111.400000000001455, 5940955.724999999627471 ], [ 26110.125, 5940955.724999999627471 ], [ 26110.125, 5940955.650000000372529 ], [ 26108.625, 5940955.650000000372529 ], [ 26108.625, 5940955.575000000186265 ], [ 26106.599999999998545, 5940955.575000000186265 ], [ 26106.599999999998545, 5940955.5 ], [ 26104.349999999998545, 5940955.5 ], [ 26104.349999999998545, 5940955.424999999813735 ], [ 26102.325, 5940955.424999999813735 ], [ 26102.325, 5940955.349999999627471 ], [ 26098.724999999998545, 5940955.349999999627471 ], [ 26098.724999999998545, 5940955.275000000372529 ], [ 26086.125, 5940955.275000000372529 ], [ 26086.125, 5940955.200000000186265 ], [ 26085.825, 5940955.200000000186265 ], [ 26085.825, 5940955.125 ], [ 26085.525000000001455, 5940955.125 ], [ 26085.525000000001455, 5940955.049999999813735 ], [ 26085.3, 5940955.049999999813735 ], [ 26085.3, 5940954.974999999627471 ], [ 26085.075, 5940954.974999999627471 ], [ 26085.075, 5940954.900000000372529 ], [ 26084.849999999998545, 5940954.900000000372529 ], [ 26084.849999999998545, 5940954.825000000186265 ], [ 26084.7, 5940954.825000000186265 ], [ 26084.7, 5940954.75 ], [ 26084.474999999998545, 5940954.75 ], [ 26084.474999999998545, 5940954.674999999813735 ], [ 26084.325, 5940954.674999999813735 ], [ 26084.325, 5940954.599999999627471 ], [ 26084.175, 5940954.599999999627471 ], [ 26084.175, 5940954.525000000372529 ], [ 26084.099999999998545, 5940954.525000000372529 ], [ 26084.099999999998545, 5940954.450000000186265 ], [ 26084.025000000001455, 5940954.450000000186265 ], [ 26084.025000000001455, 5940954.375 ], [ 26083.875, 5940954.375 ], [ 26083.875, 5940954.299999999813735 ], [ 26083.8, 5940954.299999999813735 ], [ 26083.8, 5940954.224999999627471 ], [ 26083.724999999998545, 5940954.224999999627471 ], [ 26083.724999999998545, 5940954.150000000372529 ], [ 26083.575, 5940954.150000000372529 ], [ 26083.575, 5940954.075000000186265 ], [ 26083.5, 5940954.075000000186265 ], [ 26083.5, 5940954.0 ], [ 26083.425, 5940954.0 ], [ 26083.425, 5940953.924999999813735 ], [ 26083.349999999998545, 5940953.924999999813735 ], [ 26083.349999999998545, 5940953.849999999627471 ], [ 26083.2, 5940953.849999999627471 ], [ 26083.2, 5940953.775000000372529 ], [ 26083.125, 5940953.775000000372529 ], [ 26083.125, 5940953.700000000186265 ], [ 26083.05, 5940953.700000000186265 ], [ 26083.05, 5940953.625 ], [ 26082.974999999998545, 5940953.625 ], [ 26082.974999999998545, 5940953.549999999813735 ], [ 26082.900000000001455, 5940953.549999999813735 ], [ 26082.900000000001455, 5940953.474999999627471 ], [ 26082.825, 5940953.474999999627471 ], [ 26082.825, 5940953.400000000372529 ], [ 26082.675, 5940953.400000000372529 ], [ 26082.675, 5940953.325000000186265 ], [ 26082.599999999998545, 5940953.325000000186265 ], [ 26082.599999999998545, 5940953.25 ], [ 26082.525000000001455, 5940953.25 ], [ 26082.525000000001455, 5940953.174999999813735 ], [ 26082.45, 5940953.174999999813735 ], [ 26082.45, 5940953.099999999627471 ], [ 26082.375, 5940953.099999999627471 ], [ 26082.375, 5940953.025000000372529 ], [ 26082.3, 5940953.025000000372529 ], [ 26082.3, 5940952.875 ], [ 26082.224999999998545, 5940952.875 ], [ 26082.224999999998545, 5940952.799999999813735 ], [ 26082.150000000001455, 5940952.799999999813735 ], [ 26082.150000000001455, 5940952.724999999627471 ], [ 26082.075, 5940952.724999999627471 ], [ 26082.075, 5940952.650000000372529 ], [ 26082.0, 5940952.650000000372529 ], [ 26082.0, 5940952.5 ], [ 26081.925, 5940952.5 ], [ 26081.925, 5940952.424999999813735 ], [ 26081.849999999998545, 5940952.424999999813735 ], [ 26081.849999999998545, 5940952.349999999627471 ], [ 26081.775000000001455, 5940952.349999999627471 ], [ 26081.775000000001455, 5940952.200000000186265 ], [ 26081.7, 5940952.200000000186265 ], [ 26081.7, 5940952.125 ], [ 26081.625, 5940952.125 ], [ 26081.625, 5940951.974999999627471 ], [ 26081.55, 5940951.974999999627471 ], [ 26081.55, 5940951.900000000372529 ], [ 26081.474999999998545, 5940951.900000000372529 ], [ 26081.474999999998545, 5940951.75 ], [ 26081.400000000001455, 5940951.75 ], [ 26081.400000000001455, 5940951.674999999813735 ], [ 26081.325, 5940951.674999999813735 ], [ 26081.325, 5940951.525000000372529 ], [ 26081.25, 5940951.525000000372529 ], [ 26081.25, 5940951.450000000186265 ], [ 26081.175, 5940951.450000000186265 ], [ 26081.175, 5940951.299999999813735 ], [ 26081.099999999998545, 5940951.299999999813735 ], [ 26081.099999999998545, 5940951.224999999627471 ], [ 26081.025000000001455, 5940951.224999999627471 ], [ 26081.025000000001455, 5940951.075000000186265 ], [ 26080.95, 5940951.075000000186265 ], [ 26080.95, 5940950.924999999813735 ], [ 26080.875, 5940950.924999999813735 ], [ 26080.875, 5940950.775000000372529 ], [ 26080.8, 5940950.775000000372529 ], [ 26080.8, 5940950.625 ], [ 26080.724999999998545, 5940950.625 ], [ 26080.724999999998545, 5940950.474999999627471 ], [ 26080.650000000001455, 5940950.474999999627471 ], [ 26080.650000000001455, 5940950.325000000186265 ], [ 26080.575, 5940950.325000000186265 ], [ 26080.575, 5940950.174999999813735 ], [ 26080.5, 5940950.174999999813735 ], [ 26080.5, 5940950.025000000372529 ], [ 26080.425, 5940950.025000000372529 ], [ 26080.425, 5940949.875 ], [ 26080.349999999998545, 5940949.875 ], [ 26080.349999999998545, 5940949.724999999627471 ], [ 26080.275000000001455, 5940949.724999999627471 ], [ 26080.275000000001455, 5940949.575000000186265 ], [ 26080.2, 5940949.575000000186265 ], [ 26080.2, 5940949.424999999813735 ], [ 26080.125, 5940949.424999999813735 ], [ 26080.125, 5940949.200000000186265 ], [ 26080.05, 5940949.200000000186265 ], [ 26080.05, 5940948.974999999627471 ], [ 26079.974999999998545, 5940948.974999999627471 ], [ 26079.974999999998545, 5940948.75 ], [ 26079.900000000001455, 5940948.75 ], [ 26079.900000000001455, 5940948.525000000372529 ], [ 26079.825, 5940948.525000000372529 ], [ 26079.825, 5940948.299999999813735 ], [ 26079.75, 5940948.299999999813735 ], [ 26079.75, 5940948.0 ], [ 26079.675, 5940948.0 ], [ 26079.675, 5940947.775000000372529 ], [ 26079.599999999998545, 5940947.775000000372529 ], [ 26079.599999999998545, 5940947.549999999813735 ], [ 26079.525000000001455, 5940947.549999999813735 ], [ 26079.525000000001455, 5940947.325000000186265 ], [ 26079.45, 5940947.325000000186265 ], [ 26079.45, 5940947.099999999627471 ], [ 26079.375, 5940947.099999999627471 ], [ 26079.375, 5940946.799999999813735 ], [ 26079.3, 5940946.799999999813735 ], [ 26079.3, 5940946.575000000186265 ], [ 26079.224999999998545, 5940946.575000000186265 ], [ 26079.224999999998545, 5940946.349999999627471 ], [ 26079.150000000001455, 5940946.349999999627471 ], [ 26079.150000000001455, 5940946.125 ], [ 26079.075, 5940946.125 ], [ 26079.075, 5940945.900000000372529 ], [ 26079.0, 5940945.900000000372529 ], [ 26079.0, 5940945.674999999813735 ], [ 26078.925, 5940945.674999999813735 ], [ 26078.925, 5940945.450000000186265 ], [ 26078.849999999998545, 5940945.450000000186265 ], [ 26078.849999999998545, 5940945.224999999627471 ], [ 26078.775000000001455, 5940945.224999999627471 ], [ 26078.775000000001455, 5940945.0 ], [ 26078.7, 5940945.0 ], [ 26078.7, 5940944.775000000372529 ], [ 26078.625, 5940944.775000000372529 ], [ 26078.625, 5940944.549999999813735 ], [ 26078.55, 5940944.549999999813735 ], [ 26078.55, 5940944.400000000372529 ], [ 26078.474999999998545, 5940944.400000000372529 ], [ 26078.474999999998545, 5940944.174999999813735 ], [ 26078.400000000001455, 5940944.174999999813735 ], [ 26078.400000000001455, 5940944.025000000372529 ], [ 26078.325, 5940944.025000000372529 ], [ 26078.325, 5940943.799999999813735 ], [ 26078.25, 5940943.799999999813735 ], [ 26078.25, 5940943.575000000186265 ], [ 26078.175, 5940943.575000000186265 ], [ 26078.175, 5940943.424999999813735 ], [ 26078.099999999998545, 5940943.424999999813735 ], [ 26078.099999999998545, 5940943.125 ], [ 26078.025000000001455, 5940943.125 ], [ 26078.025000000001455, 5940942.599999999627471 ], [ 26077.95, 5940942.599999999627471 ], [ 26077.95, 5940942.075000000186265 ], [ 26077.875, 5940942.075000000186265 ], [ 26077.875, 5940941.549999999813735 ], [ 26077.8, 5940941.549999999813735 ], [ 26077.8, 5940939.674999999813735 ], [ 26077.875, 5940939.674999999813735 ], [ 26077.875, 5940936.974999999627471 ], [ 26077.95, 5940936.974999999627471 ], [ 26077.95, 5940935.325000000186265 ], [ 26078.025000000001455, 5940935.325000000186265 ], [ 26078.025000000001455, 5940934.875 ], [ 26078.099999999998545, 5940934.875 ], [ 26078.099999999998545, 5940934.5 ], [ 26078.175, 5940934.5 ], [ 26078.175, 5940934.125 ], [ 26078.25, 5940934.125 ], [ 26078.25, 5940933.75 ], [ 26078.325, 5940933.75 ], [ 26078.325, 5940933.450000000186265 ], [ 26078.400000000001455, 5940933.450000000186265 ], [ 26078.400000000001455, 5940933.224999999627471 ], [ 26078.474999999998545, 5940933.224999999627471 ], [ 26078.474999999998545, 5940933.075000000186265 ], [ 26078.55, 5940933.075000000186265 ], [ 26078.55, 5940932.849999999627471 ], [ 26078.625, 5940932.849999999627471 ], [ 26078.625, 5940932.625 ], [ 26078.7, 5940932.625 ], [ 26078.7, 5940932.325000000186265 ], [ 26078.775000000001455, 5940932.325000000186265 ], [ 26078.775000000001455, 5940932.099999999627471 ], [ 26078.849999999998545, 5940932.099999999627471 ], [ 26078.849999999998545, 5940931.875 ], [ 26078.925, 5940931.875 ], [ 26078.925, 5940931.650000000372529 ], [ 26079.0, 5940931.650000000372529 ], [ 26079.0, 5940931.349999999627471 ], [ 26079.075, 5940931.349999999627471 ], [ 26079.075, 5940931.125 ], [ 26079.150000000001455, 5940931.125 ], [ 26079.150000000001455, 5940930.900000000372529 ], [ 26079.224999999998545, 5940930.900000000372529 ], [ 26079.224999999998545, 5940930.674999999813735 ], [ 26079.3, 5940930.674999999813735 ], [ 26079.3, 5940930.450000000186265 ], [ 26079.375, 5940930.450000000186265 ], [ 26079.375, 5940930.224999999627471 ], [ 26079.45, 5940930.224999999627471 ], [ 26079.45, 5940930.0 ], [ 26079.525000000001455, 5940930.0 ], [ 26079.525000000001455, 5940929.775000000372529 ], [ 26079.599999999998545, 5940929.775000000372529 ], [ 26079.599999999998545, 5940929.549999999813735 ], [ 26079.675, 5940929.549999999813735 ], [ 26079.675, 5940929.325000000186265 ], [ 26079.75, 5940929.325000000186265 ], [ 26079.75, 5940929.099999999627471 ], [ 26079.825, 5940929.099999999627471 ], [ 26079.825, 5940928.875 ], [ 26079.900000000001455, 5940928.875 ], [ 26079.900000000001455, 5940928.724999999627471 ], [ 26079.974999999998545, 5940928.724999999627471 ], [ 26079.974999999998545, 5940928.5 ], [ 26080.05, 5940928.5 ], [ 26080.05, 5940928.349999999627471 ], [ 26080.125, 5940928.349999999627471 ], [ 26080.125, 5940928.125 ], [ 26080.2, 5940928.125 ], [ 26080.2, 5940927.974999999627471 ], [ 26080.275000000001455, 5940927.974999999627471 ], [ 26080.275000000001455, 5940927.75 ], [ 26080.349999999998545, 5940927.75 ], [ 26080.349999999998545, 5940927.599999999627471 ], [ 26080.425, 5940927.599999999627471 ], [ 26080.425, 5940927.450000000186265 ], [ 26080.5, 5940927.450000000186265 ], [ 26080.5, 5940927.299999999813735 ], [ 26080.575, 5940927.299999999813735 ], [ 26080.575, 5940927.150000000372529 ], [ 26080.650000000001455, 5940927.150000000372529 ], [ 26080.650000000001455, 5940927.0 ], [ 26080.724999999998545, 5940927.0 ], [ 26080.724999999998545, 5940926.924999999813735 ], [ 26080.8, 5940926.924999999813735 ], [ 26080.8, 5940926.775000000372529 ], [ 26080.875, 5940926.775000000372529 ], [ 26080.875, 5940926.625 ], [ 26080.95, 5940926.625 ], [ 26080.95, 5940926.474999999627471 ], [ 26081.025000000001455, 5940926.474999999627471 ], [ 26081.025000000001455, 5940926.325000000186265 ], [ 26081.099999999998545, 5940926.325000000186265 ], [ 26081.099999999998545, 5940926.174999999813735 ], [ 26081.175, 5940926.174999999813735 ], [ 26081.175, 5940926.025000000372529 ], [ 26081.25, 5940926.025000000372529 ], [ 26081.25, 5940925.875 ], [ 26081.325, 5940925.875 ], [ 26081.325, 5940925.724999999627471 ], [ 26081.400000000001455, 5940925.724999999627471 ], [ 26081.400000000001455, 5940925.575000000186265 ], [ 26081.474999999998545, 5940925.575000000186265 ], [ 26081.474999999998545, 5940925.5 ], [ 26081.55, 5940925.5 ], [ 26081.55, 5940925.349999999627471 ], [ 26081.625, 5940925.349999999627471 ], [ 26081.625, 5940925.200000000186265 ], [ 26081.7, 5940925.200000000186265 ], [ 26081.7, 5940925.049999999813735 ], [ 26081.775000000001455, 5940925.049999999813735 ], [ 26081.775000000001455, 5940924.900000000372529 ], [ 26081.849999999998545, 5940924.900000000372529 ], [ 26081.849999999998545, 5940924.825000000186265 ], [ 26081.925, 5940924.825000000186265 ], [ 26081.925, 5940924.674999999813735 ], [ 26082.0, 5940924.674999999813735 ], [ 26082.0, 5940924.525000000372529 ], [ 26082.075, 5940924.525000000372529 ], [ 26082.075, 5940924.450000000186265 ], [ 26082.150000000001455, 5940924.450000000186265 ], [ 26082.150000000001455, 5940924.299999999813735 ], [ 26082.224999999998545, 5940924.299999999813735 ], [ 26082.224999999998545, 5940924.150000000372529 ], [ 26082.3, 5940924.150000000372529 ], [ 26082.3, 5940924.075000000186265 ], [ 26082.375, 5940924.075000000186265 ], [ 26082.375, 5940923.924999999813735 ], [ 26082.45, 5940923.924999999813735 ], [ 26082.45, 5940923.849999999627471 ], [ 26082.525000000001455, 5940923.849999999627471 ], [ 26082.525000000001455, 5940923.700000000186265 ], [ 26082.599999999998545, 5940923.700000000186265 ], [ 26082.599999999998545, 5940923.625 ], [ 26082.675, 5940923.625 ], [ 26082.675, 5940923.549999999813735 ], [ 26082.75, 5940923.549999999813735 ], [ 26082.75, 5940923.400000000372529 ], [ 26082.825, 5940923.400000000372529 ], [ 26082.825, 5940923.325000000186265 ], [ 26082.900000000001455, 5940923.325000000186265 ], [ 26082.900000000001455, 5940923.25 ], [ 26082.974999999998545, 5940923.25 ], [ 26082.974999999998545, 5940923.174999999813735 ], [ 26083.05, 5940923.174999999813735 ], [ 26083.05, 5940923.025000000372529 ], [ 26083.125, 5940923.025000000372529 ], [ 26083.125, 5940922.950000000186265 ], [ 26083.2, 5940922.950000000186265 ], [ 26083.2, 5940922.875 ], [ 26083.275000000001455, 5940922.875 ], [ 26083.275000000001455, 5940922.724999999627471 ], [ 26083.349999999998545, 5940922.724999999627471 ], [ 26083.349999999998545, 5940922.650000000372529 ], [ 26083.425, 5940922.650000000372529 ], [ 26083.425, 5940922.575000000186265 ], [ 26083.5, 5940922.575000000186265 ], [ 26083.5, 5940922.5 ], [ 26083.575, 5940922.5 ], [ 26083.575, 5940922.349999999627471 ], [ 26083.650000000001455, 5940922.349999999627471 ], [ 26083.650000000001455, 5940922.275000000372529 ], [ 26083.724999999998545, 5940922.275000000372529 ], [ 26083.724999999998545, 5940922.200000000186265 ], [ 26083.8, 5940922.200000000186265 ], [ 26083.8, 5940922.049999999813735 ], [ 26083.875, 5940922.049999999813735 ], [ 26083.875, 5940921.974999999627471 ], [ 26083.95, 5940921.974999999627471 ], [ 26083.95, 5940921.900000000372529 ], [ 26084.025000000001455, 5940921.900000000372529 ], [ 26084.025000000001455, 5940921.75 ], [ 26084.099999999998545, 5940921.75 ], [ 26084.099999999998545, 5940921.674999999813735 ], [ 26084.175, 5940921.674999999813735 ], [ 26084.175, 5940921.599999999627471 ], [ 26084.25, 5940921.599999999627471 ], [ 26084.25, 5940921.525000000372529 ], [ 26084.325, 5940921.525000000372529 ], [ 26084.325, 5940921.450000000186265 ], [ 26084.400000000001455, 5940921.450000000186265 ], [ 26084.400000000001455, 5940921.375 ], [ 26084.55, 5940921.375 ], [ 26084.55, 5940921.299999999813735 ], [ 26084.7, 5940921.299999999813735 ], [ 26084.7, 5940921.224999999627471 ], [ 26084.849999999998545, 5940921.224999999627471 ], [ 26084.849999999998545, 5940921.150000000372529 ], [ 26085.0, 5940921.150000000372529 ], [ 26085.0, 5940921.075000000186265 ], [ 26085.224999999998545, 5940921.075000000186265 ], [ 26085.224999999998545, 5940921.0 ], [ 26085.375, 5940921.0 ], [ 26085.375, 5940920.924999999813735 ], [ 26085.525000000001455, 5940920.924999999813735 ], [ 26085.525000000001455, 5940920.849999999627471 ], [ 26085.75, 5940920.849999999627471 ], [ 26085.75, 5940920.775000000372529 ], [ 26085.900000000001455, 5940920.775000000372529 ], [ 26085.900000000001455, 5940920.700000000186265 ], [ 26086.05, 5940920.700000000186265 ], [ 26086.05, 5940920.625 ], [ 26086.275000000001455, 5940920.625 ], [ 26086.275000000001455, 5940920.549999999813735 ], [ 26086.575, 5940920.549999999813735 ], [ 26086.575, 5940920.625 ], [ 26087.325, 5940920.625 ], [ 26087.325, 5940920.700000000186265 ], [ 26088.224999999998545, 5940920.700000000186265 ], [ 26088.224999999998545, 5940920.775000000372529 ], [ 26089.2, 5940920.775000000372529 ], [ 26089.2, 5940920.849999999627471 ], [ 26090.400000000001455, 5940920.849999999627471 ], [ 26090.400000000001455, 5940920.924999999813735 ], [ 26091.675, 5940920.924999999813735 ], [ 26091.675, 5940921.0 ], [ 26092.349999999998545, 5940921.0 ], [ 26092.349999999998545, 5940921.075000000186265 ], [ 26092.575, 5940921.075000000186265 ], [ 26092.575, 5940921.150000000372529 ], [ 26092.875, 5940921.150000000372529 ], [ 26092.875, 5940921.224999999627471 ], [ 26093.099999999998545, 5940921.224999999627471 ], [ 26093.099999999998545, 5940921.299999999813735 ], [ 26093.400000000001455, 5940921.299999999813735 ], [ 26093.400000000001455, 5940921.375 ], [ 26093.7, 5940921.375 ], [ 26093.7, 5940921.450000000186265 ], [ 26094.0, 5940921.450000000186265 ], [ 26094.0, 5940921.525000000372529 ], [ 26094.224999999998545, 5940921.525000000372529 ], [ 26094.224999999998545, 5940921.599999999627471 ], [ 26094.375, 5940921.599999999627471 ], [ 26094.375, 5940921.674999999813735 ], [ 26094.525000000001455, 5940921.674999999813735 ], [ 26094.525000000001455, 5940921.75 ], [ 26094.675, 5940921.75 ], [ 26094.675, 5940921.825000000186265 ], [ 26094.75, 5940921.825000000186265 ], [ 26094.75, 5940921.900000000372529 ], [ 26094.900000000001455, 5940921.900000000372529 ], [ 26094.900000000001455, 5940921.974999999627471 ], [ 26095.05, 5940921.974999999627471 ], [ 26095.05, 5940922.049999999813735 ], [ 26095.2, 5940922.049999999813735 ], [ 26095.2, 5940922.125 ], [ 26095.349999999998545, 5940922.125 ], [ 26095.349999999998545, 5940922.200000000186265 ], [ 26095.5, 5940922.200000000186265 ], [ 26095.5, 5940922.275000000372529 ], [ 26095.650000000001455, 5940922.275000000372529 ], [ 26095.650000000001455, 5940922.349999999627471 ], [ 26095.875, 5940922.349999999627471 ], [ 26095.875, 5940922.424999999813735 ], [ 26096.025000000001455, 5940922.424999999813735 ], [ 26096.025000000001455, 5940922.5 ], [ 26096.25, 5940922.5 ], [ 26096.25, 5940922.575000000186265 ], [ 26096.400000000001455, 5940922.575000000186265 ], [ 26096.400000000001455, 5940922.650000000372529 ], [ 26096.625, 5940922.650000000372529 ], [ 26096.625, 5940922.724999999627471 ], [ 26096.849999999998545, 5940922.724999999627471 ], [ 26096.849999999998545, 5940922.799999999813735 ], [ 26097.075, 5940922.799999999813735 ], [ 26097.075, 5940922.875 ], [ 26097.3, 5940922.875 ], [ 26097.3, 5940922.950000000186265 ], [ 26097.525000000001455, 5940922.950000000186265 ], [ 26097.525000000001455, 5940923.025000000372529 ], [ 26097.825, 5940923.025000000372529 ], [ 26097.825, 5940923.099999999627471 ], [ 26098.05, 5940923.099999999627471 ], [ 26098.05, 5940923.174999999813735 ], [ 26098.349999999998545, 5940923.174999999813735 ], [ 26098.349999999998545, 5940923.25 ], [ 26098.575, 5940923.25 ], [ 26098.575, 5940923.325000000186265 ], [ 26098.8, 5940923.325000000186265 ], [ 26098.8, 5940923.400000000372529 ], [ 26099.025000000001455, 5940923.400000000372529 ], [ 26099.025000000001455, 5940923.474999999627471 ], [ 26099.325, 5940923.474999999627471 ], [ 26099.325, 5940923.549999999813735 ], [ 26099.55, 5940923.549999999813735 ], [ 26099.55, 5940923.625 ], [ 26099.775000000001455, 5940923.625 ], [ 26099.775000000001455, 5940923.700000000186265 ], [ 26100.0, 5940923.700000000186265 ], [ 26100.0, 5940923.775000000372529 ], [ 26100.599999999998545, 5940923.775000000372529 ], [ 26100.599999999998545, 5940923.849999999627471 ], [ 26101.2, 5940923.849999999627471 ], [ 26101.2, 5940923.924999999813735 ], [ 26101.8, 5940923.924999999813735 ], [ 26101.8, 5940924.0 ], [ 26102.025000000001455, 5940924.0 ], [ 26102.025000000001455, 5940923.924999999813735 ], [ 26102.7, 5940923.924999999813735 ], [ 26102.7, 5940923.849999999627471 ], [ 26103.224999999998545, 5940923.849999999627471 ], [ 26103.224999999998545, 5940923.775000000372529 ], [ 26103.825, 5940923.775000000372529 ], [ 26103.825, 5940923.700000000186265 ], [ 26104.425, 5940923.700000000186265 ], [ 26104.425, 5940923.625 ], [ 26105.099999999998545, 5940923.625 ], [ 26105.099999999998545, 5940923.549999999813735 ], [ 26105.775000000001455, 5940923.549999999813735 ], [ 26105.775000000001455, 5940923.474999999627471 ], [ 26106.45, 5940923.474999999627471 ], [ 26106.45, 5940923.400000000372529 ], [ 26107.2, 5940923.400000000372529 ], [ 26107.2, 5940923.325000000186265 ], [ 26107.95, 5940923.325000000186265 ], [ 26107.95, 5940923.25 ], [ 26109.3, 5940923.25 ], [ 26109.3, 5940923.174999999813735 ], [ 26115.974999999998545, 5940923.174999999813735 ], [ 26115.974999999998545, 5940923.25 ], [ 26116.5, 5940923.25 ], [ 26116.5, 5940923.325000000186265 ], [ 26116.95, 5940923.325000000186265 ], [ 26116.95, 5940923.400000000372529 ], [ 26117.400000000001455, 5940923.400000000372529 ], [ 26117.400000000001455, 5940923.474999999627471 ], [ 26117.7, 5940923.474999999627471 ], [ 26117.7, 5940923.549999999813735 ], [ 26117.849999999998545, 5940923.549999999813735 ], [ 26117.849999999998545, 5940923.625 ], [ 26118.075, 5940923.625 ], [ 26118.075, 5940923.700000000186265 ], [ 26118.224999999998545, 5940923.700000000186265 ], [ 26118.224999999998545, 5940923.775000000372529 ], [ 26118.3, 5940923.775000000372529 ], [ 26118.3, 5940923.849999999627471 ], [ 26118.45, 5940923.849999999627471 ], [ 26118.45, 5940923.924999999813735 ], [ 26118.599999999998545, 5940923.924999999813735 ], [ 26118.599999999998545, 5940924.0 ], [ 26118.675, 5940924.0 ], [ 26118.675, 5940924.075000000186265 ], [ 26118.825, 5940924.075000000186265 ], [ 26118.825, 5940924.150000000372529 ], [ 26118.974999999998545, 5940924.150000000372529 ], [ 26118.974999999998545, 5940924.224999999627471 ], [ 26119.125, 5940924.224999999627471 ], [ 26119.125, 5940924.299999999813735 ], [ 26119.275000000001455, 5940924.299999999813735 ], [ 26119.275000000001455, 5940924.375 ], [ 26119.425, 5940924.375 ], [ 26119.425, 5940924.450000000186265 ], [ 26119.575, 5940924.450000000186265 ], [ 26119.575, 5940924.525000000372529 ], [ 26119.724999999998545, 5940924.525000000372529 ], [ 26119.724999999998545, 5940924.599999999627471 ], [ 26119.875, 5940924.599999999627471 ], [ 26119.875, 5940924.674999999813735 ], [ 26119.95, 5940924.674999999813735 ], [ 26119.95, 5940924.75 ], [ 26120.099999999998545, 5940924.75 ], [ 26120.099999999998545, 5940924.825000000186265 ], [ 26120.175, 5940924.825000000186265 ], [ 26120.175, 5940924.900000000372529 ], [ 26120.325, 5940924.900000000372529 ], [ 26120.325, 5940924.974999999627471 ], [ 26120.400000000001455, 5940924.974999999627471 ], [ 26120.400000000001455, 5940925.049999999813735 ], [ 26120.55, 5940925.049999999813735 ], [ 26120.55, 5940925.125 ], [ 26120.625, 5940925.125 ], [ 26120.625, 5940925.200000000186265 ], [ 26120.7, 5940925.200000000186265 ], [ 26120.7, 5940925.275000000372529 ], [ 26120.849999999998545, 5940925.275000000372529 ], [ 26120.849999999998545, 5940925.349999999627471 ], [ 26120.925, 5940925.349999999627471 ], [ 26120.925, 5940925.424999999813735 ], [ 26121.0, 5940925.424999999813735 ], [ 26121.0, 5940925.5 ], [ 26121.075, 5940925.5 ], [ 26121.075, 5940925.575000000186265 ], [ 26121.224999999998545, 5940925.575000000186265 ], [ 26121.224999999998545, 5940925.650000000372529 ], [ 26121.3, 5940925.650000000372529 ], [ 26121.3, 5940925.724999999627471 ], [ 26121.375, 5940925.724999999627471 ], [ 26121.375, 5940925.799999999813735 ], [ 26121.45, 5940925.799999999813735 ], [ 26121.45, 5940925.875 ], [ 26121.525000000001455, 5940925.875 ], [ 26121.525000000001455, 5940926.025000000372529 ], [ 26121.599999999998545, 5940926.025000000372529 ], [ 26121.599999999998545, 5940926.099999999627471 ], [ 26121.675, 5940926.099999999627471 ], [ 26121.675, 5940926.174999999813735 ], [ 26121.75, 5940926.174999999813735 ], [ 26121.75, 5940926.25 ], [ 26121.825, 5940926.25 ], [ 26121.825, 5940926.400000000372529 ], [ 26121.900000000001455, 5940926.400000000372529 ], [ 26121.900000000001455, 5940926.474999999627471 ], [ 26121.974999999998545, 5940926.474999999627471 ], [ 26121.974999999998545, 5940926.549999999813735 ], [ 26122.05, 5940926.549999999813735 ], [ 26122.05, 5940926.700000000186265 ], [ 26122.125, 5940926.700000000186265 ], [ 26122.125, 5940926.775000000372529 ], [ 26122.2, 5940926.775000000372529 ], [ 26122.2, 5940926.924999999813735 ], [ 26122.275000000001455, 5940926.924999999813735 ], [ 26122.275000000001455, 5940927.075000000186265 ], [ 26122.349999999998545, 5940927.075000000186265 ], [ 26122.349999999998545, 5940927.150000000372529 ], [ 26122.425, 5940927.150000000372529 ], [ 26122.425, 5940927.299999999813735 ], [ 26122.5, 5940927.299999999813735 ], [ 26122.5, 5940927.450000000186265 ], [ 26122.575, 5940927.450000000186265 ], [ 26122.575, 5940927.599999999627471 ], [ 26122.650000000001455, 5940927.599999999627471 ], [ 26122.650000000001455, 5940927.75 ], [ 26122.724999999998545, 5940927.75 ], [ 26122.724999999998545, 5940927.900000000372529 ], [ 26122.8, 5940927.900000000372529 ], [ 26122.8, 5940928.049999999813735 ], [ 26122.875, 5940928.049999999813735 ], [ 26122.875, 5940928.275000000372529 ], [ 26122.95, 5940928.275000000372529 ], [ 26122.95, 5940928.424999999813735 ], [ 26123.025000000001455, 5940928.424999999813735 ], [ 26123.025000000001455, 5940928.575000000186265 ], [ 26123.099999999998545, 5940928.575000000186265 ], [ 26123.099999999998545, 5940928.799999999813735 ], [ 26123.175, 5940928.799999999813735 ], [ 26123.175, 5940928.950000000186265 ], [ 26123.25, 5940928.950000000186265 ], [ 26123.25, 5940929.099999999627471 ], [ 26123.325, 5940929.099999999627471 ], [ 26123.325, 5940929.25 ], [ 26123.400000000001455, 5940929.25 ], [ 26123.400000000001455, 5940929.400000000372529 ], [ 26123.474999999998545, 5940929.400000000372529 ], [ 26123.474999999998545, 5940929.625 ], [ 26123.55, 5940929.625 ], [ 26123.55, 5940929.775000000372529 ], [ 26123.625, 5940929.775000000372529 ], [ 26123.625, 5940930.075000000186265 ], [ 26123.7, 5940930.075000000186265 ], [ 26123.7, 5940930.299999999813735 ], [ 26123.775000000001455, 5940930.299999999813735 ], [ 26123.775000000001455, 5940930.525000000372529 ], [ 26123.849999999998545, 5940930.525000000372529 ], [ 26123.849999999998545, 5940930.825000000186265 ], [ 26123.925, 5940930.825000000186265 ], [ 26123.925, 5940931.125 ], [ 26124.0, 5940931.125 ], [ 26124.0, 5940931.424999999813735 ], [ 26124.075, 5940931.424999999813735 ], [ 26124.075, 5940931.799999999813735 ], [ 26124.150000000001455, 5940931.799999999813735 ], [ 26124.150000000001455, 5940932.25 ], [ 26124.224999999998545, 5940932.25 ], [ 26124.224999999998545, 5940932.700000000186265 ], [ 26124.3, 5940932.700000000186265 ], [ 26124.3, 5940933.150000000372529 ], [ 26124.375, 5940933.150000000372529 ], [ 26124.375, 5940933.674999999813735 ], [ 26124.45, 5940933.674999999813735 ], [ 26124.45, 5940934.349999999627471 ], [ 26124.525000000001455, 5940934.349999999627471 ], [ 26124.525000000001455, 5940935.025000000372529 ], [ 26124.599999999998545, 5940935.025000000372529 ], [ 26124.599999999998545, 5940935.700000000186265 ], [ 26124.675, 5940935.700000000186265 ], [ 26124.675, 5940936.375 ], [ 26124.75, 5940936.375 ], [ 26124.75, 5940936.974999999627471 ], [ 26124.825, 5940936.974999999627471 ], [ 26124.825, 5940937.5 ], [ 26124.900000000001455, 5940937.5 ], [ 26124.900000000001455, 5940937.950000000186265 ], [ 26124.974999999998545, 5940937.950000000186265 ], [ 26124.974999999998545, 5940938.400000000372529 ], [ 26125.05, 5940938.400000000372529 ], [ 26125.05, 5940938.775000000372529 ], [ 26125.125, 5940938.775000000372529 ], [ 26125.125, 5940939.150000000372529 ], [ 26125.2, 5940939.150000000372529 ], [ 26125.2, 5940939.525000000372529 ], [ 26125.275000000001455, 5940939.525000000372529 ], [ 26125.275000000001455, 5940939.825000000186265 ], [ 26125.349999999998545, 5940939.825000000186265 ], [ 26125.349999999998545, 5940940.200000000186265 ], [ 26125.425, 5940940.200000000186265 ], [ 26125.425, 5940940.424999999813735 ], [ 26125.5, 5940940.424999999813735 ], [ 26125.5, 5940940.724999999627471 ], [ 26125.575, 5940940.724999999627471 ], [ 26125.575, 5940941.025000000372529 ], [ 26125.650000000001455, 5940941.025000000372529 ], [ 26125.650000000001455, 5940941.25 ], [ 26125.724999999998545, 5940941.25 ], [ 26125.724999999998545, 5940941.625 ], [ 26125.650000000001455, 5940941.625 ], [ 26125.650000000001455, 5940943.349999999627471 ], [ 26125.575, 5940943.349999999627471 ], [ 26125.575, 5940943.575000000186265 ], [ 26125.5, 5940943.575000000186265 ], [ 26125.5, 5940943.724999999627471 ], [ 26125.425, 5940943.724999999627471 ], [ 26125.425, 5940943.950000000186265 ], [ 26125.349999999998545, 5940943.950000000186265 ], [ 26125.349999999998545, 5940944.174999999813735 ], [ 26125.275000000001455, 5940944.174999999813735 ], [ 26125.275000000001455, 5940944.400000000372529 ], [ 26125.2, 5940944.400000000372529 ], [ 26125.2, 5940944.625 ], [ 26125.125, 5940944.625 ], [ 26125.125, 5940944.849999999627471 ], [ 26125.05, 5940944.849999999627471 ], [ 26125.05, 5940945.150000000372529 ], [ 26124.974999999998545, 5940945.150000000372529 ], [ 26124.974999999998545, 5940945.375 ], [ 26124.900000000001455, 5940945.375 ], [ 26124.900000000001455, 5940945.674999999813735 ], [ 26124.825, 5940945.674999999813735 ], [ 26124.825, 5940945.974999999627471 ], [ 26124.75, 5940945.974999999627471 ], [ 26124.75, 5940946.200000000186265 ], [ 26124.675, 5940946.200000000186265 ], [ 26124.675, 5940946.5 ], [ 26124.599999999998545, 5940946.5 ], [ 26124.599999999998545, 5940946.799999999813735 ], [ 26124.525000000001455, 5940946.799999999813735 ], [ 26124.525000000001455, 5940947.099999999627471 ], [ 26124.45, 5940947.099999999627471 ], [ 26124.45, 5940947.474999999627471 ], [ 26124.375, 5940947.474999999627471 ], [ 26124.375, 5940947.775000000372529 ], [ 26124.3, 5940947.775000000372529 ], [ 26124.3, 5940948.075000000186265 ], [ 26124.224999999998545, 5940948.075000000186265 ], [ 26124.224999999998545, 5940948.375 ], [ 26124.150000000001455, 5940948.375 ], [ 26124.150000000001455, 5940948.674999999813735 ], [ 26124.075, 5940948.674999999813735 ], [ 26124.075, 5940949.049999999813735 ], [ 26124.0, 5940949.049999999813735 ], [ 26124.0, 5940949.349999999627471 ], [ 26123.925, 5940949.349999999627471 ], [ 26123.925, 5940949.575000000186265 ], [ 26123.849999999998545, 5940949.575000000186265 ], [ 26123.849999999998545, 5940949.875 ], [ 26123.775000000001455, 5940949.875 ], [ 26123.775000000001455, 5940950.099999999627471 ], [ 26123.7, 5940950.099999999627471 ], [ 26123.7, 5940950.325000000186265 ], [ 26123.625, 5940950.325000000186265 ], [ 26123.625, 5940950.549999999813735 ], [ 26123.55, 5940950.549999999813735 ], [ 26123.55, 5940950.775000000372529 ], [ 26123.474999999998545, 5940950.775000000372529 ], [ 26123.474999999998545, 5940951.0 ], [ 26123.400000000001455, 5940951.0 ], [ 26123.400000000001455, 5940951.224999999627471 ], [ 26123.325, 5940951.224999999627471 ], [ 26123.325, 5940951.375 ], [ 26123.25, 5940951.375 ], [ 26123.25, 5940951.525000000372529 ], [ 26123.175, 5940951.525000000372529 ], [ 26123.175, 5940951.75 ], [ 26123.099999999998545, 5940951.75 ], [ 26123.099999999998545, 5940951.900000000372529 ], [ 26123.025000000001455, 5940951.900000000372529 ], [ 26123.025000000001455, 5940952.049999999813735 ], [ 26122.95, 5940952.049999999813735 ], [ 26122.95, 5940952.275000000372529 ], [ 26122.875, 5940952.275000000372529 ], [ 26122.875, 5940952.424999999813735 ], [ 26122.8, 5940952.424999999813735 ], [ 26122.8, 5940952.575000000186265 ], [ 26122.724999999998545, 5940952.575000000186265 ], [ 26122.724999999998545, 5940952.799999999813735 ], [ 26122.650000000001455, 5940952.799999999813735 ], [ 26122.650000000001455, 5940952.950000000186265 ], [ 26122.575, 5940952.950000000186265 ], [ 26122.575, 5940953.099999999627471 ], [ 26122.5, 5940953.099999999627471 ], [ 26122.5, 5940953.174999999813735 ], [ 26122.425, 5940953.174999999813735 ], [ 26122.425, 5940953.325000000186265 ], [ 26122.349999999998545, 5940953.325000000186265 ], [ 26122.349999999998545, 5940953.474999999627471 ], [ 26122.275000000001455, 5940953.474999999627471 ], [ 26122.275000000001455, 5940953.549999999813735 ], [ 26122.2, 5940953.549999999813735 ], [ 26122.2, 5940953.625 ], [ 26122.125, 5940953.625 ], [ 26122.125, 5940953.775000000372529 ], [ 26122.05, 5940953.775000000372529 ], [ 26122.05, 5940953.849999999627471 ], [ 26121.974999999998545, 5940953.849999999627471 ], [ 26121.974999999998545, 5940953.924999999813735 ], [ 26121.900000000001455, 5940953.924999999813735 ], [ 26121.900000000001455, 5940954.0 ], [ 26121.825, 5940954.0 ], [ 26121.825, 5940954.075000000186265 ], [ 26121.75, 5940954.075000000186265 ], [ 26121.75, 5940954.150000000372529 ], [ 26121.675, 5940954.150000000372529 ], [ 26121.675, 5940954.224999999627471 ], [ 26121.599999999998545, 5940954.224999999627471 ], [ 26121.599999999998545, 5940954.299999999813735 ], [ 26121.525000000001455, 5940954.299999999813735 ], [ 26121.525000000001455, 5940954.375 ], [ 26121.45, 5940954.375 ], [ 26121.45, 5940954.450000000186265 ], [ 26121.3, 5940954.450000000186265 ], [ 26121.3, 5940954.525000000372529 ], [ 26121.224999999998545, 5940954.525000000372529 ], [ 26121.224999999998545, 5940954.599999999627471 ], [ 26121.150000000001455, 5940954.599999999627471 ], [ 26121.150000000001455, 5940954.674999999813735 ], [ 26121.0, 5940954.674999999813735 ], [ 26121.0, 5940954.75 ], [ 26120.925, 5940954.75 ], [ 26120.925, 5940954.825000000186265 ], [ 26120.849999999998545, 5940954.825000000186265 ], [ 26120.849999999998545, 5940954.900000000372529 ], [ 26120.7, 5940954.900000000372529 ], [ 26120.7, 5940954.974999999627471 ], [ 26120.625, 5940954.974999999627471 ], [ 26120.625, 5940955.049999999813735 ], [ 26120.474999999998545, 5940955.049999999813735 ], [ 26120.474999999998545, 5940955.125 ], [ 26120.325, 5940955.125 ], [ 26120.325, 5940955.200000000186265 ], [ 26120.175, 5940955.200000000186265 ], [ 26120.175, 5940955.275000000372529 ], [ 26120.025000000001455, 5940955.275000000372529 ], [ 26120.025000000001455, 5940955.349999999627471 ], [ 26119.875, 5940955.349999999627471 ], [ 26119.875, 5940955.424999999813735 ], [ 26119.724999999998545, 5940955.424999999813735 ], [ 26119.724999999998545, 5940955.5 ], [ 26119.5, 5940955.5 ], [ 26119.5, 5940955.575000000186265 ], [ 26119.2, 5940955.575000000186265 ], [ 26119.2, 5940955.650000000372529 ], [ 26118.900000000001455, 5940955.650000000372529 ], [ 26118.900000000001455, 5940955.724999999627471 ], [ 26118.599999999998545, 5940955.724999999627471 ], [ 26118.599999999998545, 5940955.799999999813735 ], [ 26118.224999999998545, 5940955.799999999813735 ], [ 26118.224999999998545, 5940955.875 ], [ 26117.849999999998545, 5940955.875 ], [ 26117.849999999998545, 5940955.950000000186265 ], [ 26116.8, 5940955.950000000186265 ], [ 26116.8, 5940956.025000000372529 ], [ 26115.075, 5940956.025000000372529 ] ] ] } },
{ "type": "Feature", "properties": { "value": 1.0, "building_id": 4, "area": 584.19000000282097 }, "geometry": { "type": "Polygon", "coordinates": [ [ [ 26085.150000000001455, 5940899.625 ], [ 26085.150000000001455, 5940899.549999999813735 ], [ 26084.175, 5940899.549999999813735 ], [ 26084.175, 5940899.474999999627471 ], [ 26083.8, 5940899.474999999627471 ], [ 26083.8, 5940899.400000000372529 ], [ 26083.425, 5940899.400000000372529 ], [ 26083.425, 5940899.325000000186265 ], [ 26083.125, 5940899.325000000186265 ], [ 26083.125, 5940899.25 ], [ 26082.75, 5940899.25 ], [ 26082.75, 5940899.174999999813735 ], [ 26082.45, 5940899.174999999813735 ], [ 26082.45, 5940899.099999999627471 ], [ 26082.224999999998545, 5940899.099999999627471 ], [ 26082.224999999998545, 5940899.025000000372529 ], [ 26082.075, 5940899.025000000372529 ], [ 26082.075, 5940898.950000000186265 ], [ 26081.849999999998545, 5940898.950000000186265 ], [ 26081.849999999998545, 5940898.875 ], [ 26081.7, 5940898.875 ], [ 26081.7, 5940898.799999999813735 ], [ 26081.55, 5940898.799999999813735 ], [ 26081.55, 5940898.724999999627471 ], [ 26081.400000000001455, 5940898.724999999627471 ], [ 26081.400000000001455, 5940898.650000000372529 ], [ 26081.25, 5940898.650000000372529 ], [ 26081.25, 5940898.575000000186265 ], [ 26081.099999999998545, 5940898.575000000186265 ], [ 26081.099999999998545, 5940898.5 ], [ 26081.025000000001455, 5940898.5 ], [ 26081.025000000001455, 5940898.424999999813735 ], [ 26080.875, 5940898.424999999813735 ], [ 26080.875, 5940898.349999999627471 ], [ 26080.8, 5940898.349999999627471 ], [ 26080.8, 5940898.275000000372529 ], [ 26080.650000000001455, 5940898.275000000372529 ], [ 26080.650000000001455, 5940898.200000000186265 ], [ 26080.575, 5940898.200000000186265 ], [ 26080.575, 5940898.125 ], [ 26080.425, 5940898.125 ], [ 26080.425, 5940898.049999999813735 ], [ 26080.349999999998545, 5940898.049999999813735 ], [ 26080.349999999998545, 5940897.974999999627471 ], [ 26080.2, 5940897.974999999627471 ], [ 26080.2, 5940897.900000000372529 ], [ 26080.125, 5940897.900000000372529 ], [ 26080.125, 5940897.825000000186265 ], [ 26080.05, 5940897.825000000186265 ], [ 26080.05, 5940897.75 ], [ 26079.900000000001455, 5940897.75 ], [ 26079.900000000001455, 5940897.674999999813735 ], [ 26079.825, 5940897.674999999813735 ], [ 26079.825, 5940897.599999999627471 ], [ 26079.75, 5940897.599999999627471 ], [ 26079.75, 5940897.525000000372529 ], [ 26079.599999999998545, 5940897.525000000372529 ], [ 26079.599999999998545, 5940897.450000000186265 ], [ 26079.525000000001455, 5940897.450000000186265 ], [ 26079.525000000001455, 5940897.375 ], [ 26079.45, 5940897.375 ], [ 26079.45, 5940897.299999999813735 ], [ 26079.375, 5940897.299999999813735 ], [ 26079.375, 5940897.224999999627471 ], [ 26079.224999999998545, 5940897.224999999627471 ], [ 26079.224999999998545, 5940897.150000000372529 ], [ 26079.150000000001455, 5940897.150000000372529 ], [ 26079.150000000001455, 5940897.075000000186265 ], [ 26079.075, 5940897.075000000186265 ], [ 26079.075, 5940897.0 ], [ 26079.0, 5940897.0 ], [ 26079.0, 5940896.924999999813735 ], [ 26078.849999999998545, 5940896.924999999813735 ], [ 26078.849999999998545, 5940896.849999999627471 ], [ 26078.775000000001455, 5940896.849999999627471 ], [ 26078.775000000001455, 5940896.775000000372529 ], [ 26078.7, 5940896.775000000372529 ], [ 26078.7, 5940896.700000000186265 ], [ 26078.625, 5940896.700000000186265 ], [ 26078.625, 5940896.625 ], [ 26078.55, 5940896.625 ], [ 26078.55, 5940896.549999999813735 ], [ 26078.474999999998545, 5940896.549999999813735 ], [ 26078.474999999998545, 5940896.474999999627471 ], [ 26078.400000000001455, 5940896.474999999627471 ], [ 26078.400000000001455, 5940896.400000000372529 ], [ 26078.325, 5940896.400000000372529 ], [ 26078.325, 5940896.25 ], [ 26078.25, 5940896.25 ], [ 26078.25, 5940896.025000000372529 ], [ 26078.175, 5940896.025000000372529 ], [ 26078.175, 5940895.799999999813735 ], [ 26078.099999999998545, 5940895.799999999813735 ], [ 26078.099999999998545, 5940895.650000000372529 ], [ 26078.025000000001455, 5940895.650000000372529 ], [ 26078.025000000001455, 5940895.424999999813735 ], [ 26077.95, 5940895.424999999813735 ], [ 26077.95, 5940895.200000000186265 ], [ 26077.875, 5940895.200000000186265 ], [ 26077.875, 5940894.974999999627471 ], [ 26077.8, 5940894.974999999627471 ], [ 26077.8, 5940894.674999999813735 ], [ 26077.724999999998545, 5940894.674999999813735 ], [ 26077.724999999998545, 5940884.700000000186265 ], [ 26077.8, 5940884.700000000186265 ], [ 26077.8, 5940881.775000000372529 ], [ 26077.875, 5940881.775000000372529 ], [ 26077.875, 5940880.650000000372529 ], [ 26077.95, 5940880.650000000372529 ], [ 26077.95, 5940880.424999999813735 ], [ 26078.025000000001455, 5940880.424999999813735 ], [ 26078.025000000001455, 5940880.200000000186265 ], [ 26078.099999999998545, 5940880.200000000186265 ], [ 26078.099999999998545, 5940879.974999999627471 ], [ 26078.175, 5940879.974999999627471 ], [ 26078.175, 5940879.75 ], [ 26078.25, 5940879.75 ], [ 26078.25, 5940879.599999999627471 ], [ 26078.325, 5940879.599999999627471 ], [ 26078.325, 5940879.375 ], [ 26078.400000000001455, 5940879.375 ], [ 26078.400000000001455, 5940879.224999999627471 ], [ 26078.474999999998545, 5940879.224999999627471 ], [ 26078.474999999998545, 5940879.075000000186265 ], [ 26078.55, 5940879.075000000186265 ], [ 26078.55, 5940879.0 ], [ 26078.625, 5940879.0 ], [ 26078.625, 5940878.849999999627471 ], [ 26078.7, 5940878.849999999627471 ], [ 26078.7, 5940878.775000000372529 ], [ 26078.775000000001455, 5940878.775000000372529 ], [ 26078.775000000001455, 5940878.700000000186265 ], [ 26078.925, 5940878.700000000186265 ], [ 26078.925, 5940878.625 ], [ 26079.0, 5940878.625 ], [ 26079.0, 5940878.549999999813735 ], [ 26079.150000000001455, 5940878.549999999813735 ], [ 26079.150000000001455, 5940878.474999999627471 ], [ 26079.224999999998545, 5940878.474999999627471 ], [ 26079.224999999998545, 5940878.400000000372529 ], [ 26079.375, 5940878.400000000372529 ], [ 26079.375, 5940878.325000000186265 ], [ 26079.525000000001455, 5940878.325000000186265 ], [ 26079.525000000001455, 5940878.25 ], [ 26079.675, 5940878.25 ], [ 26079.675, 5940878.174999999813735 ], [ 26079.825, 5940878.174999999813735 ], [ 26079.825, 5940878.099999999627471 ], [ 26079.974999999998545, 5940878.099999999627471 ], [ 26079.974999999998545, 5940878.025000000372529 ], [ 26080.125, 5940878.025000000372529 ], [ 26080.125, 5940877.950000000186265 ], [ 26080.275000000001455, 5940877.950000000186265 ], [ 26080.275000000001455, 5940877.875 ], [ 26080.5, 5940877.875 ], [ 26080.5, 5940877.799999999813735 ], [ 26080.724999999998545, 5940877.799999999813735 ], [ 26080.724999999998545, 5940877.724999999627471 ], [ 26081.025000000001455, 5940877.724999999627471 ], [ 26081.025000000001455, 5940877.650000000372529 ], [ 26081.25, 5940877.650000000372529 ], [ 26081.25, 5940877.575000000186265 ], [ 26081.55, 5940877.575000000186265 ], [ 26081.55, 5940877.5 ], [ 26081.849999999998545, 5940877.5 ], [ 26081.849999999998545, 5940877.424999999813735 ], [ 26082.150000000001455, 5940877.424999999813735 ], [ 26082.150000000001455, 5940877.349999999627471 ], [ 26082.45, 5940877.349999999627471 ], [ 26082.45, 5940877.275000000372529 ], [ 26082.900000000001455, 5940877.275000000372529 ], [ 26082.900000000001455, 5940877.200000000186265 ], [ 26083.275000000001455, 5940877.200000000186265 ], [ 26083.275000000001455, 5940877.125 ], [ 26083.724999999998545, 5940877.125 ], [ 26083.724999999998545, 5940877.049999999813735 ], [ 26084.175, 5940877.049999999813735 ], [ 26084.175, 5940876.974999999627471 ], [ 26085.525000000001455, 5940876.974999999627471 ], [ 26085.525000000001455, 5940877.049999999813735 ], [ 26086.575, 5940877.049999999813735 ], [ 26086.575, 5940877.125 ], [ 26087.025000000001455, 5940877.125 ], [ 26087.025000000001455, 5940877.200000000186265 ], [ 26087.400000000001455, 5940877.200000000186265 ], [ 26087.400000000001455, 5940877.275000000372529 ], [ 26087.849999999998545, 5940877.275000000372529 ], [ 26087.849999999998545, 5940877.349999999627471 ], [ 26088.3, 5940877.349999999627471 ], [ 26088.3, 5940877.424999999813735 ], [ 26088.75, 5940877.424999999813735 ], [ 26088.75, 5940877.5 ], [ 26089.2, 5940877.5 ], [ 26089.2, 5940877.575000000186265 ], [ 26089.650000000001455, 5940877.575000000186265 ], [ 26089.650000000001455, 5940877.650000000372529 ], [ 26090.099999999998545, 5940877.650000000372529 ], [ 26090.099999999998545, 5940877.724999999627471 ], [ 26090.55, 5940877.724999999627471 ], [ 26090.55, 5940877.799999999813735 ], [ 26090.925, 5940877.799999999813735 ], [ 26090.925, 5940877.875 ], [ 26091.375, 5940877.875 ], [ 26091.375, 5940877.950000000186265 ], [ 26091.75, 5940877.950000000186265 ], [ 26091.75, 5940878.025000000372529 ], [ 26092.125, 5940878.025000000372529 ], [ 26092.125, 5940878.099999999627471 ], [ 26094.45, 5940878.099999999627471 ], [ 26094.45, 5940878.025000000372529 ], [ 26094.825, 5940878.025000000372529 ], [ 26094.825, 5940877.950000000186265 ], [ 26095.275000000001455, 5940877.950000000186265 ], [ 26095.275000000001455, 5940877.875 ], [ 26095.724999999998545, 5940877.875 ], [ 26095.724999999998545, 5940877.799999999813735 ], [ 26096.175, 5940877.799999999813735 ], [ 26096.175, 5940877.724999999627471 ], [ 26096.55, 5940877.724999999627471 ], [ 26096.55, 5940877.650000000372529 ], [ 26097.0, 5940877.650000000372529 ], [ 26097.0, 5940877.575000000186265 ], [ 26097.3, 5940877.575000000186265 ], [ 26097.3, 5940877.5 ], [ 26097.675, 5940877.5 ], [ 26097.675, 5940877.424999999813735 ], [ 26098.05, 5940877.424999999813735 ], [ 26098.05, 5940877.349999999627471 ], [ 26098.275000000001455, 5940877.349999999627471 ], [ 26098.275000000001455, 5940877.275000000372529 ], [ 26098.575, 5940877.275000000372529 ], [ 26098.575, 5940877.200000000186265 ], [ 26098.8, 5940877.200000000186265 ], [ 26098.8, 5940877.125 ], [ 26099.025000000001455, 5940877.125 ], [ 26099.025000000001455, 5940877.049999999813735 ], [ 26099.25, 5940877.049999999813735 ], [ 26099.25, 5940876.974999999627471 ], [ 26099.474999999998545, 5940876.974999999627471 ], [ 26099.474999999998545, 5940876.900000000372529 ], [ 26099.625, 5940876.900000000372529 ], [ 26099.625, 5940876.825000000186265 ], [ 26099.849999999998545, 5940876.825000000186265 ], [ 26099.849999999998545, 5940876.75 ], [ 26100.45, 5940876.75 ], [ 26100.45, 5940876.825000000186265 ], [ 26101.2, 5940876.825000000186265 ], [ 26101.2, 5940876.900000000372529 ], [ 26101.8, 5940876.900000000372529 ], [ 26101.8, 5940876.974999999627471 ], [ 26102.025000000001455, 5940876.974999999627471 ], [ 26102.025000000001455, 5940877.049999999813735 ], [ 26102.175, 5940877.049999999813735 ], [ 26102.175, 5940877.125 ], [ 26102.25, 5940877.125 ], [ 26102.25, 5940877.200000000186265 ], [ 26102.400000000001455, 5940877.200000000186265 ], [ 26102.400000000001455, 5940877.275000000372529 ], [ 26102.474999999998545, 5940877.275000000372529 ], [ 26102.474999999998545, 5940877.349999999627471 ], [ 26102.625, 5940877.349999999627471 ], [ 26102.625, 5940877.424999999813735 ], [ 26102.7, 5940877.424999999813735 ], [ 26102.7, 5940877.5 ], [ 26102.849999999998545, 5940877.5 ], [ 26102.849999999998545, 5940877.575000000186265 ], [ 26102.925, 5940877.575000000186265 ], [ 26102.925, 5940877.650000000372529 ], [ 26103.0, 5940877.650000000372529 ], [ 26103.0, 5940877.724999999627471 ], [ 26103.150000000001455, 5940877.724999999627471 ], [ 26103.150000000001455, 5940877.799999999813735 ], [ 26103.224999999998545, 5940877.799999999813735 ], [ 26103.224999999998545, 5940877.875 ], [ 26103.375, 5940877.875 ], [ 26103.375, 5940877.950000000186265 ], [ 26103.45, 5940877.950000000186265 ], [ 26103.45, 5940878.025000000372529 ], [ 26103.599999999998545, 5940878.025000000372529 ], [ 26103.599999999998545, 5940878.099999999627471 ], [ 26103.675, 5940878.099999999627471 ], [ 26103.675, 5940878.174999999813735 ], [ 26103.825, 5940878.174999999813735 ], [ 26103.825, 5940878.25 ], [ 26103.900000000001455, 5940878.25 ], [ 26103.900000000001455, 5940878.325000000186265 ], [ 26103.974999999998545, 5940878.325000000186265 ], [ 26103.974999999998545, 5940878.400000000372529 ], [ 26104.05, 5940878.400000000372529 ], [ 26104.05, 5940878.474999999627471 ], [ 26104.125, 5940878.474999999627471 ], [ 26104.125, 5940878.549999999813735 ], [ 26104.2, 5940878.549999999813735 ], [ 26104.2, 5940878.625 ], [ 26104.275000000001455, 5940878.625 ], [ 26104.275000000001455, 5940878.775000000372529 ], [ 26104.349999999998545, 5940878.775000000372529 ], [ 26104.349999999998545, 5940878.849999999627471 ], [ 26104.425, 5940878.849999999627471 ], [ 26104.425, 5940879.0 ], [ 26104.5, 5940879.0 ], [ 26104.5, 5940879.224999999627471 ], [ 26104.575, 5940879.224999999627471 ], [ 26104.575, 5940879.375 ], [ 26104.650000000001455, 5940879.375 ], [ 26104.650000000001455, 5940879.599999999627471 ], [ 26104.724999999998545, 5940879.599999999627471 ], [ 26104.724999999998545, 5940879.75 ], [ 26104.8, 5940879.75 ], [ 26104.8, 5940879.974999999627471 ], [ 26104.875, 5940879.974999999627471 ], [ 26104.875, 5940880.200000000186265 ], [ 26104.95, 5940880.200000000186265 ], [ 26104.95, 5940880.349999999627471 ], [ 26105.025000000001455, 5940880.349999999627471 ], [ 26105.025000000001455, 5940880.575000000186265 ], [ 26105.099999999998545, 5940880.575000000186265 ], [ 26105.099999999998545, 5940880.875 ], [ 26105.175, 5940880.875 ], [ 26105.175, 5940881.400000000372529 ], [ 26105.25, 5940881.400000000372529 ], [ 26105.25, 5940881.924999999813735 ], [ 26105.325, 5940881.924999999813735 ], [ 26105.325, 5940882.525000000372529 ], [ 26105.400000000001455, 5940882.525000000372529 ], [ 26105.400000000001455, 5940883.125 ], [ 26105.474999999998545, 5940883.125 ], [ 26105.474999999998545, 5940883.724999999627471 ], [ 26105.55, 5940883.724999999627471 ], [ 26105.55, 5940884.325000000186265 ], [ 26105.625, 5940884.325000000186265 ], [ 26105.625, 5940884.924999999813735 ], [ 26105.7, 5940884.924999999813735 ], [ 26105.7, 5940885.525000000372529 ], [ 26105.775000000001455, 5940885.525000000372529 ], [ 26105.775000000001455, 5940886.125 ], [ 26105.849999999998545, 5940886.125 ], [ 26105.849999999998545, 5940887.625 ], [ 26105.925, 5940887.625 ], [ 26105.925, 5940888.75 ], [ 26105.849999999998545, 5940888.75 ], [ 26105.849999999998545, 5940889.724999999627471 ], [ 26105.775000000001455, 5940889.724999999627471 ], [ 26105.775000000001455, 5940890.549999999813735 ], [ 26105.7, 5940890.549999999813735 ], [ 26105.7, 5940891.375 ], [ 26105.625, 5940891.375 ], [ 26105.625, 5940892.275000000372529 ], [ 26105.55, 5940892.275000000372529 ], [ 26105.55, 5940893.099999999627471 ], [ 26105.474999999998545, 5940893.099999999627471 ], [ 26105.474999999998545, 5940894.0 ], [ 26105.400000000001455, 5940894.0 ], [ 26105.400000000001455, 5940894.525000000372529 ], [ 26105.325, 5940894.525000000372529 ], [ 26105.325, 5940894.825000000186265 ], [ 26105.25, 5940894.825000000186265 ], [ 26105.25, 5940895.049999999813735 ], [ 26105.175, 5940895.049999999813735 ], [ 26105.175, 5940895.349999999627471 ], [ 26105.099999999998545, 5940895.349999999627471 ], [ 26105.099999999998545, 5940895.650000000372529 ], [ 26105.025000000001455, 5940895.650000000372529 ], [ 26105.025000000001455, 5940895.875 ], [ 26104.95, 5940895.875 ], [ 26104.95, 5940896.174999999813735 ], [ 26104.875, 5940896.174999999813735 ], [ 26104.875, 5940896.400000000372529 ], [ 26104.8, 5940896.400000000372529 ], [ 26104.8, 5940896.474999999627471 ], [ 26104.724999999998545, 5940896.474999999627471 ], [ 26104.724999999998545, 5940896.625 ], [ 26104.650000000001455, 5940896.625 ], [ 26104.650000000001455, 5940896.700000000186265 ], [ 26104.575, 5940896.700000000186265 ], [ 26104.575, 5940896.849999999627471 ], [ 26104.5, 5940896.849999999627471 ], [ 26104.5, 5940896.924999999813735 ], [ 26104.425, 5940896.924999999813735 ], [ 26104.425, 5940897.0 ], [ 26104.349999999998545, 5940897.0 ], [ 26104.349999999998545, 5940897.075000000186265 ], [ 26104.275000000001455, 5940897.075000000186265 ], [ 26104.275000000001455, 5940897.150000000372529 ], [ 26104.2, 5940897.150000000372529 ], [ 26104.2, 5940897.224999999627471 ], [ 26104.125, 5940897.224999999627471 ], [ 26104.125, 5940897.299999999813735 ], [ 26104.05, 5940897.299999999813735 ], [ 26104.05, 5940897.375 ], [ 26103.974999999998545, 5940897.375 ], [ 26103.974999999998545, 5940897.450000000186265 ], [ 26103.900000000001455, 5940897.450000000186265 ], [ 26103.900000000001455, 5940897.525000000372529 ], [ 26103.75, 5940897.525000000372529 ], [ 26103.75, 5940897.599999999627471 ], [ 26103.599999999998545, 5940897.599999999627471 ], [ 26103.599999999998545, 5940897.674999999813735 ], [ 26103.525000000001455, 5940897.674999999813735 ], [ 26103.525000000001455, 5940897.75 ], [ 26103.375, 5940897.75 ], [ 26103.375, 5940897.825000000186265 ], [ 26103.3, 5940897.825000000186265 ], [ 26103.3, 5940897.900000000372529 ], [ 26103.150000000001455, 5940897.900000000372529 ], [ 26103.150000000001455, 5940897.974999999627471 ], [ 26103.075, 5940897.974999999627471 ], [ 26103.075, 5940898.049999999813735 ], [ 26103.0, 5940898.049999999813735 ], [ 26103.0, 5940898.125 ], [ 26102.849999999998545, 5940898.125 ], [ 26102.849999999998545, 5940898.200000000186265 ], [ 26102.775000000001455, 5940898.200000000186265 ], [ 26102.775000000001455, 5940898.275000000372529 ], [ 26102.7, 5940898.275000000372529 ], [ 26102.7, 5940898.349999999627471 ], [ 26102.55, 5940898.349999999627471 ], [ 26102.55, 5940898.424999999813735 ], [ 26102.474999999998545, 5940898.424999999813735 ], [ 26102.474999999998545, 5940898.5 ], [ 26102.325, 5940898.5 ], [ 26102.325, 5940898.575000000186265 ], [ 26102.175, 5940898.575000000186265 ], [ 26102.175, 5940898.650000000372529 ], [ 26102.025000000001455, 5940898.650000000372529 ], [ 26102.025000000001455, 5940898.724999999627471 ], [ 26101.8, 5940898.724999999627471 ], [ 26101.8, 5940898.799999999813735 ], [ 26101.349999999998545, 5940898.799999999813735 ], [ 26101.349999999998545, 5940898.875 ], [ 26100.974999999998545, 5940898.875 ], [ 26100.974999999998545, 5940898.950000000186265 ], [ 26100.45, 5940898.950000000186265 ], [ 26100.45, 5940899.025000000372529 ], [ 26093.175, 5940899.025000000372529 ], [ 26093.175, 5940899.099999999627471 ], [ 26092.125, 5940899.099999999627471 ], [ 26092.125, 5940899.174999999813735 ], [ 26091.45, 5940899.174999999813735 ], [ 26091.45, 5940899.25 ], [ 26090.775000000001455, 5940899.25 ], [ 26090.775000000001455, 5940899.325000000186265 ], [ 26089.95, 5940899.325000000186265 ], [ 26089.95, 5940899.400000000372529 ], [ 26089.05, 5940899.400000000372529 ], [ 26089.05, 5940899.474999999627471 ], [ 26088.075, 5940899.474999999627471 ], [ 26088.075, 5940899.549999999813735 ], [ 26086.95, 5940899.549999999813735 ], [ 26086.95, 5940899.625 ], [ 26085.150000000001455, 5940899.625 ] ] ] } },
{ "type": "Feature", "properties": { "value": 1.0, "building_id": 5, "area": 161.93812499956755 }, "geometry": { "type": "Polygon", "coordinates": [ [ [ 26234.55, 5940886.5 ], [ 26234.55, 5940886.424999999813735 ], [ 26234.099999999998545, 5940886.424999999813735 ], [ 26234.099999999998545, 5940886.349999999627471 ], [ 26233.650000000001455, 5940886.349999999627471 ], [ 26233.650000000001455, 5940886.275000000372529 ], [ 26233.2, 5940886.275000000372529 ], [ 26233.2, 5940886.200000000186265 ], [ 26232.75, 5940886.200000000186265 ], [ 26232.75, 5940886.125 ], [ 26232.599999999998545, 5940886.125 ], [ 26232.599999999998545, 5940886.049999999813735 ], [ 26232.375, 5940886.049999999813735 ], [ 26232.375, 5940885.974999999627471 ], [ 26232.224999999998545, 5940885.974999999627471 ], [ 26232.224999999998545, 5940885.900000000372529 ], [ 26232.075, 5940885.900000000372529 ], [ 26232.075, 5940885.825000000186265 ], [ 26231.849999999998545, 5940885.825000000186265 ], [ 26231.849999999998545, 5940885.75 ], [ 26231.7, 5940885.75 ], [ 26231.7, 5940885.674999999813735 ], [ 26231.55, 5940885.674999999813735 ], [ 26231.55, 5940885.599999999627471 ], [ 26231.325, 5940885.599999999627471 ], [ 26231.325, 5940885.525000000372529 ], [ 26231.175, 5940885.525000000372529 ], [ 26231.175, 5940885.450000000186265 ], [ 26231.025000000001455, 5940885.450000000186265 ], [ 26231.025000000001455, 5940885.375 ], [ 26230.875, 5940885.375 ], [ 26230.875, 5940885.299999999813735 ], [ 26230.724999999998545, 5940885.299999999813735 ], [ 26230.724999999998545, 5940885.224999999627471 ], [ 26230.575, 5940885.224999999627471 ], [ 26230.575, 5940885.150000000372529 ], [ 26230.425, 5940885.150000000372529 ], [ 26230.425, 5940885.075000000186265 ], [ 26230.275000000001455, 5940885.075000000186265 ], [ 26230.275000000001455, 5940885.0 ], [ 26230.125, 5940885.0 ], [ 26230.125, 5940884.924999999813735 ], [ 26229.974999999998545, 5940884.924999999813735 ], [ 26229.974999999998545, 5940884.849999999627471 ], [ 26229.900000000001455, 5940884.849999999627471 ], [ 26229.900000000001455, 5940884.775000000372529 ], [ 26229.75, 5940884.775000000372529 ], [ 26229.75, 5940884.700000000186265 ], [ 26229.599999999998545, 5940884.700000000186265 ], [ 26229.599999999998545, 5940884.625 ], [ 26229.525000000001455, 5940884.625 ], [ 26229.525000000001455, 5940884.549999999813735 ], [ 26229.375, 5940884.549999999813735 ], [ 26229.375, 5940884.474999999627471 ], [ 26229.3, 5940884.474999999627471 ], [ 26229.3, 5940884.400000000372529 ], [ 26229.150000000001455, 5940884.400000000372529 ], [ 26229.150000000001455, 5940884.325000000186265 ], [ 26229.075, 5940884.325000000186265 ], [ 26229.075, 5940884.25 ], [ 26228.925, 5940884.25 ], [ 26228.925, 5940884.174999999813735 ], [ 26228.849999999998545, 5940884.174999999813735 ], [ 26228.849999999998545, 5940884.099999999627471 ], [ 26228.7, 5940884.099999999627471 ], [ 26228.7, 5940884.025000000372529 ], [ 26228.625, 5940884.025000000372529 ], [ 26228.625, 5940883.950000000186265 ], [ 26228.474999999998545, 5940883.950000000186265 ], [ 26228.474999999998545, 5940883.875 ], [ 26228.400000000001455, 5940883.875 ], [ 26228.400000000001455, 5940883.799999999813735 ], [ 26228.325, 5940883.799999999813735 ], [ 26228.325, 5940883.724999999627471 ], [ 26228.175, 5940883.724999999627471 ], [ 26228.175, 5940883.650000000372529 ], [ 26228.099999999998545, 5940883.650000000372529 ], [ 26228.099999999998545, 5940883.575000000186265 ], [ 26228.025000000001455, 5940883.575000000186265 ], [ 26228.025000000001455, 5940883.5 ], [ 26227.875, 5940883.5 ], [ 26227.875, 5940883.424999999813735 ], [ 26227.8, 5940883.424999999813735 ], [ 26227.8, 5940883.349999999627471 ], [ 26227.724999999998545, 5940883.349999999627471 ], [ 26227.724999999998545, 5940883.275000000372529 ], [ 26227.575, 5940883.275000000372529 ], [ 26227.575, 5940883.200000000186265 ], [ 26227.5, 5940883.200000000186265 ], [ 26227.5, 5940883.125 ], [ 26227.425, 5940883.125 ], [ 26227.425, 5940883.049999999813735 ], [ 26227.349999999998545, 5940883.049999999813735 ], [ 26227.349999999998545, 5940882.974999999627471 ], [ 26227.275000000001455, 5940882.974999999627471 ], [ 26227.275000000001455, 5940882.900000000372529 ], [ 26227.125, 5940882.900000000372529 ], [ 26227.125, 5940882.825000000186265 ], [ 26227.05, 5940882.825000000186265 ], [ 26227.05, 5940882.75 ], [ 26226.974999999998545, 5940882.75 ], [ 26226.974999999998545, 5940882.674999999813735 ], [ 26226.900000000001455, 5940882.674999999813735 ], [ 26226.900000000001455, 5940882.599999999627471 ], [ 26226.825, 5940882.599999999627471 ], [ 26226.825, 5940882.525000000372529 ], [ 26226.75, 5940882.525000000372529 ], [ 26226.75, 5940882.375 ], [ 26226.675, 5940882.375 ], [ 26226.675, 5940882.299999999813735 ], [ 26226.599999999998545, 5940882.299999999813735 ], [ 26226.599999999998545, 5940882.224999999627471 ], [ 26226.525000000001455, 5940882.224999999627471 ], [ 26226.525000000001455, 5940882.150000000372529 ], [ 26226.45, 5940882.150000000372529 ], [ 26226.45, 5940882.0 ], [ 26226.375, 5940882.0 ], [ 26226.375, 5940881.924999999813735 ], [ 26226.3, 5940881.924999999813735 ], [ 26226.3, 5940881.849999999627471 ], [ 26226.224999999998545, 5940881.849999999627471 ], [ 26226.224999999998545, 5940881.700000000186265 ], [ 26226.150000000001455, 5940881.700000000186265 ], [ 26226.150000000001455, 5940881.625 ], [ 26226.075, 5940881.625 ], [ 26226.075, 5940881.549999999813735 ], [ 26226.0, 5940881.549999999813735 ], [ 26226.0, 5940881.400000000372529 ], [ 26225.925, 5940881.400000000372529 ], [ 26225.925, 5940881.325000000186265 ], [ 26225.849999999998545, 5940881.325000000186265 ], [ 26225.849999999998545, 5940881.25 ], [ 26225.775000000001455, 5940881.25 ], [ 26225.775000000001455, 5940881.099999999627471 ], [ 26225.7, 5940881.099999999627471 ], [ 26225.7, 5940881.025000000372529 ], [ 26225.625, 5940881.025000000372529 ], [ 26225.625, 5940880.950000000186265 ], [ 26225.55, 5940880.950000000186265 ], [ 26225.55, 5940880.799999999813735 ], [ 26225.474999999998545, 5940880.799999999813735 ], [ 26225.474999999998545, 5940880.650000000372529 ], [ 26225.55, 5940880.650000000372529 ], [ 26225.55, 5940880.424999999813735 ], [ 26225.625, 5940880.424999999813735 ], [ 26225.625, 5940880.125 ], [ 26225.7, 5940880.125 ], [ 26225.7, 5940879.900000000372529 ], [ 26225.775000000001455, 5940879.900000000372529 ], [ 26225.775000000001455, 5940879.674999999813735 ], [ 26225.849999999998545, 5940879.674999999813735 ], [ 26225.849999999998545, 5940879.375 ], [ 26225.925, 5940879.375 ], [ 26225.925, 5940879.150000000372529 ], [ 26226.0, 5940879.150000000372529 ], [ 26226.0, 5940878.849999999627471 ], [ 26226.075, 5940878.849999999627471 ], [ 26226.075, 5940878.775000000372529 ], [ 26226.150000000001455, 5940878.775000000372529 ], [ 26226.150000000001455, 5940878.700000000186265 ], [ 26226.224999999998545, 5940878.700000000186265 ], [ 26226.224999999998545, 5940878.625 ], [ 26226.3, 5940878.625 ], [ 26226.3, 5940878.549999999813735 ], [ 26226.45, 5940878.549999999813735 ], [ 26226.45, 5940878.474999999627471 ], [ 26226.525000000001455, 5940878.474999999627471 ], [ 26226.525000000001455, 5940878.400000000372529 ], [ 26226.675, 5940878.400000000372529 ], [ 26226.675, 5940878.325000000186265 ], [ 26226.75, 5940878.325000000186265 ], [ 26226.75, 5940878.25 ], [ 26226.900000000001455, 5940878.25 ], [ 26226.900000000001455, 5940878.174999999813735 ], [ 26226.974999999998545, 5940878.174999999813735 ], [ 26226.974999999998545, 5940878.099999999627471 ], [ 26227.125, 5940878.099999999627471 ], [ 26227.125, 5940878.025000000372529 ], [ 26227.275000000001455, 5940878.025000000372529 ], [ 26227.275000000001455, 5940877.950000000186265 ], [ 26227.425, 5940877.950000000186265 ], [ 26227.425, 5940877.875 ], [ 26227.575, 5940877.875 ], [ 26227.575, 5940877.799999999813735 ], [ 26227.724999999998545, 5940877.799999999813735 ], [ 26227.724999999998545, 5940877.724999999627471 ], [ 26227.875, 5940877.724999999627471 ], [ 26227.875, 5940877.650000000372529 ], [ 26228.025000000001455, 5940877.650000000372529 ], [ 26228.025000000001455, 5940877.575000000186265 ], [ 26228.175, 5940877.575000000186265 ], [ 26228.175, 5940877.5 ], [ 26228.325, 5940877.5 ], [ 26228.325, 5940877.424999999813735 ], [ 26228.474999999998545, 5940877.424999999813735 ], [ 26228.474999999998545, 5940877.349999999627471 ], [ 26228.55, 5940877.349999999627471 ], [ 26228.55, 5940877.275000000372529 ], [ 26228.7, 5940877.275000000372529 ], [ 26228.7, 5940877.200000000186265 ], [ 26228.849999999998545, 5940877.200000000186265 ], [ 26228.849999999998545, 5940877.125 ], [ 26229.0, 5940877.125 ], [ 26229.0, 5940877.049999999813735 ], [ 26229.150000000001455, 5940877.049999999813735 ], [ 26229.150000000001455, 5940876.974999999627471 ], [ 26229.3, 5940876.974999999627471 ], [ 26229.3, 5940876.900000000372529 ], [ 26229.45, 5940876.900000000372529 ], [ 26229.45, 5940876.825000000186265 ], [ 26229.599999999998545, 5940876.825000000186265 ], [ 26229.599999999998545, 5940876.75 ], [ 26229.75, 5940876.75 ], [ 26229.75, 5940876.674999999813735 ], [ 26229.900000000001455, 5940876.674999999813735 ], [ 26229.900000000001455, 5940876.599999999627471 ], [ 26230.05, 5940876.599999999627471 ], [ 26230.05, 5940876.525000000372529 ], [ 26230.2, 5940876.525000000372529 ], [ 26230.2, 5940876.450000000186265 ], [ 26230.425, 5940876.450000000186265 ], [ 26230.425, 5940876.375 ], [ 26230.575, 5940876.375 ], [ 26230.575, 5940876.299999999813735 ], [ 26230.724999999998545, 5940876.299999999813735 ], [ 26230.724999999998545, 5940876.224999999627471 ], [ 26230.95, 5940876.224999999627471 ], [ 26230.95, 5940876.150000000372529 ], [ 26231.175, 5940876.150000000372529 ], [ 26231.175, 5940876.075000000186265 ], [ 26231.325, 5940876.075000000186265 ], [ 26231.325, 5940876.0 ], [ 26231.55, 5940876.0 ], [ 26231.55, 5940875.924999999813735 ], [ 26231.775000000001455, 5940875.924999999813735 ], [ 26231.775000000001455, 5940875.849999999627471 ], [ 26232.0, 5940875.849999999627471 ], [ 26232.0, 5940875.775000000372529 ], [ 26232.224999999998545, 5940875.775000000372529 ], [ 26232.224999999998545, 5940875.700000000186265 ], [ 26232.375, 5940875.700000000186265 ], [ 26232.375, 5940875.625 ], [ 26232.599999999998545, 5940875.625 ], [ 26232.599999999998545, 5940875.549999999813735 ], [ 26232.900000000001455, 5940875.549999999813735 ], [ 26232.900000000001455, 5940875.474999999627471 ], [ 26233.575, 5940875.474999999627471 ], [ 26233.575, 5940875.400000000372529 ], [ 26234.25, 5940875.400000000372529 ], [ 26234.25, 5940875.325000000186265 ], [ 26235.150000000001455, 5940875.325000000186265 ], [ 26235.150000000001455, 5940875.400000000372529 ], [ 26235.675, 5940875.400000000372529 ], [ 26235.675, 5940875.474999999627471 ], [ 26236.2, 5940875.474999999627471 ], [ 26236.2, 5940875.549999999813735 ], [ 26236.8, 5940875.549999999813735 ], [ 26236.8, 5940875.625 ], [ 26237.400000000001455, 5940875.625 ], [ 26237.400000000001455, 5940875.700000000186265 ], [ 26237.925, 5940875.700000000186265 ], [ 26237.925, 5940875.775000000372529 ], [ 26238.525000000001455, 5940875.775000000372529 ], [ 26238.525000000001455, 5940875.849999999627471 ], [ 26239.125, 5940875.849999999627471 ], [ 26239.125, 5940875.924999999813735 ], [ 26239.650000000001455, 5940875.924999999813735 ], [ 26239.650000000001455, 5940876.0 ], [ 26240.25, 5940876.0 ], [ 26240.25, 5940876.075000000186265 ], [ 26240.7, 5940876.075000000186265 ], [ 26240.7, 5940876.150000000372529 ], [ 26240.925, 5940876.150000000372529 ], [ 26240.925, 5940876.224999999627471 ], [ 26241.150000000001455, 5940876.224999999627471 ], [ 26241.150000000001455, 5940876.299999999813735 ], [ 26241.3, 5940876.299999999813735 ], [ 26241.3, 5940876.375 ], [ 26241.525000000001455, 5940876.375 ], [ 26241.525000000001455, 5940876.450000000186265 ], [ 26241.675, 5940876.450000000186265 ], [ 26241.675, 5940876.525000000372529 ], [ 26241.900000000001455, 5940876.525000000372529 ], [ 26241.900000000001455, 5940876.599999999627471 ], [ 26242.05, 5940876.599999999627471 ], [ 26242.05, 5940876.674999999813735 ], [ 26242.2, 5940876.674999999813735 ], [ 26242.2, 5940876.75 ], [ 26242.425, 5940876.75 ], [ 26242.425, 5940876.825000000186265 ], [ 26242.575, 5940876.825000000186265 ], [ 26242.575, 5940876.900000000372529 ], [ 26242.650000000001455, 5940876.900000000372529 ], [ 26242.650000000001455, 5940876.974999999627471 ], [ 26242.724999999998545, 5940876.974999999627471 ], [ 26242.724999999998545, 5940877.049999999813735 ], [ 26242.8, 5940877.049999999813735 ], [ 26242.8, 5940877.125 ], [ 26242.875, 5940877.125 ], [ 26242.875, 5940877.200000000186265 ], [ 26242.95, 5940877.200000000186265 ], [ 26242.95, 5940877.275000000372529 ], [ 26243.025000000001455, 5940877.275000000372529 ], [ 26243.025000000001455, 5940877.349999999627471 ], [ 26243.099999999998545, 5940877.349999999627471 ], [ 26243.099999999998545, 5940877.424999999813735 ], [ 26243.175, 5940877.424999999813735 ], [ 26243.175, 5940877.5 ], [ 26243.25, 5940877.5 ], [ 26243.25, 5940877.575000000186265 ], [ 26243.325, 5940877.575000000186265 ], [ 26243.325, 5940877.650000000372529 ], [ 26243.400000000001455, 5940877.650000000372529 ], [ 26243.400000000001455, 5940877.724999999627471 ], [ 26243.474999999998545, 5940877.724999999627471 ], [ 26243.474999999998545, 5940877.799999999813735 ], [ 26243.55, 5940877.799999999813735 ], [ 26243.55, 5940877.875 ], [ 26243.625, 5940877.875 ], [ 26243.625, 5940877.950000000186265 ], [ 26243.7, 5940877.950000000186265 ], [ 26243.7, 5940878.025000000372529 ], [ 26243.775000000001455, 5940878.025000000372529 ], [ 26243.775000000001455, 5940878.099999999627471 ], [ 26243.849999999998545, 5940878.099999999627471 ], [ 26243.849999999998545, 5940878.174999999813735 ], [ 26243.925, 5940878.174999999813735 ], [ 26243.925, 5940878.25 ], [ 26244.0, 5940878.25 ], [ 26244.0, 5940878.325000000186265 ], [ 26244.075, 5940878.325000000186265 ], [ 26244.075, 5940878.400000000372529 ], [ 26244.150000000001455, 5940878.400000000372529 ], [ 26244.150000000001455, 5940878.474999999627471 ], [ 26244.224999999998545, 5940878.474999999627471 ], [ 26244.224999999998545, 5940878.549999999813735 ], [ 26244.3, 5940878.549999999813735 ], [ 26244.3, 5940878.625 ], [ 26244.375, 5940878.625 ], [ 26244.375, 5940878.700000000186265 ], [ 26244.45, 5940878.700000000186265 ], [ 26244.45, 5940878.849999999627471 ], [ 26244.525000000001455, 5940878.849999999627471 ], [ 26244.525000000001455, 5940879.299999999813735 ], [ 26244.599999999998545, 5940879.299999999813735 ], [ 26244.599999999998545, 5940879.75 ], [ 26244.675, 5940879.75 ], [ 26244.675, 5940880.200000000186265 ], [ 26244.75, 5940880.200000000186265 ], [ 26244.75, 5940880.724999999627471 ], [ 26244.825, 5940880.724999999627471 ], [ 26244.825, 5940880.799999999813735 ], [ 26244.75, 5940880.799999999813735 ], [ 26244.75, 5940880.950000000186265 ], [ 26244.675, 5940880.950000000186265 ], [ 26244.675, 5940881.174999999813735 ], [ 26244.599999999998545, 5940881.174999999813735 ], [ 26244.599999999998545, 5940881.325000000186265 ], [ 26244.525000000001455, 5940881.325000000186265 ], [ 26244.525000000001455, 5940881.474999999627471 ], [ 26244.45, 5940881.474999999627471 ], [ 26244.45, 5940881.625 ], [ 26244.375, 5940881.625 ], [ 26244.375, 5940881.775000000372529 ], [ 26244.3, 5940881.775000000372529 ], [ 26244.3, 5940881.924999999813735 ], [ 26244.224999999998545, 5940881.924999999813735 ], [ 26244.224999999998545, 5940882.075000000186265 ], [ 26244.150000000001455, 5940882.075000000186265 ], [ 26244.150000000001455, 5940882.224999999627471 ], [ 26244.075, 5940882.224999999627471 ], [ 26244.075, 5940882.375 ], [ 26244.0, 5940882.375 ], [ 26244.0, 5940882.450000000186265 ], [ 26243.925, 5940882.450000000186265 ], [ 26243.925, 5940882.599999999627471 ], [ 26243.849999999998545, 5940882.599999999627471 ], [ 26243.849999999998545, 5940882.75 ], [ 26243.775000000001455, 5940882.75 ], [ 26243.775000000001455, 5940882.900000000372529 ], [ 26243.7, 5940882.900000000372529 ], [ 26243.7, 5940883.049999999813735 ], [ 26243.625, 5940883.049999999813735 ], [ 26243.625, 5940883.200000000186265 ], [ 26243.55, 5940883.200000000186265 ], [ 26243.55, 5940883.275000000372529 ], [ 26243.474999999998545, 5940883.275000000372529 ], [ 26243.474999999998545, 5940883.424999999813735 ], [ 26243.400000000001455, 5940883.424999999813735 ], [ 26243.400000000001455, 5940883.575000000186265 ], [ 26243.325, 5940883.575000000186265 ], [ 26243.325, 5940883.650000000372529 ], [ 26243.25, 5940883.650000000372529 ], [ 26243.25, 5940883.799999999813735 ], [ 26243.175, 5940883.799999999813735 ], [ 26243.175, 5940883.950000000186265 ], [ 26243.099999999998545, 5940883.950000000186265 ], [ 26243.099999999998545, 5940884.025000000372529 ], [ 26243.025000000001455, 5940884.025000000372529 ], [ 26243.025000000001455, 5940884.174999999813735 ], [ 26242.95, 5940884.174999999813735 ], [ 26242.95, 5940884.325000000186265 ], [ 26242.875, 5940884.325000000186265 ], [ 26242.875, 5940884.400000000372529 ], [ 26242.8, 5940884.400000000372529 ], [ 26242.8, 5940884.549999999813735 ], [ 26242.724999999998545, 5940884.549999999813735 ], [ 26242.724999999998545, 5940884.625 ], [ 26242.650000000001455, 5940884.625 ], [ 26242.650000000001455, 5940884.775000000372529 ], [ 26242.575, 5940884.775000000372529 ], [ 26242.575, 5940884.849999999627471 ], [ 26242.425, 5940884.849999999627471 ], [ 26242.425, 5940884.924999999813735 ], [ 26242.349999999998545, 5940884.924999999813735 ], [ 26242.349999999998545, 5940885.0 ], [ 26242.2, 5940885.0 ], [ 26242.2, 5940885.075000000186265 ], [ 26242.05, 5940885.075000000186265 ], [ 26242.05, 5940885.150000000372529 ], [ 26241.974999999998545, 5940885.150000000372529 ], [ 26241.974999999998545, 5940885.224999999627471 ], [ 26241.825, 5940885.224999999627471 ], [ 26241.825, 5940885.299999999813735 ], [ 26241.675, 5940885.299999999813735 ], [ 26241.675, 5940885.375 ], [ 26241.599999999998545, 5940885.375 ], [ 26241.599999999998545, 5940885.450000000186265 ], [ 26241.45, 5940885.450000000186265 ], [ 26241.45, 5940885.525000000372529 ], [ 26241.3, 5940885.525000000372529 ], [ 26241.3, 5940885.599999999627471 ], [ 26241.224999999998545, 5940885.599999999627471 ], [ 26241.224999999998545, 5940885.674999999813735 ], [ 26241.075, 5940885.674999999813735 ], [ 26241.075, 5940885.75 ], [ 26240.925, 5940885.75 ], [ 26240.925, 5940885.825000000186265 ], [ 26240.775000000001455, 5940885.825000000186265 ], [ 26240.775000000001455, 5940885.900000000372529 ], [ 26240.625, 5940885.900000000372529 ], [ 26240.625, 5940885.974999999627471 ], [ 26240.099999999998545, 5940885.974999999627471 ], [ 26240.099999999998545, 5940886.049999999813735 ], [ 26239.349999999998545, 5940886.049999999813735 ], [ 26239.349999999998545, 5940886.125 ], [ 26238.599999999998545, 5940886.125 ], [ 26238.599999999998545, 5940886.200000000186265 ], [ 26237.775000000001455, 5940886.200000000186265 ], [ 26237.775000000001455, 5940886.275000000372529 ], [ 26236.95, 5940886.275000000372529 ], [ 26236.95, 5940886.349999999627471 ], [ 26236.05, 5940886.349999999627471 ], [ 26236.05, 5940886.424999999813735 ], [ 26235.150000000001455, 5940886.424999999813735 ], [ 26235.150000000001455, 5940886.5 ], [ 26234.55, 5940886.5 ] ] ] } },
{ "type": "Feature", "properties": { "value": 1.0, "building_id": 6, "area": 30.94312500008332 }, "geometry": { "type": "Polygon", "coordinates": [ [ [ 26109.75, 5940854.099999999627471 ], [ 26109.75, 5940853.950000000186265 ], [ 26109.675, 5940853.950000000186265 ], [ 26109.675, 5940853.799999999813735 ], [ 26109.599999999998545, 5940853.799999999813735 ], [ 26109.599999999998545, 5940853.650000000372529 ], [ 26109.525000000001455, 5940853.650000000372529 ], [ 26109.525000000001455, 5940853.424999999813735 ], [ 26109.45, 5940853.424999999813735 ], [ 26109.45, 5940853.275000000372529 ], [ 26109.375, 5940853.275000000372529 ], [ 26109.375, 5940853.125 ], [ 26109.3, 5940853.125 ], [ 26109.3, 5940852.900000000372529 ], [ 26109.224999999998545, 5940852.900000000372529 ], [ 26109.224999999998545, 5940852.75 ], [ 26109.150000000001455, 5940852.75 ], [ 26109.150000000001455, 5940852.599999999627471 ], [ 26109.075, 5940852.599999999627471 ], [ 26109.075, 5940852.450000000186265 ], [ 26109.0, 5940852.450000000186265 ], [ 26109.0, 5940852.299999999813735 ], [ 26108.925, 5940852.299999999813735 ], [ 26108.925, 5940852.150000000372529 ], [ 26108.849999999998545, 5940852.150000000372529 ], [ 26108.849999999998545, 5940852.0 ], [ 26108.775000000001455, 5940852.0 ], [ 26108.775000000001455, 5940851.849999999627471 ], [ 26108.7, 5940851.849999999627471 ], [ 26108.7, 5940851.700000000186265 ], [ 26108.625, 5940851.700000000186265 ], [ 26108.625, 5940851.625 ], [ 26108.55, 5940851.625 ], [ 26108.55, 5940851.474999999627471 ], [ 26108.474999999998545, 5940851.474999999627471 ], [ 26108.474999999998545, 5940851.325000000186265 ], [ 26108.400000000001455, 5940851.325000000186265 ], [ 26108.400000000001455, 5940851.174999999813735 ], [ 26108.325, 5940851.174999999813735 ], [ 26108.325, 5940851.099999999627471 ], [ 26108.25, 5940851.099999999627471 ], [ 26108.25, 5940850.950000000186265 ], [ 26108.175, 5940850.950000000186265 ], [ 26108.175, 5940850.799999999813735 ], [ 26108.099999999998545, 5940850.799999999813735 ], [ 26108.099999999998545, 5940850.724999999627471 ], [ 26108.025000000001455, 5940850.724999999627471 ], [ 26108.025000000001455, 5940850.575000000186265 ], [ 26107.95, 5940850.575000000186265 ], [ 26107.95, 5940850.5 ], [ 26107.875, 5940850.5 ], [ 26107.875, 5940850.349999999627471 ], [ 26107.8, 5940850.349999999627471 ], [ 26107.8, 5940850.200000000186265 ], [ 26107.724999999998545, 5940850.200000000186265 ], [ 26107.724999999998545, 5940849.900000000372529 ], [ 26107.650000000001455, 5940849.900000000372529 ], [ 26107.650000000001455, 5940849.674999999813735 ], [ 26107.575, 5940849.674999999813735 ], [ 26107.575, 5940849.075000000186265 ], [ 26107.650000000001455, 5940849.075000000186265 ], [ 26107.650000000001455, 5940848.099999999627471 ], [ 26107.724999999998545, 5940848.099999999627471 ], [ 26107.724999999998545, 5940847.5 ], [ 26107.8, 5940847.5 ], [ 26107.8, 5940847.424999999813735 ], [ 26107.875, 5940847.424999999813735 ], [ 26107.875, 5940847.349999999627471 ], [ 26107.95, 5940847.349999999627471 ], [ 26107.95, 5940847.275000000372529 ], [ 26108.099999999998545, 5940847.275000000372529 ], [ 26108.099999999998545, 5940847.200000000186265 ], [ 26108.175, 5940847.200000000186265 ], [ 26108.175, 5940847.125 ], [ 26108.325, 5940847.125 ], [ 26108.325, 5940847.049999999813735 ], [ 26108.474999999998545, 5940847.049999999813735 ], [ 26108.474999999998545, 5940846.974999999627471 ], [ 26108.55, 5940846.974999999627471 ], [ 26108.55, 5940846.900000000372529 ], [ 26108.7, 5940846.900000000372529 ], [ 26108.7, 5940846.825000000186265 ], [ 26108.849999999998545, 5940846.825000000186265 ], [ 26108.849999999998545, 5940846.75 ], [ 26108.925, 5940846.75 ], [ 26108.925, 5940846.674999999813735 ], [ 26109.075, 5940846.674999999813735 ], [ 26109.075, 5940846.599999999627471 ], [ 26109.224999999998545, 5940846.599999999627471 ], [ 26109.224999999998545, 5940846.525000000372529 ], [ 26109.375, 5940846.525000000372529 ], [ 26109.375, 5940846.450000000186265 ], [ 26109.45, 5940846.450000000186265 ], [ 26109.45, 5940846.375 ], [ 26109.599999999998545, 5940846.375 ], [ 26109.599999999998545, 5940846.299999999813735 ], [ 26109.900000000001455, 5940846.299999999813735 ], [ 26109.900000000001455, 5940846.375 ], [ 26109.974999999998545, 5940846.375 ], [ 26109.974999999998545, 5940846.450000000186265 ], [ 26110.125, 5940846.450000000186265 ], [ 26110.125, 5940846.525000000372529 ], [ 26110.2, 5940846.525000000372529 ], [ 26110.2, 5940846.599999999627471 ], [ 26110.349999999998545, 5940846.599999999627471 ], [ 26110.349999999998545, 5940846.674999999813735 ], [ 26110.425, 5940846.674999999813735 ], [ 26110.425, 5940846.75 ], [ 26110.575, 5940846.75 ], [ 26110.575, 5940846.825000000186265 ], [ 26110.650000000001455, 5940846.825000000186265 ], [ 26110.650000000001455, 5940846.900000000372529 ], [ 26110.8, 5940846.900000000372529 ], [ 26110.8, 5940846.974999999627471 ], [ 26110.95, 5940846.974999999627471 ], [ 26110.95, 5940847.049999999813735 ], [ 26111.025000000001455, 5940847.049999999813735 ], [ 26111.025000000001455, 5940847.125 ], [ 26111.175, 5940847.125 ], [ 26111.175, 5940847.200000000186265 ], [ 26111.325, 5940847.200000000186265 ], [ 26111.325, 5940847.275000000372529 ], [ 26111.474999999998545, 5940847.275000000372529 ], [ 26111.474999999998545, 5940847.349999999627471 ], [ 26111.55, 5940847.349999999627471 ], [ 26111.55, 5940847.424999999813735 ], [ 26111.7, 5940847.424999999813735 ], [ 26111.7, 5940847.5 ], [ 26111.849999999998545, 5940847.5 ], [ 26111.849999999998545, 5940847.575000000186265 ], [ 26111.925, 5940847.575000000186265 ], [ 26111.925, 5940847.724999999627471 ], [ 26112.0, 5940847.724999999627471 ], [ 26112.0, 5940847.799999999813735 ], [ 26112.075, 5940847.799999999813735 ], [ 26112.075, 5940847.950000000186265 ], [ 26112.150000000001455, 5940847.950000000186265 ], [ 26112.150000000001455, 5940848.025000000372529 ], [ 26112.224999999998545, 5940848.025000000372529 ], [ 26112.224999999998545, 5940848.099999999627471 ], [ 26112.3, 5940848.099999999627471 ], [ 26112.3, 5940848.25 ], [ 26112.375, 5940848.25 ], [ 26112.375, 5940848.325000000186265 ], [ 26112.45, 5940848.325000000186265 ], [ 26112.45, 5940848.400000000372529 ], [ 26112.525000000001455, 5940848.400000000372529 ], [ 26112.525000000001455, 5940848.549999999813735 ], [ 26112.599999999998545, 5940848.549999999813735 ], [ 26112.599999999998545, 5940848.625 ], [ 26112.675, 5940848.625 ], [ 26112.675, 5940848.700000000186265 ], [ 26112.75, 5940848.700000000186265 ], [ 26112.75, 5940848.775000000372529 ], [ 26112.825, 5940848.775000000372529 ], [ 26112.825, 5940848.849999999627471 ], [ 26112.900000000001455, 5940848.849999999627471 ], [ 26112.900000000001455, 5940848.924999999813735 ], [ 26112.974999999998545, 5940848.924999999813735 ], [ 26112.974999999998545, 5940849.075000000186265 ], [ 26113.05, 5940849.075000000186265 ], [ 26113.05, 5940849.150000000372529 ], [ 26113.125, 5940849.150000000372529 ], [ 26113.125, 5940849.224999999627471 ], [ 26113.2, 5940849.224999999627471 ], [ 26113.2, 5940849.299999999813735 ], [ 26113.275000000001455, 5940849.299999999813735 ], [ 26113.275000000001455, 5940849.375 ], [ 26113.349999999998545, 5940849.375 ], [ 26113.349999999998545, 5940849.450000000186265 ], [ 26113.5, 5940849.450000000186265 ], [ 26113.5, 5940849.75 ], [ 26113.425, 5940849.75 ], [ 26113.425, 5940850.275000000372529 ], [ 26113.349999999998545, 5940850.275000000372529 ], [ 26113.349999999998545, 5940850.650000000372529 ], [ 26113.275000000001455, 5940850.650000000372529 ], [ 26113.275000000001455, 5940851.025000000372529 ], [ 26113.2, 5940851.025000000372529 ], [ 26113.2, 5940851.325000000186265 ], [ 26113.125, 5940851.325000000186265 ], [ 26113.125, 5940851.625 ], [ 26113.05, 5940851.625 ], [ 26113.05, 5940851.849999999627471 ], [ 26112.974999999998545, 5940851.849999999627471 ], [ 26112.974999999998545, 5940852.0 ], [ 26112.900000000001455, 5940852.0 ], [ 26112.900000000001455, 5940852.150000000372529 ], [ 26112.825, 5940852.150000000372529 ], [ 26112.825, 5940852.299999999813735 ], [ 26112.75, 5940852.299999999813735 ], [ 26112.75, 5940852.450000000186265 ], [ 26112.675, 5940852.450000000186265 ], [ 26112.675, 5940852.599999999627471 ], [ 26112.599999999998545, 5940852.599999999627471 ], [ 26112.599999999998545, 5940852.674999999813735 ], [ 26112.525000000001455, 5940852.674999999813735 ], [ 26112.525000000001455, 5940852.825000000186265 ], [ 26112.45, 5940852.825000000186265 ], [ 26112.45, 5940852.900000000372529 ], [ 26112.375, 5940852.900000000372529 ], [ 26112.375, 5940852.974999999627471 ], [ 26112.3, 5940852.974999999627471 ], [ 26112.3, 5940853.049999999813735 ], [ 26112.224999999998545, 5940853.049999999813735 ], [ 26112.224999999998545, 5940853.125 ], [ 26112.150000000001455, 5940853.125 ], [ 26112.150000000001455, 5940853.200000000186265 ], [ 26112.075, 5940853.200000000186265 ], [ 26112.075, 5940853.275000000372529 ], [ 26112.0, 5940853.275000000372529 ], [ 26112.0, 5940853.349999999627471 ], [ 26111.849999999998545, 5940853.349999999627471 ], [ 26111.849999999998545, 5940853.424999999813735 ], [ 26111.775000000001455, 5940853.424999999813735 ], [ 26111.775000000001455, 5940853.5 ], [ 26111.625, 5940853.5 ], [ 26111.625, 5940853.575000000186265 ], [ 26111.474999999998545, 5940853.575000000186265 ], [ 26111.474999999998545, 5940853.650000000372529 ], [ 26111.325, 5940853.650000000372529 ], [ 26111.325, 5940853.724999999627471 ], [ 26111.099999999998545, 5940853.724999999627471 ], [ 26111.099999999998545, 5940853.799999999813735 ], [ 26110.875, 5940853.799999999813735 ], [ 26110.875, 5940853.875 ], [ 26110.575, 5940853.875 ], [ 26110.575, 5940853.950000000186265 ], [ 26110.275000000001455, 5940853.950000000186265 ], [ 26110.275000000001455, 5940854.025000000372529 ], [ 26109.900000000001455, 5940854.025000000372529 ], [ 26109.900000000001455, 5940854.099999999627471 ], [ 26109.75, 5940854.099999999627471 ] ] ] } },
{ "type": "Feature", "properties": { "value": 1.0, "building_id": 7, "area": 454.12875000026423 }, "geometry": { "type": "Polygon", "coordinates": [ [ [ 26078.400000000001455, 5940867.825000000186265 ], [ 26078.400000000001455, 5940867.75 ], [ 26078.025000000001455, 5940867.75 ], [ 26078.025000000001455, 5940867.674999999813735 ], [ 26077.650000000001455, 5940867.674999999813735 ], [ 26077.650000000001455, 5940867.599999999627471 ], [ 26077.275000000001455, 5940867.599999999627471 ], [ 26077.275000000001455, 5940867.525000000372529 ], [ 26076.974999999998545, 5940867.525000000372529 ], [ 26076.974999999998545, 5940867.450000000186265 ], [ 26076.675, 5940867.450000000186265 ], [ 26076.675, 5940867.375 ], [ 26076.525000000001455, 5940867.375 ], [ 26076.525000000001455, 5940867.299999999813735 ], [ 26076.375, 5940867.299999999813735 ], [ 26076.375, 5940867.224999999627471 ], [ 26076.3, 5940867.224999999627471 ], [ 26076.3, 5940867.150000000372529 ], [ 26076.224999999998545, 5940867.150000000372529 ], [ 26076.224999999998545, 5940867.075000000186265 ], [ 26076.150000000001455, 5940867.075000000186265 ], [ 26076.150000000001455, 5940867.0 ], [ 26076.075, 5940867.0 ], [ 26076.075, 5940866.924999999813735 ], [ 26076.0, 5940866.924999999813735 ], [ 26076.0, 5940866.849999999627471 ], [ 26075.925, 5940866.849999999627471 ], [ 26075.925, 5940866.775000000372529 ], [ 26075.849999999998545, 5940866.775000000372529 ], [ 26075.849999999998545, 5940866.700000000186265 ], [ 26075.775000000001455, 5940866.700000000186265 ], [ 26075.775000000001455, 5940866.625 ], [ 26075.7, 5940866.625 ], [ 26075.7, 5940866.549999999813735 ], [ 26075.625, 5940866.549999999813735 ], [ 26075.625, 5940866.474999999627471 ], [ 26075.55, 5940866.474999999627471 ], [ 26075.55, 5940866.325000000186265 ], [ 26075.474999999998545, 5940866.325000000186265 ], [ 26075.474999999998545, 5940866.25 ], [ 26075.400000000001455, 5940866.25 ], [ 26075.400000000001455, 5940866.174999999813735 ], [ 26075.325, 5940866.174999999813735 ], [ 26075.325, 5940866.099999999627471 ], [ 26075.175, 5940866.099999999627471 ], [ 26075.175, 5940866.025000000372529 ], [ 26075.099999999998545, 5940866.025000000372529 ], [ 26075.099999999998545, 5940865.950000000186265 ], [ 26075.025000000001455, 5940865.950000000186265 ], [ 26075.025000000001455, 5940865.875 ], [ 26074.95, 5940865.875 ], [ 26074.95, 5940865.799999999813735 ], [ 26074.875, 5940865.799999999813735 ], [ 26074.875, 5940865.724999999627471 ], [ 26074.8, 5940865.724999999627471 ], [ 26074.8, 5940865.650000000372529 ], [ 26074.724999999998545, 5940865.650000000372529 ], [ 26074.724999999998545, 5940865.575000000186265 ], [ 26074.650000000001455, 5940865.575000000186265 ], [ 26074.650000000001455, 5940865.5 ], [ 26074.575, 5940865.5 ], [ 26074.575, 5940865.424999999813735 ], [ 26074.5, 5940865.424999999813735 ], [ 26074.5, 5940865.349999999627471 ], [ 26074.425, 5940865.349999999627471 ], [ 26074.425, 5940865.200000000186265 ], [ 26074.349999999998545, 5940865.200000000186265 ], [ 26074.349999999998545, 5940865.125 ], [ 26074.275000000001455, 5940865.125 ], [ 26074.275000000001455, 5940865.049999999813735 ], [ 26074.2, 5940865.049999999813735 ], [ 26074.2, 5940864.900000000372529 ], [ 26074.125, 5940864.900000000372529 ], [ 26074.125, 5940864.75 ], [ 26074.05, 5940864.75 ], [ 26074.05, 5940864.599999999627471 ], [ 26073.974999999998545, 5940864.599999999627471 ], [ 26073.974999999998545, 5940864.525000000372529 ], [ 26073.900000000001455, 5940864.525000000372529 ], [ 26073.900000000001455, 5940864.375 ], [ 26073.825, 5940864.375 ], [ 26073.825, 5940864.224999999627471 ], [ 26073.75, 5940864.224999999627471 ], [ 26073.75, 5940864.150000000372529 ], [ 26073.675, 5940864.150000000372529 ], [ 26073.675, 5940864.0 ], [ 26073.599999999998545, 5940864.0 ], [ 26073.599999999998545, 5940863.849999999627471 ], [ 26073.525000000001455, 5940863.849999999627471 ], [ 26073.525000000001455, 5940863.700000000186265 ], [ 26073.45, 5940863.700000000186265 ], [ 26073.45, 5940863.549999999813735 ], [ 26073.375, 5940863.549999999813735 ], [ 26073.375, 5940863.400000000372529 ], [ 26073.3, 5940863.400000000372529 ], [ 26073.3, 5940863.325000000186265 ], [ 26073.224999999998545, 5940863.325000000186265 ], [ 26073.224999999998545, 5940863.174999999813735 ], [ 26073.150000000001455, 5940863.174999999813735 ], [ 26073.150000000001455, 5940862.950000000186265 ], [ 26073.075, 5940862.950000000186265 ], [ 26073.075, 5940862.799999999813735 ], [ 26073.0, 5940862.799999999813735 ], [ 26073.0, 5940862.650000000372529 ], [ 26072.925, 5940862.650000000372529 ], [ 26072.925, 5940862.5 ], [ 26072.849999999998545, 5940862.5 ], [ 26072.849999999998545, 5940862.424999999813735 ], [ 26072.775000000001455, 5940862.424999999813735 ], [ 26072.775000000001455, 5940862.275000000372529 ], [ 26072.7, 5940862.275000000372529 ], [ 26072.7, 5940862.125 ], [ 26072.625, 5940862.125 ], [ 26072.625, 5940861.974999999627471 ], [ 26072.55, 5940861.974999999627471 ], [ 26072.55, 5940861.825000000186265 ], [ 26072.474999999998545, 5940861.825000000186265 ], [ 26072.474999999998545, 5940861.599999999627471 ], [ 26072.400000000001455, 5940861.599999999627471 ], [ 26072.400000000001455, 5940861.450000000186265 ], [ 26072.325, 5940861.450000000186265 ], [ 26072.325, 5940861.224999999627471 ], [ 26072.25, 5940861.224999999627471 ], [ 26072.25, 5940861.0 ], [ 26072.175, 5940861.0 ], [ 26072.175, 5940860.700000000186265 ], [ 26072.099999999998545, 5940860.700000000186265 ], [ 26072.099999999998545, 5940860.400000000372529 ], [ 26072.025000000001455, 5940860.400000000372529 ], [ 26072.025000000001455, 5940860.174999999813735 ], [ 26071.95, 5940860.174999999813735 ], [ 26071.95, 5940859.799999999813735 ], [ 26071.875, 5940859.799999999813735 ], [ 26071.875, 5940859.5 ], [ 26071.8, 5940859.5 ], [ 26071.8, 5940859.125 ], [ 26071.724999999998545, 5940859.125 ], [ 26071.724999999998545, 5940858.75 ], [ 26071.650000000001455, 5940858.75 ], [ 26071.650000000001455, 5940858.299999999813735 ], [ 26071.575, 5940858.299999999813735 ], [ 26071.575, 5940857.849999999627471 ], [ 26071.5, 5940857.849999999627471 ], [ 26071.5, 5940857.474999999627471 ], [ 26071.425, 5940857.474999999627471 ], [ 26071.425, 5940857.025000000372529 ], [ 26071.349999999998545, 5940857.025000000372529 ], [ 26071.349999999998545, 5940856.575000000186265 ], [ 26071.275000000001455, 5940856.575000000186265 ], [ 26071.275000000001455, 5940856.125 ], [ 26071.2, 5940856.125 ], [ 26071.2, 5940855.75 ], [ 26071.125, 5940855.75 ], [ 26071.125, 5940855.375 ], [ 26071.05, 5940855.375 ], [ 26071.05, 5940855.075000000186265 ], [ 26070.974999999998545, 5940855.075000000186265 ], [ 26070.974999999998545, 5940854.775000000372529 ], [ 26070.900000000001455, 5940854.775000000372529 ], [ 26070.900000000001455, 5940854.474999999627471 ], [ 26070.825, 5940854.474999999627471 ], [ 26070.825, 5940854.174999999813735 ], [ 26070.75, 5940854.174999999813735 ], [ 26070.75, 5940853.950000000186265 ], [ 26070.675, 5940853.950000000186265 ], [ 26070.675, 5940853.724999999627471 ], [ 26070.599999999998545, 5940853.724999999627471 ], [ 26070.599999999998545, 5940853.5 ], [ 26070.525000000001455, 5940853.5 ], [ 26070.525000000001455, 5940853.200000000186265 ], [ 26070.45, 5940853.200000000186265 ], [ 26070.45, 5940852.974999999627471 ], [ 26070.375, 5940852.974999999627471 ], [ 26070.375, 5940852.674999999813735 ], [ 26070.3, 5940852.674999999813735 ], [ 26070.3, 5940852.375 ], [ 26070.224999999998545, 5940852.375 ], [ 26070.224999999998545, 5940852.075000000186265 ], [ 26070.150000000001455, 5940852.075000000186265 ], [ 26070.150000000001455, 5940851.775000000372529 ], [ 26070.075, 5940851.775000000372529 ], [ 26070.075, 5940851.474999999627471 ], [ 26070.0, 5940851.474999999627471 ], [ 26070.0, 5940851.174999999813735 ], [ 26069.925, 5940851.174999999813735 ], [ 26069.925, 5940850.799999999813735 ], [ 26069.849999999998545, 5940850.799999999813735 ], [ 26069.849999999998545, 5940850.424999999813735 ], [ 26069.775000000001455, 5940850.424999999813735 ], [ 26069.775000000001455, 5940850.125 ], [ 26069.7, 5940850.125 ], [ 26069.7, 5940849.75 ], [ 26069.625, 5940849.75 ], [ 26069.625, 5940847.424999999813735 ], [ 26069.7, 5940847.424999999813735 ], [ 26069.7, 5940847.125 ], [ 26069.775000000001455, 5940847.125 ], [ 26069.775000000001455, 5940846.900000000372529 ], [ 26069.849999999998545, 5940846.900000000372529 ], [ 26069.849999999998545, 5940846.674999999813735 ], [ 26069.925, 5940846.674999999813735 ], [ 26069.925, 5940846.375 ], [ 26070.0, 5940846.375 ], [ 26070.0, 5940846.150000000372529 ], [ 26070.075, 5940846.150000000372529 ], [ 26070.075, 5940845.924999999813735 ], [ 26070.150000000001455, 5940845.924999999813735 ], [ 26070.150000000001455, 5940845.775000000372529 ], [ 26070.224999999998545, 5940845.775000000372529 ], [ 26070.224999999998545, 5940845.549999999813735 ], [ 26070.3, 5940845.549999999813735 ], [ 26070.3, 5940845.400000000372529 ], [ 26070.375, 5940845.400000000372529 ], [ 26070.375, 5940845.25 ], [ 26070.45, 5940845.25 ], [ 26070.45, 5940845.099999999627471 ], [ 26070.525000000001455, 5940845.099999999627471 ], [ 26070.525000000001455, 5940844.950000000186265 ], [ 26070.599999999998545, 5940844.950000000186265 ], [ 26070.599999999998545, 5940844.799999999813735 ], [ 26070.675, 5940844.799999999813735 ], [ 26070.675, 5940844.650000000372529 ], [ 26070.75, 5940844.650000000372529 ], [ 26070.75, 5940844.5 ], [ 26070.825, 5940844.5 ], [ 26070.825, 5940844.349999999627471 ], [ 26070.900000000001455, 5940844.349999999627471 ], [ 26070.900000000001455, 5940844.275000000372529 ], [ 26070.974999999998545, 5940844.275000000372529 ], [ 26070.974999999998545, 5940844.125 ], [ 26071.05, 5940844.125 ], [ 26071.05, 5940843.974999999627471 ], [ 26071.125, 5940843.974999999627471 ], [ 26071.125, 5940843.825000000186265 ], [ 26071.2, 5940843.825000000186265 ], [ 26071.2, 5940843.674999999813735 ], [ 26071.275000000001455, 5940843.674999999813735 ], [ 26071.275000000001455, 5940843.525000000372529 ], [ 26071.349999999998545, 5940843.525000000372529 ], [ 26071.349999999998545, 5940843.450000000186265 ], [ 26071.425, 5940843.450000000186265 ], [ 26071.425, 5940843.299999999813735 ], [ 26071.5, 5940843.299999999813735 ], [ 26071.5, 5940843.150000000372529 ], [ 26071.575, 5940843.150000000372529 ], [ 26071.575, 5940843.075000000186265 ], [ 26071.650000000001455, 5940843.075000000186265 ], [ 26071.650000000001455, 5940843.0 ], [ 26071.724999999998545, 5940843.0 ], [ 26071.724999999998545, 5940842.849999999627471 ], [ 26071.8, 5940842.849999999627471 ], [ 26071.8, 5940842.775000000372529 ], [ 26071.875, 5940842.775000000372529 ], [ 26071.875, 5940842.700000000186265 ], [ 26071.95, 5940842.700000000186265 ], [ 26071.95, 5940842.549999999813735 ], [ 26072.025000000001455, 5940842.549999999813735 ], [ 26072.025000000001455, 5940842.474999999627471 ], [ 26072.099999999998545, 5940842.474999999627471 ], [ 26072.099999999998545, 5940842.400000000372529 ], [ 26072.175, 5940842.400000000372529 ], [ 26072.175, 5940842.325000000186265 ], [ 26072.25, 5940842.325000000186265 ], [ 26072.25, 5940842.25 ], [ 26072.325, 5940842.25 ], [ 26072.325, 5940842.174999999813735 ], [ 26072.400000000001455, 5940842.174999999813735 ], [ 26072.400000000001455, 5940842.099999999627471 ], [ 26072.474999999998545, 5940842.099999999627471 ], [ 26072.474999999998545, 5940842.025000000372529 ], [ 26072.55, 5940842.025000000372529 ], [ 26072.55, 5940841.950000000186265 ], [ 26072.625, 5940841.950000000186265 ], [ 26072.625, 5940841.875 ], [ 26072.7, 5940841.875 ], [ 26072.7, 5940841.799999999813735 ], [ 26072.775000000001455, 5940841.799999999813735 ], [ 26072.775000000001455, 5940841.724999999627471 ], [ 26072.925, 5940841.724999999627471 ], [ 26072.925, 5940841.575000000186265 ], [ 26073.0, 5940841.575000000186265 ], [ 26073.0, 5940841.5 ], [ 26073.075, 5940841.5 ], [ 26073.075, 5940841.424999999813735 ], [ 26073.150000000001455, 5940841.424999999813735 ], [ 26073.150000000001455, 5940841.349999999627471 ], [ 26073.224999999998545, 5940841.349999999627471 ], [ 26073.224999999998545, 5940841.275000000372529 ], [ 26073.3, 5940841.275000000372529 ], [ 26073.3, 5940841.200000000186265 ], [ 26073.375, 5940841.200000000186265 ], [ 26073.375, 5940841.125 ], [ 26073.45, 5940841.125 ], [ 26073.45, 5940841.049999999813735 ], [ 26073.525000000001455, 5940841.049999999813735 ], [ 26073.525000000001455, 5940840.974999999627471 ], [ 26073.599999999998545, 5940840.974999999627471 ], [ 26073.599999999998545, 5940840.900000000372529 ], [ 26073.675, 5940840.900000000372529 ], [ 26073.675, 5940840.825000000186265 ], [ 26073.75, 5940840.825000000186265 ], [ 26073.75, 5940840.75 ], [ 26073.825, 5940840.75 ], [ 26073.825, 5940840.674999999813735 ], [ 26073.974999999998545, 5940840.674999999813735 ], [ 26073.974999999998545, 5940840.599999999627471 ], [ 26074.05, 5940840.599999999627471 ], [ 26074.05, 5940840.525000000372529 ], [ 26074.125, 5940840.525000000372529 ], [ 26074.125, 5940840.450000000186265 ], [ 26074.275000000001455, 5940840.450000000186265 ], [ 26074.275000000001455, 5940840.375 ], [ 26074.349999999998545, 5940840.375 ], [ 26074.349999999998545, 5940840.299999999813735 ], [ 26074.425, 5940840.299999999813735 ], [ 26074.425, 5940840.224999999627471 ], [ 26074.575, 5940840.224999999627471 ], [ 26074.575, 5940840.150000000372529 ], [ 26074.724999999998545, 5940840.150000000372529 ], [ 26074.724999999998545, 5940840.075000000186265 ], [ 26074.8, 5940840.075000000186265 ], [ 26074.8, 5940840.0 ], [ 26074.95, 5940840.0 ], [ 26074.95, 5940839.924999999813735 ], [ 26075.099999999998545, 5940839.924999999813735 ], [ 26075.099999999998545, 5940839.849999999627471 ], [ 26075.175, 5940839.849999999627471 ], [ 26075.175, 5940839.775000000372529 ], [ 26075.325, 5940839.775000000372529 ], [ 26075.325, 5940839.700000000186265 ], [ 26075.400000000001455, 5940839.700000000186265 ], [ 26075.400000000001455, 5940839.549999999813735 ], [ 26075.474999999998545, 5940839.549999999813735 ], [ 26075.474999999998545, 5940839.400000000372529 ], [ 26075.55, 5940839.400000000372529 ], [ 26075.55, 5940839.325000000186265 ], [ 26075.625, 5940839.325000000186265 ], [ 26075.625, 5940839.25 ], [ 26075.7, 5940839.25 ], [ 26075.7, 5940839.099999999627471 ], [ 26075.775000000001455, 5940839.099999999627471 ], [ 26075.775000000001455, 5940839.025000000372529 ], [ 26075.849999999998545, 5940839.025000000372529 ], [ 26075.849999999998545, 5940838.950000000186265 ], [ 26075.925, 5940838.950000000186265 ], [ 26075.925, 5940838.875 ], [ 26076.0, 5940838.875 ], [ 26076.0, 5940838.799999999813735 ], [ 26076.150000000001455, 5940838.799999999813735 ], [ 26076.150000000001455, 5940838.724999999627471 ], [ 26076.3, 5940838.724999999627471 ], [ 26076.3, 5940838.650000000372529 ], [ 26076.900000000001455, 5940838.650000000372529 ], [ 26076.900000000001455, 5940838.724999999627471 ], [ 26078.925, 5940838.724999999627471 ], [ 26078.925, 5940838.799999999813735 ], [ 26079.3, 5940838.799999999813735 ], [ 26079.3, 5940838.875 ], [ 26079.375, 5940838.875 ], [ 26079.375, 5940838.950000000186265 ], [ 26079.525000000001455, 5940838.950000000186265 ], [ 26079.525000000001455, 5940839.025000000372529 ], [ 26079.599999999998545, 5940839.025000000372529 ], [ 26079.599999999998545, 5940839.099999999627471 ], [ 26079.675, 5940839.099999999627471 ], [ 26079.675, 5940839.174999999813735 ], [ 26079.75, 5940839.174999999813735 ], [ 26079.75, 5940839.25 ], [ 26079.825, 5940839.25 ], [ 26079.825, 5940839.325000000186265 ], [ 26079.900000000001455, 5940839.325000000186265 ], [ 26079.900000000001455, 5940839.400000000372529 ], [ 26079.974999999998545, 5940839.400000000372529 ], [ 26079.974999999998545, 5940839.474999999627471 ], [ 26080.05, 5940839.474999999627471 ], [ 26080.05, 5940839.549999999813735 ], [ 26080.125, 5940839.549999999813735 ], [ 26080.125, 5940839.700000000186265 ], [ 26080.2, 5940839.700000000186265 ], [ 26080.2, 5940839.775000000372529 ], [ 26080.349999999998545, 5940839.775000000372529 ], [ 26080.349999999998545, 5940839.849999999627471 ], [ 26080.575, 5940839.849999999627471 ], [ 26080.575, 5940839.924999999813735 ], [ 26080.724999999998545, 5940839.924999999813735 ], [ 26080.724999999998545, 5940840.0 ], [ 26080.95, 5940840.0 ], [ 26080.95, 5940840.075000000186265 ], [ 26081.099999999998545, 5940840.075000000186265 ], [ 26081.099999999998545, 5940840.150000000372529 ], [ 26081.325, 5940840.150000000372529 ], [ 26081.325, 5940840.224999999627471 ], [ 26081.474999999998545, 5940840.224999999627471 ], [ 26081.474999999998545, 5940840.299999999813735 ], [ 26081.625, 5940840.299999999813735 ], [ 26081.625, 5940840.375 ], [ 26081.849999999998545, 5940840.375 ], [ 26081.849999999998545, 5940840.450000000186265 ], [ 26082.0, 5940840.450000000186265 ], [ 26082.0, 5940840.525000000372529 ], [ 26082.150000000001455, 5940840.525000000372529 ], [ 26082.150000000001455, 5940840.599999999627471 ], [ 26082.375, 5940840.599999999627471 ], [ 26082.375, 5940840.674999999813735 ], [ 26082.525000000001455, 5940840.674999999813735 ], [ 26082.525000000001455, 5940840.75 ], [ 26082.675, 5940840.75 ], [ 26082.675, 5940840.825000000186265 ], [ 26082.825, 5940840.825000000186265 ], [ 26082.825, 5940840.900000000372529 ], [ 26082.974999999998545, 5940840.900000000372529 ], [ 26082.974999999998545, 5940840.974999999627471 ], [ 26083.125, 5940840.974999999627471 ], [ 26083.125, 5940841.049999999813735 ], [ 26083.2, 5940841.049999999813735 ], [ 26083.2, 5940841.125 ], [ 26083.349999999998545, 5940841.125 ], [ 26083.349999999998545, 5940841.200000000186265 ], [ 26083.5, 5940841.200000000186265 ], [ 26083.5, 5940841.275000000372529 ], [ 26083.575, 5940841.275000000372529 ], [ 26083.575, 5940841.349999999627471 ], [ 26083.724999999998545, 5940841.349999999627471 ], [ 26083.724999999998545, 5940841.424999999813735 ], [ 26083.8, 5940841.424999999813735 ], [ 26083.8, 5940841.5 ], [ 26083.95, 5940841.5 ], [ 26083.95, 5940841.575000000186265 ], [ 26084.025000000001455, 5940841.575000000186265 ], [ 26084.025000000001455, 5940841.650000000372529 ], [ 26084.175, 5940841.650000000372529 ], [ 26084.175, 5940841.724999999627471 ], [ 26084.25, 5940841.724999999627471 ], [ 26084.25, 5940841.799999999813735 ], [ 26084.400000000001455, 5940841.799999999813735 ], [ 26084.400000000001455, 5940841.875 ], [ 26084.474999999998545, 5940841.875 ], [ 26084.474999999998545, 5940841.950000000186265 ], [ 26084.625, 5940841.950000000186265 ], [ 26084.625, 5940842.025000000372529 ], [ 26084.7, 5940842.025000000372529 ], [ 26084.7, 5940842.099999999627471 ], [ 26084.775000000001455, 5940842.099999999627471 ], [ 26084.775000000001455, 5940842.174999999813735 ], [ 26084.925, 5940842.174999999813735 ], [ 26084.925, 5940842.25 ], [ 26085.0, 5940842.25 ], [ 26085.0, 5940842.325000000186265 ], [ 26085.075, 5940842.325000000186265 ], [ 26085.075, 5940842.400000000372529 ], [ 26085.224999999998545, 5940842.400000000372529 ], [ 26085.224999999998545, 5940842.474999999627471 ], [ 26085.3, 5940842.474999999627471 ], [ 26085.3, 5940842.549999999813735 ], [ 26085.375, 5940842.549999999813735 ], [ 26085.375, 5940842.625 ], [ 26085.45, 5940842.625 ], [ 26085.45, 5940842.700000000186265 ], [ 26085.599999999998545, 5940842.700000000186265 ], [ 26085.599999999998545, 5940842.775000000372529 ], [ 26085.675, 5940842.775000000372529 ], [ 26085.675, 5940842.849999999627471 ], [ 26085.75, 5940842.849999999627471 ], [ 26085.75, 5940842.924999999813735 ], [ 26085.825, 5940842.924999999813735 ], [ 26085.825, 5940843.0 ], [ 26085.974999999998545, 5940843.0 ], [ 26085.974999999998545, 5940843.075000000186265 ], [ 26086.05, 5940843.075000000186265 ], [ 26086.05, 5940843.150000000372529 ], [ 26086.125, 5940843.150000000372529 ], [ 26086.125, 5940843.224999999627471 ], [ 26086.2, 5940843.224999999627471 ], [ 26086.2, 5940843.299999999813735 ], [ 26086.349999999998545, 5940843.299999999813735 ], [ 26086.349999999998545, 5940843.375 ], [ 26086.425, 5940843.375 ], [ 26086.425, 5940843.450000000186265 ], [ 26086.5, 5940843.450000000186265 ], [ 26086.5, 5940843.599999999627471 ], [ 26086.575, 5940843.599999999627471 ], [ 26086.575, 5940843.674999999813735 ], [ 26086.650000000001455, 5940843.674999999813735 ], [ 26086.650000000001455, 5940843.75 ], [ 26086.724999999998545, 5940843.75 ], [ 26086.724999999998545, 5940843.825000000186265 ], [ 26086.8, 5940843.825000000186265 ], [ 26086.8, 5940843.974999999627471 ], [ 26086.875, 5940843.974999999627471 ], [ 26086.875, 5940844.049999999813735 ], [ 26086.95, 5940844.049999999813735 ], [ 26086.95, 5940844.125 ], [ 26087.025000000001455, 5940844.125 ], [ 26087.025000000001455, 5940844.275000000372529 ], [ 26087.099999999998545, 5940844.275000000372529 ], [ 26087.099999999998545, 5940844.349999999627471 ], [ 26087.175, 5940844.349999999627471 ], [ 26087.175, 5940844.424999999813735 ], [ 26087.25, 5940844.424999999813735 ], [ 26087.25, 5940844.575000000186265 ], [ 26087.325, 5940844.575000000186265 ], [ 26087.325, 5940844.650000000372529 ], [ 26087.400000000001455, 5940844.650000000372529 ], [ 26087.400000000001455, 5940844.724999999627471 ], [ 26087.474999999998545, 5940844.724999999627471 ], [ 26087.474999999998545, 5940844.875 ], [ 26087.55, 5940844.875 ], [ 26087.55, 5940844.950000000186265 ], [ 26087.625, 5940844.950000000186265 ], [ 26087.625, 5940845.025000000372529 ], [ 26087.7, 5940845.025000000372529 ], [ 26087.7, 5940845.174999999813735 ], [ 26087.775000000001455, 5940845.174999999813735 ], [ 26087.775000000001455, 5940845.25 ], [ 26087.849999999998545, 5940845.25 ], [ 26087.849999999998545, 5940845.400000000372529 ], [ 26087.925, 5940845.400000000372529 ], [ 26087.925, 5940845.474999999627471 ], [ 26088.0, 5940845.474999999627471 ], [ 26088.0, 5940845.549999999813735 ], [ 26088.075, 5940845.549999999813735 ], [ 26088.075, 5940845.700000000186265 ], [ 26088.150000000001455, 5940845.700000000186265 ], [ 26088.150000000001455, 5940845.775000000372529 ], [ 26088.224999999998545, 5940845.775000000372529 ], [ 26088.224999999998545, 5940845.924999999813735 ], [ 26088.3, 5940845.924999999813735 ], [ 26088.3, 5940846.0 ], [ 26088.375, 5940846.0 ], [ 26088.375, 5940846.150000000372529 ], [ 26088.45, 5940846.150000000372529 ], [ 26088.45, 5940846.299999999813735 ], [ 26088.525000000001455, 5940846.299999999813735 ], [ 26088.525000000001455, 5940846.375 ], [ 26088.599999999998545, 5940846.375 ], [ 26088.599999999998545, 5940846.525000000372529 ], [ 26088.675, 5940846.525000000372529 ], [ 26088.675, 5940846.674999999813735 ], [ 26088.75, 5940846.674999999813735 ], [ 26088.75, 5940846.825000000186265 ], [ 26088.825, 5940846.825000000186265 ], [ 26088.825, 5940846.974999999627471 ], [ 26088.900000000001455, 5940846.974999999627471 ], [ 26088.900000000001455, 5940847.125 ], [ 26088.974999999998545, 5940847.125 ], [ 26088.974999999998545, 5940847.275000000372529 ], [ 26089.05, 5940847.275000000372529 ], [ 26089.05, 5940847.424999999813735 ], [ 26089.125, 5940847.424999999813735 ], [ 26089.125, 5940847.650000000372529 ], [ 26089.2, 5940847.650000000372529 ], [ 26089.2, 5940848.025000000372529 ], [ 26089.275000000001455, 5940848.025000000372529 ], [ 26089.275000000001455, 5940848.325000000186265 ], [ 26089.349999999998545, 5940848.325000000186265 ], [ 26089.349999999998545, 5940848.625 ], [ 26089.425, 5940848.625 ], [ 26089.425, 5940849.0 ], [ 26089.5, 5940849.0 ], [ 26089.5, 5940849.299999999813735 ], [ 26089.575, 5940849.299999999813735 ], [ 26089.575, 5940850.349999999627471 ], [ 26089.650000000001455, 5940850.349999999627471 ], [ 26089.650000000001455, 5940852.75 ], [ 26089.724999999998545, 5940852.75 ], [ 26089.724999999998545, 5940856.424999999813735 ], [ 26089.650000000001455, 5940856.424999999813735 ], [ 26089.650000000001455, 5940857.549999999813735 ], [ 26089.575, 5940857.549999999813735 ], [ 26089.575, 5940858.150000000372529 ], [ 26089.5, 5940858.150000000372529 ], [ 26089.5, 5940858.75 ], [ 26089.425, 5940858.75 ], [ 26089.425, 5940859.349999999627471 ], [ 26089.349999999998545, 5940859.349999999627471 ], [ 26089.349999999998545, 5940859.875 ], [ 26089.275000000001455, 5940859.875 ], [ 26089.275000000001455, 5940860.325000000186265 ], [ 26089.2, 5940860.325000000186265 ], [ 26089.2, 5940860.849999999627471 ], [ 26089.125, 5940860.849999999627471 ], [ 26089.125, 5940861.299999999813735 ], [ 26089.05, 5940861.299999999813735 ], [ 26089.05, 5940861.75 ], [ 26088.974999999998545, 5940861.75 ], [ 26088.974999999998545, 5940862.125 ], [ 26088.900000000001455, 5940862.125 ], [ 26088.900000000001455, 5940862.575000000186265 ], [ 26088.825, 5940862.575000000186265 ], [ 26088.825, 5940862.875 ], [ 26088.75, 5940862.875 ], [ 26088.75, 5940863.25 ], [ 26088.675, 5940863.25 ], [ 26088.675, 5940863.325000000186265 ], [ 26088.599999999998545, 5940863.325000000186265 ], [ 26088.599999999998545, 5940863.474999999627471 ], [ 26088.525000000001455, 5940863.474999999627471 ], [ 26088.525000000001455, 5940863.549999999813735 ], [ 26088.45, 5940863.549999999813735 ], [ 26088.45, 5940863.700000000186265 ], [ 26088.375, 5940863.700000000186265 ], [ 26088.375, 5940863.775000000372529 ], [ 26088.3, 5940863.775000000372529 ], [ 26088.3, 5940863.924999999813735 ], [ 26088.224999999998545, 5940863.924999999813735 ], [ 26088.224999999998545, 5940864.0 ], [ 26088.150000000001455, 5940864.0 ], [ 26088.150000000001455, 5940864.075000000186265 ], [ 26088.075, 5940864.075000000186265 ], [ 26088.075, 5940864.150000000372529 ], [ 26088.0, 5940864.150000000372529 ], [ 26088.0, 5940864.224999999627471 ], [ 26087.925, 5940864.224999999627471 ], [ 26087.925, 5940864.375 ], [ 26087.849999999998545, 5940864.375 ], [ 26087.849999999998545, 5940864.450000000186265 ], [ 26087.775000000001455, 5940864.450000000186265 ], [ 26087.775000000001455, 5940864.525000000372529 ], [ 26087.7, 5940864.525000000372529 ], [ 26087.7, 5940864.674999999813735 ], [ 26087.625, 5940864.674999999813735 ], [ 26087.625, 5940864.75 ], [ 26087.55, 5940864.75 ], [ 26087.55, 5940864.900000000372529 ], [ 26087.474999999998545, 5940864.900000000372529 ], [ 26087.474999999998545, 5940864.974999999627471 ], [ 26087.400000000001455, 5940864.974999999627471 ], [ 26087.400000000001455, 5940865.125 ], [ 26087.325, 5940865.125 ], [ 26087.325, 5940865.200000000186265 ], [ 26087.25, 5940865.200000000186265 ], [ 26087.25, 5940865.275000000372529 ], [ 26087.175, 5940865.275000000372529 ], [ 26087.175, 5940865.349999999627471 ], [ 26087.099999999998545, 5940865.349999999627471 ], [ 26087.099999999998545, 5940865.424999999813735 ], [ 26087.025000000001455, 5940865.424999999813735 ], [ 26087.025000000001455, 5940865.5 ], [ 26086.95, 5940865.5 ], [ 26086.95, 5940865.575000000186265 ], [ 26086.8, 5940865.575000000186265 ], [ 26086.8, 5940865.650000000372529 ], [ 26086.724999999998545, 5940865.650000000372529 ], [ 26086.724999999998545, 5940865.724999999627471 ], [ 26086.650000000001455, 5940865.724999999627471 ], [ 26086.650000000001455, 5940865.799999999813735 ], [ 26086.5, 5940865.799999999813735 ], [ 26086.5, 5940865.875 ], [ 26086.425, 5940865.875 ], [ 26086.425, 5940865.950000000186265 ], [ 26086.2, 5940865.950000000186265 ], [ 26086.2, 5940866.025000000372529 ], [ 26085.974999999998545, 5940866.025000000372529 ], [ 26085.974999999998545, 5940866.099999999627471 ], [ 26085.675, 5940866.099999999627471 ], [ 26085.675, 5940866.174999999813735 ], [ 26085.45, 5940866.174999999813735 ], [ 26085.45, 5940866.25 ], [ 26085.224999999998545, 5940866.25 ], [ 26085.224999999998545, 5940866.325000000186265 ], [ 26084.925, 5940866.325000000186265 ], [ 26084.925, 5940866.400000000372529 ], [ 26084.7, 5940866.400000000372529 ], [ 26084.7, 5940866.474999999627471 ], [ 26084.474999999998545, 5940866.474999999627471 ], [ 26084.474999999998545, 5940866.549999999813735 ], [ 26084.025000000001455, 5940866.549999999813735 ], [ 26084.025000000001455, 5940866.625 ], [ 26083.575, 5940866.625 ], [ 26083.575, 5940866.700000000186265 ], [ 26083.2, 5940866.700000000186265 ], [ 26083.2, 5940866.775000000372529 ], [ 26082.75, 5940866.775000000372529 ], [ 26082.75, 5940866.849999999627471 ], [ 26082.375, 5940866.849999999627471 ], [ 26082.375, 5940866.924999999813735 ], [ 26082.075, 5940866.924999999813735 ], [ 26082.075, 5940867.0 ], [ 26081.775000000001455, 5940867.0 ], [ 26081.775000000001455, 5940867.075000000186265 ], [ 26081.55, 5940867.075000000186265 ], [ 26081.55, 5940867.150000000372529 ], [ 26081.25, 5940867.150000000372529 ], [ 26081.25, 5940867.224999999627471 ], [ 26080.95, 5940867.224999999627471 ], [ 26080.95, 5940867.299999999813735 ], [ 26080.650000000001455, 5940867.299999999813735 ], [ 26080.650000000001455, 5940867.375 ], [ 26080.275000000001455, 5940867.375 ], [ 26080.275000000001455, 5940867.450000000186265 ], [ 26079.974999999998545, 5940867.450000000186265 ], [ 26079.974999999998545, 5940867.525000000372529 ], [ 26079.675, 5940867.525000000372529 ], [ 26079.675, 5940867.599999999627471 ], [ 26079.3, 5940867.599999999627471 ], [ 26079.3, 5940867.674999999813735 ], [ 26078.925, 5940867.674999999813735 ], [ 26078.925, 5940867.75 ], [ 26078.625, 5940867.75 ], [ 26078.625, 5940867.825000000186265 ], [ 26078.400000000001455, 5940867.825000000186265 ] ] ] } },
{ "type": "Feature", "properties": { "value": 1.0, "building_id": 8, "area": 309.37499999874183 }, "geometry": { "type": "Polygon", "coordinates": [ [ [ 26031.599999999998545, 5940856.575000000186265 ], [ 26031.599999999998545, 5940856.5 ], [ 26031.45, 5940856.5 ], [ 26031.45, 5940856.424999999813735 ], [ 26031.3, 5940856.424999999813735 ], [ 26031.3, 5940856.349999999627471 ], [ 26031.150000000001455, 5940856.349999999627471 ], [ 26031.150000000001455, 5940856.275000000372529 ], [ 26031.0, 5940856.275000000372529 ], [ 26031.0, 5940856.200000000186265 ], [ 26030.925, 5940856.200000000186265 ], [ 26030.925, 5940856.125 ], [ 26030.775000000001455, 5940856.125 ], [ 26030.775000000001455, 5940856.049999999813735 ], [ 26030.7, 5940856.049999999813735 ], [ 26030.7, 5940855.974999999627471 ], [ 26030.55, 5940855.974999999627471 ], [ 26030.55, 5940855.900000000372529 ], [ 26030.474999999998545, 5940855.900000000372529 ], [ 26030.474999999998545, 5940855.825000000186265 ], [ 26030.325, 5940855.825000000186265 ], [ 26030.325, 5940855.75 ], [ 26030.25, 5940855.75 ], [ 26030.25, 5940855.674999999813735 ], [ 26030.175, 5940855.674999999813735 ], [ 26030.175, 5940855.599999999627471 ], [ 26030.099999999998545, 5940855.599999999627471 ], [ 26030.099999999998545, 5940855.525000000372529 ], [ 26030.025000000001455, 5940855.525000000372529 ], [ 26030.025000000001455, 5940855.450000000186265 ], [ 26029.875, 5940855.450000000186265 ], [ 26029.875, 5940855.299999999813735 ], [ 26029.8, 5940855.299999999813735 ], [ 26029.8, 5940855.224999999627471 ], [ 26029.724999999998545, 5940855.224999999627471 ], [ 26029.724999999998545, 5940855.075000000186265 ], [ 26029.650000000001455, 5940855.075000000186265 ], [ 26029.650000000001455, 5940854.775000000372529 ], [ 26029.575, 5940854.775000000372529 ], [ 26029.575, 5940854.474999999627471 ], [ 26029.5, 5940854.474999999627471 ], [ 26029.5, 5940854.174999999813735 ], [ 26029.425, 5940854.174999999813735 ], [ 26029.425, 5940853.875 ], [ 26029.349999999998545, 5940853.875 ], [ 26029.349999999998545, 5940853.575000000186265 ], [ 26029.275000000001455, 5940853.575000000186265 ], [ 26029.275000000001455, 5940853.200000000186265 ], [ 26029.2, 5940853.200000000186265 ], [ 26029.2, 5940852.825000000186265 ], [ 26029.125, 5940852.825000000186265 ], [ 26029.125, 5940852.450000000186265 ], [ 26029.05, 5940852.450000000186265 ], [ 26029.05, 5940852.075000000186265 ], [ 26028.974999999998545, 5940852.075000000186265 ], [ 26028.974999999998545, 5940851.700000000186265 ], [ 26028.900000000001455, 5940851.700000000186265 ], [ 26028.900000000001455, 5940851.325000000186265 ], [ 26028.825, 5940851.325000000186265 ], [ 26028.825, 5940850.875 ], [ 26028.75, 5940850.875 ], [ 26028.75, 5940850.424999999813735 ], [ 26028.675, 5940850.424999999813735 ], [ 26028.675, 5940850.049999999813735 ], [ 26028.599999999998545, 5940850.049999999813735 ], [ 26028.599999999998545, 5940849.599999999627471 ], [ 26028.525000000001455, 5940849.599999999627471 ], [ 26028.525000000001455, 5940849.0 ], [ 26028.45, 5940849.0 ], [ 26028.45, 5940848.325000000186265 ], [ 26028.375, 5940848.325000000186265 ], [ 26028.375, 5940847.724999999627471 ], [ 26028.3, 5940847.724999999627471 ], [ 26028.3, 5940846.75 ], [ 26028.224999999998545, 5940846.75 ], [ 26028.224999999998545, 5940845.625 ], [ 26028.150000000001455, 5940845.625 ], [ 26028.150000000001455, 5940844.424999999813735 ], [ 26028.075, 5940844.424999999813735 ], [ 26028.075, 5940843.150000000372529 ], [ 26028.0, 5940843.150000000372529 ], [ 26028.0, 5940841.875 ], [ 26027.925, 5940841.875 ], [ 26027.925, 5940841.5 ], [ 26028.0, 5940841.5 ], [ 26028.0, 5940840.075000000186265 ], [ 26028.075, 5940840.075000000186265 ], [ 26028.075, 5940839.400000000372529 ], [ 26028.150000000001455, 5940839.400000000372529 ], [ 26028.150000000001455, 5940839.099999999627471 ], [ 26028.224999999998545, 5940839.099999999627471 ], [ 26028.224999999998545, 5940839.025000000372529 ], [ 26028.3, 5940839.025000000372529 ], [ 26028.3, 5940838.950000000186265 ], [ 26028.375, 5940838.950000000186265 ], [ 26028.375, 5940838.799999999813735 ], [ 26028.45, 5940838.799999999813735 ], [ 26028.45, 5940838.724999999627471 ], [ 26028.525000000001455, 5940838.724999999627471 ], [ 26028.525000000001455, 5940838.650000000372529 ], [ 26028.599999999998545, 5940838.650000000372529 ], [ 26028.599999999998545, 5940838.575000000186265 ], [ 26028.675, 5940838.575000000186265 ], [ 26028.675, 5940838.5 ], [ 26028.75, 5940838.5 ], [ 26028.75, 5940838.349999999627471 ], [ 26028.825, 5940838.349999999627471 ], [ 26028.825, 5940838.275000000372529 ], [ 26028.974999999998545, 5940838.275000000372529 ], [ 26028.974999999998545, 5940838.200000000186265 ], [ 26029.05, 5940838.200000000186265 ], [ 26029.05, 5940838.125 ], [ 26029.125, 5940838.125 ], [ 26029.125, 5940838.049999999813735 ], [ 26029.2, 5940838.049999999813735 ], [ 26029.2, 5940837.974999999627471 ], [ 26029.275000000001455, 5940837.974999999627471 ], [ 26029.275000000001455, 5940837.900000000372529 ], [ 26029.425, 5940837.900000000372529 ], [ 26029.425, 5940837.825000000186265 ], [ 26029.5, 5940837.825000000186265 ], [ 26029.5, 5940837.75 ], [ 26029.575, 5940837.75 ], [ 26029.575, 5940837.674999999813735 ], [ 26029.724999999998545, 5940837.674999999813735 ], [ 26029.724999999998545, 5940837.599999999627471 ], [ 26029.8, 5940837.599999999627471 ], [ 26029.8, 5940837.525000000372529 ], [ 26029.875, 5940837.525000000372529 ], [ 26029.875, 5940837.450000000186265 ], [ 26030.025000000001455, 5940837.450000000186265 ], [ 26030.025000000001455, 5940837.375 ], [ 26030.099999999998545, 5940837.375 ], [ 26030.099999999998545, 5940837.299999999813735 ], [ 26030.25, 5940837.299999999813735 ], [ 26030.25, 5940837.224999999627471 ], [ 26030.325, 5940837.224999999627471 ], [ 26030.325, 5940837.150000000372529 ], [ 26030.474999999998545, 5940837.150000000372529 ], [ 26030.474999999998545, 5940837.075000000186265 ], [ 26030.625, 5940837.075000000186265 ], [ 26030.625, 5940837.0 ], [ 26030.775000000001455, 5940837.0 ], [ 26030.775000000001455, 5940836.924999999813735 ], [ 26030.925, 5940836.924999999813735 ], [ 26030.925, 5940836.849999999627471 ], [ 26031.075, 5940836.849999999627471 ], [ 26031.075, 5940836.775000000372529 ], [ 26031.224999999998545, 5940836.775000000372529 ], [ 26031.224999999998545, 5940836.700000000186265 ], [ 26031.45, 5940836.700000000186265 ], [ 26031.45, 5940836.625 ], [ 26031.599999999998545, 5940836.625 ], [ 26031.599999999998545, 5940836.549999999813735 ], [ 26031.825, 5940836.549999999813735 ], [ 26031.825, 5940836.474999999627471 ], [ 26031.974999999998545, 5940836.474999999627471 ], [ 26031.974999999998545, 5940836.400000000372529 ], [ 26032.125, 5940836.400000000372529 ], [ 26032.125, 5940836.325000000186265 ], [ 26032.349999999998545, 5940836.325000000186265 ], [ 26032.349999999998545, 5940836.25 ], [ 26032.5, 5940836.25 ], [ 26032.5, 5940836.174999999813735 ], [ 26032.650000000001455, 5940836.174999999813735 ], [ 26032.650000000001455, 5940836.099999999627471 ], [ 26032.8, 5940836.099999999627471 ], [ 26032.8, 5940836.025000000372529 ], [ 26032.95, 5940836.025000000372529 ], [ 26032.95, 5940835.950000000186265 ], [ 26033.099999999998545, 5940835.950000000186265 ], [ 26033.099999999998545, 5940835.875 ], [ 26033.25, 5940835.875 ], [ 26033.25, 5940835.799999999813735 ], [ 26033.400000000001455, 5940835.799999999813735 ], [ 26033.400000000001455, 5940835.724999999627471 ], [ 26033.55, 5940835.724999999627471 ], [ 26033.55, 5940835.650000000372529 ], [ 26033.775000000001455, 5940835.650000000372529 ], [ 26033.775000000001455, 5940835.575000000186265 ], [ 26033.925, 5940835.575000000186265 ], [ 26033.925, 5940835.5 ], [ 26034.150000000001455, 5940835.5 ], [ 26034.150000000001455, 5940835.424999999813735 ], [ 26034.45, 5940835.424999999813735 ], [ 26034.45, 5940835.349999999627471 ], [ 26034.675, 5940835.349999999627471 ], [ 26034.675, 5940835.275000000372529 ], [ 26034.974999999998545, 5940835.275000000372529 ], [ 26034.974999999998545, 5940835.200000000186265 ], [ 26035.275000000001455, 5940835.200000000186265 ], [ 26035.275000000001455, 5940835.125 ], [ 26035.650000000001455, 5940835.125 ], [ 26035.650000000001455, 5940835.049999999813735 ], [ 26036.175, 5940835.049999999813735 ], [ 26036.175, 5940834.974999999627471 ], [ 26036.775000000001455, 5940834.974999999627471 ], [ 26036.775000000001455, 5940834.900000000372529 ], [ 26037.375, 5940834.900000000372529 ], [ 26037.375, 5940834.825000000186265 ], [ 26039.175, 5940834.825000000186265 ], [ 26039.175, 5940834.75 ], [ 26040.45, 5940834.75 ], [ 26040.45, 5940834.825000000186265 ], [ 26042.925, 5940834.825000000186265 ], [ 26042.925, 5940834.900000000372529 ], [ 26043.825, 5940834.900000000372529 ], [ 26043.825, 5940835.049999999813735 ], [ 26043.900000000001455, 5940835.049999999813735 ], [ 26043.900000000001455, 5940835.125 ], [ 26043.974999999998545, 5940835.125 ], [ 26043.974999999998545, 5940835.275000000372529 ], [ 26044.05, 5940835.275000000372529 ], [ 26044.05, 5940835.424999999813735 ], [ 26044.125, 5940835.424999999813735 ], [ 26044.125, 5940835.575000000186265 ], [ 26044.2, 5940835.575000000186265 ], [ 26044.2, 5940835.724999999627471 ], [ 26044.275000000001455, 5940835.724999999627471 ], [ 26044.275000000001455, 5940835.875 ], [ 26044.349999999998545, 5940835.875 ], [ 26044.349999999998545, 5940836.025000000372529 ], [ 26044.425, 5940836.025000000372529 ], [ 26044.425, 5940836.174999999813735 ], [ 26044.5, 5940836.174999999813735 ], [ 26044.5, 5940836.325000000186265 ], [ 26044.575, 5940836.325000000186265 ], [ 26044.575, 5940836.474999999627471 ], [ 26044.650000000001455, 5940836.474999999627471 ], [ 26044.650000000001455, 5940836.700000000186265 ], [ 26044.724999999998545, 5940836.700000000186265 ], [ 26044.724999999998545, 5940836.849999999627471 ], [ 26044.8, 5940836.849999999627471 ], [ 26044.8, 5940837.075000000186265 ], [ 26044.875, 5940837.075000000186265 ], [ 26044.875, 5940837.299999999813735 ], [ 26044.95, 5940837.299999999813735 ], [ 26044.95, 5940837.525000000372529 ], [ 26045.025000000001455, 5940837.525000000372529 ], [ 26045.025000000001455, 5940837.75 ], [ 26045.099999999998545, 5940837.75 ], [ 26045.099999999998545, 5940838.049999999813735 ], [ 26045.175, 5940838.049999999813735 ], [ 26045.175, 5940838.275000000372529 ], [ 26045.25, 5940838.275000000372529 ], [ 26045.25, 5940838.575000000186265 ], [ 26045.325, 5940838.575000000186265 ], [ 26045.325, 5940838.799999999813735 ], [ 26045.400000000001455, 5940838.799999999813735 ], [ 26045.400000000001455, 5940839.099999999627471 ], [ 26045.474999999998545, 5940839.099999999627471 ], [ 26045.474999999998545, 5940839.400000000372529 ], [ 26045.55, 5940839.400000000372529 ], [ 26045.55, 5940839.849999999627471 ], [ 26045.625, 5940839.849999999627471 ], [ 26045.625, 5940841.125 ], [ 26045.7, 5940841.125 ], [ 26045.7, 5940842.25 ], [ 26045.625, 5940842.25 ], [ 26045.625, 5940843.375 ], [ 26045.55, 5940843.375 ], [ 26045.55, 5940844.349999999627471 ], [ 26045.474999999998545, 5940844.349999999627471 ], [ 26045.474999999998545, 5940845.25 ], [ 26045.400000000001455, 5940845.25 ], [ 26045.400000000001455, 5940846.0 ], [ 26045.325, 5940846.0 ], [ 26045.325, 5940846.75 ], [ 26045.25, 5940846.75 ], [ 26045.25, 5940847.5 ], [ 26045.175, 5940847.5 ], [ 26045.175, 5940847.724999999627471 ], [ 26045.099999999998545, 5940847.724999999627471 ], [ 26045.099999999998545, 5940847.875 ], [ 26045.025000000001455, 5940847.875 ], [ 26045.025000000001455, 5940848.099999999627471 ], [ 26044.95, 5940848.099999999627471 ], [ 26044.95, 5940848.325000000186265 ], [ 26044.875, 5940848.325000000186265 ], [ 26044.875, 5940848.549999999813735 ], [ 26044.8, 5940848.549999999813735 ], [ 26044.8, 5940848.700000000186265 ], [ 26044.724999999998545, 5940848.700000000186265 ], [ 26044.724999999998545, 5940848.924999999813735 ], [ 26044.650000000001455, 5940848.924999999813735 ], [ 26044.650000000001455, 5940849.150000000372529 ], [ 26044.575, 5940849.150000000372529 ], [ 26044.575, 5940849.450000000186265 ], [ 26044.5, 5940849.450000000186265 ], [ 26044.5, 5940849.599999999627471 ], [ 26044.425, 5940849.599999999627471 ], [ 26044.425, 5940849.674999999813735 ], [ 26044.349999999998545, 5940849.674999999813735 ], [ 26044.349999999998545, 5940849.825000000186265 ], [ 26044.275000000001455, 5940849.825000000186265 ], [ 26044.275000000001455, 5940849.974999999627471 ], [ 26044.2, 5940849.974999999627471 ], [ 26044.2, 5940850.049999999813735 ], [ 26044.125, 5940850.049999999813735 ], [ 26044.125, 5940850.200000000186265 ], [ 26044.05, 5940850.200000000186265 ], [ 26044.05, 5940850.275000000372529 ], [ 26043.974999999998545, 5940850.275000000372529 ], [ 26043.974999999998545, 5940850.349999999627471 ], [ 26043.900000000001455, 5940850.349999999627471 ], [ 26043.900000000001455, 5940850.5 ], [ 26043.825, 5940850.5 ], [ 26043.825, 5940850.575000000186265 ], [ 26043.75, 5940850.575000000186265 ], [ 26043.75, 5940850.650000000372529 ], [ 26043.675, 5940850.650000000372529 ], [ 26043.675, 5940850.724999999627471 ], [ 26043.599999999998545, 5940850.724999999627471 ], [ 26043.599999999998545, 5940850.875 ], [ 26043.525000000001455, 5940850.875 ], [ 26043.525000000001455, 5940850.950000000186265 ], [ 26043.45, 5940850.950000000186265 ], [ 26043.45, 5940851.025000000372529 ], [ 26043.375, 5940851.025000000372529 ], [ 26043.375, 5940851.099999999627471 ], [ 26043.3, 5940851.099999999627471 ], [ 26043.3, 5940851.174999999813735 ], [ 26043.224999999998545, 5940851.174999999813735 ], [ 26043.224999999998545, 5940851.25 ], [ 26043.150000000001455, 5940851.25 ], [ 26043.150000000001455, 5940851.325000000186265 ], [ 26043.075, 5940851.325000000186265 ], [ 26043.075, 5940851.400000000372529 ], [ 26043.0, 5940851.400000000372529 ], [ 26043.0, 5940851.474999999627471 ], [ 26042.925, 5940851.474999999627471 ], [ 26042.925, 5940851.549999999813735 ], [ 26042.849999999998545, 5940851.549999999813735 ], [ 26042.849999999998545, 5940851.625 ], [ 26042.775000000001455, 5940851.625 ], [ 26042.775000000001455, 5940851.700000000186265 ], [ 26042.7, 5940851.700000000186265 ], [ 26042.7, 5940851.775000000372529 ], [ 26042.625, 5940851.775000000372529 ], [ 26042.625, 5940851.849999999627471 ], [ 26042.55, 5940851.849999999627471 ], [ 26042.55, 5940851.924999999813735 ], [ 26042.474999999998545, 5940851.924999999813735 ], [ 26042.474999999998545, 5940852.0 ], [ 26042.400000000001455, 5940852.0 ], [ 26042.400000000001455, 5940852.075000000186265 ], [ 26042.325, 5940852.075000000186265 ], [ 26042.325, 5940852.150000000372529 ], [ 26042.25, 5940852.150000000372529 ], [ 26042.25, 5940852.224999999627471 ], [ 26042.099999999998545, 5940852.224999999627471 ], [ 26042.099999999998545, 5940852.299999999813735 ], [ 26042.025000000001455, 5940852.299999999813735 ], [ 26042.025000000001455, 5940852.375 ], [ 26041.95, 5940852.375 ], [ 26041.95, 5940852.450000000186265 ], [ 26041.875, 5940852.450000000186265 ], [ 26041.875, 5940852.525000000372529 ], [ 26041.724999999998545, 5940852.525000000372529 ], [ 26041.724999999998545, 5940852.599999999627471 ], [ 26041.650000000001455, 5940852.599999999627471 ], [ 26041.650000000001455, 5940852.674999999813735 ], [ 26041.575, 5940852.674999999813735 ], [ 26041.575, 5940852.75 ], [ 26041.5, 5940852.75 ], [ 26041.5, 5940852.825000000186265 ], [ 26041.349999999998545, 5940852.825000000186265 ], [ 26041.349999999998545, 5940852.900000000372529 ], [ 26041.275000000001455, 5940852.900000000372529 ], [ 26041.275000000001455, 5940852.974999999627471 ], [ 26041.125, 5940852.974999999627471 ], [ 26041.125, 5940853.049999999813735 ], [ 26041.05, 5940853.049999999813735 ], [ 26041.05, 5940853.125 ], [ 26040.900000000001455, 5940853.125 ], [ 26040.900000000001455, 5940853.200000000186265 ], [ 26040.825, 5940853.200000000186265 ], [ 26040.825, 5940853.275000000372529 ], [ 26040.75, 5940853.275000000372529 ], [ 26040.75, 5940853.349999999627471 ], [ 26040.675, 5940853.349999999627471 ], [ 26040.675, 5940853.424999999813735 ], [ 26040.599999999998545, 5940853.424999999813735 ], [ 26040.599999999998545, 5940853.5 ], [ 26040.45, 5940853.5 ], [ 26040.45, 5940853.575000000186265 ], [ 26040.375, 5940853.575000000186265 ], [ 26040.375, 5940853.650000000372529 ], [ 26040.224999999998545, 5940853.650000000372529 ], [ 26040.224999999998545, 5940853.724999999627471 ], [ 26040.075, 5940853.724999999627471 ], [ 26040.075, 5940853.799999999813735 ], [ 26040.0, 5940853.799999999813735 ], [ 26040.0, 5940853.875 ], [ 26039.849999999998545, 5940853.875 ], [ 26039.849999999998545, 5940853.950000000186265 ], [ 26039.7, 5940853.950000000186265 ], [ 26039.7, 5940854.025000000372529 ], [ 26039.55, 5940854.025000000372529 ], [ 26039.55, 5940854.099999999627471 ], [ 26039.325, 5940854.099999999627471 ], [ 26039.325, 5940854.174999999813735 ], [ 26039.025000000001455, 5940854.174999999813735 ], [ 26039.025000000001455, 5940854.25 ], [ 26038.724999999998545, 5940854.25 ], [ 26038.724999999998545, 5940854.325000000186265 ], [ 26038.425, 5940854.325000000186265 ], [ 26038.425, 5940854.400000000372529 ], [ 26038.125, 5940854.400000000372529 ], [ 26038.125, 5940854.474999999627471 ], [ 26037.825, 5940854.474999999627471 ], [ 26037.825, 5940854.549999999813735 ], [ 26037.525000000001455, 5940854.549999999813735 ], [ 26037.525000000001455, 5940854.625 ], [ 26036.849999999998545, 5940854.625 ], [ 26036.849999999998545, 5940854.700000000186265 ], [ 26036.325, 5940854.700000000186265 ], [ 26036.325, 5940854.775000000372529 ], [ 26035.8, 5940854.775000000372529 ], [ 26035.8, 5940854.849999999627471 ], [ 26035.425, 5940854.849999999627471 ], [ 26035.425, 5940854.924999999813735 ], [ 26035.05, 5940854.924999999813735 ], [ 26035.05, 5940855.0 ], [ 26034.75, 5940855.0 ], [ 26034.75, 5940855.075000000186265 ], [ 26034.45, 5940855.075000000186265 ], [ 26034.45, 5940855.150000000372529 ], [ 26034.150000000001455, 5940855.150000000372529 ], [ 26034.150000000001455, 5940855.224999999627471 ], [ 26033.925, 5940855.224999999627471 ], [ 26033.925, 5940855.299999999813735 ], [ 26033.775000000001455, 5940855.299999999813735 ], [ 26033.775000000001455, 5940855.375 ], [ 26033.55, 5940855.375 ], [ 26033.55, 5940855.450000000186265 ], [ 26033.400000000001455, 5940855.450000000186265 ], [ 26033.400000000001455, 5940855.525000000372529 ], [ 26033.25, 5940855.525000000372529 ], [ 26033.25, 5940855.599999999627471 ], [ 26033.099999999998545, 5940855.599999999627471 ], [ 26033.099999999998545, 5940855.674999999813735 ], [ 26032.95, 5940855.674999999813735 ], [ 26032.95, 5940855.75 ], [ 26032.875, 5940855.75 ], [ 26032.875, 5940855.825000000186265 ], [ 26032.724999999998545, 5940855.825000000186265 ], [ 26032.724999999998545, 5940855.900000000372529 ], [ 26032.575, 5940855.900000000372529 ], [ 26032.575, 5940855.974999999627471 ], [ 26032.425, 5940855.974999999627471 ], [ 26032.425, 5940856.049999999813735 ], [ 26032.349999999998545, 5940856.049999999813735 ], [ 26032.349999999998545, 5940856.125 ], [ 26032.2, 5940856.125 ], [ 26032.2, 5940856.200000000186265 ], [ 26032.05, 5940856.200000000186265 ], [ 26032.05, 5940856.275000000372529 ], [ 26031.974999999998545, 5940856.275000000372529 ], [ 26031.974999999998545, 5940856.349999999627471 ], [ 26031.825, 5940856.349999999627471 ], [ 26031.825, 5940856.424999999813735 ], [ 26031.75, 5940856.424999999813735 ], [ 26031.75, 5940856.5 ], [ 26031.675, 5940856.5 ], [ 26031.675, 5940856.575000000186265 ], [ 26031.599999999998545, 5940856.575000000186265 ] ] ] } },
{ "type": "Feature", "properties": { "value": 1.0, "building_id": 9, "area": 3537.0337499984762 }, "geometry": { "type": "Polygon", "coordinates": [ [ [ 26185.8, 5940870.900000000372529 ], [ 26185.8, 5940870.825000000186265 ], [ 26185.349999999998545, 5940870.825000000186265 ], [ 26185.349999999998545, 5940870.75 ], [ 26184.974999999998545, 5940870.75 ], [ 26184.974999999998545, 5940870.674999999813735 ], [ 26184.599999999998545, 5940870.674999999813735 ], [ 26184.599999999998545, 5940870.599999999627471 ], [ 26184.224999999998545, 5940870.599999999627471 ], [ 26184.224999999998545, 5940870.525000000372529 ], [ 26183.925, 5940870.525000000372529 ], [ 26183.925, 5940870.450000000186265 ], [ 26183.625, 5940870.450000000186265 ], [ 26183.625, 5940870.375 ], [ 26183.400000000001455, 5940870.375 ], [ 26183.400000000001455, 5940870.299999999813735 ], [ 26183.099999999998545, 5940870.299999999813735 ], [ 26183.099999999998545, 5940870.224999999627471 ], [ 26182.875, 5940870.224999999627471 ], [ 26182.875, 5940870.150000000372529 ], [ 26182.724999999998545, 5940870.150000000372529 ], [ 26182.724999999998545, 5940870.075000000186265 ], [ 26182.5, 5940870.075000000186265 ], [ 26182.5, 5940870.0 ], [ 26182.349999999998545, 5940870.0 ], [ 26182.349999999998545, 5940869.924999999813735 ], [ 26182.125, 5940869.924999999813735 ], [ 26182.125, 5940869.849999999627471 ], [ 26181.974999999998545, 5940869.849999999627471 ], [ 26181.974999999998545, 5940869.775000000372529 ], [ 26181.900000000001455, 5940869.775000000372529 ], [ 26181.900000000001455, 5940869.700000000186265 ], [ 26181.75, 5940869.700000000186265 ], [ 26181.75, 5940869.625 ], [ 26181.675, 5940869.625 ], [ 26181.675, 5940869.549999999813735 ], [ 26181.525000000001455, 5940869.549999999813735 ], [ 26181.525000000001455, 5940869.474999999627471 ], [ 26181.45, 5940869.474999999627471 ], [ 26181.45, 5940869.400000000372529 ], [ 26181.375, 5940869.400000000372529 ], [ 26181.375, 5940869.325000000186265 ], [ 26181.3, 5940869.325000000186265 ], [ 26181.3, 5940869.25 ], [ 26181.224999999998545, 5940869.25 ], [ 26181.224999999998545, 5940869.174999999813735 ], [ 26181.150000000001455, 5940869.174999999813735 ], [ 26181.150000000001455, 5940869.099999999627471 ], [ 26181.075, 5940869.099999999627471 ], [ 26181.075, 5940869.025000000372529 ], [ 26181.0, 5940869.025000000372529 ], [ 26181.0, 5940868.950000000186265 ], [ 26180.925, 5940868.950000000186265 ], [ 26180.925, 5940868.799999999813735 ], [ 26180.849999999998545, 5940868.799999999813735 ], [ 26180.849999999998545, 5940868.650000000372529 ], [ 26180.775000000001455, 5940868.650000000372529 ], [ 26180.775000000001455, 5940868.575000000186265 ], [ 26180.7, 5940868.575000000186265 ], [ 26180.7, 5940868.424999999813735 ], [ 26180.625, 5940868.424999999813735 ], [ 26180.625, 5940868.275000000372529 ], [ 26180.55, 5940868.275000000372529 ], [ 26180.55, 5940868.200000000186265 ], [ 26180.474999999998545, 5940868.200000000186265 ], [ 26180.474999999998545, 5940868.049999999813735 ], [ 26180.400000000001455, 5940868.049999999813735 ], [ 26180.400000000001455, 5940867.900000000372529 ], [ 26180.325, 5940867.900000000372529 ], [ 26180.325, 5940867.75 ], [ 26180.25, 5940867.75 ], [ 26180.25, 5940867.525000000372529 ], [ 26180.175, 5940867.525000000372529 ], [ 26180.175, 5940867.375 ], [ 26180.099999999998545, 5940867.375 ], [ 26180.099999999998545, 5940867.224999999627471 ], [ 26180.025000000001455, 5940867.224999999627471 ], [ 26180.025000000001455, 5940867.0 ], [ 26179.95, 5940867.0 ], [ 26179.95, 5940866.775000000372529 ], [ 26179.875, 5940866.775000000372529 ], [ 26179.875, 5940866.549999999813735 ], [ 26179.8, 5940866.549999999813735 ], [ 26179.8, 5940866.25 ], [ 26179.724999999998545, 5940866.25 ], [ 26179.724999999998545, 5940865.950000000186265 ], [ 26179.650000000001455, 5940865.950000000186265 ], [ 26179.650000000001455, 5940865.650000000372529 ], [ 26179.575, 5940865.650000000372529 ], [ 26179.575, 5940865.349999999627471 ], [ 26179.5, 5940865.349999999627471 ], [ 26179.5, 5940864.974999999627471 ], [ 26179.425, 5940864.974999999627471 ], [ 26179.425, 5940864.599999999627471 ], [ 26179.349999999998545, 5940864.599999999627471 ], [ 26179.349999999998545, 5940864.150000000372529 ], [ 26179.275000000001455, 5940864.150000000372529 ], [ 26179.275000000001455, 5940863.700000000186265 ], [ 26179.2, 5940863.700000000186265 ], [ 26179.2, 5940863.25 ], [ 26179.125, 5940863.25 ], [ 26179.125, 5940862.799999999813735 ], [ 26179.05, 5940862.799999999813735 ], [ 26179.05, 5940862.424999999813735 ], [ 26178.974999999998545, 5940862.424999999813735 ], [ 26178.974999999998545, 5940861.974999999627471 ], [ 26178.900000000001455, 5940861.974999999627471 ], [ 26178.900000000001455, 5940861.599999999627471 ], [ 26178.825, 5940861.599999999627471 ], [ 26178.825, 5940861.224999999627471 ], [ 26178.75, 5940861.224999999627471 ], [ 26178.75, 5940860.849999999627471 ], [ 26178.675, 5940860.849999999627471 ], [ 26178.675, 5940860.474999999627471 ], [ 26178.599999999998545, 5940860.474999999627471 ], [ 26178.599999999998545, 5940860.099999999627471 ], [ 26178.525000000001455, 5940860.099999999627471 ], [ 26178.525000000001455, 5940859.724999999627471 ], [ 26178.45, 5940859.724999999627471 ], [ 26178.45, 5940859.424999999813735 ], [ 26178.375, 5940859.424999999813735 ], [ 26178.375, 5940859.125 ], [ 26178.3, 5940859.125 ], [ 26178.3, 5940858.75 ], [ 26178.224999999998545, 5940858.75 ], [ 26178.224999999998545, 5940858.450000000186265 ], [ 26178.150000000001455, 5940858.450000000186265 ], [ 26178.150000000001455, 5940858.150000000372529 ], [ 26178.075, 5940858.150000000372529 ], [ 26178.075, 5940857.924999999813735 ], [ 26178.0, 5940857.924999999813735 ], [ 26178.0, 5940857.775000000372529 ], [ 26177.925, 5940857.775000000372529 ], [ 26177.925, 5940857.549999999813735 ], [ 26177.849999999998545, 5940857.549999999813735 ], [ 26177.849999999998545, 5940857.325000000186265 ], [ 26177.775000000001455, 5940857.325000000186265 ], [ 26177.775000000001455, 5940856.799999999813735 ], [ 26177.7, 5940856.799999999813735 ], [ 26177.7, 5940856.200000000186265 ], [ 26177.625, 5940856.200000000186265 ], [ 26177.625, 5940855.525000000372529 ], [ 26177.55, 5940855.525000000372529 ], [ 26177.55, 5940855.150000000372529 ], [ 26177.625, 5940855.150000000372529 ], [ 26177.625, 5940854.549999999813735 ], [ 26177.7, 5940854.549999999813735 ], [ 26177.7, 5940853.950000000186265 ], [ 26177.775000000001455, 5940853.950000000186265 ], [ 26177.775000000001455, 5940853.349999999627471 ], [ 26177.849999999998545, 5940853.349999999627471 ], [ 26177.849999999998545, 5940852.75 ], [ 26177.925, 5940852.75 ], [ 26177.925, 5940852.150000000372529 ], [ 26178.0, 5940852.150000000372529 ], [ 26178.0, 5940851.549999999813735 ], [ 26178.075, 5940851.549999999813735 ], [ 26178.075, 5940850.950000000186265 ], [ 26178.150000000001455, 5940850.950000000186265 ], [ 26178.150000000001455, 5940850.049999999813735 ], [ 26178.224999999998545, 5940850.049999999813735 ], [ 26178.224999999998545, 5940846.75 ], [ 26178.150000000001455, 5940846.75 ], [ 26178.150000000001455, 5940845.775000000372529 ], [ 26178.075, 5940845.775000000372529 ], [ 26178.075, 5940845.174999999813735 ], [ 26178.0, 5940845.174999999813735 ], [ 26178.0, 5940844.575000000186265 ], [ 26177.925, 5940844.575000000186265 ], [ 26177.925, 5940843.974999999627471 ], [ 26177.849999999998545, 5940843.974999999627471 ], [ 26177.849999999998545, 5940843.375 ], [ 26177.775000000001455, 5940843.375 ], [ 26177.775000000001455, 5940843.224999999627471 ], [ 26177.849999999998545, 5940843.224999999627471 ], [ 26177.849999999998545, 5940842.549999999813735 ], [ 26177.925, 5940842.549999999813735 ], [ 26177.925, 5940841.950000000186265 ], [ 26178.0, 5940841.950000000186265 ], [ 26178.0, 5940841.650000000372529 ], [ 26178.075, 5940841.650000000372529 ], [ 26178.075, 5940841.5 ], [ 26178.150000000001455, 5940841.5 ], [ 26178.150000000001455, 5940841.275000000372529 ], [ 26178.224999999998545, 5940841.275000000372529 ], [ 26178.224999999998545, 5940841.125 ], [ 26178.3, 5940841.125 ], [ 26178.3, 5940840.900000000372529 ], [ 26178.375, 5940840.900000000372529 ], [ 26178.375, 5940840.674999999813735 ], [ 26178.45, 5940840.674999999813735 ], [ 26178.45, 5940840.450000000186265 ], [ 26178.525000000001455, 5940840.450000000186265 ], [ 26178.525000000001455, 5940840.299999999813735 ], [ 26178.599999999998545, 5940840.299999999813735 ], [ 26178.599999999998545, 5940840.075000000186265 ], [ 26178.675, 5940840.075000000186265 ], [ 26178.675, 5940839.849999999627471 ], [ 26178.75, 5940839.849999999627471 ], [ 26178.75, 5940839.700000000186265 ], [ 26178.825, 5940839.700000000186265 ], [ 26178.825, 5940839.549999999813735 ], [ 26178.900000000001455, 5940839.549999999813735 ], [ 26178.900000000001455, 5940839.474999999627471 ], [ 26178.974999999998545, 5940839.474999999627471 ], [ 26178.974999999998545, 5940839.325000000186265 ], [ 26179.05, 5940839.325000000186265 ], [ 26179.05, 5940839.25 ], [ 26179.125, 5940839.25 ], [ 26179.125, 5940839.174999999813735 ], [ 26179.2, 5940839.174999999813735 ], [ 26179.2, 5940839.025000000372529 ], [ 26179.275000000001455, 5940839.025000000372529 ], [ 26179.275000000001455, 5940838.950000000186265 ], [ 26179.349999999998545, 5940838.950000000186265 ], [ 26179.349999999998545, 5940838.875 ], [ 26179.425, 5940838.875 ], [ 26179.425, 5940838.799999999813735 ], [ 26179.5, 5940838.799999999813735 ], [ 26179.5, 5940838.724999999627471 ], [ 26179.575, 5940838.724999999627471 ], [ 26179.575, 5940838.650000000372529 ], [ 26179.650000000001455, 5940838.650000000372529 ], [ 26179.650000000001455, 5940838.575000000186265 ], [ 26179.724999999998545, 5940838.575000000186265 ], [ 26179.724999999998545, 5940838.5 ], [ 26179.8, 5940838.5 ], [ 26179.8, 5940838.424999999813735 ], [ 26179.875, 5940838.424999999813735 ], [ 26179.875, 5940838.349999999627471 ], [ 26179.95, 5940838.349999999627471 ], [ 26179.95, 5940838.275000000372529 ], [ 26180.025000000001455, 5940838.275000000372529 ], [ 26180.025000000001455, 5940838.200000000186265 ], [ 26180.099999999998545, 5940838.200000000186265 ], [ 26180.099999999998545, 5940838.125 ], [ 26180.175, 5940838.125 ], [ 26180.175, 5940838.049999999813735 ], [ 26180.25, 5940838.049999999813735 ], [ 26180.25, 5940837.974999999627471 ], [ 26180.325, 5940837.974999999627471 ], [ 26180.325, 5940837.900000000372529 ], [ 26180.400000000001455, 5940837.900000000372529 ], [ 26180.400000000001455, 5940837.825000000186265 ], [ 26180.474999999998545, 5940837.825000000186265 ], [ 26180.474999999998545, 5940837.75 ], [ 26180.55, 5940837.75 ], [ 26180.55, 5940837.599999999627471 ], [ 26180.625, 5940837.599999999627471 ], [ 26180.625, 5940837.525000000372529 ], [ 26180.7, 5940837.525000000372529 ], [ 26180.7, 5940837.450000000186265 ], [ 26180.775000000001455, 5940837.450000000186265 ], [ 26180.775000000001455, 5940837.375 ], [ 26180.849999999998545, 5940837.375 ], [ 26180.849999999998545, 5940837.299999999813735 ], [ 26180.925, 5940837.299999999813735 ], [ 26180.925, 5940837.224999999627471 ], [ 26181.0, 5940837.224999999627471 ], [ 26181.0, 5940837.150000000372529 ], [ 26181.075, 5940837.150000000372529 ], [ 26181.075, 5940837.075000000186265 ], [ 26181.150000000001455, 5940837.075000000186265 ], [ 26181.150000000001455, 5940837.0 ], [ 26181.224999999998545, 5940837.0 ], [ 26181.224999999998545, 5940836.924999999813735 ], [ 26181.3, 5940836.924999999813735 ], [ 26181.3, 5940836.849999999627471 ], [ 26181.375, 5940836.849999999627471 ], [ 26181.375, 5940836.775000000372529 ], [ 26181.525000000001455, 5940836.775000000372529 ], [ 26181.525000000001455, 5940836.700000000186265 ], [ 26181.599999999998545, 5940836.700000000186265 ], [ 26181.599999999998545, 5940836.625 ], [ 26181.675, 5940836.625 ], [ 26181.675, 5940836.549999999813735 ], [ 26181.825, 5940836.549999999813735 ], [ 26181.825, 5940836.474999999627471 ], [ 26181.900000000001455, 5940836.474999999627471 ], [ 26181.900000000001455, 5940836.400000000372529 ], [ 26182.05, 5940836.400000000372529 ], [ 26182.05, 5940836.325000000186265 ], [ 26182.125, 5940836.325000000186265 ], [ 26182.125, 5940836.25 ], [ 26182.275000000001455, 5940836.25 ], [ 26182.275000000001455, 5940836.174999999813735 ], [ 26182.349999999998545, 5940836.174999999813735 ], [ 26182.349999999998545, 5940836.099999999627471 ], [ 26182.5, 5940836.099999999627471 ], [ 26182.5, 5940836.025000000372529 ], [ 26182.575, 5940836.025000000372529 ], [ 26182.575, 5940835.950000000186265 ], [ 26182.724999999998545, 5940835.950000000186265 ], [ 26182.724999999998545, 5940835.875 ], [ 26182.8, 5940835.875 ], [ 26182.8, 5940835.799999999813735 ], [ 26182.95, 5940835.799999999813735 ], [ 26182.95, 5940835.724999999627471 ], [ 26183.025000000001455, 5940835.724999999627471 ], [ 26183.025000000001455, 5940835.650000000372529 ], [ 26183.175, 5940835.650000000372529 ], [ 26183.175, 5940835.575000000186265 ], [ 26183.325, 5940835.575000000186265 ], [ 26183.325, 5940835.5 ], [ 26183.474999999998545, 5940835.5 ], [ 26183.474999999998545, 5940835.424999999813735 ], [ 26183.625, 5940835.424999999813735 ], [ 26183.625, 5940835.349999999627471 ], [ 26183.775000000001455, 5940835.349999999627471 ], [ 26183.775000000001455, 5940835.275000000372529 ], [ 26183.925, 5940835.275000000372529 ], [ 26183.925, 5940835.200000000186265 ], [ 26184.150000000001455, 5940835.200000000186265 ], [ 26184.150000000001455, 5940835.125 ], [ 26184.375, 5940835.125 ], [ 26184.375, 5940835.049999999813735 ], [ 26184.599999999998545, 5940835.049999999813735 ], [ 26184.599999999998545, 5940834.974999999627471 ], [ 26184.900000000001455, 5940834.974999999627471 ], [ 26184.900000000001455, 5940834.900000000372529 ], [ 26185.125, 5940834.900000000372529 ], [ 26185.125, 5940834.825000000186265 ], [ 26185.425, 5940834.825000000186265 ], [ 26185.425, 5940834.75 ], [ 26185.650000000001455, 5940834.75 ], [ 26185.650000000001455, 5940834.674999999813735 ], [ 26186.099999999998545, 5940834.674999999813735 ], [ 26186.099999999998545, 5940834.599999999627471 ], [ 26186.849999999998545, 5940834.599999999627471 ], [ 26186.849999999998545, 5940834.525000000372529 ], [ 26187.675, 5940834.525000000372529 ], [ 26187.675, 5940834.450000000186265 ], [ 26188.5, 5940834.450000000186265 ], [ 26188.5, 5940834.525000000372529 ], [ 26190.075, 5940834.525000000372529 ], [ 26190.075, 5940834.599999999627471 ], [ 26191.349999999998545, 5940834.599999999627471 ], [ 26191.349999999998545, 5940834.674999999813735 ], [ 26192.400000000001455, 5940834.674999999813735 ], [ 26192.400000000001455, 5940834.75 ], [ 26193.224999999998545, 5940834.75 ], [ 26193.224999999998545, 5940834.825000000186265 ], [ 26194.575, 5940834.825000000186265 ], [ 26194.575, 5940834.75 ], [ 26195.775000000001455, 5940834.75 ], [ 26195.775000000001455, 5940834.674999999813735 ], [ 26196.224999999998545, 5940834.674999999813735 ], [ 26196.224999999998545, 5940834.599999999627471 ], [ 26196.825, 5940834.599999999627471 ], [ 26196.825, 5940834.525000000372529 ], [ 26197.425, 5940834.525000000372529 ], [ 26197.425, 5940834.450000000186265 ], [ 26198.325, 5940834.450000000186265 ], [ 26198.325, 5940834.375 ], [ 26199.3, 5940834.375 ], [ 26199.3, 5940834.299999999813735 ], [ 26200.5, 5940834.299999999813735 ], [ 26200.5, 5940834.224999999627471 ], [ 26201.849999999998545, 5940834.224999999627471 ], [ 26201.849999999998545, 5940834.150000000372529 ], [ 26211.675, 5940834.150000000372529 ], [ 26211.675, 5940834.075000000186265 ], [ 26212.95, 5940834.075000000186265 ], [ 26212.95, 5940834.0 ], [ 26214.150000000001455, 5940834.0 ], [ 26214.150000000001455, 5940833.924999999813735 ], [ 26215.275000000001455, 5940833.924999999813735 ], [ 26215.275000000001455, 5940833.849999999627471 ], [ 26216.325, 5940833.849999999627471 ], [ 26216.325, 5940833.775000000372529 ], [ 26217.974999999998545, 5940833.775000000372529 ], [ 26217.974999999998545, 5940833.849999999627471 ], [ 26218.95, 5940833.849999999627471 ], [ 26218.95, 5940833.924999999813735 ], [ 26219.474999999998545, 5940833.924999999813735 ], [ 26219.474999999998545, 5940834.0 ], [ 26219.925, 5940834.0 ], [ 26219.925, 5940834.075000000186265 ], [ 26220.375, 5940834.075000000186265 ], [ 26220.375, 5940834.150000000372529 ], [ 26220.900000000001455, 5940834.150000000372529 ], [ 26220.900000000001455, 5940834.224999999627471 ], [ 26221.425, 5940834.224999999627471 ], [ 26221.425, 5940834.299999999813735 ], [ 26222.025000000001455, 5940834.299999999813735 ], [ 26222.025000000001455, 5940834.375 ], [ 26222.7, 5940834.375 ], [ 26222.7, 5940834.450000000186265 ], [ 26223.375, 5940834.450000000186265 ], [ 26223.375, 5940834.525000000372529 ], [ 26224.125, 5940834.525000000372529 ], [ 26224.125, 5940834.599999999627471 ], [ 26224.95, 5940834.599999999627471 ], [ 26224.95, 5940834.674999999813735 ], [ 26226.45, 5940834.674999999813735 ], [ 26226.45, 5940834.75 ], [ 26235.45, 5940834.75 ], [ 26235.45, 5940834.825000000186265 ], [ 26244.3, 5940834.825000000186265 ], [ 26244.3, 5940834.900000000372529 ], [ 26251.5, 5940834.900000000372529 ], [ 26251.5, 5940834.974999999627471 ], [ 26255.55, 5940834.974999999627471 ], [ 26255.55, 5940835.049999999813735 ], [ 26257.349999999998545, 5940835.049999999813735 ], [ 26257.349999999998545, 5940834.974999999627471 ], [ 26260.05, 5940834.974999999627471 ], [ 26260.05, 5940834.900000000372529 ], [ 26262.45, 5940834.900000000372529 ], [ 26262.45, 5940834.825000000186265 ], [ 26265.525000000001455, 5940834.825000000186265 ], [ 26265.525000000001455, 5940834.75 ], [ 26273.474999999998545, 5940834.75 ], [ 26273.474999999998545, 5940834.825000000186265 ], [ 26274.375, 5940834.825000000186265 ], [ 26274.375, 5940834.900000000372529 ], [ 26274.900000000001455, 5940834.900000000372529 ], [ 26274.900000000001455, 5940834.974999999627471 ], [ 26275.5, 5940834.974999999627471 ], [ 26275.5, 5940835.049999999813735 ], [ 26275.95, 5940835.049999999813735 ], [ 26275.95, 5940835.125 ], [ 26276.25, 5940835.125 ], [ 26276.25, 5940835.200000000186265 ], [ 26276.55, 5940835.200000000186265 ], [ 26276.55, 5940835.275000000372529 ], [ 26276.775000000001455, 5940835.275000000372529 ], [ 26276.775000000001455, 5940835.349999999627471 ], [ 26277.0, 5940835.349999999627471 ], [ 26277.0, 5940835.424999999813735 ], [ 26277.224999999998545, 5940835.424999999813735 ], [ 26277.224999999998545, 5940835.5 ], [ 26277.45, 5940835.5 ], [ 26277.45, 5940835.575000000186265 ], [ 26277.675, 5940835.575000000186265 ], [ 26277.675, 5940835.650000000372529 ], [ 26277.825, 5940835.650000000372529 ], [ 26277.825, 5940835.724999999627471 ], [ 26277.974999999998545, 5940835.724999999627471 ], [ 26277.974999999998545, 5940835.799999999813735 ], [ 26278.125, 5940835.799999999813735 ], [ 26278.125, 5940835.875 ], [ 26278.275000000001455, 5940835.875 ], [ 26278.275000000001455, 5940835.950000000186265 ], [ 26278.349999999998545, 5940835.950000000186265 ], [ 26278.349999999998545, 5940836.025000000372529 ], [ 26278.5, 5940836.025000000372529 ], [ 26278.5, 5940836.099999999627471 ], [ 26278.650000000001455, 5940836.099999999627471 ], [ 26278.650000000001455, 5940836.174999999813735 ], [ 26278.724999999998545, 5940836.174999999813735 ], [ 26278.724999999998545, 5940836.25 ], [ 26278.875, 5940836.25 ], [ 26278.875, 5940836.325000000186265 ], [ 26279.025000000001455, 5940836.325000000186265 ], [ 26279.025000000001455, 5940836.400000000372529 ], [ 26279.175, 5940836.400000000372529 ], [ 26279.175, 5940836.474999999627471 ], [ 26279.25, 5940836.474999999627471 ], [ 26279.25, 5940836.549999999813735 ], [ 26279.400000000001455, 5940836.549999999813735 ], [ 26279.400000000001455, 5940836.625 ], [ 26279.55, 5940836.625 ], [ 26279.55, 5940836.700000000186265 ], [ 26279.7, 5940836.700000000186265 ], [ 26279.7, 5940836.775000000372529 ], [ 26279.775000000001455, 5940836.775000000372529 ], [ 26279.775000000001455, 5940836.849999999627471 ], [ 26279.849999999998545, 5940836.849999999627471 ], [ 26279.849999999998545, 5940836.924999999813735 ], [ 26279.925, 5940836.924999999813735 ], [ 26279.925, 5940837.0 ], [ 26280.0, 5940837.0 ], [ 26280.0, 5940837.075000000186265 ], [ 26280.075, 5940837.075000000186265 ], [ 26280.075, 5940837.150000000372529 ], [ 26280.150000000001455, 5940837.150000000372529 ], [ 26280.150000000001455, 5940837.224999999627471 ], [ 26280.224999999998545, 5940837.224999999627471 ], [ 26280.224999999998545, 5940837.299999999813735 ], [ 26280.3, 5940837.299999999813735 ], [ 26280.3, 5940837.450000000186265 ], [ 26280.375, 5940837.450000000186265 ], [ 26280.375, 5940837.525000000372529 ], [ 26280.45, 5940837.525000000372529 ], [ 26280.45, 5940837.599999999627471 ], [ 26280.525000000001455, 5940837.599999999627471 ], [ 26280.525000000001455, 5940837.75 ], [ 26280.599999999998545, 5940837.75 ], [ 26280.599999999998545, 5940837.900000000372529 ], [ 26280.675, 5940837.900000000372529 ], [ 26280.675, 5940837.974999999627471 ], [ 26280.75, 5940837.974999999627471 ], [ 26280.75, 5940838.125 ], [ 26280.825, 5940838.125 ], [ 26280.825, 5940838.275000000372529 ], [ 26280.900000000001455, 5940838.275000000372529 ], [ 26280.900000000001455, 5940838.349999999627471 ], [ 26280.974999999998545, 5940838.349999999627471 ], [ 26280.974999999998545, 5940838.5 ], [ 26281.05, 5940838.5 ], [ 26281.05, 5940838.575000000186265 ], [ 26281.125, 5940838.575000000186265 ], [ 26281.125, 5940838.724999999627471 ], [ 26281.2, 5940838.724999999627471 ], [ 26281.2, 5940838.799999999813735 ], [ 26281.275000000001455, 5940838.799999999813735 ], [ 26281.275000000001455, 5940838.875 ], [ 26281.349999999998545, 5940838.875 ], [ 26281.349999999998545, 5940839.025000000372529 ], [ 26281.425, 5940839.025000000372529 ], [ 26281.425, 5940839.099999999627471 ], [ 26281.5, 5940839.099999999627471 ], [ 26281.5, 5940839.174999999813735 ], [ 26281.575, 5940839.174999999813735 ], [ 26281.575, 5940839.25 ], [ 26281.650000000001455, 5940839.25 ], [ 26281.650000000001455, 5940839.400000000372529 ], [ 26281.724999999998545, 5940839.400000000372529 ], [ 26281.724999999998545, 5940839.474999999627471 ], [ 26281.8, 5940839.474999999627471 ], [ 26281.8, 5940839.625 ], [ 26281.875, 5940839.625 ], [ 26281.875, 5940839.775000000372529 ], [ 26281.95, 5940839.775000000372529 ], [ 26281.95, 5940840.224999999627471 ], [ 26282.025000000001455, 5940840.224999999627471 ], [ 26282.025000000001455, 5940840.674999999813735 ], [ 26282.099999999998545, 5940840.674999999813735 ], [ 26282.099999999998545, 5940841.125 ], [ 26282.175, 5940841.125 ], [ 26282.175, 5940843.150000000372529 ], [ 26282.099999999998545, 5940843.150000000372529 ], [ 26282.099999999998545, 5940844.424999999813735 ], [ 26282.025000000001455, 5940844.424999999813735 ], [ 26282.025000000001455, 5940845.474999999627471 ], [ 26281.95, 5940845.474999999627471 ], [ 26281.95, 5940846.375 ], [ 26281.875, 5940846.375 ], [ 26281.875, 5940847.125 ], [ 26281.8, 5940847.125 ], [ 26281.8, 5940848.400000000372529 ], [ 26281.724999999998545, 5940848.400000000372529 ], [ 26281.724999999998545, 5940851.325000000186265 ], [ 26281.8, 5940851.325000000186265 ], [ 26281.8, 5940854.400000000372529 ], [ 26281.875, 5940854.400000000372529 ], [ 26281.875, 5940857.25 ], [ 26281.95, 5940857.25 ], [ 26281.95, 5940859.875 ], [ 26282.025000000001455, 5940859.875 ], [ 26282.025000000001455, 5940863.099999999627471 ], [ 26282.099999999998545, 5940863.099999999627471 ], [ 26282.099999999998545, 5940866.700000000186265 ], [ 26281.875, 5940866.700000000186265 ], [ 26281.875, 5940866.775000000372529 ], [ 26281.575, 5940866.775000000372529 ], [ 26281.575, 5940866.849999999627471 ], [ 26281.5, 5940866.849999999627471 ], [ 26281.5, 5940866.924999999813735 ], [ 26281.349999999998545, 5940866.924999999813735 ], [ 26281.349999999998545, 5940867.0 ], [ 26281.2, 5940867.0 ], [ 26281.2, 5940867.075000000186265 ], [ 26281.125, 5940867.075000000186265 ], [ 26281.125, 5940867.150000000372529 ], [ 26280.974999999998545, 5940867.150000000372529 ], [ 26280.974999999998545, 5940867.224999999627471 ], [ 26280.825, 5940867.224999999627471 ], [ 26280.825, 5940867.299999999813735 ], [ 26280.599999999998545, 5940867.299999999813735 ], [ 26280.599999999998545, 5940867.375 ], [ 26280.45, 5940867.375 ], [ 26280.45, 5940867.450000000186265 ], [ 26280.224999999998545, 5940867.450000000186265 ], [ 26280.224999999998545, 5940867.525000000372529 ], [ 26280.075, 5940867.525000000372529 ], [ 26280.075, 5940867.599999999627471 ], [ 26279.849999999998545, 5940867.599999999627471 ], [ 26279.849999999998545, 5940867.674999999813735 ], [ 26279.55, 5940867.674999999813735 ], [ 26279.55, 5940867.75 ], [ 26279.25, 5940867.75 ], [ 26279.25, 5940867.825000000186265 ], [ 26278.875, 5940867.825000000186265 ], [ 26278.875, 5940867.900000000372529 ], [ 26278.5, 5940867.900000000372529 ], [ 26278.5, 5940867.974999999627471 ], [ 26278.125, 5940867.974999999627471 ], [ 26278.125, 5940868.049999999813735 ], [ 26277.75, 5940868.049999999813735 ], [ 26277.75, 5940868.125 ], [ 26277.3, 5940868.125 ], [ 26277.3, 5940868.200000000186265 ], [ 26276.775000000001455, 5940868.200000000186265 ], [ 26276.775000000001455, 5940868.275000000372529 ], [ 26276.325, 5940868.275000000372529 ], [ 26276.325, 5940868.349999999627471 ], [ 26275.8, 5940868.349999999627471 ], [ 26275.8, 5940868.424999999813735 ], [ 26275.275000000001455, 5940868.424999999813735 ], [ 26275.275000000001455, 5940868.5 ], [ 26274.75, 5940868.5 ], [ 26274.75, 5940868.575000000186265 ], [ 26274.3, 5940868.575000000186265 ], [ 26274.3, 5940868.650000000372529 ], [ 26273.7, 5940868.650000000372529 ], [ 26273.7, 5940868.724999999627471 ], [ 26271.525000000001455, 5940868.724999999627471 ], [ 26271.525000000001455, 5940868.650000000372529 ], [ 26270.849999999998545, 5940868.650000000372529 ], [ 26270.849999999998545, 5940868.575000000186265 ], [ 26270.099999999998545, 5940868.575000000186265 ], [ 26270.099999999998545, 5940868.5 ], [ 26269.349999999998545, 5940868.5 ], [ 26269.349999999998545, 5940868.424999999813735 ], [ 26268.45, 5940868.424999999813735 ], [ 26268.45, 5940868.349999999627471 ], [ 26267.474999999998545, 5940868.349999999627471 ], [ 26267.474999999998545, 5940868.275000000372529 ], [ 26266.425, 5940868.275000000372529 ], [ 26266.425, 5940868.200000000186265 ], [ 26264.325, 5940868.200000000186265 ], [ 26264.325, 5940868.125 ], [ 26263.349999999998545, 5940868.125 ], [ 26263.349999999998545, 5940868.200000000186265 ], [ 26257.425, 5940868.200000000186265 ], [ 26257.425, 5940868.275000000372529 ], [ 26255.849999999998545, 5940868.275000000372529 ], [ 26255.849999999998545, 5940868.349999999627471 ], [ 26254.95, 5940868.349999999627471 ], [ 26254.95, 5940868.424999999813735 ], [ 26254.125, 5940868.424999999813735 ], [ 26254.125, 5940868.5 ], [ 26253.45, 5940868.5 ], [ 26253.45, 5940868.575000000186265 ], [ 26252.849999999998545, 5940868.575000000186265 ], [ 26252.849999999998545, 5940868.650000000372529 ], [ 26252.25, 5940868.650000000372529 ], [ 26252.25, 5940868.724999999627471 ], [ 26251.724999999998545, 5940868.724999999627471 ], [ 26251.724999999998545, 5940868.799999999813735 ], [ 26251.275000000001455, 5940868.799999999813735 ], [ 26251.275000000001455, 5940868.875 ], [ 26250.825, 5940868.875 ], [ 26250.825, 5940868.950000000186265 ], [ 26250.45, 5940868.950000000186265 ], [ 26250.45, 5940869.025000000372529 ], [ 26249.849999999998545, 5940869.025000000372529 ], [ 26249.849999999998545, 5940869.099999999627471 ], [ 26249.175, 5940869.099999999627471 ], [ 26249.175, 5940869.174999999813735 ], [ 26248.5, 5940869.174999999813735 ], [ 26248.5, 5940869.25 ], [ 26247.150000000001455, 5940869.25 ], [ 26247.150000000001455, 5940869.325000000186265 ], [ 26245.650000000001455, 5940869.325000000186265 ], [ 26245.650000000001455, 5940869.400000000372529 ], [ 26244.150000000001455, 5940869.400000000372529 ], [ 26244.150000000001455, 5940869.474999999627471 ], [ 26242.575, 5940869.474999999627471 ], [ 26242.575, 5940869.549999999813735 ], [ 26240.925, 5940869.549999999813735 ], [ 26240.925, 5940869.625 ], [ 26239.2, 5940869.625 ], [ 26239.2, 5940869.700000000186265 ], [ 26237.325, 5940869.700000000186265 ], [ 26237.325, 5940869.775000000372529 ], [ 26235.45, 5940869.775000000372529 ], [ 26235.45, 5940869.849999999627471 ], [ 26233.8, 5940869.849999999627471 ], [ 26233.8, 5940869.775000000372529 ], [ 26232.3, 5940869.775000000372529 ], [ 26232.3, 5940869.700000000186265 ], [ 26231.474999999998545, 5940869.700000000186265 ], [ 26231.474999999998545, 5940869.625 ], [ 26230.650000000001455, 5940869.625 ], [ 26230.650000000001455, 5940869.549999999813735 ], [ 26229.900000000001455, 5940869.549999999813735 ], [ 26229.900000000001455, 5940869.474999999627471 ], [ 26229.150000000001455, 5940869.474999999627471 ], [ 26229.150000000001455, 5940869.400000000372529 ], [ 26228.400000000001455, 5940869.400000000372529 ], [ 26228.400000000001455, 5940869.325000000186265 ], [ 26227.724999999998545, 5940869.325000000186265 ], [ 26227.724999999998545, 5940869.25 ], [ 26227.05, 5940869.25 ], [ 26227.05, 5940869.174999999813735 ], [ 26226.525000000001455, 5940869.174999999813735 ], [ 26226.525000000001455, 5940869.099999999627471 ], [ 26226.0, 5940869.099999999627471 ], [ 26226.0, 5940869.025000000372529 ], [ 26225.474999999998545, 5940869.025000000372529 ], [ 26225.474999999998545, 5940868.950000000186265 ], [ 26225.025000000001455, 5940868.950000000186265 ], [ 26225.025000000001455, 5940868.875 ], [ 26224.575, 5940868.875 ], [ 26224.575, 5940868.799999999813735 ], [ 26224.05, 5940868.799999999813735 ], [ 26224.05, 5940868.724999999627471 ], [ 26223.525000000001455, 5940868.724999999627471 ], [ 26223.525000000001455, 5940868.650000000372529 ], [ 26223.0, 5940868.650000000372529 ], [ 26223.0, 5940868.575000000186265 ], [ 26222.325, 5940868.575000000186265 ], [ 26222.325, 5940868.5 ], [ 26221.650000000001455, 5940868.5 ], [ 26221.650000000001455, 5940868.424999999813735 ], [ 26220.825, 5940868.424999999813735 ], [ 26220.825, 5940868.349999999627471 ], [ 26219.925, 5940868.349999999627471 ], [ 26219.925, 5940868.275000000372529 ], [ 26218.425, 5940868.275000000372529 ], [ 26218.425, 5940868.200000000186265 ], [ 26216.474999999998545, 5940868.200000000186265 ], [ 26216.474999999998545, 5940868.275000000372529 ], [ 26214.224999999998545, 5940868.275000000372529 ], [ 26214.224999999998545, 5940868.349999999627471 ], [ 26212.275000000001455, 5940868.349999999627471 ], [ 26212.275000000001455, 5940868.424999999813735 ], [ 26210.925, 5940868.424999999813735 ], [ 26210.925, 5940868.5 ], [ 26210.099999999998545, 5940868.5 ], [ 26210.099999999998545, 5940868.575000000186265 ], [ 26209.425, 5940868.575000000186265 ], [ 26209.425, 5940868.650000000372529 ], [ 26208.900000000001455, 5940868.650000000372529 ], [ 26208.900000000001455, 5940868.724999999627471 ], [ 26208.525000000001455, 5940868.724999999627471 ], [ 26208.525000000001455, 5940868.799999999813735 ], [ 26208.150000000001455, 5940868.799999999813735 ], [ 26208.150000000001455, 5940868.875 ], [ 26207.775000000001455, 5940868.875 ], [ 26207.775000000001455, 5940868.950000000186265 ], [ 26207.474999999998545, 5940868.950000000186265 ], [ 26207.474999999998545, 5940869.025000000372529 ], [ 26207.099999999998545, 5940869.025000000372529 ], [ 26207.099999999998545, 5940869.099999999627471 ], [ 26206.650000000001455, 5940869.099999999627471 ], [ 26206.650000000001455, 5940869.174999999813735 ], [ 26206.275000000001455, 5940869.174999999813735 ], [ 26206.275000000001455, 5940869.25 ], [ 26205.825, 5940869.25 ], [ 26205.825, 5940869.325000000186265 ], [ 26205.3, 5940869.325000000186265 ], [ 26205.3, 5940869.400000000372529 ], [ 26204.775000000001455, 5940869.400000000372529 ], [ 26204.775000000001455, 5940869.474999999627471 ], [ 26204.175, 5940869.474999999627471 ], [ 26204.175, 5940869.549999999813735 ], [ 26203.575, 5940869.549999999813735 ], [ 26203.575, 5940869.625 ], [ 26202.375, 5940869.625 ], [ 26202.375, 5940869.700000000186265 ], [ 26195.400000000001455, 5940869.700000000186265 ], [ 26195.400000000001455, 5940869.775000000372529 ], [ 26194.275000000001455, 5940869.775000000372529 ], [ 26194.275000000001455, 5940869.849999999627471 ], [ 26193.45, 5940869.849999999627471 ], [ 26193.45, 5940869.924999999813735 ], [ 26192.925, 5940869.924999999813735 ], [ 26192.925, 5940870.0 ], [ 26192.325, 5940870.0 ], [ 26192.325, 5940870.075000000186265 ], [ 26191.8, 5940870.075000000186265 ], [ 26191.8, 5940870.150000000372529 ], [ 26191.275000000001455, 5940870.150000000372529 ], [ 26191.275000000001455, 5940870.224999999627471 ], [ 26190.75, 5940870.224999999627471 ], [ 26190.75, 5940870.299999999813735 ], [ 26190.3, 5940870.299999999813735 ], [ 26190.3, 5940870.375 ], [ 26189.849999999998545, 5940870.375 ], [ 26189.849999999998545, 5940870.450000000186265 ], [ 26189.400000000001455, 5940870.450000000186265 ], [ 26189.400000000001455, 5940870.525000000372529 ], [ 26189.025000000001455, 5940870.525000000372529 ], [ 26189.025000000001455, 5940870.599999999627471 ], [ 26188.650000000001455, 5940870.599999999627471 ], [ 26188.650000000001455, 5940870.674999999813735 ], [ 26188.349999999998545, 5940870.674999999813735 ], [ 26188.349999999998545, 5940870.75 ], [ 26187.974999999998545, 5940870.75 ], [ 26187.974999999998545, 5940870.825000000186265 ], [ 26186.55, 5940870.825000000186265 ], [ 26186.55, 5940870.900000000372529 ], [ 26185.8, 5940870.900000000372529 ] ] ] } },
{ "type": "Feature", "properties": { "value": 1.0, "building_id": 10, "area": 1385.7075000009463 }, "geometry": { "type": "Polygon", "coordinates": [ [ [ 26349.224999999998545, 5940749.849999999627471 ], [ 26349.224999999998545, 5940749.775000000372529 ], [ 26348.175, 5940749.775000000372529 ], [ 26348.175, 5940749.700000000186265 ], [ 26346.974999999998545, 5940749.700000000186265 ], [ 26346.974999999998545, 5940749.625 ], [ 26345.775000000001455, 5940749.625 ], [ 26345.775000000001455, 5940749.549999999813735 ], [ 26344.425, 5940749.549999999813735 ], [ 26344.425, 5940749.474999999627471 ], [ 26339.474999999998545, 5940749.474999999627471 ], [ 26339.474999999998545, 5940749.549999999813735 ], [ 26336.775000000001455, 5940749.549999999813735 ], [ 26336.775000000001455, 5940749.625 ], [ 26336.25, 5940749.625 ], [ 26336.25, 5940749.549999999813735 ], [ 26336.025000000001455, 5940749.549999999813735 ], [ 26336.025000000001455, 5940749.474999999627471 ], [ 26335.724999999998545, 5940749.474999999627471 ], [ 26335.724999999998545, 5940749.400000000372529 ], [ 26335.5, 5940749.400000000372529 ], [ 26335.5, 5940749.325000000186265 ], [ 26335.275000000001455, 5940749.325000000186265 ], [ 26335.275000000001455, 5940749.25 ], [ 26335.05, 5940749.25 ], [ 26335.05, 5940749.174999999813735 ], [ 26334.825, 5940749.174999999813735 ], [ 26334.825, 5940749.099999999627471 ], [ 26334.599999999998545, 5940749.099999999627471 ], [ 26334.599999999998545, 5940749.025000000372529 ], [ 26334.45, 5940749.025000000372529 ], [ 26334.45, 5940748.950000000186265 ], [ 26334.3, 5940748.950000000186265 ], [ 26334.3, 5940748.875 ], [ 26334.224999999998545, 5940748.875 ], [ 26334.224999999998545, 5940748.799999999813735 ], [ 26334.075, 5940748.799999999813735 ], [ 26334.075, 5940748.724999999627471 ], [ 26334.0, 5940748.724999999627471 ], [ 26334.0, 5940748.650000000372529 ], [ 26333.925, 5940748.650000000372529 ], [ 26333.925, 5940748.575000000186265 ], [ 26333.849999999998545, 5940748.575000000186265 ], [ 26333.849999999998545, 5940748.5 ], [ 26333.775000000001455, 5940748.5 ], [ 26333.775000000001455, 5940748.424999999813735 ], [ 26333.7, 5940748.424999999813735 ], [ 26333.7, 5940748.349999999627471 ], [ 26333.625, 5940748.349999999627471 ], [ 26333.625, 5940748.200000000186265 ], [ 26333.55, 5940748.200000000186265 ], [ 26333.55, 5940748.125 ], [ 26333.474999999998545, 5940748.125 ], [ 26333.474999999998545, 5940747.974999999627471 ], [ 26333.400000000001455, 5940747.974999999627471 ], [ 26333.400000000001455, 5940747.900000000372529 ], [ 26333.325, 5940747.900000000372529 ], [ 26333.325, 5940747.75 ], [ 26333.25, 5940747.75 ], [ 26333.25, 5940747.674999999813735 ], [ 26333.175, 5940747.674999999813735 ], [ 26333.175, 5940747.525000000372529 ], [ 26333.099999999998545, 5940747.525000000372529 ], [ 26333.099999999998545, 5940747.375 ], [ 26333.025000000001455, 5940747.375 ], [ 26333.025000000001455, 5940747.299999999813735 ], [ 26332.95, 5940747.299999999813735 ], [ 26332.95, 5940747.150000000372529 ], [ 26332.875, 5940747.150000000372529 ], [ 26332.875, 5940747.0 ], [ 26332.8, 5940747.0 ], [ 26332.8, 5940746.849999999627471 ], [ 26332.724999999998545, 5940746.849999999627471 ], [ 26332.724999999998545, 5940746.775000000372529 ], [ 26332.650000000001455, 5940746.775000000372529 ], [ 26332.650000000001455, 5940746.625 ], [ 26332.575, 5940746.625 ], [ 26332.575, 5940746.474999999627471 ], [ 26332.5, 5940746.474999999627471 ], [ 26332.5, 5940746.325000000186265 ], [ 26332.425, 5940746.325000000186265 ], [ 26332.425, 5940746.174999999813735 ], [ 26332.349999999998545, 5940746.174999999813735 ], [ 26332.349999999998545, 5940746.099999999627471 ], [ 26332.275000000001455, 5940746.099999999627471 ], [ 26332.275000000001455, 5940745.950000000186265 ], [ 26332.2, 5940745.950000000186265 ], [ 26332.2, 5940745.799999999813735 ], [ 26332.125, 5940745.799999999813735 ], [ 26332.125, 5940745.650000000372529 ], [ 26332.05, 5940745.650000000372529 ], [ 26332.05, 5940745.424999999813735 ], [ 26331.974999999998545, 5940745.424999999813735 ], [ 26331.974999999998545, 5940745.275000000372529 ], [ 26331.900000000001455, 5940745.275000000372529 ], [ 26331.900000000001455, 5940745.049999999813735 ], [ 26331.825, 5940745.049999999813735 ], [ 26331.825, 5940744.75 ], [ 26331.75, 5940744.75 ], [ 26331.75, 5940744.525000000372529 ], [ 26331.675, 5940744.525000000372529 ], [ 26331.675, 5940744.150000000372529 ], [ 26331.599999999998545, 5940744.150000000372529 ], [ 26331.599999999998545, 5940743.775000000372529 ], [ 26331.525000000001455, 5940743.775000000372529 ], [ 26331.525000000001455, 5940743.400000000372529 ], [ 26331.45, 5940743.400000000372529 ], [ 26331.45, 5940742.875 ], [ 26331.375, 5940742.875 ], [ 26331.375, 5940742.349999999627471 ], [ 26331.3, 5940742.349999999627471 ], [ 26331.3, 5940741.75 ], [ 26331.224999999998545, 5940741.75 ], [ 26331.224999999998545, 5940741.075000000186265 ], [ 26331.150000000001455, 5940741.075000000186265 ], [ 26331.150000000001455, 5940740.325000000186265 ], [ 26331.075, 5940740.325000000186265 ], [ 26331.075, 5940739.424999999813735 ], [ 26331.0, 5940739.424999999813735 ], [ 26331.0, 5940738.375 ], [ 26330.925, 5940738.375 ], [ 26330.925, 5940737.025000000372529 ], [ 26330.849999999998545, 5940737.025000000372529 ], [ 26330.849999999998545, 5940735.674999999813735 ], [ 26330.775000000001455, 5940735.674999999813735 ], [ 26330.775000000001455, 5940734.474999999627471 ], [ 26330.7, 5940734.474999999627471 ], [ 26330.7, 5940733.424999999813735 ], [ 26330.625, 5940733.424999999813735 ], [ 26330.625, 5940732.450000000186265 ], [ 26330.55, 5940732.450000000186265 ], [ 26330.55, 5940732.299999999813735 ], [ 26330.625, 5940732.299999999813735 ], [ 26330.625, 5940732.075000000186265 ], [ 26330.7, 5940732.075000000186265 ], [ 26330.7, 5940731.924999999813735 ], [ 26330.775000000001455, 5940731.924999999813735 ], [ 26330.775000000001455, 5940731.700000000186265 ], [ 26330.849999999998545, 5940731.700000000186265 ], [ 26330.849999999998545, 5940731.549999999813735 ], [ 26330.925, 5940731.549999999813735 ], [ 26330.925, 5940731.325000000186265 ], [ 26331.0, 5940731.325000000186265 ], [ 26331.0, 5940731.174999999813735 ], [ 26331.075, 5940731.174999999813735 ], [ 26331.075, 5940730.950000000186265 ], [ 26331.150000000001455, 5940730.950000000186265 ], [ 26331.150000000001455, 5940730.799999999813735 ], [ 26331.224999999998545, 5940730.799999999813735 ], [ 26331.224999999998545, 5940730.575000000186265 ], [ 26331.3, 5940730.575000000186265 ], [ 26331.3, 5940730.424999999813735 ], [ 26331.375, 5940730.424999999813735 ], [ 26331.375, 5940730.275000000372529 ], [ 26331.45, 5940730.275000000372529 ], [ 26331.45, 5940730.200000000186265 ], [ 26331.525000000001455, 5940730.200000000186265 ], [ 26331.525000000001455, 5940730.125 ], [ 26331.599999999998545, 5940730.125 ], [ 26331.599999999998545, 5940730.049999999813735 ], [ 26331.675, 5940730.049999999813735 ], [ 26331.675, 5940729.974999999627471 ], [ 26331.75, 5940729.974999999627471 ], [ 26331.75, 5940729.900000000372529 ], [ 26331.825, 5940729.900000000372529 ], [ 26331.825, 5940729.825000000186265 ], [ 26331.900000000001455, 5940729.825000000186265 ], [ 26331.900000000001455, 5940729.75 ], [ 26332.05, 5940729.75 ], [ 26332.05, 5940729.674999999813735 ], [ 26332.125, 5940729.674999999813735 ], [ 26332.125, 5940729.599999999627471 ], [ 26332.2, 5940729.599999999627471 ], [ 26332.2, 5940729.525000000372529 ], [ 26332.275000000001455, 5940729.525000000372529 ], [ 26332.275000000001455, 5940729.450000000186265 ], [ 26332.425, 5940729.450000000186265 ], [ 26332.425, 5940729.375 ], [ 26332.5, 5940729.375 ], [ 26332.5, 5940729.299999999813735 ], [ 26332.650000000001455, 5940729.299999999813735 ], [ 26332.650000000001455, 5940729.224999999627471 ], [ 26332.8, 5940729.224999999627471 ], [ 26332.8, 5940729.150000000372529 ], [ 26332.875, 5940729.150000000372529 ], [ 26332.875, 5940729.075000000186265 ], [ 26333.025000000001455, 5940729.075000000186265 ], [ 26333.025000000001455, 5940729.0 ], [ 26333.099999999998545, 5940729.0 ], [ 26333.099999999998545, 5940728.924999999813735 ], [ 26333.25, 5940728.924999999813735 ], [ 26333.25, 5940728.849999999627471 ], [ 26333.325, 5940728.849999999627471 ], [ 26333.325, 5940728.775000000372529 ], [ 26333.400000000001455, 5940728.775000000372529 ], [ 26333.400000000001455, 5940728.700000000186265 ], [ 26333.55, 5940728.700000000186265 ], [ 26333.55, 5940728.625 ], [ 26333.625, 5940728.625 ], [ 26333.625, 5940728.549999999813735 ], [ 26333.7, 5940728.549999999813735 ], [ 26333.7, 5940728.474999999627471 ], [ 26333.849999999998545, 5940728.474999999627471 ], [ 26333.849999999998545, 5940728.400000000372529 ], [ 26333.925, 5940728.400000000372529 ], [ 26333.925, 5940728.325000000186265 ], [ 26334.075, 5940728.325000000186265 ], [ 26334.075, 5940728.25 ], [ 26334.150000000001455, 5940728.25 ], [ 26334.150000000001455, 5940728.174999999813735 ], [ 26334.3, 5940728.174999999813735 ], [ 26334.3, 5940728.099999999627471 ], [ 26334.599999999998545, 5940728.099999999627471 ], [ 26334.599999999998545, 5940728.025000000372529 ], [ 26335.125, 5940728.025000000372529 ], [ 26335.125, 5940727.950000000186265 ], [ 26335.650000000001455, 5940727.950000000186265 ], [ 26335.650000000001455, 5940727.875 ], [ 26336.175, 5940727.875 ], [ 26336.175, 5940727.799999999813735 ], [ 26336.474999999998545, 5940727.799999999813735 ], [ 26336.474999999998545, 5940727.875 ], [ 26337.0, 5940727.875 ], [ 26337.0, 5940727.950000000186265 ], [ 26337.525000000001455, 5940727.950000000186265 ], [ 26337.525000000001455, 5940728.025000000372529 ], [ 26337.974999999998545, 5940728.025000000372529 ], [ 26337.974999999998545, 5940728.099999999627471 ], [ 26338.425, 5940728.099999999627471 ], [ 26338.425, 5940728.174999999813735 ], [ 26338.8, 5940728.174999999813735 ], [ 26338.8, 5940728.25 ], [ 26339.175, 5940728.25 ], [ 26339.175, 5940728.325000000186265 ], [ 26339.55, 5940728.325000000186265 ], [ 26339.55, 5940728.400000000372529 ], [ 26339.849999999998545, 5940728.400000000372529 ], [ 26339.849999999998545, 5940728.474999999627471 ], [ 26340.150000000001455, 5940728.474999999627471 ], [ 26340.150000000001455, 5940728.549999999813735 ], [ 26340.45, 5940728.549999999813735 ], [ 26340.45, 5940728.625 ], [ 26340.75, 5940728.625 ], [ 26340.75, 5940728.700000000186265 ], [ 26340.974999999998545, 5940728.700000000186265 ], [ 26340.974999999998545, 5940728.775000000372529 ], [ 26341.275000000001455, 5940728.775000000372529 ], [ 26341.275000000001455, 5940728.849999999627471 ], [ 26341.575, 5940728.849999999627471 ], [ 26341.575, 5940728.924999999813735 ], [ 26341.875, 5940728.924999999813735 ], [ 26341.875, 5940729.0 ], [ 26344.349999999998545, 5940729.0 ], [ 26344.349999999998545, 5940728.924999999813735 ], [ 26344.650000000001455, 5940728.924999999813735 ], [ 26344.650000000001455, 5940728.849999999627471 ], [ 26344.875, 5940728.849999999627471 ], [ 26344.875, 5940728.775000000372529 ], [ 26345.175, 5940728.775000000372529 ], [ 26345.175, 5940728.700000000186265 ], [ 26345.474999999998545, 5940728.700000000186265 ], [ 26345.474999999998545, 5940728.625 ], [ 26345.775000000001455, 5940728.625 ], [ 26345.775000000001455, 5940728.549999999813735 ], [ 26346.0, 5940728.549999999813735 ], [ 26346.0, 5940728.474999999627471 ], [ 26346.3, 5940728.474999999627471 ], [ 26346.3, 5940728.400000000372529 ], [ 26346.599999999998545, 5940728.400000000372529 ], [ 26346.599999999998545, 5940728.325000000186265 ], [ 26346.974999999998545, 5940728.325000000186265 ], [ 26346.974999999998545, 5940728.25 ], [ 26347.349999999998545, 5940728.25 ], [ 26347.349999999998545, 5940728.174999999813735 ], [ 26347.724999999998545, 5940728.174999999813735 ], [ 26347.724999999998545, 5940728.099999999627471 ], [ 26348.175, 5940728.099999999627471 ], [ 26348.175, 5940728.025000000372529 ], [ 26348.625, 5940728.025000000372529 ], [ 26348.625, 5940727.950000000186265 ], [ 26349.150000000001455, 5940727.950000000186265 ], [ 26349.150000000001455, 5940727.875 ], [ 26349.675, 5940727.875 ], [ 26349.675, 5940727.799999999813735 ], [ 26350.425, 5940727.799999999813735 ], [ 26350.425, 5940727.724999999627471 ], [ 26351.325, 5940727.724999999627471 ], [ 26351.325, 5940727.650000000372529 ], [ 26352.45, 5940727.650000000372529 ], [ 26352.45, 5940727.575000000186265 ], [ 26353.8, 5940727.575000000186265 ], [ 26353.8, 5940727.5 ], [ 26355.150000000001455, 5940727.5 ], [ 26355.150000000001455, 5940727.424999999813735 ], [ 26356.349999999998545, 5940727.424999999813735 ], [ 26356.349999999998545, 5940727.349999999627471 ], [ 26357.474999999998545, 5940727.349999999627471 ], [ 26357.474999999998545, 5940727.275000000372529 ], [ 26359.425, 5940727.275000000372529 ], [ 26359.425, 5940727.349999999627471 ], [ 26360.474999999998545, 5940727.349999999627471 ], [ 26360.474999999998545, 5940727.424999999813735 ], [ 26361.3, 5940727.424999999813735 ], [ 26361.3, 5940727.5 ], [ 26362.2, 5940727.5 ], [ 26362.2, 5940727.575000000186265 ], [ 26363.175, 5940727.575000000186265 ], [ 26363.175, 5940727.650000000372529 ], [ 26364.150000000001455, 5940727.650000000372529 ], [ 26364.150000000001455, 5940727.724999999627471 ], [ 26365.2, 5940727.724999999627471 ], [ 26365.2, 5940727.799999999813735 ], [ 26368.349999999998545, 5940727.799999999813735 ], [ 26368.349999999998545, 5940727.724999999627471 ], [ 26369.775000000001455, 5940727.724999999627471 ], [ 26369.775000000001455, 5940727.650000000372529 ], [ 26371.05, 5940727.650000000372529 ], [ 26371.05, 5940727.575000000186265 ], [ 26372.325, 5940727.575000000186265 ], [ 26372.325, 5940727.5 ], [ 26373.599999999998545, 5940727.5 ], [ 26373.599999999998545, 5940727.424999999813735 ], [ 26375.775000000001455, 5940727.424999999813735 ], [ 26375.775000000001455, 5940727.5 ], [ 26377.425, 5940727.5 ], [ 26377.425, 5940727.575000000186265 ], [ 26379.075, 5940727.575000000186265 ], [ 26379.075, 5940727.650000000372529 ], [ 26380.650000000001455, 5940727.650000000372529 ], [ 26380.650000000001455, 5940727.724999999627471 ], [ 26389.2, 5940727.724999999627471 ], [ 26389.2, 5940727.799999999813735 ], [ 26390.400000000001455, 5940727.799999999813735 ], [ 26390.400000000001455, 5940727.875 ], [ 26391.224999999998545, 5940727.875 ], [ 26391.224999999998545, 5940727.950000000186265 ], [ 26391.675, 5940727.950000000186265 ], [ 26391.675, 5940728.025000000372529 ], [ 26392.05, 5940728.025000000372529 ], [ 26392.05, 5940728.099999999627471 ], [ 26392.425, 5940728.099999999627471 ], [ 26392.425, 5940728.174999999813735 ], [ 26392.724999999998545, 5940728.174999999813735 ], [ 26392.724999999998545, 5940728.25 ], [ 26393.025000000001455, 5940728.25 ], [ 26393.025000000001455, 5940728.325000000186265 ], [ 26393.25, 5940728.325000000186265 ], [ 26393.25, 5940728.400000000372529 ], [ 26393.474999999998545, 5940728.400000000372529 ], [ 26393.474999999998545, 5940728.474999999627471 ], [ 26393.7, 5940728.474999999627471 ], [ 26393.7, 5940728.549999999813735 ], [ 26393.849999999998545, 5940728.549999999813735 ], [ 26393.849999999998545, 5940728.625 ], [ 26394.075, 5940728.625 ], [ 26394.075, 5940728.700000000186265 ], [ 26394.224999999998545, 5940728.700000000186265 ], [ 26394.224999999998545, 5940728.775000000372529 ], [ 26394.45, 5940728.775000000372529 ], [ 26394.45, 5940728.849999999627471 ], [ 26394.599999999998545, 5940728.849999999627471 ], [ 26394.599999999998545, 5940728.924999999813735 ], [ 26394.75, 5940728.924999999813735 ], [ 26394.75, 5940729.0 ], [ 26394.974999999998545, 5940729.0 ], [ 26394.974999999998545, 5940729.075000000186265 ], [ 26395.125, 5940729.075000000186265 ], [ 26395.125, 5940729.150000000372529 ], [ 26395.275000000001455, 5940729.150000000372529 ], [ 26395.275000000001455, 5940729.224999999627471 ], [ 26395.349999999998545, 5940729.224999999627471 ], [ 26395.349999999998545, 5940729.299999999813735 ], [ 26395.5, 5940729.299999999813735 ], [ 26395.5, 5940729.375 ], [ 26395.650000000001455, 5940729.375 ], [ 26395.650000000001455, 5940729.450000000186265 ], [ 26395.8, 5940729.450000000186265 ], [ 26395.8, 5940729.525000000372529 ], [ 26395.875, 5940729.525000000372529 ], [ 26395.875, 5940729.599999999627471 ], [ 26396.025000000001455, 5940729.599999999627471 ], [ 26396.025000000001455, 5940729.674999999813735 ], [ 26396.099999999998545, 5940729.674999999813735 ], [ 26396.099999999998545, 5940729.75 ], [ 26396.175, 5940729.75 ], [ 26396.175, 5940729.825000000186265 ], [ 26396.325, 5940729.825000000186265 ], [ 26396.325, 5940729.900000000372529 ], [ 26396.400000000001455, 5940729.900000000372529 ], [ 26396.400000000001455, 5940729.974999999627471 ], [ 26396.474999999998545, 5940729.974999999627471 ], [ 26396.474999999998545, 5940730.049999999813735 ], [ 26396.625, 5940730.049999999813735 ], [ 26396.625, 5940730.125 ], [ 26396.7, 5940730.125 ], [ 26396.7, 5940730.200000000186265 ], [ 26396.775000000001455, 5940730.200000000186265 ], [ 26396.775000000001455, 5940730.275000000372529 ], [ 26396.849999999998545, 5940730.275000000372529 ], [ 26396.849999999998545, 5940730.349999999627471 ], [ 26396.925, 5940730.349999999627471 ], [ 26396.925, 5940730.5 ], [ 26397.0, 5940730.5 ], [ 26397.0, 5940730.650000000372529 ], [ 26397.075, 5940730.650000000372529 ], [ 26397.075, 5940730.799999999813735 ], [ 26397.150000000001455, 5940730.799999999813735 ], [ 26397.150000000001455, 5940731.025000000372529 ], [ 26397.224999999998545, 5940731.025000000372529 ], [ 26397.224999999998545, 5940731.174999999813735 ], [ 26397.3, 5940731.174999999813735 ], [ 26397.3, 5940731.325000000186265 ], [ 26397.375, 5940731.325000000186265 ], [ 26397.375, 5940731.549999999813735 ], [ 26397.45, 5940731.549999999813735 ], [ 26397.45, 5940731.700000000186265 ], [ 26397.525000000001455, 5940731.700000000186265 ], [ 26397.525000000001455, 5940731.924999999813735 ], [ 26397.599999999998545, 5940731.924999999813735 ], [ 26397.599999999998545, 5940732.075000000186265 ], [ 26397.675, 5940732.075000000186265 ], [ 26397.675, 5940732.299999999813735 ], [ 26397.75, 5940732.299999999813735 ], [ 26397.75, 5940733.799999999813735 ], [ 26397.675, 5940733.799999999813735 ], [ 26397.675, 5940738.599999999627471 ], [ 26397.599999999998545, 5940738.599999999627471 ], [ 26397.599999999998545, 5940739.349999999627471 ], [ 26397.525000000001455, 5940739.349999999627471 ], [ 26397.525000000001455, 5940740.099999999627471 ], [ 26397.45, 5940740.099999999627471 ], [ 26397.45, 5940740.474999999627471 ], [ 26397.375, 5940740.474999999627471 ], [ 26397.375, 5940740.849999999627471 ], [ 26397.3, 5940740.849999999627471 ], [ 26397.3, 5940741.150000000372529 ], [ 26397.224999999998545, 5940741.150000000372529 ], [ 26397.224999999998545, 5940741.525000000372529 ], [ 26397.150000000001455, 5940741.525000000372529 ], [ 26397.150000000001455, 5940741.825000000186265 ], [ 26397.075, 5940741.825000000186265 ], [ 26397.075, 5940742.125 ], [ 26397.0, 5940742.125 ], [ 26397.0, 5940742.424999999813735 ], [ 26396.925, 5940742.424999999813735 ], [ 26396.925, 5940742.650000000372529 ], [ 26396.849999999998545, 5940742.650000000372529 ], [ 26396.849999999998545, 5940742.950000000186265 ], [ 26396.775000000001455, 5940742.950000000186265 ], [ 26396.775000000001455, 5940743.174999999813735 ], [ 26396.7, 5940743.174999999813735 ], [ 26396.7, 5940743.474999999627471 ], [ 26396.625, 5940743.474999999627471 ], [ 26396.625, 5940743.700000000186265 ], [ 26396.55, 5940743.700000000186265 ], [ 26396.55, 5940743.924999999813735 ], [ 26396.474999999998545, 5940743.924999999813735 ], [ 26396.474999999998545, 5940744.150000000372529 ], [ 26396.400000000001455, 5940744.150000000372529 ], [ 26396.400000000001455, 5940744.375 ], [ 26396.325, 5940744.375 ], [ 26396.325, 5940744.599999999627471 ], [ 26396.25, 5940744.599999999627471 ], [ 26396.25, 5940744.75 ], [ 26396.175, 5940744.75 ], [ 26396.175, 5940744.974999999627471 ], [ 26396.099999999998545, 5940744.974999999627471 ], [ 26396.099999999998545, 5940745.125 ], [ 26396.025000000001455, 5940745.125 ], [ 26396.025000000001455, 5940745.275000000372529 ], [ 26395.95, 5940745.275000000372529 ], [ 26395.95, 5940745.424999999813735 ], [ 26395.875, 5940745.424999999813735 ], [ 26395.875, 5940745.650000000372529 ], [ 26395.8, 5940745.650000000372529 ], [ 26395.8, 5940745.799999999813735 ], [ 26395.724999999998545, 5940745.799999999813735 ], [ 26395.724999999998545, 5940745.950000000186265 ], [ 26395.650000000001455, 5940745.950000000186265 ], [ 26395.650000000001455, 5940746.025000000372529 ], [ 26395.575, 5940746.025000000372529 ], [ 26395.575, 5940746.099999999627471 ], [ 26395.5, 5940746.099999999627471 ], [ 26395.5, 5940746.174999999813735 ], [ 26395.349999999998545, 5940746.174999999813735 ], [ 26395.349999999998545, 5940746.25 ], [ 26395.275000000001455, 5940746.25 ], [ 26395.275000000001455, 5940746.325000000186265 ], [ 26395.2, 5940746.325000000186265 ], [ 26395.2, 5940746.400000000372529 ], [ 26395.05, 5940746.400000000372529 ], [ 26395.05, 5940746.474999999627471 ], [ 26394.974999999998545, 5940746.474999999627471 ], [ 26394.974999999998545, 5940746.549999999813735 ], [ 26394.825, 5940746.549999999813735 ], [ 26394.825, 5940746.625 ], [ 26394.75, 5940746.625 ], [ 26394.75, 5940746.700000000186265 ], [ 26394.599999999998545, 5940746.700000000186265 ], [ 26394.599999999998545, 5940746.775000000372529 ], [ 26394.525000000001455, 5940746.775000000372529 ], [ 26394.525000000001455, 5940746.849999999627471 ], [ 26394.375, 5940746.849999999627471 ], [ 26394.375, 5940746.924999999813735 ], [ 26394.224999999998545, 5940746.924999999813735 ], [ 26394.224999999998545, 5940747.0 ], [ 26394.150000000001455, 5940747.0 ], [ 26394.150000000001455, 5940747.075000000186265 ], [ 26394.0, 5940747.075000000186265 ], [ 26394.0, 5940747.150000000372529 ], [ 26393.849999999998545, 5940747.150000000372529 ], [ 26393.849999999998545, 5940747.224999999627471 ], [ 26393.775000000001455, 5940747.224999999627471 ], [ 26393.775000000001455, 5940747.299999999813735 ], [ 26393.625, 5940747.299999999813735 ], [ 26393.625, 5940747.375 ], [ 26393.55, 5940747.375 ], [ 26393.55, 5940747.450000000186265 ], [ 26393.400000000001455, 5940747.450000000186265 ], [ 26393.400000000001455, 5940747.525000000372529 ], [ 26393.25, 5940747.525000000372529 ], [ 26393.25, 5940747.599999999627471 ], [ 26393.175, 5940747.599999999627471 ], [ 26393.175, 5940747.674999999813735 ], [ 26393.025000000001455, 5940747.674999999813735 ], [ 26393.025000000001455, 5940747.75 ], [ 26392.95, 5940747.75 ], [ 26392.95, 5940747.825000000186265 ], [ 26392.8, 5940747.825000000186265 ], [ 26392.8, 5940747.900000000372529 ], [ 26392.650000000001455, 5940747.900000000372529 ], [ 26392.650000000001455, 5940747.974999999627471 ], [ 26392.575, 5940747.974999999627471 ], [ 26392.575, 5940748.049999999813735 ], [ 26392.425, 5940748.049999999813735 ], [ 26392.425, 5940748.125 ], [ 26392.2, 5940748.125 ], [ 26392.2, 5940748.200000000186265 ], [ 26392.05, 5940748.200000000186265 ], [ 26392.05, 5940748.275000000372529 ], [ 26391.900000000001455, 5940748.275000000372529 ], [ 26391.900000000001455, 5940748.349999999627471 ], [ 26391.75, 5940748.349999999627471 ], [ 26391.75, 5940748.424999999813735 ], [ 26391.525000000001455, 5940748.424999999813735 ], [ 26391.525000000001455, 5940748.5 ], [ 26391.375, 5940748.5 ], [ 26391.375, 5940748.575000000186265 ], [ 26391.150000000001455, 5940748.575000000186265 ], [ 26391.150000000001455, 5940748.650000000372529 ], [ 26390.925, 5940748.650000000372529 ], [ 26390.925, 5940748.724999999627471 ], [ 26390.400000000001455, 5940748.724999999627471 ], [ 26390.400000000001455, 5940748.799999999813735 ], [ 26389.95, 5940748.799999999813735 ], [ 26389.95, 5940748.875 ], [ 26389.425, 5940748.875 ], [ 26389.425, 5940748.950000000186265 ], [ 26384.025000000001455, 5940748.950000000186265 ], [ 26384.025000000001455, 5940748.875 ], [ 26374.275000000001455, 5940748.875 ], [ 26374.275000000001455, 5940748.799999999813735 ], [ 26373.375, 5940748.799999999813735 ], [ 26373.375, 5940748.875 ], [ 26367.075, 5940748.875 ], [ 26367.075, 5940748.950000000186265 ], [ 26365.575, 5940748.950000000186265 ], [ 26365.575, 5940749.025000000372529 ], [ 26364.75, 5940749.025000000372529 ], [ 26364.75, 5940749.099999999627471 ], [ 26363.849999999998545, 5940749.099999999627471 ], [ 26363.849999999998545, 5940749.174999999813735 ], [ 26362.875, 5940749.174999999813735 ], [ 26362.875, 5940749.25 ], [ 26361.900000000001455, 5940749.25 ], [ 26361.900000000001455, 5940749.325000000186265 ], [ 26360.775000000001455, 5940749.325000000186265 ], [ 26360.775000000001455, 5940749.400000000372529 ], [ 26359.650000000001455, 5940749.400000000372529 ], [ 26359.650000000001455, 5940749.474999999627471 ], [ 26358.224999999998545, 5940749.474999999627471 ], [ 26358.224999999998545, 5940749.549999999813735 ], [ 26356.575, 5940749.549999999813735 ], [ 26356.575, 5940749.625 ], [ 26355.075, 5940749.625 ], [ 26355.075, 5940749.700000000186265 ], [ 26353.8, 5940749.700000000186265 ], [ 26353.8, 5940749.775000000372529 ], [ 26352.675, 5940749.775000000372529 ], [ 26352.675, 5940749.849999999627471 ], [ 26349.224999999998545, 5940749.849999999627471 ] ] ] } },
{ "type": "Feature", "properties": { "value": 1.0, "building_id": 11, "area": 788.34937499981515 }, "geometry": { "type": "Polygon", "coordinates": [ [ [ 26162.400000000001455, 5940643.5 ], [ 26162.400000000001455, 5940643.424999999813735 ], [ 26162.099999999998545, 5940643.424999999813735 ], [ 26162.099999999998545, 5940643.349999999627471 ], [ 26161.875, 5940643.349999999627471 ], [ 26161.875, 5940643.275000000372529 ], [ 26161.650000000001455, 5940643.275000000372529 ], [ 26161.650000000001455, 5940643.200000000186265 ], [ 26161.349999999998545, 5940643.200000000186265 ], [ 26161.349999999998545, 5940643.125 ], [ 26161.05, 5940643.125 ], [ 26161.05, 5940643.049999999813735 ], [ 26160.75, 5940643.049999999813735 ], [ 26160.75, 5940642.974999999627471 ], [ 26160.45, 5940642.974999999627471 ], [ 26160.45, 5940642.900000000372529 ], [ 26160.150000000001455, 5940642.900000000372529 ], [ 26160.150000000001455, 5940642.825000000186265 ], [ 26159.849999999998545, 5940642.825000000186265 ], [ 26159.849999999998545, 5940642.75 ], [ 26159.474999999998545, 5940642.75 ], [ 26159.474999999998545, 5940642.674999999813735 ], [ 26159.175, 5940642.674999999813735 ], [ 26159.175, 5940642.599999999627471 ], [ 26158.8, 5940642.599999999627471 ], [ 26158.8, 5940642.525000000372529 ], [ 26158.425, 5940642.525000000372529 ], [ 26158.425, 5940642.450000000186265 ], [ 26158.125, 5940642.450000000186265 ], [ 26158.125, 5940642.375 ], [ 26157.825, 5940642.375 ], [ 26157.825, 5940642.299999999813735 ], [ 26157.525000000001455, 5940642.299999999813735 ], [ 26157.525000000001455, 5940642.224999999627471 ], [ 26157.150000000001455, 5940642.224999999627471 ], [ 26157.150000000001455, 5940642.150000000372529 ], [ 26156.775000000001455, 5940642.150000000372529 ], [ 26156.775000000001455, 5940642.075000000186265 ], [ 26156.400000000001455, 5940642.075000000186265 ], [ 26156.400000000001455, 5940642.0 ], [ 26156.099999999998545, 5940642.0 ], [ 26156.099999999998545, 5940641.924999999813735 ], [ 26155.724999999998545, 5940641.924999999813735 ], [ 26155.724999999998545, 5940641.849999999627471 ], [ 26155.349999999998545, 5940641.849999999627471 ], [ 26155.349999999998545, 5940641.775000000372529 ], [ 26154.974999999998545, 5940641.775000000372529 ], [ 26154.974999999998545, 5940641.700000000186265 ], [ 26154.675, 5940641.700000000186265 ], [ 26154.675, 5940641.625 ], [ 26154.375, 5940641.625 ], [ 26154.375, 5940641.549999999813735 ], [ 26154.075, 5940641.549999999813735 ], [ 26154.075, 5940641.474999999627471 ], [ 26153.849999999998545, 5940641.474999999627471 ], [ 26153.849999999998545, 5940641.400000000372529 ], [ 26153.625, 5940641.400000000372529 ], [ 26153.625, 5940641.325000000186265 ], [ 26153.325, 5940641.325000000186265 ], [ 26153.325, 5940641.25 ], [ 26153.099999999998545, 5940641.25 ], [ 26153.099999999998545, 5940641.174999999813735 ], [ 26152.8, 5940641.174999999813735 ], [ 26152.8, 5940641.099999999627471 ], [ 26152.575, 5940641.099999999627471 ], [ 26152.575, 5940641.025000000372529 ], [ 26152.425, 5940641.025000000372529 ], [ 26152.425, 5940640.950000000186265 ], [ 26152.2, 5940640.950000000186265 ], [ 26152.2, 5940640.875 ], [ 26151.974999999998545, 5940640.875 ], [ 26151.974999999998545, 5940640.799999999813735 ], [ 26151.75, 5940640.799999999813735 ], [ 26151.75, 5940640.724999999627471 ], [ 26151.599999999998545, 5940640.724999999627471 ], [ 26151.599999999998545, 5940640.650000000372529 ], [ 26151.375, 5940640.650000000372529 ], [ 26151.375, 5940640.575000000186265 ], [ 26151.224999999998545, 5940640.575000000186265 ], [ 26151.224999999998545, 5940640.5 ], [ 26151.075, 5940640.5 ], [ 26151.075, 5940640.424999999813735 ], [ 26150.925, 5940640.424999999813735 ], [ 26150.925, 5940640.349999999627471 ], [ 26150.775000000001455, 5940640.349999999627471 ], [ 26150.775000000001455, 5940640.275000000372529 ], [ 26150.625, 5940640.275000000372529 ], [ 26150.625, 5940640.200000000186265 ], [ 26150.474999999998545, 5940640.200000000186265 ], [ 26150.474999999998545, 5940640.125 ], [ 26150.325, 5940640.125 ], [ 26150.325, 5940640.049999999813735 ], [ 26150.25, 5940640.049999999813735 ], [ 26150.25, 5940639.974999999627471 ], [ 26150.099999999998545, 5940639.974999999627471 ], [ 26150.099999999998545, 5940639.900000000372529 ], [ 26149.95, 5940639.900000000372529 ], [ 26149.95, 5940639.825000000186265 ], [ 26149.8, 5940639.825000000186265 ], [ 26149.8, 5940639.75 ], [ 26149.650000000001455, 5940639.75 ], [ 26149.650000000001455, 5940639.674999999813735 ], [ 26149.5, 5940639.674999999813735 ], [ 26149.5, 5940639.599999999627471 ], [ 26149.349999999998545, 5940639.599999999627471 ], [ 26149.349999999998545, 5940639.525000000372529 ], [ 26149.2, 5940639.525000000372529 ], [ 26149.2, 5940639.450000000186265 ], [ 26149.125, 5940639.450000000186265 ], [ 26149.125, 5940639.375 ], [ 26148.974999999998545, 5940639.375 ], [ 26148.974999999998545, 5940639.299999999813735 ], [ 26148.825, 5940639.299999999813735 ], [ 26148.825, 5940639.224999999627471 ], [ 26148.675, 5940639.224999999627471 ], [ 26148.675, 5940639.150000000372529 ], [ 26148.525000000001455, 5940639.150000000372529 ], [ 26148.525000000001455, 5940639.075000000186265 ], [ 26148.375, 5940639.075000000186265 ], [ 26148.375, 5940639.0 ], [ 26148.3, 5940639.0 ], [ 26148.3, 5940638.924999999813735 ], [ 26148.150000000001455, 5940638.924999999813735 ], [ 26148.150000000001455, 5940638.849999999627471 ], [ 26148.0, 5940638.849999999627471 ], [ 26148.0, 5940638.775000000372529 ], [ 26147.925, 5940638.775000000372529 ], [ 26147.925, 5940638.700000000186265 ], [ 26147.775000000001455, 5940638.700000000186265 ], [ 26147.775000000001455, 5940638.625 ], [ 26147.7, 5940638.625 ], [ 26147.7, 5940638.549999999813735 ], [ 26147.55, 5940638.549999999813735 ], [ 26147.55, 5940638.474999999627471 ], [ 26147.474999999998545, 5940638.474999999627471 ], [ 26147.474999999998545, 5940638.400000000372529 ], [ 26147.400000000001455, 5940638.400000000372529 ], [ 26147.400000000001455, 5940638.325000000186265 ], [ 26147.325, 5940638.325000000186265 ], [ 26147.325, 5940638.25 ], [ 26147.175, 5940638.25 ], [ 26147.175, 5940638.174999999813735 ], [ 26147.099999999998545, 5940638.174999999813735 ], [ 26147.099999999998545, 5940638.099999999627471 ], [ 26147.025000000001455, 5940638.099999999627471 ], [ 26147.025000000001455, 5940638.025000000372529 ], [ 26146.95, 5940638.025000000372529 ], [ 26146.95, 5940637.950000000186265 ], [ 26146.875, 5940637.950000000186265 ], [ 26146.875, 5940637.875 ], [ 26146.724999999998545, 5940637.875 ], [ 26146.724999999998545, 5940637.799999999813735 ], [ 26146.650000000001455, 5940637.799999999813735 ], [ 26146.650000000001455, 5940637.724999999627471 ], [ 26146.575, 5940637.724999999627471 ], [ 26146.575, 5940637.650000000372529 ], [ 26146.5, 5940637.650000000372529 ], [ 26146.5, 5940637.575000000186265 ], [ 26146.425, 5940637.575000000186265 ], [ 26146.425, 5940637.5 ], [ 26146.349999999998545, 5940637.5 ], [ 26146.349999999998545, 5940637.424999999813735 ], [ 26146.275000000001455, 5940637.424999999813735 ], [ 26146.275000000001455, 5940637.349999999627471 ], [ 26146.2, 5940637.349999999627471 ], [ 26146.2, 5940637.275000000372529 ], [ 26146.125, 5940637.275000000372529 ], [ 26146.125, 5940637.200000000186265 ], [ 26146.05, 5940637.200000000186265 ], [ 26146.05, 5940637.125 ], [ 26145.974999999998545, 5940637.125 ], [ 26145.974999999998545, 5940637.049999999813735 ], [ 26145.900000000001455, 5940637.049999999813735 ], [ 26145.900000000001455, 5940636.974999999627471 ], [ 26145.825, 5940636.974999999627471 ], [ 26145.825, 5940636.900000000372529 ], [ 26145.75, 5940636.900000000372529 ], [ 26145.75, 5940636.825000000186265 ], [ 26145.675, 5940636.825000000186265 ], [ 26145.675, 5940636.75 ], [ 26145.599999999998545, 5940636.75 ], [ 26145.599999999998545, 5940636.674999999813735 ], [ 26145.525000000001455, 5940636.674999999813735 ], [ 26145.525000000001455, 5940636.599999999627471 ], [ 26145.45, 5940636.599999999627471 ], [ 26145.45, 5940636.450000000186265 ], [ 26145.375, 5940636.450000000186265 ], [ 26145.375, 5940636.299999999813735 ], [ 26145.3, 5940636.299999999813735 ], [ 26145.3, 5940636.150000000372529 ], [ 26145.224999999998545, 5940636.150000000372529 ], [ 26145.224999999998545, 5940636.0 ], [ 26145.150000000001455, 5940636.0 ], [ 26145.150000000001455, 5940635.775000000372529 ], [ 26145.075, 5940635.775000000372529 ], [ 26145.075, 5940635.625 ], [ 26145.150000000001455, 5940635.625 ], [ 26145.150000000001455, 5940635.400000000372529 ], [ 26145.224999999998545, 5940635.400000000372529 ], [ 26145.224999999998545, 5940635.099999999627471 ], [ 26145.3, 5940635.099999999627471 ], [ 26145.3, 5940634.799999999813735 ], [ 26145.375, 5940634.799999999813735 ], [ 26145.375, 5940634.5 ], [ 26145.45, 5940634.5 ], [ 26145.45, 5940634.200000000186265 ], [ 26145.525000000001455, 5940634.200000000186265 ], [ 26145.525000000001455, 5940633.825000000186265 ], [ 26145.599999999998545, 5940633.825000000186265 ], [ 26145.599999999998545, 5940633.525000000372529 ], [ 26145.675, 5940633.525000000372529 ], [ 26145.675, 5940633.075000000186265 ], [ 26145.75, 5940633.075000000186265 ], [ 26145.75, 5940632.625 ], [ 26145.825, 5940632.625 ], [ 26145.825, 5940632.174999999813735 ], [ 26145.900000000001455, 5940632.174999999813735 ], [ 26145.900000000001455, 5940631.650000000372529 ], [ 26145.974999999998545, 5940631.650000000372529 ], [ 26145.974999999998545, 5940631.049999999813735 ], [ 26146.05, 5940631.049999999813735 ], [ 26146.05, 5940630.299999999813735 ], [ 26146.125, 5940630.299999999813735 ], [ 26146.125, 5940629.25 ], [ 26146.2, 5940629.25 ], [ 26146.2, 5940627.375 ], [ 26146.275000000001455, 5940627.375 ], [ 26146.275000000001455, 5940624.75 ], [ 26146.349999999998545, 5940624.75 ], [ 26146.349999999998545, 5940622.275000000372529 ], [ 26146.425, 5940622.275000000372529 ], [ 26146.425, 5940620.099999999627471 ], [ 26146.5, 5940620.099999999627471 ], [ 26146.5, 5940618.450000000186265 ], [ 26146.575, 5940618.450000000186265 ], [ 26146.575, 5940617.25 ], [ 26146.650000000001455, 5940617.25 ], [ 26146.650000000001455, 5940616.275000000372529 ], [ 26146.724999999998545, 5940616.275000000372529 ], [ 26146.724999999998545, 5940615.375 ], [ 26146.8, 5940615.375 ], [ 26146.8, 5940614.924999999813735 ], [ 26146.875, 5940614.924999999813735 ], [ 26146.875, 5940614.625 ], [ 26146.95, 5940614.625 ], [ 26146.95, 5940614.400000000372529 ], [ 26147.025000000001455, 5940614.400000000372529 ], [ 26147.025000000001455, 5940614.099999999627471 ], [ 26147.099999999998545, 5940614.099999999627471 ], [ 26147.099999999998545, 5940613.799999999813735 ], [ 26147.175, 5940613.799999999813735 ], [ 26147.175, 5940613.424999999813735 ], [ 26147.25, 5940613.424999999813735 ], [ 26147.25, 5940613.125 ], [ 26147.325, 5940613.125 ], [ 26147.325, 5940612.974999999627471 ], [ 26147.400000000001455, 5940612.974999999627471 ], [ 26147.400000000001455, 5940612.75 ], [ 26147.474999999998545, 5940612.75 ], [ 26147.474999999998545, 5940612.599999999627471 ], [ 26147.55, 5940612.599999999627471 ], [ 26147.55, 5940612.375 ], [ 26147.625, 5940612.375 ], [ 26147.625, 5940612.224999999627471 ], [ 26147.7, 5940612.224999999627471 ], [ 26147.7, 5940612.075000000186265 ], [ 26147.775000000001455, 5940612.075000000186265 ], [ 26147.775000000001455, 5940611.924999999813735 ], [ 26147.849999999998545, 5940611.924999999813735 ], [ 26147.849999999998545, 5940611.775000000372529 ], [ 26147.925, 5940611.775000000372529 ], [ 26147.925, 5940611.625 ], [ 26148.0, 5940611.625 ], [ 26148.0, 5940611.474999999627471 ], [ 26148.075, 5940611.474999999627471 ], [ 26148.075, 5940611.325000000186265 ], [ 26148.150000000001455, 5940611.325000000186265 ], [ 26148.150000000001455, 5940611.25 ], [ 26148.224999999998545, 5940611.25 ], [ 26148.224999999998545, 5940611.099999999627471 ], [ 26148.3, 5940611.099999999627471 ], [ 26148.3, 5940611.025000000372529 ], [ 26148.375, 5940611.025000000372529 ], [ 26148.375, 5940610.875 ], [ 26148.45, 5940610.875 ], [ 26148.45, 5940610.799999999813735 ], [ 26148.525000000001455, 5940610.799999999813735 ], [ 26148.525000000001455, 5940610.724999999627471 ], [ 26148.599999999998545, 5940610.724999999627471 ], [ 26148.599999999998545, 5940610.650000000372529 ], [ 26148.675, 5940610.650000000372529 ], [ 26148.675, 5940610.575000000186265 ], [ 26148.75, 5940610.575000000186265 ], [ 26148.75, 5940610.5 ], [ 26148.825, 5940610.5 ], [ 26148.825, 5940610.424999999813735 ], [ 26148.900000000001455, 5940610.424999999813735 ], [ 26148.900000000001455, 5940610.349999999627471 ], [ 26149.05, 5940610.349999999627471 ], [ 26149.05, 5940610.275000000372529 ], [ 26149.2, 5940610.275000000372529 ], [ 26149.2, 5940610.200000000186265 ], [ 26149.349999999998545, 5940610.200000000186265 ], [ 26149.349999999998545, 5940610.125 ], [ 26149.425, 5940610.125 ], [ 26149.425, 5940610.049999999813735 ], [ 26149.575, 5940610.049999999813735 ], [ 26149.575, 5940609.974999999627471 ], [ 26149.724999999998545, 5940609.974999999627471 ], [ 26149.724999999998545, 5940609.900000000372529 ], [ 26149.875, 5940609.900000000372529 ], [ 26149.875, 5940609.825000000186265 ], [ 26150.025000000001455, 5940609.825000000186265 ], [ 26150.025000000001455, 5940609.75 ], [ 26150.25, 5940609.75 ], [ 26150.25, 5940609.674999999813735 ], [ 26150.400000000001455, 5940609.674999999813735 ], [ 26150.400000000001455, 5940609.599999999627471 ], [ 26150.55, 5940609.599999999627471 ], [ 26150.55, 5940609.525000000372529 ], [ 26150.775000000001455, 5940609.525000000372529 ], [ 26150.775000000001455, 5940609.450000000186265 ], [ 26150.925, 5940609.450000000186265 ], [ 26150.925, 5940609.375 ], [ 26151.075, 5940609.375 ], [ 26151.075, 5940609.299999999813735 ], [ 26151.3, 5940609.299999999813735 ], [ 26151.3, 5940609.224999999627471 ], [ 26151.45, 5940609.224999999627471 ], [ 26151.45, 5940609.150000000372529 ], [ 26151.599999999998545, 5940609.150000000372529 ], [ 26151.599999999998545, 5940609.075000000186265 ], [ 26151.825, 5940609.075000000186265 ], [ 26151.825, 5940609.0 ], [ 26152.05, 5940609.0 ], [ 26152.05, 5940608.924999999813735 ], [ 26152.275000000001455, 5940608.924999999813735 ], [ 26152.275000000001455, 5940608.849999999627471 ], [ 26152.575, 5940608.849999999627471 ], [ 26152.575, 5940608.775000000372529 ], [ 26152.875, 5940608.775000000372529 ], [ 26152.875, 5940608.700000000186265 ], [ 26153.175, 5940608.700000000186265 ], [ 26153.175, 5940608.625 ], [ 26153.55, 5940608.625 ], [ 26153.55, 5940608.549999999813735 ], [ 26154.0, 5940608.549999999813735 ], [ 26154.0, 5940608.474999999627471 ], [ 26154.45, 5940608.474999999627471 ], [ 26154.45, 5940608.400000000372529 ], [ 26154.974999999998545, 5940608.400000000372529 ], [ 26154.974999999998545, 5940608.325000000186265 ], [ 26155.575, 5940608.325000000186265 ], [ 26155.575, 5940608.25 ], [ 26156.25, 5940608.25 ], [ 26156.25, 5940608.174999999813735 ], [ 26157.0, 5940608.174999999813735 ], [ 26157.0, 5940608.099999999627471 ], [ 26157.75, 5940608.099999999627471 ], [ 26157.75, 5940608.025000000372529 ], [ 26158.5, 5940608.025000000372529 ], [ 26158.5, 5940607.950000000186265 ], [ 26159.25, 5940607.950000000186265 ], [ 26159.25, 5940607.875 ], [ 26160.075, 5940607.875 ], [ 26160.075, 5940607.799999999813735 ], [ 26160.75, 5940607.799999999813735 ], [ 26160.75, 5940607.724999999627471 ], [ 26161.425, 5940607.724999999627471 ], [ 26161.425, 5940607.650000000372529 ], [ 26162.099999999998545, 5940607.650000000372529 ], [ 26162.099999999998545, 5940607.575000000186265 ], [ 26163.0, 5940607.575000000186265 ], [ 26163.0, 5940607.650000000372529 ], [ 26163.900000000001455, 5940607.650000000372529 ], [ 26163.900000000001455, 5940607.724999999627471 ], [ 26164.575, 5940607.724999999627471 ], [ 26164.575, 5940607.799999999813735 ], [ 26164.875, 5940607.799999999813735 ], [ 26164.875, 5940607.875 ], [ 26165.175, 5940607.875 ], [ 26165.175, 5940607.950000000186265 ], [ 26165.474999999998545, 5940607.950000000186265 ], [ 26165.474999999998545, 5940608.025000000372529 ], [ 26165.775000000001455, 5940608.025000000372529 ], [ 26165.775000000001455, 5940608.099999999627471 ], [ 26166.150000000001455, 5940608.099999999627471 ], [ 26166.150000000001455, 5940608.174999999813735 ], [ 26166.45, 5940608.174999999813735 ], [ 26166.45, 5940608.25 ], [ 26166.675, 5940608.25 ], [ 26166.675, 5940608.325000000186265 ], [ 26166.900000000001455, 5940608.325000000186265 ], [ 26166.900000000001455, 5940608.400000000372529 ], [ 26167.125, 5940608.400000000372529 ], [ 26167.125, 5940608.474999999627471 ], [ 26167.275000000001455, 5940608.474999999627471 ], [ 26167.275000000001455, 5940608.549999999813735 ], [ 26167.5, 5940608.549999999813735 ], [ 26167.5, 5940608.625 ], [ 26167.650000000001455, 5940608.625 ], [ 26167.650000000001455, 5940608.700000000186265 ], [ 26167.8, 5940608.700000000186265 ], [ 26167.8, 5940608.775000000372529 ], [ 26167.95, 5940608.775000000372529 ], [ 26167.95, 5940608.849999999627471 ], [ 26168.099999999998545, 5940608.849999999627471 ], [ 26168.099999999998545, 5940608.924999999813735 ], [ 26168.25, 5940608.924999999813735 ], [ 26168.25, 5940609.0 ], [ 26168.325, 5940609.0 ], [ 26168.325, 5940609.075000000186265 ], [ 26168.474999999998545, 5940609.075000000186265 ], [ 26168.474999999998545, 5940609.150000000372529 ], [ 26168.55, 5940609.150000000372529 ], [ 26168.55, 5940609.224999999627471 ], [ 26168.625, 5940609.224999999627471 ], [ 26168.625, 5940609.299999999813735 ], [ 26168.7, 5940609.299999999813735 ], [ 26168.7, 5940609.375 ], [ 26168.775000000001455, 5940609.375 ], [ 26168.775000000001455, 5940609.450000000186265 ], [ 26168.849999999998545, 5940609.450000000186265 ], [ 26168.849999999998545, 5940609.525000000372529 ], [ 26168.925, 5940609.525000000372529 ], [ 26168.925, 5940609.599999999627471 ], [ 26169.0, 5940609.599999999627471 ], [ 26169.0, 5940609.674999999813735 ], [ 26169.075, 5940609.674999999813735 ], [ 26169.075, 5940609.75 ], [ 26169.150000000001455, 5940609.75 ], [ 26169.150000000001455, 5940609.825000000186265 ], [ 26169.224999999998545, 5940609.825000000186265 ], [ 26169.224999999998545, 5940609.900000000372529 ], [ 26169.3, 5940609.900000000372529 ], [ 26169.3, 5940609.974999999627471 ], [ 26169.375, 5940609.974999999627471 ], [ 26169.375, 5940610.049999999813735 ], [ 26169.45, 5940610.049999999813735 ], [ 26169.45, 5940610.125 ], [ 26169.525000000001455, 5940610.125 ], [ 26169.525000000001455, 5940610.200000000186265 ], [ 26169.599999999998545, 5940610.200000000186265 ], [ 26169.599999999998545, 5940610.275000000372529 ], [ 26169.675, 5940610.275000000372529 ], [ 26169.675, 5940610.349999999627471 ], [ 26169.75, 5940610.349999999627471 ], [ 26169.75, 5940610.424999999813735 ], [ 26169.825, 5940610.424999999813735 ], [ 26169.825, 5940610.5 ], [ 26169.900000000001455, 5940610.5 ], [ 26169.900000000001455, 5940610.650000000372529 ], [ 26169.974999999998545, 5940610.650000000372529 ], [ 26169.974999999998545, 5940610.724999999627471 ], [ 26170.05, 5940610.724999999627471 ], [ 26170.05, 5940610.799999999813735 ], [ 26170.125, 5940610.799999999813735 ], [ 26170.125, 5940610.875 ], [ 26170.2, 5940610.875 ], [ 26170.2, 5940610.950000000186265 ], [ 26170.275000000001455, 5940610.950000000186265 ], [ 26170.275000000001455, 5940611.025000000372529 ], [ 26170.349999999998545, 5940611.025000000372529 ], [ 26170.349999999998545, 5940611.099999999627471 ], [ 26170.425, 5940611.099999999627471 ], [ 26170.425, 5940611.174999999813735 ], [ 26170.575, 5940611.174999999813735 ], [ 26170.575, 5940611.25 ], [ 26170.650000000001455, 5940611.25 ], [ 26170.650000000001455, 5940611.325000000186265 ], [ 26170.724999999998545, 5940611.325000000186265 ], [ 26170.724999999998545, 5940611.400000000372529 ], [ 26170.8, 5940611.400000000372529 ], [ 26170.8, 5940611.474999999627471 ], [ 26170.875, 5940611.474999999627471 ], [ 26170.875, 5940611.849999999627471 ], [ 26170.95, 5940611.849999999627471 ], [ 26170.95, 5940612.375 ], [ 26171.025000000001455, 5940612.375 ], [ 26171.025000000001455, 5940612.974999999627471 ], [ 26171.099999999998545, 5940612.974999999627471 ], [ 26171.099999999998545, 5940616.799999999813735 ], [ 26171.025000000001455, 5940616.799999999813735 ], [ 26171.025000000001455, 5940619.200000000186265 ], [ 26170.95, 5940619.200000000186265 ], [ 26170.95, 5940625.125 ], [ 26171.025000000001455, 5940625.125 ], [ 26171.025000000001455, 5940626.625 ], [ 26170.95, 5940626.625 ], [ 26170.95, 5940627.0 ], [ 26170.875, 5940627.0 ], [ 26170.875, 5940627.375 ], [ 26170.8, 5940627.375 ], [ 26170.8, 5940627.674999999813735 ], [ 26170.724999999998545, 5940627.674999999813735 ], [ 26170.724999999998545, 5940627.974999999627471 ], [ 26170.650000000001455, 5940627.974999999627471 ], [ 26170.650000000001455, 5940628.349999999627471 ], [ 26170.575, 5940628.349999999627471 ], [ 26170.575, 5940628.650000000372529 ], [ 26170.5, 5940628.650000000372529 ], [ 26170.5, 5940629.174999999813735 ], [ 26170.425, 5940629.174999999813735 ], [ 26170.425, 5940629.775000000372529 ], [ 26170.349999999998545, 5940629.775000000372529 ], [ 26170.349999999998545, 5940630.375 ], [ 26170.275000000001455, 5940630.375 ], [ 26170.275000000001455, 5940634.200000000186265 ], [ 26170.2, 5940634.200000000186265 ], [ 26170.2, 5940634.724999999627471 ], [ 26170.125, 5940634.724999999627471 ], [ 26170.125, 5940635.025000000372529 ], [ 26170.05, 5940635.025000000372529 ], [ 26170.05, 5940635.25 ], [ 26169.974999999998545, 5940635.25 ], [ 26169.974999999998545, 5940635.549999999813735 ], [ 26169.900000000001455, 5940635.549999999813735 ], [ 26169.900000000001455, 5940635.775000000372529 ], [ 26169.825, 5940635.775000000372529 ], [ 26169.825, 5940636.075000000186265 ], [ 26169.75, 5940636.075000000186265 ], [ 26169.75, 5940636.299999999813735 ], [ 26169.675, 5940636.299999999813735 ], [ 26169.675, 5940636.525000000372529 ], [ 26169.599999999998545, 5940636.525000000372529 ], [ 26169.599999999998545, 5940636.75 ], [ 26169.525000000001455, 5940636.75 ], [ 26169.525000000001455, 5940636.974999999627471 ], [ 26169.45, 5940636.974999999627471 ], [ 26169.45, 5940637.200000000186265 ], [ 26169.375, 5940637.200000000186265 ], [ 26169.375, 5940637.424999999813735 ], [ 26169.3, 5940637.424999999813735 ], [ 26169.3, 5940637.575000000186265 ], [ 26169.224999999998545, 5940637.575000000186265 ], [ 26169.224999999998545, 5940637.799999999813735 ], [ 26169.150000000001455, 5940637.799999999813735 ], [ 26169.150000000001455, 5940637.950000000186265 ], [ 26169.075, 5940637.950000000186265 ], [ 26169.075, 5940638.099999999627471 ], [ 26169.0, 5940638.099999999627471 ], [ 26169.0, 5940638.25 ], [ 26168.925, 5940638.25 ], [ 26168.925, 5940638.400000000372529 ], [ 26168.849999999998545, 5940638.400000000372529 ], [ 26168.849999999998545, 5940638.549999999813735 ], [ 26168.775000000001455, 5940638.549999999813735 ], [ 26168.775000000001455, 5940638.775000000372529 ], [ 26168.7, 5940638.775000000372529 ], [ 26168.7, 5940638.924999999813735 ], [ 26168.625, 5940638.924999999813735 ], [ 26168.625, 5940639.075000000186265 ], [ 26168.55, 5940639.075000000186265 ], [ 26168.55, 5940639.224999999627471 ], [ 26168.474999999998545, 5940639.224999999627471 ], [ 26168.474999999998545, 5940639.375 ], [ 26168.400000000001455, 5940639.375 ], [ 26168.400000000001455, 5940639.525000000372529 ], [ 26168.325, 5940639.525000000372529 ], [ 26168.325, 5940639.674999999813735 ], [ 26168.25, 5940639.674999999813735 ], [ 26168.25, 5940639.825000000186265 ], [ 26168.175, 5940639.825000000186265 ], [ 26168.175, 5940639.900000000372529 ], [ 26168.099999999998545, 5940639.900000000372529 ], [ 26168.099999999998545, 5940640.049999999813735 ], [ 26168.025000000001455, 5940640.049999999813735 ], [ 26168.025000000001455, 5940640.125 ], [ 26167.95, 5940640.125 ], [ 26167.95, 5940640.275000000372529 ], [ 26167.875, 5940640.275000000372529 ], [ 26167.875, 5940640.424999999813735 ], [ 26167.8, 5940640.424999999813735 ], [ 26167.8, 5940640.5 ], [ 26167.724999999998545, 5940640.5 ], [ 26167.724999999998545, 5940640.650000000372529 ], [ 26167.650000000001455, 5940640.650000000372529 ], [ 26167.650000000001455, 5940640.724999999627471 ], [ 26167.575, 5940640.724999999627471 ], [ 26167.575, 5940640.875 ], [ 26167.5, 5940640.875 ], [ 26167.5, 5940640.950000000186265 ], [ 26167.425, 5940640.950000000186265 ], [ 26167.425, 5940641.025000000372529 ], [ 26167.349999999998545, 5940641.025000000372529 ], [ 26167.349999999998545, 5940641.174999999813735 ], [ 26167.275000000001455, 5940641.174999999813735 ], [ 26167.275000000001455, 5940641.25 ], [ 26167.2, 5940641.25 ], [ 26167.2, 5940641.325000000186265 ], [ 26167.125, 5940641.325000000186265 ], [ 26167.125, 5940641.400000000372529 ], [ 26167.05, 5940641.400000000372529 ], [ 26167.05, 5940641.474999999627471 ], [ 26166.974999999998545, 5940641.474999999627471 ], [ 26166.974999999998545, 5940641.549999999813735 ], [ 26166.900000000001455, 5940641.549999999813735 ], [ 26166.900000000001455, 5940641.625 ], [ 26166.825, 5940641.625 ], [ 26166.825, 5940641.775000000372529 ], [ 26166.75, 5940641.775000000372529 ], [ 26166.75, 5940641.849999999627471 ], [ 26166.675, 5940641.849999999627471 ], [ 26166.675, 5940641.924999999813735 ], [ 26166.599999999998545, 5940641.924999999813735 ], [ 26166.599999999998545, 5940642.0 ], [ 26166.525000000001455, 5940642.0 ], [ 26166.525000000001455, 5940642.075000000186265 ], [ 26166.375, 5940642.075000000186265 ], [ 26166.375, 5940642.150000000372529 ], [ 26166.3, 5940642.150000000372529 ], [ 26166.3, 5940642.224999999627471 ], [ 26166.224999999998545, 5940642.224999999627471 ], [ 26166.224999999998545, 5940642.299999999813735 ], [ 26166.150000000001455, 5940642.299999999813735 ], [ 26166.150000000001455, 5940642.375 ], [ 26166.075, 5940642.375 ], [ 26166.075, 5940642.450000000186265 ], [ 26166.0, 5940642.450000000186265 ], [ 26166.0, 5940642.525000000372529 ], [ 26165.849999999998545, 5940642.525000000372529 ], [ 26165.849999999998545, 5940642.599999999627471 ], [ 26165.775000000001455, 5940642.599999999627471 ], [ 26165.775000000001455, 5940642.674999999813735 ], [ 26165.625, 5940642.674999999813735 ], [ 26165.625, 5940642.75 ], [ 26165.55, 5940642.75 ], [ 26165.55, 5940642.825000000186265 ], [ 26165.400000000001455, 5940642.825000000186265 ], [ 26165.400000000001455, 5940642.900000000372529 ], [ 26165.325, 5940642.900000000372529 ], [ 26165.325, 5940642.974999999627471 ], [ 26165.175, 5940642.974999999627471 ], [ 26165.175, 5940643.049999999813735 ], [ 26165.099999999998545, 5940643.049999999813735 ], [ 26165.099999999998545, 5940643.125 ], [ 26164.95, 5940643.125 ], [ 26164.95, 5940643.200000000186265 ], [ 26164.8, 5940643.200000000186265 ], [ 26164.8, 5940643.275000000372529 ], [ 26164.650000000001455, 5940643.275000000372529 ], [ 26164.650000000001455, 5940643.349999999627471 ], [ 26164.5, 5940643.349999999627471 ], [ 26164.5, 5940643.424999999813735 ], [ 26163.675, 5940643.424999999813735 ], [ 26163.675, 5940643.5 ], [ 26162.400000000001455, 5940643.5 ] ] ] } },
{ "type": "Feature", "properties": { "value": 1.0, "building_id": 12, "area": 7032.8418749980765 }, "geometry": { "type": "Polygon", "coordinates": [ [ [ 26168.325, 5940711.150000000372529 ], [ 26168.325, 5940711.075000000186265 ], [ 26166.224999999998545, 5940711.075000000186265 ], [ 26166.224999999998545, 5940711.0 ], [ 26164.349999999998545, 5940711.0 ], [ 26164.349999999998545, 5940710.924999999813735 ], [ 26163.675, 5940710.924999999813735 ], [ 26163.675, 5940710.849999999627471 ], [ 26163.0, 5940710.849999999627471 ], [ 26163.0, 5940710.775000000372529 ], [ 26162.400000000001455, 5940710.775000000372529 ], [ 26162.400000000001455, 5940710.700000000186265 ], [ 26162.025000000001455, 5940710.700000000186265 ], [ 26162.025000000001455, 5940710.625 ], [ 26161.650000000001455, 5940710.625 ], [ 26161.650000000001455, 5940710.549999999813735 ], [ 26161.275000000001455, 5940710.549999999813735 ], [ 26161.275000000001455, 5940710.474999999627471 ], [ 26160.974999999998545, 5940710.474999999627471 ], [ 26160.974999999998545, 5940710.400000000372529 ], [ 26160.599999999998545, 5940710.400000000372529 ], [ 26160.599999999998545, 5940710.325000000186265 ], [ 26160.224999999998545, 5940710.325000000186265 ], [ 26160.224999999998545, 5940710.25 ], [ 26159.925, 5940710.25 ], [ 26159.925, 5940710.174999999813735 ], [ 26159.625, 5940710.174999999813735 ], [ 26159.625, 5940710.099999999627471 ], [ 26159.325, 5940710.099999999627471 ], [ 26159.325, 5940710.025000000372529 ], [ 26159.025000000001455, 5940710.025000000372529 ], [ 26159.025000000001455, 5940709.950000000186265 ], [ 26158.724999999998545, 5940709.950000000186265 ], [ 26158.724999999998545, 5940709.875 ], [ 26158.5, 5940709.875 ], [ 26158.5, 5940709.799999999813735 ], [ 26158.275000000001455, 5940709.799999999813735 ], [ 26158.275000000001455, 5940709.724999999627471 ], [ 26158.05, 5940709.724999999627471 ], [ 26158.05, 5940709.650000000372529 ], [ 26157.825, 5940709.650000000372529 ], [ 26157.825, 5940709.575000000186265 ], [ 26157.599999999998545, 5940709.575000000186265 ], [ 26157.599999999998545, 5940709.5 ], [ 26157.45, 5940709.5 ], [ 26157.45, 5940709.424999999813735 ], [ 26157.224999999998545, 5940709.424999999813735 ], [ 26157.224999999998545, 5940709.349999999627471 ], [ 26157.075, 5940709.349999999627471 ], [ 26157.075, 5940709.275000000372529 ], [ 26156.925, 5940709.275000000372529 ], [ 26156.925, 5940709.200000000186265 ], [ 26156.775000000001455, 5940709.200000000186265 ], [ 26156.775000000001455, 5940709.125 ], [ 26156.625, 5940709.125 ], [ 26156.625, 5940709.049999999813735 ], [ 26156.474999999998545, 5940709.049999999813735 ], [ 26156.474999999998545, 5940708.974999999627471 ], [ 26156.400000000001455, 5940708.974999999627471 ], [ 26156.400000000001455, 5940708.900000000372529 ], [ 26156.25, 5940708.900000000372529 ], [ 26156.25, 5940708.825000000186265 ], [ 26156.175, 5940708.825000000186265 ], [ 26156.175, 5940708.75 ], [ 26156.025000000001455, 5940708.75 ], [ 26156.025000000001455, 5940708.674999999813735 ], [ 26155.875, 5940708.674999999813735 ], [ 26155.875, 5940708.599999999627471 ], [ 26155.8, 5940708.599999999627471 ], [ 26155.8, 5940708.525000000372529 ], [ 26155.650000000001455, 5940708.525000000372529 ], [ 26155.650000000001455, 5940708.450000000186265 ], [ 26155.5, 5940708.450000000186265 ], [ 26155.5, 5940708.375 ], [ 26155.349999999998545, 5940708.375 ], [ 26155.349999999998545, 5940708.299999999813735 ], [ 26155.275000000001455, 5940708.299999999813735 ], [ 26155.275000000001455, 5940708.224999999627471 ], [ 26155.125, 5940708.224999999627471 ], [ 26155.125, 5940708.150000000372529 ], [ 26154.974999999998545, 5940708.150000000372529 ], [ 26154.974999999998545, 5940708.075000000186265 ], [ 26154.825, 5940708.075000000186265 ], [ 26154.825, 5940708.0 ], [ 26154.75, 5940708.0 ], [ 26154.75, 5940707.924999999813735 ], [ 26154.599999999998545, 5940707.924999999813735 ], [ 26154.599999999998545, 5940707.849999999627471 ], [ 26154.525000000001455, 5940707.849999999627471 ], [ 26154.525000000001455, 5940707.775000000372529 ], [ 26154.375, 5940707.775000000372529 ], [ 26154.375, 5940707.700000000186265 ], [ 26154.3, 5940707.700000000186265 ], [ 26154.3, 5940707.625 ], [ 26154.224999999998545, 5940707.625 ], [ 26154.224999999998545, 5940707.549999999813735 ], [ 26154.150000000001455, 5940707.549999999813735 ], [ 26154.150000000001455, 5940707.474999999627471 ], [ 26154.0, 5940707.474999999627471 ], [ 26154.0, 5940707.400000000372529 ], [ 26153.925, 5940707.400000000372529 ], [ 26153.925, 5940707.325000000186265 ], [ 26153.849999999998545, 5940707.325000000186265 ], [ 26153.849999999998545, 5940707.25 ], [ 26153.775000000001455, 5940707.25 ], [ 26153.775000000001455, 5940707.174999999813735 ], [ 26153.7, 5940707.174999999813735 ], [ 26153.7, 5940707.099999999627471 ], [ 26153.625, 5940707.099999999627471 ], [ 26153.625, 5940707.025000000372529 ], [ 26153.55, 5940707.025000000372529 ], [ 26153.55, 5940706.950000000186265 ], [ 26153.474999999998545, 5940706.950000000186265 ], [ 26153.474999999998545, 5940706.875 ], [ 26153.400000000001455, 5940706.875 ], [ 26153.400000000001455, 5940706.799999999813735 ], [ 26153.25, 5940706.799999999813735 ], [ 26153.25, 5940706.724999999627471 ], [ 26153.175, 5940706.724999999627471 ], [ 26153.175, 5940706.650000000372529 ], [ 26153.099999999998545, 5940706.650000000372529 ], [ 26153.099999999998545, 5940706.575000000186265 ], [ 26153.025000000001455, 5940706.575000000186265 ], [ 26153.025000000001455, 5940706.5 ], [ 26152.95, 5940706.5 ], [ 26152.95, 5940706.424999999813735 ], [ 26152.8, 5940706.424999999813735 ], [ 26152.8, 5940706.349999999627471 ], [ 26152.724999999998545, 5940706.349999999627471 ], [ 26152.724999999998545, 5940706.275000000372529 ], [ 26152.650000000001455, 5940706.275000000372529 ], [ 26152.650000000001455, 5940706.200000000186265 ], [ 26152.575, 5940706.200000000186265 ], [ 26152.575, 5940706.125 ], [ 26152.5, 5940706.125 ], [ 26152.5, 5940706.049999999813735 ], [ 26152.425, 5940706.049999999813735 ], [ 26152.425, 5940705.974999999627471 ], [ 26152.275000000001455, 5940705.974999999627471 ], [ 26152.275000000001455, 5940705.900000000372529 ], [ 26152.2, 5940705.900000000372529 ], [ 26152.2, 5940705.825000000186265 ], [ 26152.125, 5940705.825000000186265 ], [ 26152.125, 5940705.75 ], [ 26152.05, 5940705.75 ], [ 26152.05, 5940705.674999999813735 ], [ 26151.974999999998545, 5940705.674999999813735 ], [ 26151.974999999998545, 5940705.525000000372529 ], [ 26151.900000000001455, 5940705.525000000372529 ], [ 26151.900000000001455, 5940705.450000000186265 ], [ 26151.825, 5940705.450000000186265 ], [ 26151.825, 5940705.375 ], [ 26151.75, 5940705.375 ], [ 26151.75, 5940705.299999999813735 ], [ 26151.675, 5940705.299999999813735 ], [ 26151.675, 5940705.224999999627471 ], [ 26151.599999999998545, 5940705.224999999627471 ], [ 26151.599999999998545, 5940705.150000000372529 ], [ 26151.525000000001455, 5940705.150000000372529 ], [ 26151.525000000001455, 5940705.075000000186265 ], [ 26151.45, 5940705.075000000186265 ], [ 26151.45, 5940704.924999999813735 ], [ 26151.375, 5940704.924999999813735 ], [ 26151.375, 5940704.775000000372529 ], [ 26151.3, 5940704.775000000372529 ], [ 26151.3, 5940704.625 ], [ 26151.224999999998545, 5940704.625 ], [ 26151.224999999998545, 5940704.474999999627471 ], [ 26151.150000000001455, 5940704.474999999627471 ], [ 26151.150000000001455, 5940704.400000000372529 ], [ 26151.075, 5940704.400000000372529 ], [ 26151.075, 5940704.25 ], [ 26151.0, 5940704.25 ], [ 26151.0, 5940704.025000000372529 ], [ 26150.925, 5940704.025000000372529 ], [ 26150.925, 5940703.875 ], [ 26150.849999999998545, 5940703.875 ], [ 26150.849999999998545, 5940703.724999999627471 ], [ 26150.775000000001455, 5940703.724999999627471 ], [ 26150.775000000001455, 5940703.650000000372529 ], [ 26150.7, 5940703.650000000372529 ], [ 26150.7, 5940703.575000000186265 ], [ 26150.625, 5940703.575000000186265 ], [ 26150.625, 5940701.849999999627471 ], [ 26150.7, 5940701.849999999627471 ], [ 26150.7, 5940700.799999999813735 ], [ 26150.625, 5940700.799999999813735 ], [ 26150.625, 5940700.049999999813735 ], [ 26150.55, 5940700.049999999813735 ], [ 26150.55, 5940699.299999999813735 ], [ 26150.474999999998545, 5940699.299999999813735 ], [ 26150.474999999998545, 5940698.849999999627471 ], [ 26150.400000000001455, 5940698.849999999627471 ], [ 26150.400000000001455, 5940698.474999999627471 ], [ 26150.325, 5940698.474999999627471 ], [ 26150.325, 5940698.099999999627471 ], [ 26150.25, 5940698.099999999627471 ], [ 26150.25, 5940697.799999999813735 ], [ 26150.175, 5940697.799999999813735 ], [ 26150.175, 5940697.424999999813735 ], [ 26150.099999999998545, 5940697.424999999813735 ], [ 26150.099999999998545, 5940697.049999999813735 ], [ 26150.025000000001455, 5940697.049999999813735 ], [ 26150.025000000001455, 5940696.674999999813735 ], [ 26149.95, 5940696.674999999813735 ], [ 26149.95, 5940696.375 ], [ 26149.875, 5940696.375 ], [ 26149.875, 5940696.0 ], [ 26149.8, 5940696.0 ], [ 26149.8, 5940695.700000000186265 ], [ 26149.724999999998545, 5940695.700000000186265 ], [ 26149.724999999998545, 5940695.400000000372529 ], [ 26149.650000000001455, 5940695.400000000372529 ], [ 26149.650000000001455, 5940695.099999999627471 ], [ 26149.575, 5940695.099999999627471 ], [ 26149.575, 5940694.799999999813735 ], [ 26149.5, 5940694.799999999813735 ], [ 26149.5, 5940694.575000000186265 ], [ 26149.425, 5940694.575000000186265 ], [ 26149.425, 5940694.349999999627471 ], [ 26149.349999999998545, 5940694.349999999627471 ], [ 26149.349999999998545, 5940694.125 ], [ 26149.275000000001455, 5940694.125 ], [ 26149.275000000001455, 5940693.900000000372529 ], [ 26149.2, 5940693.900000000372529 ], [ 26149.2, 5940693.75 ], [ 26149.125, 5940693.75 ], [ 26149.125, 5940693.525000000372529 ], [ 26149.05, 5940693.525000000372529 ], [ 26149.05, 5940693.375 ], [ 26148.974999999998545, 5940693.375 ], [ 26148.974999999998545, 5940693.0 ], [ 26148.900000000001455, 5940693.0 ], [ 26148.900000000001455, 5940692.625 ], [ 26148.825, 5940692.625 ], [ 26148.825, 5940692.25 ], [ 26148.75, 5940692.25 ], [ 26148.75, 5940691.950000000186265 ], [ 26148.675, 5940691.950000000186265 ], [ 26148.675, 5940691.575000000186265 ], [ 26148.599999999998545, 5940691.575000000186265 ], [ 26148.599999999998545, 5940690.900000000372529 ], [ 26148.675, 5940690.900000000372529 ], [ 26148.675, 5940690.299999999813735 ], [ 26148.75, 5940690.299999999813735 ], [ 26148.75, 5940689.775000000372529 ], [ 26148.825, 5940689.775000000372529 ], [ 26148.825, 5940689.400000000372529 ], [ 26148.900000000001455, 5940689.400000000372529 ], [ 26148.900000000001455, 5940689.174999999813735 ], [ 26148.974999999998545, 5940689.174999999813735 ], [ 26148.974999999998545, 5940688.875 ], [ 26149.05, 5940688.875 ], [ 26149.05, 5940688.650000000372529 ], [ 26149.125, 5940688.650000000372529 ], [ 26149.125, 5940688.349999999627471 ], [ 26149.2, 5940688.349999999627471 ], [ 26149.2, 5940688.049999999813735 ], [ 26149.275000000001455, 5940688.049999999813735 ], [ 26149.275000000001455, 5940687.825000000186265 ], [ 26149.349999999998545, 5940687.825000000186265 ], [ 26149.349999999998545, 5940687.525000000372529 ], [ 26149.425, 5940687.525000000372529 ], [ 26149.425, 5940687.299999999813735 ], [ 26149.5, 5940687.299999999813735 ], [ 26149.5, 5940687.075000000186265 ], [ 26149.575, 5940687.075000000186265 ], [ 26149.575, 5940686.775000000372529 ], [ 26149.650000000001455, 5940686.775000000372529 ], [ 26149.650000000001455, 5940686.549999999813735 ], [ 26149.724999999998545, 5940686.549999999813735 ], [ 26149.724999999998545, 5940686.325000000186265 ], [ 26149.8, 5940686.325000000186265 ], [ 26149.8, 5940686.099999999627471 ], [ 26149.875, 5940686.099999999627471 ], [ 26149.875, 5940685.875 ], [ 26149.95, 5940685.875 ], [ 26149.95, 5940685.650000000372529 ], [ 26150.025000000001455, 5940685.650000000372529 ], [ 26150.025000000001455, 5940685.424999999813735 ], [ 26150.099999999998545, 5940685.424999999813735 ], [ 26150.099999999998545, 5940685.200000000186265 ], [ 26150.175, 5940685.200000000186265 ], [ 26150.175, 5940684.974999999627471 ], [ 26150.25, 5940684.974999999627471 ], [ 26150.25, 5940684.825000000186265 ], [ 26150.325, 5940684.825000000186265 ], [ 26150.325, 5940684.599999999627471 ], [ 26150.400000000001455, 5940684.599999999627471 ], [ 26150.400000000001455, 5940684.450000000186265 ], [ 26150.474999999998545, 5940684.450000000186265 ], [ 26150.474999999998545, 5940684.299999999813735 ], [ 26150.55, 5940684.299999999813735 ], [ 26150.55, 5940684.150000000372529 ], [ 26150.625, 5940684.150000000372529 ], [ 26150.625, 5940684.0 ], [ 26150.7, 5940684.0 ], [ 26150.7, 5940683.849999999627471 ], [ 26150.775000000001455, 5940683.849999999627471 ], [ 26150.775000000001455, 5940683.775000000372529 ], [ 26150.849999999998545, 5940683.775000000372529 ], [ 26150.849999999998545, 5940683.625 ], [ 26150.925, 5940683.625 ], [ 26150.925, 5940683.474999999627471 ], [ 26151.0, 5940683.474999999627471 ], [ 26151.0, 5940683.400000000372529 ], [ 26151.075, 5940683.400000000372529 ], [ 26151.075, 5940683.325000000186265 ], [ 26151.150000000001455, 5940683.325000000186265 ], [ 26151.150000000001455, 5940683.174999999813735 ], [ 26151.224999999998545, 5940683.174999999813735 ], [ 26151.224999999998545, 5940683.099999999627471 ], [ 26151.3, 5940683.099999999627471 ], [ 26151.3, 5940683.025000000372529 ], [ 26151.375, 5940683.025000000372529 ], [ 26151.375, 5940682.875 ], [ 26151.45, 5940682.875 ], [ 26151.45, 5940682.799999999813735 ], [ 26151.525000000001455, 5940682.799999999813735 ], [ 26151.525000000001455, 5940682.650000000372529 ], [ 26151.599999999998545, 5940682.650000000372529 ], [ 26151.599999999998545, 5940682.575000000186265 ], [ 26151.675, 5940682.575000000186265 ], [ 26151.675, 5940682.424999999813735 ], [ 26151.75, 5940682.424999999813735 ], [ 26151.75, 5940682.275000000372529 ], [ 26151.825, 5940682.275000000372529 ], [ 26151.825, 5940682.125 ], [ 26151.900000000001455, 5940682.125 ], [ 26151.900000000001455, 5940682.049999999813735 ], [ 26151.974999999998545, 5940682.049999999813735 ], [ 26151.974999999998545, 5940681.900000000372529 ], [ 26152.05, 5940681.900000000372529 ], [ 26152.05, 5940681.75 ], [ 26152.125, 5940681.75 ], [ 26152.125, 5940681.599999999627471 ], [ 26152.2, 5940681.599999999627471 ], [ 26152.2, 5940681.450000000186265 ], [ 26152.275000000001455, 5940681.450000000186265 ], [ 26152.275000000001455, 5940681.299999999813735 ], [ 26152.349999999998545, 5940681.299999999813735 ], [ 26152.349999999998545, 5940681.150000000372529 ], [ 26152.425, 5940681.150000000372529 ], [ 26152.425, 5940681.0 ], [ 26152.5, 5940681.0 ], [ 26152.5, 5940680.849999999627471 ], [ 26152.575, 5940680.849999999627471 ], [ 26152.575, 5940680.700000000186265 ], [ 26152.650000000001455, 5940680.700000000186265 ], [ 26152.650000000001455, 5940680.549999999813735 ], [ 26152.724999999998545, 5940680.549999999813735 ], [ 26152.724999999998545, 5940680.325000000186265 ], [ 26152.8, 5940680.325000000186265 ], [ 26152.8, 5940680.174999999813735 ], [ 26152.875, 5940680.174999999813735 ], [ 26152.875, 5940679.950000000186265 ], [ 26152.95, 5940679.950000000186265 ], [ 26152.95, 5940679.724999999627471 ], [ 26153.025000000001455, 5940679.724999999627471 ], [ 26153.025000000001455, 5940679.5 ], [ 26153.099999999998545, 5940679.5 ], [ 26153.099999999998545, 5940679.200000000186265 ], [ 26153.175, 5940679.200000000186265 ], [ 26153.175, 5940678.900000000372529 ], [ 26153.25, 5940678.900000000372529 ], [ 26153.25, 5940678.599999999627471 ], [ 26153.325, 5940678.599999999627471 ], [ 26153.325, 5940678.224999999627471 ], [ 26153.400000000001455, 5940678.224999999627471 ], [ 26153.400000000001455, 5940677.775000000372529 ], [ 26153.474999999998545, 5940677.775000000372529 ], [ 26153.474999999998545, 5940675.75 ], [ 26153.55, 5940675.75 ], [ 26153.55, 5940675.674999999813735 ], [ 26153.474999999998545, 5940675.674999999813735 ], [ 26153.474999999998545, 5940674.924999999813735 ], [ 26153.400000000001455, 5940674.924999999813735 ], [ 26153.400000000001455, 5940674.325000000186265 ], [ 26153.325, 5940674.325000000186265 ], [ 26153.325, 5940673.724999999627471 ], [ 26153.25, 5940673.724999999627471 ], [ 26153.25, 5940673.200000000186265 ], [ 26153.175, 5940673.200000000186265 ], [ 26153.175, 5940672.75 ], [ 26153.099999999998545, 5940672.75 ], [ 26153.099999999998545, 5940672.450000000186265 ], [ 26153.175, 5940672.450000000186265 ], [ 26153.175, 5940672.0 ], [ 26153.25, 5940672.0 ], [ 26153.25, 5940671.549999999813735 ], [ 26153.325, 5940671.549999999813735 ], [ 26153.325, 5940671.174999999813735 ], [ 26153.400000000001455, 5940671.174999999813735 ], [ 26153.400000000001455, 5940670.799999999813735 ], [ 26153.474999999998545, 5940670.799999999813735 ], [ 26153.474999999998545, 5940670.349999999627471 ], [ 26153.55, 5940670.349999999627471 ], [ 26153.55, 5940669.900000000372529 ], [ 26153.625, 5940669.900000000372529 ], [ 26153.625, 5940668.700000000186265 ], [ 26153.7, 5940668.700000000186265 ], [ 26153.7, 5940667.349999999627471 ], [ 26153.625, 5940667.349999999627471 ], [ 26153.625, 5940666.525000000372529 ], [ 26153.55, 5940666.525000000372529 ], [ 26153.55, 5940665.849999999627471 ], [ 26153.474999999998545, 5940665.849999999627471 ], [ 26153.474999999998545, 5940665.325000000186265 ], [ 26153.400000000001455, 5940665.325000000186265 ], [ 26153.400000000001455, 5940664.799999999813735 ], [ 26153.325, 5940664.799999999813735 ], [ 26153.325, 5940664.349999999627471 ], [ 26153.25, 5940664.349999999627471 ], [ 26153.25, 5940663.974999999627471 ], [ 26153.175, 5940663.974999999627471 ], [ 26153.175, 5940663.599999999627471 ], [ 26153.099999999998545, 5940663.599999999627471 ], [ 26153.099999999998545, 5940663.299999999813735 ], [ 26153.025000000001455, 5940663.299999999813735 ], [ 26153.025000000001455, 5940663.0 ], [ 26152.95, 5940663.0 ], [ 26152.95, 5940662.700000000186265 ], [ 26152.875, 5940662.700000000186265 ], [ 26152.875, 5940662.474999999627471 ], [ 26152.8, 5940662.474999999627471 ], [ 26152.8, 5940662.25 ], [ 26152.724999999998545, 5940662.25 ], [ 26152.724999999998545, 5940662.025000000372529 ], [ 26152.650000000001455, 5940662.025000000372529 ], [ 26152.650000000001455, 5940659.924999999813735 ], [ 26152.724999999998545, 5940659.924999999813735 ], [ 26152.724999999998545, 5940659.700000000186265 ], [ 26152.8, 5940659.700000000186265 ], [ 26152.8, 5940659.549999999813735 ], [ 26152.875, 5940659.549999999813735 ], [ 26152.875, 5940659.400000000372529 ], [ 26152.95, 5940659.400000000372529 ], [ 26152.95, 5940659.174999999813735 ], [ 26153.025000000001455, 5940659.174999999813735 ], [ 26153.025000000001455, 5940659.025000000372529 ], [ 26153.099999999998545, 5940659.025000000372529 ], [ 26153.099999999998545, 5940658.875 ], [ 26153.175, 5940658.875 ], [ 26153.175, 5940658.724999999627471 ], [ 26153.25, 5940658.724999999627471 ], [ 26153.25, 5940658.575000000186265 ], [ 26153.325, 5940658.575000000186265 ], [ 26153.325, 5940658.424999999813735 ], [ 26153.400000000001455, 5940658.424999999813735 ], [ 26153.400000000001455, 5940658.275000000372529 ], [ 26153.474999999998545, 5940658.275000000372529 ], [ 26153.474999999998545, 5940658.125 ], [ 26153.55, 5940658.125 ], [ 26153.55, 5940657.974999999627471 ], [ 26153.625, 5940657.974999999627471 ], [ 26153.625, 5940657.900000000372529 ], [ 26153.7, 5940657.900000000372529 ], [ 26153.7, 5940657.75 ], [ 26153.775000000001455, 5940657.75 ], [ 26153.775000000001455, 5940657.674999999813735 ], [ 26153.849999999998545, 5940657.674999999813735 ], [ 26153.849999999998545, 5940657.525000000372529 ], [ 26153.925, 5940657.525000000372529 ], [ 26153.925, 5940657.450000000186265 ], [ 26154.0, 5940657.450000000186265 ], [ 26154.0, 5940657.299999999813735 ], [ 26154.075, 5940657.299999999813735 ], [ 26154.075, 5940657.224999999627471 ], [ 26154.150000000001455, 5940657.224999999627471 ], [ 26154.150000000001455, 5940657.075000000186265 ], [ 26154.224999999998545, 5940657.075000000186265 ], [ 26154.224999999998545, 5940657.0 ], [ 26154.3, 5940657.0 ], [ 26154.3, 5940656.924999999813735 ], [ 26154.375, 5940656.924999999813735 ], [ 26154.375, 5940656.775000000372529 ], [ 26154.45, 5940656.775000000372529 ], [ 26154.45, 5940656.700000000186265 ], [ 26154.525000000001455, 5940656.700000000186265 ], [ 26154.525000000001455, 5940656.625 ], [ 26154.599999999998545, 5940656.625 ], [ 26154.599999999998545, 5940656.474999999627471 ], [ 26154.675, 5940656.474999999627471 ], [ 26154.675, 5940656.400000000372529 ], [ 26154.75, 5940656.400000000372529 ], [ 26154.75, 5940656.325000000186265 ], [ 26154.825, 5940656.325000000186265 ], [ 26154.825, 5940656.25 ], [ 26154.900000000001455, 5940656.25 ], [ 26154.900000000001455, 5940656.099999999627471 ], [ 26154.974999999998545, 5940656.099999999627471 ], [ 26154.974999999998545, 5940656.025000000372529 ], [ 26155.05, 5940656.025000000372529 ], [ 26155.05, 5940655.950000000186265 ], [ 26155.125, 5940655.950000000186265 ], [ 26155.125, 5940655.875 ], [ 26155.2, 5940655.875 ], [ 26155.2, 5940655.799999999813735 ], [ 26155.275000000001455, 5940655.799999999813735 ], [ 26155.275000000001455, 5940655.724999999627471 ], [ 26155.349999999998545, 5940655.724999999627471 ], [ 26155.349999999998545, 5940655.650000000372529 ], [ 26155.5, 5940655.650000000372529 ], [ 26155.5, 5940655.575000000186265 ], [ 26155.575, 5940655.575000000186265 ], [ 26155.575, 5940655.5 ], [ 26155.650000000001455, 5940655.5 ], [ 26155.650000000001455, 5940655.424999999813735 ], [ 26155.724999999998545, 5940655.424999999813735 ], [ 26155.724999999998545, 5940655.349999999627471 ], [ 26155.875, 5940655.349999999627471 ], [ 26155.875, 5940655.275000000372529 ], [ 26155.95, 5940655.275000000372529 ], [ 26155.95, 5940655.200000000186265 ], [ 26156.099999999998545, 5940655.200000000186265 ], [ 26156.099999999998545, 5940655.125 ], [ 26156.175, 5940655.125 ], [ 26156.175, 5940655.049999999813735 ], [ 26156.325, 5940655.049999999813735 ], [ 26156.325, 5940654.974999999627471 ], [ 26156.474999999998545, 5940654.974999999627471 ], [ 26156.474999999998545, 5940654.900000000372529 ], [ 26156.625, 5940654.900000000372529 ], [ 26156.625, 5940654.825000000186265 ], [ 26156.775000000001455, 5940654.825000000186265 ], [ 26156.775000000001455, 5940654.75 ], [ 26157.0, 5940654.75 ], [ 26157.0, 5940654.674999999813735 ], [ 26157.150000000001455, 5940654.674999999813735 ], [ 26157.150000000001455, 5940654.599999999627471 ], [ 26157.375, 5940654.599999999627471 ], [ 26157.375, 5940654.525000000372529 ], [ 26157.675, 5940654.525000000372529 ], [ 26157.675, 5940654.450000000186265 ], [ 26157.900000000001455, 5940654.450000000186265 ], [ 26157.900000000001455, 5940654.375 ], [ 26158.2, 5940654.375 ], [ 26158.2, 5940654.299999999813735 ], [ 26158.5, 5940654.299999999813735 ], [ 26158.5, 5940654.224999999627471 ], [ 26158.875, 5940654.224999999627471 ], [ 26158.875, 5940654.150000000372529 ], [ 26159.25, 5940654.150000000372529 ], [ 26159.25, 5940654.075000000186265 ], [ 26159.55, 5940654.075000000186265 ], [ 26159.55, 5940654.0 ], [ 26159.925, 5940654.0 ], [ 26159.925, 5940653.924999999813735 ], [ 26160.3, 5940653.924999999813735 ], [ 26160.3, 5940653.849999999627471 ], [ 26160.75, 5940653.849999999627471 ], [ 26160.75, 5940653.775000000372529 ], [ 26161.2, 5940653.775000000372529 ], [ 26161.2, 5940653.700000000186265 ], [ 26161.650000000001455, 5940653.700000000186265 ], [ 26161.650000000001455, 5940653.625 ], [ 26162.175, 5940653.625 ], [ 26162.175, 5940653.549999999813735 ], [ 26162.7, 5940653.549999999813735 ], [ 26162.7, 5940653.474999999627471 ], [ 26163.375, 5940653.474999999627471 ], [ 26163.375, 5940653.400000000372529 ], [ 26163.974999999998545, 5940653.400000000372529 ], [ 26163.974999999998545, 5940653.325000000186265 ], [ 26164.575, 5940653.325000000186265 ], [ 26164.575, 5940653.25 ], [ 26165.175, 5940653.25 ], [ 26165.175, 5940653.174999999813735 ], [ 26165.775000000001455, 5940653.174999999813735 ], [ 26165.775000000001455, 5940653.099999999627471 ], [ 26166.3, 5940653.099999999627471 ], [ 26166.3, 5940653.025000000372529 ], [ 26166.825, 5940653.025000000372529 ], [ 26166.825, 5940652.950000000186265 ], [ 26167.275000000001455, 5940652.950000000186265 ], [ 26167.275000000001455, 5940652.875 ], [ 26167.724999999998545, 5940652.875 ], [ 26167.724999999998545, 5940652.799999999813735 ], [ 26168.099999999998545, 5940652.799999999813735 ], [ 26168.099999999998545, 5940652.724999999627471 ], [ 26168.474999999998545, 5940652.724999999627471 ], [ 26168.474999999998545, 5940652.650000000372529 ], [ 26168.849999999998545, 5940652.650000000372529 ], [ 26168.849999999998545, 5940652.575000000186265 ], [ 26169.224999999998545, 5940652.575000000186265 ], [ 26169.224999999998545, 5940652.5 ], [ 26169.525000000001455, 5940652.5 ], [ 26169.525000000001455, 5940652.424999999813735 ], [ 26169.900000000001455, 5940652.424999999813735 ], [ 26169.900000000001455, 5940652.349999999627471 ], [ 26170.2, 5940652.349999999627471 ], [ 26170.2, 5940652.275000000372529 ], [ 26170.349999999998545, 5940652.275000000372529 ], [ 26170.349999999998545, 5940652.200000000186265 ], [ 26170.425, 5940652.200000000186265 ], [ 26170.425, 5940652.049999999813735 ], [ 26170.5, 5940652.049999999813735 ], [ 26170.5, 5940651.974999999627471 ], [ 26170.575, 5940651.974999999627471 ], [ 26170.575, 5940651.825000000186265 ], [ 26170.650000000001455, 5940651.825000000186265 ], [ 26170.650000000001455, 5940651.75 ], [ 26170.724999999998545, 5940651.75 ], [ 26170.724999999998545, 5940651.599999999627471 ], [ 26170.8, 5940651.599999999627471 ], [ 26170.8, 5940651.525000000372529 ], [ 26170.875, 5940651.525000000372529 ], [ 26170.875, 5940651.450000000186265 ], [ 26170.95, 5940651.450000000186265 ], [ 26170.95, 5940651.375 ], [ 26171.025000000001455, 5940651.375 ], [ 26171.025000000001455, 5940651.299999999813735 ], [ 26171.099999999998545, 5940651.299999999813735 ], [ 26171.099999999998545, 5940651.150000000372529 ], [ 26171.175, 5940651.150000000372529 ], [ 26171.175, 5940651.075000000186265 ], [ 26171.25, 5940651.075000000186265 ], [ 26171.25, 5940651.0 ], [ 26171.325, 5940651.0 ], [ 26171.325, 5940650.924999999813735 ], [ 26171.400000000001455, 5940650.924999999813735 ], [ 26171.400000000001455, 5940650.849999999627471 ], [ 26171.474999999998545, 5940650.849999999627471 ], [ 26171.474999999998545, 5940650.775000000372529 ], [ 26171.55, 5940650.775000000372529 ], [ 26171.55, 5940650.700000000186265 ], [ 26171.625, 5940650.700000000186265 ], [ 26171.625, 5940650.625 ], [ 26171.7, 5940650.625 ], [ 26171.7, 5940650.549999999813735 ], [ 26171.849999999998545, 5940650.549999999813735 ], [ 26171.849999999998545, 5940650.474999999627471 ], [ 26171.925, 5940650.474999999627471 ], [ 26171.925, 5940650.400000000372529 ], [ 26172.0, 5940650.400000000372529 ], [ 26172.0, 5940650.325000000186265 ], [ 26172.075, 5940650.325000000186265 ], [ 26172.075, 5940650.25 ], [ 26172.224999999998545, 5940650.25 ], [ 26172.224999999998545, 5940650.174999999813735 ], [ 26172.3, 5940650.174999999813735 ], [ 26172.3, 5940650.099999999627471 ], [ 26172.375, 5940650.099999999627471 ], [ 26172.375, 5940650.025000000372529 ], [ 26172.45, 5940650.025000000372529 ], [ 26172.45, 5940649.950000000186265 ], [ 26172.525000000001455, 5940649.950000000186265 ], [ 26172.525000000001455, 5940649.875 ], [ 26172.599999999998545, 5940649.875 ], [ 26172.599999999998545, 5940649.799999999813735 ], [ 26172.675, 5940649.799999999813735 ], [ 26172.675, 5940649.724999999627471 ], [ 26172.75, 5940649.724999999627471 ], [ 26172.75, 5940649.650000000372529 ], [ 26172.825, 5940649.650000000372529 ], [ 26172.825, 5940649.575000000186265 ], [ 26172.900000000001455, 5940649.575000000186265 ], [ 26172.900000000001455, 5940649.5 ], [ 26172.974999999998545, 5940649.5 ], [ 26172.974999999998545, 5940649.424999999813735 ], [ 26173.05, 5940649.424999999813735 ], [ 26173.05, 5940649.349999999627471 ], [ 26173.125, 5940649.349999999627471 ], [ 26173.125, 5940649.275000000372529 ], [ 26173.275000000001455, 5940649.275000000372529 ], [ 26173.275000000001455, 5940649.200000000186265 ], [ 26173.349999999998545, 5940649.200000000186265 ], [ 26173.349999999998545, 5940649.125 ], [ 26173.5, 5940649.125 ], [ 26173.5, 5940649.049999999813735 ], [ 26173.575, 5940649.049999999813735 ], [ 26173.575, 5940648.974999999627471 ], [ 26173.724999999998545, 5940648.974999999627471 ], [ 26173.724999999998545, 5940648.900000000372529 ], [ 26173.8, 5940648.900000000372529 ], [ 26173.8, 5940648.825000000186265 ], [ 26173.95, 5940648.825000000186265 ], [ 26173.95, 5940648.75 ], [ 26174.099999999998545, 5940648.75 ], [ 26174.099999999998545, 5940648.674999999813735 ], [ 26174.175, 5940648.674999999813735 ], [ 26174.175, 5940648.599999999627471 ], [ 26174.400000000001455, 5940648.599999999627471 ], [ 26174.400000000001455, 5940648.525000000372529 ], [ 26174.55, 5940648.525000000372529 ], [ 26174.55, 5940648.450000000186265 ], [ 26174.7, 5940648.450000000186265 ], [ 26174.7, 5940648.375 ], [ 26174.849999999998545, 5940648.375 ], [ 26174.849999999998545, 5940648.299999999813735 ], [ 26175.0, 5940648.299999999813735 ], [ 26175.0, 5940648.224999999627471 ], [ 26175.150000000001455, 5940648.224999999627471 ], [ 26175.150000000001455, 5940648.150000000372529 ], [ 26175.375, 5940648.150000000372529 ], [ 26175.375, 5940648.075000000186265 ], [ 26175.599999999998545, 5940648.075000000186265 ], [ 26175.599999999998545, 5940648.0 ], [ 26175.825, 5940648.0 ], [ 26175.825, 5940647.924999999813735 ], [ 26176.05, 5940647.924999999813735 ], [ 26176.05, 5940647.849999999627471 ], [ 26176.275000000001455, 5940647.849999999627471 ], [ 26176.275000000001455, 5940647.775000000372529 ], [ 26176.575, 5940647.775000000372529 ], [ 26176.575, 5940647.700000000186265 ], [ 26176.95, 5940647.700000000186265 ], [ 26176.95, 5940647.625 ], [ 26177.25, 5940647.625 ], [ 26177.25, 5940647.549999999813735 ], [ 26177.625, 5940647.549999999813735 ], [ 26177.625, 5940647.474999999627471 ], [ 26178.075, 5940647.474999999627471 ], [ 26178.075, 5940647.400000000372529 ], [ 26179.8, 5940647.400000000372529 ], [ 26179.8, 5940647.325000000186265 ], [ 26180.25, 5940647.325000000186265 ], [ 26180.25, 5940647.400000000372529 ], [ 26181.224999999998545, 5940647.400000000372529 ], [ 26181.224999999998545, 5940647.474999999627471 ], [ 26182.125, 5940647.474999999627471 ], [ 26182.125, 5940647.549999999813735 ], [ 26182.8, 5940647.549999999813735 ], [ 26182.8, 5940647.625 ], [ 26183.400000000001455, 5940647.625 ], [ 26183.400000000001455, 5940647.700000000186265 ], [ 26183.925, 5940647.700000000186265 ], [ 26183.925, 5940647.775000000372529 ], [ 26184.375, 5940647.775000000372529 ], [ 26184.375, 5940647.849999999627471 ], [ 26184.825, 5940647.849999999627471 ], [ 26184.825, 5940647.924999999813735 ], [ 26185.2, 5940647.924999999813735 ], [ 26185.2, 5940648.0 ], [ 26185.575, 5940648.0 ], [ 26185.575, 5940648.075000000186265 ], [ 26185.875, 5940648.075000000186265 ], [ 26185.875, 5940648.150000000372529 ], [ 26186.099999999998545, 5940648.150000000372529 ], [ 26186.099999999998545, 5940648.224999999627471 ], [ 26186.25, 5940648.224999999627471 ], [ 26186.25, 5940648.299999999813735 ], [ 26186.474999999998545, 5940648.299999999813735 ], [ 26186.474999999998545, 5940648.375 ], [ 26186.7, 5940648.375 ], [ 26186.7, 5940648.450000000186265 ], [ 26186.925, 5940648.450000000186265 ], [ 26186.925, 5940648.525000000372529 ], [ 26187.150000000001455, 5940648.525000000372529 ], [ 26187.150000000001455, 5940648.599999999627471 ], [ 26187.375, 5940648.599999999627471 ], [ 26187.375, 5940648.674999999813735 ], [ 26187.599999999998545, 5940648.674999999813735 ], [ 26187.599999999998545, 5940648.75 ], [ 26187.825, 5940648.75 ], [ 26187.825, 5940648.825000000186265 ], [ 26188.05, 5940648.825000000186265 ], [ 26188.05, 5940648.900000000372529 ], [ 26188.2, 5940648.900000000372529 ], [ 26188.2, 5940648.974999999627471 ], [ 26188.425, 5940648.974999999627471 ], [ 26188.425, 5940649.049999999813735 ], [ 26188.575, 5940649.049999999813735 ], [ 26188.575, 5940649.125 ], [ 26188.8, 5940649.125 ], [ 26188.8, 5940649.200000000186265 ], [ 26189.025000000001455, 5940649.200000000186265 ], [ 26189.025000000001455, 5940649.275000000372529 ], [ 26189.175, 5940649.275000000372529 ], [ 26189.175, 5940649.349999999627471 ], [ 26189.400000000001455, 5940649.349999999627471 ], [ 26189.400000000001455, 5940649.424999999813735 ], [ 26189.625, 5940649.424999999813735 ], [ 26189.625, 5940649.5 ], [ 26189.849999999998545, 5940649.5 ], [ 26189.849999999998545, 5940649.575000000186265 ], [ 26190.075, 5940649.575000000186265 ], [ 26190.075, 5940649.650000000372529 ], [ 26190.3, 5940649.650000000372529 ], [ 26190.3, 5940649.724999999627471 ], [ 26190.525000000001455, 5940649.724999999627471 ], [ 26190.525000000001455, 5940649.799999999813735 ], [ 26190.75, 5940649.799999999813735 ], [ 26190.75, 5940649.875 ], [ 26190.974999999998545, 5940649.875 ], [ 26190.974999999998545, 5940649.950000000186265 ], [ 26191.2, 5940649.950000000186265 ], [ 26191.2, 5940650.025000000372529 ], [ 26191.349999999998545, 5940650.025000000372529 ], [ 26191.349999999998545, 5940650.099999999627471 ], [ 26191.575, 5940650.099999999627471 ], [ 26191.575, 5940650.174999999813735 ], [ 26191.8, 5940650.174999999813735 ], [ 26191.8, 5940650.25 ], [ 26192.025000000001455, 5940650.25 ], [ 26192.025000000001455, 5940650.325000000186265 ], [ 26192.25, 5940650.325000000186265 ], [ 26192.25, 5940650.400000000372529 ], [ 26192.400000000001455, 5940650.400000000372529 ], [ 26192.400000000001455, 5940650.474999999627471 ], [ 26192.625, 5940650.474999999627471 ], [ 26192.625, 5940650.549999999813735 ], [ 26192.849999999998545, 5940650.549999999813735 ], [ 26192.849999999998545, 5940650.625 ], [ 26193.075, 5940650.625 ], [ 26193.075, 5940650.700000000186265 ], [ 26193.3, 5940650.700000000186265 ], [ 26193.3, 5940650.775000000372529 ], [ 26193.599999999998545, 5940650.775000000372529 ], [ 26193.599999999998545, 5940650.849999999627471 ], [ 26194.05, 5940650.849999999627471 ], [ 26194.05, 5940650.775000000372529 ], [ 26194.425, 5940650.775000000372529 ], [ 26194.425, 5940650.700000000186265 ], [ 26194.8, 5940650.700000000186265 ], [ 26194.8, 5940650.625 ], [ 26195.175, 5940650.625 ], [ 26195.175, 5940650.549999999813735 ], [ 26195.55, 5940650.549999999813735 ], [ 26195.55, 5940650.474999999627471 ], [ 26195.775000000001455, 5940650.474999999627471 ], [ 26195.775000000001455, 5940650.400000000372529 ], [ 26195.849999999998545, 5940650.400000000372529 ], [ 26195.849999999998545, 5940650.325000000186265 ], [ 26196.0, 5940650.325000000186265 ], [ 26196.0, 5940650.25 ], [ 26196.075, 5940650.25 ], [ 26196.075, 5940650.174999999813735 ], [ 26196.224999999998545, 5940650.174999999813735 ], [ 26196.224999999998545, 5940650.099999999627471 ], [ 26196.3, 5940650.099999999627471 ], [ 26196.3, 5940650.025000000372529 ], [ 26196.45, 5940650.025000000372529 ], [ 26196.45, 5940649.950000000186265 ], [ 26196.599999999998545, 5940649.950000000186265 ], [ 26196.599999999998545, 5940649.875 ], [ 26196.675, 5940649.875 ], [ 26196.675, 5940649.799999999813735 ], [ 26196.825, 5940649.799999999813735 ], [ 26196.825, 5940649.724999999627471 ], [ 26196.974999999998545, 5940649.724999999627471 ], [ 26196.974999999998545, 5940649.650000000372529 ], [ 26197.05, 5940649.650000000372529 ], [ 26197.05, 5940649.575000000186265 ], [ 26197.2, 5940649.575000000186265 ], [ 26197.2, 5940649.5 ], [ 26197.349999999998545, 5940649.5 ], [ 26197.349999999998545, 5940649.424999999813735 ], [ 26197.5, 5940649.424999999813735 ], [ 26197.5, 5940649.349999999627471 ], [ 26197.650000000001455, 5940649.349999999627471 ], [ 26197.650000000001455, 5940649.275000000372529 ], [ 26197.8, 5940649.275000000372529 ], [ 26197.8, 5940649.200000000186265 ], [ 26197.95, 5940649.200000000186265 ], [ 26197.95, 5940649.125 ], [ 26198.099999999998545, 5940649.125 ], [ 26198.099999999998545, 5940649.049999999813735 ], [ 26198.175, 5940649.049999999813735 ], [ 26198.175, 5940648.974999999627471 ], [ 26198.325, 5940648.974999999627471 ], [ 26198.325, 5940648.900000000372529 ], [ 26198.474999999998545, 5940648.900000000372529 ], [ 26198.474999999998545, 5940648.825000000186265 ], [ 26198.625, 5940648.825000000186265 ], [ 26198.625, 5940648.75 ], [ 26198.775000000001455, 5940648.75 ], [ 26198.775000000001455, 5940648.674999999813735 ], [ 26198.849999999998545, 5940648.674999999813735 ], [ 26198.849999999998545, 5940648.599999999627471 ], [ 26199.0, 5940648.599999999627471 ], [ 26199.0, 5940648.525000000372529 ], [ 26199.075, 5940648.525000000372529 ], [ 26199.075, 5940648.450000000186265 ], [ 26199.224999999998545, 5940648.450000000186265 ], [ 26199.224999999998545, 5940648.375 ], [ 26199.3, 5940648.375 ], [ 26199.3, 5940648.299999999813735 ], [ 26199.45, 5940648.299999999813735 ], [ 26199.45, 5940648.224999999627471 ], [ 26199.525000000001455, 5940648.224999999627471 ], [ 26199.525000000001455, 5940648.150000000372529 ], [ 26199.599999999998545, 5940648.150000000372529 ], [ 26199.599999999998545, 5940648.075000000186265 ], [ 26199.75, 5940648.075000000186265 ], [ 26199.75, 5940648.0 ], [ 26199.900000000001455, 5940648.0 ], [ 26199.900000000001455, 5940647.924999999813735 ], [ 26200.05, 5940647.924999999813735 ], [ 26200.05, 5940647.849999999627471 ], [ 26200.125, 5940647.849999999627471 ], [ 26200.125, 5940647.775000000372529 ], [ 26200.275000000001455, 5940647.775000000372529 ], [ 26200.275000000001455, 5940647.700000000186265 ], [ 26200.425, 5940647.700000000186265 ], [ 26200.425, 5940647.625 ], [ 26200.575, 5940647.625 ], [ 26200.575, 5940647.549999999813735 ], [ 26200.724999999998545, 5940647.549999999813735 ], [ 26200.724999999998545, 5940647.474999999627471 ], [ 26200.8, 5940647.474999999627471 ], [ 26200.8, 5940647.400000000372529 ], [ 26200.95, 5940647.400000000372529 ], [ 26200.95, 5940647.325000000186265 ], [ 26201.099999999998545, 5940647.325000000186265 ], [ 26201.099999999998545, 5940647.25 ], [ 26201.25, 5940647.25 ], [ 26201.25, 5940647.174999999813735 ], [ 26201.400000000001455, 5940647.174999999813735 ], [ 26201.400000000001455, 5940647.099999999627471 ], [ 26201.7, 5940647.099999999627471 ], [ 26201.7, 5940647.174999999813735 ], [ 26204.775000000001455, 5940647.174999999813735 ], [ 26204.775000000001455, 5940647.25 ], [ 26208.900000000001455, 5940647.25 ], [ 26208.900000000001455, 5940647.325000000186265 ], [ 26212.8, 5940647.325000000186265 ], [ 26212.8, 5940647.25 ], [ 26213.25, 5940647.25 ], [ 26213.25, 5940647.325000000186265 ], [ 26214.0, 5940647.325000000186265 ], [ 26214.0, 5940647.400000000372529 ], [ 26214.900000000001455, 5940647.400000000372529 ], [ 26214.900000000001455, 5940647.474999999627471 ], [ 26215.8, 5940647.474999999627471 ], [ 26215.8, 5940647.549999999813735 ], [ 26216.775000000001455, 5940647.549999999813735 ], [ 26216.775000000001455, 5940647.625 ], [ 26218.125, 5940647.625 ], [ 26218.125, 5940647.549999999813735 ], [ 26219.400000000001455, 5940647.549999999813735 ], [ 26219.400000000001455, 5940647.474999999627471 ], [ 26219.775000000001455, 5940647.474999999627471 ], [ 26219.775000000001455, 5940647.400000000372529 ], [ 26220.150000000001455, 5940647.400000000372529 ], [ 26220.150000000001455, 5940647.325000000186265 ], [ 26220.45, 5940647.325000000186265 ], [ 26220.45, 5940647.25 ], [ 26220.75, 5940647.25 ], [ 26220.75, 5940647.174999999813735 ], [ 26222.325, 5940647.174999999813735 ], [ 26222.325, 5940647.099999999627471 ], [ 26223.375, 5940647.099999999627471 ], [ 26223.375, 5940647.025000000372529 ], [ 26223.974999999998545, 5940647.025000000372529 ], [ 26223.974999999998545, 5940646.950000000186265 ], [ 26224.5, 5940646.950000000186265 ], [ 26224.5, 5940646.875 ], [ 26224.95, 5940646.875 ], [ 26224.95, 5940646.799999999813735 ], [ 26225.025000000001455, 5940646.799999999813735 ], [ 26225.025000000001455, 5940646.724999999627471 ], [ 26225.099999999998545, 5940646.724999999627471 ], [ 26225.099999999998545, 5940646.650000000372529 ], [ 26225.175, 5940646.650000000372529 ], [ 26225.175, 5940646.5 ], [ 26225.25, 5940646.5 ], [ 26225.25, 5940646.424999999813735 ], [ 26225.325, 5940646.424999999813735 ], [ 26225.325, 5940646.275000000372529 ], [ 26225.400000000001455, 5940646.275000000372529 ], [ 26225.400000000001455, 5940646.049999999813735 ], [ 26225.474999999998545, 5940646.049999999813735 ], [ 26225.474999999998545, 5940645.825000000186265 ], [ 26225.55, 5940645.825000000186265 ], [ 26225.55, 5940645.599999999627471 ], [ 26225.625, 5940645.599999999627471 ], [ 26225.625, 5940645.375 ], [ 26225.7, 5940645.375 ], [ 26225.7, 5940645.075000000186265 ], [ 26225.775000000001455, 5940645.075000000186265 ], [ 26225.775000000001455, 5940644.775000000372529 ], [ 26225.849999999998545, 5940644.775000000372529 ], [ 26225.849999999998545, 5940644.474999999627471 ], [ 26225.925, 5940644.474999999627471 ], [ 26225.925, 5940642.525000000372529 ], [ 26226.0, 5940642.525000000372529 ], [ 26226.0, 5940638.099999999627471 ], [ 26225.925, 5940638.099999999627471 ], [ 26225.925, 5940637.650000000372529 ], [ 26225.849999999998545, 5940637.650000000372529 ], [ 26225.849999999998545, 5940637.200000000186265 ], [ 26225.775000000001455, 5940637.200000000186265 ], [ 26225.775000000001455, 5940636.75 ], [ 26225.7, 5940636.75 ], [ 26225.7, 5940636.450000000186265 ], [ 26225.625, 5940636.450000000186265 ], [ 26225.625, 5940636.299999999813735 ], [ 26225.55, 5940636.299999999813735 ], [ 26225.55, 5940636.150000000372529 ], [ 26225.474999999998545, 5940636.150000000372529 ], [ 26225.474999999998545, 5940636.0 ], [ 26225.400000000001455, 5940636.0 ], [ 26225.400000000001455, 5940635.849999999627471 ], [ 26225.325, 5940635.849999999627471 ], [ 26225.325, 5940635.700000000186265 ], [ 26225.25, 5940635.700000000186265 ], [ 26225.25, 5940635.549999999813735 ], [ 26225.175, 5940635.549999999813735 ], [ 26225.175, 5940635.400000000372529 ], [ 26225.099999999998545, 5940635.400000000372529 ], [ 26225.099999999998545, 5940635.25 ], [ 26225.025000000001455, 5940635.25 ], [ 26225.025000000001455, 5940635.174999999813735 ], [ 26224.95, 5940635.174999999813735 ], [ 26224.95, 5940635.099999999627471 ], [ 26224.8, 5940635.099999999627471 ], [ 26224.8, 5940635.025000000372529 ], [ 26224.724999999998545, 5940635.025000000372529 ], [ 26224.724999999998545, 5940634.950000000186265 ], [ 26224.650000000001455, 5940634.950000000186265 ], [ 26224.650000000001455, 5940634.875 ], [ 26224.5, 5940634.875 ], [ 26224.5, 5940634.799999999813735 ], [ 26224.425, 5940634.799999999813735 ], [ 26224.425, 5940634.724999999627471 ], [ 26224.349999999998545, 5940634.724999999627471 ], [ 26224.349999999998545, 5940634.650000000372529 ], [ 26224.275000000001455, 5940634.650000000372529 ], [ 26224.275000000001455, 5940634.575000000186265 ], [ 26224.125, 5940634.575000000186265 ], [ 26224.125, 5940634.5 ], [ 26224.05, 5940634.5 ], [ 26224.05, 5940634.424999999813735 ], [ 26223.974999999998545, 5940634.424999999813735 ], [ 26223.974999999998545, 5940634.349999999627471 ], [ 26223.900000000001455, 5940634.349999999627471 ], [ 26223.900000000001455, 5940634.275000000372529 ], [ 26223.75, 5940634.275000000372529 ], [ 26223.75, 5940634.200000000186265 ], [ 26223.675, 5940634.200000000186265 ], [ 26223.675, 5940634.125 ], [ 26223.599999999998545, 5940634.125 ], [ 26223.599999999998545, 5940634.049999999813735 ], [ 26223.525000000001455, 5940634.049999999813735 ], [ 26223.525000000001455, 5940633.974999999627471 ], [ 26223.45, 5940633.974999999627471 ], [ 26223.45, 5940633.900000000372529 ], [ 26223.375, 5940633.900000000372529 ], [ 26223.375, 5940633.825000000186265 ], [ 26223.3, 5940633.825000000186265 ], [ 26223.3, 5940633.75 ], [ 26223.150000000001455, 5940633.75 ], [ 26223.150000000001455, 5940633.674999999813735 ], [ 26223.075, 5940633.674999999813735 ], [ 26223.075, 5940633.599999999627471 ], [ 26223.0, 5940633.599999999627471 ], [ 26223.0, 5940633.525000000372529 ], [ 26222.925, 5940633.525000000372529 ], [ 26222.925, 5940633.450000000186265 ], [ 26222.775000000001455, 5940633.450000000186265 ], [ 26222.775000000001455, 5940633.375 ], [ 26222.7, 5940633.375 ], [ 26222.7, 5940633.299999999813735 ], [ 26222.625, 5940633.299999999813735 ], [ 26222.625, 5940633.224999999627471 ], [ 26222.474999999998545, 5940633.224999999627471 ], [ 26222.474999999998545, 5940633.150000000372529 ], [ 26222.400000000001455, 5940633.150000000372529 ], [ 26222.400000000001455, 5940633.075000000186265 ], [ 26222.325, 5940633.075000000186265 ], [ 26222.325, 5940633.0 ], [ 26222.25, 5940633.0 ], [ 26222.25, 5940632.924999999813735 ], [ 26222.175, 5940632.924999999813735 ], [ 26222.175, 5940632.849999999627471 ], [ 26222.099999999998545, 5940632.849999999627471 ], [ 26222.099999999998545, 5940632.775000000372529 ], [ 26222.025000000001455, 5940632.775000000372529 ], [ 26222.025000000001455, 5940632.700000000186265 ], [ 26221.875, 5940632.700000000186265 ], [ 26221.875, 5940632.625 ], [ 26221.8, 5940632.625 ], [ 26221.8, 5940632.549999999813735 ], [ 26221.724999999998545, 5940632.549999999813735 ], [ 26221.724999999998545, 5940632.474999999627471 ], [ 26221.650000000001455, 5940632.474999999627471 ], [ 26221.650000000001455, 5940632.400000000372529 ], [ 26221.575, 5940632.400000000372529 ], [ 26221.575, 5940632.25 ], [ 26221.5, 5940632.25 ], [ 26221.5, 5940632.174999999813735 ], [ 26221.425, 5940632.174999999813735 ], [ 26221.425, 5940632.025000000372529 ], [ 26221.349999999998545, 5940632.025000000372529 ], [ 26221.349999999998545, 5940631.875 ], [ 26221.275000000001455, 5940631.875 ], [ 26221.275000000001455, 5940631.724999999627471 ], [ 26221.2, 5940631.724999999627471 ], [ 26221.2, 5940631.575000000186265 ], [ 26221.125, 5940631.575000000186265 ], [ 26221.125, 5940631.424999999813735 ], [ 26221.05, 5940631.424999999813735 ], [ 26221.05, 5940631.275000000372529 ], [ 26220.974999999998545, 5940631.275000000372529 ], [ 26220.974999999998545, 5940631.200000000186265 ], [ 26220.900000000001455, 5940631.200000000186265 ], [ 26220.900000000001455, 5940630.974999999627471 ], [ 26220.825, 5940630.974999999627471 ], [ 26220.825, 5940630.825000000186265 ], [ 26220.75, 5940630.825000000186265 ], [ 26220.75, 5940630.599999999627471 ], [ 26220.675, 5940630.599999999627471 ], [ 26220.675, 5940630.299999999813735 ], [ 26220.599999999998545, 5940630.299999999813735 ], [ 26220.599999999998545, 5940629.924999999813735 ], [ 26220.525000000001455, 5940629.924999999813735 ], [ 26220.525000000001455, 5940629.625 ], [ 26220.45, 5940629.625 ], [ 26220.45, 5940629.25 ], [ 26220.375, 5940629.25 ], [ 26220.375, 5940626.625 ], [ 26220.45, 5940626.625 ], [ 26220.45, 5940624.375 ], [ 26220.525000000001455, 5940624.375 ], [ 26220.525000000001455, 5940622.875 ], [ 26220.599999999998545, 5940622.875 ], [ 26220.599999999998545, 5940622.575000000186265 ], [ 26220.675, 5940622.575000000186265 ], [ 26220.675, 5940622.349999999627471 ], [ 26220.75, 5940622.349999999627471 ], [ 26220.75, 5940622.125 ], [ 26220.825, 5940622.125 ], [ 26220.825, 5940621.900000000372529 ], [ 26220.900000000001455, 5940621.900000000372529 ], [ 26220.900000000001455, 5940621.674999999813735 ], [ 26220.974999999998545, 5940621.674999999813735 ], [ 26220.974999999998545, 5940621.450000000186265 ], [ 26221.05, 5940621.450000000186265 ], [ 26221.05, 5940621.224999999627471 ], [ 26221.125, 5940621.224999999627471 ], [ 26221.125, 5940621.0 ], [ 26221.2, 5940621.0 ], [ 26221.2, 5940620.849999999627471 ], [ 26221.275000000001455, 5940620.849999999627471 ], [ 26221.275000000001455, 5940620.700000000186265 ], [ 26221.349999999998545, 5940620.700000000186265 ], [ 26221.349999999998545, 5940620.549999999813735 ], [ 26221.425, 5940620.549999999813735 ], [ 26221.425, 5940620.474999999627471 ], [ 26221.5, 5940620.474999999627471 ], [ 26221.5, 5940620.325000000186265 ], [ 26221.575, 5940620.325000000186265 ], [ 26221.575, 5940620.174999999813735 ], [ 26221.650000000001455, 5940620.174999999813735 ], [ 26221.650000000001455, 5940620.025000000372529 ], [ 26221.724999999998545, 5940620.025000000372529 ], [ 26221.724999999998545, 5940619.875 ], [ 26221.8, 5940619.875 ], [ 26221.8, 5940619.724999999627471 ], [ 26221.875, 5940619.724999999627471 ], [ 26221.875, 5940619.575000000186265 ], [ 26221.95, 5940619.575000000186265 ], [ 26221.95, 5940619.424999999813735 ], [ 26222.025000000001455, 5940619.424999999813735 ], [ 26222.025000000001455, 5940619.275000000372529 ], [ 26222.099999999998545, 5940619.275000000372529 ], [ 26222.099999999998545, 5940619.125 ], [ 26222.175, 5940619.125 ], [ 26222.175, 5940618.974999999627471 ], [ 26222.25, 5940618.974999999627471 ], [ 26222.25, 5940618.825000000186265 ], [ 26222.325, 5940618.825000000186265 ], [ 26222.325, 5940618.674999999813735 ], [ 26222.400000000001455, 5940618.674999999813735 ], [ 26222.400000000001455, 5940618.525000000372529 ], [ 26222.474999999998545, 5940618.525000000372529 ], [ 26222.474999999998545, 5940618.375 ], [ 26222.55, 5940618.375 ], [ 26222.55, 5940618.224999999627471 ], [ 26222.625, 5940618.224999999627471 ], [ 26222.625, 5940618.075000000186265 ], [ 26222.7, 5940618.075000000186265 ], [ 26222.7, 5940618.0 ], [ 26222.775000000001455, 5940618.0 ], [ 26222.775000000001455, 5940617.849999999627471 ], [ 26222.849999999998545, 5940617.849999999627471 ], [ 26222.849999999998545, 5940617.700000000186265 ], [ 26222.925, 5940617.700000000186265 ], [ 26222.925, 5940617.625 ], [ 26223.0, 5940617.625 ], [ 26223.0, 5940617.474999999627471 ], [ 26223.075, 5940617.474999999627471 ], [ 26223.075, 5940617.325000000186265 ], [ 26223.150000000001455, 5940617.325000000186265 ], [ 26223.150000000001455, 5940617.174999999813735 ], [ 26223.224999999998545, 5940617.174999999813735 ], [ 26223.224999999998545, 5940617.025000000372529 ], [ 26223.3, 5940617.025000000372529 ], [ 26223.3, 5940616.875 ], [ 26223.375, 5940616.875 ], [ 26223.375, 5940616.650000000372529 ], [ 26223.45, 5940616.650000000372529 ], [ 26223.45, 5940616.5 ], [ 26223.525000000001455, 5940616.5 ], [ 26223.525000000001455, 5940616.275000000372529 ], [ 26223.599999999998545, 5940616.275000000372529 ], [ 26223.599999999998545, 5940616.200000000186265 ], [ 26223.675, 5940616.200000000186265 ], [ 26223.675, 5940616.125 ], [ 26223.75, 5940616.125 ], [ 26223.75, 5940616.049999999813735 ], [ 26223.900000000001455, 5940616.049999999813735 ], [ 26223.900000000001455, 5940615.974999999627471 ], [ 26223.974999999998545, 5940615.974999999627471 ], [ 26223.974999999998545, 5940615.900000000372529 ], [ 26224.05, 5940615.900000000372529 ], [ 26224.05, 5940615.825000000186265 ], [ 26224.125, 5940615.825000000186265 ], [ 26224.125, 5940615.75 ], [ 26224.275000000001455, 5940615.75 ], [ 26224.275000000001455, 5940615.674999999813735 ], [ 26224.349999999998545, 5940615.674999999813735 ], [ 26224.349999999998545, 5940615.599999999627471 ], [ 26224.425, 5940615.599999999627471 ], [ 26224.425, 5940615.525000000372529 ], [ 26224.5, 5940615.525000000372529 ], [ 26224.5, 5940615.450000000186265 ], [ 26224.650000000001455, 5940615.450000000186265 ], [ 26224.650000000001455, 5940615.375 ], [ 26224.724999999998545, 5940615.375 ], [ 26224.724999999998545, 5940615.299999999813735 ], [ 26224.875, 5940615.299999999813735 ], [ 26224.875, 5940615.224999999627471 ], [ 26224.95, 5940615.224999999627471 ], [ 26224.95, 5940615.150000000372529 ], [ 26225.025000000001455, 5940615.150000000372529 ], [ 26225.025000000001455, 5940615.0 ], [ 26225.099999999998545, 5940615.0 ], [ 26225.099999999998545, 5940614.849999999627471 ], [ 26225.175, 5940614.849999999627471 ], [ 26225.175, 5940614.625 ], [ 26225.25, 5940614.625 ], [ 26225.25, 5940614.474999999627471 ], [ 26225.325, 5940614.474999999627471 ], [ 26225.325, 5940614.25 ], [ 26225.400000000001455, 5940614.25 ], [ 26225.400000000001455, 5940614.099999999627471 ], [ 26225.474999999998545, 5940614.099999999627471 ], [ 26225.474999999998545, 5940613.875 ], [ 26225.55, 5940613.875 ], [ 26225.55, 5940613.650000000372529 ], [ 26225.625, 5940613.650000000372529 ], [ 26225.625, 5940613.424999999813735 ], [ 26225.7, 5940613.424999999813735 ], [ 26225.7, 5940613.200000000186265 ], [ 26225.775000000001455, 5940613.200000000186265 ], [ 26225.775000000001455, 5940612.450000000186265 ], [ 26225.849999999998545, 5940612.450000000186265 ], [ 26225.849999999998545, 5940611.625 ], [ 26225.925, 5940611.625 ], [ 26225.925, 5940610.875 ], [ 26226.0, 5940610.875 ], [ 26226.0, 5940610.200000000186265 ], [ 26226.075, 5940610.200000000186265 ], [ 26226.075, 5940609.674999999813735 ], [ 26226.150000000001455, 5940609.674999999813735 ], [ 26226.150000000001455, 5940609.150000000372529 ], [ 26226.224999999998545, 5940609.150000000372529 ], [ 26226.224999999998545, 5940608.625 ], [ 26226.3, 5940608.625 ], [ 26226.3, 5940608.25 ], [ 26226.375, 5940608.25 ], [ 26226.375, 5940607.875 ], [ 26226.45, 5940607.875 ], [ 26226.45, 5940607.5 ], [ 26226.525000000001455, 5940607.5 ], [ 26226.525000000001455, 5940607.200000000186265 ], [ 26226.599999999998545, 5940607.200000000186265 ], [ 26226.599999999998545, 5940606.974999999627471 ], [ 26226.675, 5940606.974999999627471 ], [ 26226.675, 5940606.825000000186265 ], [ 26226.75, 5940606.825000000186265 ], [ 26226.75, 5940606.599999999627471 ], [ 26226.825, 5940606.599999999627471 ], [ 26226.825, 5940606.450000000186265 ], [ 26226.900000000001455, 5940606.450000000186265 ], [ 26226.900000000001455, 5940606.299999999813735 ], [ 26226.974999999998545, 5940606.299999999813735 ], [ 26226.974999999998545, 5940606.0 ], [ 26227.05, 5940606.0 ], [ 26227.05, 5940605.700000000186265 ], [ 26227.125, 5940605.700000000186265 ], [ 26227.125, 5940605.400000000372529 ], [ 26227.2, 5940605.400000000372529 ], [ 26227.2, 5940605.174999999813735 ], [ 26227.275000000001455, 5940605.174999999813735 ], [ 26227.275000000001455, 5940604.950000000186265 ], [ 26227.349999999998545, 5940604.950000000186265 ], [ 26227.349999999998545, 5940604.724999999627471 ], [ 26227.425, 5940604.724999999627471 ], [ 26227.425, 5940604.5 ], [ 26227.5, 5940604.5 ], [ 26227.5, 5940604.349999999627471 ], [ 26227.575, 5940604.349999999627471 ], [ 26227.575, 5940604.200000000186265 ], [ 26227.650000000001455, 5940604.200000000186265 ], [ 26227.650000000001455, 5940604.049999999813735 ], [ 26227.724999999998545, 5940604.049999999813735 ], [ 26227.724999999998545, 5940603.900000000372529 ], [ 26227.8, 5940603.900000000372529 ], [ 26227.8, 5940603.75 ], [ 26227.875, 5940603.75 ], [ 26227.875, 5940603.599999999627471 ], [ 26227.95, 5940603.599999999627471 ], [ 26227.95, 5940603.450000000186265 ], [ 26228.025000000001455, 5940603.450000000186265 ], [ 26228.025000000001455, 5940603.375 ], [ 26228.099999999998545, 5940603.375 ], [ 26228.099999999998545, 5940603.224999999627471 ], [ 26228.175, 5940603.224999999627471 ], [ 26228.175, 5940603.150000000372529 ], [ 26228.25, 5940603.150000000372529 ], [ 26228.25, 5940603.075000000186265 ], [ 26228.325, 5940603.075000000186265 ], [ 26228.325, 5940603.0 ], [ 26228.400000000001455, 5940603.0 ], [ 26228.400000000001455, 5940602.924999999813735 ], [ 26228.55, 5940602.924999999813735 ], [ 26228.55, 5940602.849999999627471 ], [ 26228.625, 5940602.849999999627471 ], [ 26228.625, 5940602.775000000372529 ], [ 26228.7, 5940602.775000000372529 ], [ 26228.7, 5940602.700000000186265 ], [ 26228.775000000001455, 5940602.700000000186265 ], [ 26228.775000000001455, 5940602.625 ], [ 26228.925, 5940602.625 ], [ 26228.925, 5940602.549999999813735 ], [ 26229.0, 5940602.549999999813735 ], [ 26229.0, 5940602.474999999627471 ], [ 26229.150000000001455, 5940602.474999999627471 ], [ 26229.150000000001455, 5940602.400000000372529 ], [ 26229.3, 5940602.400000000372529 ], [ 26229.3, 5940602.325000000186265 ], [ 26229.45, 5940602.325000000186265 ], [ 26229.45, 5940602.25 ], [ 26229.599999999998545, 5940602.25 ], [ 26229.599999999998545, 5940602.174999999813735 ], [ 26229.75, 5940602.174999999813735 ], [ 26229.75, 5940602.099999999627471 ], [ 26229.900000000001455, 5940602.099999999627471 ], [ 26229.900000000001455, 5940602.025000000372529 ], [ 26230.05, 5940602.025000000372529 ], [ 26230.05, 5940601.950000000186265 ], [ 26230.2, 5940601.950000000186265 ], [ 26230.2, 5940601.875 ], [ 26230.425, 5940601.875 ], [ 26230.425, 5940601.799999999813735 ], [ 26230.575, 5940601.799999999813735 ], [ 26230.575, 5940601.724999999627471 ], [ 26230.8, 5940601.724999999627471 ], [ 26230.8, 5940601.650000000372529 ], [ 26231.025000000001455, 5940601.650000000372529 ], [ 26231.025000000001455, 5940601.575000000186265 ], [ 26231.25, 5940601.575000000186265 ], [ 26231.25, 5940601.5 ], [ 26231.400000000001455, 5940601.5 ], [ 26231.400000000001455, 5940601.424999999813735 ], [ 26231.625, 5940601.424999999813735 ], [ 26231.625, 5940601.349999999627471 ], [ 26231.849999999998545, 5940601.349999999627471 ], [ 26231.849999999998545, 5940601.275000000372529 ], [ 26232.075, 5940601.275000000372529 ], [ 26232.075, 5940601.200000000186265 ], [ 26232.3, 5940601.200000000186265 ], [ 26232.3, 5940601.125 ], [ 26232.599999999998545, 5940601.125 ], [ 26232.599999999998545, 5940601.049999999813735 ], [ 26232.900000000001455, 5940601.049999999813735 ], [ 26232.900000000001455, 5940600.974999999627471 ], [ 26233.275000000001455, 5940600.974999999627471 ], [ 26233.275000000001455, 5940600.900000000372529 ], [ 26233.724999999998545, 5940600.900000000372529 ], [ 26233.724999999998545, 5940600.825000000186265 ], [ 26234.175, 5940600.825000000186265 ], [ 26234.175, 5940600.75 ], [ 26234.625, 5940600.75 ], [ 26234.625, 5940600.674999999813735 ], [ 26235.150000000001455, 5940600.674999999813735 ], [ 26235.150000000001455, 5940600.599999999627471 ], [ 26235.675, 5940600.599999999627471 ], [ 26235.675, 5940600.525000000372529 ], [ 26236.2, 5940600.525000000372529 ], [ 26236.2, 5940600.450000000186265 ], [ 26236.724999999998545, 5940600.450000000186265 ], [ 26236.724999999998545, 5940600.375 ], [ 26237.175, 5940600.375 ], [ 26237.175, 5940600.299999999813735 ], [ 26237.474999999998545, 5940600.299999999813735 ], [ 26237.474999999998545, 5940600.375 ], [ 26239.875, 5940600.375 ], [ 26239.875, 5940600.450000000186265 ], [ 26241.900000000001455, 5940600.450000000186265 ], [ 26241.900000000001455, 5940600.525000000372529 ], [ 26243.400000000001455, 5940600.525000000372529 ], [ 26243.400000000001455, 5940600.599999999627471 ], [ 26244.75, 5940600.599999999627471 ], [ 26244.75, 5940600.674999999813735 ], [ 26246.025000000001455, 5940600.674999999813735 ], [ 26246.025000000001455, 5940600.75 ], [ 26247.3, 5940600.75 ], [ 26247.3, 5940600.825000000186265 ], [ 26248.8, 5940600.825000000186265 ], [ 26248.8, 5940600.900000000372529 ], [ 26256.675, 5940600.900000000372529 ], [ 26256.675, 5940600.825000000186265 ], [ 26257.8, 5940600.825000000186265 ], [ 26257.8, 5940600.75 ], [ 26258.625, 5940600.75 ], [ 26258.625, 5940600.674999999813735 ], [ 26259.224999999998545, 5940600.674999999813735 ], [ 26259.224999999998545, 5940600.599999999627471 ], [ 26259.825, 5940600.599999999627471 ], [ 26259.825, 5940600.525000000372529 ], [ 26260.5, 5940600.525000000372529 ], [ 26260.5, 5940600.450000000186265 ], [ 26261.025000000001455, 5940600.450000000186265 ], [ 26261.025000000001455, 5940600.375 ], [ 26261.625, 5940600.375 ], [ 26261.625, 5940600.299999999813735 ], [ 26262.150000000001455, 5940600.299999999813735 ], [ 26262.150000000001455, 5940600.224999999627471 ], [ 26262.599999999998545, 5940600.224999999627471 ], [ 26262.599999999998545, 5940600.150000000372529 ], [ 26263.05, 5940600.150000000372529 ], [ 26263.05, 5940600.075000000186265 ], [ 26263.425, 5940600.075000000186265 ], [ 26263.425, 5940600.0 ], [ 26263.8, 5940600.0 ], [ 26263.8, 5940599.924999999813735 ], [ 26265.0, 5940599.924999999813735 ], [ 26265.0, 5940600.0 ], [ 26266.05, 5940600.0 ], [ 26266.05, 5940600.075000000186265 ], [ 26266.724999999998545, 5940600.075000000186265 ], [ 26266.724999999998545, 5940600.150000000372529 ], [ 26267.25, 5940600.150000000372529 ], [ 26267.25, 5940600.224999999627471 ], [ 26267.775000000001455, 5940600.224999999627471 ], [ 26267.775000000001455, 5940600.299999999813735 ], [ 26268.224999999998545, 5940600.299999999813735 ], [ 26268.224999999998545, 5940600.375 ], [ 26268.599999999998545, 5940600.375 ], [ 26268.599999999998545, 5940600.450000000186265 ], [ 26268.900000000001455, 5940600.450000000186265 ], [ 26268.900000000001455, 5940600.525000000372529 ], [ 26269.2, 5940600.525000000372529 ], [ 26269.2, 5940600.599999999627471 ], [ 26269.5, 5940600.599999999627471 ], [ 26269.5, 5940600.674999999813735 ], [ 26269.724999999998545, 5940600.674999999813735 ], [ 26269.724999999998545, 5940600.75 ], [ 26269.95, 5940600.75 ], [ 26269.95, 5940600.825000000186265 ], [ 26270.099999999998545, 5940600.825000000186265 ], [ 26270.099999999998545, 5940600.900000000372529 ], [ 26270.325, 5940600.900000000372529 ], [ 26270.325, 5940600.974999999627471 ], [ 26270.474999999998545, 5940600.974999999627471 ], [ 26270.474999999998545, 5940601.049999999813735 ], [ 26270.625, 5940601.049999999813735 ], [ 26270.625, 5940601.125 ], [ 26270.7, 5940601.125 ], [ 26270.7, 5940601.200000000186265 ], [ 26270.849999999998545, 5940601.200000000186265 ], [ 26270.849999999998545, 5940601.275000000372529 ], [ 26271.0, 5940601.275000000372529 ], [ 26271.0, 5940601.349999999627471 ], [ 26271.075, 5940601.349999999627471 ], [ 26271.075, 5940601.424999999813735 ], [ 26271.150000000001455, 5940601.424999999813735 ], [ 26271.150000000001455, 5940601.5 ], [ 26271.3, 5940601.5 ], [ 26271.3, 5940601.575000000186265 ], [ 26271.375, 5940601.575000000186265 ], [ 26271.375, 5940601.650000000372529 ], [ 26271.45, 5940601.650000000372529 ], [ 26271.45, 5940601.724999999627471 ], [ 26271.525000000001455, 5940601.724999999627471 ], [ 26271.525000000001455, 5940601.799999999813735 ], [ 26271.599999999998545, 5940601.799999999813735 ], [ 26271.599999999998545, 5940601.875 ], [ 26271.675, 5940601.875 ], [ 26271.675, 5940601.950000000186265 ], [ 26271.75, 5940601.950000000186265 ], [ 26271.75, 5940602.025000000372529 ], [ 26271.825, 5940602.025000000372529 ], [ 26271.825, 5940602.099999999627471 ], [ 26271.900000000001455, 5940602.099999999627471 ], [ 26271.900000000001455, 5940602.174999999813735 ], [ 26271.974999999998545, 5940602.174999999813735 ], [ 26271.974999999998545, 5940602.25 ], [ 26272.05, 5940602.25 ], [ 26272.05, 5940602.325000000186265 ], [ 26272.125, 5940602.325000000186265 ], [ 26272.125, 5940602.474999999627471 ], [ 26272.2, 5940602.474999999627471 ], [ 26272.2, 5940602.549999999813735 ], [ 26272.275000000001455, 5940602.549999999813735 ], [ 26272.275000000001455, 5940602.625 ], [ 26272.349999999998545, 5940602.625 ], [ 26272.349999999998545, 5940602.775000000372529 ], [ 26272.425, 5940602.775000000372529 ], [ 26272.425, 5940602.849999999627471 ], [ 26272.5, 5940602.849999999627471 ], [ 26272.5, 5940603.0 ], [ 26272.575, 5940603.0 ], [ 26272.575, 5940603.075000000186265 ], [ 26272.650000000001455, 5940603.075000000186265 ], [ 26272.650000000001455, 5940603.224999999627471 ], [ 26272.724999999998545, 5940603.224999999627471 ], [ 26272.724999999998545, 5940603.375 ], [ 26272.8, 5940603.375 ], [ 26272.8, 5940603.525000000372529 ], [ 26272.875, 5940603.525000000372529 ], [ 26272.875, 5940603.674999999813735 ], [ 26272.95, 5940603.674999999813735 ], [ 26272.95, 5940603.825000000186265 ], [ 26273.025000000001455, 5940603.825000000186265 ], [ 26273.025000000001455, 5940603.974999999627471 ], [ 26273.099999999998545, 5940603.974999999627471 ], [ 26273.099999999998545, 5940604.125 ], [ 26273.175, 5940604.125 ], [ 26273.175, 5940604.349999999627471 ], [ 26273.25, 5940604.349999999627471 ], [ 26273.25, 5940604.5 ], [ 26273.325, 5940604.5 ], [ 26273.325, 5940604.724999999627471 ], [ 26273.400000000001455, 5940604.724999999627471 ], [ 26273.400000000001455, 5940604.875 ], [ 26273.474999999998545, 5940604.875 ], [ 26273.474999999998545, 5940605.099999999627471 ], [ 26273.55, 5940605.099999999627471 ], [ 26273.55, 5940605.325000000186265 ], [ 26273.625, 5940605.325000000186265 ], [ 26273.625, 5940605.849999999627471 ], [ 26273.7, 5940605.849999999627471 ], [ 26273.7, 5940606.599999999627471 ], [ 26273.775000000001455, 5940606.599999999627471 ], [ 26273.775000000001455, 5940607.799999999813735 ], [ 26273.7, 5940607.799999999813735 ], [ 26273.7, 5940608.400000000372529 ], [ 26273.625, 5940608.400000000372529 ], [ 26273.625, 5940609.075000000186265 ], [ 26273.55, 5940609.075000000186265 ], [ 26273.55, 5940609.75 ], [ 26273.474999999998545, 5940609.75 ], [ 26273.474999999998545, 5940610.424999999813735 ], [ 26273.400000000001455, 5940610.424999999813735 ], [ 26273.400000000001455, 5940611.099999999627471 ], [ 26273.325, 5940611.099999999627471 ], [ 26273.325, 5940611.775000000372529 ], [ 26273.25, 5940611.775000000372529 ], [ 26273.25, 5940612.525000000372529 ], [ 26273.175, 5940612.525000000372529 ], [ 26273.175, 5940613.575000000186265 ], [ 26273.099999999998545, 5940613.575000000186265 ], [ 26273.099999999998545, 5940616.575000000186265 ], [ 26273.175, 5940616.575000000186265 ], [ 26273.175, 5940618.299999999813735 ], [ 26273.25, 5940618.299999999813735 ], [ 26273.25, 5940619.724999999627471 ], [ 26273.325, 5940619.724999999627471 ], [ 26273.325, 5940620.924999999813735 ], [ 26273.400000000001455, 5940620.924999999813735 ], [ 26273.400000000001455, 5940621.075000000186265 ], [ 26273.474999999998545, 5940621.075000000186265 ], [ 26273.474999999998545, 5940621.224999999627471 ], [ 26273.55, 5940621.224999999627471 ], [ 26273.55, 5940621.299999999813735 ], [ 26273.625, 5940621.299999999813735 ], [ 26273.625, 5940621.375 ], [ 26273.7, 5940621.375 ], [ 26273.7, 5940621.450000000186265 ], [ 26273.775000000001455, 5940621.450000000186265 ], [ 26273.775000000001455, 5940621.599999999627471 ], [ 26274.0, 5940621.599999999627471 ], [ 26274.0, 5940621.674999999813735 ], [ 26274.3, 5940621.674999999813735 ], [ 26274.3, 5940621.75 ], [ 26274.525000000001455, 5940621.75 ], [ 26274.525000000001455, 5940621.825000000186265 ], [ 26274.75, 5940621.825000000186265 ], [ 26274.75, 5940621.900000000372529 ], [ 26274.974999999998545, 5940621.900000000372529 ], [ 26274.974999999998545, 5940621.974999999627471 ], [ 26275.2, 5940621.974999999627471 ], [ 26275.2, 5940622.049999999813735 ], [ 26275.425, 5940622.049999999813735 ], [ 26275.425, 5940622.125 ], [ 26275.575, 5940622.125 ], [ 26275.575, 5940622.200000000186265 ], [ 26275.724999999998545, 5940622.200000000186265 ], [ 26275.724999999998545, 5940622.275000000372529 ], [ 26275.95, 5940622.275000000372529 ], [ 26275.95, 5940622.349999999627471 ], [ 26276.099999999998545, 5940622.349999999627471 ], [ 26276.099999999998545, 5940622.424999999813735 ], [ 26276.25, 5940622.424999999813735 ], [ 26276.25, 5940622.5 ], [ 26276.400000000001455, 5940622.5 ], [ 26276.400000000001455, 5940622.575000000186265 ], [ 26276.55, 5940622.575000000186265 ], [ 26276.55, 5940622.650000000372529 ], [ 26276.625, 5940622.650000000372529 ], [ 26276.625, 5940622.724999999627471 ], [ 26276.775000000001455, 5940622.724999999627471 ], [ 26276.775000000001455, 5940622.799999999813735 ], [ 26276.849999999998545, 5940622.799999999813735 ], [ 26276.849999999998545, 5940622.875 ], [ 26277.0, 5940622.875 ], [ 26277.0, 5940622.950000000186265 ], [ 26277.150000000001455, 5940622.950000000186265 ], [ 26277.150000000001455, 5940623.025000000372529 ], [ 26277.3, 5940623.025000000372529 ], [ 26277.3, 5940623.099999999627471 ], [ 26277.525000000001455, 5940623.099999999627471 ], [ 26277.525000000001455, 5940623.174999999813735 ], [ 26277.675, 5940623.174999999813735 ], [ 26277.675, 5940623.25 ], [ 26277.825, 5940623.25 ], [ 26277.825, 5940623.325000000186265 ], [ 26277.974999999998545, 5940623.325000000186265 ], [ 26277.974999999998545, 5940623.400000000372529 ], [ 26278.125, 5940623.400000000372529 ], [ 26278.125, 5940623.474999999627471 ], [ 26278.275000000001455, 5940623.474999999627471 ], [ 26278.275000000001455, 5940623.549999999813735 ], [ 26278.425, 5940623.549999999813735 ], [ 26278.425, 5940623.625 ], [ 26278.5, 5940623.625 ], [ 26278.5, 5940623.700000000186265 ], [ 26278.650000000001455, 5940623.700000000186265 ], [ 26278.650000000001455, 5940623.775000000372529 ], [ 26278.724999999998545, 5940623.775000000372529 ], [ 26278.724999999998545, 5940623.849999999627471 ], [ 26278.8, 5940623.849999999627471 ], [ 26278.8, 5940623.924999999813735 ], [ 26278.875, 5940623.924999999813735 ], [ 26278.875, 5940624.0 ], [ 26279.025000000001455, 5940624.0 ], [ 26279.025000000001455, 5940624.075000000186265 ], [ 26279.099999999998545, 5940624.075000000186265 ], [ 26279.099999999998545, 5940624.224999999627471 ], [ 26279.175, 5940624.224999999627471 ], [ 26279.175, 5940624.299999999813735 ], [ 26279.25, 5940624.299999999813735 ], [ 26279.25, 5940624.375 ], [ 26279.325, 5940624.375 ], [ 26279.325, 5940624.450000000186265 ], [ 26279.400000000001455, 5940624.450000000186265 ], [ 26279.400000000001455, 5940624.599999999627471 ], [ 26279.474999999998545, 5940624.599999999627471 ], [ 26279.474999999998545, 5940624.75 ], [ 26279.55, 5940624.75 ], [ 26279.55, 5940624.825000000186265 ], [ 26279.625, 5940624.825000000186265 ], [ 26279.625, 5940624.974999999627471 ], [ 26279.7, 5940624.974999999627471 ], [ 26279.7, 5940625.049999999813735 ], [ 26279.775000000001455, 5940625.049999999813735 ], [ 26279.775000000001455, 5940625.125 ], [ 26279.849999999998545, 5940625.125 ], [ 26279.849999999998545, 5940625.275000000372529 ], [ 26279.925, 5940625.275000000372529 ], [ 26279.925, 5940625.349999999627471 ], [ 26280.0, 5940625.349999999627471 ], [ 26280.0, 5940625.5 ], [ 26280.075, 5940625.5 ], [ 26280.075, 5940625.650000000372529 ], [ 26280.150000000001455, 5940625.650000000372529 ], [ 26280.150000000001455, 5940625.799999999813735 ], [ 26280.224999999998545, 5940625.799999999813735 ], [ 26280.224999999998545, 5940626.025000000372529 ], [ 26280.3, 5940626.025000000372529 ], [ 26280.3, 5940626.174999999813735 ], [ 26280.375, 5940626.174999999813735 ], [ 26280.375, 5940626.400000000372529 ], [ 26280.45, 5940626.400000000372529 ], [ 26280.45, 5940626.549999999813735 ], [ 26280.525000000001455, 5940626.549999999813735 ], [ 26280.525000000001455, 5940626.775000000372529 ], [ 26280.599999999998545, 5940626.775000000372529 ], [ 26280.599999999998545, 5940627.075000000186265 ], [ 26280.675, 5940627.075000000186265 ], [ 26280.675, 5940627.299999999813735 ], [ 26280.75, 5940627.299999999813735 ], [ 26280.75, 5940627.599999999627471 ], [ 26280.825, 5940627.599999999627471 ], [ 26280.825, 5940627.825000000186265 ], [ 26280.900000000001455, 5940627.825000000186265 ], [ 26280.900000000001455, 5940628.125 ], [ 26280.974999999998545, 5940628.125 ], [ 26280.974999999998545, 5940628.5 ], [ 26281.05, 5940628.5 ], [ 26281.05, 5940628.950000000186265 ], [ 26281.125, 5940628.950000000186265 ], [ 26281.125, 5940630.150000000372529 ], [ 26281.2, 5940630.150000000372529 ], [ 26281.2, 5940631.125 ], [ 26281.125, 5940631.125 ], [ 26281.125, 5940631.799999999813735 ], [ 26281.05, 5940631.799999999813735 ], [ 26281.05, 5940632.549999999813735 ], [ 26280.974999999998545, 5940632.549999999813735 ], [ 26280.974999999998545, 5940633.224999999627471 ], [ 26280.900000000001455, 5940633.224999999627471 ], [ 26280.900000000001455, 5940633.825000000186265 ], [ 26280.825, 5940633.825000000186265 ], [ 26280.825, 5940634.5 ], [ 26280.75, 5940634.5 ], [ 26280.75, 5940635.025000000372529 ], [ 26280.675, 5940635.025000000372529 ], [ 26280.675, 5940635.549999999813735 ], [ 26280.599999999998545, 5940635.549999999813735 ], [ 26280.599999999998545, 5940636.075000000186265 ], [ 26280.525000000001455, 5940636.075000000186265 ], [ 26280.525000000001455, 5940636.599999999627471 ], [ 26280.45, 5940636.599999999627471 ], [ 26280.45, 5940637.125 ], [ 26280.375, 5940637.125 ], [ 26280.375, 5940637.575000000186265 ], [ 26280.3, 5940637.575000000186265 ], [ 26280.3, 5940638.025000000372529 ], [ 26280.224999999998545, 5940638.025000000372529 ], [ 26280.224999999998545, 5940638.474999999627471 ], [ 26280.150000000001455, 5940638.474999999627471 ], [ 26280.150000000001455, 5940638.849999999627471 ], [ 26280.075, 5940638.849999999627471 ], [ 26280.075, 5940639.224999999627471 ], [ 26280.0, 5940639.224999999627471 ], [ 26280.0, 5940639.599999999627471 ], [ 26279.925, 5940639.599999999627471 ], [ 26279.925, 5940639.900000000372529 ], [ 26279.849999999998545, 5940639.900000000372529 ], [ 26279.849999999998545, 5940639.974999999627471 ], [ 26279.7, 5940639.974999999627471 ], [ 26279.7, 5940640.049999999813735 ], [ 26279.625, 5940640.049999999813735 ], [ 26279.625, 5940640.200000000186265 ], [ 26279.55, 5940640.200000000186265 ], [ 26279.55, 5940640.275000000372529 ], [ 26279.474999999998545, 5940640.275000000372529 ], [ 26279.474999999998545, 5940640.349999999627471 ], [ 26279.400000000001455, 5940640.349999999627471 ], [ 26279.400000000001455, 5940640.424999999813735 ], [ 26279.325, 5940640.424999999813735 ], [ 26279.325, 5940640.5 ], [ 26279.25, 5940640.5 ], [ 26279.25, 5940640.575000000186265 ], [ 26279.175, 5940640.575000000186265 ], [ 26279.175, 5940640.650000000372529 ], [ 26279.099999999998545, 5940640.650000000372529 ], [ 26279.099999999998545, 5940640.724999999627471 ], [ 26279.025000000001455, 5940640.724999999627471 ], [ 26279.025000000001455, 5940640.799999999813735 ], [ 26278.95, 5940640.799999999813735 ], [ 26278.95, 5940640.875 ], [ 26278.875, 5940640.875 ], [ 26278.875, 5940640.950000000186265 ], [ 26278.8, 5940640.950000000186265 ], [ 26278.8, 5940641.025000000372529 ], [ 26278.724999999998545, 5940641.025000000372529 ], [ 26278.724999999998545, 5940641.099999999627471 ], [ 26278.575, 5940641.099999999627471 ], [ 26278.575, 5940641.174999999813735 ], [ 26278.5, 5940641.174999999813735 ], [ 26278.5, 5940641.25 ], [ 26278.425, 5940641.25 ], [ 26278.425, 5940641.325000000186265 ], [ 26278.349999999998545, 5940641.325000000186265 ], [ 26278.349999999998545, 5940641.400000000372529 ], [ 26278.2, 5940641.400000000372529 ], [ 26278.2, 5940641.474999999627471 ], [ 26278.125, 5940641.474999999627471 ], [ 26278.125, 5940641.549999999813735 ], [ 26277.974999999998545, 5940641.549999999813735 ], [ 26277.974999999998545, 5940641.625 ], [ 26277.900000000001455, 5940641.625 ], [ 26277.900000000001455, 5940641.700000000186265 ], [ 26277.825, 5940641.700000000186265 ], [ 26277.825, 5940641.775000000372529 ], [ 26277.675, 5940641.775000000372529 ], [ 26277.675, 5940641.849999999627471 ], [ 26277.525000000001455, 5940641.849999999627471 ], [ 26277.525000000001455, 5940641.924999999813735 ], [ 26277.45, 5940641.924999999813735 ], [ 26277.45, 5940642.0 ], [ 26277.3, 5940642.0 ], [ 26277.3, 5940642.075000000186265 ], [ 26277.224999999998545, 5940642.075000000186265 ], [ 26277.224999999998545, 5940642.150000000372529 ], [ 26277.075, 5940642.150000000372529 ], [ 26277.075, 5940642.224999999627471 ], [ 26276.925, 5940642.224999999627471 ], [ 26276.925, 5940642.299999999813735 ], [ 26276.849999999998545, 5940642.299999999813735 ], [ 26276.849999999998545, 5940642.375 ], [ 26276.7, 5940642.375 ], [ 26276.7, 5940642.450000000186265 ], [ 26276.55, 5940642.450000000186265 ], [ 26276.55, 5940642.525000000372529 ], [ 26276.474999999998545, 5940642.525000000372529 ], [ 26276.474999999998545, 5940642.599999999627471 ], [ 26276.325, 5940642.599999999627471 ], [ 26276.325, 5940642.674999999813735 ], [ 26276.175, 5940642.674999999813735 ], [ 26276.175, 5940642.75 ], [ 26276.025000000001455, 5940642.75 ], [ 26276.025000000001455, 5940642.825000000186265 ], [ 26275.8, 5940642.825000000186265 ], [ 26275.8, 5940642.900000000372529 ], [ 26275.650000000001455, 5940642.900000000372529 ], [ 26275.650000000001455, 5940642.974999999627471 ], [ 26275.5, 5940642.974999999627471 ], [ 26275.5, 5940643.049999999813735 ], [ 26275.275000000001455, 5940643.049999999813735 ], [ 26275.275000000001455, 5940643.125 ], [ 26275.125, 5940643.125 ], [ 26275.125, 5940643.200000000186265 ], [ 26274.900000000001455, 5940643.200000000186265 ], [ 26274.900000000001455, 5940643.275000000372529 ], [ 26274.675, 5940643.275000000372529 ], [ 26274.675, 5940643.349999999627471 ], [ 26274.45, 5940643.349999999627471 ], [ 26274.45, 5940643.424999999813735 ], [ 26274.3, 5940643.424999999813735 ], [ 26274.3, 5940643.5 ], [ 26274.075, 5940643.5 ], [ 26274.075, 5940643.575000000186265 ], [ 26273.849999999998545, 5940643.575000000186265 ], [ 26273.849999999998545, 5940643.650000000372529 ], [ 26273.775000000001455, 5940643.650000000372529 ], [ 26273.775000000001455, 5940643.724999999627471 ], [ 26273.7, 5940643.724999999627471 ], [ 26273.7, 5940643.799999999813735 ], [ 26273.625, 5940643.799999999813735 ], [ 26273.625, 5940643.875 ], [ 26273.55, 5940643.875 ], [ 26273.55, 5940643.950000000186265 ], [ 26273.474999999998545, 5940643.950000000186265 ], [ 26273.474999999998545, 5940644.025000000372529 ], [ 26273.400000000001455, 5940644.025000000372529 ], [ 26273.400000000001455, 5940644.099999999627471 ], [ 26273.325, 5940644.099999999627471 ], [ 26273.325, 5940644.174999999813735 ], [ 26273.25, 5940644.174999999813735 ], [ 26273.25, 5940644.325000000186265 ], [ 26273.175, 5940644.325000000186265 ], [ 26273.175, 5940644.400000000372529 ], [ 26273.099999999998545, 5940644.400000000372529 ], [ 26273.099999999998545, 5940644.625 ], [ 26273.025000000001455, 5940644.625 ], [ 26273.025000000001455, 5940644.775000000372529 ], [ 26272.95, 5940644.775000000372529 ], [ 26272.95, 5940645.0 ], [ 26272.875, 5940645.0 ], [ 26272.875, 5940645.224999999627471 ], [ 26272.8, 5940645.224999999627471 ], [ 26272.8, 5940645.450000000186265 ], [ 26272.724999999998545, 5940645.450000000186265 ], [ 26272.724999999998545, 5940645.674999999813735 ], [ 26272.650000000001455, 5940645.674999999813735 ], [ 26272.650000000001455, 5940645.974999999627471 ], [ 26272.575, 5940645.974999999627471 ], [ 26272.575, 5940646.200000000186265 ], [ 26272.5, 5940646.200000000186265 ], [ 26272.5, 5940647.25 ], [ 26272.575, 5940647.25 ], [ 26272.575, 5940648.375 ], [ 26272.650000000001455, 5940648.375 ], [ 26272.650000000001455, 5940649.5 ], [ 26272.724999999998545, 5940649.5 ], [ 26272.724999999998545, 5940650.625 ], [ 26272.8, 5940650.625 ], [ 26272.8, 5940651.825000000186265 ], [ 26272.875, 5940651.825000000186265 ], [ 26272.875, 5940652.424999999813735 ], [ 26272.8, 5940652.424999999813735 ], [ 26272.8, 5940652.875 ], [ 26272.724999999998545, 5940652.875 ], [ 26272.724999999998545, 5940653.400000000372529 ], [ 26272.650000000001455, 5940653.400000000372529 ], [ 26272.650000000001455, 5940653.849999999627471 ], [ 26272.575, 5940653.849999999627471 ], [ 26272.575, 5940654.224999999627471 ], [ 26272.5, 5940654.224999999627471 ], [ 26272.5, 5940654.375 ], [ 26272.425, 5940654.375 ], [ 26272.425, 5940654.525000000372529 ], [ 26272.349999999998545, 5940654.525000000372529 ], [ 26272.349999999998545, 5940654.674999999813735 ], [ 26272.275000000001455, 5940654.674999999813735 ], [ 26272.275000000001455, 5940654.825000000186265 ], [ 26272.2, 5940654.825000000186265 ], [ 26272.2, 5940654.974999999627471 ], [ 26272.125, 5940654.974999999627471 ], [ 26272.125, 5940655.125 ], [ 26272.05, 5940655.125 ], [ 26272.05, 5940655.200000000186265 ], [ 26271.974999999998545, 5940655.200000000186265 ], [ 26271.974999999998545, 5940655.349999999627471 ], [ 26271.900000000001455, 5940655.349999999627471 ], [ 26271.900000000001455, 5940655.5 ], [ 26271.825, 5940655.5 ], [ 26271.825, 5940655.650000000372529 ], [ 26271.75, 5940655.650000000372529 ], [ 26271.75, 5940655.799999999813735 ], [ 26271.675, 5940655.799999999813735 ], [ 26271.675, 5940655.950000000186265 ], [ 26271.599999999998545, 5940655.950000000186265 ], [ 26271.599999999998545, 5940656.099999999627471 ], [ 26271.525000000001455, 5940656.099999999627471 ], [ 26271.525000000001455, 5940656.325000000186265 ], [ 26271.45, 5940656.325000000186265 ], [ 26271.45, 5940656.474999999627471 ], [ 26271.375, 5940656.474999999627471 ], [ 26271.375, 5940656.625 ], [ 26271.3, 5940656.625 ], [ 26271.3, 5940656.775000000372529 ], [ 26271.224999999998545, 5940656.775000000372529 ], [ 26271.224999999998545, 5940656.924999999813735 ], [ 26271.150000000001455, 5940656.924999999813735 ], [ 26271.150000000001455, 5940657.075000000186265 ], [ 26271.075, 5940657.075000000186265 ], [ 26271.075, 5940657.224999999627471 ], [ 26271.0, 5940657.224999999627471 ], [ 26271.0, 5940657.375 ], [ 26270.925, 5940657.375 ], [ 26270.925, 5940657.525000000372529 ], [ 26270.849999999998545, 5940657.525000000372529 ], [ 26270.849999999998545, 5940657.674999999813735 ], [ 26270.775000000001455, 5940657.674999999813735 ], [ 26270.775000000001455, 5940657.825000000186265 ], [ 26270.7, 5940657.825000000186265 ], [ 26270.7, 5940657.974999999627471 ], [ 26270.625, 5940657.974999999627471 ], [ 26270.625, 5940658.125 ], [ 26270.55, 5940658.125 ], [ 26270.55, 5940658.200000000186265 ], [ 26270.474999999998545, 5940658.200000000186265 ], [ 26270.474999999998545, 5940658.349999999627471 ], [ 26270.400000000001455, 5940658.349999999627471 ], [ 26270.400000000001455, 5940658.424999999813735 ], [ 26270.325, 5940658.424999999813735 ], [ 26270.325, 5940658.5 ], [ 26270.25, 5940658.5 ], [ 26270.25, 5940658.650000000372529 ], [ 26270.175, 5940658.650000000372529 ], [ 26270.175, 5940658.724999999627471 ], [ 26270.099999999998545, 5940658.724999999627471 ], [ 26270.099999999998545, 5940658.799999999813735 ], [ 26270.025000000001455, 5940658.799999999813735 ], [ 26270.025000000001455, 5940658.875 ], [ 26269.95, 5940658.875 ], [ 26269.95, 5940659.025000000372529 ], [ 26269.8, 5940659.025000000372529 ], [ 26269.8, 5940659.099999999627471 ], [ 26269.724999999998545, 5940659.099999999627471 ], [ 26269.724999999998545, 5940659.174999999813735 ], [ 26269.650000000001455, 5940659.174999999813735 ], [ 26269.650000000001455, 5940659.25 ], [ 26269.575, 5940659.25 ], [ 26269.575, 5940659.325000000186265 ], [ 26269.5, 5940659.325000000186265 ], [ 26269.5, 5940659.400000000372529 ], [ 26269.425, 5940659.400000000372529 ], [ 26269.425, 5940659.474999999627471 ], [ 26269.349999999998545, 5940659.474999999627471 ], [ 26269.349999999998545, 5940659.549999999813735 ], [ 26269.275000000001455, 5940659.549999999813735 ], [ 26269.275000000001455, 5940659.625 ], [ 26269.2, 5940659.625 ], [ 26269.2, 5940659.700000000186265 ], [ 26269.125, 5940659.700000000186265 ], [ 26269.125, 5940659.775000000372529 ], [ 26269.05, 5940659.775000000372529 ], [ 26269.05, 5940659.849999999627471 ], [ 26268.974999999998545, 5940659.849999999627471 ], [ 26268.974999999998545, 5940659.924999999813735 ], [ 26268.900000000001455, 5940659.924999999813735 ], [ 26268.900000000001455, 5940660.0 ], [ 26268.825, 5940660.0 ], [ 26268.825, 5940660.075000000186265 ], [ 26268.75, 5940660.075000000186265 ], [ 26268.75, 5940660.150000000372529 ], [ 26268.675, 5940660.150000000372529 ], [ 26268.675, 5940660.224999999627471 ], [ 26268.599999999998545, 5940660.224999999627471 ], [ 26268.599999999998545, 5940660.299999999813735 ], [ 26268.525000000001455, 5940660.299999999813735 ], [ 26268.525000000001455, 5940660.375 ], [ 26268.45, 5940660.375 ], [ 26268.45, 5940660.450000000186265 ], [ 26268.375, 5940660.450000000186265 ], [ 26268.375, 5940660.525000000372529 ], [ 26268.3, 5940660.525000000372529 ], [ 26268.3, 5940660.599999999627471 ], [ 26268.224999999998545, 5940660.599999999627471 ], [ 26268.224999999998545, 5940660.674999999813735 ], [ 26268.150000000001455, 5940660.674999999813735 ], [ 26268.150000000001455, 5940660.75 ], [ 26268.075, 5940660.75 ], [ 26268.075, 5940660.825000000186265 ], [ 26268.0, 5940660.825000000186265 ], [ 26268.0, 5940660.900000000372529 ], [ 26267.849999999998545, 5940660.900000000372529 ], [ 26267.849999999998545, 5940660.974999999627471 ], [ 26267.775000000001455, 5940660.974999999627471 ], [ 26267.775000000001455, 5940661.049999999813735 ], [ 26267.625, 5940661.049999999813735 ], [ 26267.625, 5940661.125 ], [ 26267.55, 5940661.125 ], [ 26267.55, 5940661.200000000186265 ], [ 26267.474999999998545, 5940661.200000000186265 ], [ 26267.474999999998545, 5940661.275000000372529 ], [ 26267.325, 5940661.275000000372529 ], [ 26267.325, 5940661.349999999627471 ], [ 26267.25, 5940661.349999999627471 ], [ 26267.25, 5940661.424999999813735 ], [ 26267.099999999998545, 5940661.424999999813735 ], [ 26267.099999999998545, 5940661.5 ], [ 26267.025000000001455, 5940661.5 ], [ 26267.025000000001455, 5940661.575000000186265 ], [ 26266.95, 5940661.575000000186265 ], [ 26266.95, 5940661.650000000372529 ], [ 26266.8, 5940661.650000000372529 ], [ 26266.8, 5940661.724999999627471 ], [ 26266.724999999998545, 5940661.724999999627471 ], [ 26266.724999999998545, 5940661.799999999813735 ], [ 26266.650000000001455, 5940661.799999999813735 ], [ 26266.650000000001455, 5940661.875 ], [ 26266.5, 5940661.875 ], [ 26266.5, 5940661.950000000186265 ], [ 26266.425, 5940661.950000000186265 ], [ 26266.425, 5940662.025000000372529 ], [ 26266.349999999998545, 5940662.025000000372529 ], [ 26266.349999999998545, 5940662.099999999627471 ], [ 26266.275000000001455, 5940662.099999999627471 ], [ 26266.275000000001455, 5940662.174999999813735 ], [ 26266.125, 5940662.174999999813735 ], [ 26266.125, 5940662.25 ], [ 26266.05, 5940662.25 ], [ 26266.05, 5940662.325000000186265 ], [ 26265.900000000001455, 5940662.325000000186265 ], [ 26265.900000000001455, 5940662.400000000372529 ], [ 26265.675, 5940662.400000000372529 ], [ 26265.675, 5940662.474999999627471 ], [ 26265.45, 5940662.474999999627471 ], [ 26265.45, 5940662.549999999813735 ], [ 26265.150000000001455, 5940662.549999999813735 ], [ 26265.150000000001455, 5940662.625 ], [ 26264.925, 5940662.625 ], [ 26264.925, 5940662.700000000186265 ], [ 26264.625, 5940662.700000000186265 ], [ 26264.625, 5940662.775000000372529 ], [ 26264.325, 5940662.775000000372529 ], [ 26264.325, 5940662.849999999627471 ], [ 26263.724999999998545, 5940662.849999999627471 ], [ 26263.724999999998545, 5940662.775000000372529 ], [ 26263.349999999998545, 5940662.775000000372529 ], [ 26263.349999999998545, 5940662.700000000186265 ], [ 26262.974999999998545, 5940662.700000000186265 ], [ 26262.974999999998545, 5940662.625 ], [ 26262.599999999998545, 5940662.625 ], [ 26262.599999999998545, 5940662.549999999813735 ], [ 26262.224999999998545, 5940662.549999999813735 ], [ 26262.224999999998545, 5940662.474999999627471 ], [ 26261.775000000001455, 5940662.474999999627471 ], [ 26261.775000000001455, 5940662.400000000372529 ], [ 26261.400000000001455, 5940662.400000000372529 ], [ 26261.400000000001455, 5940662.325000000186265 ], [ 26261.025000000001455, 5940662.325000000186265 ], [ 26261.025000000001455, 5940662.25 ], [ 26260.575, 5940662.25 ], [ 26260.575, 5940662.174999999813735 ], [ 26260.125, 5940662.174999999813735 ], [ 26260.125, 5940662.099999999627471 ], [ 26259.675, 5940662.099999999627471 ], [ 26259.675, 5940662.025000000372529 ], [ 26259.224999999998545, 5940662.025000000372529 ], [ 26259.224999999998545, 5940661.950000000186265 ], [ 26258.7, 5940661.950000000186265 ], [ 26258.7, 5940661.875 ], [ 26258.175, 5940661.875 ], [ 26258.175, 5940661.799999999813735 ], [ 26257.425, 5940661.799999999813735 ], [ 26257.425, 5940661.724999999627471 ], [ 26256.675, 5940661.724999999627471 ], [ 26256.675, 5940661.650000000372529 ], [ 26255.7, 5940661.650000000372529 ], [ 26255.7, 5940661.575000000186265 ], [ 26254.5, 5940661.575000000186265 ], [ 26254.5, 5940661.5 ], [ 26253.3, 5940661.5 ], [ 26253.3, 5940661.424999999813735 ], [ 26252.025000000001455, 5940661.424999999813735 ], [ 26252.025000000001455, 5940661.349999999627471 ], [ 26250.675, 5940661.349999999627471 ], [ 26250.675, 5940661.275000000372529 ], [ 26250.224999999998545, 5940661.275000000372529 ], [ 26250.224999999998545, 5940661.349999999627471 ], [ 26249.474999999998545, 5940661.349999999627471 ], [ 26249.474999999998545, 5940661.424999999813735 ], [ 26248.8, 5940661.424999999813735 ], [ 26248.8, 5940661.5 ], [ 26248.275000000001455, 5940661.5 ], [ 26248.275000000001455, 5940661.575000000186265 ], [ 26248.05, 5940661.575000000186265 ], [ 26248.05, 5940661.650000000372529 ], [ 26247.825, 5940661.650000000372529 ], [ 26247.825, 5940661.724999999627471 ], [ 26247.525000000001455, 5940661.724999999627471 ], [ 26247.525000000001455, 5940661.799999999813735 ], [ 26247.3, 5940661.799999999813735 ], [ 26247.3, 5940661.875 ], [ 26247.150000000001455, 5940661.875 ], [ 26247.150000000001455, 5940661.950000000186265 ], [ 26246.925, 5940661.950000000186265 ], [ 26246.925, 5940662.025000000372529 ], [ 26246.775000000001455, 5940662.025000000372529 ], [ 26246.775000000001455, 5940662.099999999627471 ], [ 26246.625, 5940662.099999999627471 ], [ 26246.625, 5940662.174999999813735 ], [ 26246.474999999998545, 5940662.174999999813735 ], [ 26246.474999999998545, 5940662.25 ], [ 26246.325, 5940662.25 ], [ 26246.325, 5940662.325000000186265 ], [ 26246.175, 5940662.325000000186265 ], [ 26246.175, 5940662.400000000372529 ], [ 26246.025000000001455, 5940662.400000000372529 ], [ 26246.025000000001455, 5940662.474999999627471 ], [ 26245.875, 5940662.474999999627471 ], [ 26245.875, 5940662.549999999813735 ], [ 26245.724999999998545, 5940662.549999999813735 ], [ 26245.724999999998545, 5940662.625 ], [ 26245.575, 5940662.625 ], [ 26245.575, 5940662.700000000186265 ], [ 26245.425, 5940662.700000000186265 ], [ 26245.425, 5940662.775000000372529 ], [ 26245.275000000001455, 5940662.775000000372529 ], [ 26245.275000000001455, 5940662.849999999627471 ], [ 26245.125, 5940662.849999999627471 ], [ 26245.125, 5940662.924999999813735 ], [ 26244.974999999998545, 5940662.924999999813735 ], [ 26244.974999999998545, 5940663.0 ], [ 26244.825, 5940663.0 ], [ 26244.825, 5940663.075000000186265 ], [ 26244.675, 5940663.075000000186265 ], [ 26244.675, 5940663.150000000372529 ], [ 26244.525000000001455, 5940663.150000000372529 ], [ 26244.525000000001455, 5940663.224999999627471 ], [ 26244.45, 5940663.224999999627471 ], [ 26244.45, 5940663.299999999813735 ], [ 26244.3, 5940663.299999999813735 ], [ 26244.3, 5940663.375 ], [ 26244.150000000001455, 5940663.375 ], [ 26244.150000000001455, 5940663.450000000186265 ], [ 26244.0, 5940663.450000000186265 ], [ 26244.0, 5940663.525000000372529 ], [ 26243.849999999998545, 5940663.525000000372529 ], [ 26243.849999999998545, 5940663.599999999627471 ], [ 26243.775000000001455, 5940663.599999999627471 ], [ 26243.775000000001455, 5940663.674999999813735 ], [ 26243.625, 5940663.674999999813735 ], [ 26243.625, 5940663.75 ], [ 26243.474999999998545, 5940663.75 ], [ 26243.474999999998545, 5940663.825000000186265 ], [ 26243.400000000001455, 5940663.825000000186265 ], [ 26243.400000000001455, 5940663.900000000372529 ], [ 26243.25, 5940663.900000000372529 ], [ 26243.25, 5940663.974999999627471 ], [ 26243.099999999998545, 5940663.974999999627471 ], [ 26243.099999999998545, 5940664.049999999813735 ], [ 26243.025000000001455, 5940664.049999999813735 ], [ 26243.025000000001455, 5940664.125 ], [ 26242.875, 5940664.125 ], [ 26242.875, 5940664.200000000186265 ], [ 26242.724999999998545, 5940664.200000000186265 ], [ 26242.724999999998545, 5940664.275000000372529 ], [ 26242.650000000001455, 5940664.275000000372529 ], [ 26242.650000000001455, 5940664.349999999627471 ], [ 26240.625, 5940664.349999999627471 ], [ 26240.625, 5940664.275000000372529 ], [ 26240.474999999998545, 5940664.275000000372529 ], [ 26240.474999999998545, 5940664.200000000186265 ], [ 26240.400000000001455, 5940664.200000000186265 ], [ 26240.400000000001455, 5940664.125 ], [ 26240.325, 5940664.125 ], [ 26240.325, 5940664.049999999813735 ], [ 26240.175, 5940664.049999999813735 ], [ 26240.175, 5940663.974999999627471 ], [ 26240.099999999998545, 5940663.974999999627471 ], [ 26240.099999999998545, 5940663.900000000372529 ], [ 26240.025000000001455, 5940663.900000000372529 ], [ 26240.025000000001455, 5940663.825000000186265 ], [ 26239.875, 5940663.825000000186265 ], [ 26239.875, 5940663.75 ], [ 26239.8, 5940663.75 ], [ 26239.8, 5940663.674999999813735 ], [ 26239.724999999998545, 5940663.674999999813735 ], [ 26239.724999999998545, 5940663.599999999627471 ], [ 26239.650000000001455, 5940663.599999999627471 ], [ 26239.650000000001455, 5940663.525000000372529 ], [ 26239.575, 5940663.525000000372529 ], [ 26239.575, 5940663.450000000186265 ], [ 26239.5, 5940663.450000000186265 ], [ 26239.5, 5940663.375 ], [ 26239.349999999998545, 5940663.375 ], [ 26239.349999999998545, 5940663.299999999813735 ], [ 26239.275000000001455, 5940663.299999999813735 ], [ 26239.275000000001455, 5940663.224999999627471 ], [ 26239.2, 5940663.224999999627471 ], [ 26239.2, 5940663.150000000372529 ], [ 26239.125, 5940663.150000000372529 ], [ 26239.125, 5940663.075000000186265 ], [ 26239.05, 5940663.075000000186265 ], [ 26239.05, 5940663.0 ], [ 26238.974999999998545, 5940663.0 ], [ 26238.974999999998545, 5940662.924999999813735 ], [ 26238.900000000001455, 5940662.924999999813735 ], [ 26238.900000000001455, 5940662.849999999627471 ], [ 26238.75, 5940662.849999999627471 ], [ 26238.75, 5940662.775000000372529 ], [ 26238.675, 5940662.775000000372529 ], [ 26238.675, 5940662.700000000186265 ], [ 26238.599999999998545, 5940662.700000000186265 ], [ 26238.599999999998545, 5940662.625 ], [ 26238.525000000001455, 5940662.625 ], [ 26238.525000000001455, 5940662.549999999813735 ], [ 26238.45, 5940662.549999999813735 ], [ 26238.45, 5940662.474999999627471 ], [ 26238.375, 5940662.474999999627471 ], [ 26238.375, 5940662.400000000372529 ], [ 26238.3, 5940662.400000000372529 ], [ 26238.3, 5940662.325000000186265 ], [ 26238.224999999998545, 5940662.325000000186265 ], [ 26238.224999999998545, 5940662.25 ], [ 26238.150000000001455, 5940662.25 ], [ 26238.150000000001455, 5940662.099999999627471 ], [ 26238.075, 5940662.099999999627471 ], [ 26238.075, 5940662.025000000372529 ], [ 26238.0, 5940662.025000000372529 ], [ 26238.0, 5940661.950000000186265 ], [ 26237.849999999998545, 5940661.950000000186265 ], [ 26237.849999999998545, 5940661.875 ], [ 26237.775000000001455, 5940661.875 ], [ 26237.775000000001455, 5940661.799999999813735 ], [ 26237.7, 5940661.799999999813735 ], [ 26237.7, 5940661.724999999627471 ], [ 26237.625, 5940661.724999999627471 ], [ 26237.625, 5940661.650000000372529 ], [ 26237.55, 5940661.650000000372529 ], [ 26237.55, 5940661.575000000186265 ], [ 26237.400000000001455, 5940661.575000000186265 ], [ 26237.400000000001455, 5940661.5 ], [ 26237.325, 5940661.5 ], [ 26237.325, 5940661.424999999813735 ], [ 26237.25, 5940661.424999999813735 ], [ 26237.25, 5940661.349999999627471 ], [ 26237.175, 5940661.349999999627471 ], [ 26237.175, 5940661.275000000372529 ], [ 26237.099999999998545, 5940661.275000000372529 ], [ 26237.099999999998545, 5940661.200000000186265 ], [ 26237.025000000001455, 5940661.200000000186265 ], [ 26237.025000000001455, 5940661.125 ], [ 26236.875, 5940661.125 ], [ 26236.875, 5940661.049999999813735 ], [ 26236.8, 5940661.049999999813735 ], [ 26236.8, 5940660.974999999627471 ], [ 26236.724999999998545, 5940660.974999999627471 ], [ 26236.724999999998545, 5940660.900000000372529 ], [ 26236.650000000001455, 5940660.900000000372529 ], [ 26236.650000000001455, 5940660.825000000186265 ], [ 26236.575, 5940660.825000000186265 ], [ 26236.575, 5940660.75 ], [ 26236.5, 5940660.75 ], [ 26236.5, 5940660.674999999813735 ], [ 26236.425, 5940660.674999999813735 ], [ 26236.425, 5940660.599999999627471 ], [ 26236.349999999998545, 5940660.599999999627471 ], [ 26236.349999999998545, 5940660.450000000186265 ], [ 26236.275000000001455, 5940660.450000000186265 ], [ 26236.275000000001455, 5940660.375 ], [ 26236.2, 5940660.375 ], [ 26236.2, 5940660.299999999813735 ], [ 26236.125, 5940660.299999999813735 ], [ 26236.125, 5940660.224999999627471 ], [ 26236.05, 5940660.224999999627471 ], [ 26236.05, 5940660.075000000186265 ], [ 26235.974999999998545, 5940660.075000000186265 ], [ 26235.974999999998545, 5940660.0 ], [ 26235.900000000001455, 5940660.0 ], [ 26235.900000000001455, 5940659.924999999813735 ], [ 26235.825, 5940659.924999999813735 ], [ 26235.825, 5940659.849999999627471 ], [ 26235.75, 5940659.849999999627471 ], [ 26235.75, 5940659.700000000186265 ], [ 26235.675, 5940659.700000000186265 ], [ 26235.675, 5940659.625 ], [ 26235.599999999998545, 5940659.625 ], [ 26235.599999999998545, 5940659.549999999813735 ], [ 26235.525000000001455, 5940659.549999999813735 ], [ 26235.525000000001455, 5940659.400000000372529 ], [ 26235.45, 5940659.400000000372529 ], [ 26235.45, 5940659.325000000186265 ], [ 26235.375, 5940659.325000000186265 ], [ 26235.375, 5940659.174999999813735 ], [ 26235.3, 5940659.174999999813735 ], [ 26235.3, 5940659.099999999627471 ], [ 26235.224999999998545, 5940659.099999999627471 ], [ 26235.224999999998545, 5940659.025000000372529 ], [ 26235.150000000001455, 5940659.025000000372529 ], [ 26235.150000000001455, 5940658.875 ], [ 26235.075, 5940658.875 ], [ 26235.075, 5940658.799999999813735 ], [ 26235.0, 5940658.799999999813735 ], [ 26235.0, 5940658.650000000372529 ], [ 26234.925, 5940658.650000000372529 ], [ 26234.925, 5940658.575000000186265 ], [ 26234.849999999998545, 5940658.575000000186265 ], [ 26234.849999999998545, 5940658.424999999813735 ], [ 26234.775000000001455, 5940658.424999999813735 ], [ 26234.775000000001455, 5940658.349999999627471 ], [ 26234.7, 5940658.349999999627471 ], [ 26234.7, 5940658.275000000372529 ], [ 26234.625, 5940658.275000000372529 ], [ 26234.625, 5940658.200000000186265 ], [ 26234.55, 5940658.200000000186265 ], [ 26234.55, 5940658.125 ], [ 26234.474999999998545, 5940658.125 ], [ 26234.474999999998545, 5940658.049999999813735 ], [ 26234.400000000001455, 5940658.049999999813735 ], [ 26234.400000000001455, 5940657.974999999627471 ], [ 26234.325, 5940657.974999999627471 ], [ 26234.325, 5940657.900000000372529 ], [ 26234.25, 5940657.900000000372529 ], [ 26234.25, 5940657.825000000186265 ], [ 26234.175, 5940657.825000000186265 ], [ 26234.175, 5940657.75 ], [ 26234.099999999998545, 5940657.75 ], [ 26234.099999999998545, 5940657.674999999813735 ], [ 26234.025000000001455, 5940657.674999999813735 ], [ 26234.025000000001455, 5940657.599999999627471 ], [ 26233.95, 5940657.599999999627471 ], [ 26233.95, 5940657.450000000186265 ], [ 26233.875, 5940657.450000000186265 ], [ 26233.875, 5940657.375 ], [ 26233.8, 5940657.375 ], [ 26233.8, 5940657.299999999813735 ], [ 26233.724999999998545, 5940657.299999999813735 ], [ 26233.724999999998545, 5940657.224999999627471 ], [ 26233.650000000001455, 5940657.224999999627471 ], [ 26233.650000000001455, 5940657.075000000186265 ], [ 26233.575, 5940657.075000000186265 ], [ 26233.575, 5940657.0 ], [ 26233.5, 5940657.0 ], [ 26233.5, 5940656.849999999627471 ], [ 26233.425, 5940656.849999999627471 ], [ 26233.425, 5940656.775000000372529 ], [ 26233.349999999998545, 5940656.775000000372529 ], [ 26233.349999999998545, 5940656.700000000186265 ], [ 26233.275000000001455, 5940656.700000000186265 ], [ 26233.275000000001455, 5940656.549999999813735 ], [ 26233.2, 5940656.549999999813735 ], [ 26233.2, 5940656.400000000372529 ], [ 26233.125, 5940656.400000000372529 ], [ 26233.125, 5940656.325000000186265 ], [ 26233.05, 5940656.325000000186265 ], [ 26233.05, 5940656.174999999813735 ], [ 26232.974999999998545, 5940656.174999999813735 ], [ 26232.974999999998545, 5940656.025000000372529 ], [ 26232.900000000001455, 5940656.025000000372529 ], [ 26232.900000000001455, 5940655.875 ], [ 26232.825, 5940655.875 ], [ 26232.825, 5940655.799999999813735 ], [ 26232.675, 5940655.799999999813735 ], [ 26232.675, 5940655.875 ], [ 26232.45, 5940655.875 ], [ 26232.45, 5940655.950000000186265 ], [ 26232.3, 5940655.950000000186265 ], [ 26232.3, 5940656.025000000372529 ], [ 26232.075, 5940656.025000000372529 ], [ 26232.075, 5940656.099999999627471 ], [ 26231.925, 5940656.099999999627471 ], [ 26231.925, 5940656.174999999813735 ], [ 26231.775000000001455, 5940656.174999999813735 ], [ 26231.775000000001455, 5940656.25 ], [ 26231.625, 5940656.25 ], [ 26231.625, 5940656.325000000186265 ], [ 26231.400000000001455, 5940656.325000000186265 ], [ 26231.400000000001455, 5940656.400000000372529 ], [ 26231.25, 5940656.400000000372529 ], [ 26231.25, 5940656.474999999627471 ], [ 26231.099999999998545, 5940656.474999999627471 ], [ 26231.099999999998545, 5940656.549999999813735 ], [ 26230.95, 5940656.549999999813735 ], [ 26230.95, 5940656.625 ], [ 26230.8, 5940656.625 ], [ 26230.8, 5940656.700000000186265 ], [ 26230.650000000001455, 5940656.700000000186265 ], [ 26230.650000000001455, 5940656.775000000372529 ], [ 26230.575, 5940656.775000000372529 ], [ 26230.575, 5940656.849999999627471 ], [ 26230.425, 5940656.849999999627471 ], [ 26230.425, 5940656.924999999813735 ], [ 26230.275000000001455, 5940656.924999999813735 ], [ 26230.275000000001455, 5940657.0 ], [ 26230.125, 5940657.0 ], [ 26230.125, 5940657.075000000186265 ], [ 26230.05, 5940657.075000000186265 ], [ 26230.05, 5940657.150000000372529 ], [ 26229.900000000001455, 5940657.150000000372529 ], [ 26229.900000000001455, 5940657.224999999627471 ], [ 26229.825, 5940657.224999999627471 ], [ 26229.825, 5940657.299999999813735 ], [ 26229.675, 5940657.299999999813735 ], [ 26229.675, 5940657.375 ], [ 26229.599999999998545, 5940657.375 ], [ 26229.599999999998545, 5940657.450000000186265 ], [ 26229.45, 5940657.450000000186265 ], [ 26229.45, 5940657.525000000372529 ], [ 26229.375, 5940657.525000000372529 ], [ 26229.375, 5940657.599999999627471 ], [ 26229.3, 5940657.599999999627471 ], [ 26229.3, 5940657.674999999813735 ], [ 26229.150000000001455, 5940657.674999999813735 ], [ 26229.150000000001455, 5940657.75 ], [ 26229.075, 5940657.75 ], [ 26229.075, 5940657.825000000186265 ], [ 26229.0, 5940657.825000000186265 ], [ 26229.0, 5940657.900000000372529 ], [ 26228.925, 5940657.900000000372529 ], [ 26228.925, 5940657.974999999627471 ], [ 26228.775000000001455, 5940657.974999999627471 ], [ 26228.775000000001455, 5940658.049999999813735 ], [ 26228.7, 5940658.049999999813735 ], [ 26228.7, 5940658.125 ], [ 26228.625, 5940658.125 ], [ 26228.625, 5940658.200000000186265 ], [ 26228.55, 5940658.200000000186265 ], [ 26228.55, 5940658.275000000372529 ], [ 26228.474999999998545, 5940658.275000000372529 ], [ 26228.474999999998545, 5940658.349999999627471 ], [ 26228.400000000001455, 5940658.349999999627471 ], [ 26228.400000000001455, 5940658.424999999813735 ], [ 26228.325, 5940658.424999999813735 ], [ 26228.325, 5940658.5 ], [ 26228.25, 5940658.5 ], [ 26228.25, 5940658.575000000186265 ], [ 26228.175, 5940658.575000000186265 ], [ 26228.175, 5940658.650000000372529 ], [ 26228.099999999998545, 5940658.650000000372529 ], [ 26228.099999999998545, 5940658.724999999627471 ], [ 26228.025000000001455, 5940658.724999999627471 ], [ 26228.025000000001455, 5940658.799999999813735 ], [ 26227.95, 5940658.799999999813735 ], [ 26227.95, 5940658.875 ], [ 26227.875, 5940658.875 ], [ 26227.875, 5940658.950000000186265 ], [ 26227.8, 5940658.950000000186265 ], [ 26227.8, 5940659.025000000372529 ], [ 26227.724999999998545, 5940659.025000000372529 ], [ 26227.724999999998545, 5940659.099999999627471 ], [ 26227.650000000001455, 5940659.099999999627471 ], [ 26227.650000000001455, 5940659.174999999813735 ], [ 26227.575, 5940659.174999999813735 ], [ 26227.575, 5940659.25 ], [ 26227.5, 5940659.25 ], [ 26227.5, 5940659.325000000186265 ], [ 26227.425, 5940659.325000000186265 ], [ 26227.425, 5940659.474999999627471 ], [ 26227.349999999998545, 5940659.474999999627471 ], [ 26227.349999999998545, 5940659.549999999813735 ], [ 26227.275000000001455, 5940659.549999999813735 ], [ 26227.275000000001455, 5940659.625 ], [ 26227.2, 5940659.625 ], [ 26227.2, 5940659.775000000372529 ], [ 26227.125, 5940659.775000000372529 ], [ 26227.125, 5940659.849999999627471 ], [ 26227.05, 5940659.849999999627471 ], [ 26227.05, 5940659.924999999813735 ], [ 26226.974999999998545, 5940659.924999999813735 ], [ 26226.974999999998545, 5940660.075000000186265 ], [ 26226.900000000001455, 5940660.075000000186265 ], [ 26226.900000000001455, 5940660.375 ], [ 26226.825, 5940660.375 ], [ 26226.825, 5940660.674999999813735 ], [ 26226.75, 5940660.674999999813735 ], [ 26226.75, 5940660.974999999627471 ], [ 26226.675, 5940660.974999999627471 ], [ 26226.675, 5940661.275000000372529 ], [ 26226.599999999998545, 5940661.275000000372529 ], [ 26226.599999999998545, 5940661.575000000186265 ], [ 26226.525000000001455, 5940661.575000000186265 ], [ 26226.525000000001455, 5940661.950000000186265 ], [ 26226.45, 5940661.950000000186265 ], [ 26226.45, 5940662.25 ], [ 26226.375, 5940662.25 ], [ 26226.375, 5940662.549999999813735 ], [ 26226.3, 5940662.549999999813735 ], [ 26226.3, 5940662.849999999627471 ], [ 26226.224999999998545, 5940662.849999999627471 ], [ 26226.224999999998545, 5940663.150000000372529 ], [ 26226.150000000001455, 5940663.150000000372529 ], [ 26226.150000000001455, 5940663.525000000372529 ], [ 26226.075, 5940663.525000000372529 ], [ 26226.075, 5940663.825000000186265 ], [ 26226.0, 5940663.825000000186265 ], [ 26226.0, 5940664.125 ], [ 26225.925, 5940664.125 ], [ 26225.925, 5940664.349999999627471 ], [ 26225.849999999998545, 5940664.349999999627471 ], [ 26225.849999999998545, 5940664.650000000372529 ], [ 26225.775000000001455, 5940664.650000000372529 ], [ 26225.775000000001455, 5940664.950000000186265 ], [ 26225.7, 5940664.950000000186265 ], [ 26225.7, 5940665.174999999813735 ], [ 26225.625, 5940665.174999999813735 ], [ 26225.625, 5940665.474999999627471 ], [ 26225.55, 5940665.474999999627471 ], [ 26225.55, 5940665.700000000186265 ], [ 26225.474999999998545, 5940665.700000000186265 ], [ 26225.474999999998545, 5940666.0 ], [ 26225.400000000001455, 5940666.0 ], [ 26225.400000000001455, 5940666.224999999627471 ], [ 26225.325, 5940666.224999999627471 ], [ 26225.325, 5940666.450000000186265 ], [ 26225.25, 5940666.450000000186265 ], [ 26225.25, 5940666.674999999813735 ], [ 26225.175, 5940666.674999999813735 ], [ 26225.175, 5940666.900000000372529 ], [ 26225.099999999998545, 5940666.900000000372529 ], [ 26225.099999999998545, 5940667.125 ], [ 26225.025000000001455, 5940667.125 ], [ 26225.025000000001455, 5940667.349999999627471 ], [ 26224.95, 5940667.349999999627471 ], [ 26224.95, 5940667.575000000186265 ], [ 26224.875, 5940667.575000000186265 ], [ 26224.875, 5940667.875 ], [ 26224.8, 5940667.875 ], [ 26224.8, 5940668.025000000372529 ], [ 26224.724999999998545, 5940668.025000000372529 ], [ 26224.724999999998545, 5940668.174999999813735 ], [ 26224.650000000001455, 5940668.174999999813735 ], [ 26224.650000000001455, 5940668.325000000186265 ], [ 26224.575, 5940668.325000000186265 ], [ 26224.575, 5940668.549999999813735 ], [ 26224.5, 5940668.549999999813735 ], [ 26224.5, 5940668.700000000186265 ], [ 26224.425, 5940668.700000000186265 ], [ 26224.425, 5940668.849999999627471 ], [ 26224.349999999998545, 5940668.849999999627471 ], [ 26224.349999999998545, 5940669.0 ], [ 26224.275000000001455, 5940669.0 ], [ 26224.275000000001455, 5940669.150000000372529 ], [ 26224.2, 5940669.150000000372529 ], [ 26224.2, 5940669.299999999813735 ], [ 26224.125, 5940669.299999999813735 ], [ 26224.125, 5940669.450000000186265 ], [ 26224.05, 5940669.450000000186265 ], [ 26224.05, 5940669.599999999627471 ], [ 26223.974999999998545, 5940669.599999999627471 ], [ 26223.974999999998545, 5940669.75 ], [ 26223.900000000001455, 5940669.75 ], [ 26223.900000000001455, 5940669.900000000372529 ], [ 26223.825, 5940669.900000000372529 ], [ 26223.825, 5940669.974999999627471 ], [ 26223.75, 5940669.974999999627471 ], [ 26223.75, 5940670.125 ], [ 26223.675, 5940670.125 ], [ 26223.675, 5940670.200000000186265 ], [ 26223.599999999998545, 5940670.200000000186265 ], [ 26223.599999999998545, 5940670.275000000372529 ], [ 26223.525000000001455, 5940670.275000000372529 ], [ 26223.525000000001455, 5940670.424999999813735 ], [ 26223.45, 5940670.424999999813735 ], [ 26223.45, 5940670.5 ], [ 26223.375, 5940670.5 ], [ 26223.375, 5940670.575000000186265 ], [ 26223.3, 5940670.575000000186265 ], [ 26223.3, 5940670.650000000372529 ], [ 26223.224999999998545, 5940670.650000000372529 ], [ 26223.224999999998545, 5940670.724999999627471 ], [ 26223.150000000001455, 5940670.724999999627471 ], [ 26223.150000000001455, 5940670.799999999813735 ], [ 26223.075, 5940670.799999999813735 ], [ 26223.075, 5940670.875 ], [ 26223.0, 5940670.875 ], [ 26223.0, 5940670.950000000186265 ], [ 26222.925, 5940670.950000000186265 ], [ 26222.925, 5940671.025000000372529 ], [ 26222.849999999998545, 5940671.025000000372529 ], [ 26222.849999999998545, 5940671.174999999813735 ], [ 26222.775000000001455, 5940671.174999999813735 ], [ 26222.775000000001455, 5940671.25 ], [ 26222.7, 5940671.25 ], [ 26222.7, 5940671.325000000186265 ], [ 26222.625, 5940671.325000000186265 ], [ 26222.625, 5940671.400000000372529 ], [ 26222.55, 5940671.400000000372529 ], [ 26222.55, 5940671.474999999627471 ], [ 26222.474999999998545, 5940671.474999999627471 ], [ 26222.474999999998545, 5940671.549999999813735 ], [ 26222.400000000001455, 5940671.549999999813735 ], [ 26222.400000000001455, 5940671.625 ], [ 26222.325, 5940671.625 ], [ 26222.325, 5940671.700000000186265 ], [ 26222.25, 5940671.700000000186265 ], [ 26222.25, 5940671.849999999627471 ], [ 26222.175, 5940671.849999999627471 ], [ 26222.175, 5940671.924999999813735 ], [ 26222.099999999998545, 5940671.924999999813735 ], [ 26222.099999999998545, 5940672.0 ], [ 26222.025000000001455, 5940672.0 ], [ 26222.025000000001455, 5940672.075000000186265 ], [ 26221.95, 5940672.075000000186265 ], [ 26221.95, 5940672.150000000372529 ], [ 26221.875, 5940672.150000000372529 ], [ 26221.875, 5940672.224999999627471 ], [ 26221.8, 5940672.224999999627471 ], [ 26221.8, 5940672.299999999813735 ], [ 26221.724999999998545, 5940672.299999999813735 ], [ 26221.724999999998545, 5940672.375 ], [ 26221.650000000001455, 5940672.375 ], [ 26221.650000000001455, 5940672.450000000186265 ], [ 26221.575, 5940672.450000000186265 ], [ 26221.575, 5940672.525000000372529 ], [ 26221.5, 5940672.525000000372529 ], [ 26221.5, 5940672.599999999627471 ], [ 26221.425, 5940672.599999999627471 ], [ 26221.425, 5940672.674999999813735 ], [ 26221.349999999998545, 5940672.674999999813735 ], [ 26221.349999999998545, 5940672.75 ], [ 26221.275000000001455, 5940672.75 ], [ 26221.275000000001455, 5940672.825000000186265 ], [ 26221.125, 5940672.825000000186265 ], [ 26221.125, 5940672.900000000372529 ], [ 26221.05, 5940672.900000000372529 ], [ 26221.05, 5940672.974999999627471 ], [ 26220.974999999998545, 5940672.974999999627471 ], [ 26220.974999999998545, 5940673.049999999813735 ], [ 26220.900000000001455, 5940673.049999999813735 ], [ 26220.900000000001455, 5940673.125 ], [ 26220.825, 5940673.125 ], [ 26220.825, 5940673.200000000186265 ], [ 26220.675, 5940673.200000000186265 ], [ 26220.675, 5940673.275000000372529 ], [ 26220.599999999998545, 5940673.275000000372529 ], [ 26220.599999999998545, 5940673.349999999627471 ], [ 26220.525000000001455, 5940673.349999999627471 ], [ 26220.525000000001455, 5940673.424999999813735 ], [ 26220.45, 5940673.424999999813735 ], [ 26220.45, 5940673.5 ], [ 26220.375, 5940673.5 ], [ 26220.375, 5940673.575000000186265 ], [ 26220.3, 5940673.575000000186265 ], [ 26220.3, 5940673.650000000372529 ], [ 26220.224999999998545, 5940673.650000000372529 ], [ 26220.224999999998545, 5940673.724999999627471 ], [ 26220.150000000001455, 5940673.724999999627471 ], [ 26220.150000000001455, 5940673.799999999813735 ], [ 26220.0, 5940673.799999999813735 ], [ 26220.0, 5940673.875 ], [ 26219.925, 5940673.875 ], [ 26219.925, 5940673.950000000186265 ], [ 26219.849999999998545, 5940673.950000000186265 ], [ 26219.849999999998545, 5940674.025000000372529 ], [ 26219.775000000001455, 5940674.025000000372529 ], [ 26219.775000000001455, 5940674.099999999627471 ], [ 26219.7, 5940674.099999999627471 ], [ 26219.7, 5940674.174999999813735 ], [ 26219.55, 5940674.174999999813735 ], [ 26219.55, 5940674.25 ], [ 26219.474999999998545, 5940674.25 ], [ 26219.474999999998545, 5940674.325000000186265 ], [ 26219.400000000001455, 5940674.325000000186265 ], [ 26219.400000000001455, 5940674.400000000372529 ], [ 26219.25, 5940674.400000000372529 ], [ 26219.25, 5940674.474999999627471 ], [ 26219.175, 5940674.474999999627471 ], [ 26219.175, 5940674.549999999813735 ], [ 26219.099999999998545, 5940674.549999999813735 ], [ 26219.099999999998545, 5940674.625 ], [ 26219.025000000001455, 5940674.625 ], [ 26219.025000000001455, 5940674.700000000186265 ], [ 26218.95, 5940674.700000000186265 ], [ 26218.95, 5940674.775000000372529 ], [ 26218.875, 5940674.775000000372529 ], [ 26218.875, 5940674.849999999627471 ], [ 26218.8, 5940674.849999999627471 ], [ 26218.8, 5940674.924999999813735 ], [ 26218.724999999998545, 5940674.924999999813735 ], [ 26218.724999999998545, 5940675.0 ], [ 26218.650000000001455, 5940675.0 ], [ 26218.650000000001455, 5940675.075000000186265 ], [ 26218.575, 5940675.075000000186265 ], [ 26218.575, 5940675.224999999627471 ], [ 26218.5, 5940675.224999999627471 ], [ 26218.5, 5940675.299999999813735 ], [ 26218.425, 5940675.299999999813735 ], [ 26218.425, 5940675.375 ], [ 26218.349999999998545, 5940675.375 ], [ 26218.349999999998545, 5940675.525000000372529 ], [ 26218.275000000001455, 5940675.525000000372529 ], [ 26218.275000000001455, 5940675.599999999627471 ], [ 26218.2, 5940675.599999999627471 ], [ 26218.2, 5940675.75 ], [ 26218.125, 5940675.75 ], [ 26218.125, 5940675.900000000372529 ], [ 26218.05, 5940675.900000000372529 ], [ 26218.05, 5940676.049999999813735 ], [ 26217.974999999998545, 5940676.049999999813735 ], [ 26217.974999999998545, 5940676.200000000186265 ], [ 26217.900000000001455, 5940676.200000000186265 ], [ 26217.900000000001455, 5940676.349999999627471 ], [ 26217.825, 5940676.349999999627471 ], [ 26217.825, 5940676.5 ], [ 26217.75, 5940676.5 ], [ 26217.75, 5940676.650000000372529 ], [ 26217.675, 5940676.650000000372529 ], [ 26217.675, 5940676.724999999627471 ], [ 26217.599999999998545, 5940676.724999999627471 ], [ 26217.599999999998545, 5940676.875 ], [ 26217.525000000001455, 5940676.875 ], [ 26217.525000000001455, 5940677.025000000372529 ], [ 26217.45, 5940677.025000000372529 ], [ 26217.45, 5940677.174999999813735 ], [ 26217.375, 5940677.174999999813735 ], [ 26217.375, 5940677.325000000186265 ], [ 26217.3, 5940677.325000000186265 ], [ 26217.3, 5940677.400000000372529 ], [ 26217.224999999998545, 5940677.400000000372529 ], [ 26217.224999999998545, 5940677.549999999813735 ], [ 26217.150000000001455, 5940677.549999999813735 ], [ 26217.150000000001455, 5940677.700000000186265 ], [ 26217.075, 5940677.700000000186265 ], [ 26217.075, 5940677.924999999813735 ], [ 26217.0, 5940677.924999999813735 ], [ 26217.0, 5940678.150000000372529 ], [ 26216.925, 5940678.150000000372529 ], [ 26216.925, 5940678.375 ], [ 26216.849999999998545, 5940678.375 ], [ 26216.849999999998545, 5940678.599999999627471 ], [ 26216.775000000001455, 5940678.599999999627471 ], [ 26216.775000000001455, 5940678.825000000186265 ], [ 26216.7, 5940678.825000000186265 ], [ 26216.7, 5940679.125 ], [ 26216.625, 5940679.125 ], [ 26216.625, 5940679.349999999627471 ], [ 26216.55, 5940679.349999999627471 ], [ 26216.55, 5940679.575000000186265 ], [ 26216.474999999998545, 5940679.575000000186265 ], [ 26216.474999999998545, 5940679.875 ], [ 26216.400000000001455, 5940679.875 ], [ 26216.400000000001455, 5940680.099999999627471 ], [ 26216.325, 5940680.099999999627471 ], [ 26216.325, 5940680.325000000186265 ], [ 26216.25, 5940680.325000000186265 ], [ 26216.25, 5940680.549999999813735 ], [ 26216.175, 5940680.549999999813735 ], [ 26216.175, 5940680.775000000372529 ], [ 26216.099999999998545, 5940680.775000000372529 ], [ 26216.099999999998545, 5940681.0 ], [ 26216.025000000001455, 5940681.0 ], [ 26216.025000000001455, 5940681.299999999813735 ], [ 26215.95, 5940681.299999999813735 ], [ 26215.95, 5940681.525000000372529 ], [ 26215.875, 5940681.525000000372529 ], [ 26215.875, 5940681.674999999813735 ], [ 26215.8, 5940681.674999999813735 ], [ 26215.8, 5940681.900000000372529 ], [ 26215.724999999998545, 5940681.900000000372529 ], [ 26215.724999999998545, 5940682.049999999813735 ], [ 26215.650000000001455, 5940682.049999999813735 ], [ 26215.650000000001455, 5940682.200000000186265 ], [ 26215.575, 5940682.200000000186265 ], [ 26215.575, 5940682.424999999813735 ], [ 26215.5, 5940682.424999999813735 ], [ 26215.5, 5940682.575000000186265 ], [ 26215.425, 5940682.575000000186265 ], [ 26215.425, 5940682.724999999627471 ], [ 26215.349999999998545, 5940682.724999999627471 ], [ 26215.349999999998545, 5940682.875 ], [ 26215.275000000001455, 5940682.875 ], [ 26215.275000000001455, 5940683.025000000372529 ], [ 26215.2, 5940683.025000000372529 ], [ 26215.2, 5940683.099999999627471 ], [ 26215.125, 5940683.099999999627471 ], [ 26215.125, 5940683.25 ], [ 26215.05, 5940683.25 ], [ 26215.05, 5940683.400000000372529 ], [ 26214.974999999998545, 5940683.400000000372529 ], [ 26214.974999999998545, 5940683.549999999813735 ], [ 26214.900000000001455, 5940683.549999999813735 ], [ 26214.900000000001455, 5940683.700000000186265 ], [ 26214.825, 5940683.700000000186265 ], [ 26214.825, 5940683.849999999627471 ], [ 26214.75, 5940683.849999999627471 ], [ 26214.75, 5940684.0 ], [ 26214.675, 5940684.0 ], [ 26214.675, 5940684.150000000372529 ], [ 26214.599999999998545, 5940684.150000000372529 ], [ 26214.599999999998545, 5940684.299999999813735 ], [ 26214.525000000001455, 5940684.299999999813735 ], [ 26214.525000000001455, 5940684.450000000186265 ], [ 26214.45, 5940684.450000000186265 ], [ 26214.45, 5940684.599999999627471 ], [ 26214.375, 5940684.599999999627471 ], [ 26214.375, 5940684.75 ], [ 26214.3, 5940684.75 ], [ 26214.3, 5940684.974999999627471 ], [ 26214.224999999998545, 5940684.974999999627471 ], [ 26214.224999999998545, 5940685.125 ], [ 26214.150000000001455, 5940685.125 ], [ 26214.150000000001455, 5940685.275000000372529 ], [ 26214.075, 5940685.275000000372529 ], [ 26214.075, 5940685.424999999813735 ], [ 26214.0, 5940685.424999999813735 ], [ 26214.0, 5940685.650000000372529 ], [ 26213.925, 5940685.650000000372529 ], [ 26213.925, 5940685.799999999813735 ], [ 26213.849999999998545, 5940685.799999999813735 ], [ 26213.849999999998545, 5940686.025000000372529 ], [ 26213.775000000001455, 5940686.025000000372529 ], [ 26213.775000000001455, 5940686.174999999813735 ], [ 26213.7, 5940686.174999999813735 ], [ 26213.7, 5940686.400000000372529 ], [ 26213.625, 5940686.400000000372529 ], [ 26213.625, 5940686.549999999813735 ], [ 26213.55, 5940686.549999999813735 ], [ 26213.55, 5940686.700000000186265 ], [ 26213.474999999998545, 5940686.700000000186265 ], [ 26213.474999999998545, 5940686.924999999813735 ], [ 26213.400000000001455, 5940686.924999999813735 ], [ 26213.400000000001455, 5940687.075000000186265 ], [ 26213.325, 5940687.075000000186265 ], [ 26213.325, 5940687.224999999627471 ], [ 26213.25, 5940687.224999999627471 ], [ 26213.25, 5940687.375 ], [ 26213.175, 5940687.375 ], [ 26213.175, 5940687.525000000372529 ], [ 26213.099999999998545, 5940687.525000000372529 ], [ 26213.099999999998545, 5940687.674999999813735 ], [ 26213.025000000001455, 5940687.674999999813735 ], [ 26213.025000000001455, 5940687.825000000186265 ], [ 26212.95, 5940687.825000000186265 ], [ 26212.95, 5940687.974999999627471 ], [ 26212.875, 5940687.974999999627471 ], [ 26212.875, 5940688.200000000186265 ], [ 26212.8, 5940688.200000000186265 ], [ 26212.8, 5940688.349999999627471 ], [ 26212.724999999998545, 5940688.349999999627471 ], [ 26212.724999999998545, 5940688.5 ], [ 26212.650000000001455, 5940688.5 ], [ 26212.650000000001455, 5940688.724999999627471 ], [ 26212.575, 5940688.724999999627471 ], [ 26212.575, 5940688.875 ], [ 26212.5, 5940688.875 ], [ 26212.5, 5940689.099999999627471 ], [ 26212.425, 5940689.099999999627471 ], [ 26212.425, 5940689.25 ], [ 26212.349999999998545, 5940689.25 ], [ 26212.349999999998545, 5940689.474999999627471 ], [ 26212.275000000001455, 5940689.474999999627471 ], [ 26212.275000000001455, 5940689.700000000186265 ], [ 26212.2, 5940689.700000000186265 ], [ 26212.2, 5940689.849999999627471 ], [ 26212.125, 5940689.849999999627471 ], [ 26212.125, 5940690.075000000186265 ], [ 26212.05, 5940690.075000000186265 ], [ 26212.05, 5940690.299999999813735 ], [ 26211.974999999998545, 5940690.299999999813735 ], [ 26211.974999999998545, 5940690.450000000186265 ], [ 26211.900000000001455, 5940690.450000000186265 ], [ 26211.900000000001455, 5940690.674999999813735 ], [ 26211.825, 5940690.674999999813735 ], [ 26211.825, 5940690.900000000372529 ], [ 26211.75, 5940690.900000000372529 ], [ 26211.75, 5940691.049999999813735 ], [ 26211.675, 5940691.049999999813735 ], [ 26211.675, 5940691.275000000372529 ], [ 26211.599999999998545, 5940691.275000000372529 ], [ 26211.599999999998545, 5940691.650000000372529 ], [ 26211.525000000001455, 5940691.650000000372529 ], [ 26211.525000000001455, 5940692.099999999627471 ], [ 26211.45, 5940692.099999999627471 ], [ 26211.45, 5940692.549999999813735 ], [ 26211.375, 5940692.549999999813735 ], [ 26211.375, 5940693.0 ], [ 26211.3, 5940693.0 ], [ 26211.3, 5940693.75 ], [ 26211.375, 5940693.75 ], [ 26211.375, 5940694.724999999627471 ], [ 26211.45, 5940694.724999999627471 ], [ 26211.45, 5940695.700000000186265 ], [ 26211.525000000001455, 5940695.700000000186265 ], [ 26211.525000000001455, 5940696.825000000186265 ], [ 26211.599999999998545, 5940696.825000000186265 ], [ 26211.599999999998545, 5940698.099999999627471 ], [ 26211.675, 5940698.099999999627471 ], [ 26211.675, 5940699.599999999627471 ], [ 26211.599999999998545, 5940699.599999999627471 ], [ 26211.599999999998545, 5940700.125 ], [ 26211.525000000001455, 5940700.125 ], [ 26211.525000000001455, 5940700.650000000372529 ], [ 26211.45, 5940700.650000000372529 ], [ 26211.45, 5940701.099999999627471 ], [ 26211.375, 5940701.099999999627471 ], [ 26211.375, 5940701.400000000372529 ], [ 26211.3, 5940701.400000000372529 ], [ 26211.3, 5940701.625 ], [ 26211.224999999998545, 5940701.625 ], [ 26211.224999999998545, 5940701.849999999627471 ], [ 26211.150000000001455, 5940701.849999999627471 ], [ 26211.150000000001455, 5940702.075000000186265 ], [ 26211.075, 5940702.075000000186265 ], [ 26211.075, 5940702.299999999813735 ], [ 26211.0, 5940702.299999999813735 ], [ 26211.0, 5940702.450000000186265 ], [ 26210.925, 5940702.450000000186265 ], [ 26210.925, 5940702.674999999813735 ], [ 26210.849999999998545, 5940702.674999999813735 ], [ 26210.849999999998545, 5940702.900000000372529 ], [ 26210.775000000001455, 5940702.900000000372529 ], [ 26210.775000000001455, 5940703.125 ], [ 26210.7, 5940703.125 ], [ 26210.7, 5940703.349999999627471 ], [ 26210.625, 5940703.349999999627471 ], [ 26210.625, 5940703.575000000186265 ], [ 26210.55, 5940703.575000000186265 ], [ 26210.55, 5940703.724999999627471 ], [ 26210.474999999998545, 5940703.724999999627471 ], [ 26210.474999999998545, 5940703.950000000186265 ], [ 26210.400000000001455, 5940703.950000000186265 ], [ 26210.400000000001455, 5940704.099999999627471 ], [ 26210.325, 5940704.099999999627471 ], [ 26210.325, 5940704.174999999813735 ], [ 26210.25, 5940704.174999999813735 ], [ 26210.25, 5940704.25 ], [ 26210.175, 5940704.25 ], [ 26210.175, 5940704.325000000186265 ], [ 26210.099999999998545, 5940704.325000000186265 ], [ 26210.099999999998545, 5940704.400000000372529 ], [ 26209.95, 5940704.400000000372529 ], [ 26209.95, 5940704.474999999627471 ], [ 26209.8, 5940704.474999999627471 ], [ 26209.8, 5940704.549999999813735 ], [ 26209.650000000001455, 5940704.549999999813735 ], [ 26209.650000000001455, 5940704.625 ], [ 26209.5, 5940704.625 ], [ 26209.5, 5940704.700000000186265 ], [ 26209.349999999998545, 5940704.700000000186265 ], [ 26209.349999999998545, 5940704.775000000372529 ], [ 26209.275000000001455, 5940704.775000000372529 ], [ 26209.275000000001455, 5940704.849999999627471 ], [ 26209.2, 5940704.849999999627471 ], [ 26209.2, 5940704.924999999813735 ], [ 26209.125, 5940704.924999999813735 ], [ 26209.125, 5940705.0 ], [ 26209.05, 5940705.0 ], [ 26209.05, 5940705.075000000186265 ], [ 26208.974999999998545, 5940705.075000000186265 ], [ 26208.974999999998545, 5940705.150000000372529 ], [ 26208.900000000001455, 5940705.150000000372529 ], [ 26208.900000000001455, 5940705.224999999627471 ], [ 26208.825, 5940705.224999999627471 ], [ 26208.825, 5940705.299999999813735 ], [ 26208.75, 5940705.299999999813735 ], [ 26208.75, 5940705.375 ], [ 26208.675, 5940705.375 ], [ 26208.675, 5940705.450000000186265 ], [ 26208.599999999998545, 5940705.450000000186265 ], [ 26208.599999999998545, 5940705.525000000372529 ], [ 26208.45, 5940705.525000000372529 ], [ 26208.45, 5940705.599999999627471 ], [ 26208.375, 5940705.599999999627471 ], [ 26208.375, 5940705.674999999813735 ], [ 26208.3, 5940705.674999999813735 ], [ 26208.3, 5940705.75 ], [ 26208.150000000001455, 5940705.75 ], [ 26208.150000000001455, 5940705.825000000186265 ], [ 26208.075, 5940705.825000000186265 ], [ 26208.075, 5940705.900000000372529 ], [ 26207.925, 5940705.900000000372529 ], [ 26207.925, 5940705.974999999627471 ], [ 26207.7, 5940705.974999999627471 ], [ 26207.7, 5940706.049999999813735 ], [ 26207.55, 5940706.049999999813735 ], [ 26207.55, 5940706.125 ], [ 26207.325, 5940706.125 ], [ 26207.325, 5940706.200000000186265 ], [ 26207.099999999998545, 5940706.200000000186265 ], [ 26207.099999999998545, 5940706.275000000372529 ], [ 26206.875, 5940706.275000000372529 ], [ 26206.875, 5940706.349999999627471 ], [ 26206.575, 5940706.349999999627471 ], [ 26206.575, 5940706.424999999813735 ], [ 26206.275000000001455, 5940706.424999999813735 ], [ 26206.275000000001455, 5940706.5 ], [ 26205.974999999998545, 5940706.5 ], [ 26205.974999999998545, 5940706.575000000186265 ], [ 26205.599999999998545, 5940706.575000000186265 ], [ 26205.599999999998545, 5940706.650000000372529 ], [ 26205.224999999998545, 5940706.650000000372529 ], [ 26205.224999999998545, 5940706.724999999627471 ], [ 26204.925, 5940706.724999999627471 ], [ 26204.925, 5940706.799999999813735 ], [ 26204.625, 5940706.799999999813735 ], [ 26204.625, 5940706.875 ], [ 26204.325, 5940706.875 ], [ 26204.325, 5940706.950000000186265 ], [ 26204.099999999998545, 5940706.950000000186265 ], [ 26204.099999999998545, 5940707.025000000372529 ], [ 26203.875, 5940707.025000000372529 ], [ 26203.875, 5940707.099999999627471 ], [ 26203.650000000001455, 5940707.099999999627471 ], [ 26203.650000000001455, 5940707.174999999813735 ], [ 26203.425, 5940707.174999999813735 ], [ 26203.425, 5940707.25 ], [ 26203.275000000001455, 5940707.25 ], [ 26203.275000000001455, 5940707.325000000186265 ], [ 26203.2, 5940707.325000000186265 ], [ 26203.2, 5940707.400000000372529 ], [ 26202.974999999998545, 5940707.400000000372529 ], [ 26202.974999999998545, 5940707.474999999627471 ], [ 26202.825, 5940707.474999999627471 ], [ 26202.825, 5940707.549999999813735 ], [ 26202.675, 5940707.549999999813735 ], [ 26202.675, 5940707.625 ], [ 26202.525000000001455, 5940707.625 ], [ 26202.525000000001455, 5940707.700000000186265 ], [ 26202.3, 5940707.700000000186265 ], [ 26202.3, 5940707.775000000372529 ], [ 26202.075, 5940707.775000000372529 ], [ 26202.075, 5940707.849999999627471 ], [ 26201.849999999998545, 5940707.849999999627471 ], [ 26201.849999999998545, 5940707.924999999813735 ], [ 26201.625, 5940707.924999999813735 ], [ 26201.625, 5940708.0 ], [ 26201.474999999998545, 5940708.0 ], [ 26201.474999999998545, 5940708.075000000186265 ], [ 26201.325, 5940708.075000000186265 ], [ 26201.325, 5940708.150000000372529 ], [ 26201.175, 5940708.150000000372529 ], [ 26201.175, 5940708.224999999627471 ], [ 26201.025000000001455, 5940708.224999999627471 ], [ 26201.025000000001455, 5940708.299999999813735 ], [ 26200.875, 5940708.299999999813735 ], [ 26200.875, 5940708.375 ], [ 26200.724999999998545, 5940708.375 ], [ 26200.724999999998545, 5940708.450000000186265 ], [ 26200.575, 5940708.450000000186265 ], [ 26200.575, 5940708.525000000372529 ], [ 26200.425, 5940708.525000000372529 ], [ 26200.425, 5940708.599999999627471 ], [ 26200.275000000001455, 5940708.599999999627471 ], [ 26200.275000000001455, 5940708.674999999813735 ], [ 26200.125, 5940708.674999999813735 ], [ 26200.125, 5940708.75 ], [ 26200.05, 5940708.75 ], [ 26200.05, 5940708.825000000186265 ], [ 26199.900000000001455, 5940708.825000000186265 ], [ 26199.900000000001455, 5940708.900000000372529 ], [ 26199.825, 5940708.900000000372529 ], [ 26199.825, 5940708.974999999627471 ], [ 26199.75, 5940708.974999999627471 ], [ 26199.75, 5940709.125 ], [ 26199.675, 5940709.125 ], [ 26199.675, 5940709.200000000186265 ], [ 26199.599999999998545, 5940709.200000000186265 ], [ 26199.599999999998545, 5940709.349999999627471 ], [ 26199.45, 5940709.349999999627471 ], [ 26199.45, 5940709.424999999813735 ], [ 26199.3, 5940709.424999999813735 ], [ 26199.3, 5940709.5 ], [ 26199.150000000001455, 5940709.5 ], [ 26199.150000000001455, 5940709.575000000186265 ], [ 26199.0, 5940709.575000000186265 ], [ 26199.0, 5940709.650000000372529 ], [ 26198.775000000001455, 5940709.650000000372529 ], [ 26198.775000000001455, 5940709.724999999627471 ], [ 26198.55, 5940709.724999999627471 ], [ 26198.55, 5940709.799999999813735 ], [ 26198.325, 5940709.799999999813735 ], [ 26198.325, 5940709.875 ], [ 26198.099999999998545, 5940709.875 ], [ 26198.099999999998545, 5940709.950000000186265 ], [ 26197.8, 5940709.950000000186265 ], [ 26197.8, 5940710.025000000372529 ], [ 26197.425, 5940710.025000000372529 ], [ 26197.425, 5940710.099999999627471 ], [ 26197.125, 5940710.099999999627471 ], [ 26197.125, 5940710.174999999813735 ], [ 26196.825, 5940710.174999999813735 ], [ 26196.825, 5940710.25 ], [ 26196.45, 5940710.25 ], [ 26196.45, 5940710.325000000186265 ], [ 26196.150000000001455, 5940710.325000000186265 ], [ 26196.150000000001455, 5940710.400000000372529 ], [ 26195.775000000001455, 5940710.400000000372529 ], [ 26195.775000000001455, 5940710.474999999627471 ], [ 26195.175, 5940710.474999999627471 ], [ 26195.175, 5940710.549999999813735 ], [ 26194.650000000001455, 5940710.549999999813735 ], [ 26194.650000000001455, 5940710.625 ], [ 26194.125, 5940710.625 ], [ 26194.125, 5940710.700000000186265 ], [ 26187.599999999998545, 5940710.700000000186265 ], [ 26187.599999999998545, 5940710.775000000372529 ], [ 26183.325, 5940710.775000000372529 ], [ 26183.325, 5940710.849999999627471 ], [ 26177.925, 5940710.849999999627471 ], [ 26177.925, 5940710.924999999813735 ], [ 26176.724999999998545, 5940710.924999999813735 ], [ 26176.724999999998545, 5940711.0 ], [ 26175.375, 5940711.0 ], [ 26175.375, 5940711.075000000186265 ], [ 26173.8, 5940711.075000000186265 ], [ 26173.8, 5940711.150000000372529 ], [ 26168.325, 5940711.150000000372529 ] ] ] } },
{ "type": "Feature", "properties": { "value": 1.0, "building_id": 13, "area": 3939.4631249966915 }, "geometry": { "type": "Polygon", "coordinates": [ [ [ 26373.224999999998545, 5940640.200000000186265 ], [ 26373.224999999998545, 5940640.125 ], [ 26372.849999999998545, 5940640.125 ], [ 26372.849999999998545, 5940640.049999999813735 ], [ 26372.474999999998545, 5940640.049999999813735 ], [ 26372.474999999998545, 5940639.974999999627471 ], [ 26372.175, 5940639.974999999627471 ], [ 26372.175, 5940639.900000000372529 ], [ 26371.95, 5940639.900000000372529 ], [ 26371.95, 5940639.825000000186265 ], [ 26371.650000000001455, 5940639.825000000186265 ], [ 26371.650000000001455, 5940639.674999999813735 ], [ 26371.575, 5940639.674999999813735 ], [ 26371.575, 5940639.599999999627471 ], [ 26371.5, 5940639.599999999627471 ], [ 26371.5, 5940639.525000000372529 ], [ 26371.425, 5940639.525000000372529 ], [ 26371.425, 5940639.375 ], [ 26371.349999999998545, 5940639.375 ], [ 26371.349999999998545, 5940639.224999999627471 ], [ 26371.275000000001455, 5940639.224999999627471 ], [ 26371.275000000001455, 5940639.075000000186265 ], [ 26371.2, 5940639.075000000186265 ], [ 26371.2, 5940638.924999999813735 ], [ 26371.125, 5940638.924999999813735 ], [ 26371.125, 5940638.700000000186265 ], [ 26371.05, 5940638.700000000186265 ], [ 26371.05, 5940638.549999999813735 ], [ 26370.974999999998545, 5940638.549999999813735 ], [ 26370.974999999998545, 5940638.400000000372529 ], [ 26370.900000000001455, 5940638.400000000372529 ], [ 26370.900000000001455, 5940638.25 ], [ 26370.825, 5940638.25 ], [ 26370.825, 5940638.099999999627471 ], [ 26370.75, 5940638.099999999627471 ], [ 26370.75, 5940637.950000000186265 ], [ 26370.675, 5940637.950000000186265 ], [ 26370.675, 5940637.799999999813735 ], [ 26370.599999999998545, 5940637.799999999813735 ], [ 26370.599999999998545, 5940637.650000000372529 ], [ 26370.525000000001455, 5940637.650000000372529 ], [ 26370.525000000001455, 5940637.424999999813735 ], [ 26370.45, 5940637.424999999813735 ], [ 26370.45, 5940637.275000000372529 ], [ 26370.375, 5940637.275000000372529 ], [ 26370.375, 5940637.049999999813735 ], [ 26370.3, 5940637.049999999813735 ], [ 26370.3, 5940636.825000000186265 ], [ 26370.224999999998545, 5940636.825000000186265 ], [ 26370.224999999998545, 5940636.674999999813735 ], [ 26370.150000000001455, 5940636.674999999813735 ], [ 26370.150000000001455, 5940636.450000000186265 ], [ 26370.075, 5940636.450000000186265 ], [ 26370.075, 5940636.299999999813735 ], [ 26370.0, 5940636.299999999813735 ], [ 26370.0, 5940636.150000000372529 ], [ 26369.925, 5940636.150000000372529 ], [ 26369.925, 5940635.924999999813735 ], [ 26369.849999999998545, 5940635.924999999813735 ], [ 26369.849999999998545, 5940635.775000000372529 ], [ 26369.775000000001455, 5940635.775000000372529 ], [ 26369.775000000001455, 5940635.625 ], [ 26369.7, 5940635.625 ], [ 26369.7, 5940635.549999999813735 ], [ 26369.625, 5940635.549999999813735 ], [ 26369.625, 5940635.400000000372529 ], [ 26369.55, 5940635.400000000372529 ], [ 26369.55, 5940635.25 ], [ 26369.474999999998545, 5940635.25 ], [ 26369.474999999998545, 5940635.099999999627471 ], [ 26369.400000000001455, 5940635.099999999627471 ], [ 26369.400000000001455, 5940634.875 ], [ 26369.325, 5940634.875 ], [ 26369.325, 5940634.724999999627471 ], [ 26369.25, 5940634.724999999627471 ], [ 26369.25, 5940634.5 ], [ 26369.175, 5940634.5 ], [ 26369.175, 5940634.200000000186265 ], [ 26369.099999999998545, 5940634.200000000186265 ], [ 26369.099999999998545, 5940633.974999999627471 ], [ 26369.025000000001455, 5940633.974999999627471 ], [ 26369.025000000001455, 5940633.674999999813735 ], [ 26368.95, 5940633.674999999813735 ], [ 26368.95, 5940633.375 ], [ 26368.875, 5940633.375 ], [ 26368.875, 5940633.0 ], [ 26368.8, 5940633.0 ], [ 26368.8, 5940632.700000000186265 ], [ 26368.724999999998545, 5940632.700000000186265 ], [ 26368.724999999998545, 5940632.174999999813735 ], [ 26368.650000000001455, 5940632.174999999813735 ], [ 26368.650000000001455, 5940631.650000000372529 ], [ 26368.575, 5940631.650000000372529 ], [ 26368.575, 5940631.200000000186265 ], [ 26368.5, 5940631.200000000186265 ], [ 26368.5, 5940630.525000000372529 ], [ 26368.425, 5940630.525000000372529 ], [ 26368.425, 5940629.700000000186265 ], [ 26368.349999999998545, 5940629.700000000186265 ], [ 26368.349999999998545, 5940628.875 ], [ 26368.275000000001455, 5940628.875 ], [ 26368.275000000001455, 5940627.674999999813735 ], [ 26368.2, 5940627.674999999813735 ], [ 26368.2, 5940626.474999999627471 ], [ 26368.125, 5940626.474999999627471 ], [ 26368.125, 5940625.424999999813735 ], [ 26368.05, 5940625.424999999813735 ], [ 26368.05, 5940624.375 ], [ 26367.974999999998545, 5940624.375 ], [ 26367.974999999998545, 5940623.474999999627471 ], [ 26367.900000000001455, 5940623.474999999627471 ], [ 26367.900000000001455, 5940622.575000000186265 ], [ 26367.825, 5940622.575000000186265 ], [ 26367.825, 5940621.75 ], [ 26367.75, 5940621.75 ], [ 26367.75, 5940621.0 ], [ 26367.675, 5940621.0 ], [ 26367.675, 5940620.174999999813735 ], [ 26367.599999999998545, 5940620.174999999813735 ], [ 26367.599999999998545, 5940619.424999999813735 ], [ 26367.525000000001455, 5940619.424999999813735 ], [ 26367.525000000001455, 5940618.674999999813735 ], [ 26367.45, 5940618.674999999813735 ], [ 26367.45, 5940617.849999999627471 ], [ 26367.375, 5940617.849999999627471 ], [ 26367.375, 5940616.950000000186265 ], [ 26367.3, 5940616.950000000186265 ], [ 26367.3, 5940616.049999999813735 ], [ 26367.224999999998545, 5940616.049999999813735 ], [ 26367.224999999998545, 5940614.924999999813735 ], [ 26367.150000000001455, 5940614.924999999813735 ], [ 26367.150000000001455, 5940610.950000000186265 ], [ 26367.075, 5940610.950000000186265 ], [ 26367.075, 5940598.575000000186265 ], [ 26367.150000000001455, 5940598.575000000186265 ], [ 26367.150000000001455, 5940596.400000000372529 ], [ 26367.224999999998545, 5940596.400000000372529 ], [ 26367.224999999998545, 5940594.974999999627471 ], [ 26367.3, 5940594.974999999627471 ], [ 26367.3, 5940593.549999999813735 ], [ 26367.375, 5940593.549999999813735 ], [ 26367.375, 5940592.275000000372529 ], [ 26367.45, 5940592.275000000372529 ], [ 26367.45, 5940591.075000000186265 ], [ 26367.525000000001455, 5940591.075000000186265 ], [ 26367.525000000001455, 5940590.025000000372529 ], [ 26367.599999999998545, 5940590.025000000372529 ], [ 26367.599999999998545, 5940588.299999999813735 ], [ 26367.675, 5940588.299999999813735 ], [ 26367.675, 5940586.049999999813735 ], [ 26367.75, 5940586.049999999813735 ], [ 26367.75, 5940579.0 ], [ 26433.0, 5940579.0 ], [ 26433.0, 5940639.674999999813735 ], [ 26427.825, 5940639.674999999813735 ], [ 26427.825, 5940639.599999999627471 ], [ 26424.375, 5940639.599999999627471 ], [ 26424.375, 5940639.525000000372529 ], [ 26421.375, 5940639.525000000372529 ], [ 26421.375, 5940639.450000000186265 ], [ 26416.8, 5940639.450000000186265 ], [ 26416.8, 5940639.375 ], [ 26411.099999999998545, 5940639.375 ], [ 26411.099999999998545, 5940639.299999999813735 ], [ 26403.900000000001455, 5940639.299999999813735 ], [ 26403.900000000001455, 5940639.224999999627471 ], [ 26399.025000000001455, 5940639.224999999627471 ], [ 26399.025000000001455, 5940639.150000000372529 ], [ 26395.8, 5940639.150000000372529 ], [ 26395.8, 5940639.224999999627471 ], [ 26388.150000000001455, 5940639.224999999627471 ], [ 26388.150000000001455, 5940639.150000000372529 ], [ 26385.675, 5940639.150000000372529 ], [ 26385.675, 5940639.075000000186265 ], [ 26383.275000000001455, 5940639.075000000186265 ], [ 26383.275000000001455, 5940639.0 ], [ 26383.2, 5940639.0 ], [ 26383.2, 5940639.075000000186265 ], [ 26382.375, 5940639.075000000186265 ], [ 26382.375, 5940639.150000000372529 ], [ 26381.55, 5940639.150000000372529 ], [ 26381.55, 5940639.224999999627471 ], [ 26381.025000000001455, 5940639.224999999627471 ], [ 26381.025000000001455, 5940639.299999999813735 ], [ 26380.575, 5940639.299999999813735 ], [ 26380.575, 5940639.375 ], [ 26380.125, 5940639.375 ], [ 26380.125, 5940639.450000000186265 ], [ 26379.675, 5940639.450000000186265 ], [ 26379.675, 5940639.525000000372529 ], [ 26379.224999999998545, 5940639.525000000372529 ], [ 26379.224999999998545, 5940639.599999999627471 ], [ 26378.775000000001455, 5940639.599999999627471 ], [ 26378.775000000001455, 5940639.674999999813735 ], [ 26378.25, 5940639.674999999813735 ], [ 26378.25, 5940639.75 ], [ 26377.724999999998545, 5940639.75 ], [ 26377.724999999998545, 5940639.825000000186265 ], [ 26377.275000000001455, 5940639.825000000186265 ], [ 26377.275000000001455, 5940639.900000000372529 ], [ 26376.825, 5940639.900000000372529 ], [ 26376.825, 5940639.974999999627471 ], [ 26376.375, 5940639.974999999627471 ], [ 26376.375, 5940640.049999999813735 ], [ 26375.925, 5940640.049999999813735 ], [ 26375.925, 5940640.125 ], [ 26375.55, 5940640.125 ], [ 26375.55, 5940640.200000000186265 ], [ 26373.224999999998545, 5940640.200000000186265 ] ] ] } }
]
}
