{
"type": "FeatureCollection",
"name": "40683E591957N_buildings",
"crs": { "type": "name", "properties": { "name": "urn:ogc:def:crs:EPSG::3776" } },
"features": [
{ "type": "Feature", "properties": { "value": 1.0, "building_id": 0, "area": 263.84062500035054 }, "geometry": { "type": "Polygon", "coordinates": [ [ [ 41351.69999999999709, 5919808.275000000372529 ], [ 41351.69999999999709, 5919808.200000000186265 ], [ 41349.900000000001455, 5919808.200000000186265 ], [ 41349.900000000001455, 5919808.125 ], [ 41349.75, 5919808.125 ], [ 41349.75, 5919808.049999999813735 ], [ 41349.599999999998545, 5919808.049999999813735 ], [ 41349.599999999998545, 5919807.974999999627471 ], [ 41349.44999999999709, 5919807.974999999627471 ], [ 41349.44999999999709, 5919807.900000000372529 ], [ 41349.30000000000291, 5919807.900000000372529 ], [ 41349.30000000000291, 5919807.825000000186265 ], [ 41349.224999999998545, 5919807.825000000186265 ], [ 41349.224999999998545, 5919807.75 ], [ 41349.07499999999709, 5919807.75 ], [ 41349.07499999999709, 5919807.674999999813735 ], [ 41348.92500000000291, 5919807.674999999813735 ], [ 41348.92500000000291, 5919807.599999999627471 ], [ 41348.775000000001455, 5919807.599999999627471 ], [ 41348.775000000001455, 5919807.525000000372529 ], [ 41348.69999999999709, 5919807.525000000372529 ], [ 41348.69999999999709, 5919807.450000000186265 ], [ 41348.55000000000291, 5919807.450000000186265 ], [ 41348.55000000000291, 5919807.375 ], [ 41348.474999999998545, 5919807.375 ], [ 41348.474999999998545, 5919807.299999999813735 ], [ 41348.32499999999709, 5919807.299999999813735 ], [ 41348.32499999999709, 5919807.224999999627471 ], [ 41348.25, 5919807.224999999627471 ], [ 41348.25, 5919807.150000000372529 ], [ 41348.099999999998545, 5919807.150000000372529 ], [ 41348.099999999998545, 5919807.075000000186265 ], [ 41348.025000000001455, 5919807.075000000186265 ], [ 41348.025000000001455, 5919807.0 ], [ 41347.94999999999709, 5919807.0 ], [ 41347.94999999999709, 5919806.924999999813735 ], [ 41347.875, 5919806.924999999813735 ], [ 41347.875, 5919806.849999999627471 ], [ 41347.80000000000291, 5919806.849999999627471 ], [ 41347.80000000000291, 5919806.775000000372529 ], [ 41347.724999999998545, 5919806.775000000372529 ], [ 41347.724999999998545, 5919806.700000000186265 ], [ 41347.650000000001455, 5919806.700000000186265 ], [ 41347.650000000001455, 5919806.625 ], [ 41347.57499999999709, 5919806.625 ], [ 41347.57499999999709, 5919806.549999999813735 ], [ 41347.5, 5919806.549999999813735 ], [ 41347.5, 5919806.400000000372529 ], [ 41347.42500000000291, 5919806.400000000372529 ], [ 41347.42500000000291, 5919806.325000000186265 ], [ 41347.349999999998545, 5919806.325000000186265 ], [ 41347.349999999998545, 5919806.174999999813735 ], [ 41347.275000000001455, 5919806.174999999813735 ], [ 41347.275000000001455, 5919806.099999999627471 ], [ 41347.19999999999709, 5919806.099999999627471 ], [ 41347.19999999999709, 5919805.950000000186265 ], [ 41347.125, 5919805.950000000186265 ], [ 41347.125, 5919805.799999999813735 ], [ 41347.05000000000291, 5919805.799999999813735 ], [ 41347.05000000000291, 5919805.724999999627471 ], [ 41346.974999999998545, 5919805.724999999627471 ], [ 41346.974999999998545, 5919805.575000000186265 ], [ 41346.900000000001455, 5919805.575000000186265 ], [ 41346.900000000001455, 5919805.5 ], [ 41346.82499999999709, 5919805.5 ], [ 41346.82499999999709, 5919805.349999999627471 ], [ 41346.75, 5919805.349999999627471 ], [ 41346.75, 5919805.200000000186265 ], [ 41346.67500000000291, 5919805.200000000186265 ], [ 41346.67500000000291, 5919805.049999999813735 ], [ 41346.599999999998545, 5919805.049999999813735 ], [ 41346.599999999998545, 5919804.974999999627471 ], [ 41346.525000000001455, 5919804.974999999627471 ], [ 41346.525000000001455, 5919804.825000000186265 ], [ 41346.44999999999709, 5919804.825000000186265 ], [ 41346.44999999999709, 5919804.674999999813735 ], [ 41346.375, 5919804.674999999813735 ], [ 41346.375, 5919804.525000000372529 ], [ 41346.30000000000291, 5919804.525000000372529 ], [ 41346.30000000000291, 5919804.450000000186265 ], [ 41346.224999999998545, 5919804.450000000186265 ], [ 41346.224999999998545, 5919804.299999999813735 ], [ 41346.150000000001455, 5919804.299999999813735 ], [ 41346.150000000001455, 5919804.224999999627471 ], [ 41346.07499999999709, 5919804.224999999627471 ], [ 41346.07499999999709, 5919804.150000000372529 ], [ 41346.0, 5919804.150000000372529 ], [ 41346.0, 5919804.0 ], [ 41345.92500000000291, 5919804.0 ], [ 41345.92500000000291, 5919803.924999999813735 ], [ 41345.849999999998545, 5919803.924999999813735 ], [ 41345.849999999998545, 5919803.775000000372529 ], [ 41345.775000000001455, 5919803.775000000372529 ], [ 41345.775000000001455, 5919803.700000000186265 ], [ 41345.69999999999709, 5919803.700000000186265 ], [ 41345.69999999999709, 5919803.549999999813735 ], [ 41345.625, 5919803.549999999813735 ], [ 41345.625, 5919803.400000000372529 ], [ 41345.55000000000291, 5919803.400000000372529 ], [ 41345.55000000000291, 5919803.25 ], [ 41345.474999999998545, 5919803.25 ], [ 41345.474999999998545, 5919803.025000000372529 ], [ 41345.400000000001455, 5919803.025000000372529 ], [ 41345.400000000001455, 5919802.875 ], [ 41345.32499999999709, 5919802.875 ], [ 41345.32499999999709, 5919802.650000000372529 ], [ 41345.25, 5919802.650000000372529 ], [ 41345.25, 5919802.125 ], [ 41345.17500000000291, 5919802.125 ], [ 41345.17500000000291, 5919801.674999999813735 ], [ 41345.099999999998545, 5919801.674999999813735 ], [ 41345.099999999998545, 5919801.150000000372529 ], [ 41345.025000000001455, 5919801.150000000372529 ], [ 41345.025000000001455, 5919800.700000000186265 ], [ 41344.94999999999709, 5919800.700000000186265 ], [ 41344.94999999999709, 5919800.400000000372529 ], [ 41344.875, 5919800.400000000372529 ], [ 41344.875, 5919800.174999999813735 ], [ 41344.80000000000291, 5919800.174999999813735 ], [ 41344.80000000000291, 5919799.950000000186265 ], [ 41344.724999999998545, 5919799.950000000186265 ], [ 41344.724999999998545, 5919799.724999999627471 ], [ 41344.650000000001455, 5919799.724999999627471 ], [ 41344.650000000001455, 5919799.575000000186265 ], [ 41344.57499999999709, 5919799.575000000186265 ], [ 41344.57499999999709, 5919799.349999999627471 ], [ 41344.5, 5919799.349999999627471 ], [ 41344.5, 5919799.200000000186265 ], [ 41344.42500000000291, 5919799.200000000186265 ], [ 41344.42500000000291, 5919799.125 ], [ 41344.349999999998545, 5919799.125 ], [ 41344.349999999998545, 5919798.974999999627471 ], [ 41344.275000000001455, 5919798.974999999627471 ], [ 41344.275000000001455, 5919798.825000000186265 ], [ 41344.19999999999709, 5919798.825000000186265 ], [ 41344.19999999999709, 5919798.75 ], [ 41344.125, 5919798.75 ], [ 41344.125, 5919798.599999999627471 ], [ 41344.05000000000291, 5919798.599999999627471 ], [ 41344.05000000000291, 5919798.525000000372529 ], [ 41343.974999999998545, 5919798.525000000372529 ], [ 41343.974999999998545, 5919798.375 ], [ 41343.900000000001455, 5919798.375 ], [ 41343.900000000001455, 5919798.299999999813735 ], [ 41343.82499999999709, 5919798.299999999813735 ], [ 41343.82499999999709, 5919798.150000000372529 ], [ 41343.75, 5919798.150000000372529 ], [ 41343.75, 5919798.0 ], [ 41343.67500000000291, 5919798.0 ], [ 41343.67500000000291, 5919797.924999999813735 ], [ 41343.599999999998545, 5919797.924999999813735 ], [ 41343.599999999998545, 5919797.775000000372529 ], [ 41343.525000000001455, 5919797.775000000372529 ], [ 41343.525000000001455, 5919797.625 ], [ 41343.44999999999709, 5919797.625 ], [ 41343.44999999999709, 5919797.549999999813735 ], [ 41343.375, 5919797.549999999813735 ], [ 41343.375, 5919797.400000000372529 ], [ 41343.30000000000291, 5919797.400000000372529 ], [ 41343.30000000000291, 5919797.25 ], [ 41343.224999999998545, 5919797.25 ], [ 41343.224999999998545, 5919797.099999999627471 ], [ 41343.150000000001455, 5919797.099999999627471 ], [ 41343.150000000001455, 5919796.950000000186265 ], [ 41343.07499999999709, 5919796.950000000186265 ], [ 41343.07499999999709, 5919796.799999999813735 ], [ 41343.0, 5919796.799999999813735 ], [ 41343.0, 5919796.724999999627471 ], [ 41342.92500000000291, 5919796.724999999627471 ], [ 41342.92500000000291, 5919796.575000000186265 ], [ 41342.849999999998545, 5919796.575000000186265 ], [ 41342.849999999998545, 5919796.5 ], [ 41342.775000000001455, 5919796.5 ], [ 41342.775000000001455, 5919796.349999999627471 ], [ 41342.69999999999709, 5919796.349999999627471 ], [ 41342.69999999999709, 5919796.275000000372529 ], [ 41342.625, 5919796.275000000372529 ], [ 41342.625, 5919796.200000000186265 ], [ 41342.55000000000291, 5919796.200000000186265 ], [ 41342.55000000000291, 5919796.125 ], [ 41342.474999999998545, 5919796.125 ], [ 41342.474999999998545, 5919796.049999999813735 ], [ 41342.400000000001455, 5919796.049999999813735 ], [ 41342.400000000001455, 5919795.974999999627471 ], [ 41342.32499999999709, 5919795.974999999627471 ], [ 41342.32499999999709, 5919795.900000000372529 ], [ 41342.25, 5919795.900000000372529 ], [ 41342.25, 5919795.825000000186265 ], [ 41342.17500000000291, 5919795.825000000186265 ], [ 41342.17500000000291, 5919795.75 ], [ 41342.099999999998545, 5919795.75 ], [ 41342.099999999998545, 5919795.674999999813735 ], [ 41341.94999999999709, 5919795.674999999813735 ], [ 41341.94999999999709, 5919795.599999999627471 ], [ 41341.875, 5919795.599999999627471 ], [ 41341.875, 5919795.525000000372529 ], [ 41341.80000000000291, 5919795.525000000372529 ], [ 41341.80000000000291, 5919795.450000000186265 ], [ 41341.724999999998545, 5919795.450000000186265 ], [ 41341.724999999998545, 5919795.375 ], [ 41341.650000000001455, 5919795.375 ], [ 41341.650000000001455, 5919795.224999999627471 ], [ 41341.57499999999709, 5919795.224999999627471 ], [ 41341.57499999999709, 5919795.150000000372529 ], [ 41341.5, 5919795.150000000372529 ], [ 41341.5, 5919795.075000000186265 ], [ 41341.42500000000291, 5919795.075000000186265 ], [ 41341.42500000000291, 5919795.0 ], [ 41341.349999999998545, 5919795.0 ], [ 41341.349999999998545, 5919794.849999999627471 ], [ 41341.275000000001455, 5919794.849999999627471 ], [ 41341.275000000001455, 5919793.724999999627471 ], [ 41341.19999999999709, 5919793.724999999627471 ], [ 41341.19999999999709, 5919792.75 ], [ 41341.275000000001455, 5919792.75 ], [ 41341.275000000001455, 5919792.674999999813735 ], [ 41341.349999999998545, 5919792.674999999813735 ], [ 41341.349999999998545, 5919792.525000000372529 ], [ 41341.42500000000291, 5919792.525000000372529 ], [ 41341.42500000000291, 5919792.450000000186265 ], [ 41341.5, 5919792.450000000186265 ], [ 41341.5, 5919792.299999999813735 ], [ 41341.57499999999709, 5919792.299999999813735 ], [ 41341.57499999999709, 5919792.224999999627471 ], [ 41341.650000000001455, 5919792.224999999627471 ], [ 41341.650000000001455, 5919792.150000000372529 ], [ 41341.724999999998545, 5919792.150000000372529 ], [ 41341.724999999998545, 5919792.075000000186265 ], [ 41341.80000000000291, 5919792.075000000186265 ], [ 41341.80000000000291, 5919792.0 ], [ 41341.875, 5919792.0 ], [ 41341.875, 5919791.924999999813735 ], [ 41342.025000000001455, 5919791.924999999813735 ], [ 41342.025000000001455, 5919791.849999999627471 ], [ 41342.099999999998545, 5919791.849999999627471 ], [ 41342.099999999998545, 5919791.775000000372529 ], [ 41342.25, 5919791.775000000372529 ], [ 41342.25, 5919791.700000000186265 ], [ 41342.400000000001455, 5919791.700000000186265 ], [ 41342.400000000001455, 5919791.625 ], [ 41342.625, 5919791.625 ], [ 41342.625, 5919791.549999999813735 ], [ 41342.849999999998545, 5919791.549999999813735 ], [ 41342.849999999998545, 5919791.474999999627471 ], [ 41343.150000000001455, 5919791.474999999627471 ], [ 41343.150000000001455, 5919791.400000000372529 ], [ 41343.44999999999709, 5919791.400000000372529 ], [ 41343.44999999999709, 5919791.325000000186265 ], [ 41343.75, 5919791.325000000186265 ], [ 41343.75, 5919791.25 ], [ 41344.05000000000291, 5919791.25 ], [ 41344.05000000000291, 5919791.174999999813735 ], [ 41344.349999999998545, 5919791.174999999813735 ], [ 41344.349999999998545, 5919791.099999999627471 ], [ 41344.57499999999709, 5919791.099999999627471 ], [ 41344.57499999999709, 5919791.025000000372529 ], [ 41345.025000000001455, 5919791.025000000372529 ], [ 41345.025000000001455, 5919790.950000000186265 ], [ 41345.625, 5919790.950000000186265 ], [ 41345.625, 5919790.875 ], [ 41346.0, 5919790.875 ], [ 41346.0, 5919790.799999999813735 ], [ 41346.375, 5919790.799999999813735 ], [ 41346.375, 5919790.724999999627471 ], [ 41346.82499999999709, 5919790.724999999627471 ], [ 41346.82499999999709, 5919790.650000000372529 ], [ 41347.349999999998545, 5919790.650000000372529 ], [ 41347.349999999998545, 5919790.575000000186265 ], [ 41348.025000000001455, 5919790.575000000186265 ], [ 41348.025000000001455, 5919790.5 ], [ 41348.775000000001455, 5919790.5 ], [ 41348.775000000001455, 5919790.424999999813735 ], [ 41349.75, 5919790.424999999813735 ], [ 41349.75, 5919790.349999999627471 ], [ 41350.05000000000291, 5919790.349999999627471 ], [ 41350.05000000000291, 5919790.424999999813735 ], [ 41350.349999999998545, 5919790.424999999813735 ], [ 41350.349999999998545, 5919790.5 ], [ 41350.650000000001455, 5919790.5 ], [ 41350.650000000001455, 5919790.575000000186265 ], [ 41350.94999999999709, 5919790.575000000186265 ], [ 41350.94999999999709, 5919790.650000000372529 ], [ 41351.17500000000291, 5919790.650000000372529 ], [ 41351.17500000000291, 5919790.724999999627471 ], [ 41351.400000000001455, 5919790.724999999627471 ], [ 41351.400000000001455, 5919790.799999999813735 ], [ 41351.625, 5919790.799999999813735 ], [ 41351.625, 5919790.875 ], [ 41351.849999999998545, 5919790.875 ], [ 41351.849999999998545, 5919790.950000000186265 ], [ 41352.07499999999709, 5919790.950000000186265 ], [ 41352.07499999999709, 5919791.025000000372529 ], [ 41352.224999999998545, 5919791.025000000372529 ], [ 41352.224999999998545, 5919791.099999999627471 ], [ 41352.375, 5919791.099999999627471 ], [ 41352.375, 5919791.174999999813735 ], [ 41352.525000000001455, 5919791.174999999813735 ], [ 41352.525000000001455, 5919791.25 ], [ 41352.75, 5919791.25 ], [ 41352.75, 5919791.325000000186265 ], [ 41352.974999999998545, 5919791.325000000186265 ], [ 41352.974999999998545, 5919791.400000000372529 ], [ 41353.19999999999709, 5919791.400000000372529 ], [ 41353.19999999999709, 5919791.474999999627471 ], [ 41353.349999999998545, 5919791.474999999627471 ], [ 41353.349999999998545, 5919791.549999999813735 ], [ 41353.650000000001455, 5919791.549999999813735 ], [ 41353.650000000001455, 5919791.625 ], [ 41353.875, 5919791.625 ], [ 41353.875, 5919791.700000000186265 ], [ 41354.025000000001455, 5919791.700000000186265 ], [ 41354.025000000001455, 5919791.775000000372529 ], [ 41354.25, 5919791.775000000372529 ], [ 41354.25, 5919791.849999999627471 ], [ 41354.400000000001455, 5919791.849999999627471 ], [ 41354.400000000001455, 5919791.924999999813735 ], [ 41354.474999999998545, 5919791.924999999813735 ], [ 41354.474999999998545, 5919792.0 ], [ 41354.625, 5919792.0 ], [ 41354.625, 5919792.075000000186265 ], [ 41354.775000000001455, 5919792.075000000186265 ], [ 41354.775000000001455, 5919792.150000000372529 ], [ 41354.849999999998545, 5919792.150000000372529 ], [ 41354.849999999998545, 5919792.224999999627471 ], [ 41354.92500000000291, 5919792.224999999627471 ], [ 41354.92500000000291, 5919792.299999999813735 ], [ 41355.0, 5919792.299999999813735 ], [ 41355.0, 5919792.375 ], [ 41355.150000000001455, 5919792.375 ], [ 41355.150000000001455, 5919792.450000000186265 ], [ 41355.224999999998545, 5919792.450000000186265 ], [ 41355.224999999998545, 5919792.599999999627471 ], [ 41355.30000000000291, 5919792.599999999627471 ], [ 41355.30000000000291, 5919792.674999999813735 ], [ 41355.375, 5919792.674999999813735 ], [ 41355.375, 5919792.75 ], [ 41355.44999999999709, 5919792.75 ], [ 41355.44999999999709, 5919792.825000000186265 ], [ 41355.525000000001455, 5919792.825000000186265 ], [ 41355.525000000001455, 5919792.900000000372529 ], [ 41355.599999999998545, 5919792.900000000372529 ], [ 41355.599999999998545, 5919793.049999999813735 ], [ 41355.75, 5919793.049999999813735 ], [ 41355.75, 5919793.125 ], [ 41355.82499999999709, 5919793.125 ], [ 41355.82499999999709, 5919793.200000000186265 ], [ 41355.900000000001455, 5919793.200000000186265 ], [ 41355.900000000001455, 5919793.275000000372529 ], [ 41355.974999999998545, 5919793.275000000372529 ], [ 41355.974999999998545, 5919793.349999999627471 ], [ 41356.125, 5919793.349999999627471 ], [ 41356.125, 5919793.424999999813735 ], [ 41356.19999999999709, 5919793.424999999813735 ], [ 41356.19999999999709, 5919793.5 ], [ 41356.275000000001455, 5919793.5 ], [ 41356.275000000001455, 5919793.575000000186265 ], [ 41356.349999999998545, 5919793.575000000186265 ], [ 41356.349999999998545, 5919793.650000000372529 ], [ 41356.5, 5919793.650000000372529 ], [ 41356.5, 5919793.724999999627471 ], [ 41356.57499999999709, 5919793.724999999627471 ], [ 41356.57499999999709, 5919793.799999999813735 ], [ 41356.650000000001455, 5919793.799999999813735 ], [ 41356.650000000001455, 5919793.875 ], [ 41356.724999999998545, 5919793.875 ], [ 41356.724999999998545, 5919793.950000000186265 ], [ 41356.80000000000291, 5919793.950000000186265 ], [ 41356.80000000000291, 5919794.025000000372529 ], [ 41356.875, 5919794.025000000372529 ], [ 41356.875, 5919794.099999999627471 ], [ 41356.94999999999709, 5919794.099999999627471 ], [ 41356.94999999999709, 5919794.25 ], [ 41357.025000000001455, 5919794.25 ], [ 41357.025000000001455, 5919794.325000000186265 ], [ 41357.099999999998545, 5919794.325000000186265 ], [ 41357.099999999998545, 5919794.400000000372529 ], [ 41357.17500000000291, 5919794.400000000372529 ], [ 41357.17500000000291, 5919794.549999999813735 ], [ 41357.25, 5919794.549999999813735 ], [ 41357.25, 5919794.625 ], [ 41357.32499999999709, 5919794.625 ], [ 41357.32499999999709, 5919794.775000000372529 ], [ 41357.400000000001455, 5919794.775000000372529 ], [ 41357.400000000001455, 5919794.849999999627471 ], [ 41357.474999999998545, 5919794.849999999627471 ], [ 41357.474999999998545, 5919794.924999999813735 ], [ 41357.55000000000291, 5919794.924999999813735 ], [ 41357.55000000000291, 5919795.0 ], [ 41357.625, 5919795.0 ], [ 41357.625, 5919795.075000000186265 ], [ 41357.69999999999709, 5919795.075000000186265 ], [ 41357.69999999999709, 5919795.150000000372529 ], [ 41357.775000000001455, 5919795.150000000372529 ], [ 41357.775000000001455, 5919795.224999999627471 ], [ 41357.92500000000291, 5919795.224999999627471 ], [ 41357.92500000000291, 5919795.299999999813735 ], [ 41358.07499999999709, 5919795.299999999813735 ], [ 41358.07499999999709, 5919795.375 ], [ 41358.224999999998545, 5919795.375 ], [ 41358.224999999998545, 5919795.450000000186265 ], [ 41358.375, 5919795.450000000186265 ], [ 41358.375, 5919795.525000000372529 ], [ 41358.525000000001455, 5919795.525000000372529 ], [ 41358.525000000001455, 5919795.599999999627471 ], [ 41358.67500000000291, 5919795.599999999627471 ], [ 41358.67500000000291, 5919795.674999999813735 ], [ 41358.82499999999709, 5919795.674999999813735 ], [ 41358.82499999999709, 5919795.75 ], [ 41358.974999999998545, 5919795.75 ], [ 41358.974999999998545, 5919795.825000000186265 ], [ 41359.125, 5919795.825000000186265 ], [ 41359.125, 5919795.900000000372529 ], [ 41359.19999999999709, 5919795.900000000372529 ], [ 41359.19999999999709, 5919795.974999999627471 ], [ 41359.349999999998545, 5919795.974999999627471 ], [ 41359.349999999998545, 5919796.049999999813735 ], [ 41359.5, 5919796.049999999813735 ], [ 41359.5, 5919796.125 ], [ 41359.650000000001455, 5919796.125 ], [ 41359.650000000001455, 5919796.200000000186265 ], [ 41359.724999999998545, 5919796.200000000186265 ], [ 41359.724999999998545, 5919796.275000000372529 ], [ 41359.875, 5919796.275000000372529 ], [ 41359.875, 5919796.349999999627471 ], [ 41360.025000000001455, 5919796.349999999627471 ], [ 41360.025000000001455, 5919796.424999999813735 ], [ 41360.17500000000291, 5919796.424999999813735 ], [ 41360.17500000000291, 5919796.5 ], [ 41360.32499999999709, 5919796.5 ], [ 41360.32499999999709, 5919796.575000000186265 ], [ 41360.400000000001455, 5919796.575000000186265 ], [ 41360.400000000001455, 5919796.650000000372529 ], [ 41360.55000000000291, 5919796.650000000372529 ], [ 41360.55000000000291, 5919796.724999999627471 ], [ 41360.625, 5919796.724999999627471 ], [ 41360.625, 5919796.799999999813735 ], [ 41360.69999999999709, 5919796.799999999813735 ], [ 41360.69999999999709, 5919796.875 ], [ 41360.849999999998545, 5919796.875 ], [ 41360.849999999998545, 5919796.950000000186265 ], [ 41361.0, 5919796.950000000186265 ], [ 41361.0, 5919797.025000000372529 ], [ 41361.07499999999709, 5919797.025000000372529 ], [ 41361.07499999999709, 5919797.099999999627471 ], [ 41361.224999999998545, 5919797.099999999627471 ], [ 41361.224999999998545, 5919797.174999999813735 ], [ 41361.30000000000291, 5919797.174999999813735 ], [ 41361.30000000000291, 5919797.25 ], [ 41361.44999999999709, 5919797.25 ], [ 41361.44999999999709, 5919797.325000000186265 ], [ 41361.599999999998545, 5919797.325000000186265 ], [ 41361.599999999998545, 5919797.400000000372529 ], [ 41361.75, 5919797.400000000372529 ], [ 41361.75, 5919797.474999999627471 ], [ 41361.82499999999709, 5919797.474999999627471 ], [ 41361.82499999999709, 5919797.549999999813735 ], [ 41361.974999999998545, 5919797.549999999813735 ], [ 41361.974999999998545, 5919797.625 ], [ 41362.125, 5919797.625 ], [ 41362.125, 5919797.700000000186265 ], [ 41362.19999999999709, 5919797.700000000186265 ], [ 41362.19999999999709, 5919797.775000000372529 ], [ 41362.349999999998545, 5919797.775000000372529 ], [ 41362.349999999998545, 5919797.849999999627471 ], [ 41362.42500000000291, 5919797.849999999627471 ], [ 41362.42500000000291, 5919797.924999999813735 ], [ 41362.5, 5919797.924999999813735 ], [ 41362.5, 5919798.0 ], [ 41362.57499999999709, 5919798.0 ], [ 41362.57499999999709, 5919798.075000000186265 ], [ 41362.650000000001455, 5919798.075000000186265 ], [ 41362.650000000001455, 5919798.150000000372529 ], [ 41362.724999999998545, 5919798.150000000372529 ], [ 41362.724999999998545, 5919798.224999999627471 ], [ 41362.80000000000291, 5919798.224999999627471 ], [ 41362.80000000000291, 5919798.299999999813735 ], [ 41362.875, 5919798.299999999813735 ], [ 41362.875, 5919798.450000000186265 ], [ 41362.94999999999709, 5919798.450000000186265 ], [ 41362.94999999999709, 5919798.525000000372529 ], [ 41363.025000000001455, 5919798.525000000372529 ], [ 41363.025000000001455, 5919798.674999999813735 ], [ 41363.099999999998545, 5919798.674999999813735 ], [ 41363.099999999998545, 5919798.75 ], [ 41363.17500000000291, 5919798.75 ], [ 41363.17500000000291, 5919798.900000000372529 ], [ 41363.25, 5919798.900000000372529 ], [ 41363.25, 5919798.974999999627471 ], [ 41363.32499999999709, 5919798.974999999627471 ], [ 41363.32499999999709, 5919799.125 ], [ 41363.400000000001455, 5919799.125 ], [ 41363.400000000001455, 5919799.200000000186265 ], [ 41363.474999999998545, 5919799.200000000186265 ], [ 41363.474999999998545, 5919799.275000000372529 ], [ 41363.55000000000291, 5919799.275000000372529 ], [ 41363.55000000000291, 5919799.349999999627471 ], [ 41363.625, 5919799.349999999627471 ], [ 41363.625, 5919799.424999999813735 ], [ 41363.69999999999709, 5919799.424999999813735 ], [ 41363.69999999999709, 5919799.5 ], [ 41363.775000000001455, 5919799.5 ], [ 41363.775000000001455, 5919799.575000000186265 ], [ 41363.849999999998545, 5919799.575000000186265 ], [ 41363.849999999998545, 5919799.650000000372529 ], [ 41363.92500000000291, 5919799.650000000372529 ], [ 41363.92500000000291, 5919799.799999999813735 ], [ 41364.0, 5919799.799999999813735 ], [ 41364.0, 5919799.875 ], [ 41364.07499999999709, 5919799.875 ], [ 41364.07499999999709, 5919799.950000000186265 ], [ 41364.150000000001455, 5919799.950000000186265 ], [ 41364.150000000001455, 5919800.099999999627471 ], [ 41364.224999999998545, 5919800.099999999627471 ], [ 41364.224999999998545, 5919800.174999999813735 ], [ 41364.30000000000291, 5919800.174999999813735 ], [ 41364.30000000000291, 5919800.325000000186265 ], [ 41364.375, 5919800.325000000186265 ], [ 41364.375, 5919800.474999999627471 ], [ 41364.44999999999709, 5919800.474999999627471 ], [ 41364.44999999999709, 5919800.924999999813735 ], [ 41364.375, 5919800.924999999813735 ], [ 41364.375, 5919801.150000000372529 ], [ 41364.30000000000291, 5919801.150000000372529 ], [ 41364.30000000000291, 5919801.375 ], [ 41364.224999999998545, 5919801.375 ], [ 41364.224999999998545, 5919801.525000000372529 ], [ 41364.150000000001455, 5919801.525000000372529 ], [ 41364.150000000001455, 5919801.75 ], [ 41364.07499999999709, 5919801.75 ], [ 41364.07499999999709, 5919801.900000000372529 ], [ 41364.0, 5919801.900000000372529 ], [ 41364.0, 5919802.049999999813735 ], [ 41363.92500000000291, 5919802.049999999813735 ], [ 41363.92500000000291, 5919802.200000000186265 ], [ 41363.849999999998545, 5919802.200000000186265 ], [ 41363.849999999998545, 5919802.349999999627471 ], [ 41363.775000000001455, 5919802.349999999627471 ], [ 41363.775000000001455, 5919802.5 ], [ 41363.69999999999709, 5919802.5 ], [ 41363.69999999999709, 5919802.650000000372529 ], [ 41363.625, 5919802.650000000372529 ], [ 41363.625, 5919802.724999999627471 ], [ 41363.55000000000291, 5919802.724999999627471 ], [ 41363.55000000000291, 5919802.799999999813735 ], [ 41363.474999999998545, 5919802.799999999813735 ], [ 41363.474999999998545, 5919802.875 ], [ 41363.400000000001455, 5919802.875 ], [ 41363.400000000001455, 5919802.950000000186265 ], [ 41363.32499999999709, 5919802.950000000186265 ], [ 41363.32499999999709, 5919803.025000000372529 ], [ 41363.25, 5919803.025000000372529 ], [ 41363.25, 5919803.099999999627471 ], [ 41363.17500000000291, 5919803.099999999627471 ], [ 41363.17500000000291, 5919803.174999999813735 ], [ 41363.025000000001455, 5919803.174999999813735 ], [ 41363.025000000001455, 5919803.25 ], [ 41362.94999999999709, 5919803.25 ], [ 41362.94999999999709, 5919803.325000000186265 ], [ 41362.875, 5919803.325000000186265 ], [ 41362.875, 5919803.400000000372529 ], [ 41362.724999999998545, 5919803.400000000372529 ], [ 41362.724999999998545, 5919803.474999999627471 ], [ 41362.650000000001455, 5919803.474999999627471 ], [ 41362.650000000001455, 5919803.549999999813735 ], [ 41362.5, 5919803.549999999813735 ], [ 41362.5, 5919803.625 ], [ 41362.42500000000291, 5919803.625 ], [ 41362.42500000000291, 5919803.700000000186265 ], [ 41362.275000000001455, 5919803.700000000186265 ], [ 41362.275000000001455, 5919803.775000000372529 ], [ 41362.125, 5919803.775000000372529 ], [ 41362.125, 5919803.849999999627471 ], [ 41361.974999999998545, 5919803.849999999627471 ], [ 41361.974999999998545, 5919803.924999999813735 ], [ 41361.82499999999709, 5919803.924999999813735 ], [ 41361.82499999999709, 5919804.0 ], [ 41361.67500000000291, 5919804.0 ], [ 41361.67500000000291, 5919804.075000000186265 ], [ 41361.525000000001455, 5919804.075000000186265 ], [ 41361.525000000001455, 5919804.150000000372529 ], [ 41361.375, 5919804.150000000372529 ], [ 41361.375, 5919804.224999999627471 ], [ 41361.30000000000291, 5919804.224999999627471 ], [ 41361.30000000000291, 5919804.299999999813735 ], [ 41361.224999999998545, 5919804.299999999813735 ], [ 41361.224999999998545, 5919804.375 ], [ 41361.07499999999709, 5919804.375 ], [ 41361.07499999999709, 5919804.450000000186265 ], [ 41361.0, 5919804.450000000186265 ], [ 41361.0, 5919804.525000000372529 ], [ 41360.92500000000291, 5919804.525000000372529 ], [ 41360.92500000000291, 5919804.599999999627471 ], [ 41360.849999999998545, 5919804.599999999627471 ], [ 41360.849999999998545, 5919804.674999999813735 ], [ 41360.775000000001455, 5919804.674999999813735 ], [ 41360.775000000001455, 5919804.75 ], [ 41360.69999999999709, 5919804.75 ], [ 41360.69999999999709, 5919804.825000000186265 ], [ 41360.625, 5919804.825000000186265 ], [ 41360.625, 5919804.900000000372529 ], [ 41360.55000000000291, 5919804.900000000372529 ], [ 41360.55000000000291, 5919804.974999999627471 ], [ 41360.400000000001455, 5919804.974999999627471 ], [ 41360.400000000001455, 5919805.049999999813735 ], [ 41360.32499999999709, 5919805.049999999813735 ], [ 41360.32499999999709, 5919805.125 ], [ 41360.17500000000291, 5919805.125 ], [ 41360.17500000000291, 5919805.200000000186265 ], [ 41360.025000000001455, 5919805.200000000186265 ], [ 41360.025000000001455, 5919805.275000000372529 ], [ 41359.94999999999709, 5919805.275000000372529 ], [ 41359.94999999999709, 5919805.349999999627471 ], [ 41359.724999999998545, 5919805.349999999627471 ], [ 41359.724999999998545, 5919805.424999999813735 ], [ 41359.5, 5919805.424999999813735 ], [ 41359.5, 5919805.5 ], [ 41359.19999999999709, 5919805.5 ], [ 41359.19999999999709, 5919805.575000000186265 ], [ 41358.900000000001455, 5919805.575000000186265 ], [ 41358.900000000001455, 5919805.650000000372529 ], [ 41358.599999999998545, 5919805.650000000372529 ], [ 41358.599999999998545, 5919805.724999999627471 ], [ 41358.30000000000291, 5919805.724999999627471 ], [ 41358.30000000000291, 5919805.799999999813735 ], [ 41358.0, 5919805.799999999813735 ], [ 41358.0, 5919805.875 ], [ 41357.69999999999709, 5919805.875 ], [ 41357.69999999999709, 5919805.950000000186265 ], [ 41357.55000000000291, 5919805.950000000186265 ], [ 41357.55000000000291, 5919806.025000000372529 ], [ 41357.32499999999709, 5919806.025000000372529 ], [ 41357.32499999999709, 5919806.099999999627471 ], [ 41357.17500000000291, 5919806.099999999627471 ], [ 41357.17500000000291, 5919806.174999999813735 ], [ 41357.025000000001455, 5919806.174999999813735 ], [ 41357.025000000001455, 5919806.25 ], [ 41356.875, 5919806.25 ], [ 41356.875, 5919806.325000000186265 ], [ 41356.724999999998545, 5919806.325000000186265 ], [ 41356.724999999998545, 5919806.400000000372529 ], [ 41356.650000000001455, 5919806.400000000372529 ], [ 41356.650000000001455, 5919806.474999999627471 ], [ 41356.5, 5919806.474999999627471 ], [ 41356.5, 5919806.549999999813735 ], [ 41356.42500000000291, 5919806.549999999813735 ], [ 41356.42500000000291, 5919806.625 ], [ 41356.275000000001455, 5919806.625 ], [ 41356.275000000001455, 5919806.700000000186265 ], [ 41356.19999999999709, 5919806.700000000186265 ], [ 41356.19999999999709, 5919806.775000000372529 ], [ 41356.05000000000291, 5919806.775000000372529 ], [ 41356.05000000000291, 5919806.849999999627471 ], [ 41355.900000000001455, 5919806.849999999627471 ], [ 41355.900000000001455, 5919806.924999999813735 ], [ 41355.75, 5919806.924999999813735 ], [ 41355.75, 5919807.0 ], [ 41355.599999999998545, 5919807.0 ], [ 41355.599999999998545, 5919807.075000000186265 ], [ 41355.375, 5919807.075000000186265 ], [ 41355.375, 5919807.150000000372529 ], [ 41355.224999999998545, 5919807.150000000372529 ], [ 41355.224999999998545, 5919807.224999999627471 ], [ 41355.0, 5919807.224999999627471 ], [ 41355.0, 5919807.299999999813735 ], [ 41354.775000000001455, 5919807.299999999813735 ], [ 41354.775000000001455, 5919807.375 ], [ 41354.55000000000291, 5919807.375 ], [ 41354.55000000000291, 5919807.450000000186265 ], [ 41354.32499999999709, 5919807.450000000186265 ], [ 41354.32499999999709, 5919807.525000000372529 ], [ 41354.025000000001455, 5919807.525000000372529 ], [ 41354.025000000001455, 5919807.599999999627471 ], [ 41353.80000000000291, 5919807.599999999627471 ], [ 41353.80000000000291, 5919807.674999999813735 ], [ 41353.5, 5919807.674999999813735 ], [ 41353.5, 5919807.75 ], [ 41353.19999999999709, 5919807.75 ], [ 41353.19999999999709, 5919807.825000000186265 ], [ 41352.974999999998545, 5919807.825000000186265 ], [ 41352.974999999998545, 5919807.900000000372529 ], [ 41352.75, 5919807.900000000372529 ], [ 41352.75, 5919807.974999999627471 ], [ 41352.525000000001455, 5919807.974999999627471 ], [ 41352.525000000001455, 5919808.049999999813735 ], [ 41352.30000000000291, 5919808.049999999813735 ], [ 41352.30000000000291, 5919808.125 ], [ 41352.150000000001455, 5919808.125 ], [ 41352.150000000001455, 5919808.200000000186265 ], [ 41351.92500000000291, 5919808.200000000186265 ], [ 41351.92500000000291, 5919808.275000000372529 ], [ 41351.69999999999709, 5919808.275000000372529 ] ] ] } },
{ "type": "Feature", "properties": { "value": 1.0, "building_id": 1, "area": 51.614999999948225 }, "geometry": { "type": "Polygon", "coordinates": [ [ [ 41226.82499999999709, 5919794.549999999813735 ], [ 41226.82499999999709, 5919794.474999999627471 ], [ 41226.75, 5919794.474999999627471 ], [ 41226.75, 5919794.400000000372529 ], [ 41226.67500000000291, 5919794.400000000372529 ], [ 41226.67500000000291, 5919794.325000000186265 ], [ 41226.599999999998545, 5919794.325000000186265 ], [ 41226.599999999998545, 5919794.25 ], [ 41226.44999999999709, 5919794.25 ], [ 41226.44999999999709, 5919794.174999999813735 ], [ 41226.375, 5919794.174999999813735 ], [ 41226.375, 5919794.099999999627471 ], [ 41226.224999999998545, 5919794.099999999627471 ], [ 41226.224999999998545, 5919794.025000000372529 ], [ 41226.150000000001455, 5919794.025000000372529 ], [ 41226.150000000001455, 5919793.950000000186265 ], [ 41226.0, 5919793.950000000186265 ], [ 41226.0, 5919793.875 ], [ 41225.849999999998545, 5919793.875 ], [ 41225.849999999998545, 5919793.799999999813735 ], [ 41225.775000000001455, 5919793.799999999813735 ], [ 41225.775000000001455, 5919793.724999999627471 ], [ 41225.625, 5919793.724999999627471 ], [ 41225.625, 5919793.650000000372529 ], [ 41225.474999999998545, 5919793.650000000372529 ], [ 41225.474999999998545, 5919793.575000000186265 ], [ 41225.32499999999709, 5919793.575000000186265 ], [ 41225.32499999999709, 5919793.5 ], [ 41225.17500000000291, 5919793.5 ], [ 41225.17500000000291, 5919793.424999999813735 ], [ 41225.025000000001455, 5919793.424999999813735 ], [ 41225.025000000001455, 5919793.349999999627471 ], [ 41224.94999999999709, 5919793.349999999627471 ], [ 41224.94999999999709, 5919793.275000000372529 ], [ 41224.875, 5919793.275000000372529 ], [ 41224.875, 5919793.200000000186265 ], [ 41224.80000000000291, 5919793.200000000186265 ], [ 41224.80000000000291, 5919793.125 ], [ 41224.724999999998545, 5919793.125 ], [ 41224.724999999998545, 5919793.049999999813735 ], [ 41224.650000000001455, 5919793.049999999813735 ], [ 41224.650000000001455, 5919792.900000000372529 ], [ 41224.57499999999709, 5919792.900000000372529 ], [ 41224.57499999999709, 5919790.799999999813735 ], [ 41224.650000000001455, 5919790.799999999813735 ], [ 41224.650000000001455, 5919788.400000000372529 ], [ 41224.724999999998545, 5919788.400000000372529 ], [ 41224.724999999998545, 5919786.974999999627471 ], [ 41224.80000000000291, 5919786.974999999627471 ], [ 41224.80000000000291, 5919786.825000000186265 ], [ 41224.875, 5919786.825000000186265 ], [ 41224.875, 5919786.75 ], [ 41224.94999999999709, 5919786.75 ], [ 41224.94999999999709, 5919786.599999999627471 ], [ 41225.025000000001455, 5919786.599999999627471 ], [ 41225.025000000001455, 5919786.525000000372529 ], [ 41225.17500000000291, 5919786.525000000372529 ], [ 41225.17500000000291, 5919786.450000000186265 ], [ 41225.25, 5919786.450000000186265 ], [ 41225.25, 5919786.375 ], [ 41225.32499999999709, 5919786.375 ], [ 41225.32499999999709, 5919786.299999999813735 ], [ 41225.474999999998545, 5919786.299999999813735 ], [ 41225.474999999998545, 5919786.224999999627471 ], [ 41225.55000000000291, 5919786.224999999627471 ], [ 41225.55000000000291, 5919786.150000000372529 ], [ 41225.69999999999709, 5919786.150000000372529 ], [ 41225.69999999999709, 5919786.075000000186265 ], [ 41225.775000000001455, 5919786.075000000186265 ], [ 41225.775000000001455, 5919786.0 ], [ 41225.92500000000291, 5919786.0 ], [ 41225.92500000000291, 5919785.924999999813735 ], [ 41226.0, 5919785.924999999813735 ], [ 41226.0, 5919785.849999999627471 ], [ 41226.150000000001455, 5919785.849999999627471 ], [ 41226.150000000001455, 5919785.775000000372529 ], [ 41226.30000000000291, 5919785.775000000372529 ], [ 41226.30000000000291, 5919785.700000000186265 ], [ 41226.375, 5919785.700000000186265 ], [ 41226.375, 5919785.625 ], [ 41226.525000000001455, 5919785.625 ], [ 41226.525000000001455, 5919785.549999999813735 ], [ 41226.67500000000291, 5919785.549999999813735 ], [ 41226.67500000000291, 5919785.474999999627471 ], [ 41226.82499999999709, 5919785.474999999627471 ], [ 41226.82499999999709, 5919785.400000000372529 ], [ 41227.125, 5919785.400000000372529 ], [ 41227.125, 5919785.474999999627471 ], [ 41227.349999999998545, 5919785.474999999627471 ], [ 41227.349999999998545, 5919785.549999999813735 ], [ 41227.5, 5919785.549999999813735 ], [ 41227.5, 5919785.625 ], [ 41227.650000000001455, 5919785.625 ], [ 41227.650000000001455, 5919785.700000000186265 ], [ 41227.875, 5919785.700000000186265 ], [ 41227.875, 5919785.775000000372529 ], [ 41228.025000000001455, 5919785.775000000372529 ], [ 41228.025000000001455, 5919785.849999999627471 ], [ 41228.25, 5919785.849999999627471 ], [ 41228.25, 5919785.924999999813735 ], [ 41228.400000000001455, 5919785.924999999813735 ], [ 41228.400000000001455, 5919786.0 ], [ 41228.55000000000291, 5919786.0 ], [ 41228.55000000000291, 5919786.075000000186265 ], [ 41228.69999999999709, 5919786.075000000186265 ], [ 41228.69999999999709, 5919786.150000000372529 ], [ 41228.92500000000291, 5919786.150000000372529 ], [ 41228.92500000000291, 5919786.224999999627471 ], [ 41229.07499999999709, 5919786.224999999627471 ], [ 41229.07499999999709, 5919786.299999999813735 ], [ 41229.150000000001455, 5919786.299999999813735 ], [ 41229.150000000001455, 5919786.375 ], [ 41229.30000000000291, 5919786.375 ], [ 41229.30000000000291, 5919786.450000000186265 ], [ 41229.44999999999709, 5919786.450000000186265 ], [ 41229.44999999999709, 5919786.525000000372529 ], [ 41229.599999999998545, 5919786.525000000372529 ], [ 41229.599999999998545, 5919786.599999999627471 ], [ 41229.67500000000291, 5919786.599999999627471 ], [ 41229.67500000000291, 5919786.674999999813735 ], [ 41229.82499999999709, 5919786.674999999813735 ], [ 41229.82499999999709, 5919786.75 ], [ 41229.900000000001455, 5919786.75 ], [ 41229.900000000001455, 5919786.825000000186265 ], [ 41229.974999999998545, 5919786.825000000186265 ], [ 41229.974999999998545, 5919786.900000000372529 ], [ 41230.125, 5919786.900000000372529 ], [ 41230.125, 5919786.974999999627471 ], [ 41230.19999999999709, 5919786.974999999627471 ], [ 41230.19999999999709, 5919787.125 ], [ 41230.275000000001455, 5919787.125 ], [ 41230.275000000001455, 5919787.275000000372529 ], [ 41230.349999999998545, 5919787.275000000372529 ], [ 41230.349999999998545, 5919787.424999999813735 ], [ 41230.42500000000291, 5919787.424999999813735 ], [ 41230.42500000000291, 5919787.575000000186265 ], [ 41230.5, 5919787.575000000186265 ], [ 41230.5, 5919787.724999999627471 ], [ 41230.57499999999709, 5919787.724999999627471 ], [ 41230.57499999999709, 5919787.950000000186265 ], [ 41230.650000000001455, 5919787.950000000186265 ], [ 41230.650000000001455, 5919788.099999999627471 ], [ 41230.724999999998545, 5919788.099999999627471 ], [ 41230.724999999998545, 5919788.25 ], [ 41230.80000000000291, 5919788.25 ], [ 41230.80000000000291, 5919788.400000000372529 ], [ 41230.875, 5919788.400000000372529 ], [ 41230.875, 5919788.549999999813735 ], [ 41230.94999999999709, 5919788.549999999813735 ], [ 41230.94999999999709, 5919788.700000000186265 ], [ 41231.025000000001455, 5919788.700000000186265 ], [ 41231.025000000001455, 5919788.924999999813735 ], [ 41231.099999999998545, 5919788.924999999813735 ], [ 41231.099999999998545, 5919789.075000000186265 ], [ 41231.17500000000291, 5919789.075000000186265 ], [ 41231.17500000000291, 5919789.299999999813735 ], [ 41231.25, 5919789.299999999813735 ], [ 41231.25, 5919789.525000000372529 ], [ 41231.32499999999709, 5919789.525000000372529 ], [ 41231.32499999999709, 5919789.674999999813735 ], [ 41231.400000000001455, 5919789.674999999813735 ], [ 41231.400000000001455, 5919789.900000000372529 ], [ 41231.474999999998545, 5919789.900000000372529 ], [ 41231.474999999998545, 5919790.125 ], [ 41231.55000000000291, 5919790.125 ], [ 41231.55000000000291, 5919790.349999999627471 ], [ 41231.625, 5919790.349999999627471 ], [ 41231.625, 5919790.575000000186265 ], [ 41231.69999999999709, 5919790.575000000186265 ], [ 41231.69999999999709, 5919790.799999999813735 ], [ 41231.775000000001455, 5919790.799999999813735 ], [ 41231.775000000001455, 5919791.025000000372529 ], [ 41231.849999999998545, 5919791.025000000372529 ], [ 41231.849999999998545, 5919791.25 ], [ 41231.92500000000291, 5919791.25 ], [ 41231.92500000000291, 5919791.474999999627471 ], [ 41232.0, 5919791.474999999627471 ], [ 41232.0, 5919791.700000000186265 ], [ 41232.07499999999709, 5919791.700000000186265 ], [ 41232.07499999999709, 5919791.924999999813735 ], [ 41232.150000000001455, 5919791.924999999813735 ], [ 41232.150000000001455, 5919792.224999999627471 ], [ 41232.224999999998545, 5919792.224999999627471 ], [ 41232.224999999998545, 5919792.450000000186265 ], [ 41232.30000000000291, 5919792.450000000186265 ], [ 41232.30000000000291, 5919792.674999999813735 ], [ 41232.375, 5919792.674999999813735 ], [ 41232.375, 5919792.900000000372529 ], [ 41232.224999999998545, 5919792.900000000372529 ], [ 41232.224999999998545, 5919792.974999999627471 ], [ 41232.07499999999709, 5919792.974999999627471 ], [ 41232.07499999999709, 5919793.049999999813735 ], [ 41231.92500000000291, 5919793.049999999813735 ], [ 41231.92500000000291, 5919793.125 ], [ 41231.69999999999709, 5919793.125 ], [ 41231.69999999999709, 5919793.200000000186265 ], [ 41231.474999999998545, 5919793.200000000186265 ], [ 41231.474999999998545, 5919793.275000000372529 ], [ 41231.32499999999709, 5919793.275000000372529 ], [ 41231.32499999999709, 5919793.349999999627471 ], [ 41231.099999999998545, 5919793.349999999627471 ], [ 41231.099999999998545, 5919793.424999999813735 ], [ 41230.80000000000291, 5919793.424999999813735 ], [ 41230.80000000000291, 5919793.5 ], [ 41230.5, 5919793.5 ], [ 41230.5, 5919793.575000000186265 ], [ 41230.19999999999709, 5919793.575000000186265 ], [ 41230.19999999999709, 5919793.650000000372529 ], [ 41229.900000000001455, 5919793.650000000372529 ], [ 41229.900000000001455, 5919793.724999999627471 ], [ 41229.599999999998545, 5919793.724999999627471 ], [ 41229.599999999998545, 5919793.799999999813735 ], [ 41229.30000000000291, 5919793.799999999813735 ], [ 41229.30000000000291, 5919793.875 ], [ 41229.0, 5919793.875 ], [ 41229.0, 5919793.950000000186265 ], [ 41228.69999999999709, 5919793.950000000186265 ], [ 41228.69999999999709, 5919794.025000000372529 ], [ 41228.400000000001455, 5919794.025000000372529 ], [ 41228.400000000001455, 5919794.099999999627471 ], [ 41228.17500000000291, 5919794.099999999627471 ], [ 41228.17500000000291, 5919794.174999999813735 ], [ 41227.94999999999709, 5919794.174999999813735 ], [ 41227.94999999999709, 5919794.25 ], [ 41227.724999999998545, 5919794.25 ], [ 41227.724999999998545, 5919794.325000000186265 ], [ 41227.5, 5919794.325000000186265 ], [ 41227.5, 5919794.400000000372529 ], [ 41227.275000000001455, 5919794.400000000372529 ], [ 41227.275000000001455, 5919794.474999999627471 ], [ 41227.125, 5919794.474999999627471 ], [ 41227.125, 5919794.549999999813735 ], [ 41226.82499999999709, 5919794.549999999813735 ] ] ] } },
{ "type": "Feature", "properties": { "value": 1.0, "building_id": 2, "area": 316.0575000003912 }, "geometry": { "type": "Polygon", "coordinates": [ [ [ 41217.07499999999709, 5919779.325000000186265 ], [ 41217.07499999999709, 5919779.25 ], [ 41217.0, 5919779.25 ], [ 41217.0, 5919779.174999999813735 ], [ 41216.849999999998545, 5919779.174999999813735 ], [ 41216.849999999998545, 5919779.099999999627471 ], [ 41216.775000000001455, 5919779.099999999627471 ], [ 41216.775000000001455, 5919779.025000000372529 ], [ 41216.625, 5919779.025000000372529 ], [ 41216.625, 5919778.950000000186265 ], [ 41216.474999999998545, 5919778.950000000186265 ], [ 41216.474999999998545, 5919778.875 ], [ 41216.25, 5919778.875 ], [ 41216.25, 5919778.799999999813735 ], [ 41216.099999999998545, 5919778.799999999813735 ], [ 41216.099999999998545, 5919778.724999999627471 ], [ 41215.875, 5919778.724999999627471 ], [ 41215.875, 5919778.650000000372529 ], [ 41215.724999999998545, 5919778.650000000372529 ], [ 41215.724999999998545, 5919778.575000000186265 ], [ 41215.42500000000291, 5919778.575000000186265 ], [ 41215.42500000000291, 5919778.5 ], [ 41215.19999999999709, 5919778.5 ], [ 41215.19999999999709, 5919778.424999999813735 ], [ 41214.75, 5919778.424999999813735 ], [ 41214.75, 5919778.349999999627471 ], [ 41214.30000000000291, 5919778.349999999627471 ], [ 41214.30000000000291, 5919778.275000000372529 ], [ 41213.775000000001455, 5919778.275000000372529 ], [ 41213.775000000001455, 5919778.200000000186265 ], [ 41213.25, 5919778.200000000186265 ], [ 41213.25, 5919778.125 ], [ 41212.57499999999709, 5919778.125 ], [ 41212.57499999999709, 5919778.049999999813735 ], [ 41211.82499999999709, 5919778.049999999813735 ], [ 41211.82499999999709, 5919777.974999999627471 ], [ 41211.30000000000291, 5919777.974999999627471 ], [ 41211.30000000000291, 5919777.900000000372529 ], [ 41211.0, 5919777.900000000372529 ], [ 41211.0, 5919777.825000000186265 ], [ 41210.775000000001455, 5919777.825000000186265 ], [ 41210.775000000001455, 5919777.75 ], [ 41210.55000000000291, 5919777.75 ], [ 41210.55000000000291, 5919777.674999999813735 ], [ 41210.32499999999709, 5919777.674999999813735 ], [ 41210.32499999999709, 5919777.599999999627471 ], [ 41210.17500000000291, 5919777.599999999627471 ], [ 41210.17500000000291, 5919777.525000000372529 ], [ 41209.94999999999709, 5919777.525000000372529 ], [ 41209.94999999999709, 5919777.450000000186265 ], [ 41209.80000000000291, 5919777.450000000186265 ], [ 41209.80000000000291, 5919777.375 ], [ 41209.650000000001455, 5919777.375 ], [ 41209.650000000001455, 5919777.299999999813735 ], [ 41209.5, 5919777.299999999813735 ], [ 41209.5, 5919777.224999999627471 ], [ 41209.42500000000291, 5919777.224999999627471 ], [ 41209.42500000000291, 5919777.150000000372529 ], [ 41209.275000000001455, 5919777.150000000372529 ], [ 41209.275000000001455, 5919777.075000000186265 ], [ 41209.19999999999709, 5919777.075000000186265 ], [ 41209.19999999999709, 5919777.0 ], [ 41209.05000000000291, 5919777.0 ], [ 41209.05000000000291, 5919776.924999999813735 ], [ 41208.900000000001455, 5919776.924999999813735 ], [ 41208.900000000001455, 5919776.849999999627471 ], [ 41208.75, 5919776.849999999627471 ], [ 41208.75, 5919776.775000000372529 ], [ 41208.599999999998545, 5919776.775000000372529 ], [ 41208.599999999998545, 5919776.700000000186265 ], [ 41208.44999999999709, 5919776.700000000186265 ], [ 41208.44999999999709, 5919776.625 ], [ 41208.224999999998545, 5919776.625 ], [ 41208.224999999998545, 5919776.549999999813735 ], [ 41208.07499999999709, 5919776.549999999813735 ], [ 41208.07499999999709, 5919776.474999999627471 ], [ 41207.849999999998545, 5919776.474999999627471 ], [ 41207.849999999998545, 5919776.400000000372529 ], [ 41207.625, 5919776.400000000372529 ], [ 41207.625, 5919776.325000000186265 ], [ 41207.400000000001455, 5919776.325000000186265 ], [ 41207.400000000001455, 5919776.25 ], [ 41207.17500000000291, 5919776.25 ], [ 41207.17500000000291, 5919776.174999999813735 ], [ 41206.94999999999709, 5919776.174999999813735 ], [ 41206.94999999999709, 5919776.099999999627471 ], [ 41206.80000000000291, 5919776.099999999627471 ], [ 41206.80000000000291, 5919776.025000000372529 ], [ 41206.650000000001455, 5919776.025000000372529 ], [ 41206.650000000001455, 5919775.950000000186265 ], [ 41206.5, 5919775.950000000186265 ], [ 41206.5, 5919775.875 ], [ 41206.42500000000291, 5919775.875 ], [ 41206.42500000000291, 5919775.799999999813735 ], [ 41206.275000000001455, 5919775.799999999813735 ], [ 41206.275000000001455, 5919775.724999999627471 ], [ 41206.19999999999709, 5919775.724999999627471 ], [ 41206.19999999999709, 5919775.650000000372529 ], [ 41206.125, 5919775.650000000372529 ], [ 41206.125, 5919775.575000000186265 ], [ 41205.974999999998545, 5919775.575000000186265 ], [ 41205.974999999998545, 5919775.5 ], [ 41205.900000000001455, 5919775.5 ], [ 41205.900000000001455, 5919775.424999999813735 ], [ 41205.82499999999709, 5919775.424999999813735 ], [ 41205.82499999999709, 5919775.349999999627471 ], [ 41205.75, 5919775.349999999627471 ], [ 41205.75, 5919775.275000000372529 ], [ 41205.67500000000291, 5919775.275000000372529 ], [ 41205.67500000000291, 5919775.200000000186265 ], [ 41205.599999999998545, 5919775.200000000186265 ], [ 41205.599999999998545, 5919775.125 ], [ 41205.525000000001455, 5919775.125 ], [ 41205.525000000001455, 5919775.049999999813735 ], [ 41205.44999999999709, 5919775.049999999813735 ], [ 41205.44999999999709, 5919774.974999999627471 ], [ 41205.375, 5919774.974999999627471 ], [ 41205.375, 5919774.900000000372529 ], [ 41205.224999999998545, 5919774.900000000372529 ], [ 41205.224999999998545, 5919774.825000000186265 ], [ 41205.150000000001455, 5919774.825000000186265 ], [ 41205.150000000001455, 5919774.75 ], [ 41205.07499999999709, 5919774.75 ], [ 41205.07499999999709, 5919774.674999999813735 ], [ 41205.0, 5919774.674999999813735 ], [ 41205.0, 5919774.599999999627471 ], [ 41204.92500000000291, 5919774.599999999627471 ], [ 41204.92500000000291, 5919774.525000000372529 ], [ 41204.849999999998545, 5919774.525000000372529 ], [ 41204.849999999998545, 5919774.450000000186265 ], [ 41204.775000000001455, 5919774.450000000186265 ], [ 41204.775000000001455, 5919774.375 ], [ 41204.69999999999709, 5919774.375 ], [ 41204.69999999999709, 5919774.299999999813735 ], [ 41204.625, 5919774.299999999813735 ], [ 41204.625, 5919774.224999999627471 ], [ 41204.55000000000291, 5919774.224999999627471 ], [ 41204.55000000000291, 5919774.150000000372529 ], [ 41204.474999999998545, 5919774.150000000372529 ], [ 41204.474999999998545, 5919774.075000000186265 ], [ 41204.400000000001455, 5919774.075000000186265 ], [ 41204.400000000001455, 5919774.0 ], [ 41204.32499999999709, 5919774.0 ], [ 41204.32499999999709, 5919773.924999999813735 ], [ 41204.25, 5919773.924999999813735 ], [ 41204.25, 5919773.849999999627471 ], [ 41204.17500000000291, 5919773.849999999627471 ], [ 41204.17500000000291, 5919773.775000000372529 ], [ 41204.099999999998545, 5919773.775000000372529 ], [ 41204.099999999998545, 5919773.700000000186265 ], [ 41204.025000000001455, 5919773.700000000186265 ], [ 41204.025000000001455, 5919773.625 ], [ 41203.94999999999709, 5919773.625 ], [ 41203.94999999999709, 5919773.474999999627471 ], [ 41203.875, 5919773.474999999627471 ], [ 41203.875, 5919773.400000000372529 ], [ 41203.80000000000291, 5919773.400000000372529 ], [ 41203.80000000000291, 5919773.325000000186265 ], [ 41203.724999999998545, 5919773.325000000186265 ], [ 41203.724999999998545, 5919773.174999999813735 ], [ 41203.650000000001455, 5919773.174999999813735 ], [ 41203.650000000001455, 5919773.099999999627471 ], [ 41203.57499999999709, 5919773.099999999627471 ], [ 41203.57499999999709, 5919773.025000000372529 ], [ 41203.5, 5919773.025000000372529 ], [ 41203.5, 5919772.950000000186265 ], [ 41203.42500000000291, 5919772.950000000186265 ], [ 41203.42500000000291, 5919772.875 ], [ 41203.349999999998545, 5919772.875 ], [ 41203.349999999998545, 5919772.724999999627471 ], [ 41203.275000000001455, 5919772.724999999627471 ], [ 41203.275000000001455, 5919772.650000000372529 ], [ 41203.19999999999709, 5919772.650000000372529 ], [ 41203.19999999999709, 5919772.575000000186265 ], [ 41203.125, 5919772.575000000186265 ], [ 41203.125, 5919772.424999999813735 ], [ 41203.05000000000291, 5919772.424999999813735 ], [ 41203.05000000000291, 5919772.349999999627471 ], [ 41202.974999999998545, 5919772.349999999627471 ], [ 41202.974999999998545, 5919772.200000000186265 ], [ 41202.900000000001455, 5919772.200000000186265 ], [ 41202.900000000001455, 5919772.125 ], [ 41202.82499999999709, 5919772.125 ], [ 41202.82499999999709, 5919771.974999999627471 ], [ 41202.75, 5919771.974999999627471 ], [ 41202.75, 5919771.825000000186265 ], [ 41202.67500000000291, 5919771.825000000186265 ], [ 41202.67500000000291, 5919771.674999999813735 ], [ 41202.599999999998545, 5919771.674999999813735 ], [ 41202.599999999998545, 5919771.525000000372529 ], [ 41202.525000000001455, 5919771.525000000372529 ], [ 41202.525000000001455, 5919771.375 ], [ 41202.44999999999709, 5919771.375 ], [ 41202.44999999999709, 5919770.924999999813735 ], [ 41202.375, 5919770.924999999813735 ], [ 41202.375, 5919770.474999999627471 ], [ 41202.30000000000291, 5919770.474999999627471 ], [ 41202.30000000000291, 5919770.099999999627471 ], [ 41202.224999999998545, 5919770.099999999627471 ], [ 41202.224999999998545, 5919769.724999999627471 ], [ 41202.150000000001455, 5919769.724999999627471 ], [ 41202.150000000001455, 5919769.125 ], [ 41202.224999999998545, 5919769.125 ], [ 41202.224999999998545, 5919768.825000000186265 ], [ 41202.30000000000291, 5919768.825000000186265 ], [ 41202.30000000000291, 5919768.450000000186265 ], [ 41202.375, 5919768.450000000186265 ], [ 41202.375, 5919768.075000000186265 ], [ 41202.44999999999709, 5919768.075000000186265 ], [ 41202.44999999999709, 5919767.700000000186265 ], [ 41202.525000000001455, 5919767.700000000186265 ], [ 41202.525000000001455, 5919767.325000000186265 ], [ 41202.599999999998545, 5919767.325000000186265 ], [ 41202.599999999998545, 5919767.099999999627471 ], [ 41202.67500000000291, 5919767.099999999627471 ], [ 41202.67500000000291, 5919766.875 ], [ 41202.75, 5919766.875 ], [ 41202.75, 5919766.724999999627471 ], [ 41202.82499999999709, 5919766.724999999627471 ], [ 41202.82499999999709, 5919766.5 ], [ 41202.900000000001455, 5919766.5 ], [ 41202.900000000001455, 5919766.349999999627471 ], [ 41202.974999999998545, 5919766.349999999627471 ], [ 41202.974999999998545, 5919766.200000000186265 ], [ 41203.05000000000291, 5919766.200000000186265 ], [ 41203.05000000000291, 5919766.125 ], [ 41203.125, 5919766.125 ], [ 41203.125, 5919765.974999999627471 ], [ 41203.19999999999709, 5919765.974999999627471 ], [ 41203.19999999999709, 5919765.825000000186265 ], [ 41203.275000000001455, 5919765.825000000186265 ], [ 41203.275000000001455, 5919765.75 ], [ 41203.349999999998545, 5919765.75 ], [ 41203.349999999998545, 5919765.599999999627471 ], [ 41203.42500000000291, 5919765.599999999627471 ], [ 41203.42500000000291, 5919765.525000000372529 ], [ 41203.5, 5919765.525000000372529 ], [ 41203.5, 5919765.450000000186265 ], [ 41203.57499999999709, 5919765.450000000186265 ], [ 41203.57499999999709, 5919765.299999999813735 ], [ 41203.650000000001455, 5919765.299999999813735 ], [ 41203.650000000001455, 5919765.150000000372529 ], [ 41203.724999999998545, 5919765.150000000372529 ], [ 41203.724999999998545, 5919765.0 ], [ 41203.80000000000291, 5919765.0 ], [ 41203.80000000000291, 5919764.924999999813735 ], [ 41203.875, 5919764.924999999813735 ], [ 41203.875, 5919764.775000000372529 ], [ 41203.94999999999709, 5919764.775000000372529 ], [ 41203.94999999999709, 5919764.700000000186265 ], [ 41204.025000000001455, 5919764.700000000186265 ], [ 41204.025000000001455, 5919764.549999999813735 ], [ 41204.099999999998545, 5919764.549999999813735 ], [ 41204.099999999998545, 5919764.474999999627471 ], [ 41204.17500000000291, 5919764.474999999627471 ], [ 41204.17500000000291, 5919764.400000000372529 ], [ 41204.25, 5919764.400000000372529 ], [ 41204.25, 5919764.325000000186265 ], [ 41204.32499999999709, 5919764.325000000186265 ], [ 41204.32499999999709, 5919764.25 ], [ 41204.400000000001455, 5919764.25 ], [ 41204.400000000001455, 5919764.174999999813735 ], [ 41204.474999999998545, 5919764.174999999813735 ], [ 41204.474999999998545, 5919764.099999999627471 ], [ 41204.55000000000291, 5919764.099999999627471 ], [ 41204.55000000000291, 5919764.025000000372529 ], [ 41204.69999999999709, 5919764.025000000372529 ], [ 41204.69999999999709, 5919763.950000000186265 ], [ 41204.775000000001455, 5919763.950000000186265 ], [ 41204.775000000001455, 5919763.875 ], [ 41204.849999999998545, 5919763.875 ], [ 41204.849999999998545, 5919763.799999999813735 ], [ 41205.0, 5919763.799999999813735 ], [ 41205.0, 5919763.724999999627471 ], [ 41205.07499999999709, 5919763.724999999627471 ], [ 41205.07499999999709, 5919763.650000000372529 ], [ 41205.150000000001455, 5919763.650000000372529 ], [ 41205.150000000001455, 5919763.575000000186265 ], [ 41205.30000000000291, 5919763.575000000186265 ], [ 41205.30000000000291, 5919763.424999999813735 ], [ 41205.375, 5919763.424999999813735 ], [ 41205.375, 5919763.349999999627471 ], [ 41205.44999999999709, 5919763.349999999627471 ], [ 41205.44999999999709, 5919763.275000000372529 ], [ 41205.525000000001455, 5919763.275000000372529 ], [ 41205.525000000001455, 5919763.200000000186265 ], [ 41205.599999999998545, 5919763.200000000186265 ], [ 41205.599999999998545, 5919763.125 ], [ 41205.67500000000291, 5919763.125 ], [ 41205.67500000000291, 5919763.049999999813735 ], [ 41205.75, 5919763.049999999813735 ], [ 41205.75, 5919762.974999999627471 ], [ 41205.82499999999709, 5919762.974999999627471 ], [ 41205.82499999999709, 5919762.900000000372529 ], [ 41205.900000000001455, 5919762.900000000372529 ], [ 41205.900000000001455, 5919762.825000000186265 ], [ 41205.974999999998545, 5919762.825000000186265 ], [ 41205.974999999998545, 5919762.75 ], [ 41206.05000000000291, 5919762.75 ], [ 41206.05000000000291, 5919762.674999999813735 ], [ 41206.125, 5919762.674999999813735 ], [ 41206.125, 5919762.599999999627471 ], [ 41206.19999999999709, 5919762.599999999627471 ], [ 41206.19999999999709, 5919762.525000000372529 ], [ 41206.275000000001455, 5919762.525000000372529 ], [ 41206.275000000001455, 5919762.450000000186265 ], [ 41206.42500000000291, 5919762.450000000186265 ], [ 41206.42500000000291, 5919762.375 ], [ 41206.5, 5919762.375 ], [ 41206.5, 5919762.299999999813735 ], [ 41206.650000000001455, 5919762.299999999813735 ], [ 41206.650000000001455, 5919762.224999999627471 ], [ 41206.80000000000291, 5919762.224999999627471 ], [ 41206.80000000000291, 5919762.150000000372529 ], [ 41206.875, 5919762.150000000372529 ], [ 41206.875, 5919762.075000000186265 ], [ 41207.025000000001455, 5919762.075000000186265 ], [ 41207.025000000001455, 5919762.0 ], [ 41207.17500000000291, 5919762.0 ], [ 41207.17500000000291, 5919761.924999999813735 ], [ 41207.400000000001455, 5919761.924999999813735 ], [ 41207.400000000001455, 5919761.849999999627471 ], [ 41207.55000000000291, 5919761.849999999627471 ], [ 41207.55000000000291, 5919761.775000000372529 ], [ 41207.69999999999709, 5919761.775000000372529 ], [ 41207.69999999999709, 5919761.700000000186265 ], [ 41207.849999999998545, 5919761.700000000186265 ], [ 41207.849999999998545, 5919761.625 ], [ 41207.92500000000291, 5919761.625 ], [ 41207.92500000000291, 5919761.549999999813735 ], [ 41208.0, 5919761.549999999813735 ], [ 41208.0, 5919761.400000000372529 ], [ 41208.07499999999709, 5919761.400000000372529 ], [ 41208.07499999999709, 5919761.325000000186265 ], [ 41208.150000000001455, 5919761.325000000186265 ], [ 41208.150000000001455, 5919761.25 ], [ 41208.224999999998545, 5919761.25 ], [ 41208.224999999998545, 5919761.099999999627471 ], [ 41208.30000000000291, 5919761.099999999627471 ], [ 41208.30000000000291, 5919761.025000000372529 ], [ 41208.375, 5919761.025000000372529 ], [ 41208.375, 5919760.950000000186265 ], [ 41208.44999999999709, 5919760.950000000186265 ], [ 41208.44999999999709, 5919760.875 ], [ 41208.599999999998545, 5919760.875 ], [ 41208.599999999998545, 5919760.799999999813735 ], [ 41208.67500000000291, 5919760.799999999813735 ], [ 41208.67500000000291, 5919760.724999999627471 ], [ 41208.75, 5919760.724999999627471 ], [ 41208.75, 5919760.650000000372529 ], [ 41208.900000000001455, 5919760.650000000372529 ], [ 41208.900000000001455, 5919760.575000000186265 ], [ 41209.05000000000291, 5919760.575000000186265 ], [ 41209.05000000000291, 5919760.5 ], [ 41209.19999999999709, 5919760.5 ], [ 41209.19999999999709, 5919760.424999999813735 ], [ 41209.80000000000291, 5919760.424999999813735 ], [ 41209.80000000000291, 5919760.349999999627471 ], [ 41211.599999999998545, 5919760.349999999627471 ], [ 41211.599999999998545, 5919760.424999999813735 ], [ 41211.974999999998545, 5919760.424999999813735 ], [ 41211.974999999998545, 5919760.5 ], [ 41212.349999999998545, 5919760.5 ], [ 41212.349999999998545, 5919760.575000000186265 ], [ 41212.724999999998545, 5919760.575000000186265 ], [ 41212.724999999998545, 5919760.650000000372529 ], [ 41213.099999999998545, 5919760.650000000372529 ], [ 41213.099999999998545, 5919760.724999999627471 ], [ 41213.474999999998545, 5919760.724999999627471 ], [ 41213.474999999998545, 5919760.799999999813735 ], [ 41213.775000000001455, 5919760.799999999813735 ], [ 41213.775000000001455, 5919760.875 ], [ 41214.07499999999709, 5919760.875 ], [ 41214.07499999999709, 5919760.950000000186265 ], [ 41214.375, 5919760.950000000186265 ], [ 41214.375, 5919761.025000000372529 ], [ 41214.67500000000291, 5919761.025000000372529 ], [ 41214.67500000000291, 5919761.099999999627471 ], [ 41214.900000000001455, 5919761.099999999627471 ], [ 41214.900000000001455, 5919761.174999999813735 ], [ 41215.125, 5919761.174999999813735 ], [ 41215.125, 5919761.25 ], [ 41215.349999999998545, 5919761.25 ], [ 41215.349999999998545, 5919761.325000000186265 ], [ 41215.57499999999709, 5919761.325000000186265 ], [ 41215.57499999999709, 5919761.400000000372529 ], [ 41215.80000000000291, 5919761.400000000372529 ], [ 41215.80000000000291, 5919761.474999999627471 ], [ 41216.025000000001455, 5919761.474999999627471 ], [ 41216.025000000001455, 5919761.549999999813735 ], [ 41216.17500000000291, 5919761.549999999813735 ], [ 41216.17500000000291, 5919761.625 ], [ 41216.474999999998545, 5919761.625 ], [ 41216.474999999998545, 5919761.700000000186265 ], [ 41216.92500000000291, 5919761.700000000186265 ], [ 41216.92500000000291, 5919761.775000000372529 ], [ 41217.224999999998545, 5919761.775000000372529 ], [ 41217.224999999998545, 5919761.849999999627471 ], [ 41217.44999999999709, 5919761.849999999627471 ], [ 41217.44999999999709, 5919761.924999999813735 ], [ 41217.67500000000291, 5919761.924999999813735 ], [ 41217.67500000000291, 5919762.0 ], [ 41217.82499999999709, 5919762.0 ], [ 41217.82499999999709, 5919762.075000000186265 ], [ 41218.05000000000291, 5919762.075000000186265 ], [ 41218.05000000000291, 5919762.150000000372529 ], [ 41218.275000000001455, 5919762.150000000372529 ], [ 41218.275000000001455, 5919762.224999999627471 ], [ 41218.5, 5919762.224999999627471 ], [ 41218.5, 5919762.299999999813735 ], [ 41218.724999999998545, 5919762.299999999813735 ], [ 41218.724999999998545, 5919762.375 ], [ 41219.025000000001455, 5919762.375 ], [ 41219.025000000001455, 5919762.450000000186265 ], [ 41219.17500000000291, 5919762.450000000186265 ], [ 41219.17500000000291, 5919762.525000000372529 ], [ 41219.32499999999709, 5919762.525000000372529 ], [ 41219.32499999999709, 5919762.599999999627471 ], [ 41219.474999999998545, 5919762.599999999627471 ], [ 41219.474999999998545, 5919762.674999999813735 ], [ 41219.55000000000291, 5919762.674999999813735 ], [ 41219.55000000000291, 5919762.75 ], [ 41219.625, 5919762.75 ], [ 41219.625, 5919762.825000000186265 ], [ 41219.775000000001455, 5919762.825000000186265 ], [ 41219.775000000001455, 5919762.900000000372529 ], [ 41219.849999999998545, 5919762.900000000372529 ], [ 41219.849999999998545, 5919762.974999999627471 ], [ 41219.92500000000291, 5919762.974999999627471 ], [ 41219.92500000000291, 5919763.049999999813735 ], [ 41220.0, 5919763.049999999813735 ], [ 41220.0, 5919763.125 ], [ 41220.07499999999709, 5919763.125 ], [ 41220.07499999999709, 5919763.200000000186265 ], [ 41220.150000000001455, 5919763.200000000186265 ], [ 41220.150000000001455, 5919763.275000000372529 ], [ 41220.224999999998545, 5919763.275000000372529 ], [ 41220.224999999998545, 5919763.349999999627471 ], [ 41220.30000000000291, 5919763.349999999627471 ], [ 41220.30000000000291, 5919763.424999999813735 ], [ 41220.375, 5919763.424999999813735 ], [ 41220.375, 5919763.5 ], [ 41220.44999999999709, 5919763.5 ], [ 41220.44999999999709, 5919763.575000000186265 ], [ 41220.525000000001455, 5919763.575000000186265 ], [ 41220.525000000001455, 5919763.650000000372529 ], [ 41220.599999999998545, 5919763.650000000372529 ], [ 41220.599999999998545, 5919763.724999999627471 ], [ 41220.67500000000291, 5919763.724999999627471 ], [ 41220.67500000000291, 5919763.799999999813735 ], [ 41220.75, 5919763.799999999813735 ], [ 41220.75, 5919763.875 ], [ 41220.900000000001455, 5919763.875 ], [ 41220.900000000001455, 5919763.950000000186265 ], [ 41220.974999999998545, 5919763.950000000186265 ], [ 41220.974999999998545, 5919764.025000000372529 ], [ 41221.125, 5919764.025000000372529 ], [ 41221.125, 5919764.099999999627471 ], [ 41221.19999999999709, 5919764.099999999627471 ], [ 41221.19999999999709, 5919764.174999999813735 ], [ 41221.349999999998545, 5919764.174999999813735 ], [ 41221.349999999998545, 5919764.25 ], [ 41221.42500000000291, 5919764.25 ], [ 41221.42500000000291, 5919764.325000000186265 ], [ 41221.57499999999709, 5919764.325000000186265 ], [ 41221.57499999999709, 5919764.400000000372529 ], [ 41221.650000000001455, 5919764.400000000372529 ], [ 41221.650000000001455, 5919764.474999999627471 ], [ 41221.80000000000291, 5919764.474999999627471 ], [ 41221.80000000000291, 5919764.549999999813735 ], [ 41221.875, 5919764.549999999813735 ], [ 41221.875, 5919764.625 ], [ 41221.94999999999709, 5919764.625 ], [ 41221.94999999999709, 5919764.700000000186265 ], [ 41222.025000000001455, 5919764.700000000186265 ], [ 41222.025000000001455, 5919764.775000000372529 ], [ 41222.17500000000291, 5919764.775000000372529 ], [ 41222.17500000000291, 5919764.849999999627471 ], [ 41222.25, 5919764.849999999627471 ], [ 41222.25, 5919764.924999999813735 ], [ 41222.32499999999709, 5919764.924999999813735 ], [ 41222.32499999999709, 5919765.0 ], [ 41222.400000000001455, 5919765.0 ], [ 41222.400000000001455, 5919765.075000000186265 ], [ 41222.474999999998545, 5919765.075000000186265 ], [ 41222.474999999998545, 5919765.150000000372529 ], [ 41222.55000000000291, 5919765.150000000372529 ], [ 41222.55000000000291, 5919765.224999999627471 ], [ 41222.625, 5919765.224999999627471 ], [ 41222.625, 5919765.299999999813735 ], [ 41222.69999999999709, 5919765.299999999813735 ], [ 41222.69999999999709, 5919765.375 ], [ 41222.775000000001455, 5919765.375 ], [ 41222.775000000001455, 5919765.525000000372529 ], [ 41222.849999999998545, 5919765.525000000372529 ], [ 41222.849999999998545, 5919765.599999999627471 ], [ 41222.92500000000291, 5919765.599999999627471 ], [ 41222.92500000000291, 5919765.674999999813735 ], [ 41223.0, 5919765.674999999813735 ], [ 41223.0, 5919765.75 ], [ 41223.07499999999709, 5919765.75 ], [ 41223.07499999999709, 5919765.825000000186265 ], [ 41223.150000000001455, 5919765.825000000186265 ], [ 41223.150000000001455, 5919765.900000000372529 ], [ 41223.224999999998545, 5919765.900000000372529 ], [ 41223.224999999998545, 5919765.974999999627471 ], [ 41223.30000000000291, 5919765.974999999627471 ], [ 41223.30000000000291, 5919766.125 ], [ 41223.375, 5919766.125 ], [ 41223.375, 5919766.200000000186265 ], [ 41223.44999999999709, 5919766.200000000186265 ], [ 41223.44999999999709, 5919766.275000000372529 ], [ 41223.525000000001455, 5919766.275000000372529 ], [ 41223.525000000001455, 5919766.424999999813735 ], [ 41223.599999999998545, 5919766.424999999813735 ], [ 41223.599999999998545, 5919766.575000000186265 ], [ 41223.67500000000291, 5919766.575000000186265 ], [ 41223.67500000000291, 5919766.724999999627471 ], [ 41223.75, 5919766.724999999627471 ], [ 41223.75, 5919766.799999999813735 ], [ 41223.82499999999709, 5919766.799999999813735 ], [ 41223.82499999999709, 5919767.025000000372529 ], [ 41223.900000000001455, 5919767.025000000372529 ], [ 41223.900000000001455, 5919767.174999999813735 ], [ 41223.974999999998545, 5919767.174999999813735 ], [ 41223.974999999998545, 5919767.325000000186265 ], [ 41224.05000000000291, 5919767.325000000186265 ], [ 41224.05000000000291, 5919767.625 ], [ 41224.125, 5919767.625 ], [ 41224.125, 5919767.849999999627471 ], [ 41224.19999999999709, 5919767.849999999627471 ], [ 41224.19999999999709, 5919768.075000000186265 ], [ 41224.275000000001455, 5919768.075000000186265 ], [ 41224.275000000001455, 5919768.299999999813735 ], [ 41224.349999999998545, 5919768.299999999813735 ], [ 41224.349999999998545, 5919768.525000000372529 ], [ 41224.42500000000291, 5919768.525000000372529 ], [ 41224.42500000000291, 5919768.75 ], [ 41224.5, 5919768.75 ], [ 41224.5, 5919768.974999999627471 ], [ 41224.57499999999709, 5919768.974999999627471 ], [ 41224.57499999999709, 5919769.125 ], [ 41224.650000000001455, 5919769.125 ], [ 41224.650000000001455, 5919769.349999999627471 ], [ 41224.724999999998545, 5919769.349999999627471 ], [ 41224.724999999998545, 5919769.575000000186265 ], [ 41224.80000000000291, 5919769.575000000186265 ], [ 41224.80000000000291, 5919770.025000000372529 ], [ 41224.875, 5919770.025000000372529 ], [ 41224.875, 5919770.474999999627471 ], [ 41224.94999999999709, 5919770.474999999627471 ], [ 41224.94999999999709, 5919770.849999999627471 ], [ 41225.025000000001455, 5919770.849999999627471 ], [ 41225.025000000001455, 5919771.075000000186265 ], [ 41225.099999999998545, 5919771.075000000186265 ], [ 41225.099999999998545, 5919771.974999999627471 ], [ 41225.025000000001455, 5919771.974999999627471 ], [ 41225.025000000001455, 5919772.200000000186265 ], [ 41224.94999999999709, 5919772.200000000186265 ], [ 41224.94999999999709, 5919772.349999999627471 ], [ 41224.875, 5919772.349999999627471 ], [ 41224.875, 5919772.5 ], [ 41224.80000000000291, 5919772.5 ], [ 41224.80000000000291, 5919772.650000000372529 ], [ 41224.724999999998545, 5919772.650000000372529 ], [ 41224.724999999998545, 5919772.875 ], [ 41224.650000000001455, 5919772.875 ], [ 41224.650000000001455, 5919773.025000000372529 ], [ 41224.57499999999709, 5919773.025000000372529 ], [ 41224.57499999999709, 5919773.25 ], [ 41224.5, 5919773.25 ], [ 41224.5, 5919773.400000000372529 ], [ 41224.42500000000291, 5919773.400000000372529 ], [ 41224.42500000000291, 5919773.625 ], [ 41224.349999999998545, 5919773.625 ], [ 41224.349999999998545, 5919773.775000000372529 ], [ 41224.275000000001455, 5919773.775000000372529 ], [ 41224.275000000001455, 5919773.924999999813735 ], [ 41224.19999999999709, 5919773.924999999813735 ], [ 41224.19999999999709, 5919774.0 ], [ 41224.125, 5919774.0 ], [ 41224.125, 5919774.150000000372529 ], [ 41224.05000000000291, 5919774.150000000372529 ], [ 41224.05000000000291, 5919774.299999999813735 ], [ 41223.974999999998545, 5919774.299999999813735 ], [ 41223.974999999998545, 5919774.375 ], [ 41223.900000000001455, 5919774.375 ], [ 41223.900000000001455, 5919774.525000000372529 ], [ 41223.82499999999709, 5919774.525000000372529 ], [ 41223.82499999999709, 5919774.599999999627471 ], [ 41223.75, 5919774.599999999627471 ], [ 41223.75, 5919774.674999999813735 ], [ 41223.67500000000291, 5919774.674999999813735 ], [ 41223.67500000000291, 5919774.75 ], [ 41223.599999999998545, 5919774.75 ], [ 41223.599999999998545, 5919774.900000000372529 ], [ 41223.525000000001455, 5919774.900000000372529 ], [ 41223.525000000001455, 5919774.974999999627471 ], [ 41223.44999999999709, 5919774.974999999627471 ], [ 41223.44999999999709, 5919775.049999999813735 ], [ 41223.375, 5919775.049999999813735 ], [ 41223.375, 5919775.125 ], [ 41223.30000000000291, 5919775.125 ], [ 41223.30000000000291, 5919775.200000000186265 ], [ 41223.224999999998545, 5919775.200000000186265 ], [ 41223.224999999998545, 5919775.275000000372529 ], [ 41223.07499999999709, 5919775.275000000372529 ], [ 41223.07499999999709, 5919775.349999999627471 ], [ 41223.0, 5919775.349999999627471 ], [ 41223.0, 5919775.5 ], [ 41222.92500000000291, 5919775.5 ], [ 41222.92500000000291, 5919775.575000000186265 ], [ 41222.849999999998545, 5919775.575000000186265 ], [ 41222.849999999998545, 5919775.650000000372529 ], [ 41222.775000000001455, 5919775.650000000372529 ], [ 41222.775000000001455, 5919775.724999999627471 ], [ 41222.69999999999709, 5919775.724999999627471 ], [ 41222.69999999999709, 5919775.875 ], [ 41222.625, 5919775.875 ], [ 41222.625, 5919775.950000000186265 ], [ 41222.55000000000291, 5919775.950000000186265 ], [ 41222.55000000000291, 5919776.025000000372529 ], [ 41222.474999999998545, 5919776.025000000372529 ], [ 41222.474999999998545, 5919776.099999999627471 ], [ 41222.400000000001455, 5919776.099999999627471 ], [ 41222.400000000001455, 5919776.174999999813735 ], [ 41222.32499999999709, 5919776.174999999813735 ], [ 41222.32499999999709, 5919776.25 ], [ 41222.25, 5919776.25 ], [ 41222.25, 5919776.325000000186265 ], [ 41222.17500000000291, 5919776.325000000186265 ], [ 41222.17500000000291, 5919776.400000000372529 ], [ 41222.099999999998545, 5919776.400000000372529 ], [ 41222.099999999998545, 5919776.474999999627471 ], [ 41222.025000000001455, 5919776.474999999627471 ], [ 41222.025000000001455, 5919776.549999999813735 ], [ 41221.94999999999709, 5919776.549999999813735 ], [ 41221.94999999999709, 5919776.625 ], [ 41221.875, 5919776.625 ], [ 41221.875, 5919776.700000000186265 ], [ 41221.80000000000291, 5919776.700000000186265 ], [ 41221.80000000000291, 5919776.775000000372529 ], [ 41221.724999999998545, 5919776.775000000372529 ], [ 41221.724999999998545, 5919776.849999999627471 ], [ 41221.57499999999709, 5919776.849999999627471 ], [ 41221.57499999999709, 5919776.924999999813735 ], [ 41221.5, 5919776.924999999813735 ], [ 41221.5, 5919777.0 ], [ 41221.42500000000291, 5919777.0 ], [ 41221.42500000000291, 5919777.075000000186265 ], [ 41221.349999999998545, 5919777.075000000186265 ], [ 41221.349999999998545, 5919777.150000000372529 ], [ 41221.275000000001455, 5919777.150000000372529 ], [ 41221.275000000001455, 5919777.224999999627471 ], [ 41221.125, 5919777.224999999627471 ], [ 41221.125, 5919777.299999999813735 ], [ 41221.05000000000291, 5919777.299999999813735 ], [ 41221.05000000000291, 5919777.450000000186265 ], [ 41220.974999999998545, 5919777.450000000186265 ], [ 41220.974999999998545, 5919777.525000000372529 ], [ 41220.900000000001455, 5919777.525000000372529 ], [ 41220.900000000001455, 5919777.599999999627471 ], [ 41220.82499999999709, 5919777.599999999627471 ], [ 41220.82499999999709, 5919777.674999999813735 ], [ 41220.75, 5919777.674999999813735 ], [ 41220.75, 5919777.75 ], [ 41220.67500000000291, 5919777.75 ], [ 41220.67500000000291, 5919777.825000000186265 ], [ 41220.599999999998545, 5919777.825000000186265 ], [ 41220.599999999998545, 5919777.900000000372529 ], [ 41220.525000000001455, 5919777.900000000372529 ], [ 41220.525000000001455, 5919777.974999999627471 ], [ 41220.44999999999709, 5919777.974999999627471 ], [ 41220.44999999999709, 5919778.049999999813735 ], [ 41220.375, 5919778.049999999813735 ], [ 41220.375, 5919778.125 ], [ 41220.30000000000291, 5919778.125 ], [ 41220.30000000000291, 5919778.200000000186265 ], [ 41220.224999999998545, 5919778.200000000186265 ], [ 41220.224999999998545, 5919778.275000000372529 ], [ 41220.150000000001455, 5919778.275000000372529 ], [ 41220.150000000001455, 5919778.349999999627471 ], [ 41220.0, 5919778.349999999627471 ], [ 41220.0, 5919778.424999999813735 ], [ 41219.92500000000291, 5919778.424999999813735 ], [ 41219.92500000000291, 5919778.5 ], [ 41219.849999999998545, 5919778.5 ], [ 41219.849999999998545, 5919778.575000000186265 ], [ 41219.775000000001455, 5919778.575000000186265 ], [ 41219.775000000001455, 5919778.650000000372529 ], [ 41219.625, 5919778.650000000372529 ], [ 41219.625, 5919778.724999999627471 ], [ 41219.55000000000291, 5919778.724999999627471 ], [ 41219.55000000000291, 5919778.799999999813735 ], [ 41219.474999999998545, 5919778.799999999813735 ], [ 41219.474999999998545, 5919778.875 ], [ 41219.32499999999709, 5919778.875 ], [ 41219.32499999999709, 5919778.950000000186265 ], [ 41219.25, 5919778.950000000186265 ], [ 41219.25, 5919779.025000000372529 ], [ 41218.94999999999709, 5919779.025000000372529 ], [ 41218.94999999999709, 5919779.099999999627471 ], [ 41218.42500000000291, 5919779.099999999627471 ], [ 41218.42500000000291, 5919779.174999999813735 ], [ 41217.974999999998545, 5919779.174999999813735 ], [ 41217.974999999998545, 5919779.25 ], [ 41217.599999999998545, 5919779.25 ], [ 41217.599999999998545, 5919779.325000000186265 ], [ 41217.07499999999709, 5919779.325000000186265 ] ] ] } },
{ "type": "Feature", "properties": { "value": 1.0, "building_id": 3, "area": 36.348750000170433 }, "geometry": { "type": "Polygon", "coordinates": [ [ [ 41203.19999999999709, 5919758.775000000372529 ], [ 41203.19999999999709, 5919758.700000000186265 ], [ 41203.05000000000291, 5919758.700000000186265 ], [ 41203.05000000000291, 5919758.625 ], [ 41202.82499999999709, 5919758.625 ], [ 41202.82499999999709, 5919758.549999999813735 ], [ 41202.67500000000291, 5919758.549999999813735 ], [ 41202.67500000000291, 5919758.474999999627471 ], [ 41202.44999999999709, 5919758.474999999627471 ], [ 41202.44999999999709, 5919758.400000000372529 ], [ 41202.224999999998545, 5919758.400000000372529 ], [ 41202.224999999998545, 5919758.325000000186265 ], [ 41202.07499999999709, 5919758.325000000186265 ], [ 41202.07499999999709, 5919758.25 ], [ 41201.849999999998545, 5919758.25 ], [ 41201.849999999998545, 5919758.174999999813735 ], [ 41201.625, 5919758.174999999813735 ], [ 41201.625, 5919758.099999999627471 ], [ 41201.474999999998545, 5919758.099999999627471 ], [ 41201.474999999998545, 5919758.025000000372529 ], [ 41201.400000000001455, 5919758.025000000372529 ], [ 41201.400000000001455, 5919757.950000000186265 ], [ 41201.32499999999709, 5919757.950000000186265 ], [ 41201.32499999999709, 5919757.875 ], [ 41201.17500000000291, 5919757.875 ], [ 41201.17500000000291, 5919757.799999999813735 ], [ 41201.099999999998545, 5919757.799999999813735 ], [ 41201.099999999998545, 5919757.724999999627471 ], [ 41201.025000000001455, 5919757.724999999627471 ], [ 41201.025000000001455, 5919757.650000000372529 ], [ 41200.94999999999709, 5919757.650000000372529 ], [ 41200.94999999999709, 5919757.575000000186265 ], [ 41200.80000000000291, 5919757.575000000186265 ], [ 41200.80000000000291, 5919757.5 ], [ 41200.724999999998545, 5919757.5 ], [ 41200.724999999998545, 5919757.424999999813735 ], [ 41200.650000000001455, 5919757.424999999813735 ], [ 41200.650000000001455, 5919757.349999999627471 ], [ 41200.57499999999709, 5919757.349999999627471 ], [ 41200.57499999999709, 5919757.275000000372529 ], [ 41200.42500000000291, 5919757.275000000372529 ], [ 41200.42500000000291, 5919757.200000000186265 ], [ 41200.349999999998545, 5919757.200000000186265 ], [ 41200.349999999998545, 5919757.125 ], [ 41200.275000000001455, 5919757.125 ], [ 41200.275000000001455, 5919757.049999999813735 ], [ 41200.19999999999709, 5919757.049999999813735 ], [ 41200.19999999999709, 5919756.974999999627471 ], [ 41200.125, 5919756.974999999627471 ], [ 41200.125, 5919756.900000000372529 ], [ 41200.05000000000291, 5919756.900000000372529 ], [ 41200.05000000000291, 5919756.825000000186265 ], [ 41199.900000000001455, 5919756.825000000186265 ], [ 41199.900000000001455, 5919756.75 ], [ 41199.82499999999709, 5919756.75 ], [ 41199.82499999999709, 5919756.674999999813735 ], [ 41199.75, 5919756.674999999813735 ], [ 41199.75, 5919756.599999999627471 ], [ 41199.67500000000291, 5919756.599999999627471 ], [ 41199.67500000000291, 5919756.525000000372529 ], [ 41199.599999999998545, 5919756.525000000372529 ], [ 41199.599999999998545, 5919756.450000000186265 ], [ 41199.525000000001455, 5919756.450000000186265 ], [ 41199.525000000001455, 5919756.375 ], [ 41199.44999999999709, 5919756.375 ], [ 41199.44999999999709, 5919756.299999999813735 ], [ 41199.375, 5919756.299999999813735 ], [ 41199.375, 5919756.224999999627471 ], [ 41199.30000000000291, 5919756.224999999627471 ], [ 41199.30000000000291, 5919756.150000000372529 ], [ 41199.224999999998545, 5919756.150000000372529 ], [ 41199.224999999998545, 5919756.0 ], [ 41199.150000000001455, 5919756.0 ], [ 41199.150000000001455, 5919755.924999999813735 ], [ 41199.07499999999709, 5919755.924999999813735 ], [ 41199.07499999999709, 5919755.849999999627471 ], [ 41199.0, 5919755.849999999627471 ], [ 41199.0, 5919755.25 ], [ 41199.07499999999709, 5919755.25 ], [ 41199.07499999999709, 5919754.575000000186265 ], [ 41199.150000000001455, 5919754.575000000186265 ], [ 41199.150000000001455, 5919753.900000000372529 ], [ 41199.224999999998545, 5919753.900000000372529 ], [ 41199.224999999998545, 5919753.75 ], [ 41199.30000000000291, 5919753.75 ], [ 41199.30000000000291, 5919753.674999999813735 ], [ 41199.375, 5919753.674999999813735 ], [ 41199.375, 5919753.599999999627471 ], [ 41199.44999999999709, 5919753.599999999627471 ], [ 41199.44999999999709, 5919753.525000000372529 ], [ 41199.525000000001455, 5919753.525000000372529 ], [ 41199.525000000001455, 5919753.450000000186265 ], [ 41199.599999999998545, 5919753.450000000186265 ], [ 41199.599999999998545, 5919753.375 ], [ 41199.67500000000291, 5919753.375 ], [ 41199.67500000000291, 5919753.299999999813735 ], [ 41199.75, 5919753.299999999813735 ], [ 41199.75, 5919753.224999999627471 ], [ 41199.82499999999709, 5919753.224999999627471 ], [ 41199.82499999999709, 5919753.150000000372529 ], [ 41199.900000000001455, 5919753.150000000372529 ], [ 41199.900000000001455, 5919753.075000000186265 ], [ 41200.05000000000291, 5919753.075000000186265 ], [ 41200.05000000000291, 5919753.0 ], [ 41200.125, 5919753.0 ], [ 41200.125, 5919752.924999999813735 ], [ 41200.275000000001455, 5919752.924999999813735 ], [ 41200.275000000001455, 5919752.849999999627471 ], [ 41200.349999999998545, 5919752.849999999627471 ], [ 41200.349999999998545, 5919752.775000000372529 ], [ 41200.5, 5919752.775000000372529 ], [ 41200.5, 5919752.700000000186265 ], [ 41200.57499999999709, 5919752.700000000186265 ], [ 41200.57499999999709, 5919752.625 ], [ 41200.724999999998545, 5919752.625 ], [ 41200.724999999998545, 5919752.549999999813735 ], [ 41200.875, 5919752.549999999813735 ], [ 41200.875, 5919752.474999999627471 ], [ 41201.025000000001455, 5919752.474999999627471 ], [ 41201.025000000001455, 5919752.400000000372529 ], [ 41201.17500000000291, 5919752.400000000372529 ], [ 41201.17500000000291, 5919752.325000000186265 ], [ 41201.400000000001455, 5919752.325000000186265 ], [ 41201.400000000001455, 5919752.25 ], [ 41201.55000000000291, 5919752.25 ], [ 41201.55000000000291, 5919752.174999999813735 ], [ 41202.224999999998545, 5919752.174999999813735 ], [ 41202.224999999998545, 5919752.099999999627471 ], [ 41202.900000000001455, 5919752.099999999627471 ], [ 41202.900000000001455, 5919752.025000000372529 ], [ 41204.025000000001455, 5919752.025000000372529 ], [ 41204.025000000001455, 5919752.099999999627471 ], [ 41204.55000000000291, 5919752.099999999627471 ], [ 41204.55000000000291, 5919752.174999999813735 ], [ 41204.69999999999709, 5919752.174999999813735 ], [ 41204.69999999999709, 5919752.25 ], [ 41204.775000000001455, 5919752.25 ], [ 41204.775000000001455, 5919752.325000000186265 ], [ 41204.849999999998545, 5919752.325000000186265 ], [ 41204.849999999998545, 5919752.400000000372529 ], [ 41204.92500000000291, 5919752.400000000372529 ], [ 41204.92500000000291, 5919752.474999999627471 ], [ 41205.0, 5919752.474999999627471 ], [ 41205.0, 5919752.549999999813735 ], [ 41205.07499999999709, 5919752.549999999813735 ], [ 41205.07499999999709, 5919752.625 ], [ 41205.150000000001455, 5919752.625 ], [ 41205.150000000001455, 5919752.700000000186265 ], [ 41205.224999999998545, 5919752.700000000186265 ], [ 41205.224999999998545, 5919752.849999999627471 ], [ 41205.30000000000291, 5919752.849999999627471 ], [ 41205.30000000000291, 5919752.924999999813735 ], [ 41205.375, 5919752.924999999813735 ], [ 41205.375, 5919753.0 ], [ 41205.44999999999709, 5919753.0 ], [ 41205.44999999999709, 5919753.150000000372529 ], [ 41205.525000000001455, 5919753.150000000372529 ], [ 41205.525000000001455, 5919753.299999999813735 ], [ 41205.599999999998545, 5919753.299999999813735 ], [ 41205.599999999998545, 5919753.450000000186265 ], [ 41205.67500000000291, 5919753.450000000186265 ], [ 41205.67500000000291, 5919753.599999999627471 ], [ 41205.75, 5919753.599999999627471 ], [ 41205.75, 5919753.75 ], [ 41205.82499999999709, 5919753.75 ], [ 41205.82499999999709, 5919754.200000000186265 ], [ 41205.900000000001455, 5919754.200000000186265 ], [ 41205.900000000001455, 5919754.650000000372529 ], [ 41205.974999999998545, 5919754.650000000372529 ], [ 41205.974999999998545, 5919755.099999999627471 ], [ 41206.05000000000291, 5919755.099999999627471 ], [ 41206.05000000000291, 5919755.474999999627471 ], [ 41206.125, 5919755.474999999627471 ], [ 41206.125, 5919756.0 ], [ 41206.05000000000291, 5919756.0 ], [ 41206.05000000000291, 5919756.299999999813735 ], [ 41205.974999999998545, 5919756.299999999813735 ], [ 41205.974999999998545, 5919756.525000000372529 ], [ 41205.900000000001455, 5919756.525000000372529 ], [ 41205.900000000001455, 5919756.75 ], [ 41205.82499999999709, 5919756.75 ], [ 41205.82499999999709, 5919756.974999999627471 ], [ 41205.75, 5919756.974999999627471 ], [ 41205.75, 5919757.125 ], [ 41205.67500000000291, 5919757.125 ], [ 41205.67500000000291, 5919757.275000000372529 ], [ 41205.599999999998545, 5919757.275000000372529 ], [ 41205.599999999998545, 5919757.349999999627471 ], [ 41205.525000000001455, 5919757.349999999627471 ], [ 41205.525000000001455, 5919757.5 ], [ 41205.44999999999709, 5919757.5 ], [ 41205.44999999999709, 5919757.575000000186265 ], [ 41205.375, 5919757.575000000186265 ], [ 41205.375, 5919757.724999999627471 ], [ 41205.30000000000291, 5919757.724999999627471 ], [ 41205.30000000000291, 5919757.799999999813735 ], [ 41205.224999999998545, 5919757.799999999813735 ], [ 41205.224999999998545, 5919757.875 ], [ 41205.150000000001455, 5919757.875 ], [ 41205.150000000001455, 5919757.950000000186265 ], [ 41205.07499999999709, 5919757.950000000186265 ], [ 41205.07499999999709, 5919758.025000000372529 ], [ 41205.0, 5919758.025000000372529 ], [ 41205.0, 5919758.099999999627471 ], [ 41204.849999999998545, 5919758.099999999627471 ], [ 41204.849999999998545, 5919758.174999999813735 ], [ 41204.775000000001455, 5919758.174999999813735 ], [ 41204.775000000001455, 5919758.25 ], [ 41204.625, 5919758.25 ], [ 41204.625, 5919758.325000000186265 ], [ 41204.55000000000291, 5919758.325000000186265 ], [ 41204.55000000000291, 5919758.400000000372529 ], [ 41204.400000000001455, 5919758.400000000372529 ], [ 41204.400000000001455, 5919758.474999999627471 ], [ 41204.17500000000291, 5919758.474999999627471 ], [ 41204.17500000000291, 5919758.549999999813735 ], [ 41204.025000000001455, 5919758.549999999813735 ], [ 41204.025000000001455, 5919758.625 ], [ 41203.80000000000291, 5919758.625 ], [ 41203.80000000000291, 5919758.700000000186265 ], [ 41203.5, 5919758.700000000186265 ], [ 41203.5, 5919758.775000000372529 ], [ 41203.19999999999709, 5919758.775000000372529 ] ] ] } },
{ "type": "Feature", "properties": { "value": 1.0, "building_id": 4, "area": 59.512499999925211 }, "geometry": { "type": "Polygon", "coordinates": [ [ [ 40820.474999999998545, 5919754.799999999813735 ], [ 40820.474999999998545, 5919754.724999999627471 ], [ 40820.25, 5919754.724999999627471 ], [ 40820.25, 5919754.650000000372529 ], [ 40819.94999999999709, 5919754.650000000372529 ], [ 40819.94999999999709, 5919754.575000000186265 ], [ 40819.650000000001455, 5919754.575000000186265 ], [ 40819.650000000001455, 5919754.5 ], [ 40819.275000000001455, 5919754.5 ], [ 40819.275000000001455, 5919754.424999999813735 ], [ 40818.974999999998545, 5919754.424999999813735 ], [ 40818.974999999998545, 5919754.349999999627471 ], [ 40818.67500000000291, 5919754.349999999627471 ], [ 40818.67500000000291, 5919754.275000000372529 ], [ 40818.599999999998545, 5919754.275000000372529 ], [ 40818.599999999998545, 5919754.200000000186265 ], [ 40818.525000000001455, 5919754.200000000186265 ], [ 40818.525000000001455, 5919754.125 ], [ 40818.44999999999709, 5919754.125 ], [ 40818.44999999999709, 5919754.049999999813735 ], [ 40818.375, 5919754.049999999813735 ], [ 40818.375, 5919753.974999999627471 ], [ 40818.30000000000291, 5919753.974999999627471 ], [ 40818.30000000000291, 5919753.900000000372529 ], [ 40818.224999999998545, 5919753.900000000372529 ], [ 40818.224999999998545, 5919753.825000000186265 ], [ 40818.150000000001455, 5919753.825000000186265 ], [ 40818.150000000001455, 5919753.75 ], [ 40818.224999999998545, 5919753.75 ], [ 40818.224999999998545, 5919751.275000000372529 ], [ 40818.30000000000291, 5919751.275000000372529 ], [ 40818.30000000000291, 5919747.900000000372529 ], [ 40818.375, 5919747.900000000372529 ], [ 40818.375, 5919747.525000000372529 ], [ 40818.44999999999709, 5919747.525000000372529 ], [ 40818.44999999999709, 5919747.224999999627471 ], [ 40818.525000000001455, 5919747.224999999627471 ], [ 40818.525000000001455, 5919746.924999999813735 ], [ 40818.599999999998545, 5919746.924999999813735 ], [ 40818.599999999998545, 5919746.625 ], [ 40818.67500000000291, 5919746.625 ], [ 40818.67500000000291, 5919746.400000000372529 ], [ 40818.75, 5919746.400000000372529 ], [ 40818.75, 5919746.174999999813735 ], [ 40818.82499999999709, 5919746.174999999813735 ], [ 40818.82499999999709, 5919746.099999999627471 ], [ 40818.900000000001455, 5919746.099999999627471 ], [ 40818.900000000001455, 5919745.950000000186265 ], [ 40818.974999999998545, 5919745.950000000186265 ], [ 40818.974999999998545, 5919745.875 ], [ 40819.05000000000291, 5919745.875 ], [ 40819.05000000000291, 5919745.799999999813735 ], [ 40819.125, 5919745.799999999813735 ], [ 40819.125, 5919745.724999999627471 ], [ 40819.275000000001455, 5919745.724999999627471 ], [ 40819.275000000001455, 5919745.650000000372529 ], [ 40819.349999999998545, 5919745.650000000372529 ], [ 40819.349999999998545, 5919745.575000000186265 ], [ 40819.42500000000291, 5919745.575000000186265 ], [ 40819.42500000000291, 5919745.5 ], [ 40819.5, 5919745.5 ], [ 40819.5, 5919745.424999999813735 ], [ 40819.650000000001455, 5919745.424999999813735 ], [ 40819.650000000001455, 5919745.349999999627471 ], [ 40819.724999999998545, 5919745.349999999627471 ], [ 40819.724999999998545, 5919745.275000000372529 ], [ 40819.80000000000291, 5919745.275000000372529 ], [ 40819.80000000000291, 5919745.200000000186265 ], [ 40819.94999999999709, 5919745.200000000186265 ], [ 40819.94999999999709, 5919745.125 ], [ 40820.025000000001455, 5919745.125 ], [ 40820.025000000001455, 5919745.049999999813735 ], [ 40820.17500000000291, 5919745.049999999813735 ], [ 40820.17500000000291, 5919744.974999999627471 ], [ 40820.32499999999709, 5919744.974999999627471 ], [ 40820.32499999999709, 5919744.900000000372529 ], [ 40820.474999999998545, 5919744.900000000372529 ], [ 40820.474999999998545, 5919744.825000000186265 ], [ 40820.625, 5919744.825000000186265 ], [ 40820.625, 5919744.900000000372529 ], [ 40820.849999999998545, 5919744.900000000372529 ], [ 40820.849999999998545, 5919744.974999999627471 ], [ 40821.0, 5919744.974999999627471 ], [ 40821.0, 5919745.049999999813735 ], [ 40821.07499999999709, 5919745.049999999813735 ], [ 40821.07499999999709, 5919745.125 ], [ 40821.224999999998545, 5919745.125 ], [ 40821.224999999998545, 5919745.200000000186265 ], [ 40821.30000000000291, 5919745.200000000186265 ], [ 40821.30000000000291, 5919745.275000000372529 ], [ 40821.44999999999709, 5919745.275000000372529 ], [ 40821.44999999999709, 5919745.349999999627471 ], [ 40821.525000000001455, 5919745.349999999627471 ], [ 40821.525000000001455, 5919745.424999999813735 ], [ 40821.67500000000291, 5919745.424999999813735 ], [ 40821.67500000000291, 5919745.5 ], [ 40821.75, 5919745.5 ], [ 40821.75, 5919745.575000000186265 ], [ 40821.82499999999709, 5919745.575000000186265 ], [ 40821.82499999999709, 5919745.650000000372529 ], [ 40821.900000000001455, 5919745.650000000372529 ], [ 40821.900000000001455, 5919745.724999999627471 ], [ 40821.974999999998545, 5919745.724999999627471 ], [ 40821.974999999998545, 5919745.799999999813735 ], [ 40822.125, 5919745.799999999813735 ], [ 40822.125, 5919745.875 ], [ 40822.19999999999709, 5919745.875 ], [ 40822.19999999999709, 5919745.950000000186265 ], [ 40822.275000000001455, 5919745.950000000186265 ], [ 40822.275000000001455, 5919746.025000000372529 ], [ 40822.349999999998545, 5919746.025000000372529 ], [ 40822.349999999998545, 5919746.099999999627471 ], [ 40822.42500000000291, 5919746.099999999627471 ], [ 40822.42500000000291, 5919746.174999999813735 ], [ 40822.5, 5919746.174999999813735 ], [ 40822.5, 5919746.25 ], [ 40822.57499999999709, 5919746.25 ], [ 40822.57499999999709, 5919746.325000000186265 ], [ 40822.650000000001455, 5919746.325000000186265 ], [ 40822.650000000001455, 5919746.400000000372529 ], [ 40822.724999999998545, 5919746.400000000372529 ], [ 40822.724999999998545, 5919746.474999999627471 ], [ 40822.80000000000291, 5919746.474999999627471 ], [ 40822.80000000000291, 5919746.549999999813735 ], [ 40822.875, 5919746.549999999813735 ], [ 40822.875, 5919746.625 ], [ 40823.025000000001455, 5919746.625 ], [ 40823.025000000001455, 5919746.700000000186265 ], [ 40823.099999999998545, 5919746.700000000186265 ], [ 40823.099999999998545, 5919746.775000000372529 ], [ 40823.17500000000291, 5919746.775000000372529 ], [ 40823.17500000000291, 5919746.849999999627471 ], [ 40823.25, 5919746.849999999627471 ], [ 40823.25, 5919746.924999999813735 ], [ 40823.32499999999709, 5919746.924999999813735 ], [ 40823.32499999999709, 5919747.0 ], [ 40823.400000000001455, 5919747.0 ], [ 40823.400000000001455, 5919747.075000000186265 ], [ 40823.55000000000291, 5919747.075000000186265 ], [ 40823.55000000000291, 5919747.150000000372529 ], [ 40823.625, 5919747.150000000372529 ], [ 40823.625, 5919747.224999999627471 ], [ 40823.69999999999709, 5919747.224999999627471 ], [ 40823.69999999999709, 5919747.299999999813735 ], [ 40823.775000000001455, 5919747.299999999813735 ], [ 40823.775000000001455, 5919747.375 ], [ 40823.849999999998545, 5919747.375 ], [ 40823.849999999998545, 5919747.450000000186265 ], [ 40823.92500000000291, 5919747.450000000186265 ], [ 40823.92500000000291, 5919747.525000000372529 ], [ 40824.0, 5919747.525000000372529 ], [ 40824.0, 5919747.599999999627471 ], [ 40824.07499999999709, 5919747.599999999627471 ], [ 40824.07499999999709, 5919747.674999999813735 ], [ 40824.150000000001455, 5919747.674999999813735 ], [ 40824.150000000001455, 5919747.75 ], [ 40824.224999999998545, 5919747.75 ], [ 40824.224999999998545, 5919747.825000000186265 ], [ 40824.30000000000291, 5919747.825000000186265 ], [ 40824.30000000000291, 5919747.900000000372529 ], [ 40824.375, 5919747.900000000372529 ], [ 40824.375, 5919747.974999999627471 ], [ 40824.44999999999709, 5919747.974999999627471 ], [ 40824.44999999999709, 5919748.049999999813735 ], [ 40824.525000000001455, 5919748.049999999813735 ], [ 40824.525000000001455, 5919748.200000000186265 ], [ 40824.599999999998545, 5919748.200000000186265 ], [ 40824.599999999998545, 5919748.275000000372529 ], [ 40824.67500000000291, 5919748.275000000372529 ], [ 40824.67500000000291, 5919748.349999999627471 ], [ 40824.75, 5919748.349999999627471 ], [ 40824.75, 5919748.424999999813735 ], [ 40824.82499999999709, 5919748.424999999813735 ], [ 40824.82499999999709, 5919748.5 ], [ 40824.900000000001455, 5919748.5 ], [ 40824.900000000001455, 5919748.575000000186265 ], [ 40824.974999999998545, 5919748.575000000186265 ], [ 40824.974999999998545, 5919748.650000000372529 ], [ 40825.05000000000291, 5919748.650000000372529 ], [ 40825.05000000000291, 5919748.724999999627471 ], [ 40825.125, 5919748.724999999627471 ], [ 40825.125, 5919748.799999999813735 ], [ 40825.19999999999709, 5919748.799999999813735 ], [ 40825.19999999999709, 5919748.875 ], [ 40825.275000000001455, 5919748.875 ], [ 40825.275000000001455, 5919748.950000000186265 ], [ 40825.349999999998545, 5919748.950000000186265 ], [ 40825.349999999998545, 5919749.025000000372529 ], [ 40825.42500000000291, 5919749.025000000372529 ], [ 40825.42500000000291, 5919749.099999999627471 ], [ 40825.5, 5919749.099999999627471 ], [ 40825.5, 5919749.174999999813735 ], [ 40825.57499999999709, 5919749.174999999813735 ], [ 40825.57499999999709, 5919749.474999999627471 ], [ 40825.650000000001455, 5919749.474999999627471 ], [ 40825.650000000001455, 5919750.375 ], [ 40825.724999999998545, 5919750.375 ], [ 40825.724999999998545, 5919751.049999999813735 ], [ 40825.80000000000291, 5919751.049999999813735 ], [ 40825.80000000000291, 5919751.724999999627471 ], [ 40825.875, 5919751.724999999627471 ], [ 40825.875, 5919752.25 ], [ 40825.94999999999709, 5919752.25 ], [ 40825.94999999999709, 5919752.700000000186265 ], [ 40826.025000000001455, 5919752.700000000186265 ], [ 40826.025000000001455, 5919753.150000000372529 ], [ 40826.099999999998545, 5919753.150000000372529 ], [ 40826.099999999998545, 5919753.450000000186265 ], [ 40826.17500000000291, 5919753.450000000186265 ], [ 40826.17500000000291, 5919753.75 ], [ 40826.25, 5919753.75 ], [ 40826.25, 5919753.825000000186265 ], [ 40826.025000000001455, 5919753.825000000186265 ], [ 40826.025000000001455, 5919753.900000000372529 ], [ 40825.724999999998545, 5919753.900000000372529 ], [ 40825.724999999998545, 5919753.974999999627471 ], [ 40825.42500000000291, 5919753.974999999627471 ], [ 40825.42500000000291, 5919754.049999999813735 ], [ 40825.125, 5919754.049999999813735 ], [ 40825.125, 5919754.125 ], [ 40824.75, 5919754.125 ], [ 40824.75, 5919754.200000000186265 ], [ 40824.375, 5919754.200000000186265 ], [ 40824.375, 5919754.275000000372529 ], [ 40823.849999999998545, 5919754.275000000372529 ], [ 40823.849999999998545, 5919754.349999999627471 ], [ 40823.400000000001455, 5919754.349999999627471 ], [ 40823.400000000001455, 5919754.424999999813735 ], [ 40822.94999999999709, 5919754.424999999813735 ], [ 40822.94999999999709, 5919754.5 ], [ 40822.42500000000291, 5919754.5 ], [ 40822.42500000000291, 5919754.575000000186265 ], [ 40821.900000000001455, 5919754.575000000186265 ], [ 40821.900000000001455, 5919754.650000000372529 ], [ 40821.44999999999709, 5919754.650000000372529 ], [ 40821.44999999999709, 5919754.724999999627471 ], [ 40821.0, 5919754.724999999627471 ], [ 40821.0, 5919754.799999999813735 ], [ 40820.474999999998545, 5919754.799999999813735 ] ] ] } },
{ "type": "Feature", "properties": { "value": 1.0, "building_id": 5, "area": 314.89874999891822 }, "geometry": { "type": "Polygon", "coordinates": [ [ [ 41030.849999999998545, 5919711.674999999813735 ], [ 41030.849999999998545, 5919711.599999999627471 ], [ 41029.57499999999709, 5919711.599999999627471 ], [ 41029.57499999999709, 5919711.525000000372529 ], [ 41029.19999999999709, 5919711.525000000372529 ], [ 41029.19999999999709, 5919711.450000000186265 ], [ 41028.75, 5919711.450000000186265 ], [ 41028.75, 5919711.375 ], [ 41028.375, 5919711.375 ], [ 41028.375, 5919711.299999999813735 ], [ 41028.07499999999709, 5919711.299999999813735 ], [ 41028.07499999999709, 5919711.224999999627471 ], [ 41027.69999999999709, 5919711.224999999627471 ], [ 41027.69999999999709, 5919711.150000000372529 ], [ 41027.400000000001455, 5919711.150000000372529 ], [ 41027.400000000001455, 5919711.075000000186265 ], [ 41027.099999999998545, 5919711.075000000186265 ], [ 41027.099999999998545, 5919711.0 ], [ 41026.875, 5919711.0 ], [ 41026.875, 5919710.924999999813735 ], [ 41026.57499999999709, 5919710.924999999813735 ], [ 41026.57499999999709, 5919710.849999999627471 ], [ 41026.349999999998545, 5919710.849999999627471 ], [ 41026.349999999998545, 5919710.775000000372529 ], [ 41026.05000000000291, 5919710.775000000372529 ], [ 41026.05000000000291, 5919710.700000000186265 ], [ 41025.75, 5919710.700000000186265 ], [ 41025.75, 5919710.625 ], [ 41025.44999999999709, 5919710.625 ], [ 41025.44999999999709, 5919710.549999999813735 ], [ 41025.07499999999709, 5919710.549999999813735 ], [ 41025.07499999999709, 5919710.474999999627471 ], [ 41024.69999999999709, 5919710.474999999627471 ], [ 41024.69999999999709, 5919710.400000000372529 ], [ 41024.32499999999709, 5919710.400000000372529 ], [ 41024.32499999999709, 5919710.325000000186265 ], [ 41023.94999999999709, 5919710.325000000186265 ], [ 41023.94999999999709, 5919710.25 ], [ 41023.57499999999709, 5919710.25 ], [ 41023.57499999999709, 5919710.174999999813735 ], [ 41023.275000000001455, 5919710.174999999813735 ], [ 41023.275000000001455, 5919710.099999999627471 ], [ 41022.900000000001455, 5919710.099999999627471 ], [ 41022.900000000001455, 5919710.025000000372529 ], [ 41022.525000000001455, 5919710.025000000372529 ], [ 41022.525000000001455, 5919709.950000000186265 ], [ 41022.150000000001455, 5919709.950000000186265 ], [ 41022.150000000001455, 5919709.875 ], [ 41021.849999999998545, 5919709.875 ], [ 41021.849999999998545, 5919709.799999999813735 ], [ 41021.69999999999709, 5919709.799999999813735 ], [ 41021.69999999999709, 5919709.724999999627471 ], [ 41021.55000000000291, 5919709.724999999627471 ], [ 41021.55000000000291, 5919709.650000000372529 ], [ 41021.400000000001455, 5919709.650000000372529 ], [ 41021.400000000001455, 5919709.575000000186265 ], [ 41021.25, 5919709.575000000186265 ], [ 41021.25, 5919709.5 ], [ 41021.099999999998545, 5919709.5 ], [ 41021.099999999998545, 5919709.424999999813735 ], [ 41021.025000000001455, 5919709.424999999813735 ], [ 41021.025000000001455, 5919709.349999999627471 ], [ 41020.94999999999709, 5919709.349999999627471 ], [ 41020.94999999999709, 5919709.275000000372529 ], [ 41020.80000000000291, 5919709.275000000372529 ], [ 41020.80000000000291, 5919709.200000000186265 ], [ 41020.724999999998545, 5919709.200000000186265 ], [ 41020.724999999998545, 5919709.125 ], [ 41020.650000000001455, 5919709.125 ], [ 41020.650000000001455, 5919709.049999999813735 ], [ 41020.57499999999709, 5919709.049999999813735 ], [ 41020.57499999999709, 5919708.974999999627471 ], [ 41020.5, 5919708.974999999627471 ], [ 41020.5, 5919708.900000000372529 ], [ 41020.42500000000291, 5919708.900000000372529 ], [ 41020.42500000000291, 5919708.75 ], [ 41020.349999999998545, 5919708.75 ], [ 41020.349999999998545, 5919708.674999999813735 ], [ 41020.275000000001455, 5919708.674999999813735 ], [ 41020.275000000001455, 5919708.599999999627471 ], [ 41020.19999999999709, 5919708.599999999627471 ], [ 41020.19999999999709, 5919708.525000000372529 ], [ 41020.125, 5919708.525000000372529 ], [ 41020.125, 5919708.450000000186265 ], [ 41020.05000000000291, 5919708.450000000186265 ], [ 41020.05000000000291, 5919708.375 ], [ 41019.974999999998545, 5919708.375 ], [ 41019.974999999998545, 5919708.299999999813735 ], [ 41019.900000000001455, 5919708.299999999813735 ], [ 41019.900000000001455, 5919708.224999999627471 ], [ 41019.82499999999709, 5919708.224999999627471 ], [ 41019.82499999999709, 5919708.150000000372529 ], [ 41019.75, 5919708.150000000372529 ], [ 41019.75, 5919708.075000000186265 ], [ 41019.67500000000291, 5919708.075000000186265 ], [ 41019.67500000000291, 5919708.0 ], [ 41019.599999999998545, 5919708.0 ], [ 41019.599999999998545, 5919707.849999999627471 ], [ 41019.525000000001455, 5919707.849999999627471 ], [ 41019.525000000001455, 5919707.775000000372529 ], [ 41019.44999999999709, 5919707.775000000372529 ], [ 41019.44999999999709, 5919707.700000000186265 ], [ 41019.375, 5919707.700000000186265 ], [ 41019.375, 5919707.549999999813735 ], [ 41019.30000000000291, 5919707.549999999813735 ], [ 41019.30000000000291, 5919707.474999999627471 ], [ 41019.224999999998545, 5919707.474999999627471 ], [ 41019.224999999998545, 5919707.325000000186265 ], [ 41019.150000000001455, 5919707.325000000186265 ], [ 41019.150000000001455, 5919707.174999999813735 ], [ 41019.07499999999709, 5919707.174999999813735 ], [ 41019.07499999999709, 5919707.025000000372529 ], [ 41019.0, 5919707.025000000372529 ], [ 41019.0, 5919706.799999999813735 ], [ 41018.92500000000291, 5919706.799999999813735 ], [ 41018.92500000000291, 5919706.424999999813735 ], [ 41018.849999999998545, 5919706.424999999813735 ], [ 41018.849999999998545, 5919706.049999999813735 ], [ 41018.775000000001455, 5919706.049999999813735 ], [ 41018.775000000001455, 5919705.674999999813735 ], [ 41018.69999999999709, 5919705.674999999813735 ], [ 41018.69999999999709, 5919705.224999999627471 ], [ 41018.625, 5919705.224999999627471 ], [ 41018.625, 5919704.775000000372529 ], [ 41018.55000000000291, 5919704.775000000372529 ], [ 41018.55000000000291, 5919704.174999999813735 ], [ 41018.474999999998545, 5919704.174999999813735 ], [ 41018.474999999998545, 5919703.575000000186265 ], [ 41018.400000000001455, 5919703.575000000186265 ], [ 41018.400000000001455, 5919702.900000000372529 ], [ 41018.32499999999709, 5919702.900000000372529 ], [ 41018.32499999999709, 5919702.075000000186265 ], [ 41018.25, 5919702.075000000186265 ], [ 41018.25, 5919701.25 ], [ 41018.17500000000291, 5919701.25 ], [ 41018.17500000000291, 5919700.650000000372529 ], [ 41018.25, 5919700.650000000372529 ], [ 41018.25, 5919699.075000000186265 ], [ 41018.32499999999709, 5919699.075000000186265 ], [ 41018.32499999999709, 5919698.775000000372529 ], [ 41018.400000000001455, 5919698.775000000372529 ], [ 41018.400000000001455, 5919698.474999999627471 ], [ 41018.474999999998545, 5919698.474999999627471 ], [ 41018.474999999998545, 5919698.325000000186265 ], [ 41018.55000000000291, 5919698.325000000186265 ], [ 41018.55000000000291, 5919698.099999999627471 ], [ 41018.625, 5919698.099999999627471 ], [ 41018.625, 5919697.950000000186265 ], [ 41018.69999999999709, 5919697.950000000186265 ], [ 41018.69999999999709, 5919697.799999999813735 ], [ 41018.775000000001455, 5919697.799999999813735 ], [ 41018.775000000001455, 5919697.724999999627471 ], [ 41018.849999999998545, 5919697.724999999627471 ], [ 41018.849999999998545, 5919697.575000000186265 ], [ 41018.92500000000291, 5919697.575000000186265 ], [ 41018.92500000000291, 5919697.5 ], [ 41019.0, 5919697.5 ], [ 41019.0, 5919697.424999999813735 ], [ 41019.07499999999709, 5919697.424999999813735 ], [ 41019.07499999999709, 5919697.349999999627471 ], [ 41019.150000000001455, 5919697.349999999627471 ], [ 41019.150000000001455, 5919697.275000000372529 ], [ 41019.224999999998545, 5919697.275000000372529 ], [ 41019.224999999998545, 5919697.200000000186265 ], [ 41019.375, 5919697.200000000186265 ], [ 41019.375, 5919697.125 ], [ 41019.44999999999709, 5919697.125 ], [ 41019.44999999999709, 5919697.049999999813735 ], [ 41019.525000000001455, 5919697.049999999813735 ], [ 41019.525000000001455, 5919696.900000000372529 ], [ 41019.67500000000291, 5919696.900000000372529 ], [ 41019.67500000000291, 5919696.825000000186265 ], [ 41019.75, 5919696.825000000186265 ], [ 41019.75, 5919696.75 ], [ 41019.82499999999709, 5919696.75 ], [ 41019.82499999999709, 5919696.674999999813735 ], [ 41019.900000000001455, 5919696.674999999813735 ], [ 41019.900000000001455, 5919696.599999999627471 ], [ 41019.974999999998545, 5919696.599999999627471 ], [ 41019.974999999998545, 5919696.525000000372529 ], [ 41020.05000000000291, 5919696.525000000372529 ], [ 41020.05000000000291, 5919696.375 ], [ 41020.125, 5919696.375 ], [ 41020.125, 5919696.299999999813735 ], [ 41020.19999999999709, 5919696.299999999813735 ], [ 41020.19999999999709, 5919696.224999999627471 ], [ 41020.275000000001455, 5919696.224999999627471 ], [ 41020.275000000001455, 5919696.150000000372529 ], [ 41020.349999999998545, 5919696.150000000372529 ], [ 41020.349999999998545, 5919696.075000000186265 ], [ 41020.42500000000291, 5919696.075000000186265 ], [ 41020.42500000000291, 5919696.0 ], [ 41020.57499999999709, 5919696.0 ], [ 41020.57499999999709, 5919695.924999999813735 ], [ 41020.650000000001455, 5919695.924999999813735 ], [ 41020.650000000001455, 5919695.849999999627471 ], [ 41020.80000000000291, 5919695.849999999627471 ], [ 41020.80000000000291, 5919695.775000000372529 ], [ 41020.94999999999709, 5919695.775000000372529 ], [ 41020.94999999999709, 5919695.700000000186265 ], [ 41021.099999999998545, 5919695.700000000186265 ], [ 41021.099999999998545, 5919695.625 ], [ 41021.25, 5919695.625 ], [ 41021.25, 5919695.549999999813735 ], [ 41021.474999999998545, 5919695.549999999813735 ], [ 41021.474999999998545, 5919695.474999999627471 ], [ 41021.69999999999709, 5919695.474999999627471 ], [ 41021.69999999999709, 5919695.400000000372529 ], [ 41022.07499999999709, 5919695.400000000372529 ], [ 41022.07499999999709, 5919695.325000000186265 ], [ 41022.44999999999709, 5919695.325000000186265 ], [ 41022.44999999999709, 5919695.25 ], [ 41022.82499999999709, 5919695.25 ], [ 41022.82499999999709, 5919695.174999999813735 ], [ 41023.05000000000291, 5919695.174999999813735 ], [ 41023.05000000000291, 5919695.099999999627471 ], [ 41023.275000000001455, 5919695.099999999627471 ], [ 41023.275000000001455, 5919695.025000000372529 ], [ 41023.5, 5919695.025000000372529 ], [ 41023.5, 5919694.950000000186265 ], [ 41023.724999999998545, 5919694.950000000186265 ], [ 41023.724999999998545, 5919694.875 ], [ 41023.94999999999709, 5919694.875 ], [ 41023.94999999999709, 5919694.950000000186265 ], [ 41024.400000000001455, 5919694.950000000186265 ], [ 41024.400000000001455, 5919695.025000000372529 ], [ 41024.69999999999709, 5919695.025000000372529 ], [ 41024.69999999999709, 5919695.099999999627471 ], [ 41025.0, 5919695.099999999627471 ], [ 41025.0, 5919695.174999999813735 ], [ 41025.30000000000291, 5919695.174999999813735 ], [ 41025.30000000000291, 5919695.25 ], [ 41026.05000000000291, 5919695.25 ], [ 41026.05000000000291, 5919695.325000000186265 ], [ 41027.55000000000291, 5919695.325000000186265 ], [ 41027.55000000000291, 5919695.400000000372529 ], [ 41028.150000000001455, 5919695.400000000372529 ], [ 41028.150000000001455, 5919695.474999999627471 ], [ 41028.82499999999709, 5919695.474999999627471 ], [ 41028.82499999999709, 5919695.549999999813735 ], [ 41029.5, 5919695.549999999813735 ], [ 41029.5, 5919695.625 ], [ 41029.94999999999709, 5919695.625 ], [ 41029.94999999999709, 5919695.700000000186265 ], [ 41030.400000000001455, 5919695.700000000186265 ], [ 41030.400000000001455, 5919695.775000000372529 ], [ 41030.775000000001455, 5919695.775000000372529 ], [ 41030.775000000001455, 5919695.849999999627471 ], [ 41031.150000000001455, 5919695.849999999627471 ], [ 41031.150000000001455, 5919695.924999999813735 ], [ 41031.525000000001455, 5919695.924999999813735 ], [ 41031.525000000001455, 5919696.0 ], [ 41031.82499999999709, 5919696.0 ], [ 41031.82499999999709, 5919696.075000000186265 ], [ 41032.05000000000291, 5919696.075000000186265 ], [ 41032.05000000000291, 5919696.150000000372529 ], [ 41032.275000000001455, 5919696.150000000372529 ], [ 41032.275000000001455, 5919696.224999999627471 ], [ 41032.42500000000291, 5919696.224999999627471 ], [ 41032.42500000000291, 5919696.299999999813735 ], [ 41032.650000000001455, 5919696.299999999813735 ], [ 41032.650000000001455, 5919696.375 ], [ 41032.80000000000291, 5919696.375 ], [ 41032.80000000000291, 5919696.450000000186265 ], [ 41033.025000000001455, 5919696.450000000186265 ], [ 41033.025000000001455, 5919696.525000000372529 ], [ 41033.17500000000291, 5919696.525000000372529 ], [ 41033.17500000000291, 5919696.599999999627471 ], [ 41033.32499999999709, 5919696.599999999627471 ], [ 41033.32499999999709, 5919696.674999999813735 ], [ 41033.474999999998545, 5919696.674999999813735 ], [ 41033.474999999998545, 5919696.75 ], [ 41033.625, 5919696.75 ], [ 41033.625, 5919696.825000000186265 ], [ 41033.775000000001455, 5919696.825000000186265 ], [ 41033.775000000001455, 5919696.900000000372529 ], [ 41033.849999999998545, 5919696.900000000372529 ], [ 41033.849999999998545, 5919696.974999999627471 ], [ 41034.0, 5919696.974999999627471 ], [ 41034.0, 5919697.049999999813735 ], [ 41034.150000000001455, 5919697.049999999813735 ], [ 41034.150000000001455, 5919697.125 ], [ 41034.224999999998545, 5919697.125 ], [ 41034.224999999998545, 5919697.200000000186265 ], [ 41034.44999999999709, 5919697.200000000186265 ], [ 41034.44999999999709, 5919697.275000000372529 ], [ 41034.599999999998545, 5919697.275000000372529 ], [ 41034.599999999998545, 5919697.349999999627471 ], [ 41034.82499999999709, 5919697.349999999627471 ], [ 41034.82499999999709, 5919697.424999999813735 ], [ 41034.974999999998545, 5919697.424999999813735 ], [ 41034.974999999998545, 5919697.5 ], [ 41035.19999999999709, 5919697.5 ], [ 41035.19999999999709, 5919697.575000000186265 ], [ 41035.42500000000291, 5919697.575000000186265 ], [ 41035.42500000000291, 5919697.650000000372529 ], [ 41035.650000000001455, 5919697.650000000372529 ], [ 41035.650000000001455, 5919697.724999999627471 ], [ 41035.875, 5919697.724999999627471 ], [ 41035.875, 5919697.799999999813735 ], [ 41036.099999999998545, 5919697.799999999813735 ], [ 41036.099999999998545, 5919697.875 ], [ 41036.25, 5919697.875 ], [ 41036.25, 5919697.950000000186265 ], [ 41036.474999999998545, 5919697.950000000186265 ], [ 41036.474999999998545, 5919698.025000000372529 ], [ 41036.625, 5919698.025000000372529 ], [ 41036.625, 5919698.099999999627471 ], [ 41036.775000000001455, 5919698.099999999627471 ], [ 41036.775000000001455, 5919698.174999999813735 ], [ 41037.0, 5919698.174999999813735 ], [ 41037.0, 5919698.25 ], [ 41037.150000000001455, 5919698.25 ], [ 41037.150000000001455, 5919698.325000000186265 ], [ 41037.30000000000291, 5919698.325000000186265 ], [ 41037.30000000000291, 5919698.400000000372529 ], [ 41037.44999999999709, 5919698.400000000372529 ], [ 41037.44999999999709, 5919698.474999999627471 ], [ 41037.67500000000291, 5919698.474999999627471 ], [ 41037.67500000000291, 5919698.549999999813735 ], [ 41037.900000000001455, 5919698.549999999813735 ], [ 41037.900000000001455, 5919698.625 ], [ 41038.05000000000291, 5919698.625 ], [ 41038.05000000000291, 5919698.700000000186265 ], [ 41038.19999999999709, 5919698.700000000186265 ], [ 41038.19999999999709, 5919698.775000000372529 ], [ 41038.349999999998545, 5919698.775000000372529 ], [ 41038.349999999998545, 5919698.849999999627471 ], [ 41038.5, 5919698.849999999627471 ], [ 41038.5, 5919698.924999999813735 ], [ 41038.650000000001455, 5919698.924999999813735 ], [ 41038.650000000001455, 5919699.0 ], [ 41038.724999999998545, 5919699.0 ], [ 41038.724999999998545, 5919699.075000000186265 ], [ 41038.875, 5919699.075000000186265 ], [ 41038.875, 5919699.150000000372529 ], [ 41038.94999999999709, 5919699.150000000372529 ], [ 41038.94999999999709, 5919699.224999999627471 ], [ 41039.099999999998545, 5919699.224999999627471 ], [ 41039.099999999998545, 5919699.299999999813735 ], [ 41039.17500000000291, 5919699.299999999813735 ], [ 41039.17500000000291, 5919699.375 ], [ 41039.25, 5919699.375 ], [ 41039.25, 5919699.450000000186265 ], [ 41039.400000000001455, 5919699.450000000186265 ], [ 41039.400000000001455, 5919699.525000000372529 ], [ 41039.92500000000291, 5919699.525000000372529 ], [ 41039.92500000000291, 5919699.599999999627471 ], [ 41040.44999999999709, 5919699.599999999627471 ], [ 41040.44999999999709, 5919699.674999999813735 ], [ 41040.525000000001455, 5919699.674999999813735 ], [ 41040.525000000001455, 5919699.75 ], [ 41040.599999999998545, 5919699.75 ], [ 41040.599999999998545, 5919699.900000000372529 ], [ 41040.67500000000291, 5919699.900000000372529 ], [ 41040.67500000000291, 5919699.974999999627471 ], [ 41040.75, 5919699.974999999627471 ], [ 41040.75, 5919700.125 ], [ 41040.82499999999709, 5919700.125 ], [ 41040.82499999999709, 5919700.275000000372529 ], [ 41040.900000000001455, 5919700.275000000372529 ], [ 41040.900000000001455, 5919700.349999999627471 ], [ 41040.974999999998545, 5919700.349999999627471 ], [ 41040.974999999998545, 5919700.575000000186265 ], [ 41041.05000000000291, 5919700.575000000186265 ], [ 41041.05000000000291, 5919700.724999999627471 ], [ 41041.125, 5919700.724999999627471 ], [ 41041.125, 5919700.950000000186265 ], [ 41041.19999999999709, 5919700.950000000186265 ], [ 41041.19999999999709, 5919702.075000000186265 ], [ 41041.125, 5919702.075000000186265 ], [ 41041.125, 5919704.625 ], [ 41041.05000000000291, 5919704.625 ], [ 41041.05000000000291, 5919707.099999999627471 ], [ 41040.974999999998545, 5919707.099999999627471 ], [ 41040.974999999998545, 5919707.474999999627471 ], [ 41040.900000000001455, 5919707.474999999627471 ], [ 41040.900000000001455, 5919707.924999999813735 ], [ 41040.82499999999709, 5919707.924999999813735 ], [ 41040.82499999999709, 5919708.299999999813735 ], [ 41040.75, 5919708.299999999813735 ], [ 41040.75, 5919708.674999999813735 ], [ 41040.67500000000291, 5919708.674999999813735 ], [ 41040.67500000000291, 5919708.974999999627471 ], [ 41040.599999999998545, 5919708.974999999627471 ], [ 41040.599999999998545, 5919709.125 ], [ 41040.525000000001455, 5919709.125 ], [ 41040.525000000001455, 5919709.200000000186265 ], [ 41040.44999999999709, 5919709.200000000186265 ], [ 41040.44999999999709, 5919709.349999999627471 ], [ 41040.375, 5919709.349999999627471 ], [ 41040.375, 5919709.424999999813735 ], [ 41040.30000000000291, 5919709.424999999813735 ], [ 41040.30000000000291, 5919709.575000000186265 ], [ 41040.224999999998545, 5919709.575000000186265 ], [ 41040.224999999998545, 5919709.650000000372529 ], [ 41040.150000000001455, 5919709.650000000372529 ], [ 41040.150000000001455, 5919709.724999999627471 ], [ 41040.07499999999709, 5919709.724999999627471 ], [ 41040.07499999999709, 5919709.799999999813735 ], [ 41040.0, 5919709.799999999813735 ], [ 41040.0, 5919709.875 ], [ 41039.92500000000291, 5919709.875 ], [ 41039.92500000000291, 5919709.950000000186265 ], [ 41039.849999999998545, 5919709.950000000186265 ], [ 41039.849999999998545, 5919710.025000000372529 ], [ 41039.775000000001455, 5919710.025000000372529 ], [ 41039.775000000001455, 5919710.099999999627471 ], [ 41039.625, 5919710.099999999627471 ], [ 41039.625, 5919710.174999999813735 ], [ 41039.55000000000291, 5919710.174999999813735 ], [ 41039.55000000000291, 5919710.25 ], [ 41039.400000000001455, 5919710.25 ], [ 41039.400000000001455, 5919710.325000000186265 ], [ 41039.25, 5919710.325000000186265 ], [ 41039.25, 5919710.400000000372529 ], [ 41039.099999999998545, 5919710.400000000372529 ], [ 41039.099999999998545, 5919710.474999999627471 ], [ 41038.94999999999709, 5919710.474999999627471 ], [ 41038.94999999999709, 5919710.549999999813735 ], [ 41038.80000000000291, 5919710.549999999813735 ], [ 41038.80000000000291, 5919710.625 ], [ 41038.650000000001455, 5919710.625 ], [ 41038.650000000001455, 5919710.700000000186265 ], [ 41038.42500000000291, 5919710.700000000186265 ], [ 41038.42500000000291, 5919710.775000000372529 ], [ 41038.275000000001455, 5919710.775000000372529 ], [ 41038.275000000001455, 5919710.849999999627471 ], [ 41038.19999999999709, 5919710.849999999627471 ], [ 41038.19999999999709, 5919710.924999999813735 ], [ 41038.05000000000291, 5919710.924999999813735 ], [ 41038.05000000000291, 5919711.0 ], [ 41037.900000000001455, 5919711.0 ], [ 41037.900000000001455, 5919711.075000000186265 ], [ 41037.75, 5919711.075000000186265 ], [ 41037.75, 5919711.150000000372529 ], [ 41037.599999999998545, 5919711.150000000372529 ], [ 41037.599999999998545, 5919711.224999999627471 ], [ 41037.224999999998545, 5919711.224999999627471 ], [ 41037.224999999998545, 5919711.299999999813735 ], [ 41036.55000000000291, 5919711.299999999813735 ], [ 41036.55000000000291, 5919711.375 ], [ 41035.80000000000291, 5919711.375 ], [ 41035.80000000000291, 5919711.450000000186265 ], [ 41034.900000000001455, 5919711.450000000186265 ], [ 41034.900000000001455, 5919711.525000000372529 ], [ 41033.849999999998545, 5919711.525000000372529 ], [ 41033.849999999998545, 5919711.599999999627471 ], [ 41032.5, 5919711.599999999627471 ], [ 41032.5, 5919711.674999999813735 ], [ 41030.849999999998545, 5919711.674999999813735 ] ] ] } },
{ "type": "Feature", "properties": { "value": 1.0, "building_id": 6, "area": 260.38687499987356 }, "geometry": { "type": "Polygon", "coordinates": [ [ [ 41053.05000000000291, 5919717.299999999813735 ], [ 41053.05000000000291, 5919717.224999999627471 ], [ 41052.900000000001455, 5919717.224999999627471 ], [ 41052.900000000001455, 5919717.150000000372529 ], [ 41052.82499999999709, 5919717.150000000372529 ], [ 41052.82499999999709, 5919717.0 ], [ 41052.75, 5919717.0 ], [ 41052.75, 5919716.924999999813735 ], [ 41052.67500000000291, 5919716.924999999813735 ], [ 41052.67500000000291, 5919716.849999999627471 ], [ 41052.599999999998545, 5919716.849999999627471 ], [ 41052.599999999998545, 5919716.775000000372529 ], [ 41052.525000000001455, 5919716.775000000372529 ], [ 41052.525000000001455, 5919716.700000000186265 ], [ 41052.44999999999709, 5919716.700000000186265 ], [ 41052.44999999999709, 5919716.549999999813735 ], [ 41052.375, 5919716.549999999813735 ], [ 41052.375, 5919716.474999999627471 ], [ 41052.30000000000291, 5919716.474999999627471 ], [ 41052.30000000000291, 5919716.325000000186265 ], [ 41052.224999999998545, 5919716.325000000186265 ], [ 41052.224999999998545, 5919716.174999999813735 ], [ 41052.150000000001455, 5919716.174999999813735 ], [ 41052.150000000001455, 5919716.025000000372529 ], [ 41052.07499999999709, 5919716.025000000372529 ], [ 41052.07499999999709, 5919715.799999999813735 ], [ 41052.0, 5919715.799999999813735 ], [ 41052.0, 5919715.650000000372529 ], [ 41051.92500000000291, 5919715.650000000372529 ], [ 41051.92500000000291, 5919715.424999999813735 ], [ 41051.849999999998545, 5919715.424999999813735 ], [ 41051.849999999998545, 5919715.200000000186265 ], [ 41051.775000000001455, 5919715.200000000186265 ], [ 41051.775000000001455, 5919714.974999999627471 ], [ 41051.69999999999709, 5919714.974999999627471 ], [ 41051.69999999999709, 5919714.674999999813735 ], [ 41051.625, 5919714.674999999813735 ], [ 41051.625, 5919714.450000000186265 ], [ 41051.55000000000291, 5919714.450000000186265 ], [ 41051.55000000000291, 5919714.150000000372529 ], [ 41051.474999999998545, 5919714.150000000372529 ], [ 41051.474999999998545, 5919713.849999999627471 ], [ 41051.400000000001455, 5919713.849999999627471 ], [ 41051.400000000001455, 5919713.474999999627471 ], [ 41051.32499999999709, 5919713.474999999627471 ], [ 41051.32499999999709, 5919713.174999999813735 ], [ 41051.25, 5919713.174999999813735 ], [ 41051.25, 5919712.799999999813735 ], [ 41051.17500000000291, 5919712.799999999813735 ], [ 41051.17500000000291, 5919712.5 ], [ 41051.099999999998545, 5919712.5 ], [ 41051.099999999998545, 5919712.200000000186265 ], [ 41051.025000000001455, 5919712.200000000186265 ], [ 41051.025000000001455, 5919711.900000000372529 ], [ 41050.94999999999709, 5919711.900000000372529 ], [ 41050.94999999999709, 5919711.599999999627471 ], [ 41050.875, 5919711.599999999627471 ], [ 41050.875, 5919711.299999999813735 ], [ 41050.80000000000291, 5919711.299999999813735 ], [ 41050.80000000000291, 5919710.924999999813735 ], [ 41050.724999999998545, 5919710.924999999813735 ], [ 41050.724999999998545, 5919710.549999999813735 ], [ 41050.650000000001455, 5919710.549999999813735 ], [ 41050.650000000001455, 5919710.174999999813735 ], [ 41050.57499999999709, 5919710.174999999813735 ], [ 41050.57499999999709, 5919709.724999999627471 ], [ 41050.5, 5919709.724999999627471 ], [ 41050.5, 5919709.200000000186265 ], [ 41050.42500000000291, 5919709.200000000186265 ], [ 41050.42500000000291, 5919708.674999999813735 ], [ 41050.349999999998545, 5919708.674999999813735 ], [ 41050.349999999998545, 5919708.0 ], [ 41050.275000000001455, 5919708.0 ], [ 41050.275000000001455, 5919707.25 ], [ 41050.19999999999709, 5919707.25 ], [ 41050.19999999999709, 5919706.125 ], [ 41050.125, 5919706.125 ], [ 41050.125, 5919704.625 ], [ 41050.05000000000291, 5919704.625 ], [ 41050.05000000000291, 5919702.900000000372529 ], [ 41049.974999999998545, 5919702.900000000372529 ], [ 41049.974999999998545, 5919701.549999999813735 ], [ 41049.900000000001455, 5919701.549999999813735 ], [ 41049.900000000001455, 5919700.950000000186265 ], [ 41049.974999999998545, 5919700.950000000186265 ], [ 41049.974999999998545, 5919700.650000000372529 ], [ 41050.05000000000291, 5919700.650000000372529 ], [ 41050.05000000000291, 5919700.424999999813735 ], [ 41050.125, 5919700.424999999813735 ], [ 41050.125, 5919700.125 ], [ 41050.19999999999709, 5919700.125 ], [ 41050.19999999999709, 5919699.900000000372529 ], [ 41050.275000000001455, 5919699.900000000372529 ], [ 41050.275000000001455, 5919699.674999999813735 ], [ 41050.349999999998545, 5919699.674999999813735 ], [ 41050.349999999998545, 5919699.450000000186265 ], [ 41050.42500000000291, 5919699.450000000186265 ], [ 41050.42500000000291, 5919699.224999999627471 ], [ 41050.5, 5919699.224999999627471 ], [ 41050.5, 5919699.075000000186265 ], [ 41050.57499999999709, 5919699.075000000186265 ], [ 41050.57499999999709, 5919699.0 ], [ 41050.650000000001455, 5919699.0 ], [ 41050.650000000001455, 5919698.924999999813735 ], [ 41050.724999999998545, 5919698.924999999813735 ], [ 41050.724999999998545, 5919698.849999999627471 ], [ 41050.80000000000291, 5919698.849999999627471 ], [ 41050.80000000000291, 5919698.775000000372529 ], [ 41050.875, 5919698.775000000372529 ], [ 41050.875, 5919698.700000000186265 ], [ 41050.94999999999709, 5919698.700000000186265 ], [ 41050.94999999999709, 5919698.625 ], [ 41051.025000000001455, 5919698.625 ], [ 41051.025000000001455, 5919698.549999999813735 ], [ 41051.17500000000291, 5919698.549999999813735 ], [ 41051.17500000000291, 5919698.474999999627471 ], [ 41051.32499999999709, 5919698.474999999627471 ], [ 41051.32499999999709, 5919698.400000000372529 ], [ 41051.474999999998545, 5919698.400000000372529 ], [ 41051.474999999998545, 5919698.325000000186265 ], [ 41051.625, 5919698.325000000186265 ], [ 41051.625, 5919698.25 ], [ 41051.775000000001455, 5919698.25 ], [ 41051.775000000001455, 5919698.174999999813735 ], [ 41051.849999999998545, 5919698.174999999813735 ], [ 41051.849999999998545, 5919698.099999999627471 ], [ 41052.0, 5919698.099999999627471 ], [ 41052.0, 5919698.025000000372529 ], [ 41052.150000000001455, 5919698.025000000372529 ], [ 41052.150000000001455, 5919697.950000000186265 ], [ 41052.30000000000291, 5919697.950000000186265 ], [ 41052.30000000000291, 5919697.875 ], [ 41052.44999999999709, 5919697.875 ], [ 41052.44999999999709, 5919697.799999999813735 ], [ 41052.599999999998545, 5919697.799999999813735 ], [ 41052.599999999998545, 5919697.724999999627471 ], [ 41052.67500000000291, 5919697.724999999627471 ], [ 41052.67500000000291, 5919697.650000000372529 ], [ 41052.82499999999709, 5919697.650000000372529 ], [ 41052.82499999999709, 5919697.575000000186265 ], [ 41052.974999999998545, 5919697.575000000186265 ], [ 41052.974999999998545, 5919697.5 ], [ 41053.125, 5919697.5 ], [ 41053.125, 5919697.424999999813735 ], [ 41053.275000000001455, 5919697.424999999813735 ], [ 41053.275000000001455, 5919697.349999999627471 ], [ 41053.42500000000291, 5919697.349999999627471 ], [ 41053.42500000000291, 5919697.275000000372529 ], [ 41053.57499999999709, 5919697.275000000372529 ], [ 41053.57499999999709, 5919697.200000000186265 ], [ 41053.650000000001455, 5919697.200000000186265 ], [ 41053.650000000001455, 5919697.125 ], [ 41053.80000000000291, 5919697.125 ], [ 41053.80000000000291, 5919697.049999999813735 ], [ 41054.025000000001455, 5919697.049999999813735 ], [ 41054.025000000001455, 5919696.974999999627471 ], [ 41054.17500000000291, 5919696.974999999627471 ], [ 41054.17500000000291, 5919696.900000000372529 ], [ 41054.32499999999709, 5919696.900000000372529 ], [ 41054.32499999999709, 5919696.825000000186265 ], [ 41054.55000000000291, 5919696.825000000186265 ], [ 41054.55000000000291, 5919696.75 ], [ 41054.775000000001455, 5919696.75 ], [ 41054.775000000001455, 5919696.674999999813735 ], [ 41055.0, 5919696.674999999813735 ], [ 41055.0, 5919696.599999999627471 ], [ 41055.224999999998545, 5919696.599999999627471 ], [ 41055.224999999998545, 5919696.525000000372529 ], [ 41055.525000000001455, 5919696.525000000372529 ], [ 41055.525000000001455, 5919696.450000000186265 ], [ 41055.75, 5919696.450000000186265 ], [ 41055.75, 5919696.375 ], [ 41056.05000000000291, 5919696.375 ], [ 41056.05000000000291, 5919696.299999999813735 ], [ 41056.275000000001455, 5919696.299999999813735 ], [ 41056.275000000001455, 5919696.224999999627471 ], [ 41056.57499999999709, 5919696.224999999627471 ], [ 41056.57499999999709, 5919696.150000000372529 ], [ 41056.80000000000291, 5919696.150000000372529 ], [ 41056.80000000000291, 5919696.075000000186265 ], [ 41057.099999999998545, 5919696.075000000186265 ], [ 41057.099999999998545, 5919696.0 ], [ 41057.25, 5919696.0 ], [ 41057.25, 5919695.924999999813735 ], [ 41057.474999999998545, 5919695.924999999813735 ], [ 41057.474999999998545, 5919695.849999999627471 ], [ 41057.69999999999709, 5919695.849999999627471 ], [ 41057.69999999999709, 5919695.775000000372529 ], [ 41057.849999999998545, 5919695.775000000372529 ], [ 41057.849999999998545, 5919695.700000000186265 ], [ 41058.0, 5919695.700000000186265 ], [ 41058.0, 5919695.625 ], [ 41058.150000000001455, 5919695.625 ], [ 41058.150000000001455, 5919695.549999999813735 ], [ 41058.30000000000291, 5919695.549999999813735 ], [ 41058.30000000000291, 5919695.474999999627471 ], [ 41058.44999999999709, 5919695.474999999627471 ], [ 41058.44999999999709, 5919695.400000000372529 ], [ 41058.599999999998545, 5919695.400000000372529 ], [ 41058.599999999998545, 5919695.325000000186265 ], [ 41058.75, 5919695.325000000186265 ], [ 41058.75, 5919695.25 ], [ 41058.82499999999709, 5919695.25 ], [ 41058.82499999999709, 5919695.174999999813735 ], [ 41058.974999999998545, 5919695.174999999813735 ], [ 41058.974999999998545, 5919695.099999999627471 ], [ 41059.19999999999709, 5919695.099999999627471 ], [ 41059.19999999999709, 5919695.025000000372529 ], [ 41059.349999999998545, 5919695.025000000372529 ], [ 41059.349999999998545, 5919694.950000000186265 ], [ 41059.57499999999709, 5919694.950000000186265 ], [ 41059.57499999999709, 5919694.875 ], [ 41059.80000000000291, 5919694.875 ], [ 41059.80000000000291, 5919694.799999999813735 ], [ 41060.025000000001455, 5919694.799999999813735 ], [ 41060.025000000001455, 5919694.724999999627471 ], [ 41060.17500000000291, 5919694.724999999627471 ], [ 41060.17500000000291, 5919694.650000000372529 ], [ 41060.474999999998545, 5919694.650000000372529 ], [ 41060.474999999998545, 5919694.575000000186265 ], [ 41060.69999999999709, 5919694.575000000186265 ], [ 41060.69999999999709, 5919694.5 ], [ 41060.92500000000291, 5919694.5 ], [ 41060.92500000000291, 5919694.424999999813735 ], [ 41061.375, 5919694.424999999813735 ], [ 41061.375, 5919694.349999999627471 ], [ 41061.82499999999709, 5919694.349999999627471 ], [ 41061.82499999999709, 5919694.275000000372529 ], [ 41062.275000000001455, 5919694.275000000372529 ], [ 41062.275000000001455, 5919694.200000000186265 ], [ 41062.724999999998545, 5919694.200000000186265 ], [ 41062.724999999998545, 5919694.125 ], [ 41063.474999999998545, 5919694.125 ], [ 41063.474999999998545, 5919694.200000000186265 ], [ 41063.55000000000291, 5919694.200000000186265 ], [ 41063.55000000000291, 5919694.349999999627471 ], [ 41063.625, 5919694.349999999627471 ], [ 41063.625, 5919694.424999999813735 ], [ 41063.69999999999709, 5919694.424999999813735 ], [ 41063.69999999999709, 5919694.5 ], [ 41063.775000000001455, 5919694.5 ], [ 41063.775000000001455, 5919694.575000000186265 ], [ 41063.849999999998545, 5919694.575000000186265 ], [ 41063.849999999998545, 5919694.724999999627471 ], [ 41063.92500000000291, 5919694.724999999627471 ], [ 41063.92500000000291, 5919694.875 ], [ 41064.0, 5919694.875 ], [ 41064.0, 5919694.950000000186265 ], [ 41064.07499999999709, 5919694.950000000186265 ], [ 41064.07499999999709, 5919695.099999999627471 ], [ 41064.150000000001455, 5919695.099999999627471 ], [ 41064.150000000001455, 5919695.25 ], [ 41064.224999999998545, 5919695.25 ], [ 41064.224999999998545, 5919695.400000000372529 ], [ 41064.30000000000291, 5919695.400000000372529 ], [ 41064.30000000000291, 5919695.549999999813735 ], [ 41064.375, 5919695.549999999813735 ], [ 41064.375, 5919695.625 ], [ 41064.44999999999709, 5919695.625 ], [ 41064.44999999999709, 5919695.775000000372529 ], [ 41064.525000000001455, 5919695.775000000372529 ], [ 41064.525000000001455, 5919695.849999999627471 ], [ 41064.599999999998545, 5919695.849999999627471 ], [ 41064.599999999998545, 5919695.924999999813735 ], [ 41064.67500000000291, 5919695.924999999813735 ], [ 41064.67500000000291, 5919696.075000000186265 ], [ 41064.75, 5919696.075000000186265 ], [ 41064.75, 5919696.150000000372529 ], [ 41064.82499999999709, 5919696.150000000372529 ], [ 41064.82499999999709, 5919696.224999999627471 ], [ 41064.900000000001455, 5919696.224999999627471 ], [ 41064.900000000001455, 5919696.299999999813735 ], [ 41064.974999999998545, 5919696.299999999813735 ], [ 41064.974999999998545, 5919696.375 ], [ 41065.05000000000291, 5919696.375 ], [ 41065.05000000000291, 5919696.450000000186265 ], [ 41065.125, 5919696.450000000186265 ], [ 41065.125, 5919696.525000000372529 ], [ 41065.19999999999709, 5919696.525000000372529 ], [ 41065.19999999999709, 5919696.599999999627471 ], [ 41065.275000000001455, 5919696.599999999627471 ], [ 41065.275000000001455, 5919696.75 ], [ 41065.349999999998545, 5919696.75 ], [ 41065.349999999998545, 5919696.825000000186265 ], [ 41065.42500000000291, 5919696.825000000186265 ], [ 41065.42500000000291, 5919696.974999999627471 ], [ 41065.5, 5919696.974999999627471 ], [ 41065.5, 5919697.049999999813735 ], [ 41065.57499999999709, 5919697.049999999813735 ], [ 41065.57499999999709, 5919697.200000000186265 ], [ 41065.650000000001455, 5919697.200000000186265 ], [ 41065.650000000001455, 5919697.349999999627471 ], [ 41065.724999999998545, 5919697.349999999627471 ], [ 41065.724999999998545, 5919697.5 ], [ 41065.80000000000291, 5919697.5 ], [ 41065.80000000000291, 5919697.650000000372529 ], [ 41065.875, 5919697.650000000372529 ], [ 41065.875, 5919697.799999999813735 ], [ 41065.94999999999709, 5919697.799999999813735 ], [ 41065.94999999999709, 5919697.950000000186265 ], [ 41066.025000000001455, 5919697.950000000186265 ], [ 41066.025000000001455, 5919698.099999999627471 ], [ 41066.099999999998545, 5919698.099999999627471 ], [ 41066.099999999998545, 5919698.325000000186265 ], [ 41066.17500000000291, 5919698.325000000186265 ], [ 41066.17500000000291, 5919698.474999999627471 ], [ 41066.25, 5919698.474999999627471 ], [ 41066.25, 5919698.700000000186265 ], [ 41066.32499999999709, 5919698.700000000186265 ], [ 41066.32499999999709, 5919698.924999999813735 ], [ 41066.400000000001455, 5919698.924999999813735 ], [ 41066.400000000001455, 5919699.150000000372529 ], [ 41066.474999999998545, 5919699.150000000372529 ], [ 41066.474999999998545, 5919699.674999999813735 ], [ 41066.55000000000291, 5919699.674999999813735 ], [ 41066.55000000000291, 5919700.125 ], [ 41066.625, 5919700.125 ], [ 41066.625, 5919700.650000000372529 ], [ 41066.69999999999709, 5919700.650000000372529 ], [ 41066.69999999999709, 5919701.025000000372529 ], [ 41066.775000000001455, 5919701.025000000372529 ], [ 41066.775000000001455, 5919701.099999999627471 ], [ 41066.69999999999709, 5919701.099999999627471 ], [ 41066.69999999999709, 5919701.400000000372529 ], [ 41066.625, 5919701.400000000372529 ], [ 41066.625, 5919701.775000000372529 ], [ 41066.55000000000291, 5919701.775000000372529 ], [ 41066.55000000000291, 5919702.150000000372529 ], [ 41066.474999999998545, 5919702.150000000372529 ], [ 41066.474999999998545, 5919702.525000000372529 ], [ 41066.400000000001455, 5919702.525000000372529 ], [ 41066.400000000001455, 5919702.974999999627471 ], [ 41066.32499999999709, 5919702.974999999627471 ], [ 41066.32499999999709, 5919703.575000000186265 ], [ 41066.25, 5919703.575000000186265 ], [ 41066.25, 5919704.25 ], [ 41066.17500000000291, 5919704.25 ], [ 41066.17500000000291, 5919704.849999999627471 ], [ 41066.099999999998545, 5919704.849999999627471 ], [ 41066.099999999998545, 5919705.375 ], [ 41066.025000000001455, 5919705.375 ], [ 41066.025000000001455, 5919705.825000000186265 ], [ 41065.94999999999709, 5919705.825000000186265 ], [ 41065.94999999999709, 5919706.275000000372529 ], [ 41065.875, 5919706.275000000372529 ], [ 41065.875, 5919706.650000000372529 ], [ 41065.80000000000291, 5919706.650000000372529 ], [ 41065.80000000000291, 5919706.950000000186265 ], [ 41065.724999999998545, 5919706.950000000186265 ], [ 41065.724999999998545, 5919707.099999999627471 ], [ 41065.650000000001455, 5919707.099999999627471 ], [ 41065.650000000001455, 5919707.25 ], [ 41065.57499999999709, 5919707.25 ], [ 41065.57499999999709, 5919707.400000000372529 ], [ 41065.5, 5919707.400000000372529 ], [ 41065.5, 5919707.474999999627471 ], [ 41065.42500000000291, 5919707.474999999627471 ], [ 41065.42500000000291, 5919707.549999999813735 ], [ 41065.349999999998545, 5919707.549999999813735 ], [ 41065.349999999998545, 5919707.700000000186265 ], [ 41065.275000000001455, 5919707.700000000186265 ], [ 41065.275000000001455, 5919707.775000000372529 ], [ 41065.19999999999709, 5919707.775000000372529 ], [ 41065.19999999999709, 5919707.849999999627471 ], [ 41065.125, 5919707.849999999627471 ], [ 41065.125, 5919707.924999999813735 ], [ 41065.05000000000291, 5919707.924999999813735 ], [ 41065.05000000000291, 5919708.0 ], [ 41064.974999999998545, 5919708.0 ], [ 41064.974999999998545, 5919708.075000000186265 ], [ 41064.82499999999709, 5919708.075000000186265 ], [ 41064.82499999999709, 5919708.150000000372529 ], [ 41064.75, 5919708.150000000372529 ], [ 41064.75, 5919708.299999999813735 ], [ 41064.67500000000291, 5919708.299999999813735 ], [ 41064.67500000000291, 5919708.375 ], [ 41064.599999999998545, 5919708.375 ], [ 41064.599999999998545, 5919708.450000000186265 ], [ 41064.525000000001455, 5919708.450000000186265 ], [ 41064.525000000001455, 5919708.599999999627471 ], [ 41064.44999999999709, 5919708.599999999627471 ], [ 41064.44999999999709, 5919708.674999999813735 ], [ 41064.375, 5919708.674999999813735 ], [ 41064.375, 5919708.825000000186265 ], [ 41064.30000000000291, 5919708.825000000186265 ], [ 41064.30000000000291, 5919708.974999999627471 ], [ 41064.224999999998545, 5919708.974999999627471 ], [ 41064.224999999998545, 5919709.049999999813735 ], [ 41064.150000000001455, 5919709.049999999813735 ], [ 41064.150000000001455, 5919709.125 ], [ 41064.07499999999709, 5919709.125 ], [ 41064.07499999999709, 5919709.275000000372529 ], [ 41064.0, 5919709.275000000372529 ], [ 41064.0, 5919709.349999999627471 ], [ 41063.92500000000291, 5919709.349999999627471 ], [ 41063.92500000000291, 5919709.424999999813735 ], [ 41063.849999999998545, 5919709.424999999813735 ], [ 41063.849999999998545, 5919709.5 ], [ 41063.69999999999709, 5919709.5 ], [ 41063.69999999999709, 5919709.575000000186265 ], [ 41063.625, 5919709.575000000186265 ], [ 41063.625, 5919709.650000000372529 ], [ 41063.55000000000291, 5919709.650000000372529 ], [ 41063.55000000000291, 5919709.724999999627471 ], [ 41063.400000000001455, 5919709.724999999627471 ], [ 41063.400000000001455, 5919709.799999999813735 ], [ 41063.25, 5919709.799999999813735 ], [ 41063.25, 5919709.875 ], [ 41063.099999999998545, 5919709.875 ], [ 41063.099999999998545, 5919709.950000000186265 ], [ 41062.94999999999709, 5919709.950000000186265 ], [ 41062.94999999999709, 5919710.025000000372529 ], [ 41062.724999999998545, 5919710.025000000372529 ], [ 41062.724999999998545, 5919710.099999999627471 ], [ 41062.5, 5919710.099999999627471 ], [ 41062.5, 5919710.174999999813735 ], [ 41062.275000000001455, 5919710.174999999813735 ], [ 41062.275000000001455, 5919710.25 ], [ 41062.05000000000291, 5919710.25 ], [ 41062.05000000000291, 5919710.325000000186265 ], [ 41061.900000000001455, 5919710.325000000186265 ], [ 41061.900000000001455, 5919710.400000000372529 ], [ 41061.67500000000291, 5919710.400000000372529 ], [ 41061.67500000000291, 5919710.474999999627471 ], [ 41061.525000000001455, 5919710.474999999627471 ], [ 41061.525000000001455, 5919710.549999999813735 ], [ 41061.375, 5919710.549999999813735 ], [ 41061.375, 5919710.625 ], [ 41061.224999999998545, 5919710.625 ], [ 41061.224999999998545, 5919710.700000000186265 ], [ 41061.07499999999709, 5919710.700000000186265 ], [ 41061.07499999999709, 5919710.775000000372529 ], [ 41060.92500000000291, 5919710.775000000372529 ], [ 41060.92500000000291, 5919710.849999999627471 ], [ 41060.849999999998545, 5919710.849999999627471 ], [ 41060.849999999998545, 5919710.924999999813735 ], [ 41060.69999999999709, 5919710.924999999813735 ], [ 41060.69999999999709, 5919711.0 ], [ 41060.625, 5919711.0 ], [ 41060.625, 5919711.075000000186265 ], [ 41060.474999999998545, 5919711.075000000186265 ], [ 41060.474999999998545, 5919711.150000000372529 ], [ 41060.400000000001455, 5919711.150000000372529 ], [ 41060.400000000001455, 5919711.224999999627471 ], [ 41060.25, 5919711.224999999627471 ], [ 41060.25, 5919711.299999999813735 ], [ 41060.099999999998545, 5919711.299999999813735 ], [ 41060.099999999998545, 5919711.375 ], [ 41059.94999999999709, 5919711.375 ], [ 41059.94999999999709, 5919711.450000000186265 ], [ 41059.80000000000291, 5919711.450000000186265 ], [ 41059.80000000000291, 5919711.525000000372529 ], [ 41059.650000000001455, 5919711.525000000372529 ], [ 41059.650000000001455, 5919711.599999999627471 ], [ 41059.5, 5919711.599999999627471 ], [ 41059.5, 5919711.674999999813735 ], [ 41059.275000000001455, 5919711.674999999813735 ], [ 41059.275000000001455, 5919711.75 ], [ 41059.125, 5919711.75 ], [ 41059.125, 5919711.825000000186265 ], [ 41058.900000000001455, 5919711.825000000186265 ], [ 41058.900000000001455, 5919711.900000000372529 ], [ 41058.75, 5919711.900000000372529 ], [ 41058.75, 5919711.974999999627471 ], [ 41058.599999999998545, 5919711.974999999627471 ], [ 41058.599999999998545, 5919712.049999999813735 ], [ 41058.525000000001455, 5919712.049999999813735 ], [ 41058.525000000001455, 5919712.125 ], [ 41058.375, 5919712.125 ], [ 41058.375, 5919712.200000000186265 ], [ 41058.224999999998545, 5919712.200000000186265 ], [ 41058.224999999998545, 5919712.275000000372529 ], [ 41058.07499999999709, 5919712.275000000372529 ], [ 41058.07499999999709, 5919712.349999999627471 ], [ 41058.0, 5919712.349999999627471 ], [ 41058.0, 5919712.424999999813735 ], [ 41057.849999999998545, 5919712.424999999813735 ], [ 41057.849999999998545, 5919712.5 ], [ 41057.775000000001455, 5919712.5 ], [ 41057.775000000001455, 5919712.575000000186265 ], [ 41057.625, 5919712.575000000186265 ], [ 41057.625, 5919712.650000000372529 ], [ 41057.55000000000291, 5919712.650000000372529 ], [ 41057.55000000000291, 5919712.724999999627471 ], [ 41057.474999999998545, 5919712.724999999627471 ], [ 41057.474999999998545, 5919712.799999999813735 ], [ 41057.400000000001455, 5919712.799999999813735 ], [ 41057.400000000001455, 5919712.875 ], [ 41057.32499999999709, 5919712.875 ], [ 41057.32499999999709, 5919712.950000000186265 ], [ 41057.25, 5919712.950000000186265 ], [ 41057.25, 5919713.025000000372529 ], [ 41057.17500000000291, 5919713.025000000372529 ], [ 41057.17500000000291, 5919713.099999999627471 ], [ 41057.099999999998545, 5919713.099999999627471 ], [ 41057.099999999998545, 5919713.174999999813735 ], [ 41057.025000000001455, 5919713.174999999813735 ], [ 41057.025000000001455, 5919713.25 ], [ 41056.94999999999709, 5919713.25 ], [ 41056.94999999999709, 5919713.325000000186265 ], [ 41056.875, 5919713.325000000186265 ], [ 41056.875, 5919713.400000000372529 ], [ 41056.80000000000291, 5919713.400000000372529 ], [ 41056.80000000000291, 5919713.474999999627471 ], [ 41056.724999999998545, 5919713.474999999627471 ], [ 41056.724999999998545, 5919713.549999999813735 ], [ 41056.650000000001455, 5919713.549999999813735 ], [ 41056.650000000001455, 5919713.700000000186265 ], [ 41056.57499999999709, 5919713.700000000186265 ], [ 41056.57499999999709, 5919713.775000000372529 ], [ 41056.5, 5919713.775000000372529 ], [ 41056.5, 5919713.849999999627471 ], [ 41056.42500000000291, 5919713.849999999627471 ], [ 41056.42500000000291, 5919714.0 ], [ 41056.349999999998545, 5919714.0 ], [ 41056.349999999998545, 5919714.075000000186265 ], [ 41056.275000000001455, 5919714.075000000186265 ], [ 41056.275000000001455, 5919714.224999999627471 ], [ 41056.19999999999709, 5919714.224999999627471 ], [ 41056.19999999999709, 5919714.299999999813735 ], [ 41056.125, 5919714.299999999813735 ], [ 41056.125, 5919714.450000000186265 ], [ 41056.05000000000291, 5919714.450000000186265 ], [ 41056.05000000000291, 5919714.525000000372529 ], [ 41055.974999999998545, 5919714.525000000372529 ], [ 41055.974999999998545, 5919714.674999999813735 ], [ 41055.900000000001455, 5919714.674999999813735 ], [ 41055.900000000001455, 5919714.825000000186265 ], [ 41055.82499999999709, 5919714.825000000186265 ], [ 41055.82499999999709, 5919714.974999999627471 ], [ 41055.75, 5919714.974999999627471 ], [ 41055.75, 5919715.125 ], [ 41055.67500000000291, 5919715.125 ], [ 41055.67500000000291, 5919715.275000000372529 ], [ 41055.599999999998545, 5919715.275000000372529 ], [ 41055.599999999998545, 5919715.424999999813735 ], [ 41055.525000000001455, 5919715.424999999813735 ], [ 41055.525000000001455, 5919715.575000000186265 ], [ 41055.44999999999709, 5919715.575000000186265 ], [ 41055.44999999999709, 5919715.650000000372529 ], [ 41055.375, 5919715.650000000372529 ], [ 41055.375, 5919715.724999999627471 ], [ 41055.30000000000291, 5919715.724999999627471 ], [ 41055.30000000000291, 5919715.875 ], [ 41055.224999999998545, 5919715.875 ], [ 41055.224999999998545, 5919715.950000000186265 ], [ 41055.150000000001455, 5919715.950000000186265 ], [ 41055.150000000001455, 5919716.025000000372529 ], [ 41055.07499999999709, 5919716.025000000372529 ], [ 41055.07499999999709, 5919716.099999999627471 ], [ 41055.0, 5919716.099999999627471 ], [ 41055.0, 5919716.174999999813735 ], [ 41054.849999999998545, 5919716.174999999813735 ], [ 41054.849999999998545, 5919716.25 ], [ 41054.69999999999709, 5919716.25 ], [ 41054.69999999999709, 5919716.325000000186265 ], [ 41054.625, 5919716.325000000186265 ], [ 41054.625, 5919716.400000000372529 ], [ 41054.474999999998545, 5919716.400000000372529 ], [ 41054.474999999998545, 5919716.474999999627471 ], [ 41054.400000000001455, 5919716.474999999627471 ], [ 41054.400000000001455, 5919716.549999999813735 ], [ 41054.25, 5919716.549999999813735 ], [ 41054.25, 5919716.625 ], [ 41054.17500000000291, 5919716.625 ], [ 41054.17500000000291, 5919716.700000000186265 ], [ 41054.025000000001455, 5919716.700000000186265 ], [ 41054.025000000001455, 5919716.775000000372529 ], [ 41053.94999999999709, 5919716.775000000372529 ], [ 41053.94999999999709, 5919716.849999999627471 ], [ 41053.875, 5919716.849999999627471 ], [ 41053.875, 5919716.924999999813735 ], [ 41053.80000000000291, 5919716.924999999813735 ], [ 41053.80000000000291, 5919717.0 ], [ 41053.650000000001455, 5919717.0 ], [ 41053.650000000001455, 5919717.075000000186265 ], [ 41053.57499999999709, 5919717.075000000186265 ], [ 41053.57499999999709, 5919717.150000000372529 ], [ 41053.42500000000291, 5919717.150000000372529 ], [ 41053.42500000000291, 5919717.224999999627471 ], [ 41053.275000000001455, 5919717.224999999627471 ], [ 41053.275000000001455, 5919717.299999999813735 ], [ 41053.05000000000291, 5919717.299999999813735 ] ] ] } },
{ "type": "Feature", "properties": { "value": 1.0, "building_id": 7, "area": 533.60437499872251 }, "geometry": { "type": "Polygon", "coordinates": [ [ [ 41255.69999999999709, 5919719.474999999627471 ], [ 41255.69999999999709, 5919719.400000000372529 ], [ 41255.17500000000291, 5919719.400000000372529 ], [ 41255.17500000000291, 5919719.325000000186265 ], [ 41254.724999999998545, 5919719.325000000186265 ], [ 41254.724999999998545, 5919719.25 ], [ 41254.349999999998545, 5919719.25 ], [ 41254.349999999998545, 5919719.174999999813735 ], [ 41253.974999999998545, 5919719.174999999813735 ], [ 41253.974999999998545, 5919719.099999999627471 ], [ 41253.67500000000291, 5919719.099999999627471 ], [ 41253.67500000000291, 5919719.025000000372529 ], [ 41253.44999999999709, 5919719.025000000372529 ], [ 41253.44999999999709, 5919718.950000000186265 ], [ 41253.224999999998545, 5919718.950000000186265 ], [ 41253.224999999998545, 5919718.875 ], [ 41253.0, 5919718.875 ], [ 41253.0, 5919718.799999999813735 ], [ 41252.775000000001455, 5919718.799999999813735 ], [ 41252.775000000001455, 5919718.724999999627471 ], [ 41252.625, 5919718.724999999627471 ], [ 41252.625, 5919718.650000000372529 ], [ 41252.400000000001455, 5919718.650000000372529 ], [ 41252.400000000001455, 5919718.575000000186265 ], [ 41252.099999999998545, 5919718.575000000186265 ], [ 41252.099999999998545, 5919718.5 ], [ 41251.875, 5919718.5 ], [ 41251.875, 5919718.424999999813735 ], [ 41251.57499999999709, 5919718.424999999813735 ], [ 41251.57499999999709, 5919718.349999999627471 ], [ 41251.19999999999709, 5919718.349999999627471 ], [ 41251.19999999999709, 5919718.275000000372529 ], [ 41250.900000000001455, 5919718.275000000372529 ], [ 41250.900000000001455, 5919718.200000000186265 ], [ 41250.599999999998545, 5919718.200000000186265 ], [ 41250.599999999998545, 5919718.125 ], [ 41250.30000000000291, 5919718.125 ], [ 41250.30000000000291, 5919718.049999999813735 ], [ 41250.150000000001455, 5919718.049999999813735 ], [ 41250.150000000001455, 5919717.974999999627471 ], [ 41250.0, 5919717.974999999627471 ], [ 41250.0, 5919717.900000000372529 ], [ 41249.849999999998545, 5919717.900000000372529 ], [ 41249.849999999998545, 5919717.825000000186265 ], [ 41249.69999999999709, 5919717.825000000186265 ], [ 41249.69999999999709, 5919717.75 ], [ 41249.55000000000291, 5919717.75 ], [ 41249.55000000000291, 5919717.674999999813735 ], [ 41249.400000000001455, 5919717.674999999813735 ], [ 41249.400000000001455, 5919717.599999999627471 ], [ 41249.25, 5919717.599999999627471 ], [ 41249.25, 5919717.525000000372529 ], [ 41249.17500000000291, 5919717.525000000372529 ], [ 41249.17500000000291, 5919717.450000000186265 ], [ 41249.025000000001455, 5919717.450000000186265 ], [ 41249.025000000001455, 5919717.375 ], [ 41248.94999999999709, 5919717.375 ], [ 41248.94999999999709, 5919717.299999999813735 ], [ 41248.875, 5919717.299999999813735 ], [ 41248.875, 5919717.224999999627471 ], [ 41248.724999999998545, 5919717.224999999627471 ], [ 41248.724999999998545, 5919717.150000000372529 ], [ 41248.650000000001455, 5919717.150000000372529 ], [ 41248.650000000001455, 5919717.075000000186265 ], [ 41248.57499999999709, 5919717.075000000186265 ], [ 41248.57499999999709, 5919717.0 ], [ 41248.5, 5919717.0 ], [ 41248.5, 5919716.924999999813735 ], [ 41248.42500000000291, 5919716.924999999813735 ], [ 41248.42500000000291, 5919716.849999999627471 ], [ 41248.349999999998545, 5919716.849999999627471 ], [ 41248.349999999998545, 5919716.775000000372529 ], [ 41248.275000000001455, 5919716.775000000372529 ], [ 41248.275000000001455, 5919716.625 ], [ 41248.19999999999709, 5919716.625 ], [ 41248.19999999999709, 5919716.549999999813735 ], [ 41248.125, 5919716.549999999813735 ], [ 41248.125, 5919716.400000000372529 ], [ 41248.05000000000291, 5919716.400000000372529 ], [ 41248.05000000000291, 5919716.325000000186265 ], [ 41247.974999999998545, 5919716.325000000186265 ], [ 41247.974999999998545, 5919716.174999999813735 ], [ 41247.900000000001455, 5919716.174999999813735 ], [ 41247.900000000001455, 5919716.025000000372529 ], [ 41247.82499999999709, 5919716.025000000372529 ], [ 41247.82499999999709, 5919715.875 ], [ 41247.75, 5919715.875 ], [ 41247.75, 5919715.650000000372529 ], [ 41247.67500000000291, 5919715.650000000372529 ], [ 41247.67500000000291, 5919715.5 ], [ 41247.599999999998545, 5919715.5 ], [ 41247.599999999998545, 5919715.349999999627471 ], [ 41247.525000000001455, 5919715.349999999627471 ], [ 41247.525000000001455, 5919715.125 ], [ 41247.44999999999709, 5919715.125 ], [ 41247.44999999999709, 5919714.900000000372529 ], [ 41247.375, 5919714.900000000372529 ], [ 41247.375, 5919714.525000000372529 ], [ 41247.30000000000291, 5919714.525000000372529 ], [ 41247.30000000000291, 5919714.075000000186265 ], [ 41247.224999999998545, 5919714.075000000186265 ], [ 41247.224999999998545, 5919713.549999999813735 ], [ 41247.150000000001455, 5919713.549999999813735 ], [ 41247.150000000001455, 5919713.099999999627471 ], [ 41247.07499999999709, 5919713.099999999627471 ], [ 41247.07499999999709, 5919712.575000000186265 ], [ 41247.0, 5919712.575000000186265 ], [ 41247.0, 5919712.125 ], [ 41246.92500000000291, 5919712.125 ], [ 41246.92500000000291, 5919711.75 ], [ 41246.849999999998545, 5919711.75 ], [ 41246.849999999998545, 5919711.299999999813735 ], [ 41246.775000000001455, 5919711.299999999813735 ], [ 41246.775000000001455, 5919710.924999999813735 ], [ 41246.69999999999709, 5919710.924999999813735 ], [ 41246.69999999999709, 5919710.625 ], [ 41246.625, 5919710.625 ], [ 41246.625, 5919710.25 ], [ 41246.55000000000291, 5919710.25 ], [ 41246.55000000000291, 5919709.950000000186265 ], [ 41246.474999999998545, 5919709.950000000186265 ], [ 41246.474999999998545, 5919709.724999999627471 ], [ 41246.400000000001455, 5919709.724999999627471 ], [ 41246.400000000001455, 5919709.424999999813735 ], [ 41246.32499999999709, 5919709.424999999813735 ], [ 41246.32499999999709, 5919709.200000000186265 ], [ 41246.25, 5919709.200000000186265 ], [ 41246.25, 5919708.900000000372529 ], [ 41246.17500000000291, 5919708.900000000372529 ], [ 41246.17500000000291, 5919708.825000000186265 ], [ 41246.099999999998545, 5919708.825000000186265 ], [ 41246.099999999998545, 5919708.674999999813735 ], [ 41246.025000000001455, 5919708.674999999813735 ], [ 41246.025000000001455, 5919708.599999999627471 ], [ 41245.94999999999709, 5919708.599999999627471 ], [ 41245.94999999999709, 5919708.450000000186265 ], [ 41245.875, 5919708.450000000186265 ], [ 41245.875, 5919708.375 ], [ 41245.80000000000291, 5919708.375 ], [ 41245.80000000000291, 5919708.224999999627471 ], [ 41245.724999999998545, 5919708.224999999627471 ], [ 41245.724999999998545, 5919708.075000000186265 ], [ 41245.650000000001455, 5919708.075000000186265 ], [ 41245.650000000001455, 5919707.924999999813735 ], [ 41245.57499999999709, 5919707.924999999813735 ], [ 41245.57499999999709, 5919707.775000000372529 ], [ 41245.5, 5919707.775000000372529 ], [ 41245.5, 5919707.625 ], [ 41245.42500000000291, 5919707.625 ], [ 41245.42500000000291, 5919707.474999999627471 ], [ 41245.349999999998545, 5919707.474999999627471 ], [ 41245.349999999998545, 5919707.25 ], [ 41245.275000000001455, 5919707.25 ], [ 41245.275000000001455, 5919707.099999999627471 ], [ 41245.19999999999709, 5919707.099999999627471 ], [ 41245.19999999999709, 5919706.875 ], [ 41245.125, 5919706.875 ], [ 41245.125, 5919706.799999999813735 ], [ 41245.05000000000291, 5919706.799999999813735 ], [ 41245.05000000000291, 5919706.724999999627471 ], [ 41244.974999999998545, 5919706.724999999627471 ], [ 41244.974999999998545, 5919706.575000000186265 ], [ 41244.900000000001455, 5919706.575000000186265 ], [ 41244.900000000001455, 5919706.5 ], [ 41244.82499999999709, 5919706.5 ], [ 41244.82499999999709, 5919706.424999999813735 ], [ 41244.75, 5919706.424999999813735 ], [ 41244.75, 5919706.349999999627471 ], [ 41244.67500000000291, 5919706.349999999627471 ], [ 41244.67500000000291, 5919706.275000000372529 ], [ 41244.599999999998545, 5919706.275000000372529 ], [ 41244.599999999998545, 5919706.200000000186265 ], [ 41244.525000000001455, 5919706.200000000186265 ], [ 41244.525000000001455, 5919706.125 ], [ 41244.375, 5919706.125 ], [ 41244.375, 5919706.049999999813735 ], [ 41244.30000000000291, 5919706.049999999813735 ], [ 41244.30000000000291, 5919705.974999999627471 ], [ 41244.224999999998545, 5919705.974999999627471 ], [ 41244.224999999998545, 5919705.900000000372529 ], [ 41244.150000000001455, 5919705.900000000372529 ], [ 41244.150000000001455, 5919705.825000000186265 ], [ 41244.07499999999709, 5919705.825000000186265 ], [ 41244.07499999999709, 5919705.75 ], [ 41244.0, 5919705.75 ], [ 41244.0, 5919705.599999999627471 ], [ 41243.92500000000291, 5919705.599999999627471 ], [ 41243.92500000000291, 5919705.525000000372529 ], [ 41243.849999999998545, 5919705.525000000372529 ], [ 41243.849999999998545, 5919705.450000000186265 ], [ 41243.775000000001455, 5919705.450000000186265 ], [ 41243.775000000001455, 5919705.299999999813735 ], [ 41243.69999999999709, 5919705.299999999813735 ], [ 41243.69999999999709, 5919705.150000000372529 ], [ 41243.625, 5919705.150000000372529 ], [ 41243.625, 5919705.0 ], [ 41243.55000000000291, 5919705.0 ], [ 41243.55000000000291, 5919704.849999999627471 ], [ 41243.474999999998545, 5919704.849999999627471 ], [ 41243.474999999998545, 5919704.700000000186265 ], [ 41243.400000000001455, 5919704.700000000186265 ], [ 41243.400000000001455, 5919704.549999999813735 ], [ 41243.32499999999709, 5919704.549999999813735 ], [ 41243.32499999999709, 5919704.474999999627471 ], [ 41243.25, 5919704.474999999627471 ], [ 41243.25, 5919704.325000000186265 ], [ 41243.17500000000291, 5919704.325000000186265 ], [ 41243.17500000000291, 5919704.174999999813735 ], [ 41243.099999999998545, 5919704.174999999813735 ], [ 41243.099999999998545, 5919704.099999999627471 ], [ 41243.025000000001455, 5919704.099999999627471 ], [ 41243.025000000001455, 5919703.950000000186265 ], [ 41242.94999999999709, 5919703.950000000186265 ], [ 41242.94999999999709, 5919703.875 ], [ 41242.875, 5919703.875 ], [ 41242.875, 5919703.799999999813735 ], [ 41242.80000000000291, 5919703.799999999813735 ], [ 41242.80000000000291, 5919703.724999999627471 ], [ 41242.724999999998545, 5919703.724999999627471 ], [ 41242.724999999998545, 5919703.575000000186265 ], [ 41242.650000000001455, 5919703.575000000186265 ], [ 41242.650000000001455, 5919703.5 ], [ 41242.57499999999709, 5919703.5 ], [ 41242.57499999999709, 5919703.424999999813735 ], [ 41242.5, 5919703.424999999813735 ], [ 41242.5, 5919703.349999999627471 ], [ 41242.42500000000291, 5919703.349999999627471 ], [ 41242.42500000000291, 5919703.275000000372529 ], [ 41242.349999999998545, 5919703.275000000372529 ], [ 41242.349999999998545, 5919703.125 ], [ 41242.275000000001455, 5919703.125 ], [ 41242.275000000001455, 5919703.049999999813735 ], [ 41242.19999999999709, 5919703.049999999813735 ], [ 41242.19999999999709, 5919702.900000000372529 ], [ 41242.125, 5919702.900000000372529 ], [ 41242.125, 5919702.674999999813735 ], [ 41242.05000000000291, 5919702.674999999813735 ], [ 41242.05000000000291, 5919702.525000000372529 ], [ 41241.974999999998545, 5919702.525000000372529 ], [ 41241.974999999998545, 5919702.299999999813735 ], [ 41241.900000000001455, 5919702.299999999813735 ], [ 41241.900000000001455, 5919702.150000000372529 ], [ 41241.82499999999709, 5919702.150000000372529 ], [ 41241.82499999999709, 5919701.924999999813735 ], [ 41241.75, 5919701.924999999813735 ], [ 41241.75, 5919701.700000000186265 ], [ 41241.67500000000291, 5919701.700000000186265 ], [ 41241.67500000000291, 5919701.474999999627471 ], [ 41241.599999999998545, 5919701.474999999627471 ], [ 41241.599999999998545, 5919701.174999999813735 ], [ 41241.525000000001455, 5919701.174999999813735 ], [ 41241.525000000001455, 5919700.424999999813735 ], [ 41241.44999999999709, 5919700.424999999813735 ], [ 41241.44999999999709, 5919698.849999999627471 ], [ 41241.525000000001455, 5919698.849999999627471 ], [ 41241.525000000001455, 5919698.549999999813735 ], [ 41241.599999999998545, 5919698.549999999813735 ], [ 41241.599999999998545, 5919698.25 ], [ 41241.67500000000291, 5919698.25 ], [ 41241.67500000000291, 5919697.950000000186265 ], [ 41241.75, 5919697.950000000186265 ], [ 41241.75, 5919697.724999999627471 ], [ 41241.82499999999709, 5919697.724999999627471 ], [ 41241.82499999999709, 5919697.424999999813735 ], [ 41241.900000000001455, 5919697.424999999813735 ], [ 41241.900000000001455, 5919697.200000000186265 ], [ 41241.974999999998545, 5919697.200000000186265 ], [ 41241.974999999998545, 5919697.049999999813735 ], [ 41242.05000000000291, 5919697.049999999813735 ], [ 41242.05000000000291, 5919696.900000000372529 ], [ 41242.125, 5919696.900000000372529 ], [ 41242.125, 5919696.825000000186265 ], [ 41242.19999999999709, 5919696.825000000186265 ], [ 41242.19999999999709, 5919696.674999999813735 ], [ 41242.275000000001455, 5919696.674999999813735 ], [ 41242.275000000001455, 5919696.599999999627471 ], [ 41242.349999999998545, 5919696.599999999627471 ], [ 41242.349999999998545, 5919696.525000000372529 ], [ 41242.42500000000291, 5919696.525000000372529 ], [ 41242.42500000000291, 5919696.375 ], [ 41242.5, 5919696.375 ], [ 41242.5, 5919696.299999999813735 ], [ 41242.57499999999709, 5919696.299999999813735 ], [ 41242.57499999999709, 5919696.224999999627471 ], [ 41242.650000000001455, 5919696.224999999627471 ], [ 41242.650000000001455, 5919696.150000000372529 ], [ 41242.724999999998545, 5919696.150000000372529 ], [ 41242.724999999998545, 5919696.075000000186265 ], [ 41242.80000000000291, 5919696.075000000186265 ], [ 41242.80000000000291, 5919696.0 ], [ 41242.875, 5919696.0 ], [ 41242.875, 5919695.924999999813735 ], [ 41242.94999999999709, 5919695.924999999813735 ], [ 41242.94999999999709, 5919695.849999999627471 ], [ 41243.025000000001455, 5919695.849999999627471 ], [ 41243.025000000001455, 5919695.775000000372529 ], [ 41243.099999999998545, 5919695.775000000372529 ], [ 41243.099999999998545, 5919695.700000000186265 ], [ 41243.17500000000291, 5919695.700000000186265 ], [ 41243.17500000000291, 5919695.549999999813735 ], [ 41243.25, 5919695.549999999813735 ], [ 41243.25, 5919695.474999999627471 ], [ 41243.32499999999709, 5919695.474999999627471 ], [ 41243.32499999999709, 5919695.400000000372529 ], [ 41243.400000000001455, 5919695.400000000372529 ], [ 41243.400000000001455, 5919695.25 ], [ 41243.474999999998545, 5919695.25 ], [ 41243.474999999998545, 5919695.174999999813735 ], [ 41243.55000000000291, 5919695.174999999813735 ], [ 41243.55000000000291, 5919695.025000000372529 ], [ 41243.625, 5919695.025000000372529 ], [ 41243.625, 5919694.950000000186265 ], [ 41243.69999999999709, 5919694.950000000186265 ], [ 41243.69999999999709, 5919694.875 ], [ 41243.775000000001455, 5919694.875 ], [ 41243.775000000001455, 5919694.799999999813735 ], [ 41243.849999999998545, 5919694.799999999813735 ], [ 41243.849999999998545, 5919694.724999999627471 ], [ 41243.92500000000291, 5919694.724999999627471 ], [ 41243.92500000000291, 5919694.650000000372529 ], [ 41244.0, 5919694.650000000372529 ], [ 41244.0, 5919694.575000000186265 ], [ 41244.07499999999709, 5919694.575000000186265 ], [ 41244.07499999999709, 5919694.5 ], [ 41244.150000000001455, 5919694.5 ], [ 41244.150000000001455, 5919694.424999999813735 ], [ 41244.224999999998545, 5919694.424999999813735 ], [ 41244.224999999998545, 5919694.349999999627471 ], [ 41244.375, 5919694.349999999627471 ], [ 41244.375, 5919694.275000000372529 ], [ 41244.44999999999709, 5919694.275000000372529 ], [ 41244.44999999999709, 5919694.200000000186265 ], [ 41244.599999999998545, 5919694.200000000186265 ], [ 41244.599999999998545, 5919694.125 ], [ 41244.75, 5919694.125 ], [ 41244.75, 5919694.049999999813735 ], [ 41244.900000000001455, 5919694.049999999813735 ], [ 41244.900000000001455, 5919693.974999999627471 ], [ 41245.05000000000291, 5919693.974999999627471 ], [ 41245.05000000000291, 5919693.900000000372529 ], [ 41245.125, 5919693.900000000372529 ], [ 41245.125, 5919693.825000000186265 ], [ 41245.275000000001455, 5919693.825000000186265 ], [ 41245.275000000001455, 5919693.75 ], [ 41245.42500000000291, 5919693.75 ], [ 41245.42500000000291, 5919693.674999999813735 ], [ 41245.5, 5919693.674999999813735 ], [ 41245.5, 5919693.599999999627471 ], [ 41245.650000000001455, 5919693.599999999627471 ], [ 41245.650000000001455, 5919693.525000000372529 ], [ 41245.80000000000291, 5919693.525000000372529 ], [ 41245.80000000000291, 5919693.450000000186265 ], [ 41245.875, 5919693.450000000186265 ], [ 41245.875, 5919693.375 ], [ 41246.025000000001455, 5919693.375 ], [ 41246.025000000001455, 5919693.299999999813735 ], [ 41246.099999999998545, 5919693.299999999813735 ], [ 41246.099999999998545, 5919693.224999999627471 ], [ 41246.17500000000291, 5919693.224999999627471 ], [ 41246.17500000000291, 5919693.150000000372529 ], [ 41246.25, 5919693.150000000372529 ], [ 41246.25, 5919693.075000000186265 ], [ 41246.32499999999709, 5919693.075000000186265 ], [ 41246.32499999999709, 5919693.0 ], [ 41246.474999999998545, 5919693.0 ], [ 41246.474999999998545, 5919692.924999999813735 ], [ 41246.55000000000291, 5919692.924999999813735 ], [ 41246.55000000000291, 5919692.849999999627471 ], [ 41246.69999999999709, 5919692.849999999627471 ], [ 41246.69999999999709, 5919692.775000000372529 ], [ 41246.775000000001455, 5919692.775000000372529 ], [ 41246.775000000001455, 5919692.700000000186265 ], [ 41246.92500000000291, 5919692.700000000186265 ], [ 41246.92500000000291, 5919692.625 ], [ 41247.07499999999709, 5919692.625 ], [ 41247.07499999999709, 5919692.549999999813735 ], [ 41247.150000000001455, 5919692.549999999813735 ], [ 41247.150000000001455, 5919692.474999999627471 ], [ 41247.30000000000291, 5919692.474999999627471 ], [ 41247.30000000000291, 5919692.400000000372529 ], [ 41247.525000000001455, 5919692.400000000372529 ], [ 41247.525000000001455, 5919692.325000000186265 ], [ 41247.67500000000291, 5919692.325000000186265 ], [ 41247.67500000000291, 5919692.25 ], [ 41247.82499999999709, 5919692.25 ], [ 41247.82499999999709, 5919692.174999999813735 ], [ 41248.05000000000291, 5919692.174999999813735 ], [ 41248.05000000000291, 5919692.099999999627471 ], [ 41248.275000000001455, 5919692.099999999627471 ], [ 41248.275000000001455, 5919692.025000000372529 ], [ 41248.57499999999709, 5919692.025000000372529 ], [ 41248.57499999999709, 5919691.950000000186265 ], [ 41249.099999999998545, 5919691.950000000186265 ], [ 41249.099999999998545, 5919691.875 ], [ 41249.625, 5919691.875 ], [ 41249.625, 5919691.799999999813735 ], [ 41250.150000000001455, 5919691.799999999813735 ], [ 41250.150000000001455, 5919691.724999999627471 ], [ 41251.57499999999709, 5919691.724999999627471 ], [ 41251.57499999999709, 5919691.650000000372529 ], [ 41253.974999999998545, 5919691.650000000372529 ], [ 41253.974999999998545, 5919691.575000000186265 ], [ 41258.69999999999709, 5919691.575000000186265 ], [ 41258.69999999999709, 5919691.650000000372529 ], [ 41258.775000000001455, 5919691.650000000372529 ], [ 41258.775000000001455, 5919691.724999999627471 ], [ 41258.92500000000291, 5919691.724999999627471 ], [ 41258.92500000000291, 5919691.799999999813735 ], [ 41259.0, 5919691.799999999813735 ], [ 41259.0, 5919691.875 ], [ 41259.150000000001455, 5919691.875 ], [ 41259.150000000001455, 5919691.950000000186265 ], [ 41259.224999999998545, 5919691.950000000186265 ], [ 41259.224999999998545, 5919692.025000000372529 ], [ 41259.30000000000291, 5919692.025000000372529 ], [ 41259.30000000000291, 5919692.099999999627471 ], [ 41259.44999999999709, 5919692.099999999627471 ], [ 41259.44999999999709, 5919692.174999999813735 ], [ 41259.525000000001455, 5919692.174999999813735 ], [ 41259.525000000001455, 5919692.25 ], [ 41259.599999999998545, 5919692.25 ], [ 41259.599999999998545, 5919692.325000000186265 ], [ 41259.67500000000291, 5919692.325000000186265 ], [ 41259.67500000000291, 5919692.400000000372529 ], [ 41259.75, 5919692.400000000372529 ], [ 41259.75, 5919692.474999999627471 ], [ 41259.82499999999709, 5919692.474999999627471 ], [ 41259.82499999999709, 5919692.549999999813735 ], [ 41259.900000000001455, 5919692.549999999813735 ], [ 41259.900000000001455, 5919692.625 ], [ 41259.974999999998545, 5919692.625 ], [ 41259.974999999998545, 5919692.700000000186265 ], [ 41260.05000000000291, 5919692.700000000186265 ], [ 41260.05000000000291, 5919692.775000000372529 ], [ 41260.125, 5919692.775000000372529 ], [ 41260.125, 5919692.849999999627471 ], [ 41260.19999999999709, 5919692.849999999627471 ], [ 41260.19999999999709, 5919692.924999999813735 ], [ 41260.275000000001455, 5919692.924999999813735 ], [ 41260.275000000001455, 5919693.0 ], [ 41260.349999999998545, 5919693.0 ], [ 41260.349999999998545, 5919693.150000000372529 ], [ 41260.42500000000291, 5919693.150000000372529 ], [ 41260.42500000000291, 5919693.224999999627471 ], [ 41260.5, 5919693.224999999627471 ], [ 41260.5, 5919693.299999999813735 ], [ 41260.57499999999709, 5919693.299999999813735 ], [ 41260.57499999999709, 5919693.375 ], [ 41260.650000000001455, 5919693.375 ], [ 41260.650000000001455, 5919693.450000000186265 ], [ 41260.80000000000291, 5919693.450000000186265 ], [ 41260.80000000000291, 5919693.525000000372529 ], [ 41260.875, 5919693.525000000372529 ], [ 41260.875, 5919693.599999999627471 ], [ 41260.94999999999709, 5919693.599999999627471 ], [ 41260.94999999999709, 5919693.674999999813735 ], [ 41261.025000000001455, 5919693.674999999813735 ], [ 41261.025000000001455, 5919693.75 ], [ 41261.17500000000291, 5919693.75 ], [ 41261.17500000000291, 5919693.825000000186265 ], [ 41261.25, 5919693.825000000186265 ], [ 41261.25, 5919693.900000000372529 ], [ 41261.32499999999709, 5919693.900000000372529 ], [ 41261.32499999999709, 5919693.974999999627471 ], [ 41261.400000000001455, 5919693.974999999627471 ], [ 41261.400000000001455, 5919694.049999999813735 ], [ 41261.55000000000291, 5919694.049999999813735 ], [ 41261.55000000000291, 5919694.125 ], [ 41261.625, 5919694.125 ], [ 41261.625, 5919694.200000000186265 ], [ 41261.69999999999709, 5919694.200000000186265 ], [ 41261.69999999999709, 5919694.275000000372529 ], [ 41261.775000000001455, 5919694.275000000372529 ], [ 41261.775000000001455, 5919694.349999999627471 ], [ 41261.92500000000291, 5919694.349999999627471 ], [ 41261.92500000000291, 5919694.424999999813735 ], [ 41262.0, 5919694.424999999813735 ], [ 41262.0, 5919694.5 ], [ 41262.07499999999709, 5919694.5 ], [ 41262.07499999999709, 5919694.575000000186265 ], [ 41262.150000000001455, 5919694.575000000186265 ], [ 41262.150000000001455, 5919694.650000000372529 ], [ 41262.224999999998545, 5919694.650000000372529 ], [ 41262.224999999998545, 5919694.724999999627471 ], [ 41262.375, 5919694.724999999627471 ], [ 41262.375, 5919694.799999999813735 ], [ 41262.44999999999709, 5919694.799999999813735 ], [ 41262.44999999999709, 5919694.875 ], [ 41262.525000000001455, 5919694.875 ], [ 41262.525000000001455, 5919694.950000000186265 ], [ 41262.599999999998545, 5919694.950000000186265 ], [ 41262.599999999998545, 5919695.025000000372529 ], [ 41262.67500000000291, 5919695.025000000372529 ], [ 41262.67500000000291, 5919695.174999999813735 ], [ 41262.75, 5919695.174999999813735 ], [ 41262.75, 5919695.25 ], [ 41262.82499999999709, 5919695.25 ], [ 41262.82499999999709, 5919695.325000000186265 ], [ 41262.900000000001455, 5919695.325000000186265 ], [ 41262.900000000001455, 5919695.400000000372529 ], [ 41262.974999999998545, 5919695.400000000372529 ], [ 41262.974999999998545, 5919695.474999999627471 ], [ 41263.05000000000291, 5919695.474999999627471 ], [ 41263.05000000000291, 5919695.549999999813735 ], [ 41263.125, 5919695.549999999813735 ], [ 41263.125, 5919695.700000000186265 ], [ 41263.19999999999709, 5919695.700000000186265 ], [ 41263.19999999999709, 5919695.775000000372529 ], [ 41263.275000000001455, 5919695.775000000372529 ], [ 41263.275000000001455, 5919695.849999999627471 ], [ 41263.349999999998545, 5919695.849999999627471 ], [ 41263.349999999998545, 5919695.924999999813735 ], [ 41263.42500000000291, 5919695.924999999813735 ], [ 41263.42500000000291, 5919696.0 ], [ 41263.5, 5919696.0 ], [ 41263.5, 5919696.075000000186265 ], [ 41263.57499999999709, 5919696.075000000186265 ], [ 41263.57499999999709, 5919696.150000000372529 ], [ 41263.650000000001455, 5919696.150000000372529 ], [ 41263.650000000001455, 5919696.224999999627471 ], [ 41263.724999999998545, 5919696.224999999627471 ], [ 41263.724999999998545, 5919696.375 ], [ 41263.80000000000291, 5919696.375 ], [ 41263.80000000000291, 5919696.450000000186265 ], [ 41263.875, 5919696.450000000186265 ], [ 41263.875, 5919696.525000000372529 ], [ 41263.94999999999709, 5919696.525000000372529 ], [ 41263.94999999999709, 5919696.599999999627471 ], [ 41264.025000000001455, 5919696.599999999627471 ], [ 41264.025000000001455, 5919696.674999999813735 ], [ 41264.099999999998545, 5919696.674999999813735 ], [ 41264.099999999998545, 5919696.75 ], [ 41264.17500000000291, 5919696.75 ], [ 41264.17500000000291, 5919696.825000000186265 ], [ 41264.25, 5919696.825000000186265 ], [ 41264.25, 5919696.900000000372529 ], [ 41264.32499999999709, 5919696.900000000372529 ], [ 41264.32499999999709, 5919696.974999999627471 ], [ 41264.400000000001455, 5919696.974999999627471 ], [ 41264.400000000001455, 5919697.049999999813735 ], [ 41264.474999999998545, 5919697.049999999813735 ], [ 41264.474999999998545, 5919697.200000000186265 ], [ 41264.55000000000291, 5919697.200000000186265 ], [ 41264.55000000000291, 5919697.275000000372529 ], [ 41264.625, 5919697.275000000372529 ], [ 41264.625, 5919697.349999999627471 ], [ 41264.69999999999709, 5919697.349999999627471 ], [ 41264.69999999999709, 5919697.424999999813735 ], [ 41264.775000000001455, 5919697.424999999813735 ], [ 41264.775000000001455, 5919697.5 ], [ 41264.849999999998545, 5919697.5 ], [ 41264.849999999998545, 5919697.575000000186265 ], [ 41264.92500000000291, 5919697.575000000186265 ], [ 41264.92500000000291, 5919697.650000000372529 ], [ 41265.0, 5919697.650000000372529 ], [ 41265.0, 5919697.799999999813735 ], [ 41265.07499999999709, 5919697.799999999813735 ], [ 41265.07499999999709, 5919697.875 ], [ 41265.150000000001455, 5919697.875 ], [ 41265.150000000001455, 5919697.950000000186265 ], [ 41265.224999999998545, 5919697.950000000186265 ], [ 41265.224999999998545, 5919698.025000000372529 ], [ 41265.30000000000291, 5919698.025000000372529 ], [ 41265.30000000000291, 5919698.099999999627471 ], [ 41265.375, 5919698.099999999627471 ], [ 41265.375, 5919698.174999999813735 ], [ 41265.44999999999709, 5919698.174999999813735 ], [ 41265.44999999999709, 5919698.25 ], [ 41265.525000000001455, 5919698.25 ], [ 41265.525000000001455, 5919698.325000000186265 ], [ 41265.599999999998545, 5919698.325000000186265 ], [ 41265.599999999998545, 5919698.400000000372529 ], [ 41265.67500000000291, 5919698.400000000372529 ], [ 41265.67500000000291, 5919698.474999999627471 ], [ 41265.75, 5919698.474999999627471 ], [ 41265.75, 5919698.549999999813735 ], [ 41265.82499999999709, 5919698.549999999813735 ], [ 41265.82499999999709, 5919698.625 ], [ 41265.900000000001455, 5919698.625 ], [ 41265.900000000001455, 5919698.700000000186265 ], [ 41265.974999999998545, 5919698.700000000186265 ], [ 41265.974999999998545, 5919698.775000000372529 ], [ 41266.05000000000291, 5919698.775000000372529 ], [ 41266.05000000000291, 5919698.849999999627471 ], [ 41266.19999999999709, 5919698.849999999627471 ], [ 41266.19999999999709, 5919698.924999999813735 ], [ 41266.349999999998545, 5919698.924999999813735 ], [ 41266.349999999998545, 5919699.0 ], [ 41266.42500000000291, 5919699.0 ], [ 41266.42500000000291, 5919699.075000000186265 ], [ 41266.57499999999709, 5919699.075000000186265 ], [ 41266.57499999999709, 5919699.150000000372529 ], [ 41266.650000000001455, 5919699.150000000372529 ], [ 41266.650000000001455, 5919699.224999999627471 ], [ 41266.724999999998545, 5919699.224999999627471 ], [ 41266.724999999998545, 5919699.299999999813735 ], [ 41266.80000000000291, 5919699.299999999813735 ], [ 41266.80000000000291, 5919699.375 ], [ 41266.875, 5919699.375 ], [ 41266.875, 5919699.525000000372529 ], [ 41266.94999999999709, 5919699.525000000372529 ], [ 41266.94999999999709, 5919699.599999999627471 ], [ 41267.025000000001455, 5919699.599999999627471 ], [ 41267.025000000001455, 5919699.674999999813735 ], [ 41267.099999999998545, 5919699.674999999813735 ], [ 41267.099999999998545, 5919699.75 ], [ 41267.17500000000291, 5919699.75 ], [ 41267.17500000000291, 5919699.825000000186265 ], [ 41267.25, 5919699.825000000186265 ], [ 41267.25, 5919699.974999999627471 ], [ 41267.32499999999709, 5919699.974999999627471 ], [ 41267.32499999999709, 5919700.049999999813735 ], [ 41267.400000000001455, 5919700.049999999813735 ], [ 41267.400000000001455, 5919700.125 ], [ 41267.474999999998545, 5919700.125 ], [ 41267.474999999998545, 5919700.200000000186265 ], [ 41267.55000000000291, 5919700.200000000186265 ], [ 41267.55000000000291, 5919700.349999999627471 ], [ 41267.625, 5919700.349999999627471 ], [ 41267.625, 5919700.424999999813735 ], [ 41267.69999999999709, 5919700.424999999813735 ], [ 41267.69999999999709, 5919700.5 ], [ 41267.775000000001455, 5919700.5 ], [ 41267.775000000001455, 5919701.174999999813735 ], [ 41267.69999999999709, 5919701.174999999813735 ], [ 41267.69999999999709, 5919701.474999999627471 ], [ 41267.625, 5919701.474999999627471 ], [ 41267.625, 5919701.775000000372529 ], [ 41267.55000000000291, 5919701.775000000372529 ], [ 41267.55000000000291, 5919702.224999999627471 ], [ 41267.474999999998545, 5919702.224999999627471 ], [ 41267.474999999998545, 5919702.599999999627471 ], [ 41267.400000000001455, 5919702.599999999627471 ], [ 41267.400000000001455, 5919703.125 ], [ 41267.32499999999709, 5919703.125 ], [ 41267.32499999999709, 5919703.650000000372529 ], [ 41267.25, 5919703.650000000372529 ], [ 41267.25, 5919704.325000000186265 ], [ 41267.17500000000291, 5919704.325000000186265 ], [ 41267.17500000000291, 5919705.0 ], [ 41267.099999999998545, 5919705.0 ], [ 41267.099999999998545, 5919705.825000000186265 ], [ 41267.025000000001455, 5919705.825000000186265 ], [ 41267.025000000001455, 5919706.724999999627471 ], [ 41266.94999999999709, 5919706.724999999627471 ], [ 41266.94999999999709, 5919707.25 ], [ 41266.875, 5919707.25 ], [ 41266.875, 5919707.625 ], [ 41266.80000000000291, 5919707.625 ], [ 41266.80000000000291, 5919707.924999999813735 ], [ 41266.724999999998545, 5919707.924999999813735 ], [ 41266.724999999998545, 5919708.224999999627471 ], [ 41266.650000000001455, 5919708.224999999627471 ], [ 41266.650000000001455, 5919708.599999999627471 ], [ 41266.57499999999709, 5919708.599999999627471 ], [ 41266.57499999999709, 5919708.825000000186265 ], [ 41266.5, 5919708.825000000186265 ], [ 41266.5, 5919709.049999999813735 ], [ 41266.42500000000291, 5919709.049999999813735 ], [ 41266.42500000000291, 5919709.125 ], [ 41266.349999999998545, 5919709.125 ], [ 41266.349999999998545, 5919709.275000000372529 ], [ 41266.275000000001455, 5919709.275000000372529 ], [ 41266.275000000001455, 5919709.424999999813735 ], [ 41266.19999999999709, 5919709.424999999813735 ], [ 41266.19999999999709, 5919709.5 ], [ 41266.125, 5919709.5 ], [ 41266.125, 5919709.575000000186265 ], [ 41266.05000000000291, 5919709.575000000186265 ], [ 41266.05000000000291, 5919709.724999999627471 ], [ 41265.974999999998545, 5919709.724999999627471 ], [ 41265.974999999998545, 5919709.799999999813735 ], [ 41265.900000000001455, 5919709.799999999813735 ], [ 41265.900000000001455, 5919709.950000000186265 ], [ 41265.82499999999709, 5919709.950000000186265 ], [ 41265.82499999999709, 5919710.099999999627471 ], [ 41265.75, 5919710.099999999627471 ], [ 41265.75, 5919710.25 ], [ 41265.67500000000291, 5919710.25 ], [ 41265.67500000000291, 5919710.400000000372529 ], [ 41265.599999999998545, 5919710.400000000372529 ], [ 41265.599999999998545, 5919710.549999999813735 ], [ 41265.525000000001455, 5919710.549999999813735 ], [ 41265.525000000001455, 5919710.700000000186265 ], [ 41265.44999999999709, 5919710.700000000186265 ], [ 41265.44999999999709, 5919710.849999999627471 ], [ 41265.375, 5919710.849999999627471 ], [ 41265.375, 5919711.075000000186265 ], [ 41265.30000000000291, 5919711.075000000186265 ], [ 41265.30000000000291, 5919711.299999999813735 ], [ 41265.224999999998545, 5919711.299999999813735 ], [ 41265.224999999998545, 5919711.450000000186265 ], [ 41265.150000000001455, 5919711.450000000186265 ], [ 41265.150000000001455, 5919711.674999999813735 ], [ 41265.07499999999709, 5919711.674999999813735 ], [ 41265.07499999999709, 5919711.825000000186265 ], [ 41265.0, 5919711.825000000186265 ], [ 41265.0, 5919712.049999999813735 ], [ 41264.92500000000291, 5919712.049999999813735 ], [ 41264.92500000000291, 5919712.200000000186265 ], [ 41264.849999999998545, 5919712.200000000186265 ], [ 41264.849999999998545, 5919712.349999999627471 ], [ 41264.775000000001455, 5919712.349999999627471 ], [ 41264.775000000001455, 5919712.5 ], [ 41264.69999999999709, 5919712.5 ], [ 41264.69999999999709, 5919712.724999999627471 ], [ 41264.625, 5919712.724999999627471 ], [ 41264.625, 5919712.799999999813735 ], [ 41264.55000000000291, 5919712.799999999813735 ], [ 41264.55000000000291, 5919712.950000000186265 ], [ 41264.474999999998545, 5919712.950000000186265 ], [ 41264.474999999998545, 5919713.025000000372529 ], [ 41264.400000000001455, 5919713.025000000372529 ], [ 41264.400000000001455, 5919713.174999999813735 ], [ 41264.32499999999709, 5919713.174999999813735 ], [ 41264.32499999999709, 5919713.25 ], [ 41264.25, 5919713.25 ], [ 41264.25, 5919713.325000000186265 ], [ 41264.17500000000291, 5919713.325000000186265 ], [ 41264.17500000000291, 5919713.474999999627471 ], [ 41264.099999999998545, 5919713.474999999627471 ], [ 41264.099999999998545, 5919713.549999999813735 ], [ 41264.025000000001455, 5919713.549999999813735 ], [ 41264.025000000001455, 5919713.625 ], [ 41263.94999999999709, 5919713.625 ], [ 41263.94999999999709, 5919713.700000000186265 ], [ 41263.875, 5919713.700000000186265 ], [ 41263.875, 5919713.775000000372529 ], [ 41263.80000000000291, 5919713.775000000372529 ], [ 41263.80000000000291, 5919713.924999999813735 ], [ 41263.724999999998545, 5919713.924999999813735 ], [ 41263.724999999998545, 5919714.0 ], [ 41263.650000000001455, 5919714.0 ], [ 41263.650000000001455, 5919714.150000000372529 ], [ 41263.57499999999709, 5919714.150000000372529 ], [ 41263.57499999999709, 5919714.224999999627471 ], [ 41263.5, 5919714.224999999627471 ], [ 41263.5, 5919714.375 ], [ 41263.42500000000291, 5919714.375 ], [ 41263.42500000000291, 5919714.525000000372529 ], [ 41263.349999999998545, 5919714.525000000372529 ], [ 41263.349999999998545, 5919714.599999999627471 ], [ 41263.275000000001455, 5919714.599999999627471 ], [ 41263.275000000001455, 5919714.75 ], [ 41263.19999999999709, 5919714.75 ], [ 41263.19999999999709, 5919714.900000000372529 ], [ 41263.125, 5919714.900000000372529 ], [ 41263.125, 5919715.049999999813735 ], [ 41263.05000000000291, 5919715.049999999813735 ], [ 41263.05000000000291, 5919715.200000000186265 ], [ 41262.974999999998545, 5919715.200000000186265 ], [ 41262.974999999998545, 5919715.275000000372529 ], [ 41262.900000000001455, 5919715.275000000372529 ], [ 41262.900000000001455, 5919715.424999999813735 ], [ 41262.82499999999709, 5919715.424999999813735 ], [ 41262.82499999999709, 5919715.5 ], [ 41262.75, 5919715.5 ], [ 41262.75, 5919715.575000000186265 ], [ 41262.67500000000291, 5919715.575000000186265 ], [ 41262.67500000000291, 5919715.724999999627471 ], [ 41262.599999999998545, 5919715.724999999627471 ], [ 41262.599999999998545, 5919715.799999999813735 ], [ 41262.525000000001455, 5919715.799999999813735 ], [ 41262.525000000001455, 5919715.875 ], [ 41262.44999999999709, 5919715.875 ], [ 41262.44999999999709, 5919715.950000000186265 ], [ 41262.375, 5919715.950000000186265 ], [ 41262.375, 5919716.025000000372529 ], [ 41262.30000000000291, 5919716.025000000372529 ], [ 41262.30000000000291, 5919716.099999999627471 ], [ 41262.224999999998545, 5919716.099999999627471 ], [ 41262.224999999998545, 5919716.174999999813735 ], [ 41262.150000000001455, 5919716.174999999813735 ], [ 41262.150000000001455, 5919716.25 ], [ 41262.07499999999709, 5919716.25 ], [ 41262.07499999999709, 5919716.325000000186265 ], [ 41262.0, 5919716.325000000186265 ], [ 41262.0, 5919716.400000000372529 ], [ 41261.92500000000291, 5919716.400000000372529 ], [ 41261.92500000000291, 5919716.474999999627471 ], [ 41261.849999999998545, 5919716.474999999627471 ], [ 41261.849999999998545, 5919716.549999999813735 ], [ 41261.775000000001455, 5919716.549999999813735 ], [ 41261.775000000001455, 5919716.625 ], [ 41261.69999999999709, 5919716.625 ], [ 41261.69999999999709, 5919716.700000000186265 ], [ 41261.625, 5919716.700000000186265 ], [ 41261.625, 5919716.775000000372529 ], [ 41261.55000000000291, 5919716.775000000372529 ], [ 41261.55000000000291, 5919716.849999999627471 ], [ 41261.474999999998545, 5919716.849999999627471 ], [ 41261.474999999998545, 5919717.0 ], [ 41261.400000000001455, 5919717.0 ], [ 41261.400000000001455, 5919717.075000000186265 ], [ 41261.32499999999709, 5919717.075000000186265 ], [ 41261.32499999999709, 5919717.150000000372529 ], [ 41261.17500000000291, 5919717.150000000372529 ], [ 41261.17500000000291, 5919717.224999999627471 ], [ 41261.099999999998545, 5919717.224999999627471 ], [ 41261.099999999998545, 5919717.299999999813735 ], [ 41261.025000000001455, 5919717.299999999813735 ], [ 41261.025000000001455, 5919717.375 ], [ 41260.94999999999709, 5919717.375 ], [ 41260.94999999999709, 5919717.450000000186265 ], [ 41260.80000000000291, 5919717.450000000186265 ], [ 41260.80000000000291, 5919717.525000000372529 ], [ 41260.724999999998545, 5919717.525000000372529 ], [ 41260.724999999998545, 5919717.599999999627471 ], [ 41260.57499999999709, 5919717.599999999627471 ], [ 41260.57499999999709, 5919717.674999999813735 ], [ 41260.5, 5919717.674999999813735 ], [ 41260.5, 5919717.75 ], [ 41260.349999999998545, 5919717.75 ], [ 41260.349999999998545, 5919717.825000000186265 ], [ 41260.19999999999709, 5919717.825000000186265 ], [ 41260.19999999999709, 5919717.900000000372529 ], [ 41260.05000000000291, 5919717.900000000372529 ], [ 41260.05000000000291, 5919717.974999999627471 ], [ 41259.900000000001455, 5919717.974999999627471 ], [ 41259.900000000001455, 5919718.049999999813735 ], [ 41259.75, 5919718.049999999813735 ], [ 41259.75, 5919718.125 ], [ 41259.67500000000291, 5919718.125 ], [ 41259.67500000000291, 5919718.200000000186265 ], [ 41259.525000000001455, 5919718.200000000186265 ], [ 41259.525000000001455, 5919718.275000000372529 ], [ 41259.44999999999709, 5919718.275000000372529 ], [ 41259.44999999999709, 5919718.349999999627471 ], [ 41259.30000000000291, 5919718.349999999627471 ], [ 41259.30000000000291, 5919718.424999999813735 ], [ 41259.224999999998545, 5919718.424999999813735 ], [ 41259.224999999998545, 5919718.5 ], [ 41259.150000000001455, 5919718.5 ], [ 41259.150000000001455, 5919718.575000000186265 ], [ 41259.0, 5919718.575000000186265 ], [ 41259.0, 5919718.650000000372529 ], [ 41258.92500000000291, 5919718.650000000372529 ], [ 41258.92500000000291, 5919718.724999999627471 ], [ 41258.849999999998545, 5919718.724999999627471 ], [ 41258.849999999998545, 5919718.799999999813735 ], [ 41258.775000000001455, 5919718.799999999813735 ], [ 41258.775000000001455, 5919718.875 ], [ 41258.69999999999709, 5919718.875 ], [ 41258.69999999999709, 5919718.950000000186265 ], [ 41258.55000000000291, 5919718.950000000186265 ], [ 41258.55000000000291, 5919719.025000000372529 ], [ 41258.474999999998545, 5919719.025000000372529 ], [ 41258.474999999998545, 5919719.099999999627471 ], [ 41258.32499999999709, 5919719.099999999627471 ], [ 41258.32499999999709, 5919719.174999999813735 ], [ 41258.17500000000291, 5919719.174999999813735 ], [ 41258.17500000000291, 5919719.25 ], [ 41257.80000000000291, 5919719.25 ], [ 41257.80000000000291, 5919719.325000000186265 ], [ 41257.275000000001455, 5919719.325000000186265 ], [ 41257.275000000001455, 5919719.400000000372529 ], [ 41256.82499999999709, 5919719.400000000372529 ], [ 41256.82499999999709, 5919719.474999999627471 ], [ 41255.69999999999709, 5919719.474999999627471 ] ] ] } },
{ "type": "Feature", "properties": { "value": 1.0, "building_id": 8, "area": 363.8306249997259 }, "geometry": { "type": "Polygon", "coordinates": [ [ [ 41382.375, 5919707.700000000186265 ], [ 41382.375, 5919707.625 ], [ 41382.150000000001455, 5919707.625 ], [ 41382.150000000001455, 5919707.549999999813735 ], [ 41382.0, 5919707.549999999813735 ], [ 41382.0, 5919707.474999999627471 ], [ 41381.775000000001455, 5919707.474999999627471 ], [ 41381.775000000001455, 5919707.400000000372529 ], [ 41381.625, 5919707.400000000372529 ], [ 41381.625, 5919707.325000000186265 ], [ 41381.400000000001455, 5919707.325000000186265 ], [ 41381.400000000001455, 5919707.25 ], [ 41381.25, 5919707.25 ], [ 41381.25, 5919707.174999999813735 ], [ 41381.17500000000291, 5919707.174999999813735 ], [ 41381.17500000000291, 5919707.099999999627471 ], [ 41381.099999999998545, 5919707.099999999627471 ], [ 41381.099999999998545, 5919707.025000000372529 ], [ 41381.025000000001455, 5919707.025000000372529 ], [ 41381.025000000001455, 5919706.950000000186265 ], [ 41380.94999999999709, 5919706.950000000186265 ], [ 41380.94999999999709, 5919706.875 ], [ 41380.875, 5919706.875 ], [ 41380.875, 5919706.799999999813735 ], [ 41380.80000000000291, 5919706.799999999813735 ], [ 41380.80000000000291, 5919706.724999999627471 ], [ 41380.724999999998545, 5919706.724999999627471 ], [ 41380.724999999998545, 5919706.650000000372529 ], [ 41380.650000000001455, 5919706.650000000372529 ], [ 41380.650000000001455, 5919706.575000000186265 ], [ 41380.57499999999709, 5919706.575000000186265 ], [ 41380.57499999999709, 5919706.424999999813735 ], [ 41380.5, 5919706.424999999813735 ], [ 41380.5, 5919706.349999999627471 ], [ 41380.42500000000291, 5919706.349999999627471 ], [ 41380.42500000000291, 5919706.275000000372529 ], [ 41380.349999999998545, 5919706.275000000372529 ], [ 41380.349999999998545, 5919706.200000000186265 ], [ 41380.275000000001455, 5919706.200000000186265 ], [ 41380.275000000001455, 5919706.125 ], [ 41380.19999999999709, 5919706.125 ], [ 41380.19999999999709, 5919706.049999999813735 ], [ 41380.125, 5919706.049999999813735 ], [ 41380.125, 5919705.974999999627471 ], [ 41380.05000000000291, 5919705.974999999627471 ], [ 41380.05000000000291, 5919705.900000000372529 ], [ 41379.974999999998545, 5919705.900000000372529 ], [ 41379.974999999998545, 5919705.825000000186265 ], [ 41379.82499999999709, 5919705.825000000186265 ], [ 41379.82499999999709, 5919705.75 ], [ 41379.75, 5919705.75 ], [ 41379.75, 5919705.674999999813735 ], [ 41379.67500000000291, 5919705.674999999813735 ], [ 41379.67500000000291, 5919705.599999999627471 ], [ 41379.599999999998545, 5919705.599999999627471 ], [ 41379.599999999998545, 5919705.525000000372529 ], [ 41379.525000000001455, 5919705.525000000372529 ], [ 41379.525000000001455, 5919705.450000000186265 ], [ 41379.44999999999709, 5919705.450000000186265 ], [ 41379.44999999999709, 5919705.375 ], [ 41379.30000000000291, 5919705.375 ], [ 41379.30000000000291, 5919705.299999999813735 ], [ 41379.224999999998545, 5919705.299999999813735 ], [ 41379.224999999998545, 5919705.224999999627471 ], [ 41379.150000000001455, 5919705.224999999627471 ], [ 41379.150000000001455, 5919705.150000000372529 ], [ 41379.07499999999709, 5919705.150000000372529 ], [ 41379.07499999999709, 5919705.075000000186265 ], [ 41379.0, 5919705.075000000186265 ], [ 41379.0, 5919705.0 ], [ 41378.92500000000291, 5919705.0 ], [ 41378.92500000000291, 5919704.924999999813735 ], [ 41378.849999999998545, 5919704.924999999813735 ], [ 41378.849999999998545, 5919704.849999999627471 ], [ 41378.775000000001455, 5919704.849999999627471 ], [ 41378.775000000001455, 5919704.775000000372529 ], [ 41378.69999999999709, 5919704.775000000372529 ], [ 41378.69999999999709, 5919704.700000000186265 ], [ 41378.625, 5919704.700000000186265 ], [ 41378.625, 5919704.625 ], [ 41378.55000000000291, 5919704.625 ], [ 41378.55000000000291, 5919704.549999999813735 ], [ 41378.474999999998545, 5919704.549999999813735 ], [ 41378.474999999998545, 5919704.474999999627471 ], [ 41378.400000000001455, 5919704.474999999627471 ], [ 41378.400000000001455, 5919704.400000000372529 ], [ 41378.32499999999709, 5919704.400000000372529 ], [ 41378.32499999999709, 5919704.325000000186265 ], [ 41378.25, 5919704.325000000186265 ], [ 41378.25, 5919704.25 ], [ 41378.17500000000291, 5919704.25 ], [ 41378.17500000000291, 5919704.174999999813735 ], [ 41378.099999999998545, 5919704.174999999813735 ], [ 41378.099999999998545, 5919704.099999999627471 ], [ 41378.025000000001455, 5919704.099999999627471 ], [ 41378.025000000001455, 5919704.025000000372529 ], [ 41377.94999999999709, 5919704.025000000372529 ], [ 41377.94999999999709, 5919703.950000000186265 ], [ 41377.875, 5919703.950000000186265 ], [ 41377.875, 5919703.875 ], [ 41377.80000000000291, 5919703.875 ], [ 41377.80000000000291, 5919703.799999999813735 ], [ 41377.724999999998545, 5919703.799999999813735 ], [ 41377.724999999998545, 5919703.724999999627471 ], [ 41377.57499999999709, 5919703.724999999627471 ], [ 41377.57499999999709, 5919703.650000000372529 ], [ 41377.5, 5919703.650000000372529 ], [ 41377.5, 5919703.575000000186265 ], [ 41377.42500000000291, 5919703.575000000186265 ], [ 41377.42500000000291, 5919703.5 ], [ 41377.275000000001455, 5919703.5 ], [ 41377.275000000001455, 5919703.424999999813735 ], [ 41377.19999999999709, 5919703.424999999813735 ], [ 41377.19999999999709, 5919703.349999999627471 ], [ 41377.125, 5919703.349999999627471 ], [ 41377.125, 5919703.275000000372529 ], [ 41376.974999999998545, 5919703.275000000372529 ], [ 41376.974999999998545, 5919703.200000000186265 ], [ 41376.900000000001455, 5919703.200000000186265 ], [ 41376.900000000001455, 5919703.125 ], [ 41376.82499999999709, 5919703.125 ], [ 41376.82499999999709, 5919703.049999999813735 ], [ 41376.75, 5919703.049999999813735 ], [ 41376.75, 5919702.974999999627471 ], [ 41376.67500000000291, 5919702.974999999627471 ], [ 41376.67500000000291, 5919702.900000000372529 ], [ 41376.599999999998545, 5919702.900000000372529 ], [ 41376.599999999998545, 5919702.825000000186265 ], [ 41376.525000000001455, 5919702.825000000186265 ], [ 41376.525000000001455, 5919702.75 ], [ 41376.44999999999709, 5919702.75 ], [ 41376.44999999999709, 5919702.674999999813735 ], [ 41376.375, 5919702.674999999813735 ], [ 41376.375, 5919702.599999999627471 ], [ 41376.30000000000291, 5919702.599999999627471 ], [ 41376.30000000000291, 5919702.525000000372529 ], [ 41376.224999999998545, 5919702.525000000372529 ], [ 41376.224999999998545, 5919702.450000000186265 ], [ 41376.150000000001455, 5919702.450000000186265 ], [ 41376.150000000001455, 5919702.375 ], [ 41376.07499999999709, 5919702.375 ], [ 41376.07499999999709, 5919702.299999999813735 ], [ 41376.0, 5919702.299999999813735 ], [ 41376.0, 5919702.224999999627471 ], [ 41375.92500000000291, 5919702.224999999627471 ], [ 41375.92500000000291, 5919702.150000000372529 ], [ 41375.849999999998545, 5919702.150000000372529 ], [ 41375.849999999998545, 5919702.075000000186265 ], [ 41375.69999999999709, 5919702.075000000186265 ], [ 41375.69999999999709, 5919702.0 ], [ 41375.625, 5919702.0 ], [ 41375.625, 5919701.924999999813735 ], [ 41375.55000000000291, 5919701.924999999813735 ], [ 41375.55000000000291, 5919701.849999999627471 ], [ 41375.474999999998545, 5919701.849999999627471 ], [ 41375.474999999998545, 5919701.775000000372529 ], [ 41375.32499999999709, 5919701.775000000372529 ], [ 41375.32499999999709, 5919701.700000000186265 ], [ 41375.25, 5919701.700000000186265 ], [ 41375.25, 5919701.625 ], [ 41375.099999999998545, 5919701.625 ], [ 41375.099999999998545, 5919701.549999999813735 ], [ 41375.025000000001455, 5919701.549999999813735 ], [ 41375.025000000001455, 5919701.474999999627471 ], [ 41374.875, 5919701.474999999627471 ], [ 41374.875, 5919701.400000000372529 ], [ 41374.80000000000291, 5919701.400000000372529 ], [ 41374.80000000000291, 5919701.325000000186265 ], [ 41374.650000000001455, 5919701.325000000186265 ], [ 41374.650000000001455, 5919701.25 ], [ 41374.57499999999709, 5919701.25 ], [ 41374.57499999999709, 5919701.174999999813735 ], [ 41374.42500000000291, 5919701.174999999813735 ], [ 41374.42500000000291, 5919701.099999999627471 ], [ 41374.275000000001455, 5919701.099999999627471 ], [ 41374.275000000001455, 5919700.875 ], [ 41374.19999999999709, 5919700.875 ], [ 41374.19999999999709, 5919700.650000000372529 ], [ 41374.125, 5919700.650000000372529 ], [ 41374.125, 5919700.5 ], [ 41374.05000000000291, 5919700.5 ], [ 41374.05000000000291, 5919700.349999999627471 ], [ 41373.974999999998545, 5919700.349999999627471 ], [ 41373.974999999998545, 5919700.125 ], [ 41373.900000000001455, 5919700.125 ], [ 41373.900000000001455, 5919699.974999999627471 ], [ 41373.82499999999709, 5919699.974999999627471 ], [ 41373.82499999999709, 5919699.825000000186265 ], [ 41373.75, 5919699.825000000186265 ], [ 41373.75, 5919699.75 ], [ 41373.67500000000291, 5919699.75 ], [ 41373.67500000000291, 5919699.599999999627471 ], [ 41373.599999999998545, 5919699.599999999627471 ], [ 41373.599999999998545, 5919699.450000000186265 ], [ 41373.525000000001455, 5919699.450000000186265 ], [ 41373.525000000001455, 5919699.375 ], [ 41373.44999999999709, 5919699.375 ], [ 41373.44999999999709, 5919699.224999999627471 ], [ 41373.375, 5919699.224999999627471 ], [ 41373.375, 5919699.075000000186265 ], [ 41373.44999999999709, 5919699.075000000186265 ], [ 41373.44999999999709, 5919699.0 ], [ 41373.525000000001455, 5919699.0 ], [ 41373.525000000001455, 5919698.924999999813735 ], [ 41373.599999999998545, 5919698.924999999813735 ], [ 41373.599999999998545, 5919698.849999999627471 ], [ 41373.67500000000291, 5919698.849999999627471 ], [ 41373.67500000000291, 5919698.775000000372529 ], [ 41373.75, 5919698.775000000372529 ], [ 41373.75, 5919698.625 ], [ 41373.82499999999709, 5919698.625 ], [ 41373.82499999999709, 5919698.549999999813735 ], [ 41373.900000000001455, 5919698.549999999813735 ], [ 41373.900000000001455, 5919698.474999999627471 ], [ 41373.974999999998545, 5919698.474999999627471 ], [ 41373.974999999998545, 5919698.400000000372529 ], [ 41374.05000000000291, 5919698.400000000372529 ], [ 41374.05000000000291, 5919698.325000000186265 ], [ 41374.125, 5919698.325000000186265 ], [ 41374.125, 5919698.25 ], [ 41374.19999999999709, 5919698.25 ], [ 41374.19999999999709, 5919698.174999999813735 ], [ 41374.275000000001455, 5919698.174999999813735 ], [ 41374.275000000001455, 5919698.099999999627471 ], [ 41374.349999999998545, 5919698.099999999627471 ], [ 41374.349999999998545, 5919698.025000000372529 ], [ 41374.42500000000291, 5919698.025000000372529 ], [ 41374.42500000000291, 5919697.875 ], [ 41374.5, 5919697.875 ], [ 41374.5, 5919697.799999999813735 ], [ 41374.57499999999709, 5919697.799999999813735 ], [ 41374.57499999999709, 5919697.724999999627471 ], [ 41374.650000000001455, 5919697.724999999627471 ], [ 41374.650000000001455, 5919697.650000000372529 ], [ 41374.724999999998545, 5919697.650000000372529 ], [ 41374.724999999998545, 5919697.575000000186265 ], [ 41374.80000000000291, 5919697.575000000186265 ], [ 41374.80000000000291, 5919697.424999999813735 ], [ 41374.875, 5919697.424999999813735 ], [ 41374.875, 5919697.349999999627471 ], [ 41374.94999999999709, 5919697.349999999627471 ], [ 41374.94999999999709, 5919697.275000000372529 ], [ 41375.025000000001455, 5919697.275000000372529 ], [ 41375.025000000001455, 5919697.125 ], [ 41375.099999999998545, 5919697.125 ], [ 41375.099999999998545, 5919697.049999999813735 ], [ 41375.17500000000291, 5919697.049999999813735 ], [ 41375.17500000000291, 5919696.974999999627471 ], [ 41375.25, 5919696.974999999627471 ], [ 41375.25, 5919696.825000000186265 ], [ 41375.32499999999709, 5919696.825000000186265 ], [ 41375.32499999999709, 5919696.75 ], [ 41375.400000000001455, 5919696.75 ], [ 41375.400000000001455, 5919696.599999999627471 ], [ 41375.474999999998545, 5919696.599999999627471 ], [ 41375.474999999998545, 5919696.525000000372529 ], [ 41375.55000000000291, 5919696.525000000372529 ], [ 41375.55000000000291, 5919696.450000000186265 ], [ 41375.625, 5919696.450000000186265 ], [ 41375.625, 5919696.375 ], [ 41375.69999999999709, 5919696.375 ], [ 41375.69999999999709, 5919696.299999999813735 ], [ 41375.775000000001455, 5919696.299999999813735 ], [ 41375.775000000001455, 5919696.224999999627471 ], [ 41375.92500000000291, 5919696.224999999627471 ], [ 41375.92500000000291, 5919696.150000000372529 ], [ 41376.0, 5919696.150000000372529 ], [ 41376.0, 5919696.075000000186265 ], [ 41376.07499999999709, 5919696.075000000186265 ], [ 41376.07499999999709, 5919696.0 ], [ 41376.150000000001455, 5919696.0 ], [ 41376.150000000001455, 5919695.924999999813735 ], [ 41376.30000000000291, 5919695.924999999813735 ], [ 41376.30000000000291, 5919695.849999999627471 ], [ 41376.375, 5919695.849999999627471 ], [ 41376.375, 5919695.775000000372529 ], [ 41376.525000000001455, 5919695.775000000372529 ], [ 41376.525000000001455, 5919695.700000000186265 ], [ 41376.599999999998545, 5919695.700000000186265 ], [ 41376.599999999998545, 5919695.625 ], [ 41376.75, 5919695.625 ], [ 41376.75, 5919695.549999999813735 ], [ 41376.900000000001455, 5919695.549999999813735 ], [ 41376.900000000001455, 5919695.474999999627471 ], [ 41377.05000000000291, 5919695.474999999627471 ], [ 41377.05000000000291, 5919695.400000000372529 ], [ 41377.19999999999709, 5919695.400000000372529 ], [ 41377.19999999999709, 5919695.325000000186265 ], [ 41377.349999999998545, 5919695.325000000186265 ], [ 41377.349999999998545, 5919695.25 ], [ 41377.42500000000291, 5919695.25 ], [ 41377.42500000000291, 5919695.174999999813735 ], [ 41377.57499999999709, 5919695.174999999813735 ], [ 41377.57499999999709, 5919695.099999999627471 ], [ 41377.724999999998545, 5919695.099999999627471 ], [ 41377.724999999998545, 5919695.025000000372529 ], [ 41377.875, 5919695.025000000372529 ], [ 41377.875, 5919694.950000000186265 ], [ 41378.025000000001455, 5919694.950000000186265 ], [ 41378.025000000001455, 5919694.875 ], [ 41378.17500000000291, 5919694.875 ], [ 41378.17500000000291, 5919694.799999999813735 ], [ 41378.400000000001455, 5919694.799999999813735 ], [ 41378.400000000001455, 5919694.724999999627471 ], [ 41378.625, 5919694.724999999627471 ], [ 41378.625, 5919694.650000000372529 ], [ 41378.849999999998545, 5919694.650000000372529 ], [ 41378.849999999998545, 5919694.575000000186265 ], [ 41379.07499999999709, 5919694.575000000186265 ], [ 41379.07499999999709, 5919694.5 ], [ 41379.30000000000291, 5919694.5 ], [ 41379.30000000000291, 5919694.424999999813735 ], [ 41379.525000000001455, 5919694.424999999813735 ], [ 41379.525000000001455, 5919694.349999999627471 ], [ 41379.75, 5919694.349999999627471 ], [ 41379.75, 5919694.275000000372529 ], [ 41379.974999999998545, 5919694.275000000372529 ], [ 41379.974999999998545, 5919694.200000000186265 ], [ 41380.19999999999709, 5919694.200000000186265 ], [ 41380.19999999999709, 5919694.125 ], [ 41380.42500000000291, 5919694.125 ], [ 41380.42500000000291, 5919694.049999999813735 ], [ 41380.724999999998545, 5919694.049999999813735 ], [ 41380.724999999998545, 5919693.974999999627471 ], [ 41380.94999999999709, 5919693.974999999627471 ], [ 41380.94999999999709, 5919693.900000000372529 ], [ 41381.25, 5919693.900000000372529 ], [ 41381.25, 5919693.825000000186265 ], [ 41381.625, 5919693.825000000186265 ], [ 41381.625, 5919693.75 ], [ 41381.92500000000291, 5919693.75 ], [ 41381.92500000000291, 5919693.674999999813735 ], [ 41382.30000000000291, 5919693.674999999813735 ], [ 41382.30000000000291, 5919693.599999999627471 ], [ 41382.599999999998545, 5919693.599999999627471 ], [ 41382.599999999998545, 5919693.525000000372529 ], [ 41382.900000000001455, 5919693.525000000372529 ], [ 41382.900000000001455, 5919693.450000000186265 ], [ 41383.19999999999709, 5919693.450000000186265 ], [ 41383.19999999999709, 5919693.375 ], [ 41383.5, 5919693.375 ], [ 41383.5, 5919693.299999999813735 ], [ 41383.724999999998545, 5919693.299999999813735 ], [ 41383.724999999998545, 5919693.224999999627471 ], [ 41383.80000000000291, 5919693.224999999627471 ], [ 41383.80000000000291, 5919693.150000000372529 ], [ 41383.875, 5919693.150000000372529 ], [ 41383.875, 5919693.075000000186265 ], [ 41383.94999999999709, 5919693.075000000186265 ], [ 41383.94999999999709, 5919693.0 ], [ 41384.025000000001455, 5919693.0 ], [ 41384.025000000001455, 5919692.924999999813735 ], [ 41384.099999999998545, 5919692.924999999813735 ], [ 41384.099999999998545, 5919692.849999999627471 ], [ 41384.17500000000291, 5919692.849999999627471 ], [ 41384.17500000000291, 5919692.775000000372529 ], [ 41384.32499999999709, 5919692.775000000372529 ], [ 41384.32499999999709, 5919692.700000000186265 ], [ 41384.400000000001455, 5919692.700000000186265 ], [ 41384.400000000001455, 5919692.625 ], [ 41384.55000000000291, 5919692.625 ], [ 41384.55000000000291, 5919692.549999999813735 ], [ 41384.69999999999709, 5919692.549999999813735 ], [ 41384.69999999999709, 5919692.474999999627471 ], [ 41384.849999999998545, 5919692.474999999627471 ], [ 41384.849999999998545, 5919692.400000000372529 ], [ 41385.0, 5919692.400000000372529 ], [ 41385.0, 5919692.325000000186265 ], [ 41385.150000000001455, 5919692.325000000186265 ], [ 41385.150000000001455, 5919692.25 ], [ 41385.30000000000291, 5919692.25 ], [ 41385.30000000000291, 5919692.174999999813735 ], [ 41385.375, 5919692.174999999813735 ], [ 41385.375, 5919692.099999999627471 ], [ 41385.525000000001455, 5919692.099999999627471 ], [ 41385.525000000001455, 5919692.025000000372529 ], [ 41385.599999999998545, 5919692.025000000372529 ], [ 41385.599999999998545, 5919691.950000000186265 ], [ 41385.67500000000291, 5919691.950000000186265 ], [ 41385.67500000000291, 5919691.875 ], [ 41385.82499999999709, 5919691.875 ], [ 41385.82499999999709, 5919691.799999999813735 ], [ 41385.900000000001455, 5919691.799999999813735 ], [ 41385.900000000001455, 5919691.724999999627471 ], [ 41385.974999999998545, 5919691.724999999627471 ], [ 41385.974999999998545, 5919691.650000000372529 ], [ 41386.05000000000291, 5919691.650000000372529 ], [ 41386.05000000000291, 5919691.575000000186265 ], [ 41386.125, 5919691.575000000186265 ], [ 41386.125, 5919691.5 ], [ 41386.19999999999709, 5919691.5 ], [ 41386.19999999999709, 5919691.424999999813735 ], [ 41386.275000000001455, 5919691.424999999813735 ], [ 41386.275000000001455, 5919691.349999999627471 ], [ 41386.349999999998545, 5919691.349999999627471 ], [ 41386.349999999998545, 5919691.275000000372529 ], [ 41386.42500000000291, 5919691.275000000372529 ], [ 41386.42500000000291, 5919690.974999999627471 ], [ 41386.5, 5919690.974999999627471 ], [ 41386.5, 5919690.674999999813735 ], [ 41386.57499999999709, 5919690.674999999813735 ], [ 41386.57499999999709, 5919690.525000000372529 ], [ 41386.650000000001455, 5919690.525000000372529 ], [ 41386.650000000001455, 5919690.450000000186265 ], [ 41386.724999999998545, 5919690.450000000186265 ], [ 41386.724999999998545, 5919690.375 ], [ 41386.875, 5919690.375 ], [ 41386.875, 5919690.299999999813735 ], [ 41386.94999999999709, 5919690.299999999813735 ], [ 41386.94999999999709, 5919690.224999999627471 ], [ 41387.025000000001455, 5919690.224999999627471 ], [ 41387.025000000001455, 5919690.150000000372529 ], [ 41387.17500000000291, 5919690.150000000372529 ], [ 41387.17500000000291, 5919690.075000000186265 ], [ 41387.25, 5919690.075000000186265 ], [ 41387.25, 5919690.0 ], [ 41387.400000000001455, 5919690.0 ], [ 41387.400000000001455, 5919689.924999999813735 ], [ 41387.474999999998545, 5919689.924999999813735 ], [ 41387.474999999998545, 5919689.849999999627471 ], [ 41387.55000000000291, 5919689.849999999627471 ], [ 41387.55000000000291, 5919689.775000000372529 ], [ 41387.625, 5919689.775000000372529 ], [ 41387.625, 5919689.700000000186265 ], [ 41387.775000000001455, 5919689.700000000186265 ], [ 41387.775000000001455, 5919689.625 ], [ 41387.849999999998545, 5919689.625 ], [ 41387.849999999998545, 5919689.549999999813735 ], [ 41387.92500000000291, 5919689.549999999813735 ], [ 41387.92500000000291, 5919689.474999999627471 ], [ 41388.0, 5919689.474999999627471 ], [ 41388.0, 5919689.400000000372529 ], [ 41388.07499999999709, 5919689.400000000372529 ], [ 41388.07499999999709, 5919689.325000000186265 ], [ 41388.150000000001455, 5919689.325000000186265 ], [ 41388.150000000001455, 5919689.25 ], [ 41388.224999999998545, 5919689.25 ], [ 41388.224999999998545, 5919689.174999999813735 ], [ 41388.30000000000291, 5919689.174999999813735 ], [ 41388.30000000000291, 5919689.099999999627471 ], [ 41388.375, 5919689.099999999627471 ], [ 41388.375, 5919689.025000000372529 ], [ 41388.44999999999709, 5919689.025000000372529 ], [ 41388.44999999999709, 5919688.950000000186265 ], [ 41388.525000000001455, 5919688.950000000186265 ], [ 41388.525000000001455, 5919688.875 ], [ 41388.599999999998545, 5919688.875 ], [ 41388.599999999998545, 5919688.799999999813735 ], [ 41388.67500000000291, 5919688.799999999813735 ], [ 41388.67500000000291, 5919688.724999999627471 ], [ 41388.82499999999709, 5919688.724999999627471 ], [ 41388.82499999999709, 5919688.650000000372529 ], [ 41388.900000000001455, 5919688.650000000372529 ], [ 41388.900000000001455, 5919688.575000000186265 ], [ 41388.974999999998545, 5919688.575000000186265 ], [ 41388.974999999998545, 5919688.5 ], [ 41389.05000000000291, 5919688.5 ], [ 41389.05000000000291, 5919688.424999999813735 ], [ 41389.125, 5919688.424999999813735 ], [ 41389.125, 5919688.349999999627471 ], [ 41389.275000000001455, 5919688.349999999627471 ], [ 41389.275000000001455, 5919688.275000000372529 ], [ 41389.349999999998545, 5919688.275000000372529 ], [ 41389.349999999998545, 5919688.200000000186265 ], [ 41389.42500000000291, 5919688.200000000186265 ], [ 41389.42500000000291, 5919688.125 ], [ 41389.57499999999709, 5919688.125 ], [ 41389.57499999999709, 5919688.049999999813735 ], [ 41389.650000000001455, 5919688.049999999813735 ], [ 41389.650000000001455, 5919687.974999999627471 ], [ 41389.724999999998545, 5919687.974999999627471 ], [ 41389.724999999998545, 5919687.900000000372529 ], [ 41389.80000000000291, 5919687.900000000372529 ], [ 41389.80000000000291, 5919687.825000000186265 ], [ 41389.94999999999709, 5919687.825000000186265 ], [ 41389.94999999999709, 5919687.75 ], [ 41390.025000000001455, 5919687.75 ], [ 41390.025000000001455, 5919687.674999999813735 ], [ 41390.099999999998545, 5919687.674999999813735 ], [ 41390.099999999998545, 5919687.599999999627471 ], [ 41390.17500000000291, 5919687.599999999627471 ], [ 41390.17500000000291, 5919687.525000000372529 ], [ 41390.25, 5919687.525000000372529 ], [ 41390.25, 5919687.450000000186265 ], [ 41390.32499999999709, 5919687.450000000186265 ], [ 41390.32499999999709, 5919687.375 ], [ 41390.400000000001455, 5919687.375 ], [ 41390.400000000001455, 5919687.299999999813735 ], [ 41390.55000000000291, 5919687.299999999813735 ], [ 41390.55000000000291, 5919687.224999999627471 ], [ 41390.625, 5919687.224999999627471 ], [ 41390.625, 5919687.150000000372529 ], [ 41390.69999999999709, 5919687.150000000372529 ], [ 41390.69999999999709, 5919687.075000000186265 ], [ 41390.775000000001455, 5919687.075000000186265 ], [ 41390.775000000001455, 5919687.0 ], [ 41390.92500000000291, 5919687.0 ], [ 41390.92500000000291, 5919686.924999999813735 ], [ 41391.0, 5919686.924999999813735 ], [ 41391.0, 5919686.849999999627471 ], [ 41391.150000000001455, 5919686.849999999627471 ], [ 41391.150000000001455, 5919686.775000000372529 ], [ 41391.224999999998545, 5919686.775000000372529 ], [ 41391.224999999998545, 5919686.700000000186265 ], [ 41391.375, 5919686.700000000186265 ], [ 41391.375, 5919686.625 ], [ 41391.44999999999709, 5919686.625 ], [ 41391.44999999999709, 5919686.549999999813735 ], [ 41391.599999999998545, 5919686.549999999813735 ], [ 41391.599999999998545, 5919686.474999999627471 ], [ 41391.67500000000291, 5919686.474999999627471 ], [ 41391.67500000000291, 5919686.400000000372529 ], [ 41391.82499999999709, 5919686.400000000372529 ], [ 41391.82499999999709, 5919686.325000000186265 ], [ 41391.900000000001455, 5919686.325000000186265 ], [ 41391.900000000001455, 5919686.25 ], [ 41392.05000000000291, 5919686.25 ], [ 41392.05000000000291, 5919686.174999999813735 ], [ 41392.125, 5919686.174999999813735 ], [ 41392.125, 5919686.099999999627471 ], [ 41392.19999999999709, 5919686.099999999627471 ], [ 41392.19999999999709, 5919686.025000000372529 ], [ 41392.349999999998545, 5919686.025000000372529 ], [ 41392.349999999998545, 5919685.950000000186265 ], [ 41392.42500000000291, 5919685.950000000186265 ], [ 41392.42500000000291, 5919685.875 ], [ 41392.5, 5919685.875 ], [ 41392.5, 5919685.799999999813735 ], [ 41392.650000000001455, 5919685.799999999813735 ], [ 41392.650000000001455, 5919685.724999999627471 ], [ 41392.724999999998545, 5919685.724999999627471 ], [ 41392.724999999998545, 5919685.650000000372529 ], [ 41392.80000000000291, 5919685.650000000372529 ], [ 41392.80000000000291, 5919685.575000000186265 ], [ 41392.875, 5919685.575000000186265 ], [ 41392.875, 5919685.5 ], [ 41393.025000000001455, 5919685.5 ], [ 41393.025000000001455, 5919685.424999999813735 ], [ 41393.099999999998545, 5919685.424999999813735 ], [ 41393.099999999998545, 5919685.349999999627471 ], [ 41393.17500000000291, 5919685.349999999627471 ], [ 41393.17500000000291, 5919685.275000000372529 ], [ 41393.25, 5919685.275000000372529 ], [ 41393.25, 5919685.200000000186265 ], [ 41393.32499999999709, 5919685.200000000186265 ], [ 41393.32499999999709, 5919685.125 ], [ 41393.400000000001455, 5919685.125 ], [ 41393.400000000001455, 5919685.049999999813735 ], [ 41393.474999999998545, 5919685.049999999813735 ], [ 41393.474999999998545, 5919684.974999999627471 ], [ 41393.55000000000291, 5919684.974999999627471 ], [ 41393.55000000000291, 5919684.900000000372529 ], [ 41393.625, 5919684.900000000372529 ], [ 41393.625, 5919684.825000000186265 ], [ 41393.69999999999709, 5919684.825000000186265 ], [ 41393.69999999999709, 5919684.75 ], [ 41393.775000000001455, 5919684.75 ], [ 41393.775000000001455, 5919684.674999999813735 ], [ 41393.849999999998545, 5919684.674999999813735 ], [ 41393.849999999998545, 5919684.599999999627471 ], [ 41393.92500000000291, 5919684.599999999627471 ], [ 41393.92500000000291, 5919684.525000000372529 ], [ 41394.0, 5919684.525000000372529 ], [ 41394.0, 5919684.450000000186265 ], [ 41394.07499999999709, 5919684.450000000186265 ], [ 41394.07499999999709, 5919684.375 ], [ 41394.150000000001455, 5919684.375 ], [ 41394.150000000001455, 5919684.299999999813735 ], [ 41394.30000000000291, 5919684.299999999813735 ], [ 41394.30000000000291, 5919684.224999999627471 ], [ 41394.375, 5919684.224999999627471 ], [ 41394.375, 5919684.150000000372529 ], [ 41394.44999999999709, 5919684.150000000372529 ], [ 41394.44999999999709, 5919684.075000000186265 ], [ 41394.525000000001455, 5919684.075000000186265 ], [ 41394.525000000001455, 5919684.0 ], [ 41394.599999999998545, 5919684.0 ], [ 41394.599999999998545, 5919683.924999999813735 ], [ 41394.67500000000291, 5919683.924999999813735 ], [ 41394.67500000000291, 5919683.849999999627471 ], [ 41394.82499999999709, 5919683.849999999627471 ], [ 41394.82499999999709, 5919683.775000000372529 ], [ 41394.900000000001455, 5919683.775000000372529 ], [ 41394.900000000001455, 5919683.700000000186265 ], [ 41394.974999999998545, 5919683.700000000186265 ], [ 41394.974999999998545, 5919683.625 ], [ 41395.05000000000291, 5919683.625 ], [ 41395.05000000000291, 5919683.549999999813735 ], [ 41395.125, 5919683.549999999813735 ], [ 41395.125, 5919683.474999999627471 ], [ 41395.19999999999709, 5919683.474999999627471 ], [ 41395.19999999999709, 5919683.400000000372529 ], [ 41395.275000000001455, 5919683.400000000372529 ], [ 41395.275000000001455, 5919683.325000000186265 ], [ 41395.349999999998545, 5919683.325000000186265 ], [ 41395.349999999998545, 5919683.25 ], [ 41395.5, 5919683.25 ], [ 41395.5, 5919683.174999999813735 ], [ 41395.57499999999709, 5919683.174999999813735 ], [ 41395.57499999999709, 5919683.099999999627471 ], [ 41395.650000000001455, 5919683.099999999627471 ], [ 41395.650000000001455, 5919683.025000000372529 ], [ 41395.724999999998545, 5919683.025000000372529 ], [ 41395.724999999998545, 5919682.950000000186265 ], [ 41395.875, 5919682.950000000186265 ], [ 41395.875, 5919682.875 ], [ 41396.025000000001455, 5919682.875 ], [ 41396.025000000001455, 5919682.799999999813735 ], [ 41396.099999999998545, 5919682.799999999813735 ], [ 41396.099999999998545, 5919682.724999999627471 ], [ 41396.25, 5919682.724999999627471 ], [ 41396.25, 5919682.650000000372529 ], [ 41396.400000000001455, 5919682.650000000372529 ], [ 41396.400000000001455, 5919682.575000000186265 ], [ 41396.55000000000291, 5919682.575000000186265 ], [ 41396.55000000000291, 5919682.5 ], [ 41396.69999999999709, 5919682.5 ], [ 41396.69999999999709, 5919682.424999999813735 ], [ 41397.07499999999709, 5919682.424999999813735 ], [ 41397.07499999999709, 5919682.5 ], [ 41397.30000000000291, 5919682.5 ], [ 41397.30000000000291, 5919682.575000000186265 ], [ 41397.44999999999709, 5919682.575000000186265 ], [ 41397.44999999999709, 5919682.650000000372529 ], [ 41397.67500000000291, 5919682.650000000372529 ], [ 41397.67500000000291, 5919682.724999999627471 ], [ 41397.82499999999709, 5919682.724999999627471 ], [ 41397.82499999999709, 5919682.799999999813735 ], [ 41397.974999999998545, 5919682.799999999813735 ], [ 41397.974999999998545, 5919682.875 ], [ 41398.125, 5919682.875 ], [ 41398.125, 5919682.950000000186265 ], [ 41398.19999999999709, 5919682.950000000186265 ], [ 41398.19999999999709, 5919683.025000000372529 ], [ 41398.349999999998545, 5919683.025000000372529 ], [ 41398.349999999998545, 5919683.099999999627471 ], [ 41398.5, 5919683.099999999627471 ], [ 41398.5, 5919683.174999999813735 ], [ 41398.57499999999709, 5919683.174999999813735 ], [ 41398.57499999999709, 5919683.25 ], [ 41398.724999999998545, 5919683.25 ], [ 41398.724999999998545, 5919683.325000000186265 ], [ 41398.80000000000291, 5919683.325000000186265 ], [ 41398.80000000000291, 5919683.400000000372529 ], [ 41398.875, 5919683.400000000372529 ], [ 41398.875, 5919683.549999999813735 ], [ 41398.94999999999709, 5919683.549999999813735 ], [ 41398.94999999999709, 5919683.625 ], [ 41399.025000000001455, 5919683.625 ], [ 41399.025000000001455, 5919683.775000000372529 ], [ 41399.099999999998545, 5919683.775000000372529 ], [ 41399.099999999998545, 5919683.924999999813735 ], [ 41399.17500000000291, 5919683.924999999813735 ], [ 41399.17500000000291, 5919684.0 ], [ 41399.25, 5919684.0 ], [ 41399.25, 5919684.150000000372529 ], [ 41399.32499999999709, 5919684.150000000372529 ], [ 41399.32499999999709, 5919684.375 ], [ 41399.400000000001455, 5919684.375 ], [ 41399.400000000001455, 5919684.525000000372529 ], [ 41399.474999999998545, 5919684.525000000372529 ], [ 41399.474999999998545, 5919684.674999999813735 ], [ 41399.55000000000291, 5919684.674999999813735 ], [ 41399.55000000000291, 5919684.900000000372529 ], [ 41399.625, 5919684.900000000372529 ], [ 41399.625, 5919685.125 ], [ 41399.69999999999709, 5919685.125 ], [ 41399.69999999999709, 5919685.349999999627471 ], [ 41399.775000000001455, 5919685.349999999627471 ], [ 41399.775000000001455, 5919685.724999999627471 ], [ 41399.849999999998545, 5919685.724999999627471 ], [ 41399.849999999998545, 5919686.174999999813735 ], [ 41399.92500000000291, 5919686.174999999813735 ], [ 41399.92500000000291, 5919686.549999999813735 ], [ 41400.0, 5919686.549999999813735 ], [ 41400.0, 5919687.0 ], [ 41400.07499999999709, 5919687.0 ], [ 41400.07499999999709, 5919687.375 ], [ 41400.150000000001455, 5919687.375 ], [ 41400.150000000001455, 5919687.825000000186265 ], [ 41400.224999999998545, 5919687.825000000186265 ], [ 41400.224999999998545, 5919688.200000000186265 ], [ 41400.30000000000291, 5919688.200000000186265 ], [ 41400.30000000000291, 5919688.575000000186265 ], [ 41400.375, 5919688.575000000186265 ], [ 41400.375, 5919688.950000000186265 ], [ 41400.44999999999709, 5919688.950000000186265 ], [ 41400.44999999999709, 5919689.325000000186265 ], [ 41400.525000000001455, 5919689.325000000186265 ], [ 41400.525000000001455, 5919689.700000000186265 ], [ 41400.599999999998545, 5919689.700000000186265 ], [ 41400.599999999998545, 5919690.150000000372529 ], [ 41400.525000000001455, 5919690.150000000372529 ], [ 41400.525000000001455, 5919690.450000000186265 ], [ 41400.44999999999709, 5919690.450000000186265 ], [ 41400.44999999999709, 5919690.674999999813735 ], [ 41400.375, 5919690.674999999813735 ], [ 41400.375, 5919690.900000000372529 ], [ 41400.30000000000291, 5919690.900000000372529 ], [ 41400.30000000000291, 5919691.049999999813735 ], [ 41400.224999999998545, 5919691.049999999813735 ], [ 41400.224999999998545, 5919691.200000000186265 ], [ 41400.150000000001455, 5919691.200000000186265 ], [ 41400.150000000001455, 5919691.424999999813735 ], [ 41400.07499999999709, 5919691.424999999813735 ], [ 41400.07499999999709, 5919691.724999999627471 ], [ 41400.0, 5919691.724999999627471 ], [ 41400.0, 5919691.950000000186265 ], [ 41399.92500000000291, 5919691.950000000186265 ], [ 41399.92500000000291, 5919692.174999999813735 ], [ 41399.849999999998545, 5919692.174999999813735 ], [ 41399.849999999998545, 5919692.474999999627471 ], [ 41399.775000000001455, 5919692.474999999627471 ], [ 41399.775000000001455, 5919692.625 ], [ 41399.69999999999709, 5919692.625 ], [ 41399.69999999999709, 5919692.849999999627471 ], [ 41399.625, 5919692.849999999627471 ], [ 41399.625, 5919693.075000000186265 ], [ 41399.55000000000291, 5919693.075000000186265 ], [ 41399.55000000000291, 5919693.224999999627471 ], [ 41399.474999999998545, 5919693.224999999627471 ], [ 41399.474999999998545, 5919695.549999999813735 ], [ 41399.400000000001455, 5919695.549999999813735 ], [ 41399.400000000001455, 5919695.924999999813735 ], [ 41399.32499999999709, 5919695.924999999813735 ], [ 41399.32499999999709, 5919696.150000000372529 ], [ 41399.25, 5919696.150000000372529 ], [ 41399.25, 5919696.375 ], [ 41399.17500000000291, 5919696.375 ], [ 41399.17500000000291, 5919696.525000000372529 ], [ 41399.099999999998545, 5919696.525000000372529 ], [ 41399.099999999998545, 5919696.674999999813735 ], [ 41399.025000000001455, 5919696.674999999813735 ], [ 41399.025000000001455, 5919696.75 ], [ 41398.94999999999709, 5919696.75 ], [ 41398.94999999999709, 5919696.900000000372529 ], [ 41398.875, 5919696.900000000372529 ], [ 41398.875, 5919696.974999999627471 ], [ 41398.80000000000291, 5919696.974999999627471 ], [ 41398.80000000000291, 5919697.125 ], [ 41398.724999999998545, 5919697.125 ], [ 41398.724999999998545, 5919697.349999999627471 ], [ 41398.650000000001455, 5919697.349999999627471 ], [ 41398.650000000001455, 5919697.575000000186265 ], [ 41398.57499999999709, 5919697.575000000186265 ], [ 41398.57499999999709, 5919697.875 ], [ 41398.5, 5919697.875 ], [ 41398.5, 5919698.099999999627471 ], [ 41398.42500000000291, 5919698.099999999627471 ], [ 41398.42500000000291, 5919698.400000000372529 ], [ 41398.349999999998545, 5919698.400000000372529 ], [ 41398.349999999998545, 5919698.700000000186265 ], [ 41398.275000000001455, 5919698.700000000186265 ], [ 41398.275000000001455, 5919699.0 ], [ 41398.19999999999709, 5919699.0 ], [ 41398.19999999999709, 5919699.674999999813735 ], [ 41398.125, 5919699.674999999813735 ], [ 41398.125, 5919699.75 ], [ 41398.05000000000291, 5919699.75 ], [ 41398.05000000000291, 5919699.900000000372529 ], [ 41397.974999999998545, 5919699.900000000372529 ], [ 41397.974999999998545, 5919699.974999999627471 ], [ 41397.900000000001455, 5919699.974999999627471 ], [ 41397.900000000001455, 5919700.125 ], [ 41397.82499999999709, 5919700.125 ], [ 41397.82499999999709, 5919700.200000000186265 ], [ 41397.75, 5919700.200000000186265 ], [ 41397.75, 5919700.349999999627471 ], [ 41397.67500000000291, 5919700.349999999627471 ], [ 41397.67500000000291, 5919700.424999999813735 ], [ 41397.599999999998545, 5919700.424999999813735 ], [ 41397.599999999998545, 5919700.5 ], [ 41397.525000000001455, 5919700.5 ], [ 41397.525000000001455, 5919700.650000000372529 ], [ 41397.44999999999709, 5919700.650000000372529 ], [ 41397.44999999999709, 5919700.724999999627471 ], [ 41397.375, 5919700.724999999627471 ], [ 41397.375, 5919700.799999999813735 ], [ 41397.30000000000291, 5919700.799999999813735 ], [ 41397.30000000000291, 5919700.875 ], [ 41397.224999999998545, 5919700.875 ], [ 41397.224999999998545, 5919701.025000000372529 ], [ 41397.150000000001455, 5919701.025000000372529 ], [ 41397.150000000001455, 5919701.099999999627471 ], [ 41397.07499999999709, 5919701.099999999627471 ], [ 41397.07499999999709, 5919701.174999999813735 ], [ 41397.0, 5919701.174999999813735 ], [ 41397.0, 5919701.25 ], [ 41396.92500000000291, 5919701.25 ], [ 41396.92500000000291, 5919701.325000000186265 ], [ 41396.849999999998545, 5919701.325000000186265 ], [ 41396.849999999998545, 5919701.400000000372529 ], [ 41396.775000000001455, 5919701.400000000372529 ], [ 41396.775000000001455, 5919701.474999999627471 ], [ 41396.625, 5919701.474999999627471 ], [ 41396.625, 5919701.549999999813735 ], [ 41396.55000000000291, 5919701.549999999813735 ], [ 41396.55000000000291, 5919701.625 ], [ 41396.400000000001455, 5919701.625 ], [ 41396.400000000001455, 5919701.700000000186265 ], [ 41396.25, 5919701.700000000186265 ], [ 41396.25, 5919701.775000000372529 ], [ 41396.17500000000291, 5919701.775000000372529 ], [ 41396.17500000000291, 5919701.849999999627471 ], [ 41396.025000000001455, 5919701.849999999627471 ], [ 41396.025000000001455, 5919701.924999999813735 ], [ 41395.875, 5919701.924999999813735 ], [ 41395.875, 5919702.0 ], [ 41395.724999999998545, 5919702.0 ], [ 41395.724999999998545, 5919702.075000000186265 ], [ 41395.650000000001455, 5919702.075000000186265 ], [ 41395.650000000001455, 5919702.150000000372529 ], [ 41395.5, 5919702.150000000372529 ], [ 41395.5, 5919702.224999999627471 ], [ 41395.349999999998545, 5919702.224999999627471 ], [ 41395.349999999998545, 5919702.299999999813735 ], [ 41395.19999999999709, 5919702.299999999813735 ], [ 41395.19999999999709, 5919702.375 ], [ 41395.05000000000291, 5919702.375 ], [ 41395.05000000000291, 5919702.450000000186265 ], [ 41394.82499999999709, 5919702.450000000186265 ], [ 41394.82499999999709, 5919702.525000000372529 ], [ 41394.67500000000291, 5919702.525000000372529 ], [ 41394.67500000000291, 5919702.599999999627471 ], [ 41394.525000000001455, 5919702.599999999627471 ], [ 41394.525000000001455, 5919702.674999999813735 ], [ 41394.30000000000291, 5919702.674999999813735 ], [ 41394.30000000000291, 5919702.75 ], [ 41394.150000000001455, 5919702.75 ], [ 41394.150000000001455, 5919702.825000000186265 ], [ 41394.0, 5919702.825000000186265 ], [ 41394.0, 5919702.900000000372529 ], [ 41393.849999999998545, 5919702.900000000372529 ], [ 41393.849999999998545, 5919702.974999999627471 ], [ 41393.625, 5919702.974999999627471 ], [ 41393.625, 5919703.049999999813735 ], [ 41393.474999999998545, 5919703.049999999813735 ], [ 41393.474999999998545, 5919703.125 ], [ 41393.32499999999709, 5919703.125 ], [ 41393.32499999999709, 5919703.200000000186265 ], [ 41393.17500000000291, 5919703.200000000186265 ], [ 41393.17500000000291, 5919703.275000000372529 ], [ 41393.025000000001455, 5919703.275000000372529 ], [ 41393.025000000001455, 5919703.349999999627471 ], [ 41392.875, 5919703.349999999627471 ], [ 41392.875, 5919703.424999999813735 ], [ 41392.724999999998545, 5919703.424999999813735 ], [ 41392.724999999998545, 5919703.5 ], [ 41392.57499999999709, 5919703.5 ], [ 41392.57499999999709, 5919703.575000000186265 ], [ 41392.349999999998545, 5919703.575000000186265 ], [ 41392.349999999998545, 5919703.650000000372529 ], [ 41392.19999999999709, 5919703.650000000372529 ], [ 41392.19999999999709, 5919703.724999999627471 ], [ 41391.974999999998545, 5919703.724999999627471 ], [ 41391.974999999998545, 5919703.799999999813735 ], [ 41391.82499999999709, 5919703.799999999813735 ], [ 41391.82499999999709, 5919703.875 ], [ 41391.599999999998545, 5919703.875 ], [ 41391.599999999998545, 5919703.950000000186265 ], [ 41391.375, 5919703.950000000186265 ], [ 41391.375, 5919704.025000000372529 ], [ 41391.224999999998545, 5919704.025000000372529 ], [ 41391.224999999998545, 5919704.099999999627471 ], [ 41391.0, 5919704.099999999627471 ], [ 41391.0, 5919704.174999999813735 ], [ 41390.849999999998545, 5919704.174999999813735 ], [ 41390.849999999998545, 5919704.25 ], [ 41390.69999999999709, 5919704.25 ], [ 41390.69999999999709, 5919704.325000000186265 ], [ 41390.55000000000291, 5919704.325000000186265 ], [ 41390.55000000000291, 5919704.400000000372529 ], [ 41390.400000000001455, 5919704.400000000372529 ], [ 41390.400000000001455, 5919704.474999999627471 ], [ 41390.25, 5919704.474999999627471 ], [ 41390.25, 5919704.549999999813735 ], [ 41390.025000000001455, 5919704.549999999813735 ], [ 41390.025000000001455, 5919704.625 ], [ 41389.875, 5919704.625 ], [ 41389.875, 5919704.700000000186265 ], [ 41389.724999999998545, 5919704.700000000186265 ], [ 41389.724999999998545, 5919704.775000000372529 ], [ 41389.57499999999709, 5919704.775000000372529 ], [ 41389.57499999999709, 5919704.849999999627471 ], [ 41389.42500000000291, 5919704.849999999627471 ], [ 41389.42500000000291, 5919704.924999999813735 ], [ 41389.19999999999709, 5919704.924999999813735 ], [ 41389.19999999999709, 5919705.0 ], [ 41389.05000000000291, 5919705.0 ], [ 41389.05000000000291, 5919705.075000000186265 ], [ 41388.900000000001455, 5919705.075000000186265 ], [ 41388.900000000001455, 5919705.150000000372529 ], [ 41388.75, 5919705.150000000372529 ], [ 41388.75, 5919705.224999999627471 ], [ 41388.599999999998545, 5919705.224999999627471 ], [ 41388.599999999998545, 5919705.299999999813735 ], [ 41388.44999999999709, 5919705.299999999813735 ], [ 41388.44999999999709, 5919705.375 ], [ 41388.30000000000291, 5919705.375 ], [ 41388.30000000000291, 5919705.450000000186265 ], [ 41388.150000000001455, 5919705.450000000186265 ], [ 41388.150000000001455, 5919705.525000000372529 ], [ 41388.0, 5919705.525000000372529 ], [ 41388.0, 5919705.599999999627471 ], [ 41387.849999999998545, 5919705.599999999627471 ], [ 41387.849999999998545, 5919705.674999999813735 ], [ 41387.69999999999709, 5919705.674999999813735 ], [ 41387.69999999999709, 5919705.75 ], [ 41387.55000000000291, 5919705.75 ], [ 41387.55000000000291, 5919705.825000000186265 ], [ 41387.32499999999709, 5919705.825000000186265 ], [ 41387.32499999999709, 5919705.900000000372529 ], [ 41387.17500000000291, 5919705.900000000372529 ], [ 41387.17500000000291, 5919705.974999999627471 ], [ 41386.94999999999709, 5919705.974999999627471 ], [ 41386.94999999999709, 5919706.049999999813735 ], [ 41386.80000000000291, 5919706.049999999813735 ], [ 41386.80000000000291, 5919706.125 ], [ 41386.650000000001455, 5919706.125 ], [ 41386.650000000001455, 5919706.200000000186265 ], [ 41386.42500000000291, 5919706.200000000186265 ], [ 41386.42500000000291, 5919706.275000000372529 ], [ 41386.275000000001455, 5919706.275000000372529 ], [ 41386.275000000001455, 5919706.349999999627471 ], [ 41386.125, 5919706.349999999627471 ], [ 41386.125, 5919706.424999999813735 ], [ 41385.900000000001455, 5919706.424999999813735 ], [ 41385.900000000001455, 5919706.5 ], [ 41385.75, 5919706.5 ], [ 41385.75, 5919706.575000000186265 ], [ 41385.599999999998545, 5919706.575000000186265 ], [ 41385.599999999998545, 5919706.650000000372529 ], [ 41385.44999999999709, 5919706.650000000372529 ], [ 41385.44999999999709, 5919706.724999999627471 ], [ 41385.224999999998545, 5919706.724999999627471 ], [ 41385.224999999998545, 5919706.799999999813735 ], [ 41385.07499999999709, 5919706.799999999813735 ], [ 41385.07499999999709, 5919706.875 ], [ 41384.92500000000291, 5919706.875 ], [ 41384.92500000000291, 5919706.950000000186265 ], [ 41384.775000000001455, 5919706.950000000186265 ], [ 41384.775000000001455, 5919707.025000000372529 ], [ 41384.625, 5919707.025000000372529 ], [ 41384.625, 5919707.099999999627471 ], [ 41384.474999999998545, 5919707.099999999627471 ], [ 41384.474999999998545, 5919707.174999999813735 ], [ 41384.32499999999709, 5919707.174999999813735 ], [ 41384.32499999999709, 5919707.25 ], [ 41384.17500000000291, 5919707.25 ], [ 41384.17500000000291, 5919707.325000000186265 ], [ 41384.025000000001455, 5919707.325000000186265 ], [ 41384.025000000001455, 5919707.400000000372529 ], [ 41383.875, 5919707.400000000372529 ], [ 41383.875, 5919707.474999999627471 ], [ 41383.650000000001455, 5919707.474999999627471 ], [ 41383.650000000001455, 5919707.549999999813735 ], [ 41383.5, 5919707.549999999813735 ], [ 41383.5, 5919707.625 ], [ 41383.275000000001455, 5919707.625 ], [ 41383.275000000001455, 5919707.700000000186265 ], [ 41382.375, 5919707.700000000186265 ] ] ] } },
{ "type": "Feature", "properties": { "value": 1.0, "building_id": 9, "area": 431.30249999910751 }, "geometry": { "type": "Polygon", "coordinates": [ [ [ 41084.32499999999709, 5919686.625 ], [ 41084.32499999999709, 5919686.549999999813735 ], [ 41083.80000000000291, 5919686.549999999813735 ], [ 41083.80000000000291, 5919686.474999999627471 ], [ 41083.349999999998545, 5919686.474999999627471 ], [ 41083.349999999998545, 5919686.400000000372529 ], [ 41082.900000000001455, 5919686.400000000372529 ], [ 41082.900000000001455, 5919686.325000000186265 ], [ 41082.44999999999709, 5919686.325000000186265 ], [ 41082.44999999999709, 5919686.25 ], [ 41082.150000000001455, 5919686.25 ], [ 41082.150000000001455, 5919686.174999999813735 ], [ 41081.92500000000291, 5919686.174999999813735 ], [ 41081.92500000000291, 5919686.099999999627471 ], [ 41081.69999999999709, 5919686.099999999627471 ], [ 41081.69999999999709, 5919686.025000000372529 ], [ 41081.474999999998545, 5919686.025000000372529 ], [ 41081.474999999998545, 5919685.950000000186265 ], [ 41081.32499999999709, 5919685.950000000186265 ], [ 41081.32499999999709, 5919685.875 ], [ 41081.17500000000291, 5919685.875 ], [ 41081.17500000000291, 5919685.799999999813735 ], [ 41080.94999999999709, 5919685.799999999813735 ], [ 41080.94999999999709, 5919685.724999999627471 ], [ 41080.80000000000291, 5919685.724999999627471 ], [ 41080.80000000000291, 5919685.650000000372529 ], [ 41080.650000000001455, 5919685.650000000372529 ], [ 41080.650000000001455, 5919685.575000000186265 ], [ 41080.57499999999709, 5919685.575000000186265 ], [ 41080.57499999999709, 5919685.5 ], [ 41080.42500000000291, 5919685.5 ], [ 41080.42500000000291, 5919685.424999999813735 ], [ 41080.349999999998545, 5919685.424999999813735 ], [ 41080.349999999998545, 5919685.349999999627471 ], [ 41080.275000000001455, 5919685.349999999627471 ], [ 41080.275000000001455, 5919685.275000000372529 ], [ 41080.19999999999709, 5919685.275000000372529 ], [ 41080.19999999999709, 5919685.200000000186265 ], [ 41080.125, 5919685.200000000186265 ], [ 41080.125, 5919685.125 ], [ 41080.05000000000291, 5919685.125 ], [ 41080.05000000000291, 5919685.049999999813735 ], [ 41079.974999999998545, 5919685.049999999813735 ], [ 41079.974999999998545, 5919684.974999999627471 ], [ 41079.900000000001455, 5919684.974999999627471 ], [ 41079.900000000001455, 5919684.825000000186265 ], [ 41079.82499999999709, 5919684.825000000186265 ], [ 41079.82499999999709, 5919684.75 ], [ 41079.75, 5919684.75 ], [ 41079.75, 5919684.674999999813735 ], [ 41079.67500000000291, 5919684.674999999813735 ], [ 41079.67500000000291, 5919684.599999999627471 ], [ 41079.599999999998545, 5919684.599999999627471 ], [ 41079.599999999998545, 5919684.450000000186265 ], [ 41079.525000000001455, 5919684.450000000186265 ], [ 41079.525000000001455, 5919684.375 ], [ 41079.44999999999709, 5919684.375 ], [ 41079.44999999999709, 5919684.224999999627471 ], [ 41079.375, 5919684.224999999627471 ], [ 41079.375, 5919684.150000000372529 ], [ 41079.30000000000291, 5919684.150000000372529 ], [ 41079.30000000000291, 5919684.0 ], [ 41079.224999999998545, 5919684.0 ], [ 41079.224999999998545, 5919683.924999999813735 ], [ 41079.150000000001455, 5919683.924999999813735 ], [ 41079.150000000001455, 5919683.099999999627471 ], [ 41079.224999999998545, 5919683.099999999627471 ], [ 41079.224999999998545, 5919682.950000000186265 ], [ 41079.30000000000291, 5919682.950000000186265 ], [ 41079.30000000000291, 5919682.875 ], [ 41079.375, 5919682.875 ], [ 41079.375, 5919682.724999999627471 ], [ 41079.44999999999709, 5919682.724999999627471 ], [ 41079.44999999999709, 5919682.650000000372529 ], [ 41079.525000000001455, 5919682.650000000372529 ], [ 41079.525000000001455, 5919682.575000000186265 ], [ 41079.599999999998545, 5919682.575000000186265 ], [ 41079.599999999998545, 5919682.5 ], [ 41079.67500000000291, 5919682.5 ], [ 41079.67500000000291, 5919682.424999999813735 ], [ 41079.75, 5919682.424999999813735 ], [ 41079.75, 5919682.275000000372529 ], [ 41079.82499999999709, 5919682.275000000372529 ], [ 41079.82499999999709, 5919682.200000000186265 ], [ 41079.900000000001455, 5919682.200000000186265 ], [ 41079.900000000001455, 5919682.125 ], [ 41079.974999999998545, 5919682.125 ], [ 41079.974999999998545, 5919682.049999999813735 ], [ 41080.125, 5919682.049999999813735 ], [ 41080.125, 5919681.974999999627471 ], [ 41080.19999999999709, 5919681.974999999627471 ], [ 41080.19999999999709, 5919681.900000000372529 ], [ 41080.275000000001455, 5919681.900000000372529 ], [ 41080.275000000001455, 5919681.825000000186265 ], [ 41080.349999999998545, 5919681.825000000186265 ], [ 41080.349999999998545, 5919681.75 ], [ 41080.42500000000291, 5919681.75 ], [ 41080.42500000000291, 5919681.674999999813735 ], [ 41080.5, 5919681.674999999813735 ], [ 41080.5, 5919681.599999999627471 ], [ 41080.57499999999709, 5919681.599999999627471 ], [ 41080.57499999999709, 5919681.525000000372529 ], [ 41080.650000000001455, 5919681.525000000372529 ], [ 41080.650000000001455, 5919681.375 ], [ 41080.724999999998545, 5919681.375 ], [ 41080.724999999998545, 5919681.224999999627471 ], [ 41080.80000000000291, 5919681.224999999627471 ], [ 41080.80000000000291, 5919681.075000000186265 ], [ 41080.875, 5919681.075000000186265 ], [ 41080.875, 5919680.924999999813735 ], [ 41080.94999999999709, 5919680.924999999813735 ], [ 41080.94999999999709, 5919680.775000000372529 ], [ 41081.025000000001455, 5919680.775000000372529 ], [ 41081.025000000001455, 5919680.700000000186265 ], [ 41081.099999999998545, 5919680.700000000186265 ], [ 41081.099999999998545, 5919680.549999999813735 ], [ 41081.17500000000291, 5919680.549999999813735 ], [ 41081.17500000000291, 5919680.474999999627471 ], [ 41081.25, 5919680.474999999627471 ], [ 41081.25, 5919680.400000000372529 ], [ 41081.32499999999709, 5919680.400000000372529 ], [ 41081.32499999999709, 5919680.25 ], [ 41081.400000000001455, 5919680.25 ], [ 41081.400000000001455, 5919680.174999999813735 ], [ 41081.474999999998545, 5919680.174999999813735 ], [ 41081.474999999998545, 5919680.099999999627471 ], [ 41081.55000000000291, 5919680.099999999627471 ], [ 41081.55000000000291, 5919680.025000000372529 ], [ 41081.625, 5919680.025000000372529 ], [ 41081.625, 5919679.950000000186265 ], [ 41081.69999999999709, 5919679.950000000186265 ], [ 41081.69999999999709, 5919679.875 ], [ 41081.775000000001455, 5919679.875 ], [ 41081.775000000001455, 5919679.799999999813735 ], [ 41081.849999999998545, 5919679.799999999813735 ], [ 41081.849999999998545, 5919679.724999999627471 ], [ 41081.92500000000291, 5919679.724999999627471 ], [ 41081.92500000000291, 5919679.650000000372529 ], [ 41082.0, 5919679.650000000372529 ], [ 41082.0, 5919679.575000000186265 ], [ 41082.07499999999709, 5919679.575000000186265 ], [ 41082.07499999999709, 5919679.424999999813735 ], [ 41082.150000000001455, 5919679.424999999813735 ], [ 41082.150000000001455, 5919679.349999999627471 ], [ 41082.224999999998545, 5919679.349999999627471 ], [ 41082.224999999998545, 5919679.275000000372529 ], [ 41082.30000000000291, 5919679.275000000372529 ], [ 41082.30000000000291, 5919679.125 ], [ 41082.44999999999709, 5919679.125 ], [ 41082.44999999999709, 5919679.049999999813735 ], [ 41082.525000000001455, 5919679.049999999813735 ], [ 41082.525000000001455, 5919678.974999999627471 ], [ 41082.599999999998545, 5919678.974999999627471 ], [ 41082.599999999998545, 5919678.900000000372529 ], [ 41082.75, 5919678.900000000372529 ], [ 41082.75, 5919678.825000000186265 ], [ 41082.82499999999709, 5919678.825000000186265 ], [ 41082.82499999999709, 5919678.75 ], [ 41082.974999999998545, 5919678.75 ], [ 41082.974999999998545, 5919678.674999999813735 ], [ 41083.05000000000291, 5919678.674999999813735 ], [ 41083.05000000000291, 5919678.599999999627471 ], [ 41083.19999999999709, 5919678.599999999627471 ], [ 41083.19999999999709, 5919678.525000000372529 ], [ 41083.275000000001455, 5919678.525000000372529 ], [ 41083.275000000001455, 5919678.450000000186265 ], [ 41083.42500000000291, 5919678.450000000186265 ], [ 41083.42500000000291, 5919678.375 ], [ 41083.57499999999709, 5919678.375 ], [ 41083.57499999999709, 5919678.299999999813735 ], [ 41083.724999999998545, 5919678.299999999813735 ], [ 41083.724999999998545, 5919678.224999999627471 ], [ 41083.875, 5919678.224999999627471 ], [ 41083.875, 5919678.150000000372529 ], [ 41084.025000000001455, 5919678.150000000372529 ], [ 41084.025000000001455, 5919678.075000000186265 ], [ 41084.17500000000291, 5919678.075000000186265 ], [ 41084.17500000000291, 5919678.0 ], [ 41084.32499999999709, 5919678.0 ], [ 41084.32499999999709, 5919677.924999999813735 ], [ 41084.474999999998545, 5919677.924999999813735 ], [ 41084.474999999998545, 5919677.849999999627471 ], [ 41084.55000000000291, 5919677.849999999627471 ], [ 41084.55000000000291, 5919677.775000000372529 ], [ 41084.625, 5919677.775000000372529 ], [ 41084.625, 5919677.700000000186265 ], [ 41084.69999999999709, 5919677.700000000186265 ], [ 41084.69999999999709, 5919677.625 ], [ 41084.775000000001455, 5919677.625 ], [ 41084.775000000001455, 5919677.474999999627471 ], [ 41084.849999999998545, 5919677.474999999627471 ], [ 41084.849999999998545, 5919677.325000000186265 ], [ 41084.92500000000291, 5919677.325000000186265 ], [ 41084.92500000000291, 5919677.174999999813735 ], [ 41085.0, 5919677.174999999813735 ], [ 41085.0, 5919677.025000000372529 ], [ 41085.07499999999709, 5919677.025000000372529 ], [ 41085.07499999999709, 5919676.799999999813735 ], [ 41085.150000000001455, 5919676.799999999813735 ], [ 41085.150000000001455, 5919676.650000000372529 ], [ 41085.224999999998545, 5919676.650000000372529 ], [ 41085.224999999998545, 5919676.5 ], [ 41085.30000000000291, 5919676.5 ], [ 41085.30000000000291, 5919676.275000000372529 ], [ 41085.375, 5919676.275000000372529 ], [ 41085.375, 5919676.125 ], [ 41085.44999999999709, 5919676.125 ], [ 41085.44999999999709, 5919675.900000000372529 ], [ 41085.525000000001455, 5919675.900000000372529 ], [ 41085.525000000001455, 5919675.674999999813735 ], [ 41085.599999999998545, 5919675.674999999813735 ], [ 41085.599999999998545, 5919675.599999999627471 ], [ 41085.525000000001455, 5919675.599999999627471 ], [ 41085.525000000001455, 5919675.150000000372529 ], [ 41085.44999999999709, 5919675.150000000372529 ], [ 41085.44999999999709, 5919674.625 ], [ 41085.375, 5919674.625 ], [ 41085.375, 5919674.174999999813735 ], [ 41085.30000000000291, 5919674.174999999813735 ], [ 41085.30000000000291, 5919673.724999999627471 ], [ 41085.224999999998545, 5919673.724999999627471 ], [ 41085.224999999998545, 5919673.200000000186265 ], [ 41085.150000000001455, 5919673.200000000186265 ], [ 41085.150000000001455, 5919672.75 ], [ 41085.07499999999709, 5919672.75 ], [ 41085.07499999999709, 5919672.299999999813735 ], [ 41085.0, 5919672.299999999813735 ], [ 41085.0, 5919671.924999999813735 ], [ 41084.92500000000291, 5919671.924999999813735 ], [ 41084.92500000000291, 5919671.25 ], [ 41085.0, 5919671.25 ], [ 41085.0, 5919671.099999999627471 ], [ 41085.07499999999709, 5919671.099999999627471 ], [ 41085.07499999999709, 5919670.875 ], [ 41085.150000000001455, 5919670.875 ], [ 41085.150000000001455, 5919670.724999999627471 ], [ 41085.224999999998545, 5919670.724999999627471 ], [ 41085.224999999998545, 5919670.5 ], [ 41085.30000000000291, 5919670.5 ], [ 41085.30000000000291, 5919670.275000000372529 ], [ 41085.375, 5919670.275000000372529 ], [ 41085.375, 5919670.125 ], [ 41085.44999999999709, 5919670.125 ], [ 41085.44999999999709, 5919669.900000000372529 ], [ 41085.525000000001455, 5919669.900000000372529 ], [ 41085.525000000001455, 5919669.674999999813735 ], [ 41085.599999999998545, 5919669.674999999813735 ], [ 41085.599999999998545, 5919669.450000000186265 ], [ 41085.67500000000291, 5919669.450000000186265 ], [ 41085.67500000000291, 5919669.299999999813735 ], [ 41085.75, 5919669.299999999813735 ], [ 41085.75, 5919669.075000000186265 ], [ 41085.82499999999709, 5919669.075000000186265 ], [ 41085.82499999999709, 5919668.924999999813735 ], [ 41085.900000000001455, 5919668.924999999813735 ], [ 41085.900000000001455, 5919668.700000000186265 ], [ 41085.974999999998545, 5919668.700000000186265 ], [ 41085.974999999998545, 5919668.549999999813735 ], [ 41086.05000000000291, 5919668.549999999813735 ], [ 41086.05000000000291, 5919668.400000000372529 ], [ 41086.125, 5919668.400000000372529 ], [ 41086.125, 5919668.174999999813735 ], [ 41086.19999999999709, 5919668.174999999813735 ], [ 41086.19999999999709, 5919668.025000000372529 ], [ 41086.275000000001455, 5919668.025000000372529 ], [ 41086.275000000001455, 5919667.875 ], [ 41086.349999999998545, 5919667.875 ], [ 41086.349999999998545, 5919667.650000000372529 ], [ 41086.42500000000291, 5919667.650000000372529 ], [ 41086.42500000000291, 5919667.424999999813735 ], [ 41086.5, 5919667.424999999813735 ], [ 41086.5, 5919667.275000000372529 ], [ 41086.57499999999709, 5919667.275000000372529 ], [ 41086.57499999999709, 5919667.049999999813735 ], [ 41086.650000000001455, 5919667.049999999813735 ], [ 41086.650000000001455, 5919666.900000000372529 ], [ 41086.724999999998545, 5919666.900000000372529 ], [ 41086.724999999998545, 5919666.674999999813735 ], [ 41086.80000000000291, 5919666.674999999813735 ], [ 41086.80000000000291, 5919666.525000000372529 ], [ 41086.875, 5919666.525000000372529 ], [ 41086.875, 5919666.375 ], [ 41086.94999999999709, 5919666.375 ], [ 41086.94999999999709, 5919666.150000000372529 ], [ 41087.025000000001455, 5919666.150000000372529 ], [ 41087.025000000001455, 5919666.0 ], [ 41087.099999999998545, 5919666.0 ], [ 41087.099999999998545, 5919665.849999999627471 ], [ 41087.17500000000291, 5919665.849999999627471 ], [ 41087.17500000000291, 5919665.625 ], [ 41087.25, 5919665.625 ], [ 41087.25, 5919665.474999999627471 ], [ 41087.32499999999709, 5919665.474999999627471 ], [ 41087.32499999999709, 5919665.25 ], [ 41087.400000000001455, 5919665.25 ], [ 41087.400000000001455, 5919665.099999999627471 ], [ 41087.474999999998545, 5919665.099999999627471 ], [ 41087.474999999998545, 5919664.950000000186265 ], [ 41087.55000000000291, 5919664.950000000186265 ], [ 41087.55000000000291, 5919664.799999999813735 ], [ 41087.625, 5919664.799999999813735 ], [ 41087.625, 5919664.724999999627471 ], [ 41087.69999999999709, 5919664.724999999627471 ], [ 41087.69999999999709, 5919664.650000000372529 ], [ 41087.775000000001455, 5919664.650000000372529 ], [ 41087.775000000001455, 5919664.575000000186265 ], [ 41087.92500000000291, 5919664.575000000186265 ], [ 41087.92500000000291, 5919664.5 ], [ 41089.5, 5919664.5 ], [ 41089.5, 5919664.424999999813735 ], [ 41090.55000000000291, 5919664.424999999813735 ], [ 41090.55000000000291, 5919664.5 ], [ 41094.375, 5919664.5 ], [ 41094.375, 5919664.424999999813735 ], [ 41095.125, 5919664.424999999813735 ], [ 41095.125, 5919664.349999999627471 ], [ 41095.80000000000291, 5919664.349999999627471 ], [ 41095.80000000000291, 5919664.275000000372529 ], [ 41096.474999999998545, 5919664.275000000372529 ], [ 41096.474999999998545, 5919664.200000000186265 ], [ 41097.150000000001455, 5919664.200000000186265 ], [ 41097.150000000001455, 5919664.125 ], [ 41097.67500000000291, 5919664.125 ], [ 41097.67500000000291, 5919664.049999999813735 ], [ 41098.275000000001455, 5919664.049999999813735 ], [ 41098.275000000001455, 5919663.974999999627471 ], [ 41098.724999999998545, 5919663.974999999627471 ], [ 41098.724999999998545, 5919663.900000000372529 ], [ 41099.17500000000291, 5919663.900000000372529 ], [ 41099.17500000000291, 5919663.825000000186265 ], [ 41099.69999999999709, 5919663.825000000186265 ], [ 41099.69999999999709, 5919663.75 ], [ 41100.82499999999709, 5919663.75 ], [ 41100.82499999999709, 5919663.825000000186265 ], [ 41101.875, 5919663.825000000186265 ], [ 41101.875, 5919663.900000000372529 ], [ 41102.17500000000291, 5919663.900000000372529 ], [ 41102.17500000000291, 5919663.974999999627471 ], [ 41102.400000000001455, 5919663.974999999627471 ], [ 41102.400000000001455, 5919664.049999999813735 ], [ 41102.775000000001455, 5919664.049999999813735 ], [ 41102.775000000001455, 5919664.125 ], [ 41103.07499999999709, 5919664.125 ], [ 41103.07499999999709, 5919664.200000000186265 ], [ 41103.375, 5919664.200000000186265 ], [ 41103.375, 5919664.275000000372529 ], [ 41103.75, 5919664.275000000372529 ], [ 41103.75, 5919664.349999999627471 ], [ 41104.05000000000291, 5919664.349999999627471 ], [ 41104.05000000000291, 5919664.424999999813735 ], [ 41104.275000000001455, 5919664.424999999813735 ], [ 41104.275000000001455, 5919664.5 ], [ 41104.5, 5919664.5 ], [ 41104.5, 5919664.575000000186265 ], [ 41104.650000000001455, 5919664.575000000186265 ], [ 41104.650000000001455, 5919664.650000000372529 ], [ 41104.875, 5919664.650000000372529 ], [ 41104.875, 5919664.724999999627471 ], [ 41105.025000000001455, 5919664.724999999627471 ], [ 41105.025000000001455, 5919664.799999999813735 ], [ 41105.17500000000291, 5919664.799999999813735 ], [ 41105.17500000000291, 5919664.875 ], [ 41105.25, 5919664.875 ], [ 41105.25, 5919664.950000000186265 ], [ 41105.400000000001455, 5919664.950000000186265 ], [ 41105.400000000001455, 5919665.025000000372529 ], [ 41105.55000000000291, 5919665.025000000372529 ], [ 41105.55000000000291, 5919665.099999999627471 ], [ 41105.625, 5919665.099999999627471 ], [ 41105.625, 5919665.174999999813735 ], [ 41105.69999999999709, 5919665.174999999813735 ], [ 41105.69999999999709, 5919665.25 ], [ 41105.775000000001455, 5919665.25 ], [ 41105.775000000001455, 5919665.325000000186265 ], [ 41105.849999999998545, 5919665.325000000186265 ], [ 41105.849999999998545, 5919665.400000000372529 ], [ 41105.92500000000291, 5919665.400000000372529 ], [ 41105.92500000000291, 5919665.474999999627471 ], [ 41106.0, 5919665.474999999627471 ], [ 41106.0, 5919665.549999999813735 ], [ 41106.07499999999709, 5919665.549999999813735 ], [ 41106.07499999999709, 5919665.625 ], [ 41106.150000000001455, 5919665.625 ], [ 41106.150000000001455, 5919665.700000000186265 ], [ 41106.224999999998545, 5919665.700000000186265 ], [ 41106.224999999998545, 5919665.775000000372529 ], [ 41106.30000000000291, 5919665.775000000372529 ], [ 41106.30000000000291, 5919665.924999999813735 ], [ 41106.375, 5919665.924999999813735 ], [ 41106.375, 5919666.0 ], [ 41106.44999999999709, 5919666.0 ], [ 41106.44999999999709, 5919666.075000000186265 ], [ 41106.525000000001455, 5919666.075000000186265 ], [ 41106.525000000001455, 5919666.150000000372529 ], [ 41106.599999999998545, 5919666.150000000372529 ], [ 41106.599999999998545, 5919666.224999999627471 ], [ 41106.67500000000291, 5919666.224999999627471 ], [ 41106.67500000000291, 5919666.299999999813735 ], [ 41106.75, 5919666.299999999813735 ], [ 41106.75, 5919666.375 ], [ 41106.82499999999709, 5919666.375 ], [ 41106.82499999999709, 5919666.525000000372529 ], [ 41106.900000000001455, 5919666.525000000372529 ], [ 41106.900000000001455, 5919666.599999999627471 ], [ 41106.974999999998545, 5919666.599999999627471 ], [ 41106.974999999998545, 5919666.674999999813735 ], [ 41107.05000000000291, 5919666.674999999813735 ], [ 41107.05000000000291, 5919666.825000000186265 ], [ 41107.125, 5919666.825000000186265 ], [ 41107.125, 5919666.900000000372529 ], [ 41107.19999999999709, 5919666.900000000372529 ], [ 41107.19999999999709, 5919667.049999999813735 ], [ 41107.275000000001455, 5919667.049999999813735 ], [ 41107.275000000001455, 5919667.125 ], [ 41107.349999999998545, 5919667.125 ], [ 41107.349999999998545, 5919667.275000000372529 ], [ 41107.42500000000291, 5919667.275000000372529 ], [ 41107.42500000000291, 5919667.349999999627471 ], [ 41107.5, 5919667.349999999627471 ], [ 41107.5, 5919667.5 ], [ 41107.57499999999709, 5919667.5 ], [ 41107.57499999999709, 5919667.650000000372529 ], [ 41107.650000000001455, 5919667.650000000372529 ], [ 41107.650000000001455, 5919667.724999999627471 ], [ 41107.724999999998545, 5919667.724999999627471 ], [ 41107.724999999998545, 5919667.950000000186265 ], [ 41107.80000000000291, 5919667.950000000186265 ], [ 41107.80000000000291, 5919668.174999999813735 ], [ 41107.875, 5919668.174999999813735 ], [ 41107.875, 5919668.400000000372529 ], [ 41107.94999999999709, 5919668.400000000372529 ], [ 41107.94999999999709, 5919668.625 ], [ 41108.025000000001455, 5919668.625 ], [ 41108.025000000001455, 5919668.924999999813735 ], [ 41108.099999999998545, 5919668.924999999813735 ], [ 41108.099999999998545, 5919669.224999999627471 ], [ 41108.17500000000291, 5919669.224999999627471 ], [ 41108.17500000000291, 5919669.525000000372529 ], [ 41108.25, 5919669.525000000372529 ], [ 41108.25, 5919670.125 ], [ 41108.17500000000291, 5919670.125 ], [ 41108.17500000000291, 5919670.349999999627471 ], [ 41108.099999999998545, 5919670.349999999627471 ], [ 41108.099999999998545, 5919670.650000000372529 ], [ 41108.025000000001455, 5919670.650000000372529 ], [ 41108.025000000001455, 5919670.875 ], [ 41107.94999999999709, 5919670.875 ], [ 41107.94999999999709, 5919671.099999999627471 ], [ 41107.875, 5919671.099999999627471 ], [ 41107.875, 5919671.325000000186265 ], [ 41107.80000000000291, 5919671.325000000186265 ], [ 41107.80000000000291, 5919671.549999999813735 ], [ 41107.724999999998545, 5919671.549999999813735 ], [ 41107.724999999998545, 5919671.849999999627471 ], [ 41107.650000000001455, 5919671.849999999627471 ], [ 41107.650000000001455, 5919672.224999999627471 ], [ 41107.57499999999709, 5919672.224999999627471 ], [ 41107.57499999999709, 5919672.674999999813735 ], [ 41107.5, 5919672.674999999813735 ], [ 41107.5, 5919673.125 ], [ 41107.42500000000291, 5919673.125 ], [ 41107.42500000000291, 5919673.575000000186265 ], [ 41107.349999999998545, 5919673.575000000186265 ], [ 41107.349999999998545, 5919674.474999999627471 ], [ 41107.275000000001455, 5919674.474999999627471 ], [ 41107.275000000001455, 5919675.450000000186265 ], [ 41107.19999999999709, 5919675.450000000186265 ], [ 41107.19999999999709, 5919675.974999999627471 ], [ 41107.125, 5919675.974999999627471 ], [ 41107.125, 5919676.424999999813735 ], [ 41107.05000000000291, 5919676.424999999813735 ], [ 41107.05000000000291, 5919676.724999999627471 ], [ 41106.974999999998545, 5919676.724999999627471 ], [ 41106.974999999998545, 5919677.099999999627471 ], [ 41106.900000000001455, 5919677.099999999627471 ], [ 41106.900000000001455, 5919677.400000000372529 ], [ 41106.82499999999709, 5919677.400000000372529 ], [ 41106.82499999999709, 5919677.625 ], [ 41106.75, 5919677.625 ], [ 41106.75, 5919677.775000000372529 ], [ 41106.67500000000291, 5919677.775000000372529 ], [ 41106.67500000000291, 5919677.849999999627471 ], [ 41106.599999999998545, 5919677.849999999627471 ], [ 41106.599999999998545, 5919678.0 ], [ 41106.525000000001455, 5919678.0 ], [ 41106.525000000001455, 5919678.075000000186265 ], [ 41106.44999999999709, 5919678.075000000186265 ], [ 41106.44999999999709, 5919678.150000000372529 ], [ 41106.375, 5919678.150000000372529 ], [ 41106.375, 5919678.224999999627471 ], [ 41106.30000000000291, 5919678.224999999627471 ], [ 41106.30000000000291, 5919678.299999999813735 ], [ 41106.224999999998545, 5919678.299999999813735 ], [ 41106.224999999998545, 5919678.375 ], [ 41106.150000000001455, 5919678.375 ], [ 41106.150000000001455, 5919678.450000000186265 ], [ 41106.07499999999709, 5919678.450000000186265 ], [ 41106.07499999999709, 5919678.525000000372529 ], [ 41105.92500000000291, 5919678.525000000372529 ], [ 41105.92500000000291, 5919678.599999999627471 ], [ 41105.849999999998545, 5919678.599999999627471 ], [ 41105.849999999998545, 5919678.674999999813735 ], [ 41105.775000000001455, 5919678.674999999813735 ], [ 41105.775000000001455, 5919678.75 ], [ 41105.625, 5919678.75 ], [ 41105.625, 5919678.825000000186265 ], [ 41105.55000000000291, 5919678.825000000186265 ], [ 41105.55000000000291, 5919678.900000000372529 ], [ 41105.474999999998545, 5919678.900000000372529 ], [ 41105.474999999998545, 5919678.974999999627471 ], [ 41105.400000000001455, 5919678.974999999627471 ], [ 41105.400000000001455, 5919679.049999999813735 ], [ 41105.25, 5919679.049999999813735 ], [ 41105.25, 5919679.125 ], [ 41105.17500000000291, 5919679.125 ], [ 41105.17500000000291, 5919679.200000000186265 ], [ 41105.099999999998545, 5919679.200000000186265 ], [ 41105.099999999998545, 5919679.275000000372529 ], [ 41105.025000000001455, 5919679.275000000372529 ], [ 41105.025000000001455, 5919679.349999999627471 ], [ 41104.94999999999709, 5919679.349999999627471 ], [ 41104.94999999999709, 5919679.424999999813735 ], [ 41104.875, 5919679.424999999813735 ], [ 41104.875, 5919679.5 ], [ 41104.80000000000291, 5919679.5 ], [ 41104.80000000000291, 5919679.575000000186265 ], [ 41104.724999999998545, 5919679.575000000186265 ], [ 41104.724999999998545, 5919679.650000000372529 ], [ 41104.650000000001455, 5919679.650000000372529 ], [ 41104.650000000001455, 5919679.724999999627471 ], [ 41104.57499999999709, 5919679.724999999627471 ], [ 41104.57499999999709, 5919679.799999999813735 ], [ 41104.5, 5919679.799999999813735 ], [ 41104.5, 5919679.875 ], [ 41104.42500000000291, 5919679.875 ], [ 41104.42500000000291, 5919679.950000000186265 ], [ 41104.275000000001455, 5919679.950000000186265 ], [ 41104.275000000001455, 5919680.025000000372529 ], [ 41104.19999999999709, 5919680.025000000372529 ], [ 41104.19999999999709, 5919680.099999999627471 ], [ 41104.05000000000291, 5919680.099999999627471 ], [ 41104.05000000000291, 5919680.174999999813735 ], [ 41103.900000000001455, 5919680.174999999813735 ], [ 41103.900000000001455, 5919680.25 ], [ 41103.599999999998545, 5919680.25 ], [ 41103.599999999998545, 5919680.325000000186265 ], [ 41103.375, 5919680.325000000186265 ], [ 41103.375, 5919680.400000000372529 ], [ 41103.07499999999709, 5919680.400000000372529 ], [ 41103.07499999999709, 5919680.474999999627471 ], [ 41102.775000000001455, 5919680.474999999627471 ], [ 41102.775000000001455, 5919680.549999999813735 ], [ 41102.400000000001455, 5919680.549999999813735 ], [ 41102.400000000001455, 5919680.625 ], [ 41102.025000000001455, 5919680.625 ], [ 41102.025000000001455, 5919680.700000000186265 ], [ 41101.57499999999709, 5919680.700000000186265 ], [ 41101.57499999999709, 5919680.775000000372529 ], [ 41101.125, 5919680.775000000372529 ], [ 41101.125, 5919680.849999999627471 ], [ 41100.67500000000291, 5919680.849999999627471 ], [ 41100.67500000000291, 5919680.924999999813735 ], [ 41100.30000000000291, 5919680.924999999813735 ], [ 41100.30000000000291, 5919681.0 ], [ 41099.92500000000291, 5919681.0 ], [ 41099.92500000000291, 5919681.075000000186265 ], [ 41099.69999999999709, 5919681.075000000186265 ], [ 41099.69999999999709, 5919681.150000000372529 ], [ 41099.400000000001455, 5919681.150000000372529 ], [ 41099.400000000001455, 5919681.224999999627471 ], [ 41099.17500000000291, 5919681.224999999627471 ], [ 41099.17500000000291, 5919681.299999999813735 ], [ 41098.94999999999709, 5919681.299999999813735 ], [ 41098.94999999999709, 5919681.375 ], [ 41098.724999999998545, 5919681.375 ], [ 41098.724999999998545, 5919681.450000000186265 ], [ 41098.57499999999709, 5919681.450000000186265 ], [ 41098.57499999999709, 5919681.525000000372529 ], [ 41098.349999999998545, 5919681.525000000372529 ], [ 41098.349999999998545, 5919681.599999999627471 ], [ 41098.19999999999709, 5919681.599999999627471 ], [ 41098.19999999999709, 5919681.674999999813735 ], [ 41097.974999999998545, 5919681.674999999813735 ], [ 41097.974999999998545, 5919681.75 ], [ 41097.75, 5919681.75 ], [ 41097.75, 5919681.825000000186265 ], [ 41097.525000000001455, 5919681.825000000186265 ], [ 41097.525000000001455, 5919681.900000000372529 ], [ 41097.30000000000291, 5919681.900000000372529 ], [ 41097.30000000000291, 5919681.974999999627471 ], [ 41097.0, 5919681.974999999627471 ], [ 41097.0, 5919682.049999999813735 ], [ 41096.775000000001455, 5919682.049999999813735 ], [ 41096.775000000001455, 5919682.125 ], [ 41096.474999999998545, 5919682.125 ], [ 41096.474999999998545, 5919682.200000000186265 ], [ 41096.17500000000291, 5919682.200000000186265 ], [ 41096.17500000000291, 5919682.275000000372529 ], [ 41095.875, 5919682.275000000372529 ], [ 41095.875, 5919682.349999999627471 ], [ 41095.57499999999709, 5919682.349999999627471 ], [ 41095.57499999999709, 5919682.424999999813735 ], [ 41095.275000000001455, 5919682.424999999813735 ], [ 41095.275000000001455, 5919682.5 ], [ 41094.974999999998545, 5919682.5 ], [ 41094.974999999998545, 5919682.575000000186265 ], [ 41094.75, 5919682.575000000186265 ], [ 41094.75, 5919682.650000000372529 ], [ 41094.44999999999709, 5919682.650000000372529 ], [ 41094.44999999999709, 5919682.724999999627471 ], [ 41094.224999999998545, 5919682.724999999627471 ], [ 41094.224999999998545, 5919682.799999999813735 ], [ 41094.0, 5919682.799999999813735 ], [ 41094.0, 5919682.875 ], [ 41093.849999999998545, 5919682.875 ], [ 41093.849999999998545, 5919682.950000000186265 ], [ 41093.69999999999709, 5919682.950000000186265 ], [ 41093.69999999999709, 5919683.025000000372529 ], [ 41093.55000000000291, 5919683.025000000372529 ], [ 41093.55000000000291, 5919683.099999999627471 ], [ 41093.400000000001455, 5919683.099999999627471 ], [ 41093.400000000001455, 5919683.174999999813735 ], [ 41093.25, 5919683.174999999813735 ], [ 41093.25, 5919683.25 ], [ 41093.099999999998545, 5919683.25 ], [ 41093.099999999998545, 5919683.325000000186265 ], [ 41093.025000000001455, 5919683.325000000186265 ], [ 41093.025000000001455, 5919683.400000000372529 ], [ 41092.94999999999709, 5919683.400000000372529 ], [ 41092.94999999999709, 5919683.474999999627471 ], [ 41092.80000000000291, 5919683.474999999627471 ], [ 41092.80000000000291, 5919683.549999999813735 ], [ 41092.724999999998545, 5919683.549999999813735 ], [ 41092.724999999998545, 5919683.625 ], [ 41092.57499999999709, 5919683.625 ], [ 41092.57499999999709, 5919683.700000000186265 ], [ 41092.5, 5919683.700000000186265 ], [ 41092.5, 5919683.775000000372529 ], [ 41092.349999999998545, 5919683.775000000372529 ], [ 41092.349999999998545, 5919683.849999999627471 ], [ 41092.19999999999709, 5919683.849999999627471 ], [ 41092.19999999999709, 5919683.924999999813735 ], [ 41092.05000000000291, 5919683.924999999813735 ], [ 41092.05000000000291, 5919684.0 ], [ 41091.900000000001455, 5919684.0 ], [ 41091.900000000001455, 5919684.075000000186265 ], [ 41091.67500000000291, 5919684.075000000186265 ], [ 41091.67500000000291, 5919684.150000000372529 ], [ 41091.525000000001455, 5919684.150000000372529 ], [ 41091.525000000001455, 5919684.224999999627471 ], [ 41091.375, 5919684.224999999627471 ], [ 41091.375, 5919684.299999999813735 ], [ 41091.150000000001455, 5919684.299999999813735 ], [ 41091.150000000001455, 5919684.375 ], [ 41091.0, 5919684.375 ], [ 41091.0, 5919684.450000000186265 ], [ 41090.775000000001455, 5919684.450000000186265 ], [ 41090.775000000001455, 5919684.525000000372529 ], [ 41090.625, 5919684.525000000372529 ], [ 41090.625, 5919684.599999999627471 ], [ 41090.400000000001455, 5919684.599999999627471 ], [ 41090.400000000001455, 5919684.674999999813735 ], [ 41090.25, 5919684.674999999813735 ], [ 41090.25, 5919684.75 ], [ 41090.099999999998545, 5919684.75 ], [ 41090.099999999998545, 5919684.825000000186265 ], [ 41089.94999999999709, 5919684.825000000186265 ], [ 41089.94999999999709, 5919684.900000000372529 ], [ 41089.80000000000291, 5919684.900000000372529 ], [ 41089.80000000000291, 5919684.974999999627471 ], [ 41089.724999999998545, 5919684.974999999627471 ], [ 41089.724999999998545, 5919685.049999999813735 ], [ 41089.57499999999709, 5919685.049999999813735 ], [ 41089.57499999999709, 5919685.125 ], [ 41089.5, 5919685.125 ], [ 41089.5, 5919685.200000000186265 ], [ 41089.349999999998545, 5919685.200000000186265 ], [ 41089.349999999998545, 5919685.275000000372529 ], [ 41089.275000000001455, 5919685.275000000372529 ], [ 41089.275000000001455, 5919685.349999999627471 ], [ 41089.19999999999709, 5919685.349999999627471 ], [ 41089.19999999999709, 5919685.424999999813735 ], [ 41089.125, 5919685.424999999813735 ], [ 41089.125, 5919685.5 ], [ 41088.974999999998545, 5919685.5 ], [ 41088.974999999998545, 5919685.575000000186265 ], [ 41088.900000000001455, 5919685.575000000186265 ], [ 41088.900000000001455, 5919685.650000000372529 ], [ 41088.75, 5919685.650000000372529 ], [ 41088.75, 5919685.724999999627471 ], [ 41088.67500000000291, 5919685.724999999627471 ], [ 41088.67500000000291, 5919685.799999999813735 ], [ 41088.525000000001455, 5919685.799999999813735 ], [ 41088.525000000001455, 5919685.875 ], [ 41088.375, 5919685.875 ], [ 41088.375, 5919685.950000000186265 ], [ 41088.224999999998545, 5919685.950000000186265 ], [ 41088.224999999998545, 5919686.025000000372529 ], [ 41088.0, 5919686.025000000372529 ], [ 41088.0, 5919686.099999999627471 ], [ 41087.775000000001455, 5919686.099999999627471 ], [ 41087.775000000001455, 5919686.174999999813735 ], [ 41087.55000000000291, 5919686.174999999813735 ], [ 41087.55000000000291, 5919686.25 ], [ 41087.25, 5919686.25 ], [ 41087.25, 5919686.325000000186265 ], [ 41087.025000000001455, 5919686.325000000186265 ], [ 41087.025000000001455, 5919686.400000000372529 ], [ 41086.724999999998545, 5919686.400000000372529 ], [ 41086.724999999998545, 5919686.474999999627471 ], [ 41086.349999999998545, 5919686.474999999627471 ], [ 41086.349999999998545, 5919686.549999999813735 ], [ 41084.474999999998545, 5919686.549999999813735 ], [ 41084.474999999998545, 5919686.625 ], [ 41084.32499999999709, 5919686.625 ] ] ] } },
{ "type": "Feature", "properties": { "value": 1.0, "building_id": 10, "area": 9.1856250002508038 }, "geometry": { "type": "Polygon", "coordinates": [ [ [ 40750.125, 5919662.025000000372529 ], [ 40750.125, 5919661.950000000186265 ], [ 40749.900000000001455, 5919661.950000000186265 ], [ 40749.900000000001455, 5919661.875 ], [ 40749.67500000000291, 5919661.875 ], [ 40749.67500000000291, 5919661.799999999813735 ], [ 40749.44999999999709, 5919661.799999999813735 ], [ 40749.44999999999709, 5919661.724999999627471 ], [ 40749.224999999998545, 5919661.724999999627471 ], [ 40749.224999999998545, 5919661.650000000372529 ], [ 40749.0, 5919661.650000000372529 ], [ 40749.0, 5919661.575000000186265 ], [ 40748.775000000001455, 5919661.575000000186265 ], [ 40748.775000000001455, 5919661.5 ], [ 40748.474999999998545, 5919661.5 ], [ 40748.474999999998545, 5919661.424999999813735 ], [ 40748.400000000001455, 5919661.424999999813735 ], [ 40748.400000000001455, 5919661.349999999627471 ], [ 40748.32499999999709, 5919661.349999999627471 ], [ 40748.32499999999709, 5919661.200000000186265 ], [ 40748.25, 5919661.200000000186265 ], [ 40748.25, 5919661.049999999813735 ], [ 40748.17500000000291, 5919661.049999999813735 ], [ 40748.17500000000291, 5919660.974999999627471 ], [ 40748.099999999998545, 5919660.974999999627471 ], [ 40748.099999999998545, 5919660.825000000186265 ], [ 40748.025000000001455, 5919660.825000000186265 ], [ 40748.025000000001455, 5919660.674999999813735 ], [ 40747.94999999999709, 5919660.674999999813735 ], [ 40747.94999999999709, 5919660.525000000372529 ], [ 40747.875, 5919660.525000000372529 ], [ 40747.875, 5919660.375 ], [ 40747.80000000000291, 5919660.375 ], [ 40747.80000000000291, 5919660.150000000372529 ], [ 40747.724999999998545, 5919660.150000000372529 ], [ 40747.724999999998545, 5919659.924999999813735 ], [ 40747.80000000000291, 5919659.924999999813735 ], [ 40747.80000000000291, 5919659.775000000372529 ], [ 40747.875, 5919659.775000000372529 ], [ 40747.875, 5919659.625 ], [ 40747.94999999999709, 5919659.625 ], [ 40747.94999999999709, 5919659.474999999627471 ], [ 40748.025000000001455, 5919659.474999999627471 ], [ 40748.025000000001455, 5919659.325000000186265 ], [ 40748.099999999998545, 5919659.325000000186265 ], [ 40748.099999999998545, 5919659.174999999813735 ], [ 40748.17500000000291, 5919659.174999999813735 ], [ 40748.17500000000291, 5919659.099999999627471 ], [ 40748.25, 5919659.099999999627471 ], [ 40748.25, 5919659.025000000372529 ], [ 40748.32499999999709, 5919659.025000000372529 ], [ 40748.32499999999709, 5919658.875 ], [ 40748.400000000001455, 5919658.875 ], [ 40748.400000000001455, 5919658.799999999813735 ], [ 40749.0, 5919658.799999999813735 ], [ 40749.0, 5919658.724999999627471 ], [ 40749.67500000000291, 5919658.724999999627471 ], [ 40749.67500000000291, 5919658.650000000372529 ], [ 40750.5, 5919658.650000000372529 ], [ 40750.5, 5919658.724999999627471 ], [ 40750.57499999999709, 5919658.724999999627471 ], [ 40750.57499999999709, 5919658.799999999813735 ], [ 40750.650000000001455, 5919658.799999999813735 ], [ 40750.650000000001455, 5919658.875 ], [ 40750.80000000000291, 5919658.875 ], [ 40750.80000000000291, 5919658.950000000186265 ], [ 40750.875, 5919658.950000000186265 ], [ 40750.875, 5919659.025000000372529 ], [ 40750.94999999999709, 5919659.025000000372529 ], [ 40750.94999999999709, 5919659.174999999813735 ], [ 40751.025000000001455, 5919659.174999999813735 ], [ 40751.025000000001455, 5919659.25 ], [ 40751.099999999998545, 5919659.25 ], [ 40751.099999999998545, 5919659.325000000186265 ], [ 40751.17500000000291, 5919659.325000000186265 ], [ 40751.17500000000291, 5919659.474999999627471 ], [ 40751.25, 5919659.474999999627471 ], [ 40751.25, 5919659.549999999813735 ], [ 40751.32499999999709, 5919659.549999999813735 ], [ 40751.32499999999709, 5919659.700000000186265 ], [ 40751.400000000001455, 5919659.700000000186265 ], [ 40751.400000000001455, 5919659.849999999627471 ], [ 40751.474999999998545, 5919659.849999999627471 ], [ 40751.474999999998545, 5919660.224999999627471 ], [ 40751.400000000001455, 5919660.224999999627471 ], [ 40751.400000000001455, 5919660.375 ], [ 40751.32499999999709, 5919660.375 ], [ 40751.32499999999709, 5919660.525000000372529 ], [ 40751.25, 5919660.525000000372529 ], [ 40751.25, 5919660.674999999813735 ], [ 40751.17500000000291, 5919660.674999999813735 ], [ 40751.17500000000291, 5919660.825000000186265 ], [ 40751.099999999998545, 5919660.825000000186265 ], [ 40751.099999999998545, 5919660.974999999627471 ], [ 40751.025000000001455, 5919660.974999999627471 ], [ 40751.025000000001455, 5919661.125 ], [ 40750.94999999999709, 5919661.125 ], [ 40750.94999999999709, 5919661.275000000372529 ], [ 40750.875, 5919661.275000000372529 ], [ 40750.875, 5919661.349999999627471 ], [ 40750.80000000000291, 5919661.349999999627471 ], [ 40750.80000000000291, 5919661.5 ], [ 40750.724999999998545, 5919661.5 ], [ 40750.724999999998545, 5919661.650000000372529 ], [ 40750.650000000001455, 5919661.650000000372529 ], [ 40750.650000000001455, 5919661.724999999627471 ], [ 40750.57499999999709, 5919661.724999999627471 ], [ 40750.57499999999709, 5919661.875 ], [ 40750.5, 5919661.875 ], [ 40750.5, 5919661.950000000186265 ], [ 40750.42500000000291, 5919661.950000000186265 ], [ 40750.42500000000291, 5919662.025000000372529 ], [ 40750.125, 5919662.025000000372529 ] ] ] } },
{ "type": "Feature", "properties": { "value": 1.0, "building_id": 11, "area": 304.21124999974967 }, "geometry": { "type": "Polygon", "coordinates": [ [ [ 41256.0, 5919674.099999999627471 ], [ 41256.0, 5919674.025000000372529 ], [ 41255.474999999998545, 5919674.025000000372529 ], [ 41255.474999999998545, 5919673.950000000186265 ], [ 41254.94999999999709, 5919673.950000000186265 ], [ 41254.94999999999709, 5919673.875 ], [ 41254.42500000000291, 5919673.875 ], [ 41254.42500000000291, 5919673.799999999813735 ], [ 41253.900000000001455, 5919673.799999999813735 ], [ 41253.900000000001455, 5919673.724999999627471 ], [ 41253.07499999999709, 5919673.724999999627471 ], [ 41253.07499999999709, 5919673.650000000372529 ], [ 41252.025000000001455, 5919673.650000000372529 ], [ 41252.025000000001455, 5919673.575000000186265 ], [ 41250.75, 5919673.575000000186265 ], [ 41250.75, 5919673.5 ], [ 41250.0, 5919673.5 ], [ 41250.0, 5919673.424999999813735 ], [ 41249.474999999998545, 5919673.424999999813735 ], [ 41249.474999999998545, 5919673.349999999627471 ], [ 41248.875, 5919673.349999999627471 ], [ 41248.875, 5919673.275000000372529 ], [ 41248.349999999998545, 5919673.275000000372529 ], [ 41248.349999999998545, 5919673.200000000186265 ], [ 41248.05000000000291, 5919673.200000000186265 ], [ 41248.05000000000291, 5919673.125 ], [ 41247.75, 5919673.125 ], [ 41247.75, 5919673.049999999813735 ], [ 41247.44999999999709, 5919673.049999999813735 ], [ 41247.44999999999709, 5919672.974999999627471 ], [ 41247.150000000001455, 5919672.974999999627471 ], [ 41247.150000000001455, 5919672.900000000372529 ], [ 41246.849999999998545, 5919672.900000000372529 ], [ 41246.849999999998545, 5919672.825000000186265 ], [ 41246.625, 5919672.825000000186265 ], [ 41246.625, 5919672.75 ], [ 41246.400000000001455, 5919672.75 ], [ 41246.400000000001455, 5919672.674999999813735 ], [ 41246.25, 5919672.674999999813735 ], [ 41246.25, 5919672.599999999627471 ], [ 41246.099999999998545, 5919672.599999999627471 ], [ 41246.099999999998545, 5919672.525000000372529 ], [ 41245.94999999999709, 5919672.525000000372529 ], [ 41245.94999999999709, 5919672.450000000186265 ], [ 41245.80000000000291, 5919672.450000000186265 ], [ 41245.80000000000291, 5919672.375 ], [ 41245.650000000001455, 5919672.375 ], [ 41245.650000000001455, 5919672.299999999813735 ], [ 41245.57499999999709, 5919672.299999999813735 ], [ 41245.57499999999709, 5919672.224999999627471 ], [ 41245.42500000000291, 5919672.224999999627471 ], [ 41245.42500000000291, 5919672.150000000372529 ], [ 41245.349999999998545, 5919672.150000000372529 ], [ 41245.349999999998545, 5919672.075000000186265 ], [ 41245.275000000001455, 5919672.075000000186265 ], [ 41245.275000000001455, 5919672.0 ], [ 41245.125, 5919672.0 ], [ 41245.125, 5919671.924999999813735 ], [ 41245.05000000000291, 5919671.924999999813735 ], [ 41245.05000000000291, 5919671.849999999627471 ], [ 41244.974999999998545, 5919671.849999999627471 ], [ 41244.974999999998545, 5919671.775000000372529 ], [ 41244.900000000001455, 5919671.775000000372529 ], [ 41244.900000000001455, 5919671.700000000186265 ], [ 41244.75, 5919671.700000000186265 ], [ 41244.75, 5919671.625 ], [ 41244.67500000000291, 5919671.625 ], [ 41244.67500000000291, 5919671.549999999813735 ], [ 41244.525000000001455, 5919671.549999999813735 ], [ 41244.525000000001455, 5919671.474999999627471 ], [ 41244.375, 5919671.474999999627471 ], [ 41244.375, 5919671.400000000372529 ], [ 41244.224999999998545, 5919671.400000000372529 ], [ 41244.224999999998545, 5919671.325000000186265 ], [ 41244.07499999999709, 5919671.325000000186265 ], [ 41244.07499999999709, 5919671.25 ], [ 41243.92500000000291, 5919671.25 ], [ 41243.92500000000291, 5919671.174999999813735 ], [ 41243.775000000001455, 5919671.174999999813735 ], [ 41243.775000000001455, 5919671.099999999627471 ], [ 41243.625, 5919671.099999999627471 ], [ 41243.625, 5919671.025000000372529 ], [ 41243.474999999998545, 5919671.025000000372529 ], [ 41243.474999999998545, 5919670.950000000186265 ], [ 41243.32499999999709, 5919670.950000000186265 ], [ 41243.32499999999709, 5919670.875 ], [ 41243.17500000000291, 5919670.875 ], [ 41243.17500000000291, 5919670.799999999813735 ], [ 41243.025000000001455, 5919670.799999999813735 ], [ 41243.025000000001455, 5919670.724999999627471 ], [ 41242.875, 5919670.724999999627471 ], [ 41242.875, 5919670.650000000372529 ], [ 41242.724999999998545, 5919670.650000000372529 ], [ 41242.724999999998545, 5919670.575000000186265 ], [ 41242.57499999999709, 5919670.575000000186265 ], [ 41242.57499999999709, 5919670.5 ], [ 41242.42500000000291, 5919670.5 ], [ 41242.42500000000291, 5919670.424999999813735 ], [ 41242.349999999998545, 5919670.424999999813735 ], [ 41242.349999999998545, 5919670.349999999627471 ], [ 41242.275000000001455, 5919670.349999999627471 ], [ 41242.275000000001455, 5919670.275000000372529 ], [ 41242.19999999999709, 5919670.275000000372529 ], [ 41242.19999999999709, 5919670.200000000186265 ], [ 41242.125, 5919670.200000000186265 ], [ 41242.125, 5919670.125 ], [ 41242.05000000000291, 5919670.125 ], [ 41242.05000000000291, 5919670.049999999813735 ], [ 41241.974999999998545, 5919670.049999999813735 ], [ 41241.974999999998545, 5919669.974999999627471 ], [ 41241.900000000001455, 5919669.974999999627471 ], [ 41241.900000000001455, 5919669.900000000372529 ], [ 41241.82499999999709, 5919669.900000000372529 ], [ 41241.82499999999709, 5919669.75 ], [ 41241.75, 5919669.75 ], [ 41241.75, 5919669.674999999813735 ], [ 41241.67500000000291, 5919669.674999999813735 ], [ 41241.67500000000291, 5919669.525000000372529 ], [ 41241.599999999998545, 5919669.525000000372529 ], [ 41241.599999999998545, 5919669.375 ], [ 41241.525000000001455, 5919669.375 ], [ 41241.525000000001455, 5919669.224999999627471 ], [ 41241.44999999999709, 5919669.224999999627471 ], [ 41241.44999999999709, 5919669.150000000372529 ], [ 41241.375, 5919669.150000000372529 ], [ 41241.375, 5919669.0 ], [ 41241.30000000000291, 5919669.0 ], [ 41241.30000000000291, 5919668.924999999813735 ], [ 41241.224999999998545, 5919668.924999999813735 ], [ 41241.224999999998545, 5919668.775000000372529 ], [ 41241.150000000001455, 5919668.775000000372529 ], [ 41241.150000000001455, 5919668.625 ], [ 41241.07499999999709, 5919668.625 ], [ 41241.07499999999709, 5919668.549999999813735 ], [ 41241.0, 5919668.549999999813735 ], [ 41241.0, 5919668.474999999627471 ], [ 41240.92500000000291, 5919668.474999999627471 ], [ 41240.92500000000291, 5919668.325000000186265 ], [ 41240.849999999998545, 5919668.325000000186265 ], [ 41240.849999999998545, 5919668.25 ], [ 41240.775000000001455, 5919668.25 ], [ 41240.775000000001455, 5919668.099999999627471 ], [ 41240.69999999999709, 5919668.099999999627471 ], [ 41240.69999999999709, 5919668.025000000372529 ], [ 41240.625, 5919668.025000000372529 ], [ 41240.625, 5919667.950000000186265 ], [ 41240.55000000000291, 5919667.950000000186265 ], [ 41240.55000000000291, 5919667.875 ], [ 41240.474999999998545, 5919667.875 ], [ 41240.474999999998545, 5919667.724999999627471 ], [ 41240.400000000001455, 5919667.724999999627471 ], [ 41240.400000000001455, 5919667.575000000186265 ], [ 41240.32499999999709, 5919667.575000000186265 ], [ 41240.32499999999709, 5919667.424999999813735 ], [ 41240.25, 5919667.424999999813735 ], [ 41240.25, 5919667.275000000372529 ], [ 41240.17500000000291, 5919667.275000000372529 ], [ 41240.17500000000291, 5919667.125 ], [ 41240.099999999998545, 5919667.125 ], [ 41240.099999999998545, 5919666.974999999627471 ], [ 41240.025000000001455, 5919666.974999999627471 ], [ 41240.025000000001455, 5919666.825000000186265 ], [ 41239.94999999999709, 5919666.825000000186265 ], [ 41239.94999999999709, 5919666.599999999627471 ], [ 41239.875, 5919666.599999999627471 ], [ 41239.875, 5919666.375 ], [ 41239.80000000000291, 5919666.375 ], [ 41239.80000000000291, 5919666.224999999627471 ], [ 41239.724999999998545, 5919666.224999999627471 ], [ 41239.724999999998545, 5919666.0 ], [ 41239.650000000001455, 5919666.0 ], [ 41239.650000000001455, 5919665.700000000186265 ], [ 41239.57499999999709, 5919665.700000000186265 ], [ 41239.57499999999709, 5919665.474999999627471 ], [ 41239.5, 5919665.474999999627471 ], [ 41239.5, 5919665.174999999813735 ], [ 41239.42500000000291, 5919665.174999999813735 ], [ 41239.42500000000291, 5919664.875 ], [ 41239.349999999998545, 5919664.875 ], [ 41239.349999999998545, 5919664.575000000186265 ], [ 41239.275000000001455, 5919664.575000000186265 ], [ 41239.275000000001455, 5919664.275000000372529 ], [ 41239.19999999999709, 5919664.275000000372529 ], [ 41239.19999999999709, 5919663.974999999627471 ], [ 41239.125, 5919663.974999999627471 ], [ 41239.125, 5919663.75 ], [ 41239.05000000000291, 5919663.75 ], [ 41239.05000000000291, 5919663.525000000372529 ], [ 41238.974999999998545, 5919663.525000000372529 ], [ 41238.974999999998545, 5919663.299999999813735 ], [ 41238.900000000001455, 5919663.299999999813735 ], [ 41238.900000000001455, 5919663.075000000186265 ], [ 41238.82499999999709, 5919663.075000000186265 ], [ 41238.82499999999709, 5919662.849999999627471 ], [ 41238.75, 5919662.849999999627471 ], [ 41238.75, 5919662.700000000186265 ], [ 41238.67500000000291, 5919662.700000000186265 ], [ 41238.67500000000291, 5919662.474999999627471 ], [ 41238.599999999998545, 5919662.474999999627471 ], [ 41238.599999999998545, 5919662.400000000372529 ], [ 41238.525000000001455, 5919662.400000000372529 ], [ 41238.525000000001455, 5919662.325000000186265 ], [ 41238.44999999999709, 5919662.325000000186265 ], [ 41238.44999999999709, 5919662.174999999813735 ], [ 41238.375, 5919662.174999999813735 ], [ 41238.375, 5919662.099999999627471 ], [ 41238.30000000000291, 5919662.099999999627471 ], [ 41238.30000000000291, 5919661.799999999813735 ], [ 41238.375, 5919661.799999999813735 ], [ 41238.375, 5919661.5 ], [ 41238.44999999999709, 5919661.5 ], [ 41238.44999999999709, 5919661.200000000186265 ], [ 41238.525000000001455, 5919661.200000000186265 ], [ 41238.525000000001455, 5919660.974999999627471 ], [ 41238.599999999998545, 5919660.974999999627471 ], [ 41238.599999999998545, 5919660.75 ], [ 41238.67500000000291, 5919660.75 ], [ 41238.67500000000291, 5919660.375 ], [ 41238.75, 5919660.375 ], [ 41238.75, 5919660.0 ], [ 41238.82499999999709, 5919660.0 ], [ 41238.82499999999709, 5919659.849999999627471 ], [ 41238.900000000001455, 5919659.849999999627471 ], [ 41238.900000000001455, 5919659.700000000186265 ], [ 41238.974999999998545, 5919659.700000000186265 ], [ 41238.974999999998545, 5919659.549999999813735 ], [ 41239.05000000000291, 5919659.549999999813735 ], [ 41239.05000000000291, 5919659.474999999627471 ], [ 41239.125, 5919659.474999999627471 ], [ 41239.125, 5919659.325000000186265 ], [ 41239.19999999999709, 5919659.325000000186265 ], [ 41239.19999999999709, 5919659.25 ], [ 41239.275000000001455, 5919659.25 ], [ 41239.275000000001455, 5919659.174999999813735 ], [ 41239.349999999998545, 5919659.174999999813735 ], [ 41239.349999999998545, 5919659.099999999627471 ], [ 41239.42500000000291, 5919659.099999999627471 ], [ 41239.42500000000291, 5919659.025000000372529 ], [ 41239.5, 5919659.025000000372529 ], [ 41239.5, 5919658.950000000186265 ], [ 41239.57499999999709, 5919658.950000000186265 ], [ 41239.57499999999709, 5919658.875 ], [ 41239.650000000001455, 5919658.875 ], [ 41239.650000000001455, 5919658.799999999813735 ], [ 41239.724999999998545, 5919658.799999999813735 ], [ 41239.724999999998545, 5919658.724999999627471 ], [ 41239.80000000000291, 5919658.724999999627471 ], [ 41239.80000000000291, 5919658.650000000372529 ], [ 41239.94999999999709, 5919658.650000000372529 ], [ 41239.94999999999709, 5919658.575000000186265 ], [ 41240.025000000001455, 5919658.575000000186265 ], [ 41240.025000000001455, 5919658.5 ], [ 41240.17500000000291, 5919658.5 ], [ 41240.17500000000291, 5919658.424999999813735 ], [ 41240.32499999999709, 5919658.424999999813735 ], [ 41240.32499999999709, 5919658.349999999627471 ], [ 41240.474999999998545, 5919658.349999999627471 ], [ 41240.474999999998545, 5919658.275000000372529 ], [ 41240.625, 5919658.275000000372529 ], [ 41240.625, 5919658.200000000186265 ], [ 41240.775000000001455, 5919658.200000000186265 ], [ 41240.775000000001455, 5919658.125 ], [ 41240.849999999998545, 5919658.125 ], [ 41240.849999999998545, 5919658.049999999813735 ], [ 41240.92500000000291, 5919658.049999999813735 ], [ 41240.92500000000291, 5919657.974999999627471 ], [ 41241.0, 5919657.974999999627471 ], [ 41241.0, 5919657.900000000372529 ], [ 41241.07499999999709, 5919657.900000000372529 ], [ 41241.07499999999709, 5919657.825000000186265 ], [ 41241.150000000001455, 5919657.825000000186265 ], [ 41241.150000000001455, 5919657.75 ], [ 41241.224999999998545, 5919657.75 ], [ 41241.224999999998545, 5919657.674999999813735 ], [ 41241.30000000000291, 5919657.674999999813735 ], [ 41241.30000000000291, 5919657.599999999627471 ], [ 41241.44999999999709, 5919657.599999999627471 ], [ 41241.44999999999709, 5919657.525000000372529 ], [ 41241.525000000001455, 5919657.525000000372529 ], [ 41241.525000000001455, 5919657.450000000186265 ], [ 41241.67500000000291, 5919657.450000000186265 ], [ 41241.67500000000291, 5919657.375 ], [ 41241.75, 5919657.375 ], [ 41241.75, 5919657.299999999813735 ], [ 41241.900000000001455, 5919657.299999999813735 ], [ 41241.900000000001455, 5919657.224999999627471 ], [ 41242.05000000000291, 5919657.224999999627471 ], [ 41242.05000000000291, 5919657.150000000372529 ], [ 41242.19999999999709, 5919657.150000000372529 ], [ 41242.19999999999709, 5919657.075000000186265 ], [ 41242.42500000000291, 5919657.075000000186265 ], [ 41242.42500000000291, 5919657.0 ], [ 41242.650000000001455, 5919657.0 ], [ 41242.650000000001455, 5919656.924999999813735 ], [ 41242.94999999999709, 5919656.924999999813735 ], [ 41242.94999999999709, 5919656.849999999627471 ], [ 41243.25, 5919656.849999999627471 ], [ 41243.25, 5919656.775000000372529 ], [ 41243.625, 5919656.775000000372529 ], [ 41243.625, 5919656.700000000186265 ], [ 41244.0, 5919656.700000000186265 ], [ 41244.0, 5919656.625 ], [ 41244.375, 5919656.625 ], [ 41244.375, 5919656.549999999813735 ], [ 41244.82499999999709, 5919656.549999999813735 ], [ 41244.82499999999709, 5919656.474999999627471 ], [ 41245.19999999999709, 5919656.474999999627471 ], [ 41245.19999999999709, 5919656.400000000372529 ], [ 41245.650000000001455, 5919656.400000000372529 ], [ 41245.650000000001455, 5919656.325000000186265 ], [ 41246.025000000001455, 5919656.325000000186265 ], [ 41246.025000000001455, 5919656.25 ], [ 41246.400000000001455, 5919656.25 ], [ 41246.400000000001455, 5919656.174999999813735 ], [ 41246.69999999999709, 5919656.174999999813735 ], [ 41246.69999999999709, 5919656.099999999627471 ], [ 41246.849999999998545, 5919656.099999999627471 ], [ 41246.849999999998545, 5919656.025000000372529 ], [ 41247.07499999999709, 5919656.025000000372529 ], [ 41247.07499999999709, 5919655.950000000186265 ], [ 41247.224999999998545, 5919655.950000000186265 ], [ 41247.224999999998545, 5919655.875 ], [ 41247.44999999999709, 5919655.875 ], [ 41247.44999999999709, 5919655.799999999813735 ], [ 41247.67500000000291, 5919655.799999999813735 ], [ 41247.67500000000291, 5919655.724999999627471 ], [ 41247.900000000001455, 5919655.724999999627471 ], [ 41247.900000000001455, 5919655.650000000372529 ], [ 41248.125, 5919655.650000000372529 ], [ 41248.125, 5919655.575000000186265 ], [ 41248.349999999998545, 5919655.575000000186265 ], [ 41248.349999999998545, 5919655.5 ], [ 41248.57499999999709, 5919655.5 ], [ 41248.57499999999709, 5919655.575000000186265 ], [ 41249.55000000000291, 5919655.575000000186265 ], [ 41249.55000000000291, 5919655.650000000372529 ], [ 41250.375, 5919655.650000000372529 ], [ 41250.375, 5919655.724999999627471 ], [ 41250.525000000001455, 5919655.724999999627471 ], [ 41250.525000000001455, 5919655.799999999813735 ], [ 41250.67500000000291, 5919655.799999999813735 ], [ 41250.67500000000291, 5919655.875 ], [ 41250.82499999999709, 5919655.875 ], [ 41250.82499999999709, 5919655.950000000186265 ], [ 41250.974999999998545, 5919655.950000000186265 ], [ 41250.974999999998545, 5919656.025000000372529 ], [ 41251.125, 5919656.025000000372529 ], [ 41251.125, 5919656.099999999627471 ], [ 41251.19999999999709, 5919656.099999999627471 ], [ 41251.19999999999709, 5919656.174999999813735 ], [ 41251.42500000000291, 5919656.174999999813735 ], [ 41251.42500000000291, 5919656.25 ], [ 41251.57499999999709, 5919656.25 ], [ 41251.57499999999709, 5919656.325000000186265 ], [ 41251.80000000000291, 5919656.325000000186265 ], [ 41251.80000000000291, 5919656.400000000372529 ], [ 41251.94999999999709, 5919656.400000000372529 ], [ 41251.94999999999709, 5919656.474999999627471 ], [ 41252.17500000000291, 5919656.474999999627471 ], [ 41252.17500000000291, 5919656.549999999813735 ], [ 41252.400000000001455, 5919656.549999999813735 ], [ 41252.400000000001455, 5919656.625 ], [ 41252.55000000000291, 5919656.625 ], [ 41252.55000000000291, 5919656.700000000186265 ], [ 41252.69999999999709, 5919656.700000000186265 ], [ 41252.69999999999709, 5919656.775000000372529 ], [ 41252.849999999998545, 5919656.775000000372529 ], [ 41252.849999999998545, 5919656.849999999627471 ], [ 41253.0, 5919656.849999999627471 ], [ 41253.0, 5919656.924999999813735 ], [ 41253.07499999999709, 5919656.924999999813735 ], [ 41253.07499999999709, 5919657.0 ], [ 41253.224999999998545, 5919657.0 ], [ 41253.224999999998545, 5919657.075000000186265 ], [ 41253.30000000000291, 5919657.075000000186265 ], [ 41253.30000000000291, 5919657.150000000372529 ], [ 41253.375, 5919657.150000000372529 ], [ 41253.375, 5919657.224999999627471 ], [ 41253.44999999999709, 5919657.224999999627471 ], [ 41253.44999999999709, 5919657.299999999813735 ], [ 41253.525000000001455, 5919657.299999999813735 ], [ 41253.525000000001455, 5919657.375 ], [ 41253.599999999998545, 5919657.375 ], [ 41253.599999999998545, 5919657.450000000186265 ], [ 41253.67500000000291, 5919657.450000000186265 ], [ 41253.67500000000291, 5919657.525000000372529 ], [ 41253.75, 5919657.525000000372529 ], [ 41253.75, 5919657.599999999627471 ], [ 41253.82499999999709, 5919657.599999999627471 ], [ 41253.82499999999709, 5919657.75 ], [ 41253.900000000001455, 5919657.75 ], [ 41253.900000000001455, 5919657.825000000186265 ], [ 41253.974999999998545, 5919657.825000000186265 ], [ 41253.974999999998545, 5919657.974999999627471 ], [ 41254.05000000000291, 5919657.974999999627471 ], [ 41254.05000000000291, 5919658.125 ], [ 41254.125, 5919658.125 ], [ 41254.125, 5919658.200000000186265 ], [ 41254.19999999999709, 5919658.200000000186265 ], [ 41254.19999999999709, 5919658.275000000372529 ], [ 41254.275000000001455, 5919658.275000000372529 ], [ 41254.275000000001455, 5919658.349999999627471 ], [ 41254.349999999998545, 5919658.349999999627471 ], [ 41254.349999999998545, 5919658.424999999813735 ], [ 41254.42500000000291, 5919658.424999999813735 ], [ 41254.42500000000291, 5919658.5 ], [ 41254.5, 5919658.5 ], [ 41254.5, 5919658.575000000186265 ], [ 41254.57499999999709, 5919658.575000000186265 ], [ 41254.57499999999709, 5919658.650000000372529 ], [ 41254.650000000001455, 5919658.650000000372529 ], [ 41254.650000000001455, 5919658.724999999627471 ], [ 41254.724999999998545, 5919658.724999999627471 ], [ 41254.724999999998545, 5919658.799999999813735 ], [ 41254.80000000000291, 5919658.799999999813735 ], [ 41254.80000000000291, 5919658.950000000186265 ], [ 41254.875, 5919658.950000000186265 ], [ 41254.875, 5919659.025000000372529 ], [ 41254.94999999999709, 5919659.025000000372529 ], [ 41254.94999999999709, 5919659.174999999813735 ], [ 41255.025000000001455, 5919659.174999999813735 ], [ 41255.025000000001455, 5919659.325000000186265 ], [ 41255.099999999998545, 5919659.325000000186265 ], [ 41255.099999999998545, 5919659.474999999627471 ], [ 41255.17500000000291, 5919659.474999999627471 ], [ 41255.17500000000291, 5919659.625 ], [ 41255.25, 5919659.625 ], [ 41255.25, 5919659.849999999627471 ], [ 41255.32499999999709, 5919659.849999999627471 ], [ 41255.32499999999709, 5919660.0 ], [ 41255.400000000001455, 5919660.0 ], [ 41255.400000000001455, 5919660.299999999813735 ], [ 41255.474999999998545, 5919660.299999999813735 ], [ 41255.474999999998545, 5919660.525000000372529 ], [ 41255.55000000000291, 5919660.525000000372529 ], [ 41255.55000000000291, 5919660.674999999813735 ], [ 41255.625, 5919660.674999999813735 ], [ 41255.625, 5919660.900000000372529 ], [ 41255.69999999999709, 5919660.900000000372529 ], [ 41255.69999999999709, 5919661.125 ], [ 41255.775000000001455, 5919661.125 ], [ 41255.775000000001455, 5919661.275000000372529 ], [ 41255.849999999998545, 5919661.275000000372529 ], [ 41255.849999999998545, 5919661.5 ], [ 41255.92500000000291, 5919661.5 ], [ 41255.92500000000291, 5919661.650000000372529 ], [ 41256.0, 5919661.650000000372529 ], [ 41256.0, 5919661.875 ], [ 41256.07499999999709, 5919661.875 ], [ 41256.07499999999709, 5919662.025000000372529 ], [ 41256.150000000001455, 5919662.025000000372529 ], [ 41256.150000000001455, 5919662.099999999627471 ], [ 41256.224999999998545, 5919662.099999999627471 ], [ 41256.224999999998545, 5919662.174999999813735 ], [ 41256.30000000000291, 5919662.174999999813735 ], [ 41256.30000000000291, 5919662.25 ], [ 41256.375, 5919662.25 ], [ 41256.375, 5919662.325000000186265 ], [ 41256.44999999999709, 5919662.325000000186265 ], [ 41256.44999999999709, 5919662.400000000372529 ], [ 41256.525000000001455, 5919662.400000000372529 ], [ 41256.525000000001455, 5919662.474999999627471 ], [ 41256.599999999998545, 5919662.474999999627471 ], [ 41256.599999999998545, 5919662.549999999813735 ], [ 41256.67500000000291, 5919662.549999999813735 ], [ 41256.67500000000291, 5919662.625 ], [ 41256.75, 5919662.625 ], [ 41256.75, 5919662.700000000186265 ], [ 41256.82499999999709, 5919662.700000000186265 ], [ 41256.82499999999709, 5919662.775000000372529 ], [ 41256.900000000001455, 5919662.775000000372529 ], [ 41256.900000000001455, 5919662.849999999627471 ], [ 41256.974999999998545, 5919662.849999999627471 ], [ 41256.974999999998545, 5919662.924999999813735 ], [ 41257.05000000000291, 5919662.924999999813735 ], [ 41257.05000000000291, 5919663.0 ], [ 41257.125, 5919663.0 ], [ 41257.125, 5919663.075000000186265 ], [ 41257.19999999999709, 5919663.075000000186265 ], [ 41257.19999999999709, 5919663.150000000372529 ], [ 41257.275000000001455, 5919663.150000000372529 ], [ 41257.275000000001455, 5919663.224999999627471 ], [ 41257.349999999998545, 5919663.224999999627471 ], [ 41257.349999999998545, 5919663.299999999813735 ], [ 41257.42500000000291, 5919663.299999999813735 ], [ 41257.42500000000291, 5919663.375 ], [ 41257.5, 5919663.375 ], [ 41257.5, 5919663.450000000186265 ], [ 41257.57499999999709, 5919663.450000000186265 ], [ 41257.57499999999709, 5919663.599999999627471 ], [ 41257.650000000001455, 5919663.599999999627471 ], [ 41257.650000000001455, 5919663.674999999813735 ], [ 41257.724999999998545, 5919663.674999999813735 ], [ 41257.724999999998545, 5919663.75 ], [ 41257.80000000000291, 5919663.75 ], [ 41257.80000000000291, 5919663.825000000186265 ], [ 41257.875, 5919663.825000000186265 ], [ 41257.875, 5919663.974999999627471 ], [ 41257.94999999999709, 5919663.974999999627471 ], [ 41257.94999999999709, 5919664.049999999813735 ], [ 41258.025000000001455, 5919664.049999999813735 ], [ 41258.025000000001455, 5919664.125 ], [ 41258.099999999998545, 5919664.125 ], [ 41258.099999999998545, 5919664.200000000186265 ], [ 41258.17500000000291, 5919664.200000000186265 ], [ 41258.17500000000291, 5919664.275000000372529 ], [ 41258.400000000001455, 5919664.275000000372529 ], [ 41258.400000000001455, 5919664.349999999627471 ], [ 41258.55000000000291, 5919664.349999999627471 ], [ 41258.55000000000291, 5919664.424999999813735 ], [ 41258.69999999999709, 5919664.424999999813735 ], [ 41258.69999999999709, 5919664.5 ], [ 41258.849999999998545, 5919664.5 ], [ 41258.849999999998545, 5919664.575000000186265 ], [ 41259.0, 5919664.575000000186265 ], [ 41259.0, 5919664.650000000372529 ], [ 41259.150000000001455, 5919664.650000000372529 ], [ 41259.150000000001455, 5919664.724999999627471 ], [ 41259.224999999998545, 5919664.724999999627471 ], [ 41259.224999999998545, 5919664.799999999813735 ], [ 41259.375, 5919664.799999999813735 ], [ 41259.375, 5919664.875 ], [ 41259.44999999999709, 5919664.875 ], [ 41259.44999999999709, 5919664.950000000186265 ], [ 41259.599999999998545, 5919664.950000000186265 ], [ 41259.599999999998545, 5919665.025000000372529 ], [ 41259.67500000000291, 5919665.025000000372529 ], [ 41259.67500000000291, 5919665.099999999627471 ], [ 41259.75, 5919665.099999999627471 ], [ 41259.75, 5919665.174999999813735 ], [ 41259.82499999999709, 5919665.174999999813735 ], [ 41259.82499999999709, 5919665.25 ], [ 41259.900000000001455, 5919665.25 ], [ 41259.900000000001455, 5919665.325000000186265 ], [ 41259.974999999998545, 5919665.325000000186265 ], [ 41259.974999999998545, 5919665.400000000372529 ], [ 41260.05000000000291, 5919665.400000000372529 ], [ 41260.05000000000291, 5919665.474999999627471 ], [ 41260.125, 5919665.474999999627471 ], [ 41260.125, 5919665.549999999813735 ], [ 41260.275000000001455, 5919665.549999999813735 ], [ 41260.275000000001455, 5919665.625 ], [ 41260.42500000000291, 5919665.625 ], [ 41260.42500000000291, 5919665.700000000186265 ], [ 41260.5, 5919665.700000000186265 ], [ 41260.5, 5919665.775000000372529 ], [ 41260.650000000001455, 5919665.775000000372529 ], [ 41260.650000000001455, 5919665.849999999627471 ], [ 41260.724999999998545, 5919665.849999999627471 ], [ 41260.724999999998545, 5919665.924999999813735 ], [ 41260.875, 5919665.924999999813735 ], [ 41260.875, 5919666.0 ], [ 41260.94999999999709, 5919666.0 ], [ 41260.94999999999709, 5919666.075000000186265 ], [ 41261.099999999998545, 5919666.075000000186265 ], [ 41261.099999999998545, 5919666.150000000372529 ], [ 41261.25, 5919666.150000000372529 ], [ 41261.25, 5919666.224999999627471 ], [ 41261.32499999999709, 5919666.224999999627471 ], [ 41261.32499999999709, 5919666.299999999813735 ], [ 41261.474999999998545, 5919666.299999999813735 ], [ 41261.474999999998545, 5919666.375 ], [ 41261.55000000000291, 5919666.375 ], [ 41261.55000000000291, 5919666.450000000186265 ], [ 41261.69999999999709, 5919666.450000000186265 ], [ 41261.69999999999709, 5919666.525000000372529 ], [ 41261.775000000001455, 5919666.525000000372529 ], [ 41261.775000000001455, 5919666.599999999627471 ], [ 41261.849999999998545, 5919666.599999999627471 ], [ 41261.849999999998545, 5919666.674999999813735 ], [ 41261.92500000000291, 5919666.674999999813735 ], [ 41261.92500000000291, 5919667.275000000372529 ], [ 41262.0, 5919667.275000000372529 ], [ 41262.0, 5919670.650000000372529 ], [ 41261.92500000000291, 5919670.650000000372529 ], [ 41261.92500000000291, 5919671.099999999627471 ], [ 41261.849999999998545, 5919671.099999999627471 ], [ 41261.849999999998545, 5919671.174999999813735 ], [ 41261.775000000001455, 5919671.174999999813735 ], [ 41261.775000000001455, 5919671.25 ], [ 41261.69999999999709, 5919671.25 ], [ 41261.69999999999709, 5919671.325000000186265 ], [ 41261.625, 5919671.325000000186265 ], [ 41261.625, 5919671.400000000372529 ], [ 41261.474999999998545, 5919671.400000000372529 ], [ 41261.474999999998545, 5919671.474999999627471 ], [ 41261.400000000001455, 5919671.474999999627471 ], [ 41261.400000000001455, 5919671.549999999813735 ], [ 41261.25, 5919671.549999999813735 ], [ 41261.25, 5919671.625 ], [ 41261.17500000000291, 5919671.625 ], [ 41261.17500000000291, 5919671.700000000186265 ], [ 41261.025000000001455, 5919671.700000000186265 ], [ 41261.025000000001455, 5919671.775000000372529 ], [ 41260.94999999999709, 5919671.775000000372529 ], [ 41260.94999999999709, 5919671.849999999627471 ], [ 41260.80000000000291, 5919671.849999999627471 ], [ 41260.80000000000291, 5919671.924999999813735 ], [ 41260.724999999998545, 5919671.924999999813735 ], [ 41260.724999999998545, 5919672.0 ], [ 41260.650000000001455, 5919672.0 ], [ 41260.650000000001455, 5919672.075000000186265 ], [ 41260.57499999999709, 5919672.075000000186265 ], [ 41260.57499999999709, 5919672.150000000372529 ], [ 41260.5, 5919672.150000000372529 ], [ 41260.5, 5919672.224999999627471 ], [ 41260.349999999998545, 5919672.224999999627471 ], [ 41260.349999999998545, 5919672.299999999813735 ], [ 41260.275000000001455, 5919672.299999999813735 ], [ 41260.275000000001455, 5919672.375 ], [ 41260.125, 5919672.375 ], [ 41260.125, 5919672.450000000186265 ], [ 41260.05000000000291, 5919672.450000000186265 ], [ 41260.05000000000291, 5919672.525000000372529 ], [ 41259.974999999998545, 5919672.525000000372529 ], [ 41259.974999999998545, 5919672.599999999627471 ], [ 41259.900000000001455, 5919672.599999999627471 ], [ 41259.900000000001455, 5919672.674999999813735 ], [ 41259.82499999999709, 5919672.674999999813735 ], [ 41259.82499999999709, 5919672.75 ], [ 41259.75, 5919672.75 ], [ 41259.75, 5919672.825000000186265 ], [ 41259.599999999998545, 5919672.825000000186265 ], [ 41259.599999999998545, 5919672.900000000372529 ], [ 41259.525000000001455, 5919672.900000000372529 ], [ 41259.525000000001455, 5919672.974999999627471 ], [ 41259.44999999999709, 5919672.974999999627471 ], [ 41259.44999999999709, 5919673.049999999813735 ], [ 41259.30000000000291, 5919673.049999999813735 ], [ 41259.30000000000291, 5919673.125 ], [ 41259.150000000001455, 5919673.125 ], [ 41259.150000000001455, 5919673.200000000186265 ], [ 41259.0, 5919673.200000000186265 ], [ 41259.0, 5919673.275000000372529 ], [ 41258.849999999998545, 5919673.275000000372529 ], [ 41258.849999999998545, 5919673.349999999627471 ], [ 41258.69999999999709, 5919673.349999999627471 ], [ 41258.69999999999709, 5919673.424999999813735 ], [ 41258.55000000000291, 5919673.424999999813735 ], [ 41258.55000000000291, 5919673.5 ], [ 41258.32499999999709, 5919673.5 ], [ 41258.32499999999709, 5919673.575000000186265 ], [ 41258.099999999998545, 5919673.575000000186265 ], [ 41258.099999999998545, 5919673.650000000372529 ], [ 41257.80000000000291, 5919673.650000000372529 ], [ 41257.80000000000291, 5919673.724999999627471 ], [ 41257.5, 5919673.724999999627471 ], [ 41257.5, 5919673.799999999813735 ], [ 41257.19999999999709, 5919673.799999999813735 ], [ 41257.19999999999709, 5919673.875 ], [ 41256.974999999998545, 5919673.875 ], [ 41256.974999999998545, 5919673.950000000186265 ], [ 41256.67500000000291, 5919673.950000000186265 ], [ 41256.67500000000291, 5919674.025000000372529 ], [ 41256.375, 5919674.025000000372529 ], [ 41256.375, 5919674.099999999627471 ], [ 41256.0, 5919674.099999999627471 ] ] ] } },
{ "type": "Feature", "properties": { "value": 1.0, "building_id": 12, "area": 273.9543749991322 }, "geometry": { "type": "Polygon", "coordinates": [ [ [ 41209.57499999999709, 5919662.924999999813735 ], [ 41209.57499999999709, 5919662.849999999627471 ], [ 41209.05000000000291, 5919662.849999999627471 ], [ 41209.05000000000291, 5919662.775000000372529 ], [ 41208.67500000000291, 5919662.775000000372529 ], [ 41208.67500000000291, 5919662.700000000186265 ], [ 41208.375, 5919662.700000000186265 ], [ 41208.375, 5919662.625 ], [ 41208.07499999999709, 5919662.625 ], [ 41208.07499999999709, 5919662.549999999813735 ], [ 41207.69999999999709, 5919662.549999999813735 ], [ 41207.69999999999709, 5919662.474999999627471 ], [ 41207.400000000001455, 5919662.474999999627471 ], [ 41207.400000000001455, 5919662.400000000372529 ], [ 41207.25, 5919662.400000000372529 ], [ 41207.25, 5919662.325000000186265 ], [ 41207.025000000001455, 5919662.325000000186265 ], [ 41207.025000000001455, 5919662.25 ], [ 41206.80000000000291, 5919662.25 ], [ 41206.80000000000291, 5919662.174999999813735 ], [ 41206.650000000001455, 5919662.174999999813735 ], [ 41206.650000000001455, 5919662.099999999627471 ], [ 41206.5, 5919662.099999999627471 ], [ 41206.5, 5919662.025000000372529 ], [ 41206.349999999998545, 5919662.025000000372529 ], [ 41206.349999999998545, 5919661.950000000186265 ], [ 41206.19999999999709, 5919661.950000000186265 ], [ 41206.19999999999709, 5919661.875 ], [ 41206.05000000000291, 5919661.875 ], [ 41206.05000000000291, 5919661.799999999813735 ], [ 41205.900000000001455, 5919661.799999999813735 ], [ 41205.900000000001455, 5919661.724999999627471 ], [ 41205.67500000000291, 5919661.724999999627471 ], [ 41205.67500000000291, 5919661.650000000372529 ], [ 41205.525000000001455, 5919661.650000000372529 ], [ 41205.525000000001455, 5919661.575000000186265 ], [ 41205.224999999998545, 5919661.575000000186265 ], [ 41205.224999999998545, 5919661.5 ], [ 41205.0, 5919661.5 ], [ 41205.0, 5919661.424999999813735 ], [ 41204.69999999999709, 5919661.424999999813735 ], [ 41204.69999999999709, 5919661.349999999627471 ], [ 41204.400000000001455, 5919661.349999999627471 ], [ 41204.400000000001455, 5919661.275000000372529 ], [ 41204.099999999998545, 5919661.275000000372529 ], [ 41204.099999999998545, 5919661.200000000186265 ], [ 41203.724999999998545, 5919661.200000000186265 ], [ 41203.724999999998545, 5919661.125 ], [ 41203.275000000001455, 5919661.125 ], [ 41203.275000000001455, 5919661.049999999813735 ], [ 41202.82499999999709, 5919661.049999999813735 ], [ 41202.82499999999709, 5919660.974999999627471 ], [ 41202.30000000000291, 5919660.974999999627471 ], [ 41202.30000000000291, 5919660.900000000372529 ], [ 41201.849999999998545, 5919660.900000000372529 ], [ 41201.849999999998545, 5919660.825000000186265 ], [ 41201.474999999998545, 5919660.825000000186265 ], [ 41201.474999999998545, 5919660.75 ], [ 41201.25, 5919660.75 ], [ 41201.25, 5919660.674999999813735 ], [ 41201.025000000001455, 5919660.674999999813735 ], [ 41201.025000000001455, 5919660.599999999627471 ], [ 41200.875, 5919660.599999999627471 ], [ 41200.875, 5919660.525000000372529 ], [ 41200.724999999998545, 5919660.525000000372529 ], [ 41200.724999999998545, 5919660.450000000186265 ], [ 41200.57499999999709, 5919660.450000000186265 ], [ 41200.57499999999709, 5919660.375 ], [ 41200.42500000000291, 5919660.375 ], [ 41200.42500000000291, 5919660.299999999813735 ], [ 41200.275000000001455, 5919660.299999999813735 ], [ 41200.275000000001455, 5919660.224999999627471 ], [ 41200.125, 5919660.224999999627471 ], [ 41200.125, 5919660.150000000372529 ], [ 41200.05000000000291, 5919660.150000000372529 ], [ 41200.05000000000291, 5919660.075000000186265 ], [ 41199.900000000001455, 5919660.075000000186265 ], [ 41199.900000000001455, 5919659.924999999813735 ], [ 41199.82499999999709, 5919659.924999999813735 ], [ 41199.82499999999709, 5919659.849999999627471 ], [ 41199.67500000000291, 5919659.849999999627471 ], [ 41199.67500000000291, 5919659.775000000372529 ], [ 41199.599999999998545, 5919659.775000000372529 ], [ 41199.599999999998545, 5919659.700000000186265 ], [ 41199.525000000001455, 5919659.700000000186265 ], [ 41199.525000000001455, 5919659.549999999813735 ], [ 41199.44999999999709, 5919659.549999999813735 ], [ 41199.44999999999709, 5919659.474999999627471 ], [ 41199.375, 5919659.474999999627471 ], [ 41199.375, 5919659.400000000372529 ], [ 41199.30000000000291, 5919659.400000000372529 ], [ 41199.30000000000291, 5919659.325000000186265 ], [ 41199.224999999998545, 5919659.325000000186265 ], [ 41199.224999999998545, 5919659.174999999813735 ], [ 41199.150000000001455, 5919659.174999999813735 ], [ 41199.150000000001455, 5919659.099999999627471 ], [ 41199.07499999999709, 5919659.099999999627471 ], [ 41199.07499999999709, 5919658.950000000186265 ], [ 41199.0, 5919658.950000000186265 ], [ 41199.0, 5919658.799999999813735 ], [ 41198.92500000000291, 5919658.799999999813735 ], [ 41198.92500000000291, 5919658.724999999627471 ], [ 41198.849999999998545, 5919658.724999999627471 ], [ 41198.849999999998545, 5919658.575000000186265 ], [ 41198.775000000001455, 5919658.575000000186265 ], [ 41198.775000000001455, 5919658.424999999813735 ], [ 41198.69999999999709, 5919658.424999999813735 ], [ 41198.69999999999709, 5919658.275000000372529 ], [ 41198.625, 5919658.275000000372529 ], [ 41198.625, 5919658.049999999813735 ], [ 41198.55000000000291, 5919658.049999999813735 ], [ 41198.55000000000291, 5919657.825000000186265 ], [ 41198.474999999998545, 5919657.825000000186265 ], [ 41198.474999999998545, 5919657.599999999627471 ], [ 41198.400000000001455, 5919657.599999999627471 ], [ 41198.400000000001455, 5919657.375 ], [ 41198.32499999999709, 5919657.375 ], [ 41198.32499999999709, 5919657.150000000372529 ], [ 41198.25, 5919657.150000000372529 ], [ 41198.25, 5919656.849999999627471 ], [ 41198.17500000000291, 5919656.849999999627471 ], [ 41198.17500000000291, 5919656.625 ], [ 41198.099999999998545, 5919656.625 ], [ 41198.099999999998545, 5919656.400000000372529 ], [ 41198.025000000001455, 5919656.400000000372529 ], [ 41198.025000000001455, 5919656.174999999813735 ], [ 41197.94999999999709, 5919656.174999999813735 ], [ 41197.94999999999709, 5919655.950000000186265 ], [ 41197.875, 5919655.950000000186265 ], [ 41197.875, 5919655.724999999627471 ], [ 41197.80000000000291, 5919655.724999999627471 ], [ 41197.80000000000291, 5919655.5 ], [ 41197.724999999998545, 5919655.5 ], [ 41197.724999999998545, 5919655.275000000372529 ], [ 41197.650000000001455, 5919655.275000000372529 ], [ 41197.650000000001455, 5919655.125 ], [ 41197.57499999999709, 5919655.125 ], [ 41197.57499999999709, 5919654.900000000372529 ], [ 41197.5, 5919654.900000000372529 ], [ 41197.5, 5919654.674999999813735 ], [ 41197.42500000000291, 5919654.674999999813735 ], [ 41197.42500000000291, 5919654.450000000186265 ], [ 41197.349999999998545, 5919654.450000000186265 ], [ 41197.349999999998545, 5919654.224999999627471 ], [ 41197.275000000001455, 5919654.224999999627471 ], [ 41197.275000000001455, 5919654.150000000372529 ], [ 41197.349999999998545, 5919654.150000000372529 ], [ 41197.349999999998545, 5919654.0 ], [ 41197.42500000000291, 5919654.0 ], [ 41197.42500000000291, 5919653.849999999627471 ], [ 41197.5, 5919653.849999999627471 ], [ 41197.5, 5919653.700000000186265 ], [ 41197.57499999999709, 5919653.700000000186265 ], [ 41197.57499999999709, 5919653.549999999813735 ], [ 41197.650000000001455, 5919653.549999999813735 ], [ 41197.650000000001455, 5919653.474999999627471 ], [ 41197.724999999998545, 5919653.474999999627471 ], [ 41197.724999999998545, 5919653.325000000186265 ], [ 41197.80000000000291, 5919653.325000000186265 ], [ 41197.80000000000291, 5919653.099999999627471 ], [ 41197.875, 5919653.099999999627471 ], [ 41197.875, 5919652.950000000186265 ], [ 41197.94999999999709, 5919652.950000000186265 ], [ 41197.94999999999709, 5919652.799999999813735 ], [ 41198.025000000001455, 5919652.799999999813735 ], [ 41198.025000000001455, 5919652.575000000186265 ], [ 41198.099999999998545, 5919652.575000000186265 ], [ 41198.099999999998545, 5919652.349999999627471 ], [ 41198.17500000000291, 5919652.349999999627471 ], [ 41198.17500000000291, 5919652.200000000186265 ], [ 41198.25, 5919652.200000000186265 ], [ 41198.25, 5919652.049999999813735 ], [ 41198.32499999999709, 5919652.049999999813735 ], [ 41198.32499999999709, 5919651.974999999627471 ], [ 41198.400000000001455, 5919651.974999999627471 ], [ 41198.400000000001455, 5919651.825000000186265 ], [ 41198.474999999998545, 5919651.825000000186265 ], [ 41198.474999999998545, 5919651.75 ], [ 41198.55000000000291, 5919651.75 ], [ 41198.55000000000291, 5919651.674999999813735 ], [ 41198.625, 5919651.674999999813735 ], [ 41198.625, 5919651.525000000372529 ], [ 41198.69999999999709, 5919651.525000000372529 ], [ 41198.69999999999709, 5919651.450000000186265 ], [ 41198.775000000001455, 5919651.450000000186265 ], [ 41198.775000000001455, 5919651.375 ], [ 41198.849999999998545, 5919651.375 ], [ 41198.849999999998545, 5919651.299999999813735 ], [ 41198.92500000000291, 5919651.299999999813735 ], [ 41198.92500000000291, 5919651.224999999627471 ], [ 41199.0, 5919651.224999999627471 ], [ 41199.0, 5919651.150000000372529 ], [ 41199.07499999999709, 5919651.150000000372529 ], [ 41199.07499999999709, 5919651.075000000186265 ], [ 41199.224999999998545, 5919651.075000000186265 ], [ 41199.224999999998545, 5919651.0 ], [ 41199.30000000000291, 5919651.0 ], [ 41199.30000000000291, 5919650.924999999813735 ], [ 41199.375, 5919650.924999999813735 ], [ 41199.375, 5919650.849999999627471 ], [ 41199.525000000001455, 5919650.849999999627471 ], [ 41199.525000000001455, 5919650.775000000372529 ], [ 41199.599999999998545, 5919650.775000000372529 ], [ 41199.599999999998545, 5919650.700000000186265 ], [ 41199.67500000000291, 5919650.700000000186265 ], [ 41199.67500000000291, 5919650.625 ], [ 41199.75, 5919650.625 ], [ 41199.75, 5919650.549999999813735 ], [ 41199.900000000001455, 5919650.549999999813735 ], [ 41199.900000000001455, 5919650.474999999627471 ], [ 41199.974999999998545, 5919650.474999999627471 ], [ 41199.974999999998545, 5919650.400000000372529 ], [ 41200.05000000000291, 5919650.400000000372529 ], [ 41200.05000000000291, 5919650.25 ], [ 41200.125, 5919650.25 ], [ 41200.125, 5919650.174999999813735 ], [ 41200.19999999999709, 5919650.174999999813735 ], [ 41200.19999999999709, 5919650.099999999627471 ], [ 41200.275000000001455, 5919650.099999999627471 ], [ 41200.275000000001455, 5919650.025000000372529 ], [ 41200.349999999998545, 5919650.025000000372529 ], [ 41200.349999999998545, 5919649.950000000186265 ], [ 41200.42500000000291, 5919649.950000000186265 ], [ 41200.42500000000291, 5919649.875 ], [ 41200.5, 5919649.875 ], [ 41200.5, 5919649.799999999813735 ], [ 41200.57499999999709, 5919649.799999999813735 ], [ 41200.57499999999709, 5919649.724999999627471 ], [ 41200.650000000001455, 5919649.724999999627471 ], [ 41200.650000000001455, 5919649.650000000372529 ], [ 41200.80000000000291, 5919649.650000000372529 ], [ 41200.80000000000291, 5919649.575000000186265 ], [ 41200.875, 5919649.575000000186265 ], [ 41200.875, 5919649.5 ], [ 41200.94999999999709, 5919649.5 ], [ 41200.94999999999709, 5919649.424999999813735 ], [ 41201.099999999998545, 5919649.424999999813735 ], [ 41201.099999999998545, 5919649.349999999627471 ], [ 41201.25, 5919649.349999999627471 ], [ 41201.25, 5919649.275000000372529 ], [ 41201.400000000001455, 5919649.275000000372529 ], [ 41201.400000000001455, 5919649.200000000186265 ], [ 41201.55000000000291, 5919649.200000000186265 ], [ 41201.55000000000291, 5919649.125 ], [ 41201.69999999999709, 5919649.125 ], [ 41201.69999999999709, 5919649.049999999813735 ], [ 41201.849999999998545, 5919649.049999999813735 ], [ 41201.849999999998545, 5919648.974999999627471 ], [ 41202.0, 5919648.974999999627471 ], [ 41202.0, 5919648.900000000372529 ], [ 41202.150000000001455, 5919648.900000000372529 ], [ 41202.150000000001455, 5919648.825000000186265 ], [ 41202.30000000000291, 5919648.825000000186265 ], [ 41202.30000000000291, 5919648.75 ], [ 41202.375, 5919648.75 ], [ 41202.375, 5919648.674999999813735 ], [ 41202.525000000001455, 5919648.674999999813735 ], [ 41202.525000000001455, 5919648.599999999627471 ], [ 41202.599999999998545, 5919648.599999999627471 ], [ 41202.599999999998545, 5919648.525000000372529 ], [ 41202.75, 5919648.525000000372529 ], [ 41202.75, 5919648.450000000186265 ], [ 41202.82499999999709, 5919648.450000000186265 ], [ 41202.82499999999709, 5919648.375 ], [ 41202.900000000001455, 5919648.375 ], [ 41202.900000000001455, 5919648.299999999813735 ], [ 41202.974999999998545, 5919648.299999999813735 ], [ 41202.974999999998545, 5919648.224999999627471 ], [ 41203.125, 5919648.224999999627471 ], [ 41203.125, 5919648.150000000372529 ], [ 41203.19999999999709, 5919648.150000000372529 ], [ 41203.19999999999709, 5919648.075000000186265 ], [ 41203.275000000001455, 5919648.075000000186265 ], [ 41203.275000000001455, 5919648.0 ], [ 41203.42500000000291, 5919648.0 ], [ 41203.42500000000291, 5919647.924999999813735 ], [ 41203.57499999999709, 5919647.924999999813735 ], [ 41203.57499999999709, 5919647.849999999627471 ], [ 41203.875, 5919647.849999999627471 ], [ 41203.875, 5919647.775000000372529 ], [ 41204.17500000000291, 5919647.775000000372529 ], [ 41204.17500000000291, 5919647.700000000186265 ], [ 41204.55000000000291, 5919647.700000000186265 ], [ 41204.55000000000291, 5919647.625 ], [ 41204.849999999998545, 5919647.625 ], [ 41204.849999999998545, 5919647.549999999813735 ], [ 41205.224999999998545, 5919647.549999999813735 ], [ 41205.224999999998545, 5919647.474999999627471 ], [ 41205.67500000000291, 5919647.474999999627471 ], [ 41205.67500000000291, 5919647.400000000372529 ], [ 41206.125, 5919647.400000000372529 ], [ 41206.125, 5919647.325000000186265 ], [ 41206.57499999999709, 5919647.325000000186265 ], [ 41206.57499999999709, 5919647.25 ], [ 41207.025000000001455, 5919647.25 ], [ 41207.025000000001455, 5919647.174999999813735 ], [ 41207.400000000001455, 5919647.174999999813735 ], [ 41207.400000000001455, 5919647.099999999627471 ], [ 41207.69999999999709, 5919647.099999999627471 ], [ 41207.69999999999709, 5919647.025000000372529 ], [ 41207.92500000000291, 5919647.025000000372529 ], [ 41207.92500000000291, 5919646.950000000186265 ], [ 41208.150000000001455, 5919646.950000000186265 ], [ 41208.150000000001455, 5919646.875 ], [ 41208.375, 5919646.875 ], [ 41208.375, 5919646.799999999813735 ], [ 41208.525000000001455, 5919646.799999999813735 ], [ 41208.525000000001455, 5919646.724999999627471 ], [ 41208.75, 5919646.724999999627471 ], [ 41208.75, 5919646.650000000372529 ], [ 41208.900000000001455, 5919646.650000000372529 ], [ 41208.900000000001455, 5919646.575000000186265 ], [ 41209.05000000000291, 5919646.575000000186265 ], [ 41209.05000000000291, 5919646.5 ], [ 41209.19999999999709, 5919646.5 ], [ 41209.19999999999709, 5919646.424999999813735 ], [ 41209.275000000001455, 5919646.424999999813735 ], [ 41209.275000000001455, 5919646.349999999627471 ], [ 41210.025000000001455, 5919646.349999999627471 ], [ 41210.025000000001455, 5919646.275000000372529 ], [ 41211.224999999998545, 5919646.275000000372529 ], [ 41211.224999999998545, 5919646.200000000186265 ], [ 41211.30000000000291, 5919646.200000000186265 ], [ 41211.30000000000291, 5919646.275000000372529 ], [ 41211.525000000001455, 5919646.275000000372529 ], [ 41211.525000000001455, 5919646.349999999627471 ], [ 41211.67500000000291, 5919646.349999999627471 ], [ 41211.67500000000291, 5919646.424999999813735 ], [ 41211.82499999999709, 5919646.424999999813735 ], [ 41211.82499999999709, 5919646.5 ], [ 41211.974999999998545, 5919646.5 ], [ 41211.974999999998545, 5919646.575000000186265 ], [ 41212.125, 5919646.575000000186265 ], [ 41212.125, 5919646.650000000372529 ], [ 41212.349999999998545, 5919646.650000000372529 ], [ 41212.349999999998545, 5919646.724999999627471 ], [ 41212.5, 5919646.724999999627471 ], [ 41212.5, 5919646.799999999813735 ], [ 41212.724999999998545, 5919646.799999999813735 ], [ 41212.724999999998545, 5919646.875 ], [ 41212.94999999999709, 5919646.875 ], [ 41212.94999999999709, 5919646.950000000186265 ], [ 41213.17500000000291, 5919646.950000000186265 ], [ 41213.17500000000291, 5919647.025000000372529 ], [ 41213.400000000001455, 5919647.025000000372529 ], [ 41213.400000000001455, 5919647.099999999627471 ], [ 41213.625, 5919647.099999999627471 ], [ 41213.625, 5919647.174999999813735 ], [ 41213.849999999998545, 5919647.174999999813735 ], [ 41213.849999999998545, 5919647.25 ], [ 41214.07499999999709, 5919647.25 ], [ 41214.07499999999709, 5919647.325000000186265 ], [ 41214.30000000000291, 5919647.325000000186265 ], [ 41214.30000000000291, 5919647.400000000372529 ], [ 41214.525000000001455, 5919647.400000000372529 ], [ 41214.525000000001455, 5919647.474999999627471 ], [ 41214.75, 5919647.474999999627471 ], [ 41214.75, 5919647.549999999813735 ], [ 41214.900000000001455, 5919647.549999999813735 ], [ 41214.900000000001455, 5919647.625 ], [ 41215.125, 5919647.625 ], [ 41215.125, 5919647.700000000186265 ], [ 41215.275000000001455, 5919647.700000000186265 ], [ 41215.275000000001455, 5919647.775000000372529 ], [ 41215.349999999998545, 5919647.775000000372529 ], [ 41215.349999999998545, 5919647.849999999627471 ], [ 41215.5, 5919647.849999999627471 ], [ 41215.5, 5919647.924999999813735 ], [ 41215.57499999999709, 5919647.924999999813735 ], [ 41215.57499999999709, 5919648.0 ], [ 41215.724999999998545, 5919648.0 ], [ 41215.724999999998545, 5919648.075000000186265 ], [ 41215.80000000000291, 5919648.075000000186265 ], [ 41215.80000000000291, 5919648.150000000372529 ], [ 41215.875, 5919648.150000000372529 ], [ 41215.875, 5919648.224999999627471 ], [ 41215.94999999999709, 5919648.224999999627471 ], [ 41215.94999999999709, 5919648.299999999813735 ], [ 41216.025000000001455, 5919648.299999999813735 ], [ 41216.025000000001455, 5919648.375 ], [ 41216.099999999998545, 5919648.375 ], [ 41216.099999999998545, 5919648.450000000186265 ], [ 41216.17500000000291, 5919648.450000000186265 ], [ 41216.17500000000291, 5919648.525000000372529 ], [ 41216.25, 5919648.525000000372529 ], [ 41216.25, 5919648.599999999627471 ], [ 41216.32499999999709, 5919648.599999999627471 ], [ 41216.32499999999709, 5919648.674999999813735 ], [ 41216.400000000001455, 5919648.674999999813735 ], [ 41216.400000000001455, 5919648.75 ], [ 41216.474999999998545, 5919648.75 ], [ 41216.474999999998545, 5919648.825000000186265 ], [ 41216.625, 5919648.825000000186265 ], [ 41216.625, 5919648.900000000372529 ], [ 41216.69999999999709, 5919648.900000000372529 ], [ 41216.69999999999709, 5919648.974999999627471 ], [ 41216.775000000001455, 5919648.974999999627471 ], [ 41216.775000000001455, 5919649.049999999813735 ], [ 41216.849999999998545, 5919649.049999999813735 ], [ 41216.849999999998545, 5919649.125 ], [ 41216.92500000000291, 5919649.125 ], [ 41216.92500000000291, 5919649.200000000186265 ], [ 41217.0, 5919649.200000000186265 ], [ 41217.0, 5919649.275000000372529 ], [ 41217.150000000001455, 5919649.275000000372529 ], [ 41217.150000000001455, 5919649.349999999627471 ], [ 41217.224999999998545, 5919649.349999999627471 ], [ 41217.224999999998545, 5919649.424999999813735 ], [ 41217.375, 5919649.424999999813735 ], [ 41217.375, 5919649.5 ], [ 41217.44999999999709, 5919649.5 ], [ 41217.44999999999709, 5919649.575000000186265 ], [ 41217.525000000001455, 5919649.575000000186265 ], [ 41217.525000000001455, 5919649.650000000372529 ], [ 41217.599999999998545, 5919649.650000000372529 ], [ 41217.599999999998545, 5919649.724999999627471 ], [ 41217.75, 5919649.724999999627471 ], [ 41217.75, 5919649.799999999813735 ], [ 41217.82499999999709, 5919649.799999999813735 ], [ 41217.82499999999709, 5919649.875 ], [ 41217.900000000001455, 5919649.875 ], [ 41217.900000000001455, 5919649.950000000186265 ], [ 41217.974999999998545, 5919649.950000000186265 ], [ 41217.974999999998545, 5919650.025000000372529 ], [ 41218.05000000000291, 5919650.025000000372529 ], [ 41218.05000000000291, 5919650.099999999627471 ], [ 41218.125, 5919650.099999999627471 ], [ 41218.125, 5919650.25 ], [ 41218.19999999999709, 5919650.25 ], [ 41218.19999999999709, 5919650.325000000186265 ], [ 41218.275000000001455, 5919650.325000000186265 ], [ 41218.275000000001455, 5919650.400000000372529 ], [ 41218.349999999998545, 5919650.400000000372529 ], [ 41218.349999999998545, 5919650.474999999627471 ], [ 41218.42500000000291, 5919650.474999999627471 ], [ 41218.42500000000291, 5919650.625 ], [ 41218.5, 5919650.625 ], [ 41218.5, 5919650.700000000186265 ], [ 41218.57499999999709, 5919650.700000000186265 ], [ 41218.57499999999709, 5919650.775000000372529 ], [ 41218.650000000001455, 5919650.775000000372529 ], [ 41218.650000000001455, 5919650.849999999627471 ], [ 41218.724999999998545, 5919650.849999999627471 ], [ 41218.724999999998545, 5919650.924999999813735 ], [ 41218.80000000000291, 5919650.924999999813735 ], [ 41218.80000000000291, 5919651.0 ], [ 41218.875, 5919651.0 ], [ 41218.875, 5919651.075000000186265 ], [ 41218.94999999999709, 5919651.075000000186265 ], [ 41218.94999999999709, 5919651.150000000372529 ], [ 41219.025000000001455, 5919651.150000000372529 ], [ 41219.025000000001455, 5919651.224999999627471 ], [ 41219.099999999998545, 5919651.224999999627471 ], [ 41219.099999999998545, 5919651.299999999813735 ], [ 41219.25, 5919651.299999999813735 ], [ 41219.25, 5919651.375 ], [ 41219.400000000001455, 5919651.375 ], [ 41219.400000000001455, 5919651.450000000186265 ], [ 41219.55000000000291, 5919651.450000000186265 ], [ 41219.55000000000291, 5919651.525000000372529 ], [ 41219.625, 5919651.525000000372529 ], [ 41219.625, 5919651.599999999627471 ], [ 41219.775000000001455, 5919651.599999999627471 ], [ 41219.775000000001455, 5919651.674999999813735 ], [ 41219.92500000000291, 5919651.674999999813735 ], [ 41219.92500000000291, 5919651.75 ], [ 41220.0, 5919651.75 ], [ 41220.0, 5919651.825000000186265 ], [ 41220.07499999999709, 5919651.825000000186265 ], [ 41220.07499999999709, 5919651.900000000372529 ], [ 41220.224999999998545, 5919651.900000000372529 ], [ 41220.224999999998545, 5919651.974999999627471 ], [ 41220.30000000000291, 5919651.974999999627471 ], [ 41220.30000000000291, 5919652.049999999813735 ], [ 41220.375, 5919652.049999999813735 ], [ 41220.375, 5919652.125 ], [ 41220.525000000001455, 5919652.125 ], [ 41220.525000000001455, 5919652.200000000186265 ], [ 41220.599999999998545, 5919652.200000000186265 ], [ 41220.599999999998545, 5919652.5 ], [ 41220.67500000000291, 5919652.5 ], [ 41220.67500000000291, 5919652.950000000186265 ], [ 41220.75, 5919652.950000000186265 ], [ 41220.75, 5919653.325000000186265 ], [ 41220.82499999999709, 5919653.325000000186265 ], [ 41220.82499999999709, 5919653.700000000186265 ], [ 41220.900000000001455, 5919653.700000000186265 ], [ 41220.900000000001455, 5919654.150000000372529 ], [ 41220.974999999998545, 5919654.150000000372529 ], [ 41220.974999999998545, 5919654.224999999627471 ], [ 41220.900000000001455, 5919654.224999999627471 ], [ 41220.900000000001455, 5919654.299999999813735 ], [ 41220.82499999999709, 5919654.299999999813735 ], [ 41220.82499999999709, 5919654.375 ], [ 41220.75, 5919654.375 ], [ 41220.75, 5919654.450000000186265 ], [ 41220.67500000000291, 5919654.450000000186265 ], [ 41220.67500000000291, 5919654.525000000372529 ], [ 41220.599999999998545, 5919654.525000000372529 ], [ 41220.599999999998545, 5919654.599999999627471 ], [ 41220.525000000001455, 5919654.599999999627471 ], [ 41220.525000000001455, 5919654.674999999813735 ], [ 41220.44999999999709, 5919654.674999999813735 ], [ 41220.44999999999709, 5919654.75 ], [ 41220.375, 5919654.75 ], [ 41220.375, 5919654.825000000186265 ], [ 41220.30000000000291, 5919654.825000000186265 ], [ 41220.30000000000291, 5919654.900000000372529 ], [ 41220.224999999998545, 5919654.900000000372529 ], [ 41220.224999999998545, 5919654.974999999627471 ], [ 41220.07499999999709, 5919654.974999999627471 ], [ 41220.07499999999709, 5919655.049999999813735 ], [ 41220.0, 5919655.049999999813735 ], [ 41220.0, 5919655.125 ], [ 41219.92500000000291, 5919655.125 ], [ 41219.92500000000291, 5919655.200000000186265 ], [ 41219.775000000001455, 5919655.200000000186265 ], [ 41219.775000000001455, 5919655.275000000372529 ], [ 41219.69999999999709, 5919655.275000000372529 ], [ 41219.69999999999709, 5919655.349999999627471 ], [ 41219.55000000000291, 5919655.349999999627471 ], [ 41219.55000000000291, 5919655.424999999813735 ], [ 41219.400000000001455, 5919655.424999999813735 ], [ 41219.400000000001455, 5919655.5 ], [ 41219.25, 5919655.5 ], [ 41219.25, 5919655.575000000186265 ], [ 41219.17500000000291, 5919655.575000000186265 ], [ 41219.17500000000291, 5919655.650000000372529 ], [ 41219.099999999998545, 5919655.650000000372529 ], [ 41219.099999999998545, 5919655.724999999627471 ], [ 41219.025000000001455, 5919655.724999999627471 ], [ 41219.025000000001455, 5919655.799999999813735 ], [ 41218.94999999999709, 5919655.799999999813735 ], [ 41218.94999999999709, 5919655.875 ], [ 41218.875, 5919655.875 ], [ 41218.875, 5919656.025000000372529 ], [ 41218.80000000000291, 5919656.025000000372529 ], [ 41218.80000000000291, 5919656.099999999627471 ], [ 41218.724999999998545, 5919656.099999999627471 ], [ 41218.724999999998545, 5919656.25 ], [ 41218.650000000001455, 5919656.25 ], [ 41218.650000000001455, 5919656.400000000372529 ], [ 41218.57499999999709, 5919656.400000000372529 ], [ 41218.57499999999709, 5919656.549999999813735 ], [ 41218.5, 5919656.549999999813735 ], [ 41218.5, 5919656.700000000186265 ], [ 41218.42500000000291, 5919656.700000000186265 ], [ 41218.42500000000291, 5919656.775000000372529 ], [ 41218.349999999998545, 5919656.775000000372529 ], [ 41218.349999999998545, 5919656.924999999813735 ], [ 41218.275000000001455, 5919656.924999999813735 ], [ 41218.275000000001455, 5919657.0 ], [ 41218.19999999999709, 5919657.0 ], [ 41218.19999999999709, 5919657.075000000186265 ], [ 41218.125, 5919657.075000000186265 ], [ 41218.125, 5919657.224999999627471 ], [ 41218.05000000000291, 5919657.224999999627471 ], [ 41218.05000000000291, 5919657.299999999813735 ], [ 41217.974999999998545, 5919657.299999999813735 ], [ 41217.974999999998545, 5919657.375 ], [ 41217.900000000001455, 5919657.375 ], [ 41217.900000000001455, 5919657.450000000186265 ], [ 41217.82499999999709, 5919657.450000000186265 ], [ 41217.82499999999709, 5919657.525000000372529 ], [ 41217.75, 5919657.525000000372529 ], [ 41217.75, 5919657.599999999627471 ], [ 41217.67500000000291, 5919657.599999999627471 ], [ 41217.67500000000291, 5919657.674999999813735 ], [ 41217.599999999998545, 5919657.674999999813735 ], [ 41217.599999999998545, 5919657.75 ], [ 41217.44999999999709, 5919657.75 ], [ 41217.44999999999709, 5919657.825000000186265 ], [ 41217.375, 5919657.825000000186265 ], [ 41217.375, 5919657.900000000372529 ], [ 41217.30000000000291, 5919657.900000000372529 ], [ 41217.30000000000291, 5919657.974999999627471 ], [ 41217.150000000001455, 5919657.974999999627471 ], [ 41217.150000000001455, 5919658.049999999813735 ], [ 41217.07499999999709, 5919658.049999999813735 ], [ 41217.07499999999709, 5919658.200000000186265 ], [ 41217.0, 5919658.200000000186265 ], [ 41217.0, 5919658.349999999627471 ], [ 41216.92500000000291, 5919658.349999999627471 ], [ 41216.92500000000291, 5919658.5 ], [ 41216.849999999998545, 5919658.5 ], [ 41216.849999999998545, 5919658.650000000372529 ], [ 41216.775000000001455, 5919658.650000000372529 ], [ 41216.775000000001455, 5919658.799999999813735 ], [ 41216.69999999999709, 5919658.799999999813735 ], [ 41216.69999999999709, 5919658.875 ], [ 41216.625, 5919658.875 ], [ 41216.625, 5919659.025000000372529 ], [ 41216.55000000000291, 5919659.025000000372529 ], [ 41216.55000000000291, 5919659.099999999627471 ], [ 41216.474999999998545, 5919659.099999999627471 ], [ 41216.474999999998545, 5919659.25 ], [ 41216.400000000001455, 5919659.25 ], [ 41216.400000000001455, 5919659.325000000186265 ], [ 41216.32499999999709, 5919659.325000000186265 ], [ 41216.32499999999709, 5919659.474999999627471 ], [ 41216.25, 5919659.474999999627471 ], [ 41216.25, 5919659.549999999813735 ], [ 41216.17500000000291, 5919659.549999999813735 ], [ 41216.17500000000291, 5919659.625 ], [ 41216.099999999998545, 5919659.625 ], [ 41216.099999999998545, 5919659.700000000186265 ], [ 41216.025000000001455, 5919659.700000000186265 ], [ 41216.025000000001455, 5919659.775000000372529 ], [ 41215.94999999999709, 5919659.775000000372529 ], [ 41215.94999999999709, 5919659.849999999627471 ], [ 41215.875, 5919659.849999999627471 ], [ 41215.875, 5919659.924999999813735 ], [ 41215.80000000000291, 5919659.924999999813735 ], [ 41215.80000000000291, 5919660.0 ], [ 41215.724999999998545, 5919660.0 ], [ 41215.724999999998545, 5919660.075000000186265 ], [ 41215.650000000001455, 5919660.075000000186265 ], [ 41215.650000000001455, 5919660.224999999627471 ], [ 41215.57499999999709, 5919660.224999999627471 ], [ 41215.57499999999709, 5919660.299999999813735 ], [ 41215.5, 5919660.299999999813735 ], [ 41215.5, 5919660.375 ], [ 41215.349999999998545, 5919660.375 ], [ 41215.349999999998545, 5919660.450000000186265 ], [ 41215.275000000001455, 5919660.450000000186265 ], [ 41215.275000000001455, 5919660.525000000372529 ], [ 41215.19999999999709, 5919660.525000000372529 ], [ 41215.19999999999709, 5919660.599999999627471 ], [ 41215.125, 5919660.599999999627471 ], [ 41215.125, 5919660.674999999813735 ], [ 41215.05000000000291, 5919660.674999999813735 ], [ 41215.05000000000291, 5919660.75 ], [ 41214.974999999998545, 5919660.75 ], [ 41214.974999999998545, 5919660.825000000186265 ], [ 41214.900000000001455, 5919660.825000000186265 ], [ 41214.900000000001455, 5919660.900000000372529 ], [ 41214.75, 5919660.900000000372529 ], [ 41214.75, 5919660.974999999627471 ], [ 41214.67500000000291, 5919660.974999999627471 ], [ 41214.67500000000291, 5919661.049999999813735 ], [ 41214.599999999998545, 5919661.049999999813735 ], [ 41214.599999999998545, 5919661.125 ], [ 41214.525000000001455, 5919661.125 ], [ 41214.525000000001455, 5919661.200000000186265 ], [ 41214.375, 5919661.200000000186265 ], [ 41214.375, 5919661.275000000372529 ], [ 41214.30000000000291, 5919661.275000000372529 ], [ 41214.30000000000291, 5919661.349999999627471 ], [ 41214.224999999998545, 5919661.349999999627471 ], [ 41214.224999999998545, 5919661.424999999813735 ], [ 41214.07499999999709, 5919661.424999999813735 ], [ 41214.07499999999709, 5919661.5 ], [ 41214.0, 5919661.5 ], [ 41214.0, 5919661.575000000186265 ], [ 41213.849999999998545, 5919661.575000000186265 ], [ 41213.849999999998545, 5919661.650000000372529 ], [ 41213.69999999999709, 5919661.650000000372529 ], [ 41213.69999999999709, 5919661.724999999627471 ], [ 41213.625, 5919661.724999999627471 ], [ 41213.625, 5919661.799999999813735 ], [ 41213.474999999998545, 5919661.799999999813735 ], [ 41213.474999999998545, 5919661.875 ], [ 41213.32499999999709, 5919661.875 ], [ 41213.32499999999709, 5919661.950000000186265 ], [ 41213.17500000000291, 5919661.950000000186265 ], [ 41213.17500000000291, 5919662.025000000372529 ], [ 41213.099999999998545, 5919662.025000000372529 ], [ 41213.099999999998545, 5919662.099999999627471 ], [ 41213.025000000001455, 5919662.099999999627471 ], [ 41213.025000000001455, 5919662.174999999813735 ], [ 41212.94999999999709, 5919662.174999999813735 ], [ 41212.94999999999709, 5919662.25 ], [ 41212.80000000000291, 5919662.25 ], [ 41212.80000000000291, 5919662.325000000186265 ], [ 41212.724999999998545, 5919662.325000000186265 ], [ 41212.724999999998545, 5919662.400000000372529 ], [ 41212.57499999999709, 5919662.400000000372529 ], [ 41212.57499999999709, 5919662.474999999627471 ], [ 41212.42500000000291, 5919662.474999999627471 ], [ 41212.42500000000291, 5919662.549999999813735 ], [ 41212.275000000001455, 5919662.549999999813735 ], [ 41212.275000000001455, 5919662.625 ], [ 41212.125, 5919662.625 ], [ 41212.125, 5919662.700000000186265 ], [ 41211.900000000001455, 5919662.700000000186265 ], [ 41211.900000000001455, 5919662.775000000372529 ], [ 41211.75, 5919662.775000000372529 ], [ 41211.75, 5919662.849999999627471 ], [ 41211.525000000001455, 5919662.849999999627471 ], [ 41211.525000000001455, 5919662.924999999813735 ], [ 41209.57499999999709, 5919662.924999999813735 ] ] ] } },
{ "type": "Feature", "properties": { "value": 1.0, "building_id": 13, "area": 65.851875000096285 }, "geometry": { "type": "Polygon", "coordinates": [ [ [ 41289.375, 5919628.724999999627471 ], [ 41289.375, 5919628.650000000372529 ], [ 41289.07499999999709, 5919628.650000000372529 ], [ 41289.07499999999709, 5919628.575000000186265 ], [ 41288.775000000001455, 5919628.575000000186265 ], [ 41288.775000000001455, 5919628.5 ], [ 41288.474999999998545, 5919628.5 ], [ 41288.474999999998545, 5919628.424999999813735 ], [ 41288.25, 5919628.424999999813735 ], [ 41288.25, 5919628.349999999627471 ], [ 41287.94999999999709, 5919628.349999999627471 ], [ 41287.94999999999709, 5919628.275000000372529 ], [ 41287.650000000001455, 5919628.275000000372529 ], [ 41287.650000000001455, 5919628.200000000186265 ], [ 41287.42500000000291, 5919628.200000000186265 ], [ 41287.42500000000291, 5919628.125 ], [ 41287.349999999998545, 5919628.125 ], [ 41287.349999999998545, 5919628.049999999813735 ], [ 41287.275000000001455, 5919628.049999999813735 ], [ 41287.275000000001455, 5919627.900000000372529 ], [ 41287.19999999999709, 5919627.900000000372529 ], [ 41287.19999999999709, 5919627.825000000186265 ], [ 41287.125, 5919627.825000000186265 ], [ 41287.125, 5919627.75 ], [ 41287.05000000000291, 5919627.75 ], [ 41287.05000000000291, 5919627.674999999813735 ], [ 41286.974999999998545, 5919627.674999999813735 ], [ 41286.974999999998545, 5919627.599999999627471 ], [ 41286.900000000001455, 5919627.599999999627471 ], [ 41286.900000000001455, 5919627.450000000186265 ], [ 41286.82499999999709, 5919627.450000000186265 ], [ 41286.82499999999709, 5919627.375 ], [ 41286.75, 5919627.375 ], [ 41286.75, 5919627.299999999813735 ], [ 41286.67500000000291, 5919627.299999999813735 ], [ 41286.67500000000291, 5919627.150000000372529 ], [ 41286.599999999998545, 5919627.150000000372529 ], [ 41286.599999999998545, 5919627.075000000186265 ], [ 41286.525000000001455, 5919627.075000000186265 ], [ 41286.525000000001455, 5919626.924999999813735 ], [ 41286.44999999999709, 5919626.924999999813735 ], [ 41286.44999999999709, 5919626.775000000372529 ], [ 41286.375, 5919626.775000000372529 ], [ 41286.375, 5919626.625 ], [ 41286.30000000000291, 5919626.625 ], [ 41286.30000000000291, 5919626.549999999813735 ], [ 41286.224999999998545, 5919626.549999999813735 ], [ 41286.224999999998545, 5919626.400000000372529 ], [ 41286.150000000001455, 5919626.400000000372529 ], [ 41286.150000000001455, 5919626.25 ], [ 41286.07499999999709, 5919626.25 ], [ 41286.07499999999709, 5919626.099999999627471 ], [ 41286.0, 5919626.099999999627471 ], [ 41286.0, 5919626.025000000372529 ], [ 41285.92500000000291, 5919626.025000000372529 ], [ 41285.92500000000291, 5919625.875 ], [ 41285.849999999998545, 5919625.875 ], [ 41285.849999999998545, 5919625.724999999627471 ], [ 41285.775000000001455, 5919625.724999999627471 ], [ 41285.775000000001455, 5919625.575000000186265 ], [ 41285.69999999999709, 5919625.575000000186265 ], [ 41285.69999999999709, 5919625.5 ], [ 41285.625, 5919625.5 ], [ 41285.625, 5919625.349999999627471 ], [ 41285.55000000000291, 5919625.349999999627471 ], [ 41285.55000000000291, 5919625.200000000186265 ], [ 41285.474999999998545, 5919625.200000000186265 ], [ 41285.474999999998545, 5919625.125 ], [ 41285.400000000001455, 5919625.125 ], [ 41285.400000000001455, 5919624.974999999627471 ], [ 41285.32499999999709, 5919624.974999999627471 ], [ 41285.32499999999709, 5919624.900000000372529 ], [ 41285.25, 5919624.900000000372529 ], [ 41285.25, 5919624.825000000186265 ], [ 41285.17500000000291, 5919624.825000000186265 ], [ 41285.17500000000291, 5919624.674999999813735 ], [ 41285.099999999998545, 5919624.674999999813735 ], [ 41285.099999999998545, 5919624.599999999627471 ], [ 41285.025000000001455, 5919624.599999999627471 ], [ 41285.025000000001455, 5919624.450000000186265 ], [ 41284.94999999999709, 5919624.450000000186265 ], [ 41284.94999999999709, 5919624.299999999813735 ], [ 41284.875, 5919624.299999999813735 ], [ 41284.875, 5919624.224999999627471 ], [ 41284.80000000000291, 5919624.224999999627471 ], [ 41284.80000000000291, 5919624.075000000186265 ], [ 41284.724999999998545, 5919624.075000000186265 ], [ 41284.724999999998545, 5919623.924999999813735 ], [ 41284.650000000001455, 5919623.924999999813735 ], [ 41284.650000000001455, 5919623.775000000372529 ], [ 41284.57499999999709, 5919623.775000000372529 ], [ 41284.57499999999709, 5919623.625 ], [ 41284.5, 5919623.625 ], [ 41284.5, 5919623.474999999627471 ], [ 41284.42500000000291, 5919623.474999999627471 ], [ 41284.42500000000291, 5919623.25 ], [ 41284.349999999998545, 5919623.25 ], [ 41284.349999999998545, 5919623.099999999627471 ], [ 41284.275000000001455, 5919623.099999999627471 ], [ 41284.275000000001455, 5919622.650000000372529 ], [ 41284.349999999998545, 5919622.650000000372529 ], [ 41284.349999999998545, 5919622.349999999627471 ], [ 41284.42500000000291, 5919622.349999999627471 ], [ 41284.42500000000291, 5919622.049999999813735 ], [ 41284.5, 5919622.049999999813735 ], [ 41284.5, 5919621.75 ], [ 41284.57499999999709, 5919621.75 ], [ 41284.57499999999709, 5919621.525000000372529 ], [ 41284.650000000001455, 5919621.525000000372529 ], [ 41284.650000000001455, 5919621.224999999627471 ], [ 41284.724999999998545, 5919621.224999999627471 ], [ 41284.724999999998545, 5919621.0 ], [ 41284.80000000000291, 5919621.0 ], [ 41284.80000000000291, 5919620.924999999813735 ], [ 41284.875, 5919620.924999999813735 ], [ 41284.875, 5919620.849999999627471 ], [ 41284.94999999999709, 5919620.849999999627471 ], [ 41284.94999999999709, 5919620.775000000372529 ], [ 41285.025000000001455, 5919620.775000000372529 ], [ 41285.025000000001455, 5919620.700000000186265 ], [ 41285.099999999998545, 5919620.700000000186265 ], [ 41285.099999999998545, 5919620.625 ], [ 41285.17500000000291, 5919620.625 ], [ 41285.17500000000291, 5919620.549999999813735 ], [ 41285.25, 5919620.549999999813735 ], [ 41285.25, 5919620.474999999627471 ], [ 41285.400000000001455, 5919620.474999999627471 ], [ 41285.400000000001455, 5919620.400000000372529 ], [ 41285.474999999998545, 5919620.400000000372529 ], [ 41285.474999999998545, 5919620.325000000186265 ], [ 41285.55000000000291, 5919620.325000000186265 ], [ 41285.55000000000291, 5919620.25 ], [ 41285.69999999999709, 5919620.25 ], [ 41285.69999999999709, 5919620.174999999813735 ], [ 41285.775000000001455, 5919620.174999999813735 ], [ 41285.775000000001455, 5919620.099999999627471 ], [ 41285.92500000000291, 5919620.099999999627471 ], [ 41285.92500000000291, 5919620.025000000372529 ], [ 41286.0, 5919620.025000000372529 ], [ 41286.0, 5919619.950000000186265 ], [ 41286.150000000001455, 5919619.950000000186265 ], [ 41286.150000000001455, 5919619.875 ], [ 41286.30000000000291, 5919619.875 ], [ 41286.30000000000291, 5919619.799999999813735 ], [ 41286.375, 5919619.799999999813735 ], [ 41286.375, 5919619.724999999627471 ], [ 41286.525000000001455, 5919619.724999999627471 ], [ 41286.525000000001455, 5919619.650000000372529 ], [ 41286.67500000000291, 5919619.650000000372529 ], [ 41286.67500000000291, 5919619.575000000186265 ], [ 41286.82499999999709, 5919619.575000000186265 ], [ 41286.82499999999709, 5919619.5 ], [ 41286.974999999998545, 5919619.5 ], [ 41286.974999999998545, 5919619.424999999813735 ], [ 41287.125, 5919619.424999999813735 ], [ 41287.125, 5919619.349999999627471 ], [ 41287.349999999998545, 5919619.349999999627471 ], [ 41287.349999999998545, 5919619.275000000372529 ], [ 41287.57499999999709, 5919619.275000000372529 ], [ 41287.57499999999709, 5919619.200000000186265 ], [ 41288.32499999999709, 5919619.200000000186265 ], [ 41288.32499999999709, 5919619.125 ], [ 41289.0, 5919619.125 ], [ 41289.0, 5919619.049999999813735 ], [ 41289.599999999998545, 5919619.049999999813735 ], [ 41289.599999999998545, 5919619.125 ], [ 41289.82499999999709, 5919619.125 ], [ 41289.82499999999709, 5919619.200000000186265 ], [ 41290.05000000000291, 5919619.200000000186265 ], [ 41290.05000000000291, 5919619.275000000372529 ], [ 41290.275000000001455, 5919619.275000000372529 ], [ 41290.275000000001455, 5919619.349999999627471 ], [ 41290.57499999999709, 5919619.349999999627471 ], [ 41290.57499999999709, 5919619.424999999813735 ], [ 41290.80000000000291, 5919619.424999999813735 ], [ 41290.80000000000291, 5919619.5 ], [ 41291.025000000001455, 5919619.5 ], [ 41291.025000000001455, 5919619.575000000186265 ], [ 41291.25, 5919619.575000000186265 ], [ 41291.25, 5919619.650000000372529 ], [ 41291.474999999998545, 5919619.650000000372529 ], [ 41291.474999999998545, 5919619.724999999627471 ], [ 41291.625, 5919619.724999999627471 ], [ 41291.625, 5919619.799999999813735 ], [ 41291.849999999998545, 5919619.799999999813735 ], [ 41291.849999999998545, 5919619.875 ], [ 41292.0, 5919619.875 ], [ 41292.0, 5919619.950000000186265 ], [ 41292.150000000001455, 5919619.950000000186265 ], [ 41292.150000000001455, 5919620.025000000372529 ], [ 41292.30000000000291, 5919620.025000000372529 ], [ 41292.30000000000291, 5919620.099999999627471 ], [ 41292.44999999999709, 5919620.099999999627471 ], [ 41292.44999999999709, 5919620.174999999813735 ], [ 41292.525000000001455, 5919620.174999999813735 ], [ 41292.525000000001455, 5919620.25 ], [ 41292.67500000000291, 5919620.25 ], [ 41292.67500000000291, 5919620.325000000186265 ], [ 41292.82499999999709, 5919620.325000000186265 ], [ 41292.82499999999709, 5919620.400000000372529 ], [ 41292.900000000001455, 5919620.400000000372529 ], [ 41292.900000000001455, 5919620.474999999627471 ], [ 41292.974999999998545, 5919620.474999999627471 ], [ 41292.974999999998545, 5919620.549999999813735 ], [ 41293.125, 5919620.549999999813735 ], [ 41293.125, 5919620.625 ], [ 41293.19999999999709, 5919620.625 ], [ 41293.19999999999709, 5919620.700000000186265 ], [ 41293.275000000001455, 5919620.700000000186265 ], [ 41293.275000000001455, 5919620.775000000372529 ], [ 41293.349999999998545, 5919620.775000000372529 ], [ 41293.349999999998545, 5919620.849999999627471 ], [ 41293.5, 5919620.849999999627471 ], [ 41293.5, 5919620.924999999813735 ], [ 41293.57499999999709, 5919620.924999999813735 ], [ 41293.57499999999709, 5919621.0 ], [ 41293.650000000001455, 5919621.0 ], [ 41293.650000000001455, 5919621.150000000372529 ], [ 41293.724999999998545, 5919621.150000000372529 ], [ 41293.724999999998545, 5919621.375 ], [ 41293.80000000000291, 5919621.375 ], [ 41293.80000000000291, 5919621.525000000372529 ], [ 41293.875, 5919621.525000000372529 ], [ 41293.875, 5919621.75 ], [ 41293.94999999999709, 5919621.75 ], [ 41293.94999999999709, 5919621.974999999627471 ], [ 41294.025000000001455, 5919621.974999999627471 ], [ 41294.025000000001455, 5919622.200000000186265 ], [ 41294.099999999998545, 5919622.200000000186265 ], [ 41294.099999999998545, 5919622.424999999813735 ], [ 41294.17500000000291, 5919622.424999999813735 ], [ 41294.17500000000291, 5919622.650000000372529 ], [ 41294.25, 5919622.650000000372529 ], [ 41294.25, 5919623.099999999627471 ], [ 41294.17500000000291, 5919623.099999999627471 ], [ 41294.17500000000291, 5919623.25 ], [ 41294.099999999998545, 5919623.25 ], [ 41294.099999999998545, 5919623.400000000372529 ], [ 41294.025000000001455, 5919623.400000000372529 ], [ 41294.025000000001455, 5919623.474999999627471 ], [ 41293.94999999999709, 5919623.474999999627471 ], [ 41293.94999999999709, 5919623.625 ], [ 41293.875, 5919623.625 ], [ 41293.875, 5919623.775000000372529 ], [ 41293.80000000000291, 5919623.775000000372529 ], [ 41293.80000000000291, 5919623.849999999627471 ], [ 41293.724999999998545, 5919623.849999999627471 ], [ 41293.724999999998545, 5919623.924999999813735 ], [ 41293.650000000001455, 5919623.924999999813735 ], [ 41293.650000000001455, 5919624.075000000186265 ], [ 41293.57499999999709, 5919624.075000000186265 ], [ 41293.57499999999709, 5919624.150000000372529 ], [ 41293.5, 5919624.150000000372529 ], [ 41293.5, 5919624.299999999813735 ], [ 41293.42500000000291, 5919624.299999999813735 ], [ 41293.42500000000291, 5919624.375 ], [ 41293.349999999998545, 5919624.375 ], [ 41293.349999999998545, 5919624.450000000186265 ], [ 41293.275000000001455, 5919624.450000000186265 ], [ 41293.275000000001455, 5919624.599999999627471 ], [ 41293.19999999999709, 5919624.599999999627471 ], [ 41293.19999999999709, 5919624.674999999813735 ], [ 41293.125, 5919624.674999999813735 ], [ 41293.125, 5919624.825000000186265 ], [ 41293.05000000000291, 5919624.825000000186265 ], [ 41293.05000000000291, 5919624.900000000372529 ], [ 41292.974999999998545, 5919624.900000000372529 ], [ 41292.974999999998545, 5919625.049999999813735 ], [ 41292.900000000001455, 5919625.049999999813735 ], [ 41292.900000000001455, 5919625.200000000186265 ], [ 41292.82499999999709, 5919625.200000000186265 ], [ 41292.82499999999709, 5919625.275000000372529 ], [ 41292.75, 5919625.275000000372529 ], [ 41292.75, 5919625.424999999813735 ], [ 41292.67500000000291, 5919625.424999999813735 ], [ 41292.67500000000291, 5919625.5 ], [ 41292.599999999998545, 5919625.5 ], [ 41292.599999999998545, 5919625.650000000372529 ], [ 41292.525000000001455, 5919625.650000000372529 ], [ 41292.525000000001455, 5919625.724999999627471 ], [ 41292.44999999999709, 5919625.724999999627471 ], [ 41292.44999999999709, 5919625.799999999813735 ], [ 41292.375, 5919625.799999999813735 ], [ 41292.375, 5919625.950000000186265 ], [ 41292.30000000000291, 5919625.950000000186265 ], [ 41292.30000000000291, 5919626.025000000372529 ], [ 41292.224999999998545, 5919626.025000000372529 ], [ 41292.224999999998545, 5919626.099999999627471 ], [ 41292.150000000001455, 5919626.099999999627471 ], [ 41292.150000000001455, 5919626.174999999813735 ], [ 41292.07499999999709, 5919626.174999999813735 ], [ 41292.07499999999709, 5919626.25 ], [ 41292.0, 5919626.25 ], [ 41292.0, 5919626.325000000186265 ], [ 41291.92500000000291, 5919626.325000000186265 ], [ 41291.92500000000291, 5919626.474999999627471 ], [ 41291.849999999998545, 5919626.474999999627471 ], [ 41291.849999999998545, 5919626.549999999813735 ], [ 41291.775000000001455, 5919626.549999999813735 ], [ 41291.775000000001455, 5919626.625 ], [ 41291.69999999999709, 5919626.625 ], [ 41291.69999999999709, 5919626.700000000186265 ], [ 41291.625, 5919626.700000000186265 ], [ 41291.625, 5919626.775000000372529 ], [ 41291.55000000000291, 5919626.775000000372529 ], [ 41291.55000000000291, 5919626.849999999627471 ], [ 41291.474999999998545, 5919626.849999999627471 ], [ 41291.474999999998545, 5919626.924999999813735 ], [ 41291.400000000001455, 5919626.924999999813735 ], [ 41291.400000000001455, 5919627.0 ], [ 41291.32499999999709, 5919627.0 ], [ 41291.32499999999709, 5919627.075000000186265 ], [ 41291.25, 5919627.075000000186265 ], [ 41291.25, 5919627.150000000372529 ], [ 41291.17500000000291, 5919627.150000000372529 ], [ 41291.17500000000291, 5919627.224999999627471 ], [ 41291.099999999998545, 5919627.224999999627471 ], [ 41291.099999999998545, 5919627.299999999813735 ], [ 41291.025000000001455, 5919627.299999999813735 ], [ 41291.025000000001455, 5919627.375 ], [ 41290.94999999999709, 5919627.375 ], [ 41290.94999999999709, 5919627.450000000186265 ], [ 41290.875, 5919627.450000000186265 ], [ 41290.875, 5919627.525000000372529 ], [ 41290.80000000000291, 5919627.525000000372529 ], [ 41290.80000000000291, 5919627.599999999627471 ], [ 41290.724999999998545, 5919627.599999999627471 ], [ 41290.724999999998545, 5919627.674999999813735 ], [ 41290.650000000001455, 5919627.674999999813735 ], [ 41290.650000000001455, 5919627.75 ], [ 41290.57499999999709, 5919627.75 ], [ 41290.57499999999709, 5919627.825000000186265 ], [ 41290.5, 5919627.825000000186265 ], [ 41290.5, 5919627.900000000372529 ], [ 41290.42500000000291, 5919627.900000000372529 ], [ 41290.42500000000291, 5919627.974999999627471 ], [ 41290.349999999998545, 5919627.974999999627471 ], [ 41290.349999999998545, 5919628.049999999813735 ], [ 41290.19999999999709, 5919628.049999999813735 ], [ 41290.19999999999709, 5919628.125 ], [ 41290.125, 5919628.125 ], [ 41290.125, 5919628.200000000186265 ], [ 41290.05000000000291, 5919628.200000000186265 ], [ 41290.05000000000291, 5919628.275000000372529 ], [ 41289.974999999998545, 5919628.275000000372529 ], [ 41289.974999999998545, 5919628.349999999627471 ], [ 41289.900000000001455, 5919628.349999999627471 ], [ 41289.900000000001455, 5919628.424999999813735 ], [ 41289.75, 5919628.424999999813735 ], [ 41289.75, 5919628.5 ], [ 41289.67500000000291, 5919628.5 ], [ 41289.67500000000291, 5919628.575000000186265 ], [ 41289.599999999998545, 5919628.575000000186265 ], [ 41289.599999999998545, 5919628.650000000372529 ], [ 41289.44999999999709, 5919628.650000000372529 ], [ 41289.44999999999709, 5919628.724999999627471 ], [ 41289.375, 5919628.724999999627471 ] ] ] } },
{ "type": "Feature", "properties": { "value": 1.0, "building_id": 14, "area": 546.23812499810788 }, "geometry": { "type": "Polygon", "coordinates": [ [ [ 40773.0, 5919627.75 ], [ 40773.0, 5919627.674999999813735 ], [ 40770.67500000000291, 5919627.674999999813735 ], [ 40770.67500000000291, 5919627.599999999627471 ], [ 40769.55000000000291, 5919627.599999999627471 ], [ 40769.55000000000291, 5919627.525000000372529 ], [ 40768.724999999998545, 5919627.525000000372529 ], [ 40768.724999999998545, 5919627.450000000186265 ], [ 40768.05000000000291, 5919627.450000000186265 ], [ 40768.05000000000291, 5919627.375 ], [ 40767.525000000001455, 5919627.375 ], [ 40767.525000000001455, 5919627.299999999813735 ], [ 40767.07499999999709, 5919627.299999999813735 ], [ 40767.07499999999709, 5919627.224999999627471 ], [ 40766.625, 5919627.224999999627471 ], [ 40766.625, 5919627.150000000372529 ], [ 40766.32499999999709, 5919627.150000000372529 ], [ 40766.32499999999709, 5919627.075000000186265 ], [ 40766.025000000001455, 5919627.075000000186265 ], [ 40766.025000000001455, 5919627.0 ], [ 40765.875, 5919627.0 ], [ 40765.875, 5919626.924999999813735 ], [ 40765.80000000000291, 5919626.924999999813735 ], [ 40765.80000000000291, 5919626.849999999627471 ], [ 40765.724999999998545, 5919626.849999999627471 ], [ 40765.724999999998545, 5919626.775000000372529 ], [ 40765.57499999999709, 5919626.775000000372529 ], [ 40765.57499999999709, 5919626.700000000186265 ], [ 40765.5, 5919626.700000000186265 ], [ 40765.5, 5919626.625 ], [ 40765.42500000000291, 5919626.625 ], [ 40765.42500000000291, 5919626.549999999813735 ], [ 40765.349999999998545, 5919626.549999999813735 ], [ 40765.349999999998545, 5919626.474999999627471 ], [ 40765.275000000001455, 5919626.474999999627471 ], [ 40765.275000000001455, 5919626.400000000372529 ], [ 40765.125, 5919626.400000000372529 ], [ 40765.125, 5919626.325000000186265 ], [ 40765.05000000000291, 5919626.325000000186265 ], [ 40765.05000000000291, 5919626.25 ], [ 40764.974999999998545, 5919626.25 ], [ 40764.974999999998545, 5919626.174999999813735 ], [ 40764.900000000001455, 5919626.174999999813735 ], [ 40764.900000000001455, 5919626.099999999627471 ], [ 40764.75, 5919626.099999999627471 ], [ 40764.75, 5919626.025000000372529 ], [ 40764.67500000000291, 5919626.025000000372529 ], [ 40764.67500000000291, 5919625.950000000186265 ], [ 40764.599999999998545, 5919625.950000000186265 ], [ 40764.599999999998545, 5919625.875 ], [ 40764.525000000001455, 5919625.875 ], [ 40764.525000000001455, 5919625.799999999813735 ], [ 40764.44999999999709, 5919625.799999999813735 ], [ 40764.44999999999709, 5919625.724999999627471 ], [ 40764.30000000000291, 5919625.724999999627471 ], [ 40764.30000000000291, 5919625.650000000372529 ], [ 40764.224999999998545, 5919625.650000000372529 ], [ 40764.224999999998545, 5919625.575000000186265 ], [ 40764.150000000001455, 5919625.575000000186265 ], [ 40764.150000000001455, 5919625.5 ], [ 40764.07499999999709, 5919625.5 ], [ 40764.07499999999709, 5919625.424999999813735 ], [ 40764.0, 5919625.424999999813735 ], [ 40764.0, 5919625.349999999627471 ], [ 40763.92500000000291, 5919625.349999999627471 ], [ 40763.92500000000291, 5919625.275000000372529 ], [ 40763.849999999998545, 5919625.275000000372529 ], [ 40763.849999999998545, 5919625.200000000186265 ], [ 40763.775000000001455, 5919625.200000000186265 ], [ 40763.775000000001455, 5919625.049999999813735 ], [ 40763.69999999999709, 5919625.049999999813735 ], [ 40763.69999999999709, 5919624.974999999627471 ], [ 40763.625, 5919624.974999999627471 ], [ 40763.625, 5919624.75 ], [ 40763.55000000000291, 5919624.75 ], [ 40763.55000000000291, 5919624.599999999627471 ], [ 40763.474999999998545, 5919624.599999999627471 ], [ 40763.474999999998545, 5919624.375 ], [ 40763.400000000001455, 5919624.375 ], [ 40763.400000000001455, 5919624.150000000372529 ], [ 40763.32499999999709, 5919624.150000000372529 ], [ 40763.32499999999709, 5919623.924999999813735 ], [ 40763.25, 5919623.924999999813735 ], [ 40763.25, 5919623.700000000186265 ], [ 40763.17500000000291, 5919623.700000000186265 ], [ 40763.17500000000291, 5919623.400000000372529 ], [ 40763.099999999998545, 5919623.400000000372529 ], [ 40763.099999999998545, 5919623.174999999813735 ], [ 40763.025000000001455, 5919623.174999999813735 ], [ 40763.025000000001455, 5919622.724999999627471 ], [ 40762.94999999999709, 5919622.724999999627471 ], [ 40762.94999999999709, 5919621.75 ], [ 40762.875, 5919621.75 ], [ 40762.875, 5919620.25 ], [ 40762.94999999999709, 5919620.25 ], [ 40762.94999999999709, 5919619.349999999627471 ], [ 40763.025000000001455, 5919619.349999999627471 ], [ 40763.025000000001455, 5919618.299999999813735 ], [ 40763.099999999998545, 5919618.299999999813735 ], [ 40763.099999999998545, 5919617.25 ], [ 40763.17500000000291, 5919617.25 ], [ 40763.17500000000291, 5919616.125 ], [ 40763.25, 5919616.125 ], [ 40763.25, 5919615.075000000186265 ], [ 40763.32499999999709, 5919615.075000000186265 ], [ 40763.32499999999709, 5919614.625 ], [ 40763.400000000001455, 5919614.625 ], [ 40763.400000000001455, 5919614.174999999813735 ], [ 40763.474999999998545, 5919614.174999999813735 ], [ 40763.474999999998545, 5919613.799999999813735 ], [ 40763.55000000000291, 5919613.799999999813735 ], [ 40763.55000000000291, 5919613.424999999813735 ], [ 40763.625, 5919613.424999999813735 ], [ 40763.625, 5919613.125 ], [ 40763.69999999999709, 5919613.125 ], [ 40763.69999999999709, 5919612.974999999627471 ], [ 40763.775000000001455, 5919612.974999999627471 ], [ 40763.775000000001455, 5919612.825000000186265 ], [ 40763.849999999998545, 5919612.825000000186265 ], [ 40763.849999999998545, 5919612.674999999813735 ], [ 40763.92500000000291, 5919612.674999999813735 ], [ 40763.92500000000291, 5919612.599999999627471 ], [ 40764.0, 5919612.599999999627471 ], [ 40764.0, 5919612.450000000186265 ], [ 40764.07499999999709, 5919612.450000000186265 ], [ 40764.07499999999709, 5919612.375 ], [ 40764.150000000001455, 5919612.375 ], [ 40764.150000000001455, 5919612.224999999627471 ], [ 40764.224999999998545, 5919612.224999999627471 ], [ 40764.224999999998545, 5919612.150000000372529 ], [ 40764.30000000000291, 5919612.150000000372529 ], [ 40764.30000000000291, 5919612.0 ], [ 40764.375, 5919612.0 ], [ 40764.375, 5919611.849999999627471 ], [ 40764.44999999999709, 5919611.849999999627471 ], [ 40764.44999999999709, 5919611.700000000186265 ], [ 40764.525000000001455, 5919611.700000000186265 ], [ 40764.525000000001455, 5919611.549999999813735 ], [ 40764.599999999998545, 5919611.549999999813735 ], [ 40764.599999999998545, 5919611.400000000372529 ], [ 40764.67500000000291, 5919611.400000000372529 ], [ 40764.67500000000291, 5919611.25 ], [ 40764.75, 5919611.25 ], [ 40764.75, 5919611.099999999627471 ], [ 40764.82499999999709, 5919611.099999999627471 ], [ 40764.82499999999709, 5919610.950000000186265 ], [ 40764.900000000001455, 5919610.950000000186265 ], [ 40764.900000000001455, 5919610.799999999813735 ], [ 40764.974999999998545, 5919610.799999999813735 ], [ 40764.974999999998545, 5919610.650000000372529 ], [ 40765.05000000000291, 5919610.650000000372529 ], [ 40765.05000000000291, 5919610.5 ], [ 40765.125, 5919610.5 ], [ 40765.125, 5919610.349999999627471 ], [ 40765.19999999999709, 5919610.349999999627471 ], [ 40765.19999999999709, 5919610.275000000372529 ], [ 40765.275000000001455, 5919610.275000000372529 ], [ 40765.275000000001455, 5919610.125 ], [ 40765.349999999998545, 5919610.125 ], [ 40765.349999999998545, 5919610.049999999813735 ], [ 40765.42500000000291, 5919610.049999999813735 ], [ 40765.42500000000291, 5919609.900000000372529 ], [ 40765.5, 5919609.900000000372529 ], [ 40765.5, 5919609.825000000186265 ], [ 40765.57499999999709, 5919609.825000000186265 ], [ 40765.57499999999709, 5919609.75 ], [ 40765.650000000001455, 5919609.75 ], [ 40765.650000000001455, 5919609.599999999627471 ], [ 40765.724999999998545, 5919609.599999999627471 ], [ 40765.724999999998545, 5919609.525000000372529 ], [ 40765.80000000000291, 5919609.525000000372529 ], [ 40765.80000000000291, 5919609.450000000186265 ], [ 40765.875, 5919609.450000000186265 ], [ 40765.875, 5919609.375 ], [ 40765.94999999999709, 5919609.375 ], [ 40765.94999999999709, 5919609.299999999813735 ], [ 40766.025000000001455, 5919609.299999999813735 ], [ 40766.025000000001455, 5919609.224999999627471 ], [ 40766.099999999998545, 5919609.224999999627471 ], [ 40766.099999999998545, 5919609.150000000372529 ], [ 40766.17500000000291, 5919609.150000000372529 ], [ 40766.17500000000291, 5919609.0 ], [ 40766.25, 5919609.0 ], [ 40766.25, 5919608.924999999813735 ], [ 40766.32499999999709, 5919608.924999999813735 ], [ 40766.32499999999709, 5919608.849999999627471 ], [ 40766.400000000001455, 5919608.849999999627471 ], [ 40766.400000000001455, 5919608.775000000372529 ], [ 40766.474999999998545, 5919608.775000000372529 ], [ 40766.474999999998545, 5919608.700000000186265 ], [ 40766.55000000000291, 5919608.700000000186265 ], [ 40766.55000000000291, 5919608.625 ], [ 40766.625, 5919608.625 ], [ 40766.625, 5919608.549999999813735 ], [ 40766.69999999999709, 5919608.549999999813735 ], [ 40766.69999999999709, 5919608.474999999627471 ], [ 40766.775000000001455, 5919608.474999999627471 ], [ 40766.775000000001455, 5919608.400000000372529 ], [ 40766.849999999998545, 5919608.400000000372529 ], [ 40766.849999999998545, 5919608.325000000186265 ], [ 40766.92500000000291, 5919608.325000000186265 ], [ 40766.92500000000291, 5919608.25 ], [ 40767.0, 5919608.25 ], [ 40767.0, 5919608.174999999813735 ], [ 40767.07499999999709, 5919608.174999999813735 ], [ 40767.07499999999709, 5919608.099999999627471 ], [ 40767.150000000001455, 5919608.099999999627471 ], [ 40767.150000000001455, 5919608.025000000372529 ], [ 40767.30000000000291, 5919608.025000000372529 ], [ 40767.30000000000291, 5919607.950000000186265 ], [ 40767.375, 5919607.950000000186265 ], [ 40767.375, 5919607.875 ], [ 40767.44999999999709, 5919607.875 ], [ 40767.44999999999709, 5919607.799999999813735 ], [ 40767.974999999998545, 5919607.799999999813735 ], [ 40767.974999999998545, 5919607.875 ], [ 40768.5, 5919607.875 ], [ 40768.5, 5919607.950000000186265 ], [ 40769.25, 5919607.950000000186265 ], [ 40769.25, 5919608.025000000372529 ], [ 40770.375, 5919608.025000000372529 ], [ 40770.375, 5919608.099999999627471 ], [ 40771.94999999999709, 5919608.099999999627471 ], [ 40771.94999999999709, 5919608.174999999813735 ], [ 40772.55000000000291, 5919608.174999999813735 ], [ 40772.55000000000291, 5919608.25 ], [ 40773.224999999998545, 5919608.25 ], [ 40773.224999999998545, 5919608.325000000186265 ], [ 40773.900000000001455, 5919608.325000000186265 ], [ 40773.900000000001455, 5919608.400000000372529 ], [ 40774.125, 5919608.400000000372529 ], [ 40774.125, 5919608.474999999627471 ], [ 40774.42500000000291, 5919608.474999999627471 ], [ 40774.42500000000291, 5919608.549999999813735 ], [ 40774.650000000001455, 5919608.549999999813735 ], [ 40774.650000000001455, 5919608.625 ], [ 40774.94999999999709, 5919608.625 ], [ 40774.94999999999709, 5919608.700000000186265 ], [ 40775.17500000000291, 5919608.700000000186265 ], [ 40775.17500000000291, 5919608.775000000372529 ], [ 40775.32499999999709, 5919608.775000000372529 ], [ 40775.32499999999709, 5919608.849999999627471 ], [ 40775.55000000000291, 5919608.849999999627471 ], [ 40775.55000000000291, 5919608.924999999813735 ], [ 40775.69999999999709, 5919608.924999999813735 ], [ 40775.69999999999709, 5919609.0 ], [ 40775.92500000000291, 5919609.0 ], [ 40775.92500000000291, 5919609.075000000186265 ], [ 40776.07499999999709, 5919609.075000000186265 ], [ 40776.07499999999709, 5919609.150000000372529 ], [ 40776.150000000001455, 5919609.150000000372529 ], [ 40776.150000000001455, 5919609.224999999627471 ], [ 40776.30000000000291, 5919609.224999999627471 ], [ 40776.30000000000291, 5919609.299999999813735 ], [ 40776.44999999999709, 5919609.299999999813735 ], [ 40776.44999999999709, 5919609.375 ], [ 40776.525000000001455, 5919609.375 ], [ 40776.525000000001455, 5919609.450000000186265 ], [ 40776.67500000000291, 5919609.450000000186265 ], [ 40776.67500000000291, 5919609.525000000372529 ], [ 40776.82499999999709, 5919609.525000000372529 ], [ 40776.82499999999709, 5919609.599999999627471 ], [ 40776.974999999998545, 5919609.599999999627471 ], [ 40776.974999999998545, 5919609.674999999813735 ], [ 40777.125, 5919609.674999999813735 ], [ 40777.125, 5919609.75 ], [ 40777.275000000001455, 5919609.75 ], [ 40777.275000000001455, 5919609.825000000186265 ], [ 40777.5, 5919609.825000000186265 ], [ 40777.5, 5919609.900000000372529 ], [ 40777.650000000001455, 5919609.900000000372529 ], [ 40777.650000000001455, 5919609.974999999627471 ], [ 40777.875, 5919609.974999999627471 ], [ 40777.875, 5919610.049999999813735 ], [ 40778.099999999998545, 5919610.049999999813735 ], [ 40778.099999999998545, 5919610.125 ], [ 40778.32499999999709, 5919610.125 ], [ 40778.32499999999709, 5919610.200000000186265 ], [ 40778.55000000000291, 5919610.200000000186265 ], [ 40778.55000000000291, 5919610.275000000372529 ], [ 40778.775000000001455, 5919610.275000000372529 ], [ 40778.775000000001455, 5919610.349999999627471 ], [ 40778.92500000000291, 5919610.349999999627471 ], [ 40778.92500000000291, 5919610.424999999813735 ], [ 40779.150000000001455, 5919610.424999999813735 ], [ 40779.150000000001455, 5919610.5 ], [ 40779.30000000000291, 5919610.5 ], [ 40779.30000000000291, 5919610.575000000186265 ], [ 40779.525000000001455, 5919610.575000000186265 ], [ 40779.525000000001455, 5919610.650000000372529 ], [ 40779.67500000000291, 5919610.650000000372529 ], [ 40779.67500000000291, 5919610.724999999627471 ], [ 40779.900000000001455, 5919610.724999999627471 ], [ 40779.900000000001455, 5919610.650000000372529 ], [ 40781.625, 5919610.650000000372529 ], [ 40781.625, 5919610.575000000186265 ], [ 40781.775000000001455, 5919610.575000000186265 ], [ 40781.775000000001455, 5919610.5 ], [ 40782.0, 5919610.5 ], [ 40782.0, 5919610.424999999813735 ], [ 40782.150000000001455, 5919610.424999999813735 ], [ 40782.150000000001455, 5919610.349999999627471 ], [ 40782.30000000000291, 5919610.349999999627471 ], [ 40782.30000000000291, 5919610.275000000372529 ], [ 40782.44999999999709, 5919610.275000000372529 ], [ 40782.44999999999709, 5919610.200000000186265 ], [ 40782.599999999998545, 5919610.200000000186265 ], [ 40782.599999999998545, 5919610.125 ], [ 40782.82499999999709, 5919610.125 ], [ 40782.82499999999709, 5919610.049999999813735 ], [ 40782.974999999998545, 5919610.049999999813735 ], [ 40782.974999999998545, 5919609.974999999627471 ], [ 40783.19999999999709, 5919609.974999999627471 ], [ 40783.19999999999709, 5919609.900000000372529 ], [ 40783.349999999998545, 5919609.900000000372529 ], [ 40783.349999999998545, 5919609.825000000186265 ], [ 40783.5, 5919609.825000000186265 ], [ 40783.5, 5919609.75 ], [ 40783.724999999998545, 5919609.75 ], [ 40783.724999999998545, 5919609.674999999813735 ], [ 40783.875, 5919609.674999999813735 ], [ 40783.875, 5919609.599999999627471 ], [ 40783.94999999999709, 5919609.599999999627471 ], [ 40783.94999999999709, 5919609.525000000372529 ], [ 40784.099999999998545, 5919609.525000000372529 ], [ 40784.099999999998545, 5919609.450000000186265 ], [ 40784.17500000000291, 5919609.450000000186265 ], [ 40784.17500000000291, 5919609.375 ], [ 40784.32499999999709, 5919609.375 ], [ 40784.32499999999709, 5919609.299999999813735 ], [ 40784.400000000001455, 5919609.299999999813735 ], [ 40784.400000000001455, 5919609.224999999627471 ], [ 40784.55000000000291, 5919609.224999999627471 ], [ 40784.55000000000291, 5919609.150000000372529 ], [ 40784.625, 5919609.150000000372529 ], [ 40784.625, 5919609.075000000186265 ], [ 40784.775000000001455, 5919609.075000000186265 ], [ 40784.775000000001455, 5919609.0 ], [ 40784.92500000000291, 5919609.0 ], [ 40784.92500000000291, 5919608.924999999813735 ], [ 40785.07499999999709, 5919608.924999999813735 ], [ 40785.07499999999709, 5919608.849999999627471 ], [ 40785.224999999998545, 5919608.849999999627471 ], [ 40785.224999999998545, 5919608.775000000372529 ], [ 40785.375, 5919608.775000000372529 ], [ 40785.375, 5919608.700000000186265 ], [ 40785.525000000001455, 5919608.700000000186265 ], [ 40785.525000000001455, 5919608.625 ], [ 40785.82499999999709, 5919608.625 ], [ 40785.82499999999709, 5919608.549999999813735 ], [ 40786.05000000000291, 5919608.549999999813735 ], [ 40786.05000000000291, 5919608.474999999627471 ], [ 40786.349999999998545, 5919608.474999999627471 ], [ 40786.349999999998545, 5919608.400000000372529 ], [ 40786.650000000001455, 5919608.400000000372529 ], [ 40786.650000000001455, 5919608.325000000186265 ], [ 40786.94999999999709, 5919608.325000000186265 ], [ 40786.94999999999709, 5919608.25 ], [ 40787.25, 5919608.25 ], [ 40787.25, 5919608.174999999813735 ], [ 40787.625, 5919608.174999999813735 ], [ 40787.625, 5919608.099999999627471 ], [ 40788.44999999999709, 5919608.099999999627471 ], [ 40788.44999999999709, 5919608.025000000372529 ], [ 40789.19999999999709, 5919608.025000000372529 ], [ 40789.19999999999709, 5919607.950000000186265 ], [ 40789.650000000001455, 5919607.950000000186265 ], [ 40789.650000000001455, 5919608.025000000372529 ], [ 40790.32499999999709, 5919608.025000000372529 ], [ 40790.32499999999709, 5919608.099999999627471 ], [ 40790.92500000000291, 5919608.099999999627471 ], [ 40790.92500000000291, 5919608.174999999813735 ], [ 40791.525000000001455, 5919608.174999999813735 ], [ 40791.525000000001455, 5919608.25 ], [ 40791.82499999999709, 5919608.25 ], [ 40791.82499999999709, 5919608.325000000186265 ], [ 40792.19999999999709, 5919608.325000000186265 ], [ 40792.19999999999709, 5919608.400000000372529 ], [ 40792.5, 5919608.400000000372529 ], [ 40792.5, 5919608.474999999627471 ], [ 40792.724999999998545, 5919608.474999999627471 ], [ 40792.724999999998545, 5919608.549999999813735 ], [ 40793.025000000001455, 5919608.549999999813735 ], [ 40793.025000000001455, 5919608.625 ], [ 40793.25, 5919608.625 ], [ 40793.25, 5919608.700000000186265 ], [ 40793.400000000001455, 5919608.700000000186265 ], [ 40793.400000000001455, 5919608.775000000372529 ], [ 40793.55000000000291, 5919608.775000000372529 ], [ 40793.55000000000291, 5919608.849999999627471 ], [ 40793.69999999999709, 5919608.849999999627471 ], [ 40793.69999999999709, 5919608.924999999813735 ], [ 40793.849999999998545, 5919608.924999999813735 ], [ 40793.849999999998545, 5919609.0 ], [ 40794.0, 5919609.0 ], [ 40794.0, 5919609.075000000186265 ], [ 40794.07499999999709, 5919609.075000000186265 ], [ 40794.07499999999709, 5919609.150000000372529 ], [ 40794.224999999998545, 5919609.150000000372529 ], [ 40794.224999999998545, 5919609.224999999627471 ], [ 40794.30000000000291, 5919609.224999999627471 ], [ 40794.30000000000291, 5919609.299999999813735 ], [ 40794.375, 5919609.299999999813735 ], [ 40794.375, 5919609.375 ], [ 40794.525000000001455, 5919609.375 ], [ 40794.525000000001455, 5919609.450000000186265 ], [ 40794.599999999998545, 5919609.450000000186265 ], [ 40794.599999999998545, 5919609.525000000372529 ], [ 40794.67500000000291, 5919609.525000000372529 ], [ 40794.67500000000291, 5919609.599999999627471 ], [ 40794.75, 5919609.599999999627471 ], [ 40794.75, 5919609.674999999813735 ], [ 40794.82499999999709, 5919609.674999999813735 ], [ 40794.82499999999709, 5919609.75 ], [ 40794.974999999998545, 5919609.75 ], [ 40794.974999999998545, 5919609.825000000186265 ], [ 40795.05000000000291, 5919609.825000000186265 ], [ 40795.05000000000291, 5919609.900000000372529 ], [ 40795.125, 5919609.900000000372529 ], [ 40795.125, 5919609.974999999627471 ], [ 40795.19999999999709, 5919609.974999999627471 ], [ 40795.19999999999709, 5919610.049999999813735 ], [ 40795.275000000001455, 5919610.049999999813735 ], [ 40795.275000000001455, 5919610.125 ], [ 40795.42500000000291, 5919610.125 ], [ 40795.42500000000291, 5919610.200000000186265 ], [ 40795.5, 5919610.200000000186265 ], [ 40795.5, 5919610.275000000372529 ], [ 40795.57499999999709, 5919610.275000000372529 ], [ 40795.57499999999709, 5919610.349999999627471 ], [ 40795.650000000001455, 5919610.349999999627471 ], [ 40795.650000000001455, 5919610.424999999813735 ], [ 40795.724999999998545, 5919610.424999999813735 ], [ 40795.724999999998545, 5919610.5 ], [ 40795.80000000000291, 5919610.5 ], [ 40795.80000000000291, 5919610.575000000186265 ], [ 40795.875, 5919610.575000000186265 ], [ 40795.875, 5919610.650000000372529 ], [ 40795.94999999999709, 5919610.650000000372529 ], [ 40795.94999999999709, 5919610.724999999627471 ], [ 40796.025000000001455, 5919610.724999999627471 ], [ 40796.025000000001455, 5919610.799999999813735 ], [ 40796.099999999998545, 5919610.799999999813735 ], [ 40796.099999999998545, 5919610.875 ], [ 40796.17500000000291, 5919610.875 ], [ 40796.17500000000291, 5919610.950000000186265 ], [ 40796.25, 5919610.950000000186265 ], [ 40796.25, 5919611.099999999627471 ], [ 40796.32499999999709, 5919611.099999999627471 ], [ 40796.32499999999709, 5919611.174999999813735 ], [ 40796.400000000001455, 5919611.174999999813735 ], [ 40796.400000000001455, 5919611.325000000186265 ], [ 40796.474999999998545, 5919611.325000000186265 ], [ 40796.474999999998545, 5919611.474999999627471 ], [ 40796.55000000000291, 5919611.474999999627471 ], [ 40796.55000000000291, 5919611.625 ], [ 40796.625, 5919611.625 ], [ 40796.625, 5919611.775000000372529 ], [ 40796.55000000000291, 5919611.775000000372529 ], [ 40796.55000000000291, 5919613.200000000186265 ], [ 40796.474999999998545, 5919613.200000000186265 ], [ 40796.474999999998545, 5919613.5 ], [ 40796.400000000001455, 5919613.5 ], [ 40796.400000000001455, 5919613.799999999813735 ], [ 40796.32499999999709, 5919613.799999999813735 ], [ 40796.32499999999709, 5919614.174999999813735 ], [ 40796.25, 5919614.174999999813735 ], [ 40796.25, 5919614.474999999627471 ], [ 40796.17500000000291, 5919614.474999999627471 ], [ 40796.17500000000291, 5919614.775000000372529 ], [ 40796.099999999998545, 5919614.775000000372529 ], [ 40796.099999999998545, 5919615.150000000372529 ], [ 40796.025000000001455, 5919615.150000000372529 ], [ 40796.025000000001455, 5919615.299999999813735 ], [ 40795.94999999999709, 5919615.299999999813735 ], [ 40795.94999999999709, 5919615.375 ], [ 40795.875, 5919615.375 ], [ 40795.875, 5919615.525000000372529 ], [ 40795.80000000000291, 5919615.525000000372529 ], [ 40795.80000000000291, 5919615.599999999627471 ], [ 40795.724999999998545, 5919615.599999999627471 ], [ 40795.724999999998545, 5919615.75 ], [ 40795.650000000001455, 5919615.75 ], [ 40795.650000000001455, 5919615.825000000186265 ], [ 40795.57499999999709, 5919615.825000000186265 ], [ 40795.57499999999709, 5919615.900000000372529 ], [ 40795.5, 5919615.900000000372529 ], [ 40795.5, 5919615.974999999627471 ], [ 40795.42500000000291, 5919615.974999999627471 ], [ 40795.42500000000291, 5919616.049999999813735 ], [ 40795.349999999998545, 5919616.049999999813735 ], [ 40795.349999999998545, 5919616.125 ], [ 40795.275000000001455, 5919616.125 ], [ 40795.275000000001455, 5919616.200000000186265 ], [ 40795.19999999999709, 5919616.200000000186265 ], [ 40795.19999999999709, 5919616.275000000372529 ], [ 40795.125, 5919616.275000000372529 ], [ 40795.125, 5919616.349999999627471 ], [ 40795.05000000000291, 5919616.349999999627471 ], [ 40795.05000000000291, 5919616.5 ], [ 40794.974999999998545, 5919616.5 ], [ 40794.974999999998545, 5919616.575000000186265 ], [ 40794.900000000001455, 5919616.575000000186265 ], [ 40794.900000000001455, 5919616.724999999627471 ], [ 40794.82499999999709, 5919616.724999999627471 ], [ 40794.82499999999709, 5919616.799999999813735 ], [ 40794.75, 5919616.799999999813735 ], [ 40794.75, 5919616.950000000186265 ], [ 40794.67500000000291, 5919616.950000000186265 ], [ 40794.67500000000291, 5919617.099999999627471 ], [ 40794.599999999998545, 5919617.099999999627471 ], [ 40794.599999999998545, 5919617.25 ], [ 40794.525000000001455, 5919617.25 ], [ 40794.525000000001455, 5919617.474999999627471 ], [ 40794.44999999999709, 5919617.474999999627471 ], [ 40794.44999999999709, 5919617.625 ], [ 40794.375, 5919617.625 ], [ 40794.375, 5919617.775000000372529 ], [ 40794.30000000000291, 5919617.775000000372529 ], [ 40794.30000000000291, 5919617.924999999813735 ], [ 40794.224999999998545, 5919617.924999999813735 ], [ 40794.224999999998545, 5919618.075000000186265 ], [ 40794.150000000001455, 5919618.075000000186265 ], [ 40794.150000000001455, 5919618.224999999627471 ], [ 40794.07499999999709, 5919618.224999999627471 ], [ 40794.07499999999709, 5919618.375 ], [ 40794.0, 5919618.375 ], [ 40794.0, 5919618.525000000372529 ], [ 40793.92500000000291, 5919618.525000000372529 ], [ 40793.92500000000291, 5919618.674999999813735 ], [ 40793.849999999998545, 5919618.674999999813735 ], [ 40793.849999999998545, 5919618.825000000186265 ], [ 40793.775000000001455, 5919618.825000000186265 ], [ 40793.775000000001455, 5919618.900000000372529 ], [ 40793.69999999999709, 5919618.900000000372529 ], [ 40793.69999999999709, 5919619.049999999813735 ], [ 40793.625, 5919619.049999999813735 ], [ 40793.625, 5919619.125 ], [ 40793.55000000000291, 5919619.125 ], [ 40793.55000000000291, 5919619.275000000372529 ], [ 40793.474999999998545, 5919619.275000000372529 ], [ 40793.474999999998545, 5919619.349999999627471 ], [ 40793.400000000001455, 5919619.349999999627471 ], [ 40793.400000000001455, 5919619.424999999813735 ], [ 40793.32499999999709, 5919619.424999999813735 ], [ 40793.32499999999709, 5919619.5 ], [ 40793.25, 5919619.5 ], [ 40793.25, 5919619.575000000186265 ], [ 40793.17500000000291, 5919619.575000000186265 ], [ 40793.17500000000291, 5919619.650000000372529 ], [ 40793.099999999998545, 5919619.650000000372529 ], [ 40793.099999999998545, 5919619.799999999813735 ], [ 40793.025000000001455, 5919619.799999999813735 ], [ 40793.025000000001455, 5919619.875 ], [ 40792.94999999999709, 5919619.875 ], [ 40792.94999999999709, 5919619.950000000186265 ], [ 40792.875, 5919619.950000000186265 ], [ 40792.875, 5919620.099999999627471 ], [ 40792.80000000000291, 5919620.099999999627471 ], [ 40792.80000000000291, 5919620.25 ], [ 40792.724999999998545, 5919620.25 ], [ 40792.724999999998545, 5919620.325000000186265 ], [ 40792.650000000001455, 5919620.325000000186265 ], [ 40792.650000000001455, 5919620.474999999627471 ], [ 40792.57499999999709, 5919620.474999999627471 ], [ 40792.57499999999709, 5919620.625 ], [ 40792.5, 5919620.625 ], [ 40792.5, 5919620.775000000372529 ], [ 40792.42500000000291, 5919620.775000000372529 ], [ 40792.42500000000291, 5919620.924999999813735 ], [ 40792.349999999998545, 5919620.924999999813735 ], [ 40792.349999999998545, 5919621.150000000372529 ], [ 40792.275000000001455, 5919621.150000000372529 ], [ 40792.275000000001455, 5919621.299999999813735 ], [ 40792.19999999999709, 5919621.299999999813735 ], [ 40792.19999999999709, 5919621.525000000372529 ], [ 40792.125, 5919621.525000000372529 ], [ 40792.125, 5919621.674999999813735 ], [ 40792.05000000000291, 5919621.674999999813735 ], [ 40792.05000000000291, 5919621.825000000186265 ], [ 40791.974999999998545, 5919621.825000000186265 ], [ 40791.974999999998545, 5919621.974999999627471 ], [ 40791.900000000001455, 5919621.974999999627471 ], [ 40791.900000000001455, 5919622.125 ], [ 40791.82499999999709, 5919622.125 ], [ 40791.82499999999709, 5919622.275000000372529 ], [ 40791.75, 5919622.275000000372529 ], [ 40791.75, 5919622.424999999813735 ], [ 40791.67500000000291, 5919622.424999999813735 ], [ 40791.67500000000291, 5919622.575000000186265 ], [ 40791.599999999998545, 5919622.575000000186265 ], [ 40791.599999999998545, 5919622.650000000372529 ], [ 40791.525000000001455, 5919622.650000000372529 ], [ 40791.525000000001455, 5919622.799999999813735 ], [ 40791.44999999999709, 5919622.799999999813735 ], [ 40791.44999999999709, 5919622.875 ], [ 40791.375, 5919622.875 ], [ 40791.375, 5919622.950000000186265 ], [ 40791.30000000000291, 5919622.950000000186265 ], [ 40791.30000000000291, 5919623.025000000372529 ], [ 40791.224999999998545, 5919623.025000000372529 ], [ 40791.224999999998545, 5919623.099999999627471 ], [ 40791.150000000001455, 5919623.099999999627471 ], [ 40791.150000000001455, 5919623.174999999813735 ], [ 40791.07499999999709, 5919623.174999999813735 ], [ 40791.07499999999709, 5919623.25 ], [ 40791.0, 5919623.25 ], [ 40791.0, 5919623.325000000186265 ], [ 40790.92500000000291, 5919623.325000000186265 ], [ 40790.92500000000291, 5919623.400000000372529 ], [ 40790.849999999998545, 5919623.400000000372529 ], [ 40790.849999999998545, 5919623.474999999627471 ], [ 40790.775000000001455, 5919623.474999999627471 ], [ 40790.775000000001455, 5919623.549999999813735 ], [ 40790.69999999999709, 5919623.549999999813735 ], [ 40790.69999999999709, 5919623.700000000186265 ], [ 40790.625, 5919623.700000000186265 ], [ 40790.625, 5919623.775000000372529 ], [ 40790.55000000000291, 5919623.775000000372529 ], [ 40790.55000000000291, 5919623.849999999627471 ], [ 40790.474999999998545, 5919623.849999999627471 ], [ 40790.474999999998545, 5919623.924999999813735 ], [ 40790.400000000001455, 5919623.924999999813735 ], [ 40790.400000000001455, 5919624.0 ], [ 40790.32499999999709, 5919624.0 ], [ 40790.32499999999709, 5919624.150000000372529 ], [ 40790.25, 5919624.150000000372529 ], [ 40790.25, 5919624.224999999627471 ], [ 40790.17500000000291, 5919624.224999999627471 ], [ 40790.17500000000291, 5919624.299999999813735 ], [ 40790.099999999998545, 5919624.299999999813735 ], [ 40790.099999999998545, 5919624.450000000186265 ], [ 40790.025000000001455, 5919624.450000000186265 ], [ 40790.025000000001455, 5919624.525000000372529 ], [ 40789.94999999999709, 5919624.525000000372529 ], [ 40789.94999999999709, 5919624.599999999627471 ], [ 40789.875, 5919624.599999999627471 ], [ 40789.875, 5919624.75 ], [ 40789.80000000000291, 5919624.75 ], [ 40789.80000000000291, 5919624.825000000186265 ], [ 40789.724999999998545, 5919624.825000000186265 ], [ 40789.724999999998545, 5919624.974999999627471 ], [ 40789.650000000001455, 5919624.974999999627471 ], [ 40789.650000000001455, 5919625.049999999813735 ], [ 40789.5, 5919625.049999999813735 ], [ 40789.5, 5919625.125 ], [ 40789.42500000000291, 5919625.125 ], [ 40789.42500000000291, 5919625.200000000186265 ], [ 40789.275000000001455, 5919625.200000000186265 ], [ 40789.275000000001455, 5919625.275000000372529 ], [ 40789.05000000000291, 5919625.275000000372529 ], [ 40789.05000000000291, 5919625.349999999627471 ], [ 40788.900000000001455, 5919625.349999999627471 ], [ 40788.900000000001455, 5919625.424999999813735 ], [ 40788.67500000000291, 5919625.424999999813735 ], [ 40788.67500000000291, 5919625.5 ], [ 40788.525000000001455, 5919625.5 ], [ 40788.525000000001455, 5919625.575000000186265 ], [ 40788.30000000000291, 5919625.575000000186265 ], [ 40788.30000000000291, 5919625.650000000372529 ], [ 40788.07499999999709, 5919625.650000000372529 ], [ 40788.07499999999709, 5919625.724999999627471 ], [ 40787.849999999998545, 5919625.724999999627471 ], [ 40787.849999999998545, 5919625.799999999813735 ], [ 40787.69999999999709, 5919625.799999999813735 ], [ 40787.69999999999709, 5919625.875 ], [ 40787.400000000001455, 5919625.875 ], [ 40787.400000000001455, 5919625.950000000186265 ], [ 40787.17500000000291, 5919625.950000000186265 ], [ 40787.17500000000291, 5919626.025000000372529 ], [ 40786.875, 5919626.025000000372529 ], [ 40786.875, 5919626.099999999627471 ], [ 40786.57499999999709, 5919626.099999999627471 ], [ 40786.57499999999709, 5919626.174999999813735 ], [ 40786.275000000001455, 5919626.174999999813735 ], [ 40786.275000000001455, 5919626.25 ], [ 40785.974999999998545, 5919626.25 ], [ 40785.974999999998545, 5919626.325000000186265 ], [ 40785.67500000000291, 5919626.325000000186265 ], [ 40785.67500000000291, 5919626.400000000372529 ], [ 40785.375, 5919626.400000000372529 ], [ 40785.375, 5919626.474999999627471 ], [ 40785.150000000001455, 5919626.474999999627471 ], [ 40785.150000000001455, 5919626.549999999813735 ], [ 40784.92500000000291, 5919626.549999999813735 ], [ 40784.92500000000291, 5919626.625 ], [ 40784.69999999999709, 5919626.625 ], [ 40784.69999999999709, 5919626.700000000186265 ], [ 40784.474999999998545, 5919626.700000000186265 ], [ 40784.474999999998545, 5919626.775000000372529 ], [ 40784.25, 5919626.775000000372529 ], [ 40784.25, 5919626.849999999627471 ], [ 40784.025000000001455, 5919626.849999999627471 ], [ 40784.025000000001455, 5919626.924999999813735 ], [ 40783.80000000000291, 5919626.924999999813735 ], [ 40783.80000000000291, 5919627.0 ], [ 40783.57499999999709, 5919627.0 ], [ 40783.57499999999709, 5919627.075000000186265 ], [ 40783.275000000001455, 5919627.075000000186265 ], [ 40783.275000000001455, 5919627.150000000372529 ], [ 40782.974999999998545, 5919627.150000000372529 ], [ 40782.974999999998545, 5919627.224999999627471 ], [ 40782.67500000000291, 5919627.224999999627471 ], [ 40782.67500000000291, 5919627.299999999813735 ], [ 40782.30000000000291, 5919627.299999999813735 ], [ 40782.30000000000291, 5919627.375 ], [ 40781.92500000000291, 5919627.375 ], [ 40781.92500000000291, 5919627.450000000186265 ], [ 40781.32499999999709, 5919627.450000000186265 ], [ 40781.32499999999709, 5919627.525000000372529 ], [ 40780.349999999998545, 5919627.525000000372529 ], [ 40780.349999999998545, 5919627.599999999627471 ], [ 40778.17500000000291, 5919627.599999999627471 ], [ 40778.17500000000291, 5919627.674999999813735 ], [ 40774.125, 5919627.674999999813735 ], [ 40774.125, 5919627.75 ], [ 40773.0, 5919627.75 ] ] ] } },
{ "type": "Feature", "properties": { "value": 1.0, "building_id": 15, "area": 491.06249999945254 }, "geometry": { "type": "Polygon", "coordinates": [ [ [ 40945.349999999998545, 5919596.625 ], [ 40945.349999999998545, 5919596.549999999813735 ], [ 40944.375, 5919596.549999999813735 ], [ 40944.375, 5919596.474999999627471 ], [ 40943.69999999999709, 5919596.474999999627471 ], [ 40943.69999999999709, 5919596.400000000372529 ], [ 40943.474999999998545, 5919596.400000000372529 ], [ 40943.474999999998545, 5919596.325000000186265 ], [ 40943.25, 5919596.325000000186265 ], [ 40943.25, 5919596.25 ], [ 40943.025000000001455, 5919596.25 ], [ 40943.025000000001455, 5919596.174999999813735 ], [ 40942.875, 5919596.174999999813735 ], [ 40942.875, 5919596.099999999627471 ], [ 40942.724999999998545, 5919596.099999999627471 ], [ 40942.724999999998545, 5919596.025000000372529 ], [ 40942.57499999999709, 5919596.025000000372529 ], [ 40942.57499999999709, 5919595.950000000186265 ], [ 40942.42500000000291, 5919595.950000000186265 ], [ 40942.42500000000291, 5919595.875 ], [ 40942.275000000001455, 5919595.875 ], [ 40942.275000000001455, 5919595.799999999813735 ], [ 40942.19999999999709, 5919595.799999999813735 ], [ 40942.19999999999709, 5919595.724999999627471 ], [ 40942.05000000000291, 5919595.724999999627471 ], [ 40942.05000000000291, 5919595.650000000372529 ], [ 40941.974999999998545, 5919595.650000000372529 ], [ 40941.974999999998545, 5919595.575000000186265 ], [ 40941.82499999999709, 5919595.575000000186265 ], [ 40941.82499999999709, 5919595.5 ], [ 40941.75, 5919595.5 ], [ 40941.75, 5919595.424999999813735 ], [ 40941.67500000000291, 5919595.424999999813735 ], [ 40941.67500000000291, 5919595.349999999627471 ], [ 40941.599999999998545, 5919595.349999999627471 ], [ 40941.599999999998545, 5919595.275000000372529 ], [ 40941.525000000001455, 5919595.275000000372529 ], [ 40941.525000000001455, 5919595.200000000186265 ], [ 40941.44999999999709, 5919595.200000000186265 ], [ 40941.44999999999709, 5919595.125 ], [ 40941.375, 5919595.125 ], [ 40941.375, 5919595.049999999813735 ], [ 40941.30000000000291, 5919595.049999999813735 ], [ 40941.30000000000291, 5919594.974999999627471 ], [ 40941.224999999998545, 5919594.974999999627471 ], [ 40941.224999999998545, 5919594.900000000372529 ], [ 40941.150000000001455, 5919594.900000000372529 ], [ 40941.150000000001455, 5919594.825000000186265 ], [ 40941.07499999999709, 5919594.825000000186265 ], [ 40941.07499999999709, 5919594.75 ], [ 40941.0, 5919594.75 ], [ 40941.0, 5919594.674999999813735 ], [ 40940.92500000000291, 5919594.674999999813735 ], [ 40940.92500000000291, 5919594.599999999627471 ], [ 40940.849999999998545, 5919594.599999999627471 ], [ 40940.849999999998545, 5919594.525000000372529 ], [ 40940.775000000001455, 5919594.525000000372529 ], [ 40940.775000000001455, 5919594.450000000186265 ], [ 40940.69999999999709, 5919594.450000000186265 ], [ 40940.69999999999709, 5919594.375 ], [ 40940.625, 5919594.375 ], [ 40940.625, 5919594.299999999813735 ], [ 40940.55000000000291, 5919594.299999999813735 ], [ 40940.55000000000291, 5919594.224999999627471 ], [ 40940.474999999998545, 5919594.224999999627471 ], [ 40940.474999999998545, 5919594.150000000372529 ], [ 40940.400000000001455, 5919594.150000000372529 ], [ 40940.400000000001455, 5919594.075000000186265 ], [ 40940.32499999999709, 5919594.075000000186265 ], [ 40940.32499999999709, 5919594.0 ], [ 40940.25, 5919594.0 ], [ 40940.25, 5919593.924999999813735 ], [ 40940.17500000000291, 5919593.924999999813735 ], [ 40940.17500000000291, 5919593.849999999627471 ], [ 40940.099999999998545, 5919593.849999999627471 ], [ 40940.099999999998545, 5919593.775000000372529 ], [ 40940.025000000001455, 5919593.775000000372529 ], [ 40940.025000000001455, 5919593.700000000186265 ], [ 40939.94999999999709, 5919593.700000000186265 ], [ 40939.94999999999709, 5919593.625 ], [ 40939.875, 5919593.625 ], [ 40939.875, 5919593.549999999813735 ], [ 40939.80000000000291, 5919593.549999999813735 ], [ 40939.80000000000291, 5919593.474999999627471 ], [ 40939.724999999998545, 5919593.474999999627471 ], [ 40939.724999999998545, 5919593.325000000186265 ], [ 40939.650000000001455, 5919593.325000000186265 ], [ 40939.650000000001455, 5919593.25 ], [ 40939.57499999999709, 5919593.25 ], [ 40939.57499999999709, 5919593.099999999627471 ], [ 40939.5, 5919593.099999999627471 ], [ 40939.5, 5919592.950000000186265 ], [ 40939.42500000000291, 5919592.950000000186265 ], [ 40939.42500000000291, 5919592.799999999813735 ], [ 40939.349999999998545, 5919592.799999999813735 ], [ 40939.349999999998545, 5919592.650000000372529 ], [ 40939.275000000001455, 5919592.650000000372529 ], [ 40939.275000000001455, 5919592.5 ], [ 40939.19999999999709, 5919592.5 ], [ 40939.19999999999709, 5919592.349999999627471 ], [ 40939.125, 5919592.349999999627471 ], [ 40939.125, 5919592.125 ], [ 40939.05000000000291, 5919592.125 ], [ 40939.05000000000291, 5919591.900000000372529 ], [ 40938.974999999998545, 5919591.900000000372529 ], [ 40938.974999999998545, 5919591.674999999813735 ], [ 40938.900000000001455, 5919591.674999999813735 ], [ 40938.900000000001455, 5919590.924999999813735 ], [ 40938.82499999999709, 5919590.924999999813735 ], [ 40938.82499999999709, 5919590.099999999627471 ], [ 40938.75, 5919590.099999999627471 ], [ 40938.75, 5919589.275000000372529 ], [ 40938.82499999999709, 5919589.275000000372529 ], [ 40938.82499999999709, 5919588.299999999813735 ], [ 40938.900000000001455, 5919588.299999999813735 ], [ 40938.900000000001455, 5919587.400000000372529 ], [ 40938.974999999998545, 5919587.400000000372529 ], [ 40938.974999999998545, 5919586.5 ], [ 40939.05000000000291, 5919586.5 ], [ 40939.05000000000291, 5919585.75 ], [ 40939.125, 5919585.75 ], [ 40939.125, 5919585.299999999813735 ], [ 40939.19999999999709, 5919585.299999999813735 ], [ 40939.19999999999709, 5919584.924999999813735 ], [ 40939.275000000001455, 5919584.924999999813735 ], [ 40939.275000000001455, 5919584.549999999813735 ], [ 40939.349999999998545, 5919584.549999999813735 ], [ 40939.349999999998545, 5919584.174999999813735 ], [ 40939.42500000000291, 5919584.174999999813735 ], [ 40939.42500000000291, 5919583.799999999813735 ], [ 40939.5, 5919583.799999999813735 ], [ 40939.5, 5919583.424999999813735 ], [ 40939.57499999999709, 5919583.424999999813735 ], [ 40939.57499999999709, 5919583.049999999813735 ], [ 40939.650000000001455, 5919583.049999999813735 ], [ 40939.650000000001455, 5919582.674999999813735 ], [ 40939.724999999998545, 5919582.674999999813735 ], [ 40939.724999999998545, 5919582.375 ], [ 40939.80000000000291, 5919582.375 ], [ 40939.80000000000291, 5919582.075000000186265 ], [ 40939.875, 5919582.075000000186265 ], [ 40939.875, 5919579.0 ], [ 40976.92500000000291, 5919579.0 ], [ 40976.92500000000291, 5919582.0 ], [ 40976.849999999998545, 5919582.0 ], [ 40976.849999999998545, 5919582.075000000186265 ], [ 40976.775000000001455, 5919582.075000000186265 ], [ 40976.775000000001455, 5919582.150000000372529 ], [ 40976.69999999999709, 5919582.150000000372529 ], [ 40976.69999999999709, 5919582.224999999627471 ], [ 40976.625, 5919582.224999999627471 ], [ 40976.625, 5919582.375 ], [ 40976.55000000000291, 5919582.375 ], [ 40976.55000000000291, 5919582.450000000186265 ], [ 40976.474999999998545, 5919582.450000000186265 ], [ 40976.474999999998545, 5919582.525000000372529 ], [ 40976.400000000001455, 5919582.525000000372529 ], [ 40976.400000000001455, 5919582.674999999813735 ], [ 40976.32499999999709, 5919582.674999999813735 ], [ 40976.32499999999709, 5919582.75 ], [ 40976.25, 5919582.75 ], [ 40976.25, 5919582.825000000186265 ], [ 40976.17500000000291, 5919582.825000000186265 ], [ 40976.17500000000291, 5919582.974999999627471 ], [ 40976.099999999998545, 5919582.974999999627471 ], [ 40976.099999999998545, 5919583.049999999813735 ], [ 40976.025000000001455, 5919583.049999999813735 ], [ 40976.025000000001455, 5919583.200000000186265 ], [ 40975.94999999999709, 5919583.200000000186265 ], [ 40975.94999999999709, 5919583.275000000372529 ], [ 40975.875, 5919583.275000000372529 ], [ 40975.875, 5919583.349999999627471 ], [ 40975.80000000000291, 5919583.349999999627471 ], [ 40975.80000000000291, 5919583.5 ], [ 40975.724999999998545, 5919583.5 ], [ 40975.724999999998545, 5919583.575000000186265 ], [ 40975.650000000001455, 5919583.575000000186265 ], [ 40975.650000000001455, 5919583.724999999627471 ], [ 40975.57499999999709, 5919583.724999999627471 ], [ 40975.57499999999709, 5919583.799999999813735 ], [ 40975.5, 5919583.799999999813735 ], [ 40975.5, 5919583.875 ], [ 40975.42500000000291, 5919583.875 ], [ 40975.42500000000291, 5919583.950000000186265 ], [ 40975.349999999998545, 5919583.950000000186265 ], [ 40975.349999999998545, 5919584.025000000372529 ], [ 40975.275000000001455, 5919584.025000000372529 ], [ 40975.275000000001455, 5919584.099999999627471 ], [ 40975.19999999999709, 5919584.099999999627471 ], [ 40975.19999999999709, 5919584.174999999813735 ], [ 40975.05000000000291, 5919584.174999999813735 ], [ 40975.05000000000291, 5919584.25 ], [ 40974.974999999998545, 5919584.25 ], [ 40974.974999999998545, 5919584.325000000186265 ], [ 40974.82499999999709, 5919584.325000000186265 ], [ 40974.82499999999709, 5919584.400000000372529 ], [ 40974.67500000000291, 5919584.400000000372529 ], [ 40974.67500000000291, 5919584.474999999627471 ], [ 40974.525000000001455, 5919584.474999999627471 ], [ 40974.525000000001455, 5919584.549999999813735 ], [ 40974.375, 5919584.549999999813735 ], [ 40974.375, 5919584.625 ], [ 40974.224999999998545, 5919584.625 ], [ 40974.224999999998545, 5919584.700000000186265 ], [ 40974.07499999999709, 5919584.700000000186265 ], [ 40974.07499999999709, 5919584.775000000372529 ], [ 40973.92500000000291, 5919584.775000000372529 ], [ 40973.92500000000291, 5919584.849999999627471 ], [ 40973.775000000001455, 5919584.849999999627471 ], [ 40973.775000000001455, 5919584.924999999813735 ], [ 40973.625, 5919584.924999999813735 ], [ 40973.625, 5919585.0 ], [ 40973.474999999998545, 5919585.0 ], [ 40973.474999999998545, 5919585.075000000186265 ], [ 40973.32499999999709, 5919585.075000000186265 ], [ 40973.32499999999709, 5919585.150000000372529 ], [ 40973.099999999998545, 5919585.150000000372529 ], [ 40973.099999999998545, 5919585.224999999627471 ], [ 40972.94999999999709, 5919585.224999999627471 ], [ 40972.94999999999709, 5919585.299999999813735 ], [ 40972.875, 5919585.299999999813735 ], [ 40972.875, 5919585.375 ], [ 40972.724999999998545, 5919585.375 ], [ 40972.724999999998545, 5919585.450000000186265 ], [ 40972.650000000001455, 5919585.450000000186265 ], [ 40972.650000000001455, 5919585.525000000372529 ], [ 40972.57499999999709, 5919585.525000000372529 ], [ 40972.57499999999709, 5919585.599999999627471 ], [ 40972.5, 5919585.599999999627471 ], [ 40972.5, 5919585.674999999813735 ], [ 40972.42500000000291, 5919585.674999999813735 ], [ 40972.42500000000291, 5919585.75 ], [ 40972.349999999998545, 5919585.75 ], [ 40972.349999999998545, 5919585.825000000186265 ], [ 40972.275000000001455, 5919585.825000000186265 ], [ 40972.275000000001455, 5919585.900000000372529 ], [ 40972.19999999999709, 5919585.900000000372529 ], [ 40972.19999999999709, 5919585.974999999627471 ], [ 40972.125, 5919585.974999999627471 ], [ 40972.125, 5919586.049999999813735 ], [ 40972.05000000000291, 5919586.049999999813735 ], [ 40972.05000000000291, 5919586.125 ], [ 40971.974999999998545, 5919586.125 ], [ 40971.974999999998545, 5919586.200000000186265 ], [ 40971.900000000001455, 5919586.200000000186265 ], [ 40971.900000000001455, 5919586.275000000372529 ], [ 40971.82499999999709, 5919586.275000000372529 ], [ 40971.82499999999709, 5919586.349999999627471 ], [ 40971.75, 5919586.349999999627471 ], [ 40971.75, 5919586.424999999813735 ], [ 40971.599999999998545, 5919586.424999999813735 ], [ 40971.599999999998545, 5919586.5 ], [ 40971.525000000001455, 5919586.5 ], [ 40971.525000000001455, 5919586.575000000186265 ], [ 40971.375, 5919586.575000000186265 ], [ 40971.375, 5919586.650000000372529 ], [ 40971.224999999998545, 5919586.650000000372529 ], [ 40971.224999999998545, 5919586.724999999627471 ], [ 40971.150000000001455, 5919586.724999999627471 ], [ 40971.150000000001455, 5919586.799999999813735 ], [ 40971.0, 5919586.799999999813735 ], [ 40971.0, 5919586.875 ], [ 40970.849999999998545, 5919586.875 ], [ 40970.849999999998545, 5919586.950000000186265 ], [ 40970.69999999999709, 5919586.950000000186265 ], [ 40970.69999999999709, 5919587.025000000372529 ], [ 40970.55000000000291, 5919587.025000000372529 ], [ 40970.55000000000291, 5919587.099999999627471 ], [ 40970.474999999998545, 5919587.099999999627471 ], [ 40970.474999999998545, 5919587.174999999813735 ], [ 40970.32499999999709, 5919587.174999999813735 ], [ 40970.32499999999709, 5919587.25 ], [ 40970.25, 5919587.25 ], [ 40970.25, 5919587.325000000186265 ], [ 40970.17500000000291, 5919587.325000000186265 ], [ 40970.17500000000291, 5919587.400000000372529 ], [ 40970.025000000001455, 5919587.400000000372529 ], [ 40970.025000000001455, 5919587.474999999627471 ], [ 40969.94999999999709, 5919587.474999999627471 ], [ 40969.94999999999709, 5919587.549999999813735 ], [ 40969.875, 5919587.549999999813735 ], [ 40969.875, 5919587.625 ], [ 40969.80000000000291, 5919587.625 ], [ 40969.80000000000291, 5919587.700000000186265 ], [ 40969.724999999998545, 5919587.700000000186265 ], [ 40969.724999999998545, 5919587.775000000372529 ], [ 40969.650000000001455, 5919587.775000000372529 ], [ 40969.650000000001455, 5919587.849999999627471 ], [ 40969.57499999999709, 5919587.849999999627471 ], [ 40969.57499999999709, 5919587.924999999813735 ], [ 40969.5, 5919587.924999999813735 ], [ 40969.5, 5919588.0 ], [ 40969.42500000000291, 5919588.0 ], [ 40969.42500000000291, 5919588.075000000186265 ], [ 40969.349999999998545, 5919588.075000000186265 ], [ 40969.349999999998545, 5919588.150000000372529 ], [ 40969.19999999999709, 5919588.150000000372529 ], [ 40969.19999999999709, 5919588.224999999627471 ], [ 40969.125, 5919588.224999999627471 ], [ 40969.125, 5919588.299999999813735 ], [ 40968.974999999998545, 5919588.299999999813735 ], [ 40968.974999999998545, 5919588.375 ], [ 40968.82499999999709, 5919588.375 ], [ 40968.82499999999709, 5919588.450000000186265 ], [ 40968.67500000000291, 5919588.450000000186265 ], [ 40968.67500000000291, 5919588.525000000372529 ], [ 40968.525000000001455, 5919588.525000000372529 ], [ 40968.525000000001455, 5919588.599999999627471 ], [ 40968.375, 5919588.599999999627471 ], [ 40968.375, 5919588.674999999813735 ], [ 40968.224999999998545, 5919588.674999999813735 ], [ 40968.224999999998545, 5919588.75 ], [ 40968.07499999999709, 5919588.75 ], [ 40968.07499999999709, 5919588.825000000186265 ], [ 40967.92500000000291, 5919588.825000000186265 ], [ 40967.92500000000291, 5919588.900000000372529 ], [ 40967.775000000001455, 5919588.900000000372529 ], [ 40967.775000000001455, 5919588.974999999627471 ], [ 40967.625, 5919588.974999999627471 ], [ 40967.625, 5919589.049999999813735 ], [ 40967.474999999998545, 5919589.049999999813735 ], [ 40967.474999999998545, 5919589.125 ], [ 40967.32499999999709, 5919589.125 ], [ 40967.32499999999709, 5919589.200000000186265 ], [ 40967.17500000000291, 5919589.200000000186265 ], [ 40967.17500000000291, 5919589.275000000372529 ], [ 40967.025000000001455, 5919589.275000000372529 ], [ 40967.025000000001455, 5919589.349999999627471 ], [ 40966.875, 5919589.349999999627471 ], [ 40966.875, 5919589.424999999813735 ], [ 40966.724999999998545, 5919589.424999999813735 ], [ 40966.724999999998545, 5919589.5 ], [ 40966.650000000001455, 5919589.5 ], [ 40966.650000000001455, 5919589.575000000186265 ], [ 40966.5, 5919589.575000000186265 ], [ 40966.5, 5919589.650000000372529 ], [ 40966.349999999998545, 5919589.650000000372529 ], [ 40966.349999999998545, 5919589.724999999627471 ], [ 40966.275000000001455, 5919589.724999999627471 ], [ 40966.275000000001455, 5919589.799999999813735 ], [ 40966.19999999999709, 5919589.799999999813735 ], [ 40966.19999999999709, 5919589.875 ], [ 40966.05000000000291, 5919589.875 ], [ 40966.05000000000291, 5919589.950000000186265 ], [ 40965.900000000001455, 5919589.950000000186265 ], [ 40965.900000000001455, 5919590.025000000372529 ], [ 40965.82499999999709, 5919590.025000000372529 ], [ 40965.82499999999709, 5919590.099999999627471 ], [ 40965.67500000000291, 5919590.099999999627471 ], [ 40965.67500000000291, 5919590.174999999813735 ], [ 40965.44999999999709, 5919590.174999999813735 ], [ 40965.44999999999709, 5919590.25 ], [ 40965.30000000000291, 5919590.25 ], [ 40965.30000000000291, 5919590.325000000186265 ], [ 40965.07499999999709, 5919590.325000000186265 ], [ 40965.07499999999709, 5919590.400000000372529 ], [ 40964.849999999998545, 5919590.400000000372529 ], [ 40964.849999999998545, 5919590.474999999627471 ], [ 40964.625, 5919590.474999999627471 ], [ 40964.625, 5919590.549999999813735 ], [ 40964.32499999999709, 5919590.549999999813735 ], [ 40964.32499999999709, 5919590.625 ], [ 40964.099999999998545, 5919590.625 ], [ 40964.099999999998545, 5919590.700000000186265 ], [ 40963.875, 5919590.700000000186265 ], [ 40963.875, 5919590.775000000372529 ], [ 40963.650000000001455, 5919590.775000000372529 ], [ 40963.650000000001455, 5919590.849999999627471 ], [ 40963.42500000000291, 5919590.849999999627471 ], [ 40963.42500000000291, 5919590.924999999813735 ], [ 40963.19999999999709, 5919590.924999999813735 ], [ 40963.19999999999709, 5919591.0 ], [ 40963.05000000000291, 5919591.0 ], [ 40963.05000000000291, 5919591.075000000186265 ], [ 40962.900000000001455, 5919591.075000000186265 ], [ 40962.900000000001455, 5919591.150000000372529 ], [ 40962.75, 5919591.150000000372529 ], [ 40962.75, 5919591.224999999627471 ], [ 40962.599999999998545, 5919591.224999999627471 ], [ 40962.599999999998545, 5919591.299999999813735 ], [ 40962.44999999999709, 5919591.299999999813735 ], [ 40962.44999999999709, 5919591.375 ], [ 40962.30000000000291, 5919591.375 ], [ 40962.30000000000291, 5919591.450000000186265 ], [ 40962.150000000001455, 5919591.450000000186265 ], [ 40962.150000000001455, 5919591.525000000372529 ], [ 40962.07499999999709, 5919591.525000000372529 ], [ 40962.07499999999709, 5919591.599999999627471 ], [ 40961.92500000000291, 5919591.599999999627471 ], [ 40961.92500000000291, 5919591.674999999813735 ], [ 40961.849999999998545, 5919591.674999999813735 ], [ 40961.849999999998545, 5919591.75 ], [ 40961.69999999999709, 5919591.75 ], [ 40961.69999999999709, 5919591.825000000186265 ], [ 40961.55000000000291, 5919591.825000000186265 ], [ 40961.55000000000291, 5919591.900000000372529 ], [ 40961.474999999998545, 5919591.900000000372529 ], [ 40961.474999999998545, 5919591.974999999627471 ], [ 40961.25, 5919591.974999999627471 ], [ 40961.25, 5919592.049999999813735 ], [ 40961.025000000001455, 5919592.049999999813735 ], [ 40961.025000000001455, 5919592.125 ], [ 40960.80000000000291, 5919592.125 ], [ 40960.80000000000291, 5919592.200000000186265 ], [ 40960.5, 5919592.200000000186265 ], [ 40960.5, 5919592.275000000372529 ], [ 40960.275000000001455, 5919592.275000000372529 ], [ 40960.275000000001455, 5919592.349999999627471 ], [ 40959.974999999998545, 5919592.349999999627471 ], [ 40959.974999999998545, 5919592.424999999813735 ], [ 40959.67500000000291, 5919592.424999999813735 ], [ 40959.67500000000291, 5919592.5 ], [ 40959.375, 5919592.5 ], [ 40959.375, 5919592.575000000186265 ], [ 40959.150000000001455, 5919592.575000000186265 ], [ 40959.150000000001455, 5919592.650000000372529 ], [ 40959.0, 5919592.650000000372529 ], [ 40959.0, 5919592.724999999627471 ], [ 40958.775000000001455, 5919592.724999999627471 ], [ 40958.775000000001455, 5919592.799999999813735 ], [ 40958.625, 5919592.799999999813735 ], [ 40958.625, 5919592.875 ], [ 40958.474999999998545, 5919592.875 ], [ 40958.474999999998545, 5919592.950000000186265 ], [ 40958.32499999999709, 5919592.950000000186265 ], [ 40958.32499999999709, 5919593.025000000372529 ], [ 40958.17500000000291, 5919593.025000000372529 ], [ 40958.17500000000291, 5919593.099999999627471 ], [ 40958.099999999998545, 5919593.099999999627471 ], [ 40958.099999999998545, 5919593.174999999813735 ], [ 40957.94999999999709, 5919593.174999999813735 ], [ 40957.94999999999709, 5919593.25 ], [ 40957.875, 5919593.25 ], [ 40957.875, 5919593.325000000186265 ], [ 40957.724999999998545, 5919593.325000000186265 ], [ 40957.724999999998545, 5919593.400000000372529 ], [ 40957.650000000001455, 5919593.400000000372529 ], [ 40957.650000000001455, 5919593.474999999627471 ], [ 40957.5, 5919593.474999999627471 ], [ 40957.5, 5919593.549999999813735 ], [ 40957.42500000000291, 5919593.549999999813735 ], [ 40957.42500000000291, 5919593.625 ], [ 40957.349999999998545, 5919593.625 ], [ 40957.349999999998545, 5919593.700000000186265 ], [ 40957.19999999999709, 5919593.700000000186265 ], [ 40957.19999999999709, 5919593.775000000372529 ], [ 40957.125, 5919593.775000000372529 ], [ 40957.125, 5919593.849999999627471 ], [ 40956.974999999998545, 5919593.849999999627471 ], [ 40956.974999999998545, 5919593.924999999813735 ], [ 40956.900000000001455, 5919593.924999999813735 ], [ 40956.900000000001455, 5919594.0 ], [ 40956.75, 5919594.0 ], [ 40956.75, 5919594.075000000186265 ], [ 40956.599999999998545, 5919594.075000000186265 ], [ 40956.599999999998545, 5919594.150000000372529 ], [ 40956.44999999999709, 5919594.150000000372529 ], [ 40956.44999999999709, 5919594.224999999627471 ], [ 40956.30000000000291, 5919594.224999999627471 ], [ 40956.30000000000291, 5919594.299999999813735 ], [ 40956.07499999999709, 5919594.299999999813735 ], [ 40956.07499999999709, 5919594.375 ], [ 40955.92500000000291, 5919594.375 ], [ 40955.92500000000291, 5919594.450000000186265 ], [ 40955.69999999999709, 5919594.450000000186265 ], [ 40955.69999999999709, 5919594.525000000372529 ], [ 40955.400000000001455, 5919594.525000000372529 ], [ 40955.400000000001455, 5919594.599999999627471 ], [ 40955.17500000000291, 5919594.599999999627471 ], [ 40955.17500000000291, 5919594.674999999813735 ], [ 40954.875, 5919594.674999999813735 ], [ 40954.875, 5919594.75 ], [ 40954.650000000001455, 5919594.75 ], [ 40954.650000000001455, 5919594.825000000186265 ], [ 40954.42500000000291, 5919594.825000000186265 ], [ 40954.42500000000291, 5919594.900000000372529 ], [ 40954.19999999999709, 5919594.900000000372529 ], [ 40954.19999999999709, 5919594.974999999627471 ], [ 40953.974999999998545, 5919594.974999999627471 ], [ 40953.974999999998545, 5919595.049999999813735 ], [ 40953.75, 5919595.049999999813735 ], [ 40953.75, 5919595.125 ], [ 40953.525000000001455, 5919595.125 ], [ 40953.525000000001455, 5919595.200000000186265 ], [ 40953.375, 5919595.200000000186265 ], [ 40953.375, 5919595.275000000372529 ], [ 40953.224999999998545, 5919595.275000000372529 ], [ 40953.224999999998545, 5919595.349999999627471 ], [ 40953.07499999999709, 5919595.349999999627471 ], [ 40953.07499999999709, 5919595.424999999813735 ], [ 40952.92500000000291, 5919595.424999999813735 ], [ 40952.92500000000291, 5919595.5 ], [ 40952.849999999998545, 5919595.5 ], [ 40952.849999999998545, 5919595.575000000186265 ], [ 40952.69999999999709, 5919595.575000000186265 ], [ 40952.69999999999709, 5919595.650000000372529 ], [ 40952.625, 5919595.650000000372529 ], [ 40952.625, 5919595.724999999627471 ], [ 40952.474999999998545, 5919595.724999999627471 ], [ 40952.474999999998545, 5919595.799999999813735 ], [ 40952.32499999999709, 5919595.799999999813735 ], [ 40952.32499999999709, 5919595.875 ], [ 40952.17500000000291, 5919595.875 ], [ 40952.17500000000291, 5919595.950000000186265 ], [ 40952.025000000001455, 5919595.950000000186265 ], [ 40952.025000000001455, 5919596.025000000372529 ], [ 40951.875, 5919596.025000000372529 ], [ 40951.875, 5919596.099999999627471 ], [ 40951.650000000001455, 5919596.099999999627471 ], [ 40951.650000000001455, 5919596.174999999813735 ], [ 40951.275000000001455, 5919596.174999999813735 ], [ 40951.275000000001455, 5919596.25 ], [ 40950.599999999998545, 5919596.25 ], [ 40950.599999999998545, 5919596.325000000186265 ], [ 40949.849999999998545, 5919596.325000000186265 ], [ 40949.849999999998545, 5919596.400000000372529 ], [ 40948.57499999999709, 5919596.400000000372529 ], [ 40948.57499999999709, 5919596.474999999627471 ], [ 40947.30000000000291, 5919596.474999999627471 ], [ 40947.30000000000291, 5919596.549999999813735 ], [ 40946.099999999998545, 5919596.549999999813735 ], [ 40946.099999999998545, 5919596.625 ], [ 40945.349999999998545, 5919596.625 ] ] ] } },
{ "type": "Feature", "properties": { "value": 1.0, "building_id": 16, "area": 324.17999999980202 }, "geometry": { "type": "Polygon", "coordinates": [ [ [ 41154.599999999998545, 5919598.950000000186265 ], [ 41154.599999999998545, 5919598.875 ], [ 41154.150000000001455, 5919598.875 ], [ 41154.150000000001455, 5919598.799999999813735 ], [ 41153.69999999999709, 5919598.799999999813735 ], [ 41153.69999999999709, 5919598.724999999627471 ], [ 41153.25, 5919598.724999999627471 ], [ 41153.25, 5919598.650000000372529 ], [ 41152.875, 5919598.650000000372529 ], [ 41152.875, 5919598.575000000186265 ], [ 41152.5, 5919598.575000000186265 ], [ 41152.5, 5919598.5 ], [ 41152.275000000001455, 5919598.5 ], [ 41152.275000000001455, 5919598.424999999813735 ], [ 41152.05000000000291, 5919598.424999999813735 ], [ 41152.05000000000291, 5919598.349999999627471 ], [ 41151.900000000001455, 5919598.349999999627471 ], [ 41151.900000000001455, 5919598.275000000372529 ], [ 41151.75, 5919598.275000000372529 ], [ 41151.75, 5919598.200000000186265 ], [ 41151.599999999998545, 5919598.200000000186265 ], [ 41151.599999999998545, 5919598.125 ], [ 41151.525000000001455, 5919598.125 ], [ 41151.525000000001455, 5919598.049999999813735 ], [ 41151.44999999999709, 5919598.049999999813735 ], [ 41151.44999999999709, 5919597.974999999627471 ], [ 41151.375, 5919597.974999999627471 ], [ 41151.375, 5919597.900000000372529 ], [ 41151.30000000000291, 5919597.900000000372529 ], [ 41151.30000000000291, 5919597.825000000186265 ], [ 41151.224999999998545, 5919597.825000000186265 ], [ 41151.224999999998545, 5919597.75 ], [ 41151.150000000001455, 5919597.75 ], [ 41151.150000000001455, 5919597.599999999627471 ], [ 41151.07499999999709, 5919597.599999999627471 ], [ 41151.07499999999709, 5919597.525000000372529 ], [ 41151.0, 5919597.525000000372529 ], [ 41151.0, 5919597.450000000186265 ], [ 41150.92500000000291, 5919597.450000000186265 ], [ 41150.92500000000291, 5919597.375 ], [ 41150.775000000001455, 5919597.375 ], [ 41150.775000000001455, 5919597.299999999813735 ], [ 41150.69999999999709, 5919597.299999999813735 ], [ 41150.69999999999709, 5919597.150000000372529 ], [ 41150.625, 5919597.150000000372529 ], [ 41150.625, 5919597.075000000186265 ], [ 41150.55000000000291, 5919597.075000000186265 ], [ 41150.55000000000291, 5919596.924999999813735 ], [ 41150.474999999998545, 5919596.924999999813735 ], [ 41150.474999999998545, 5919596.775000000372529 ], [ 41150.400000000001455, 5919596.775000000372529 ], [ 41150.400000000001455, 5919596.625 ], [ 41150.32499999999709, 5919596.625 ], [ 41150.32499999999709, 5919596.400000000372529 ], [ 41150.25, 5919596.400000000372529 ], [ 41150.25, 5919596.25 ], [ 41150.17500000000291, 5919596.25 ], [ 41150.17500000000291, 5919596.025000000372529 ], [ 41150.099999999998545, 5919596.025000000372529 ], [ 41150.099999999998545, 5919595.799999999813735 ], [ 41150.025000000001455, 5919595.799999999813735 ], [ 41150.025000000001455, 5919595.575000000186265 ], [ 41149.94999999999709, 5919595.575000000186265 ], [ 41149.94999999999709, 5919595.275000000372529 ], [ 41149.875, 5919595.275000000372529 ], [ 41149.875, 5919595.049999999813735 ], [ 41149.80000000000291, 5919595.049999999813735 ], [ 41149.80000000000291, 5919594.75 ], [ 41149.724999999998545, 5919594.75 ], [ 41149.724999999998545, 5919594.375 ], [ 41149.650000000001455, 5919594.375 ], [ 41149.650000000001455, 5919594.0 ], [ 41149.57499999999709, 5919594.0 ], [ 41149.57499999999709, 5919593.474999999627471 ], [ 41149.5, 5919593.474999999627471 ], [ 41149.5, 5919592.950000000186265 ], [ 41149.42500000000291, 5919592.950000000186265 ], [ 41149.42500000000291, 5919592.349999999627471 ], [ 41149.349999999998545, 5919592.349999999627471 ], [ 41149.349999999998545, 5919591.75 ], [ 41149.275000000001455, 5919591.75 ], [ 41149.275000000001455, 5919589.799999999813735 ], [ 41149.19999999999709, 5919589.799999999813735 ], [ 41149.19999999999709, 5919589.724999999627471 ], [ 41149.275000000001455, 5919589.724999999627471 ], [ 41149.275000000001455, 5919588.299999999813735 ], [ 41149.349999999998545, 5919588.299999999813735 ], [ 41149.349999999998545, 5919587.025000000372529 ], [ 41149.42500000000291, 5919587.025000000372529 ], [ 41149.42500000000291, 5919585.900000000372529 ], [ 41149.5, 5919585.900000000372529 ], [ 41149.5, 5919585.075000000186265 ], [ 41149.57499999999709, 5919585.075000000186265 ], [ 41149.57499999999709, 5919584.25 ], [ 41149.650000000001455, 5919584.25 ], [ 41149.650000000001455, 5919583.349999999627471 ], [ 41149.724999999998545, 5919583.349999999627471 ], [ 41149.724999999998545, 5919582.224999999627471 ], [ 41149.80000000000291, 5919582.224999999627471 ], [ 41149.80000000000291, 5919579.0 ], [ 41166.974999999998545, 5919579.0 ], [ 41166.974999999998545, 5919583.049999999813735 ], [ 41167.05000000000291, 5919583.049999999813735 ], [ 41167.05000000000291, 5919585.450000000186265 ], [ 41167.125, 5919585.450000000186265 ], [ 41167.125, 5919588.375 ], [ 41167.19999999999709, 5919588.375 ], [ 41167.19999999999709, 5919590.474999999627471 ], [ 41167.125, 5919590.474999999627471 ], [ 41167.125, 5919591.75 ], [ 41167.05000000000291, 5919591.75 ], [ 41167.05000000000291, 5919592.049999999813735 ], [ 41166.974999999998545, 5919592.049999999813735 ], [ 41166.974999999998545, 5919592.424999999813735 ], [ 41166.900000000001455, 5919592.424999999813735 ], [ 41166.900000000001455, 5919592.724999999627471 ], [ 41166.82499999999709, 5919592.724999999627471 ], [ 41166.82499999999709, 5919592.950000000186265 ], [ 41166.75, 5919592.950000000186265 ], [ 41166.75, 5919593.174999999813735 ], [ 41166.67500000000291, 5919593.174999999813735 ], [ 41166.67500000000291, 5919593.400000000372529 ], [ 41166.599999999998545, 5919593.400000000372529 ], [ 41166.599999999998545, 5919593.625 ], [ 41166.525000000001455, 5919593.625 ], [ 41166.525000000001455, 5919593.775000000372529 ], [ 41166.44999999999709, 5919593.775000000372529 ], [ 41166.44999999999709, 5919593.924999999813735 ], [ 41166.375, 5919593.924999999813735 ], [ 41166.375, 5919594.075000000186265 ], [ 41166.30000000000291, 5919594.075000000186265 ], [ 41166.30000000000291, 5919594.150000000372529 ], [ 41166.224999999998545, 5919594.150000000372529 ], [ 41166.224999999998545, 5919594.299999999813735 ], [ 41166.150000000001455, 5919594.299999999813735 ], [ 41166.150000000001455, 5919594.450000000186265 ], [ 41166.07499999999709, 5919594.450000000186265 ], [ 41166.07499999999709, 5919594.599999999627471 ], [ 41166.0, 5919594.599999999627471 ], [ 41166.0, 5919594.75 ], [ 41165.92500000000291, 5919594.75 ], [ 41165.92500000000291, 5919594.900000000372529 ], [ 41165.849999999998545, 5919594.900000000372529 ], [ 41165.849999999998545, 5919595.049999999813735 ], [ 41165.775000000001455, 5919595.049999999813735 ], [ 41165.775000000001455, 5919595.125 ], [ 41165.69999999999709, 5919595.125 ], [ 41165.69999999999709, 5919595.275000000372529 ], [ 41165.625, 5919595.275000000372529 ], [ 41165.625, 5919595.424999999813735 ], [ 41165.55000000000291, 5919595.424999999813735 ], [ 41165.55000000000291, 5919595.575000000186265 ], [ 41165.474999999998545, 5919595.575000000186265 ], [ 41165.474999999998545, 5919595.724999999627471 ], [ 41165.400000000001455, 5919595.724999999627471 ], [ 41165.400000000001455, 5919595.799999999813735 ], [ 41165.32499999999709, 5919595.799999999813735 ], [ 41165.32499999999709, 5919595.875 ], [ 41165.25, 5919595.875 ], [ 41165.25, 5919595.950000000186265 ], [ 41165.17500000000291, 5919595.950000000186265 ], [ 41165.17500000000291, 5919596.025000000372529 ], [ 41165.099999999998545, 5919596.025000000372529 ], [ 41165.099999999998545, 5919596.099999999627471 ], [ 41165.025000000001455, 5919596.099999999627471 ], [ 41165.025000000001455, 5919596.174999999813735 ], [ 41164.94999999999709, 5919596.174999999813735 ], [ 41164.94999999999709, 5919596.25 ], [ 41164.875, 5919596.25 ], [ 41164.875, 5919596.325000000186265 ], [ 41164.80000000000291, 5919596.325000000186265 ], [ 41164.80000000000291, 5919596.400000000372529 ], [ 41164.724999999998545, 5919596.400000000372529 ], [ 41164.724999999998545, 5919596.474999999627471 ], [ 41164.57499999999709, 5919596.474999999627471 ], [ 41164.57499999999709, 5919596.549999999813735 ], [ 41164.5, 5919596.549999999813735 ], [ 41164.5, 5919596.625 ], [ 41164.275000000001455, 5919596.625 ], [ 41164.275000000001455, 5919596.700000000186265 ], [ 41164.05000000000291, 5919596.700000000186265 ], [ 41164.05000000000291, 5919596.775000000372529 ], [ 41163.82499999999709, 5919596.775000000372529 ], [ 41163.82499999999709, 5919596.849999999627471 ], [ 41163.599999999998545, 5919596.849999999627471 ], [ 41163.599999999998545, 5919596.924999999813735 ], [ 41163.375, 5919596.924999999813735 ], [ 41163.375, 5919597.0 ], [ 41163.224999999998545, 5919597.0 ], [ 41163.224999999998545, 5919597.075000000186265 ], [ 41163.0, 5919597.075000000186265 ], [ 41163.0, 5919597.150000000372529 ], [ 41162.775000000001455, 5919597.150000000372529 ], [ 41162.775000000001455, 5919597.224999999627471 ], [ 41162.55000000000291, 5919597.224999999627471 ], [ 41162.55000000000291, 5919597.299999999813735 ], [ 41162.25, 5919597.299999999813735 ], [ 41162.25, 5919597.375 ], [ 41161.94999999999709, 5919597.375 ], [ 41161.94999999999709, 5919597.450000000186265 ], [ 41161.650000000001455, 5919597.450000000186265 ], [ 41161.650000000001455, 5919597.525000000372529 ], [ 41161.349999999998545, 5919597.525000000372529 ], [ 41161.349999999998545, 5919597.599999999627471 ], [ 41161.19999999999709, 5919597.599999999627471 ], [ 41161.19999999999709, 5919597.674999999813735 ], [ 41160.974999999998545, 5919597.674999999813735 ], [ 41160.974999999998545, 5919597.75 ], [ 41160.75, 5919597.75 ], [ 41160.75, 5919597.825000000186265 ], [ 41160.525000000001455, 5919597.825000000186265 ], [ 41160.525000000001455, 5919597.900000000372529 ], [ 41160.224999999998545, 5919597.900000000372529 ], [ 41160.224999999998545, 5919597.974999999627471 ], [ 41159.849999999998545, 5919597.974999999627471 ], [ 41159.849999999998545, 5919598.049999999813735 ], [ 41159.55000000000291, 5919598.049999999813735 ], [ 41159.55000000000291, 5919598.125 ], [ 41159.17500000000291, 5919598.125 ], [ 41159.17500000000291, 5919598.200000000186265 ], [ 41158.80000000000291, 5919598.200000000186265 ], [ 41158.80000000000291, 5919598.275000000372529 ], [ 41158.42500000000291, 5919598.275000000372529 ], [ 41158.42500000000291, 5919598.349999999627471 ], [ 41157.974999999998545, 5919598.349999999627471 ], [ 41157.974999999998545, 5919598.424999999813735 ], [ 41157.67500000000291, 5919598.424999999813735 ], [ 41157.67500000000291, 5919598.5 ], [ 41157.30000000000291, 5919598.5 ], [ 41157.30000000000291, 5919598.575000000186265 ], [ 41157.0, 5919598.575000000186265 ], [ 41157.0, 5919598.650000000372529 ], [ 41156.775000000001455, 5919598.650000000372529 ], [ 41156.775000000001455, 5919598.724999999627471 ], [ 41156.25, 5919598.724999999627471 ], [ 41156.25, 5919598.799999999813735 ], [ 41155.5, 5919598.799999999813735 ], [ 41155.5, 5919598.875 ], [ 41154.75, 5919598.875 ], [ 41154.75, 5919598.950000000186265 ], [ 41154.599999999998545, 5919598.950000000186265 ] ] ] } }
]
}
