{
"type": "FeatureCollection",
"name": "42183E594582N_buildings",
"crs": { "type": "name", "properties": { "name": "urn:ogc:def:crs:EPSG::3776" } },
"features": [
{ "type": "Feature", "properties": { "value": 1.0, "building_id": 0, "area": 1054.3556250008528 }, "geometry": { "type": "Polygon", "coordinates": [ [ [ 42388.875, 5946010.724999999627471 ], [ 42388.875, 5946010.650000000372529 ], [ 42388.42500000000291, 5946010.650000000372529 ], [ 42388.42500000000291, 5946010.575000000186265 ], [ 42388.05000000000291, 5946010.575000000186265 ], [ 42388.05000000000291, 5946010.5 ], [ 42387.75, 5946010.5 ], [ 42387.75, 5946010.424999999813735 ], [ 42387.44999999999709, 5946010.424999999813735 ], [ 42387.44999999999709, 5946010.349999999627471 ], [ 42387.224999999998545, 5946010.349999999627471 ], [ 42387.224999999998545, 5946010.275000000372529 ], [ 42386.92500000000291, 5946010.275000000372529 ], [ 42386.92500000000291, 5946010.200000000186265 ], [ 42386.69999999999709, 5946010.200000000186265 ], [ 42386.69999999999709, 5946010.125 ], [ 42386.55000000000291, 5946010.125 ], [ 42386.55000000000291, 5946010.049999999813735 ], [ 42386.32499999999709, 5946010.049999999813735 ], [ 42386.32499999999709, 5946009.974999999627471 ], [ 42386.17500000000291, 5946009.974999999627471 ], [ 42386.17500000000291, 5946009.900000000372529 ], [ 42386.025000000001455, 5946009.900000000372529 ], [ 42386.025000000001455, 5946009.825000000186265 ], [ 42385.875, 5946009.825000000186265 ], [ 42385.875, 5946009.75 ], [ 42385.724999999998545, 5946009.75 ], [ 42385.724999999998545, 5946009.674999999813735 ], [ 42385.57499999999709, 5946009.674999999813735 ], [ 42385.57499999999709, 5946009.599999999627471 ], [ 42385.42500000000291, 5946009.599999999627471 ], [ 42385.42500000000291, 5946009.525000000372529 ], [ 42385.19999999999709, 5946009.525000000372529 ], [ 42385.19999999999709, 5946009.450000000186265 ], [ 42384.900000000001455, 5946009.450000000186265 ], [ 42384.900000000001455, 5946009.375 ], [ 42384.67500000000291, 5946009.375 ], [ 42384.67500000000291, 5946009.299999999813735 ], [ 42384.44999999999709, 5946009.299999999813735 ], [ 42384.44999999999709, 5946009.224999999627471 ], [ 42384.224999999998545, 5946009.224999999627471 ], [ 42384.224999999998545, 5946009.150000000372529 ], [ 42384.0, 5946009.150000000372529 ], [ 42384.0, 5946009.075000000186265 ], [ 42383.775000000001455, 5946009.075000000186265 ], [ 42383.775000000001455, 5946009.0 ], [ 42383.55000000000291, 5946009.0 ], [ 42383.55000000000291, 5946008.924999999813735 ], [ 42383.400000000001455, 5946008.924999999813735 ], [ 42383.400000000001455, 5946008.849999999627471 ], [ 42383.17500000000291, 5946008.849999999627471 ], [ 42383.17500000000291, 5946008.775000000372529 ], [ 42383.099999999998545, 5946008.775000000372529 ], [ 42383.099999999998545, 5946008.700000000186265 ], [ 42382.94999999999709, 5946008.700000000186265 ], [ 42382.94999999999709, 5946008.625 ], [ 42382.875, 5946008.625 ], [ 42382.875, 5946008.549999999813735 ], [ 42382.80000000000291, 5946008.549999999813735 ], [ 42382.80000000000291, 5946008.474999999627471 ], [ 42382.724999999998545, 5946008.474999999627471 ], [ 42382.724999999998545, 5946008.400000000372529 ], [ 42382.650000000001455, 5946008.400000000372529 ], [ 42382.650000000001455, 5946008.325000000186265 ], [ 42382.57499999999709, 5946008.325000000186265 ], [ 42382.57499999999709, 5946008.25 ], [ 42382.5, 5946008.25 ], [ 42382.5, 5946008.174999999813735 ], [ 42382.42500000000291, 5946008.174999999813735 ], [ 42382.42500000000291, 5946008.099999999627471 ], [ 42382.349999999998545, 5946008.099999999627471 ], [ 42382.349999999998545, 5946008.025000000372529 ], [ 42382.275000000001455, 5946008.025000000372529 ], [ 42382.275000000001455, 5946007.875 ], [ 42382.19999999999709, 5946007.875 ], [ 42382.19999999999709, 5946007.724999999627471 ], [ 42382.125, 5946007.724999999627471 ], [ 42382.125, 5946007.575000000186265 ], [ 42382.05000000000291, 5946007.575000000186265 ], [ 42382.05000000000291, 5946007.424999999813735 ], [ 42381.974999999998545, 5946007.424999999813735 ], [ 42381.974999999998545, 5946007.275000000372529 ], [ 42381.900000000001455, 5946007.275000000372529 ], [ 42381.900000000001455, 5946007.125 ], [ 42381.82499999999709, 5946007.125 ], [ 42381.82499999999709, 5946006.974999999627471 ], [ 42381.75, 5946006.974999999627471 ], [ 42381.75, 5946006.825000000186265 ], [ 42381.67500000000291, 5946006.825000000186265 ], [ 42381.67500000000291, 5946006.599999999627471 ], [ 42381.599999999998545, 5946006.599999999627471 ], [ 42381.599999999998545, 5946006.450000000186265 ], [ 42381.525000000001455, 5946006.450000000186265 ], [ 42381.525000000001455, 5946006.224999999627471 ], [ 42381.44999999999709, 5946006.224999999627471 ], [ 42381.44999999999709, 5946005.924999999813735 ], [ 42381.375, 5946005.924999999813735 ], [ 42381.375, 5946005.700000000186265 ], [ 42381.30000000000291, 5946005.700000000186265 ], [ 42381.30000000000291, 5946005.549999999813735 ], [ 42381.150000000001455, 5946005.549999999813735 ], [ 42381.150000000001455, 5946005.474999999627471 ], [ 42381.0, 5946005.474999999627471 ], [ 42381.0, 5946005.400000000372529 ], [ 42380.849999999998545, 5946005.400000000372529 ], [ 42380.849999999998545, 5946005.325000000186265 ], [ 42380.775000000001455, 5946005.325000000186265 ], [ 42380.775000000001455, 5946005.25 ], [ 42380.69999999999709, 5946005.25 ], [ 42380.69999999999709, 5946005.174999999813735 ], [ 42380.625, 5946005.174999999813735 ], [ 42380.625, 5946005.099999999627471 ], [ 42380.55000000000291, 5946005.099999999627471 ], [ 42380.55000000000291, 5946005.025000000372529 ], [ 42380.474999999998545, 5946005.025000000372529 ], [ 42380.474999999998545, 5946004.875 ], [ 42380.400000000001455, 5946004.875 ], [ 42380.400000000001455, 5946004.724999999627471 ], [ 42380.32499999999709, 5946004.724999999627471 ], [ 42380.32499999999709, 5946004.650000000372529 ], [ 42380.25, 5946004.650000000372529 ], [ 42380.25, 5946004.5 ], [ 42380.17500000000291, 5946004.5 ], [ 42380.17500000000291, 5946004.349999999627471 ], [ 42380.099999999998545, 5946004.349999999627471 ], [ 42380.099999999998545, 5946004.200000000186265 ], [ 42380.025000000001455, 5946004.200000000186265 ], [ 42380.025000000001455, 5946003.974999999627471 ], [ 42379.94999999999709, 5946003.974999999627471 ], [ 42379.94999999999709, 5946003.75 ], [ 42379.875, 5946003.75 ], [ 42379.875, 5946003.375 ], [ 42379.80000000000291, 5946003.375 ], [ 42379.80000000000291, 5946003.0 ], [ 42379.724999999998545, 5946003.0 ], [ 42379.724999999998545, 5946002.549999999813735 ], [ 42379.650000000001455, 5946002.549999999813735 ], [ 42379.650000000001455, 5946002.099999999627471 ], [ 42379.57499999999709, 5946002.099999999627471 ], [ 42379.57499999999709, 5946001.724999999627471 ], [ 42379.5, 5946001.724999999627471 ], [ 42379.5, 5946001.575000000186265 ], [ 42379.42500000000291, 5946001.575000000186265 ], [ 42379.42500000000291, 5946001.424999999813735 ], [ 42379.349999999998545, 5946001.424999999813735 ], [ 42379.349999999998545, 5946001.200000000186265 ], [ 42379.275000000001455, 5946001.200000000186265 ], [ 42379.275000000001455, 5946001.125 ], [ 42379.19999999999709, 5946001.125 ], [ 42379.19999999999709, 5946001.049999999813735 ], [ 42379.125, 5946001.049999999813735 ], [ 42379.125, 5946000.974999999627471 ], [ 42379.05000000000291, 5946000.974999999627471 ], [ 42379.05000000000291, 5946000.825000000186265 ], [ 42378.974999999998545, 5946000.825000000186265 ], [ 42378.974999999998545, 5946000.75 ], [ 42378.900000000001455, 5946000.75 ], [ 42378.900000000001455, 5946000.599999999627471 ], [ 42378.82499999999709, 5946000.599999999627471 ], [ 42378.82499999999709, 5946000.450000000186265 ], [ 42378.75, 5946000.450000000186265 ], [ 42378.75, 5946000.299999999813735 ], [ 42378.67500000000291, 5946000.299999999813735 ], [ 42378.67500000000291, 5946000.075000000186265 ], [ 42378.599999999998545, 5946000.075000000186265 ], [ 42378.599999999998545, 5945999.849999999627471 ], [ 42378.525000000001455, 5945999.849999999627471 ], [ 42378.525000000001455, 5945999.625 ], [ 42378.44999999999709, 5945999.625 ], [ 42378.44999999999709, 5945999.325000000186265 ], [ 42378.375, 5945999.325000000186265 ], [ 42378.375, 5945999.025000000372529 ], [ 42378.30000000000291, 5945999.025000000372529 ], [ 42378.30000000000291, 5945998.650000000372529 ], [ 42378.224999999998545, 5945998.650000000372529 ], [ 42378.224999999998545, 5945998.125 ], [ 42378.150000000001455, 5945998.125 ], [ 42378.150000000001455, 5945997.599999999627471 ], [ 42378.224999999998545, 5945997.599999999627471 ], [ 42378.224999999998545, 5945996.25 ], [ 42378.30000000000291, 5945996.25 ], [ 42378.30000000000291, 5945995.724999999627471 ], [ 42378.375, 5945995.724999999627471 ], [ 42378.375, 5945995.5 ], [ 42378.44999999999709, 5945995.5 ], [ 42378.44999999999709, 5945995.200000000186265 ], [ 42378.525000000001455, 5945995.200000000186265 ], [ 42378.525000000001455, 5945994.974999999627471 ], [ 42378.599999999998545, 5945994.974999999627471 ], [ 42378.599999999998545, 5945994.75 ], [ 42378.67500000000291, 5945994.75 ], [ 42378.67500000000291, 5945994.599999999627471 ], [ 42378.75, 5945994.599999999627471 ], [ 42378.75, 5945994.375 ], [ 42378.82499999999709, 5945994.375 ], [ 42378.82499999999709, 5945994.224999999627471 ], [ 42378.900000000001455, 5945994.224999999627471 ], [ 42378.900000000001455, 5945994.075000000186265 ], [ 42378.974999999998545, 5945994.075000000186265 ], [ 42378.974999999998545, 5945993.924999999813735 ], [ 42379.05000000000291, 5945993.924999999813735 ], [ 42379.05000000000291, 5945993.849999999627471 ], [ 42379.125, 5945993.849999999627471 ], [ 42379.125, 5945993.700000000186265 ], [ 42379.19999999999709, 5945993.700000000186265 ], [ 42379.19999999999709, 5945993.625 ], [ 42379.275000000001455, 5945993.625 ], [ 42379.275000000001455, 5945993.549999999813735 ], [ 42379.349999999998545, 5945993.549999999813735 ], [ 42379.349999999998545, 5945993.400000000372529 ], [ 42379.42500000000291, 5945993.400000000372529 ], [ 42379.42500000000291, 5945993.325000000186265 ], [ 42379.5, 5945993.325000000186265 ], [ 42379.5, 5945993.174999999813735 ], [ 42379.57499999999709, 5945993.174999999813735 ], [ 42379.57499999999709, 5945993.025000000372529 ], [ 42379.650000000001455, 5945993.025000000372529 ], [ 42379.650000000001455, 5945992.950000000186265 ], [ 42379.724999999998545, 5945992.950000000186265 ], [ 42379.724999999998545, 5945992.799999999813735 ], [ 42379.80000000000291, 5945992.799999999813735 ], [ 42379.80000000000291, 5945992.650000000372529 ], [ 42379.875, 5945992.650000000372529 ], [ 42379.875, 5945992.5 ], [ 42379.94999999999709, 5945992.5 ], [ 42379.94999999999709, 5945992.275000000372529 ], [ 42380.025000000001455, 5945992.275000000372529 ], [ 42380.025000000001455, 5945992.125 ], [ 42380.099999999998545, 5945992.125 ], [ 42380.099999999998545, 5945991.825000000186265 ], [ 42380.17500000000291, 5945991.825000000186265 ], [ 42380.17500000000291, 5945991.599999999627471 ], [ 42380.25, 5945991.599999999627471 ], [ 42380.25, 5945991.450000000186265 ], [ 42380.32499999999709, 5945991.450000000186265 ], [ 42380.32499999999709, 5945991.224999999627471 ], [ 42380.400000000001455, 5945991.224999999627471 ], [ 42380.400000000001455, 5945991.0 ], [ 42380.474999999998545, 5945991.0 ], [ 42380.474999999998545, 5945990.849999999627471 ], [ 42380.55000000000291, 5945990.849999999627471 ], [ 42380.55000000000291, 5945990.625 ], [ 42380.625, 5945990.625 ], [ 42380.625, 5945990.474999999627471 ], [ 42380.69999999999709, 5945990.474999999627471 ], [ 42380.69999999999709, 5945990.325000000186265 ], [ 42380.775000000001455, 5945990.325000000186265 ], [ 42380.775000000001455, 5945990.174999999813735 ], [ 42380.849999999998545, 5945990.174999999813735 ], [ 42380.849999999998545, 5945990.025000000372529 ], [ 42380.92500000000291, 5945990.025000000372529 ], [ 42380.92500000000291, 5945989.950000000186265 ], [ 42381.0, 5945989.950000000186265 ], [ 42381.0, 5945989.875 ], [ 42381.07499999999709, 5945989.875 ], [ 42381.07499999999709, 5945989.799999999813735 ], [ 42381.150000000001455, 5945989.799999999813735 ], [ 42381.150000000001455, 5945989.724999999627471 ], [ 42381.224999999998545, 5945989.724999999627471 ], [ 42381.224999999998545, 5945989.650000000372529 ], [ 42381.375, 5945989.650000000372529 ], [ 42381.375, 5945989.575000000186265 ], [ 42381.44999999999709, 5945989.575000000186265 ], [ 42381.44999999999709, 5945989.5 ], [ 42381.525000000001455, 5945989.5 ], [ 42381.525000000001455, 5945989.424999999813735 ], [ 42381.599999999998545, 5945989.424999999813735 ], [ 42381.599999999998545, 5945989.349999999627471 ], [ 42381.75, 5945989.349999999627471 ], [ 42381.75, 5945989.275000000372529 ], [ 42381.82499999999709, 5945989.275000000372529 ], [ 42381.82499999999709, 5945989.200000000186265 ], [ 42381.900000000001455, 5945989.200000000186265 ], [ 42381.900000000001455, 5945989.125 ], [ 42381.974999999998545, 5945989.125 ], [ 42381.974999999998545, 5945989.049999999813735 ], [ 42382.05000000000291, 5945989.049999999813735 ], [ 42382.05000000000291, 5945988.974999999627471 ], [ 42382.125, 5945988.974999999627471 ], [ 42382.125, 5945988.900000000372529 ], [ 42382.19999999999709, 5945988.900000000372529 ], [ 42382.19999999999709, 5945988.75 ], [ 42382.275000000001455, 5945988.75 ], [ 42382.275000000001455, 5945988.674999999813735 ], [ 42382.349999999998545, 5945988.674999999813735 ], [ 42382.349999999998545, 5945988.599999999627471 ], [ 42382.42500000000291, 5945988.599999999627471 ], [ 42382.42500000000291, 5945988.525000000372529 ], [ 42382.5, 5945988.525000000372529 ], [ 42382.5, 5945988.450000000186265 ], [ 42382.57499999999709, 5945988.450000000186265 ], [ 42382.57499999999709, 5945988.299999999813735 ], [ 42382.650000000001455, 5945988.299999999813735 ], [ 42382.650000000001455, 5945988.224999999627471 ], [ 42382.724999999998545, 5945988.224999999627471 ], [ 42382.724999999998545, 5945988.150000000372529 ], [ 42382.80000000000291, 5945988.150000000372529 ], [ 42382.80000000000291, 5945988.075000000186265 ], [ 42382.875, 5945988.075000000186265 ], [ 42382.875, 5945988.0 ], [ 42382.94999999999709, 5945988.0 ], [ 42382.94999999999709, 5945987.924999999813735 ], [ 42383.025000000001455, 5945987.924999999813735 ], [ 42383.025000000001455, 5945987.849999999627471 ], [ 42383.099999999998545, 5945987.849999999627471 ], [ 42383.099999999998545, 5945987.775000000372529 ], [ 42383.17500000000291, 5945987.775000000372529 ], [ 42383.17500000000291, 5945987.700000000186265 ], [ 42383.32499999999709, 5945987.700000000186265 ], [ 42383.32499999999709, 5945987.625 ], [ 42383.474999999998545, 5945987.625 ], [ 42383.474999999998545, 5945987.549999999813735 ], [ 42383.625, 5945987.549999999813735 ], [ 42383.625, 5945987.474999999627471 ], [ 42383.775000000001455, 5945987.474999999627471 ], [ 42383.775000000001455, 5945987.400000000372529 ], [ 42383.92500000000291, 5945987.400000000372529 ], [ 42383.92500000000291, 5945987.325000000186265 ], [ 42384.07499999999709, 5945987.325000000186265 ], [ 42384.07499999999709, 5945987.25 ], [ 42384.224999999998545, 5945987.25 ], [ 42384.224999999998545, 5945987.174999999813735 ], [ 42384.375, 5945987.174999999813735 ], [ 42384.375, 5945987.099999999627471 ], [ 42384.525000000001455, 5945987.099999999627471 ], [ 42384.525000000001455, 5945987.025000000372529 ], [ 42384.67500000000291, 5945987.025000000372529 ], [ 42384.67500000000291, 5945986.950000000186265 ], [ 42384.82499999999709, 5945986.950000000186265 ], [ 42384.82499999999709, 5945986.875 ], [ 42384.974999999998545, 5945986.875 ], [ 42384.974999999998545, 5945986.799999999813735 ], [ 42385.125, 5945986.799999999813735 ], [ 42385.125, 5945986.724999999627471 ], [ 42385.275000000001455, 5945986.724999999627471 ], [ 42385.275000000001455, 5945986.650000000372529 ], [ 42385.349999999998545, 5945986.650000000372529 ], [ 42385.349999999998545, 5945986.575000000186265 ], [ 42385.42500000000291, 5945986.575000000186265 ], [ 42385.42500000000291, 5945986.5 ], [ 42385.5, 5945986.5 ], [ 42385.5, 5945986.424999999813735 ], [ 42385.650000000001455, 5945986.424999999813735 ], [ 42385.650000000001455, 5945986.349999999627471 ], [ 42385.724999999998545, 5945986.349999999627471 ], [ 42385.724999999998545, 5945986.200000000186265 ], [ 42385.80000000000291, 5945986.200000000186265 ], [ 42385.80000000000291, 5945986.125 ], [ 42385.875, 5945986.125 ], [ 42385.875, 5945986.049999999813735 ], [ 42385.94999999999709, 5945986.049999999813735 ], [ 42385.94999999999709, 5945985.974999999627471 ], [ 42386.025000000001455, 5945985.974999999627471 ], [ 42386.025000000001455, 5945985.900000000372529 ], [ 42386.099999999998545, 5945985.900000000372529 ], [ 42386.099999999998545, 5945985.825000000186265 ], [ 42386.25, 5945985.825000000186265 ], [ 42386.25, 5945985.75 ], [ 42386.32499999999709, 5945985.75 ], [ 42386.32499999999709, 5945985.674999999813735 ], [ 42386.400000000001455, 5945985.674999999813735 ], [ 42386.400000000001455, 5945985.599999999627471 ], [ 42386.55000000000291, 5945985.599999999627471 ], [ 42386.55000000000291, 5945985.525000000372529 ], [ 42386.69999999999709, 5945985.525000000372529 ], [ 42386.69999999999709, 5945985.450000000186265 ], [ 42386.849999999998545, 5945985.450000000186265 ], [ 42386.849999999998545, 5945985.375 ], [ 42387.0, 5945985.375 ], [ 42387.0, 5945985.299999999813735 ], [ 42387.150000000001455, 5945985.299999999813735 ], [ 42387.150000000001455, 5945985.224999999627471 ], [ 42387.30000000000291, 5945985.224999999627471 ], [ 42387.30000000000291, 5945985.150000000372529 ], [ 42387.525000000001455, 5945985.150000000372529 ], [ 42387.525000000001455, 5945985.075000000186265 ], [ 42387.67500000000291, 5945985.075000000186265 ], [ 42387.67500000000291, 5945985.0 ], [ 42387.82499999999709, 5945985.0 ], [ 42387.82499999999709, 5945984.924999999813735 ], [ 42387.974999999998545, 5945984.924999999813735 ], [ 42387.974999999998545, 5945984.849999999627471 ], [ 42388.05000000000291, 5945984.849999999627471 ], [ 42388.05000000000291, 5945984.775000000372529 ], [ 42388.19999999999709, 5945984.775000000372529 ], [ 42388.19999999999709, 5945984.700000000186265 ], [ 42388.275000000001455, 5945984.700000000186265 ], [ 42388.275000000001455, 5945984.625 ], [ 42388.42500000000291, 5945984.625 ], [ 42388.42500000000291, 5945984.549999999813735 ], [ 42388.5, 5945984.549999999813735 ], [ 42388.5, 5945984.474999999627471 ], [ 42388.57499999999709, 5945984.474999999627471 ], [ 42388.57499999999709, 5945984.400000000372529 ], [ 42388.724999999998545, 5945984.400000000372529 ], [ 42388.724999999998545, 5945984.325000000186265 ], [ 42388.80000000000291, 5945984.325000000186265 ], [ 42388.80000000000291, 5945984.25 ], [ 42388.875, 5945984.25 ], [ 42388.875, 5945984.174999999813735 ], [ 42388.94999999999709, 5945984.174999999813735 ], [ 42388.94999999999709, 5945984.099999999627471 ], [ 42389.025000000001455, 5945984.099999999627471 ], [ 42389.025000000001455, 5945984.025000000372529 ], [ 42389.17500000000291, 5945984.025000000372529 ], [ 42389.17500000000291, 5945983.950000000186265 ], [ 42389.32499999999709, 5945983.950000000186265 ], [ 42389.32499999999709, 5945983.875 ], [ 42389.474999999998545, 5945983.875 ], [ 42389.474999999998545, 5945983.799999999813735 ], [ 42389.69999999999709, 5945983.799999999813735 ], [ 42389.69999999999709, 5945983.724999999627471 ], [ 42389.849999999998545, 5945983.724999999627471 ], [ 42389.849999999998545, 5945983.650000000372529 ], [ 42390.07499999999709, 5945983.650000000372529 ], [ 42390.07499999999709, 5945983.575000000186265 ], [ 42390.224999999998545, 5945983.575000000186265 ], [ 42390.224999999998545, 5945983.5 ], [ 42390.44999999999709, 5945983.5 ], [ 42390.44999999999709, 5945983.424999999813735 ], [ 42390.75, 5945983.424999999813735 ], [ 42390.75, 5945983.349999999627471 ], [ 42390.974999999998545, 5945983.349999999627471 ], [ 42390.974999999998545, 5945983.275000000372529 ], [ 42391.349999999998545, 5945983.275000000372529 ], [ 42391.349999999998545, 5945983.200000000186265 ], [ 42391.724999999998545, 5945983.200000000186265 ], [ 42391.724999999998545, 5945983.125 ], [ 42392.099999999998545, 5945983.125 ], [ 42392.099999999998545, 5945983.049999999813735 ], [ 42392.400000000001455, 5945983.049999999813735 ], [ 42392.400000000001455, 5945982.974999999627471 ], [ 42392.69999999999709, 5945982.974999999627471 ], [ 42392.69999999999709, 5945982.900000000372529 ], [ 42393.0, 5945982.900000000372529 ], [ 42393.0, 5945982.825000000186265 ], [ 42393.150000000001455, 5945982.825000000186265 ], [ 42393.150000000001455, 5945982.75 ], [ 42393.375, 5945982.75 ], [ 42393.375, 5945982.674999999813735 ], [ 42393.525000000001455, 5945982.674999999813735 ], [ 42393.525000000001455, 5945982.599999999627471 ], [ 42393.67500000000291, 5945982.599999999627471 ], [ 42393.67500000000291, 5945982.525000000372529 ], [ 42393.82499999999709, 5945982.525000000372529 ], [ 42393.82499999999709, 5945982.450000000186265 ], [ 42393.900000000001455, 5945982.450000000186265 ], [ 42393.900000000001455, 5945982.375 ], [ 42394.05000000000291, 5945982.375 ], [ 42394.05000000000291, 5945982.299999999813735 ], [ 42394.19999999999709, 5945982.299999999813735 ], [ 42394.19999999999709, 5945982.224999999627471 ], [ 42394.275000000001455, 5945982.224999999627471 ], [ 42394.275000000001455, 5945982.150000000372529 ], [ 42394.42500000000291, 5945982.150000000372529 ], [ 42394.42500000000291, 5945982.075000000186265 ], [ 42394.57499999999709, 5945982.075000000186265 ], [ 42394.57499999999709, 5945982.0 ], [ 42394.724999999998545, 5945982.0 ], [ 42394.724999999998545, 5945981.924999999813735 ], [ 42394.875, 5945981.924999999813735 ], [ 42394.875, 5945981.849999999627471 ], [ 42395.17500000000291, 5945981.849999999627471 ], [ 42395.17500000000291, 5945981.775000000372529 ], [ 42395.400000000001455, 5945981.775000000372529 ], [ 42395.400000000001455, 5945981.700000000186265 ], [ 42395.775000000001455, 5945981.700000000186265 ], [ 42395.775000000001455, 5945981.625 ], [ 42396.07499999999709, 5945981.625 ], [ 42396.07499999999709, 5945981.549999999813735 ], [ 42396.44999999999709, 5945981.549999999813735 ], [ 42396.44999999999709, 5945981.474999999627471 ], [ 42396.82499999999709, 5945981.474999999627471 ], [ 42396.82499999999709, 5945981.400000000372529 ], [ 42397.650000000001455, 5945981.400000000372529 ], [ 42397.650000000001455, 5945981.325000000186265 ], [ 42398.474999999998545, 5945981.325000000186265 ], [ 42398.474999999998545, 5945981.25 ], [ 42399.375, 5945981.25 ], [ 42399.375, 5945981.174999999813735 ], [ 42400.19999999999709, 5945981.174999999813735 ], [ 42400.19999999999709, 5945981.099999999627471 ], [ 42400.94999999999709, 5945981.099999999627471 ], [ 42400.94999999999709, 5945981.025000000372529 ], [ 42401.400000000001455, 5945981.025000000372529 ], [ 42401.400000000001455, 5945980.950000000186265 ], [ 42401.775000000001455, 5945980.950000000186265 ], [ 42401.775000000001455, 5945980.875 ], [ 42402.150000000001455, 5945980.875 ], [ 42402.150000000001455, 5945980.799999999813735 ], [ 42402.525000000001455, 5945980.799999999813735 ], [ 42402.525000000001455, 5945980.724999999627471 ], [ 42402.82499999999709, 5945980.724999999627471 ], [ 42402.82499999999709, 5945980.650000000372529 ], [ 42403.05000000000291, 5945980.650000000372529 ], [ 42403.05000000000291, 5945980.575000000186265 ], [ 42403.349999999998545, 5945980.575000000186265 ], [ 42403.349999999998545, 5945980.5 ], [ 42403.57499999999709, 5945980.5 ], [ 42403.57499999999709, 5945980.424999999813735 ], [ 42403.80000000000291, 5945980.424999999813735 ], [ 42403.80000000000291, 5945980.349999999627471 ], [ 42404.025000000001455, 5945980.349999999627471 ], [ 42404.025000000001455, 5945980.275000000372529 ], [ 42404.25, 5945980.275000000372529 ], [ 42404.25, 5945980.200000000186265 ], [ 42404.474999999998545, 5945980.200000000186265 ], [ 42404.474999999998545, 5945980.125 ], [ 42404.775000000001455, 5945980.125 ], [ 42404.775000000001455, 5945980.049999999813735 ], [ 42405.07499999999709, 5945980.049999999813735 ], [ 42405.07499999999709, 5945979.974999999627471 ], [ 42405.44999999999709, 5945979.974999999627471 ], [ 42405.44999999999709, 5945979.900000000372529 ], [ 42405.82499999999709, 5945979.900000000372529 ], [ 42405.82499999999709, 5945979.825000000186265 ], [ 42406.19999999999709, 5945979.825000000186265 ], [ 42406.19999999999709, 5945979.75 ], [ 42406.650000000001455, 5945979.75 ], [ 42406.650000000001455, 5945979.674999999813735 ], [ 42407.099999999998545, 5945979.674999999813735 ], [ 42407.099999999998545, 5945979.599999999627471 ], [ 42407.55000000000291, 5945979.599999999627471 ], [ 42407.55000000000291, 5945979.525000000372529 ], [ 42408.0, 5945979.525000000372529 ], [ 42408.0, 5945979.450000000186265 ], [ 42408.525000000001455, 5945979.450000000186265 ], [ 42408.525000000001455, 5945979.375 ], [ 42408.82499999999709, 5945979.375 ], [ 42408.82499999999709, 5945979.299999999813735 ], [ 42409.125, 5945979.299999999813735 ], [ 42409.125, 5945979.224999999627471 ], [ 42409.42500000000291, 5945979.224999999627471 ], [ 42409.42500000000291, 5945979.150000000372529 ], [ 42409.724999999998545, 5945979.150000000372529 ], [ 42409.724999999998545, 5945979.075000000186265 ], [ 42409.94999999999709, 5945979.075000000186265 ], [ 42409.94999999999709, 5945979.0 ], [ 42410.17500000000291, 5945979.0 ], [ 42410.17500000000291, 5945978.924999999813735 ], [ 42410.400000000001455, 5945978.924999999813735 ], [ 42410.400000000001455, 5945978.849999999627471 ], [ 42410.625, 5945978.849999999627471 ], [ 42410.625, 5945978.775000000372529 ], [ 42410.775000000001455, 5945978.775000000372529 ], [ 42410.775000000001455, 5945978.700000000186265 ], [ 42410.92500000000291, 5945978.700000000186265 ], [ 42410.92500000000291, 5945978.625 ], [ 42411.07499999999709, 5945978.625 ], [ 42411.07499999999709, 5945978.549999999813735 ], [ 42411.224999999998545, 5945978.549999999813735 ], [ 42411.224999999998545, 5945978.474999999627471 ], [ 42411.30000000000291, 5945978.474999999627471 ], [ 42411.30000000000291, 5945978.400000000372529 ], [ 42411.44999999999709, 5945978.400000000372529 ], [ 42411.44999999999709, 5945978.325000000186265 ], [ 42411.599999999998545, 5945978.325000000186265 ], [ 42411.599999999998545, 5945978.25 ], [ 42411.67500000000291, 5945978.25 ], [ 42411.67500000000291, 5945978.174999999813735 ], [ 42411.82499999999709, 5945978.174999999813735 ], [ 42411.82499999999709, 5945978.099999999627471 ], [ 42412.05000000000291, 5945978.099999999627471 ], [ 42412.05000000000291, 5945978.025000000372529 ], [ 42412.19999999999709, 5945978.025000000372529 ], [ 42412.19999999999709, 5945977.950000000186265 ], [ 42412.42500000000291, 5945977.950000000186265 ], [ 42412.42500000000291, 5945977.875 ], [ 42412.875, 5945977.875 ], [ 42412.875, 5945977.799999999813735 ], [ 42413.625, 5945977.799999999813735 ], [ 42413.625, 5945977.724999999627471 ], [ 42415.5, 5945977.724999999627471 ], [ 42415.5, 5945977.799999999813735 ], [ 42416.400000000001455, 5945977.799999999813735 ], [ 42416.400000000001455, 5945977.875 ], [ 42417.150000000001455, 5945977.875 ], [ 42417.150000000001455, 5945977.950000000186265 ], [ 42417.82499999999709, 5945977.950000000186265 ], [ 42417.82499999999709, 5945978.025000000372529 ], [ 42418.42500000000291, 5945978.025000000372529 ], [ 42418.42500000000291, 5945978.099999999627471 ], [ 42418.94999999999709, 5945978.099999999627471 ], [ 42418.94999999999709, 5945978.174999999813735 ], [ 42419.400000000001455, 5945978.174999999813735 ], [ 42419.400000000001455, 5945978.25 ], [ 42419.849999999998545, 5945978.25 ], [ 42419.849999999998545, 5945978.325000000186265 ], [ 42420.224999999998545, 5945978.325000000186265 ], [ 42420.224999999998545, 5945978.400000000372529 ], [ 42420.375, 5945978.400000000372529 ], [ 42420.375, 5945978.474999999627471 ], [ 42420.44999999999709, 5945978.474999999627471 ], [ 42420.44999999999709, 5945978.549999999813735 ], [ 42420.525000000001455, 5945978.549999999813735 ], [ 42420.525000000001455, 5945978.625 ], [ 42420.599999999998545, 5945978.625 ], [ 42420.599999999998545, 5945978.700000000186265 ], [ 42420.75, 5945978.700000000186265 ], [ 42420.75, 5945978.775000000372529 ], [ 42420.82499999999709, 5945978.775000000372529 ], [ 42420.82499999999709, 5945978.849999999627471 ], [ 42420.900000000001455, 5945978.849999999627471 ], [ 42420.900000000001455, 5945978.924999999813735 ], [ 42420.974999999998545, 5945978.924999999813735 ], [ 42420.974999999998545, 5945979.0 ], [ 42421.125, 5945979.0 ], [ 42421.125, 5945979.075000000186265 ], [ 42421.19999999999709, 5945979.075000000186265 ], [ 42421.19999999999709, 5945979.150000000372529 ], [ 42421.275000000001455, 5945979.150000000372529 ], [ 42421.275000000001455, 5945979.224999999627471 ], [ 42421.42500000000291, 5945979.224999999627471 ], [ 42421.42500000000291, 5945979.299999999813735 ], [ 42421.5, 5945979.299999999813735 ], [ 42421.5, 5945979.375 ], [ 42421.650000000001455, 5945979.375 ], [ 42421.650000000001455, 5945979.450000000186265 ], [ 42421.724999999998545, 5945979.450000000186265 ], [ 42421.724999999998545, 5945979.525000000372529 ], [ 42421.875, 5945979.525000000372529 ], [ 42421.875, 5945979.599999999627471 ], [ 42421.94999999999709, 5945979.599999999627471 ], [ 42421.94999999999709, 5945979.674999999813735 ], [ 42422.099999999998545, 5945979.674999999813735 ], [ 42422.099999999998545, 5945979.75 ], [ 42422.25, 5945979.75 ], [ 42422.25, 5945979.825000000186265 ], [ 42422.32499999999709, 5945979.825000000186265 ], [ 42422.32499999999709, 5945979.900000000372529 ], [ 42422.400000000001455, 5945979.900000000372529 ], [ 42422.400000000001455, 5945979.974999999627471 ], [ 42422.474999999998545, 5945979.974999999627471 ], [ 42422.474999999998545, 5945980.049999999813735 ], [ 42422.55000000000291, 5945980.049999999813735 ], [ 42422.55000000000291, 5945980.125 ], [ 42422.625, 5945980.125 ], [ 42422.625, 5945980.200000000186265 ], [ 42422.69999999999709, 5945980.200000000186265 ], [ 42422.69999999999709, 5945980.275000000372529 ], [ 42422.775000000001455, 5945980.275000000372529 ], [ 42422.775000000001455, 5945980.349999999627471 ], [ 42422.849999999998545, 5945980.349999999627471 ], [ 42422.849999999998545, 5945980.5 ], [ 42422.92500000000291, 5945980.5 ], [ 42422.92500000000291, 5945980.650000000372529 ], [ 42423.0, 5945980.650000000372529 ], [ 42423.0, 5945980.799999999813735 ], [ 42423.07499999999709, 5945980.799999999813735 ], [ 42423.07499999999709, 5945980.950000000186265 ], [ 42423.150000000001455, 5945980.950000000186265 ], [ 42423.150000000001455, 5945981.099999999627471 ], [ 42423.224999999998545, 5945981.099999999627471 ], [ 42423.224999999998545, 5945981.25 ], [ 42423.30000000000291, 5945981.25 ], [ 42423.30000000000291, 5945981.400000000372529 ], [ 42423.375, 5945981.400000000372529 ], [ 42423.375, 5945981.549999999813735 ], [ 42423.44999999999709, 5945981.549999999813735 ], [ 42423.44999999999709, 5945981.775000000372529 ], [ 42423.525000000001455, 5945981.775000000372529 ], [ 42423.525000000001455, 5945981.924999999813735 ], [ 42423.599999999998545, 5945981.924999999813735 ], [ 42423.599999999998545, 5945982.150000000372529 ], [ 42423.67500000000291, 5945982.150000000372529 ], [ 42423.67500000000291, 5945982.375 ], [ 42423.75, 5945982.375 ], [ 42423.75, 5945982.450000000186265 ], [ 42423.82499999999709, 5945982.450000000186265 ], [ 42423.82499999999709, 5945982.599999999627471 ], [ 42423.900000000001455, 5945982.599999999627471 ], [ 42423.900000000001455, 5945982.75 ], [ 42423.974999999998545, 5945982.75 ], [ 42423.974999999998545, 5945982.900000000372529 ], [ 42424.05000000000291, 5945982.900000000372529 ], [ 42424.05000000000291, 5945982.974999999627471 ], [ 42424.125, 5945982.974999999627471 ], [ 42424.125, 5945983.125 ], [ 42424.19999999999709, 5945983.125 ], [ 42424.19999999999709, 5945983.200000000186265 ], [ 42424.349999999998545, 5945983.200000000186265 ], [ 42424.349999999998545, 5945983.275000000372529 ], [ 42424.42500000000291, 5945983.275000000372529 ], [ 42424.42500000000291, 5945983.349999999627471 ], [ 42424.5, 5945983.349999999627471 ], [ 42424.5, 5945983.424999999813735 ], [ 42424.57499999999709, 5945983.424999999813735 ], [ 42424.57499999999709, 5945983.5 ], [ 42424.650000000001455, 5945983.5 ], [ 42424.650000000001455, 5945983.575000000186265 ], [ 42424.724999999998545, 5945983.575000000186265 ], [ 42424.724999999998545, 5945983.650000000372529 ], [ 42424.80000000000291, 5945983.650000000372529 ], [ 42424.80000000000291, 5945983.799999999813735 ], [ 42424.875, 5945983.799999999813735 ], [ 42424.875, 5945983.875 ], [ 42424.94999999999709, 5945983.875 ], [ 42424.94999999999709, 5945983.950000000186265 ], [ 42425.025000000001455, 5945983.950000000186265 ], [ 42425.025000000001455, 5945984.099999999627471 ], [ 42425.099999999998545, 5945984.099999999627471 ], [ 42425.099999999998545, 5945984.25 ], [ 42425.17500000000291, 5945984.25 ], [ 42425.17500000000291, 5945984.400000000372529 ], [ 42425.25, 5945984.400000000372529 ], [ 42425.25, 5945984.549999999813735 ], [ 42425.32499999999709, 5945984.549999999813735 ], [ 42425.32499999999709, 5945984.775000000372529 ], [ 42425.400000000001455, 5945984.775000000372529 ], [ 42425.400000000001455, 5945984.924999999813735 ], [ 42425.474999999998545, 5945984.924999999813735 ], [ 42425.474999999998545, 5945985.150000000372529 ], [ 42425.55000000000291, 5945985.150000000372529 ], [ 42425.55000000000291, 5945985.450000000186265 ], [ 42425.625, 5945985.450000000186265 ], [ 42425.625, 5945985.674999999813735 ], [ 42425.69999999999709, 5945985.674999999813735 ], [ 42425.69999999999709, 5945985.974999999627471 ], [ 42425.775000000001455, 5945985.974999999627471 ], [ 42425.775000000001455, 5945986.275000000372529 ], [ 42425.849999999998545, 5945986.275000000372529 ], [ 42425.849999999998545, 5945986.5 ], [ 42425.92500000000291, 5945986.5 ], [ 42425.92500000000291, 5945986.724999999627471 ], [ 42426.0, 5945986.724999999627471 ], [ 42426.0, 5945986.950000000186265 ], [ 42426.07499999999709, 5945986.950000000186265 ], [ 42426.07499999999709, 5945987.174999999813735 ], [ 42426.150000000001455, 5945987.174999999813735 ], [ 42426.150000000001455, 5945987.325000000186265 ], [ 42426.224999999998545, 5945987.325000000186265 ], [ 42426.224999999998545, 5945987.474999999627471 ], [ 42426.30000000000291, 5945987.474999999627471 ], [ 42426.30000000000291, 5945987.625 ], [ 42426.375, 5945987.625 ], [ 42426.375, 5945987.700000000186265 ], [ 42426.44999999999709, 5945987.700000000186265 ], [ 42426.44999999999709, 5945987.924999999813735 ], [ 42426.525000000001455, 5945987.924999999813735 ], [ 42426.525000000001455, 5945988.075000000186265 ], [ 42426.599999999998545, 5945988.075000000186265 ], [ 42426.599999999998545, 5945988.299999999813735 ], [ 42426.67500000000291, 5945988.299999999813735 ], [ 42426.67500000000291, 5945988.900000000372529 ], [ 42426.75, 5945988.900000000372529 ], [ 42426.75, 5945989.424999999813735 ], [ 42426.82499999999709, 5945989.424999999813735 ], [ 42426.82499999999709, 5945990.025000000372529 ], [ 42426.900000000001455, 5945990.025000000372529 ], [ 42426.900000000001455, 5945990.25 ], [ 42426.82499999999709, 5945990.25 ], [ 42426.82499999999709, 5945990.625 ], [ 42426.75, 5945990.625 ], [ 42426.75, 5945990.849999999627471 ], [ 42426.67500000000291, 5945990.849999999627471 ], [ 42426.67500000000291, 5945991.150000000372529 ], [ 42426.599999999998545, 5945991.150000000372529 ], [ 42426.599999999998545, 5945991.375 ], [ 42426.525000000001455, 5945991.375 ], [ 42426.525000000001455, 5945991.525000000372529 ], [ 42426.44999999999709, 5945991.525000000372529 ], [ 42426.44999999999709, 5945991.674999999813735 ], [ 42426.375, 5945991.674999999813735 ], [ 42426.375, 5945991.825000000186265 ], [ 42426.30000000000291, 5945991.825000000186265 ], [ 42426.30000000000291, 5945991.974999999627471 ], [ 42426.224999999998545, 5945991.974999999627471 ], [ 42426.224999999998545, 5945992.049999999813735 ], [ 42426.150000000001455, 5945992.049999999813735 ], [ 42426.150000000001455, 5945992.575000000186265 ], [ 42426.07499999999709, 5945992.575000000186265 ], [ 42426.07499999999709, 5945992.875 ], [ 42426.0, 5945992.875 ], [ 42426.0, 5945993.174999999813735 ], [ 42425.92500000000291, 5945993.174999999813735 ], [ 42425.92500000000291, 5945993.400000000372529 ], [ 42425.849999999998545, 5945993.400000000372529 ], [ 42425.849999999998545, 5945993.700000000186265 ], [ 42425.775000000001455, 5945993.700000000186265 ], [ 42425.775000000001455, 5945994.0 ], [ 42425.69999999999709, 5945994.0 ], [ 42425.69999999999709, 5945994.224999999627471 ], [ 42425.625, 5945994.224999999627471 ], [ 42425.625, 5945994.450000000186265 ], [ 42425.55000000000291, 5945994.450000000186265 ], [ 42425.55000000000291, 5945994.674999999813735 ], [ 42425.474999999998545, 5945994.674999999813735 ], [ 42425.474999999998545, 5945994.900000000372529 ], [ 42425.400000000001455, 5945994.900000000372529 ], [ 42425.400000000001455, 5945995.049999999813735 ], [ 42425.32499999999709, 5945995.049999999813735 ], [ 42425.32499999999709, 5945995.275000000372529 ], [ 42425.25, 5945995.275000000372529 ], [ 42425.25, 5945995.424999999813735 ], [ 42425.17500000000291, 5945995.424999999813735 ], [ 42425.17500000000291, 5945995.650000000372529 ], [ 42425.099999999998545, 5945995.650000000372529 ], [ 42425.099999999998545, 5945995.799999999813735 ], [ 42425.025000000001455, 5945995.799999999813735 ], [ 42425.025000000001455, 5945995.950000000186265 ], [ 42424.94999999999709, 5945995.950000000186265 ], [ 42424.94999999999709, 5945996.099999999627471 ], [ 42424.875, 5945996.099999999627471 ], [ 42424.875, 5945996.174999999813735 ], [ 42424.80000000000291, 5945996.174999999813735 ], [ 42424.80000000000291, 5945996.25 ], [ 42424.724999999998545, 5945996.25 ], [ 42424.724999999998545, 5945996.325000000186265 ], [ 42424.650000000001455, 5945996.325000000186265 ], [ 42424.650000000001455, 5945996.400000000372529 ], [ 42424.57499999999709, 5945996.400000000372529 ], [ 42424.57499999999709, 5945996.474999999627471 ], [ 42424.5, 5945996.474999999627471 ], [ 42424.5, 5945996.549999999813735 ], [ 42424.349999999998545, 5945996.549999999813735 ], [ 42424.349999999998545, 5945996.625 ], [ 42424.275000000001455, 5945996.625 ], [ 42424.275000000001455, 5945996.700000000186265 ], [ 42424.19999999999709, 5945996.700000000186265 ], [ 42424.19999999999709, 5945996.775000000372529 ], [ 42424.05000000000291, 5945996.775000000372529 ], [ 42424.05000000000291, 5945996.849999999627471 ], [ 42423.974999999998545, 5945996.849999999627471 ], [ 42423.974999999998545, 5945996.924999999813735 ], [ 42423.82499999999709, 5945996.924999999813735 ], [ 42423.82499999999709, 5945997.0 ], [ 42423.75, 5945997.0 ], [ 42423.75, 5945997.075000000186265 ], [ 42423.599999999998545, 5945997.075000000186265 ], [ 42423.599999999998545, 5945997.150000000372529 ], [ 42423.525000000001455, 5945997.150000000372529 ], [ 42423.525000000001455, 5945997.224999999627471 ], [ 42423.375, 5945997.224999999627471 ], [ 42423.375, 5945997.299999999813735 ], [ 42423.30000000000291, 5945997.299999999813735 ], [ 42423.30000000000291, 5945997.375 ], [ 42423.150000000001455, 5945997.375 ], [ 42423.150000000001455, 5945997.450000000186265 ], [ 42423.0, 5945997.450000000186265 ], [ 42423.0, 5945997.525000000372529 ], [ 42422.92500000000291, 5945997.525000000372529 ], [ 42422.92500000000291, 5945997.599999999627471 ], [ 42422.775000000001455, 5945997.599999999627471 ], [ 42422.775000000001455, 5945997.674999999813735 ], [ 42422.69999999999709, 5945997.674999999813735 ], [ 42422.69999999999709, 5945997.75 ], [ 42422.55000000000291, 5945997.75 ], [ 42422.55000000000291, 5945997.825000000186265 ], [ 42422.474999999998545, 5945997.825000000186265 ], [ 42422.474999999998545, 5945997.900000000372529 ], [ 42422.32499999999709, 5945997.900000000372529 ], [ 42422.32499999999709, 5945997.974999999627471 ], [ 42422.25, 5945997.974999999627471 ], [ 42422.25, 5945998.049999999813735 ], [ 42422.099999999998545, 5945998.049999999813735 ], [ 42422.099999999998545, 5945998.125 ], [ 42422.025000000001455, 5945998.125 ], [ 42422.025000000001455, 5945998.200000000186265 ], [ 42421.94999999999709, 5945998.200000000186265 ], [ 42421.94999999999709, 5945998.275000000372529 ], [ 42421.80000000000291, 5945998.275000000372529 ], [ 42421.80000000000291, 5945998.349999999627471 ], [ 42421.724999999998545, 5945998.349999999627471 ], [ 42421.724999999998545, 5945998.424999999813735 ], [ 42421.57499999999709, 5945998.424999999813735 ], [ 42421.57499999999709, 5945998.5 ], [ 42421.42500000000291, 5945998.5 ], [ 42421.42500000000291, 5945998.575000000186265 ], [ 42421.275000000001455, 5945998.575000000186265 ], [ 42421.275000000001455, 5945998.650000000372529 ], [ 42421.125, 5945998.650000000372529 ], [ 42421.125, 5945998.724999999627471 ], [ 42420.974999999998545, 5945998.724999999627471 ], [ 42420.974999999998545, 5945998.799999999813735 ], [ 42420.75, 5945998.799999999813735 ], [ 42420.75, 5945998.875 ], [ 42420.525000000001455, 5945998.875 ], [ 42420.525000000001455, 5945998.950000000186265 ], [ 42420.30000000000291, 5945998.950000000186265 ], [ 42420.30000000000291, 5945999.025000000372529 ], [ 42419.775000000001455, 5945999.025000000372529 ], [ 42419.775000000001455, 5945999.099999999627471 ], [ 42419.17500000000291, 5945999.099999999627471 ], [ 42419.17500000000291, 5945999.174999999813735 ], [ 42418.57499999999709, 5945999.174999999813735 ], [ 42418.57499999999709, 5945999.25 ], [ 42417.974999999998545, 5945999.25 ], [ 42417.974999999998545, 5945999.325000000186265 ], [ 42417.30000000000291, 5945999.325000000186265 ], [ 42417.30000000000291, 5945999.400000000372529 ], [ 42416.625, 5945999.400000000372529 ], [ 42416.625, 5945999.474999999627471 ], [ 42416.099999999998545, 5945999.474999999627471 ], [ 42416.099999999998545, 5945999.549999999813735 ], [ 42415.57499999999709, 5945999.549999999813735 ], [ 42415.57499999999709, 5945999.625 ], [ 42415.05000000000291, 5945999.625 ], [ 42415.05000000000291, 5945999.700000000186265 ], [ 42414.599999999998545, 5945999.700000000186265 ], [ 42414.599999999998545, 5945999.775000000372529 ], [ 42414.375, 5945999.775000000372529 ], [ 42414.375, 5945999.849999999627471 ], [ 42414.224999999998545, 5945999.849999999627471 ], [ 42414.224999999998545, 5945999.924999999813735 ], [ 42414.150000000001455, 5945999.924999999813735 ], [ 42414.150000000001455, 5946000.0 ], [ 42414.07499999999709, 5946000.0 ], [ 42414.07499999999709, 5946000.075000000186265 ], [ 42414.0, 5946000.075000000186265 ], [ 42414.0, 5946000.150000000372529 ], [ 42413.92500000000291, 5946000.150000000372529 ], [ 42413.92500000000291, 5946000.224999999627471 ], [ 42413.775000000001455, 5946000.224999999627471 ], [ 42413.775000000001455, 5946000.299999999813735 ], [ 42413.69999999999709, 5946000.299999999813735 ], [ 42413.69999999999709, 5946000.375 ], [ 42413.625, 5946000.375 ], [ 42413.625, 5946000.450000000186265 ], [ 42413.474999999998545, 5946000.450000000186265 ], [ 42413.474999999998545, 5946000.525000000372529 ], [ 42413.32499999999709, 5946000.525000000372529 ], [ 42413.32499999999709, 5946000.599999999627471 ], [ 42413.25, 5946000.599999999627471 ], [ 42413.25, 5946000.674999999813735 ], [ 42413.099999999998545, 5946000.674999999813735 ], [ 42413.099999999998545, 5946000.75 ], [ 42412.94999999999709, 5946000.75 ], [ 42412.94999999999709, 5946000.825000000186265 ], [ 42412.80000000000291, 5946000.825000000186265 ], [ 42412.80000000000291, 5946000.900000000372529 ], [ 42412.57499999999709, 5946000.900000000372529 ], [ 42412.57499999999709, 5946000.974999999627471 ], [ 42412.349999999998545, 5946000.974999999627471 ], [ 42412.349999999998545, 5946001.049999999813735 ], [ 42412.125, 5946001.049999999813735 ], [ 42412.125, 5946001.125 ], [ 42411.900000000001455, 5946001.125 ], [ 42411.900000000001455, 5946001.200000000186265 ], [ 42411.67500000000291, 5946001.200000000186265 ], [ 42411.67500000000291, 5946001.275000000372529 ], [ 42411.375, 5946001.275000000372529 ], [ 42411.375, 5946001.349999999627471 ], [ 42411.07499999999709, 5946001.349999999627471 ], [ 42411.07499999999709, 5946001.424999999813735 ], [ 42410.849999999998545, 5946001.424999999813735 ], [ 42410.849999999998545, 5946001.5 ], [ 42410.55000000000291, 5946001.5 ], [ 42410.55000000000291, 5946001.575000000186265 ], [ 42410.400000000001455, 5946001.575000000186265 ], [ 42410.400000000001455, 5946001.650000000372529 ], [ 42410.32499999999709, 5946001.650000000372529 ], [ 42410.32499999999709, 5946001.724999999627471 ], [ 42410.25, 5946001.724999999627471 ], [ 42410.25, 5946001.799999999813735 ], [ 42410.17500000000291, 5946001.799999999813735 ], [ 42410.17500000000291, 5946001.875 ], [ 42410.099999999998545, 5946001.875 ], [ 42410.099999999998545, 5946001.950000000186265 ], [ 42410.025000000001455, 5946001.950000000186265 ], [ 42410.025000000001455, 5946002.025000000372529 ], [ 42409.94999999999709, 5946002.025000000372529 ], [ 42409.94999999999709, 5946002.099999999627471 ], [ 42409.875, 5946002.099999999627471 ], [ 42409.875, 5946002.174999999813735 ], [ 42409.80000000000291, 5946002.174999999813735 ], [ 42409.80000000000291, 5946002.25 ], [ 42409.650000000001455, 5946002.25 ], [ 42409.650000000001455, 5946002.325000000186265 ], [ 42409.57499999999709, 5946002.325000000186265 ], [ 42409.57499999999709, 5946002.400000000372529 ], [ 42409.5, 5946002.400000000372529 ], [ 42409.5, 5946002.474999999627471 ], [ 42409.349999999998545, 5946002.474999999627471 ], [ 42409.349999999998545, 5946002.549999999813735 ], [ 42409.19999999999709, 5946002.549999999813735 ], [ 42409.19999999999709, 5946002.625 ], [ 42409.125, 5946002.625 ], [ 42409.125, 5946002.700000000186265 ], [ 42408.974999999998545, 5946002.700000000186265 ], [ 42408.974999999998545, 5946002.775000000372529 ], [ 42408.75, 5946002.775000000372529 ], [ 42408.75, 5946002.849999999627471 ], [ 42408.599999999998545, 5946002.849999999627471 ], [ 42408.599999999998545, 5946002.924999999813735 ], [ 42408.375, 5946002.924999999813735 ], [ 42408.375, 5946003.0 ], [ 42408.224999999998545, 5946003.0 ], [ 42408.224999999998545, 5946003.075000000186265 ], [ 42408.0, 5946003.075000000186265 ], [ 42408.0, 5946003.150000000372529 ], [ 42407.849999999998545, 5946003.150000000372529 ], [ 42407.849999999998545, 5946003.224999999627471 ], [ 42407.69999999999709, 5946003.224999999627471 ], [ 42407.69999999999709, 5946003.299999999813735 ], [ 42407.55000000000291, 5946003.299999999813735 ], [ 42407.55000000000291, 5946003.375 ], [ 42407.400000000001455, 5946003.375 ], [ 42407.400000000001455, 5946003.450000000186265 ], [ 42407.25, 5946003.450000000186265 ], [ 42407.25, 5946003.525000000372529 ], [ 42407.17500000000291, 5946003.525000000372529 ], [ 42407.17500000000291, 5946003.599999999627471 ], [ 42407.025000000001455, 5946003.599999999627471 ], [ 42407.025000000001455, 5946003.674999999813735 ], [ 42406.875, 5946003.674999999813735 ], [ 42406.875, 5946003.75 ], [ 42406.80000000000291, 5946003.75 ], [ 42406.80000000000291, 5946003.825000000186265 ], [ 42406.724999999998545, 5946003.825000000186265 ], [ 42406.724999999998545, 5946003.900000000372529 ], [ 42406.57499999999709, 5946003.900000000372529 ], [ 42406.57499999999709, 5946003.974999999627471 ], [ 42406.5, 5946003.974999999627471 ], [ 42406.5, 5946004.049999999813735 ], [ 42406.349999999998545, 5946004.049999999813735 ], [ 42406.349999999998545, 5946004.125 ], [ 42406.275000000001455, 5946004.125 ], [ 42406.275000000001455, 5946004.200000000186265 ], [ 42406.125, 5946004.200000000186265 ], [ 42406.125, 5946004.275000000372529 ], [ 42405.974999999998545, 5946004.275000000372529 ], [ 42405.974999999998545, 5946004.349999999627471 ], [ 42405.900000000001455, 5946004.349999999627471 ], [ 42405.900000000001455, 5946004.424999999813735 ], [ 42405.67500000000291, 5946004.424999999813735 ], [ 42405.67500000000291, 5946004.5 ], [ 42405.525000000001455, 5946004.5 ], [ 42405.525000000001455, 5946004.575000000186265 ], [ 42405.375, 5946004.575000000186265 ], [ 42405.375, 5946004.650000000372529 ], [ 42405.150000000001455, 5946004.650000000372529 ], [ 42405.150000000001455, 5946004.724999999627471 ], [ 42404.92500000000291, 5946004.724999999627471 ], [ 42404.92500000000291, 5946004.799999999813735 ], [ 42404.69999999999709, 5946004.799999999813735 ], [ 42404.69999999999709, 5946004.875 ], [ 42404.17500000000291, 5946004.875 ], [ 42404.17500000000291, 5946004.950000000186265 ], [ 42403.724999999998545, 5946004.950000000186265 ], [ 42403.724999999998545, 5946005.025000000372529 ], [ 42403.19999999999709, 5946005.025000000372529 ], [ 42403.19999999999709, 5946005.099999999627471 ], [ 42402.75, 5946005.099999999627471 ], [ 42402.75, 5946005.174999999813735 ], [ 42402.525000000001455, 5946005.174999999813735 ], [ 42402.525000000001455, 5946005.25 ], [ 42402.30000000000291, 5946005.25 ], [ 42402.30000000000291, 5946005.325000000186265 ], [ 42402.07499999999709, 5946005.325000000186265 ], [ 42402.07499999999709, 5946005.400000000372529 ], [ 42401.849999999998545, 5946005.400000000372529 ], [ 42401.849999999998545, 5946005.474999999627471 ], [ 42401.69999999999709, 5946005.474999999627471 ], [ 42401.69999999999709, 5946005.549999999813735 ], [ 42401.55000000000291, 5946005.549999999813735 ], [ 42401.55000000000291, 5946005.625 ], [ 42401.32499999999709, 5946005.625 ], [ 42401.32499999999709, 5946005.700000000186265 ], [ 42401.25, 5946005.700000000186265 ], [ 42401.25, 5946005.775000000372529 ], [ 42401.099999999998545, 5946005.775000000372529 ], [ 42401.099999999998545, 5946005.849999999627471 ], [ 42400.94999999999709, 5946005.849999999627471 ], [ 42400.94999999999709, 5946005.924999999813735 ], [ 42400.875, 5946005.924999999813735 ], [ 42400.875, 5946006.0 ], [ 42400.724999999998545, 5946006.0 ], [ 42400.724999999998545, 5946006.075000000186265 ], [ 42400.57499999999709, 5946006.075000000186265 ], [ 42400.57499999999709, 5946006.150000000372529 ], [ 42400.42500000000291, 5946006.150000000372529 ], [ 42400.42500000000291, 5946006.224999999627471 ], [ 42400.275000000001455, 5946006.224999999627471 ], [ 42400.275000000001455, 5946006.299999999813735 ], [ 42400.05000000000291, 5946006.299999999813735 ], [ 42400.05000000000291, 5946006.375 ], [ 42399.900000000001455, 5946006.375 ], [ 42399.900000000001455, 5946006.450000000186265 ], [ 42399.67500000000291, 5946006.450000000186265 ], [ 42399.67500000000291, 5946006.525000000372529 ], [ 42399.44999999999709, 5946006.525000000372529 ], [ 42399.44999999999709, 5946006.599999999627471 ], [ 42399.150000000001455, 5946006.599999999627471 ], [ 42399.150000000001455, 5946006.674999999813735 ], [ 42398.92500000000291, 5946006.674999999813735 ], [ 42398.92500000000291, 5946006.75 ], [ 42398.55000000000291, 5946006.75 ], [ 42398.55000000000291, 5946006.825000000186265 ], [ 42398.17500000000291, 5946006.825000000186265 ], [ 42398.17500000000291, 5946006.900000000372529 ], [ 42397.80000000000291, 5946006.900000000372529 ], [ 42397.80000000000291, 5946006.974999999627471 ], [ 42397.42500000000291, 5946006.974999999627471 ], [ 42397.42500000000291, 5946007.049999999813735 ], [ 42397.05000000000291, 5946007.049999999813735 ], [ 42397.05000000000291, 5946007.125 ], [ 42396.67500000000291, 5946007.125 ], [ 42396.67500000000291, 5946007.200000000186265 ], [ 42396.44999999999709, 5946007.200000000186265 ], [ 42396.44999999999709, 5946007.275000000372529 ], [ 42396.224999999998545, 5946007.275000000372529 ], [ 42396.224999999998545, 5946007.349999999627471 ], [ 42396.0, 5946007.349999999627471 ], [ 42396.0, 5946007.424999999813735 ], [ 42395.849999999998545, 5946007.424999999813735 ], [ 42395.849999999998545, 5946007.5 ], [ 42395.625, 5946007.5 ], [ 42395.625, 5946007.575000000186265 ], [ 42395.474999999998545, 5946007.575000000186265 ], [ 42395.474999999998545, 5946007.650000000372529 ], [ 42395.32499999999709, 5946007.650000000372529 ], [ 42395.32499999999709, 5946007.724999999627471 ], [ 42395.17500000000291, 5946007.724999999627471 ], [ 42395.17500000000291, 5946007.799999999813735 ], [ 42395.099999999998545, 5946007.799999999813735 ], [ 42395.099999999998545, 5946007.875 ], [ 42394.94999999999709, 5946007.875 ], [ 42394.94999999999709, 5946007.950000000186265 ], [ 42394.875, 5946007.950000000186265 ], [ 42394.875, 5946008.025000000372529 ], [ 42394.80000000000291, 5946008.025000000372529 ], [ 42394.80000000000291, 5946008.099999999627471 ], [ 42394.724999999998545, 5946008.099999999627471 ], [ 42394.724999999998545, 5946008.174999999813735 ], [ 42394.650000000001455, 5946008.174999999813735 ], [ 42394.650000000001455, 5946008.25 ], [ 42394.57499999999709, 5946008.25 ], [ 42394.57499999999709, 5946008.325000000186265 ], [ 42394.5, 5946008.325000000186265 ], [ 42394.5, 5946008.400000000372529 ], [ 42394.42500000000291, 5946008.400000000372529 ], [ 42394.42500000000291, 5946008.474999999627471 ], [ 42394.349999999998545, 5946008.474999999627471 ], [ 42394.349999999998545, 5946008.549999999813735 ], [ 42394.19999999999709, 5946008.549999999813735 ], [ 42394.19999999999709, 5946008.625 ], [ 42394.125, 5946008.625 ], [ 42394.125, 5946008.700000000186265 ], [ 42393.974999999998545, 5946008.700000000186265 ], [ 42393.974999999998545, 5946008.775000000372529 ], [ 42393.82499999999709, 5946008.775000000372529 ], [ 42393.82499999999709, 5946008.849999999627471 ], [ 42393.67500000000291, 5946008.849999999627471 ], [ 42393.67500000000291, 5946008.924999999813735 ], [ 42393.525000000001455, 5946008.924999999813735 ], [ 42393.525000000001455, 5946009.0 ], [ 42393.375, 5946009.0 ], [ 42393.375, 5946009.075000000186265 ], [ 42393.150000000001455, 5946009.075000000186265 ], [ 42393.150000000001455, 5946009.150000000372529 ], [ 42393.0, 5946009.150000000372529 ], [ 42393.0, 5946009.224999999627471 ], [ 42392.69999999999709, 5946009.224999999627471 ], [ 42392.69999999999709, 5946009.299999999813735 ], [ 42392.55000000000291, 5946009.299999999813735 ], [ 42392.55000000000291, 5946009.375 ], [ 42392.32499999999709, 5946009.375 ], [ 42392.32499999999709, 5946009.450000000186265 ], [ 42392.099999999998545, 5946009.450000000186265 ], [ 42392.099999999998545, 5946009.525000000372529 ], [ 42391.94999999999709, 5946009.525000000372529 ], [ 42391.94999999999709, 5946009.599999999627471 ], [ 42391.80000000000291, 5946009.599999999627471 ], [ 42391.80000000000291, 5946009.674999999813735 ], [ 42391.650000000001455, 5946009.674999999813735 ], [ 42391.650000000001455, 5946009.75 ], [ 42391.57499999999709, 5946009.75 ], [ 42391.57499999999709, 5946009.825000000186265 ], [ 42391.42500000000291, 5946009.825000000186265 ], [ 42391.42500000000291, 5946009.900000000372529 ], [ 42391.275000000001455, 5946009.900000000372529 ], [ 42391.275000000001455, 5946009.974999999627471 ], [ 42391.125, 5946009.974999999627471 ], [ 42391.125, 5946010.049999999813735 ], [ 42390.974999999998545, 5946010.049999999813735 ], [ 42390.974999999998545, 5946010.125 ], [ 42390.82499999999709, 5946010.125 ], [ 42390.82499999999709, 5946010.200000000186265 ], [ 42390.67500000000291, 5946010.200000000186265 ], [ 42390.67500000000291, 5946010.275000000372529 ], [ 42390.44999999999709, 5946010.275000000372529 ], [ 42390.44999999999709, 5946010.349999999627471 ], [ 42390.224999999998545, 5946010.349999999627471 ], [ 42390.224999999998545, 5946010.424999999813735 ], [ 42390.0, 5946010.424999999813735 ], [ 42390.0, 5946010.5 ], [ 42389.775000000001455, 5946010.5 ], [ 42389.775000000001455, 5946010.575000000186265 ], [ 42389.474999999998545, 5946010.575000000186265 ], [ 42389.474999999998545, 5946010.650000000372529 ], [ 42389.17500000000291, 5946010.650000000372529 ], [ 42389.17500000000291, 5946010.724999999627471 ], [ 42388.875, 5946010.724999999627471 ] ] ] } },
{ "type": "Feature", "properties": { "value": 1.0, "building_id": 1, "area": 258.98625000037521 }, "geometry": { "type": "Polygon", "coordinates": [ [ [ 42367.42500000000291, 5945959.724999999627471 ], [ 42367.42500000000291, 5945959.650000000372529 ], [ 42367.125, 5945959.650000000372529 ], [ 42367.125, 5945959.575000000186265 ], [ 42366.82499999999709, 5945959.575000000186265 ], [ 42366.82499999999709, 5945959.5 ], [ 42366.599999999998545, 5945959.5 ], [ 42366.599999999998545, 5945959.424999999813735 ], [ 42366.375, 5945959.424999999813735 ], [ 42366.375, 5945959.349999999627471 ], [ 42366.150000000001455, 5945959.349999999627471 ], [ 42366.150000000001455, 5945959.275000000372529 ], [ 42366.0, 5945959.275000000372529 ], [ 42366.0, 5945959.200000000186265 ], [ 42365.849999999998545, 5945959.200000000186265 ], [ 42365.849999999998545, 5945959.125 ], [ 42365.69999999999709, 5945959.125 ], [ 42365.69999999999709, 5945959.049999999813735 ], [ 42365.400000000001455, 5945959.049999999813735 ], [ 42365.400000000001455, 5945958.974999999627471 ], [ 42365.17500000000291, 5945958.974999999627471 ], [ 42365.17500000000291, 5945958.825000000186265 ], [ 42365.099999999998545, 5945958.825000000186265 ], [ 42365.099999999998545, 5945958.75 ], [ 42365.025000000001455, 5945958.75 ], [ 42365.025000000001455, 5945958.599999999627471 ], [ 42364.94999999999709, 5945958.599999999627471 ], [ 42364.94999999999709, 5945958.525000000372529 ], [ 42364.875, 5945958.525000000372529 ], [ 42364.875, 5945958.375 ], [ 42364.80000000000291, 5945958.375 ], [ 42364.80000000000291, 5945958.150000000372529 ], [ 42364.724999999998545, 5945958.150000000372529 ], [ 42364.724999999998545, 5945958.0 ], [ 42364.650000000001455, 5945958.0 ], [ 42364.650000000001455, 5945957.775000000372529 ], [ 42364.57499999999709, 5945957.775000000372529 ], [ 42364.57499999999709, 5945957.474999999627471 ], [ 42364.5, 5945957.474999999627471 ], [ 42364.5, 5945957.174999999813735 ], [ 42364.42500000000291, 5945957.174999999813735 ], [ 42364.42500000000291, 5945956.724999999627471 ], [ 42364.349999999998545, 5945956.724999999627471 ], [ 42364.349999999998545, 5945956.200000000186265 ], [ 42364.275000000001455, 5945956.200000000186265 ], [ 42364.275000000001455, 5945955.674999999813735 ], [ 42364.19999999999709, 5945955.674999999813735 ], [ 42364.19999999999709, 5945955.150000000372529 ], [ 42364.125, 5945955.150000000372529 ], [ 42364.125, 5945954.849999999627471 ], [ 42364.05000000000291, 5945954.849999999627471 ], [ 42364.05000000000291, 5945954.700000000186265 ], [ 42363.974999999998545, 5945954.700000000186265 ], [ 42363.974999999998545, 5945954.549999999813735 ], [ 42363.900000000001455, 5945954.549999999813735 ], [ 42363.900000000001455, 5945954.474999999627471 ], [ 42363.82499999999709, 5945954.474999999627471 ], [ 42363.82499999999709, 5945954.325000000186265 ], [ 42363.75, 5945954.325000000186265 ], [ 42363.75, 5945954.25 ], [ 42363.67500000000291, 5945954.25 ], [ 42363.67500000000291, 5945954.099999999627471 ], [ 42363.599999999998545, 5945954.099999999627471 ], [ 42363.599999999998545, 5945954.025000000372529 ], [ 42363.525000000001455, 5945954.025000000372529 ], [ 42363.525000000001455, 5945953.950000000186265 ], [ 42363.44999999999709, 5945953.950000000186265 ], [ 42363.44999999999709, 5945953.799999999813735 ], [ 42363.375, 5945953.799999999813735 ], [ 42363.375, 5945953.724999999627471 ], [ 42363.30000000000291, 5945953.724999999627471 ], [ 42363.30000000000291, 5945953.575000000186265 ], [ 42363.224999999998545, 5945953.575000000186265 ], [ 42363.224999999998545, 5945953.424999999813735 ], [ 42363.150000000001455, 5945953.424999999813735 ], [ 42363.150000000001455, 5945953.275000000372529 ], [ 42363.07499999999709, 5945953.275000000372529 ], [ 42363.07499999999709, 5945953.125 ], [ 42363.0, 5945953.125 ], [ 42363.0, 5945952.900000000372529 ], [ 42362.92500000000291, 5945952.900000000372529 ], [ 42362.92500000000291, 5945952.599999999627471 ], [ 42362.849999999998545, 5945952.599999999627471 ], [ 42362.849999999998545, 5945952.224999999627471 ], [ 42362.775000000001455, 5945952.224999999627471 ], [ 42362.775000000001455, 5945951.849999999627471 ], [ 42362.69999999999709, 5945951.849999999627471 ], [ 42362.69999999999709, 5945951.474999999627471 ], [ 42362.625, 5945951.474999999627471 ], [ 42362.625, 5945950.575000000186265 ], [ 42362.55000000000291, 5945950.575000000186265 ], [ 42362.55000000000291, 5945948.924999999813735 ], [ 42362.625, 5945948.924999999813735 ], [ 42362.625, 5945948.474999999627471 ], [ 42362.69999999999709, 5945948.474999999627471 ], [ 42362.69999999999709, 5945948.025000000372529 ], [ 42362.775000000001455, 5945948.025000000372529 ], [ 42362.775000000001455, 5945947.724999999627471 ], [ 42362.849999999998545, 5945947.724999999627471 ], [ 42362.849999999998545, 5945947.424999999813735 ], [ 42362.92500000000291, 5945947.424999999813735 ], [ 42362.92500000000291, 5945947.125 ], [ 42363.0, 5945947.125 ], [ 42363.0, 5945946.974999999627471 ], [ 42363.07499999999709, 5945946.974999999627471 ], [ 42363.07499999999709, 5945946.825000000186265 ], [ 42363.150000000001455, 5945946.825000000186265 ], [ 42363.150000000001455, 5945946.674999999813735 ], [ 42363.224999999998545, 5945946.674999999813735 ], [ 42363.224999999998545, 5945946.525000000372529 ], [ 42363.30000000000291, 5945946.525000000372529 ], [ 42363.30000000000291, 5945946.450000000186265 ], [ 42363.375, 5945946.450000000186265 ], [ 42363.375, 5945946.299999999813735 ], [ 42363.44999999999709, 5945946.299999999813735 ], [ 42363.44999999999709, 5945946.224999999627471 ], [ 42363.525000000001455, 5945946.224999999627471 ], [ 42363.525000000001455, 5945946.150000000372529 ], [ 42363.599999999998545, 5945946.150000000372529 ], [ 42363.599999999998545, 5945946.075000000186265 ], [ 42363.67500000000291, 5945946.075000000186265 ], [ 42363.67500000000291, 5945946.0 ], [ 42363.75, 5945946.0 ], [ 42363.75, 5945945.849999999627471 ], [ 42363.82499999999709, 5945945.849999999627471 ], [ 42363.82499999999709, 5945945.775000000372529 ], [ 42363.900000000001455, 5945945.775000000372529 ], [ 42363.900000000001455, 5945945.625 ], [ 42363.974999999998545, 5945945.625 ], [ 42363.974999999998545, 5945945.549999999813735 ], [ 42364.05000000000291, 5945945.549999999813735 ], [ 42364.05000000000291, 5945945.400000000372529 ], [ 42364.125, 5945945.400000000372529 ], [ 42364.125, 5945945.25 ], [ 42364.19999999999709, 5945945.25 ], [ 42364.19999999999709, 5945945.099999999627471 ], [ 42364.275000000001455, 5945945.099999999627471 ], [ 42364.275000000001455, 5945944.950000000186265 ], [ 42364.349999999998545, 5945944.950000000186265 ], [ 42364.349999999998545, 5945944.799999999813735 ], [ 42364.42500000000291, 5945944.799999999813735 ], [ 42364.42500000000291, 5945944.650000000372529 ], [ 42364.5, 5945944.650000000372529 ], [ 42364.5, 5945944.575000000186265 ], [ 42364.57499999999709, 5945944.575000000186265 ], [ 42364.57499999999709, 5945944.5 ], [ 42364.724999999998545, 5945944.5 ], [ 42364.724999999998545, 5945944.424999999813735 ], [ 42364.875, 5945944.424999999813735 ], [ 42364.875, 5945944.349999999627471 ], [ 42365.099999999998545, 5945944.349999999627471 ], [ 42365.099999999998545, 5945944.275000000372529 ], [ 42365.32499999999709, 5945944.275000000372529 ], [ 42365.32499999999709, 5945944.200000000186265 ], [ 42365.55000000000291, 5945944.200000000186265 ], [ 42365.55000000000291, 5945944.125 ], [ 42366.150000000001455, 5945944.125 ], [ 42366.150000000001455, 5945944.049999999813735 ], [ 42366.82499999999709, 5945944.049999999813735 ], [ 42366.82499999999709, 5945943.974999999627471 ], [ 42367.5, 5945943.974999999627471 ], [ 42367.5, 5945943.900000000372529 ], [ 42367.875, 5945943.900000000372529 ], [ 42367.875, 5945943.825000000186265 ], [ 42368.099999999998545, 5945943.825000000186265 ], [ 42368.099999999998545, 5945943.75 ], [ 42368.400000000001455, 5945943.75 ], [ 42368.400000000001455, 5945943.674999999813735 ], [ 42368.625, 5945943.674999999813735 ], [ 42368.625, 5945943.599999999627471 ], [ 42368.849999999998545, 5945943.599999999627471 ], [ 42368.849999999998545, 5945943.525000000372529 ], [ 42369.0, 5945943.525000000372529 ], [ 42369.0, 5945943.450000000186265 ], [ 42369.224999999998545, 5945943.450000000186265 ], [ 42369.224999999998545, 5945943.375 ], [ 42369.375, 5945943.375 ], [ 42369.375, 5945943.299999999813735 ], [ 42369.525000000001455, 5945943.299999999813735 ], [ 42369.525000000001455, 5945943.224999999627471 ], [ 42369.67500000000291, 5945943.224999999627471 ], [ 42369.67500000000291, 5945943.150000000372529 ], [ 42369.82499999999709, 5945943.150000000372529 ], [ 42369.82499999999709, 5945943.075000000186265 ], [ 42369.974999999998545, 5945943.075000000186265 ], [ 42369.974999999998545, 5945943.0 ], [ 42370.125, 5945943.0 ], [ 42370.125, 5945942.924999999813735 ], [ 42370.275000000001455, 5945942.924999999813735 ], [ 42370.275000000001455, 5945942.849999999627471 ], [ 42370.5, 5945942.849999999627471 ], [ 42370.5, 5945942.775000000372529 ], [ 42370.724999999998545, 5945942.775000000372529 ], [ 42370.724999999998545, 5945942.700000000186265 ], [ 42370.94999999999709, 5945942.700000000186265 ], [ 42370.94999999999709, 5945942.625 ], [ 42371.17500000000291, 5945942.625 ], [ 42371.17500000000291, 5945942.549999999813735 ], [ 42371.474999999998545, 5945942.549999999813735 ], [ 42371.474999999998545, 5945942.474999999627471 ], [ 42372.150000000001455, 5945942.474999999627471 ], [ 42372.150000000001455, 5945942.400000000372529 ], [ 42372.82499999999709, 5945942.400000000372529 ], [ 42372.82499999999709, 5945942.325000000186265 ], [ 42374.099999999998545, 5945942.325000000186265 ], [ 42374.099999999998545, 5945942.400000000372529 ], [ 42374.775000000001455, 5945942.400000000372529 ], [ 42374.775000000001455, 5945942.474999999627471 ], [ 42375.375, 5945942.474999999627471 ], [ 42375.375, 5945942.549999999813735 ], [ 42375.525000000001455, 5945942.549999999813735 ], [ 42375.525000000001455, 5945942.625 ], [ 42375.67500000000291, 5945942.625 ], [ 42375.67500000000291, 5945942.700000000186265 ], [ 42375.75, 5945942.700000000186265 ], [ 42375.75, 5945942.775000000372529 ], [ 42375.900000000001455, 5945942.775000000372529 ], [ 42375.900000000001455, 5945942.849999999627471 ], [ 42375.974999999998545, 5945942.849999999627471 ], [ 42375.974999999998545, 5945942.924999999813735 ], [ 42376.05000000000291, 5945942.924999999813735 ], [ 42376.05000000000291, 5945943.0 ], [ 42376.125, 5945943.0 ], [ 42376.125, 5945943.075000000186265 ], [ 42376.19999999999709, 5945943.075000000186265 ], [ 42376.19999999999709, 5945943.150000000372529 ], [ 42376.275000000001455, 5945943.150000000372529 ], [ 42376.275000000001455, 5945943.224999999627471 ], [ 42376.349999999998545, 5945943.224999999627471 ], [ 42376.349999999998545, 5945943.299999999813735 ], [ 42376.42500000000291, 5945943.299999999813735 ], [ 42376.42500000000291, 5945943.375 ], [ 42376.5, 5945943.375 ], [ 42376.5, 5945943.450000000186265 ], [ 42376.57499999999709, 5945943.450000000186265 ], [ 42376.57499999999709, 5945943.525000000372529 ], [ 42376.650000000001455, 5945943.525000000372529 ], [ 42376.650000000001455, 5945943.599999999627471 ], [ 42376.724999999998545, 5945943.599999999627471 ], [ 42376.724999999998545, 5945943.674999999813735 ], [ 42376.875, 5945943.674999999813735 ], [ 42376.875, 5945943.75 ], [ 42376.94999999999709, 5945943.75 ], [ 42376.94999999999709, 5945943.825000000186265 ], [ 42377.099999999998545, 5945943.825000000186265 ], [ 42377.099999999998545, 5945943.900000000372529 ], [ 42377.25, 5945943.900000000372529 ], [ 42377.25, 5945943.974999999627471 ], [ 42377.400000000001455, 5945943.974999999627471 ], [ 42377.400000000001455, 5945944.049999999813735 ], [ 42377.55000000000291, 5945944.049999999813735 ], [ 42377.55000000000291, 5945944.125 ], [ 42377.69999999999709, 5945944.125 ], [ 42377.69999999999709, 5945944.200000000186265 ], [ 42377.849999999998545, 5945944.200000000186265 ], [ 42377.849999999998545, 5945944.275000000372529 ], [ 42378.0, 5945944.275000000372529 ], [ 42378.0, 5945944.349999999627471 ], [ 42378.07499999999709, 5945944.349999999627471 ], [ 42378.07499999999709, 5945944.424999999813735 ], [ 42378.150000000001455, 5945944.424999999813735 ], [ 42378.150000000001455, 5945944.5 ], [ 42378.30000000000291, 5945944.5 ], [ 42378.30000000000291, 5945944.575000000186265 ], [ 42378.375, 5945944.575000000186265 ], [ 42378.375, 5945944.650000000372529 ], [ 42378.44999999999709, 5945944.650000000372529 ], [ 42378.44999999999709, 5945944.724999999627471 ], [ 42378.525000000001455, 5945944.724999999627471 ], [ 42378.525000000001455, 5945944.799999999813735 ], [ 42378.599999999998545, 5945944.799999999813735 ], [ 42378.599999999998545, 5945944.875 ], [ 42378.67500000000291, 5945944.875 ], [ 42378.67500000000291, 5945944.950000000186265 ], [ 42378.75, 5945944.950000000186265 ], [ 42378.75, 5945945.099999999627471 ], [ 42378.82499999999709, 5945945.099999999627471 ], [ 42378.82499999999709, 5945945.174999999813735 ], [ 42378.900000000001455, 5945945.174999999813735 ], [ 42378.900000000001455, 5945945.25 ], [ 42378.974999999998545, 5945945.25 ], [ 42378.974999999998545, 5945945.400000000372529 ], [ 42379.05000000000291, 5945945.400000000372529 ], [ 42379.05000000000291, 5945945.474999999627471 ], [ 42379.19999999999709, 5945945.474999999627471 ], [ 42379.19999999999709, 5945945.549999999813735 ], [ 42379.275000000001455, 5945945.549999999813735 ], [ 42379.275000000001455, 5945945.625 ], [ 42379.349999999998545, 5945945.625 ], [ 42379.349999999998545, 5945945.700000000186265 ], [ 42379.42500000000291, 5945945.700000000186265 ], [ 42379.42500000000291, 5945945.775000000372529 ], [ 42379.57499999999709, 5945945.775000000372529 ], [ 42379.57499999999709, 5945945.849999999627471 ], [ 42379.650000000001455, 5945945.849999999627471 ], [ 42379.650000000001455, 5945945.924999999813735 ], [ 42379.724999999998545, 5945945.924999999813735 ], [ 42379.724999999998545, 5945946.0 ], [ 42379.80000000000291, 5945946.0 ], [ 42379.80000000000291, 5945946.075000000186265 ], [ 42379.875, 5945946.075000000186265 ], [ 42379.875, 5945946.150000000372529 ], [ 42379.94999999999709, 5945946.150000000372529 ], [ 42379.94999999999709, 5945946.224999999627471 ], [ 42380.025000000001455, 5945946.224999999627471 ], [ 42380.025000000001455, 5945946.299999999813735 ], [ 42380.099999999998545, 5945946.299999999813735 ], [ 42380.099999999998545, 5945946.450000000186265 ], [ 42380.17500000000291, 5945946.450000000186265 ], [ 42380.17500000000291, 5945946.525000000372529 ], [ 42380.25, 5945946.525000000372529 ], [ 42380.25, 5945946.674999999813735 ], [ 42380.32499999999709, 5945946.674999999813735 ], [ 42380.32499999999709, 5945946.75 ], [ 42380.400000000001455, 5945946.75 ], [ 42380.400000000001455, 5945946.900000000372529 ], [ 42380.474999999998545, 5945946.900000000372529 ], [ 42380.474999999998545, 5945947.049999999813735 ], [ 42380.55000000000291, 5945947.049999999813735 ], [ 42380.55000000000291, 5945947.275000000372529 ], [ 42380.625, 5945947.275000000372529 ], [ 42380.625, 5945947.424999999813735 ], [ 42380.69999999999709, 5945947.424999999813735 ], [ 42380.69999999999709, 5945947.575000000186265 ], [ 42380.775000000001455, 5945947.575000000186265 ], [ 42380.775000000001455, 5945947.724999999627471 ], [ 42380.849999999998545, 5945947.724999999627471 ], [ 42380.849999999998545, 5945947.875 ], [ 42380.92500000000291, 5945947.875 ], [ 42380.92500000000291, 5945948.025000000372529 ], [ 42381.0, 5945948.025000000372529 ], [ 42381.0, 5945948.099999999627471 ], [ 42381.07499999999709, 5945948.099999999627471 ], [ 42381.07499999999709, 5945948.25 ], [ 42381.150000000001455, 5945948.25 ], [ 42381.150000000001455, 5945948.325000000186265 ], [ 42381.224999999998545, 5945948.325000000186265 ], [ 42381.224999999998545, 5945948.400000000372529 ], [ 42381.30000000000291, 5945948.400000000372529 ], [ 42381.30000000000291, 5945948.474999999627471 ], [ 42381.375, 5945948.474999999627471 ], [ 42381.375, 5945948.549999999813735 ], [ 42381.44999999999709, 5945948.549999999813735 ], [ 42381.44999999999709, 5945948.625 ], [ 42381.525000000001455, 5945948.625 ], [ 42381.525000000001455, 5945948.775000000372529 ], [ 42381.599999999998545, 5945948.775000000372529 ], [ 42381.599999999998545, 5945948.849999999627471 ], [ 42381.67500000000291, 5945948.849999999627471 ], [ 42381.67500000000291, 5945948.924999999813735 ], [ 42381.75, 5945948.924999999813735 ], [ 42381.75, 5945949.075000000186265 ], [ 42381.82499999999709, 5945949.075000000186265 ], [ 42381.82499999999709, 5945949.375 ], [ 42381.900000000001455, 5945949.375 ], [ 42381.900000000001455, 5945950.049999999813735 ], [ 42381.974999999998545, 5945950.049999999813735 ], [ 42381.974999999998545, 5945950.875 ], [ 42382.05000000000291, 5945950.875 ], [ 42382.05000000000291, 5945951.099999999627471 ], [ 42381.974999999998545, 5945951.099999999627471 ], [ 42381.974999999998545, 5945951.25 ], [ 42381.900000000001455, 5945951.25 ], [ 42381.900000000001455, 5945951.325000000186265 ], [ 42381.82499999999709, 5945951.325000000186265 ], [ 42381.82499999999709, 5945951.474999999627471 ], [ 42381.75, 5945951.474999999627471 ], [ 42381.75, 5945951.549999999813735 ], [ 42381.67500000000291, 5945951.549999999813735 ], [ 42381.67500000000291, 5945951.700000000186265 ], [ 42381.599999999998545, 5945951.700000000186265 ], [ 42381.599999999998545, 5945951.775000000372529 ], [ 42381.525000000001455, 5945951.775000000372529 ], [ 42381.525000000001455, 5945951.849999999627471 ], [ 42381.44999999999709, 5945951.849999999627471 ], [ 42381.44999999999709, 5945951.924999999813735 ], [ 42381.375, 5945951.924999999813735 ], [ 42381.375, 5945952.0 ], [ 42381.30000000000291, 5945952.0 ], [ 42381.30000000000291, 5945952.075000000186265 ], [ 42381.224999999998545, 5945952.075000000186265 ], [ 42381.224999999998545, 5945952.150000000372529 ], [ 42381.150000000001455, 5945952.150000000372529 ], [ 42381.150000000001455, 5945952.224999999627471 ], [ 42381.07499999999709, 5945952.224999999627471 ], [ 42381.07499999999709, 5945952.299999999813735 ], [ 42381.0, 5945952.299999999813735 ], [ 42381.0, 5945952.375 ], [ 42380.92500000000291, 5945952.375 ], [ 42380.92500000000291, 5945952.525000000372529 ], [ 42380.849999999998545, 5945952.525000000372529 ], [ 42380.849999999998545, 5945952.599999999627471 ], [ 42380.775000000001455, 5945952.599999999627471 ], [ 42380.775000000001455, 5945952.75 ], [ 42380.69999999999709, 5945952.75 ], [ 42380.69999999999709, 5945952.900000000372529 ], [ 42380.625, 5945952.900000000372529 ], [ 42380.625, 5945953.049999999813735 ], [ 42380.55000000000291, 5945953.049999999813735 ], [ 42380.55000000000291, 5945953.349999999627471 ], [ 42380.474999999998545, 5945953.349999999627471 ], [ 42380.474999999998545, 5945953.575000000186265 ], [ 42380.400000000001455, 5945953.575000000186265 ], [ 42380.400000000001455, 5945953.875 ], [ 42380.32499999999709, 5945953.875 ], [ 42380.32499999999709, 5945954.174999999813735 ], [ 42380.25, 5945954.174999999813735 ], [ 42380.25, 5945954.400000000372529 ], [ 42380.17500000000291, 5945954.400000000372529 ], [ 42380.17500000000291, 5945954.700000000186265 ], [ 42380.099999999998545, 5945954.700000000186265 ], [ 42380.099999999998545, 5945954.924999999813735 ], [ 42380.025000000001455, 5945954.924999999813735 ], [ 42380.025000000001455, 5945955.075000000186265 ], [ 42379.94999999999709, 5945955.075000000186265 ], [ 42379.94999999999709, 5945955.224999999627471 ], [ 42379.875, 5945955.224999999627471 ], [ 42379.875, 5945955.299999999813735 ], [ 42379.80000000000291, 5945955.299999999813735 ], [ 42379.80000000000291, 5945955.375 ], [ 42379.724999999998545, 5945955.375 ], [ 42379.724999999998545, 5945955.450000000186265 ], [ 42379.650000000001455, 5945955.450000000186265 ], [ 42379.650000000001455, 5945955.525000000372529 ], [ 42379.57499999999709, 5945955.525000000372529 ], [ 42379.57499999999709, 5945955.599999999627471 ], [ 42379.5, 5945955.599999999627471 ], [ 42379.5, 5945955.674999999813735 ], [ 42379.42500000000291, 5945955.674999999813735 ], [ 42379.42500000000291, 5945955.75 ], [ 42379.275000000001455, 5945955.75 ], [ 42379.275000000001455, 5945955.825000000186265 ], [ 42379.19999999999709, 5945955.825000000186265 ], [ 42379.19999999999709, 5945955.900000000372529 ], [ 42379.05000000000291, 5945955.900000000372529 ], [ 42379.05000000000291, 5945955.974999999627471 ], [ 42378.974999999998545, 5945955.974999999627471 ], [ 42378.974999999998545, 5945956.049999999813735 ], [ 42378.82499999999709, 5945956.049999999813735 ], [ 42378.82499999999709, 5945956.125 ], [ 42378.75, 5945956.125 ], [ 42378.75, 5945956.200000000186265 ], [ 42378.67500000000291, 5945956.200000000186265 ], [ 42378.67500000000291, 5945956.275000000372529 ], [ 42378.599999999998545, 5945956.275000000372529 ], [ 42378.599999999998545, 5945956.349999999627471 ], [ 42378.525000000001455, 5945956.349999999627471 ], [ 42378.525000000001455, 5945956.424999999813735 ], [ 42378.44999999999709, 5945956.424999999813735 ], [ 42378.44999999999709, 5945956.5 ], [ 42378.375, 5945956.5 ], [ 42378.375, 5945956.575000000186265 ], [ 42378.30000000000291, 5945956.575000000186265 ], [ 42378.30000000000291, 5945956.724999999627471 ], [ 42378.224999999998545, 5945956.724999999627471 ], [ 42378.224999999998545, 5945956.799999999813735 ], [ 42378.150000000001455, 5945956.799999999813735 ], [ 42378.150000000001455, 5945956.950000000186265 ], [ 42378.07499999999709, 5945956.950000000186265 ], [ 42378.07499999999709, 5945957.025000000372529 ], [ 42378.0, 5945957.025000000372529 ], [ 42378.0, 5945957.099999999627471 ], [ 42377.92500000000291, 5945957.099999999627471 ], [ 42377.92500000000291, 5945957.174999999813735 ], [ 42377.849999999998545, 5945957.174999999813735 ], [ 42377.849999999998545, 5945957.25 ], [ 42377.775000000001455, 5945957.25 ], [ 42377.775000000001455, 5945957.325000000186265 ], [ 42377.69999999999709, 5945957.325000000186265 ], [ 42377.69999999999709, 5945957.400000000372529 ], [ 42377.625, 5945957.400000000372529 ], [ 42377.625, 5945957.474999999627471 ], [ 42377.55000000000291, 5945957.474999999627471 ], [ 42377.55000000000291, 5945957.549999999813735 ], [ 42377.400000000001455, 5945957.549999999813735 ], [ 42377.400000000001455, 5945957.625 ], [ 42377.32499999999709, 5945957.625 ], [ 42377.32499999999709, 5945957.700000000186265 ], [ 42377.099999999998545, 5945957.700000000186265 ], [ 42377.099999999998545, 5945957.775000000372529 ], [ 42376.875, 5945957.775000000372529 ], [ 42376.875, 5945957.849999999627471 ], [ 42376.650000000001455, 5945957.849999999627471 ], [ 42376.650000000001455, 5945957.924999999813735 ], [ 42376.5, 5945957.924999999813735 ], [ 42376.5, 5945958.0 ], [ 42376.275000000001455, 5945958.0 ], [ 42376.275000000001455, 5945958.075000000186265 ], [ 42376.125, 5945958.075000000186265 ], [ 42376.125, 5945958.150000000372529 ], [ 42375.900000000001455, 5945958.150000000372529 ], [ 42375.900000000001455, 5945958.224999999627471 ], [ 42375.75, 5945958.224999999627471 ], [ 42375.75, 5945958.299999999813735 ], [ 42375.599999999998545, 5945958.299999999813735 ], [ 42375.599999999998545, 5945958.375 ], [ 42375.375, 5945958.375 ], [ 42375.375, 5945958.450000000186265 ], [ 42375.224999999998545, 5945958.450000000186265 ], [ 42375.224999999998545, 5945958.525000000372529 ], [ 42375.07499999999709, 5945958.525000000372529 ], [ 42375.07499999999709, 5945958.599999999627471 ], [ 42374.92500000000291, 5945958.599999999627471 ], [ 42374.92500000000291, 5945958.674999999813735 ], [ 42374.775000000001455, 5945958.674999999813735 ], [ 42374.775000000001455, 5945958.75 ], [ 42374.625, 5945958.75 ], [ 42374.625, 5945958.825000000186265 ], [ 42374.55000000000291, 5945958.825000000186265 ], [ 42374.55000000000291, 5945958.900000000372529 ], [ 42374.400000000001455, 5945958.900000000372529 ], [ 42374.400000000001455, 5945958.974999999627471 ], [ 42374.32499999999709, 5945958.974999999627471 ], [ 42374.32499999999709, 5945959.049999999813735 ], [ 42374.17500000000291, 5945959.049999999813735 ], [ 42374.17500000000291, 5945959.125 ], [ 42374.025000000001455, 5945959.125 ], [ 42374.025000000001455, 5945959.200000000186265 ], [ 42373.875, 5945959.200000000186265 ], [ 42373.875, 5945959.275000000372529 ], [ 42373.724999999998545, 5945959.275000000372529 ], [ 42373.724999999998545, 5945959.349999999627471 ], [ 42373.57499999999709, 5945959.349999999627471 ], [ 42373.57499999999709, 5945959.424999999813735 ], [ 42372.82499999999709, 5945959.424999999813735 ], [ 42372.82499999999709, 5945959.5 ], [ 42371.32499999999709, 5945959.5 ], [ 42371.32499999999709, 5945959.575000000186265 ], [ 42369.67500000000291, 5945959.575000000186265 ], [ 42369.67500000000291, 5945959.650000000372529 ], [ 42368.099999999998545, 5945959.650000000372529 ], [ 42368.099999999998545, 5945959.724999999627471 ], [ 42367.42500000000291, 5945959.724999999627471 ] ] ] } },
{ "type": "Feature", "properties": { "value": 1.0, "building_id": 2, "area": 225.2868750003546 }, "geometry": { "type": "Polygon", "coordinates": [ [ [ 42396.525000000001455, 5945948.325000000186265 ], [ 42396.525000000001455, 5945948.25 ], [ 42396.224999999998545, 5945948.25 ], [ 42396.224999999998545, 5945948.174999999813735 ], [ 42395.92500000000291, 5945948.174999999813735 ], [ 42395.92500000000291, 5945948.099999999627471 ], [ 42395.55000000000291, 5945948.099999999627471 ], [ 42395.55000000000291, 5945948.025000000372529 ], [ 42395.25, 5945948.025000000372529 ], [ 42395.25, 5945947.950000000186265 ], [ 42394.94999999999709, 5945947.950000000186265 ], [ 42394.94999999999709, 5945947.875 ], [ 42394.80000000000291, 5945947.875 ], [ 42394.80000000000291, 5945947.799999999813735 ], [ 42394.650000000001455, 5945947.799999999813735 ], [ 42394.650000000001455, 5945947.724999999627471 ], [ 42394.5, 5945947.724999999627471 ], [ 42394.5, 5945947.650000000372529 ], [ 42394.42500000000291, 5945947.650000000372529 ], [ 42394.42500000000291, 5945947.575000000186265 ], [ 42394.275000000001455, 5945947.575000000186265 ], [ 42394.275000000001455, 5945947.5 ], [ 42394.19999999999709, 5945947.5 ], [ 42394.19999999999709, 5945947.424999999813735 ], [ 42394.125, 5945947.424999999813735 ], [ 42394.125, 5945947.349999999627471 ], [ 42394.05000000000291, 5945947.349999999627471 ], [ 42394.05000000000291, 5945947.275000000372529 ], [ 42393.974999999998545, 5945947.275000000372529 ], [ 42393.974999999998545, 5945947.200000000186265 ], [ 42393.900000000001455, 5945947.200000000186265 ], [ 42393.900000000001455, 5945947.049999999813735 ], [ 42393.82499999999709, 5945947.049999999813735 ], [ 42393.82499999999709, 5945946.900000000372529 ], [ 42393.75, 5945946.900000000372529 ], [ 42393.75, 5945946.825000000186265 ], [ 42393.67500000000291, 5945946.825000000186265 ], [ 42393.67500000000291, 5945946.75 ], [ 42393.599999999998545, 5945946.75 ], [ 42393.599999999998545, 5945946.599999999627471 ], [ 42393.525000000001455, 5945946.599999999627471 ], [ 42393.525000000001455, 5945946.525000000372529 ], [ 42393.44999999999709, 5945946.525000000372529 ], [ 42393.44999999999709, 5945946.450000000186265 ], [ 42393.375, 5945946.450000000186265 ], [ 42393.375, 5945946.299999999813735 ], [ 42393.30000000000291, 5945946.299999999813735 ], [ 42393.30000000000291, 5945946.224999999627471 ], [ 42393.224999999998545, 5945946.224999999627471 ], [ 42393.224999999998545, 5945946.150000000372529 ], [ 42393.150000000001455, 5945946.150000000372529 ], [ 42393.150000000001455, 5945946.075000000186265 ], [ 42393.07499999999709, 5945946.075000000186265 ], [ 42393.07499999999709, 5945946.0 ], [ 42393.0, 5945946.0 ], [ 42393.0, 5945945.924999999813735 ], [ 42392.92500000000291, 5945945.924999999813735 ], [ 42392.92500000000291, 5945945.849999999627471 ], [ 42392.849999999998545, 5945945.849999999627471 ], [ 42392.849999999998545, 5945945.775000000372529 ], [ 42392.775000000001455, 5945945.775000000372529 ], [ 42392.775000000001455, 5945945.700000000186265 ], [ 42392.69999999999709, 5945945.700000000186265 ], [ 42392.69999999999709, 5945945.625 ], [ 42392.625, 5945945.625 ], [ 42392.625, 5945945.549999999813735 ], [ 42392.55000000000291, 5945945.549999999813735 ], [ 42392.55000000000291, 5945945.400000000372529 ], [ 42392.474999999998545, 5945945.400000000372529 ], [ 42392.474999999998545, 5945945.325000000186265 ], [ 42392.400000000001455, 5945945.325000000186265 ], [ 42392.400000000001455, 5945945.174999999813735 ], [ 42392.32499999999709, 5945945.174999999813735 ], [ 42392.32499999999709, 5945945.025000000372529 ], [ 42392.25, 5945945.025000000372529 ], [ 42392.25, 5945944.875 ], [ 42392.17500000000291, 5945944.875 ], [ 42392.17500000000291, 5945944.650000000372529 ], [ 42392.099999999998545, 5945944.650000000372529 ], [ 42392.099999999998545, 5945944.424999999813735 ], [ 42392.025000000001455, 5945944.424999999813735 ], [ 42392.025000000001455, 5945944.200000000186265 ], [ 42391.94999999999709, 5945944.200000000186265 ], [ 42391.94999999999709, 5945943.900000000372529 ], [ 42391.875, 5945943.900000000372529 ], [ 42391.875, 5945943.599999999627471 ], [ 42391.80000000000291, 5945943.599999999627471 ], [ 42391.80000000000291, 5945941.200000000186265 ], [ 42391.875, 5945941.200000000186265 ], [ 42391.875, 5945940.825000000186265 ], [ 42391.94999999999709, 5945940.825000000186265 ], [ 42391.94999999999709, 5945940.525000000372529 ], [ 42392.025000000001455, 5945940.525000000372529 ], [ 42392.025000000001455, 5945940.224999999627471 ], [ 42392.099999999998545, 5945940.224999999627471 ], [ 42392.099999999998545, 5945939.924999999813735 ], [ 42392.17500000000291, 5945939.924999999813735 ], [ 42392.17500000000291, 5945939.625 ], [ 42392.25, 5945939.625 ], [ 42392.25, 5945939.325000000186265 ], [ 42392.32499999999709, 5945939.325000000186265 ], [ 42392.32499999999709, 5945939.174999999813735 ], [ 42392.400000000001455, 5945939.174999999813735 ], [ 42392.400000000001455, 5945939.099999999627471 ], [ 42392.474999999998545, 5945939.099999999627471 ], [ 42392.474999999998545, 5945938.950000000186265 ], [ 42392.55000000000291, 5945938.950000000186265 ], [ 42392.55000000000291, 5945938.875 ], [ 42392.625, 5945938.875 ], [ 42392.625, 5945938.799999999813735 ], [ 42392.69999999999709, 5945938.799999999813735 ], [ 42392.69999999999709, 5945938.650000000372529 ], [ 42392.775000000001455, 5945938.650000000372529 ], [ 42392.775000000001455, 5945938.575000000186265 ], [ 42392.849999999998545, 5945938.575000000186265 ], [ 42392.849999999998545, 5945938.5 ], [ 42392.92500000000291, 5945938.5 ], [ 42392.92500000000291, 5945938.424999999813735 ], [ 42393.0, 5945938.424999999813735 ], [ 42393.0, 5945938.349999999627471 ], [ 42393.07499999999709, 5945938.349999999627471 ], [ 42393.07499999999709, 5945938.275000000372529 ], [ 42393.150000000001455, 5945938.275000000372529 ], [ 42393.150000000001455, 5945938.200000000186265 ], [ 42393.224999999998545, 5945938.200000000186265 ], [ 42393.224999999998545, 5945938.125 ], [ 42393.30000000000291, 5945938.125 ], [ 42393.30000000000291, 5945937.974999999627471 ], [ 42393.375, 5945937.974999999627471 ], [ 42393.375, 5945937.900000000372529 ], [ 42393.44999999999709, 5945937.900000000372529 ], [ 42393.44999999999709, 5945937.75 ], [ 42393.525000000001455, 5945937.75 ], [ 42393.525000000001455, 5945937.599999999627471 ], [ 42393.599999999998545, 5945937.599999999627471 ], [ 42393.599999999998545, 5945937.525000000372529 ], [ 42393.67500000000291, 5945937.525000000372529 ], [ 42393.67500000000291, 5945937.299999999813735 ], [ 42393.75, 5945937.299999999813735 ], [ 42393.75, 5945937.150000000372529 ], [ 42393.82499999999709, 5945937.150000000372529 ], [ 42393.82499999999709, 5945936.924999999813735 ], [ 42393.900000000001455, 5945936.924999999813735 ], [ 42393.900000000001455, 5945936.775000000372529 ], [ 42393.974999999998545, 5945936.775000000372529 ], [ 42393.974999999998545, 5945936.625 ], [ 42394.05000000000291, 5945936.625 ], [ 42394.05000000000291, 5945936.474999999627471 ], [ 42394.125, 5945936.474999999627471 ], [ 42394.125, 5945936.325000000186265 ], [ 42394.19999999999709, 5945936.325000000186265 ], [ 42394.19999999999709, 5945936.174999999813735 ], [ 42394.275000000001455, 5945936.174999999813735 ], [ 42394.275000000001455, 5945936.025000000372529 ], [ 42394.349999999998545, 5945936.025000000372529 ], [ 42394.349999999998545, 5945935.875 ], [ 42394.42500000000291, 5945935.875 ], [ 42394.42500000000291, 5945935.799999999813735 ], [ 42394.5, 5945935.799999999813735 ], [ 42394.5, 5945935.650000000372529 ], [ 42394.57499999999709, 5945935.650000000372529 ], [ 42394.57499999999709, 5945935.5 ], [ 42394.650000000001455, 5945935.5 ], [ 42394.650000000001455, 5945935.424999999813735 ], [ 42394.724999999998545, 5945935.424999999813735 ], [ 42394.724999999998545, 5945935.349999999627471 ], [ 42394.80000000000291, 5945935.349999999627471 ], [ 42394.80000000000291, 5945935.275000000372529 ], [ 42394.875, 5945935.275000000372529 ], [ 42394.875, 5945935.200000000186265 ], [ 42394.94999999999709, 5945935.200000000186265 ], [ 42394.94999999999709, 5945935.125 ], [ 42395.099999999998545, 5945935.125 ], [ 42395.099999999998545, 5945935.049999999813735 ], [ 42395.17500000000291, 5945935.049999999813735 ], [ 42395.17500000000291, 5945934.974999999627471 ], [ 42395.32499999999709, 5945934.974999999627471 ], [ 42395.32499999999709, 5945934.900000000372529 ], [ 42395.400000000001455, 5945934.900000000372529 ], [ 42395.400000000001455, 5945934.825000000186265 ], [ 42395.55000000000291, 5945934.825000000186265 ], [ 42395.55000000000291, 5945934.75 ], [ 42395.625, 5945934.75 ], [ 42395.625, 5945934.674999999813735 ], [ 42395.775000000001455, 5945934.674999999813735 ], [ 42395.775000000001455, 5945934.599999999627471 ], [ 42395.849999999998545, 5945934.599999999627471 ], [ 42395.849999999998545, 5945934.525000000372529 ], [ 42396.0, 5945934.525000000372529 ], [ 42396.0, 5945934.450000000186265 ], [ 42396.07499999999709, 5945934.450000000186265 ], [ 42396.07499999999709, 5945934.375 ], [ 42396.224999999998545, 5945934.375 ], [ 42396.224999999998545, 5945934.299999999813735 ], [ 42396.30000000000291, 5945934.299999999813735 ], [ 42396.30000000000291, 5945934.224999999627471 ], [ 42396.44999999999709, 5945934.224999999627471 ], [ 42396.44999999999709, 5945934.150000000372529 ], [ 42396.525000000001455, 5945934.150000000372529 ], [ 42396.525000000001455, 5945934.075000000186265 ], [ 42396.67500000000291, 5945934.075000000186265 ], [ 42396.67500000000291, 5945934.0 ], [ 42396.75, 5945934.0 ], [ 42396.75, 5945933.924999999813735 ], [ 42396.900000000001455, 5945933.924999999813735 ], [ 42396.900000000001455, 5945933.849999999627471 ], [ 42397.05000000000291, 5945933.849999999627471 ], [ 42397.05000000000291, 5945933.775000000372529 ], [ 42397.125, 5945933.775000000372529 ], [ 42397.125, 5945933.700000000186265 ], [ 42397.275000000001455, 5945933.700000000186265 ], [ 42397.275000000001455, 5945933.625 ], [ 42397.42500000000291, 5945933.625 ], [ 42397.42500000000291, 5945933.549999999813735 ], [ 42397.5, 5945933.549999999813735 ], [ 42397.5, 5945933.474999999627471 ], [ 42397.57499999999709, 5945933.474999999627471 ], [ 42397.57499999999709, 5945933.400000000372529 ], [ 42397.724999999998545, 5945933.400000000372529 ], [ 42397.724999999998545, 5945933.325000000186265 ], [ 42397.80000000000291, 5945933.325000000186265 ], [ 42397.80000000000291, 5945933.25 ], [ 42397.94999999999709, 5945933.25 ], [ 42397.94999999999709, 5945933.174999999813735 ], [ 42398.099999999998545, 5945933.174999999813735 ], [ 42398.099999999998545, 5945933.099999999627471 ], [ 42398.25, 5945933.099999999627471 ], [ 42398.25, 5945933.025000000372529 ], [ 42398.400000000001455, 5945933.025000000372529 ], [ 42398.400000000001455, 5945932.950000000186265 ], [ 42398.625, 5945932.950000000186265 ], [ 42398.625, 5945932.875 ], [ 42398.849999999998545, 5945932.875 ], [ 42398.849999999998545, 5945932.799999999813735 ], [ 42400.650000000001455, 5945932.799999999813735 ], [ 42400.650000000001455, 5945932.724999999627471 ], [ 42402.67500000000291, 5945932.724999999627471 ], [ 42402.67500000000291, 5945932.650000000372529 ], [ 42404.625, 5945932.650000000372529 ], [ 42404.625, 5945932.575000000186265 ], [ 42405.974999999998545, 5945932.575000000186265 ], [ 42405.974999999998545, 5945932.5 ], [ 42406.94999999999709, 5945932.5 ], [ 42406.94999999999709, 5945932.575000000186265 ], [ 42407.17500000000291, 5945932.575000000186265 ], [ 42407.17500000000291, 5945932.650000000372529 ], [ 42407.25, 5945932.650000000372529 ], [ 42407.25, 5945932.724999999627471 ], [ 42407.32499999999709, 5945932.724999999627471 ], [ 42407.32499999999709, 5945932.799999999813735 ], [ 42407.400000000001455, 5945932.799999999813735 ], [ 42407.400000000001455, 5945932.950000000186265 ], [ 42407.474999999998545, 5945932.950000000186265 ], [ 42407.474999999998545, 5945933.025000000372529 ], [ 42407.55000000000291, 5945933.025000000372529 ], [ 42407.55000000000291, 5945933.174999999813735 ], [ 42407.625, 5945933.174999999813735 ], [ 42407.625, 5945933.325000000186265 ], [ 42407.69999999999709, 5945933.325000000186265 ], [ 42407.69999999999709, 5945933.549999999813735 ], [ 42407.775000000001455, 5945933.549999999813735 ], [ 42407.775000000001455, 5945933.775000000372529 ], [ 42407.849999999998545, 5945933.775000000372529 ], [ 42407.849999999998545, 5945934.075000000186265 ], [ 42407.92500000000291, 5945934.075000000186265 ], [ 42407.92500000000291, 5945934.299999999813735 ], [ 42408.0, 5945934.299999999813735 ], [ 42408.0, 5945934.599999999627471 ], [ 42408.07499999999709, 5945934.599999999627471 ], [ 42408.07499999999709, 5945934.825000000186265 ], [ 42408.150000000001455, 5945934.825000000186265 ], [ 42408.150000000001455, 5945935.125 ], [ 42408.224999999998545, 5945935.125 ], [ 42408.224999999998545, 5945935.349999999627471 ], [ 42408.30000000000291, 5945935.349999999627471 ], [ 42408.30000000000291, 5945935.575000000186265 ], [ 42408.375, 5945935.575000000186265 ], [ 42408.375, 5945935.650000000372529 ], [ 42408.44999999999709, 5945935.650000000372529 ], [ 42408.44999999999709, 5945935.799999999813735 ], [ 42408.525000000001455, 5945935.799999999813735 ], [ 42408.525000000001455, 5945935.875 ], [ 42408.599999999998545, 5945935.875 ], [ 42408.599999999998545, 5945936.025000000372529 ], [ 42408.67500000000291, 5945936.025000000372529 ], [ 42408.67500000000291, 5945936.099999999627471 ], [ 42408.75, 5945936.099999999627471 ], [ 42408.75, 5945936.174999999813735 ], [ 42408.82499999999709, 5945936.174999999813735 ], [ 42408.82499999999709, 5945936.25 ], [ 42408.900000000001455, 5945936.25 ], [ 42408.900000000001455, 5945936.400000000372529 ], [ 42408.974999999998545, 5945936.400000000372529 ], [ 42408.974999999998545, 5945936.474999999627471 ], [ 42409.05000000000291, 5945936.474999999627471 ], [ 42409.05000000000291, 5945936.625 ], [ 42409.125, 5945936.625 ], [ 42409.125, 5945936.700000000186265 ], [ 42409.19999999999709, 5945936.700000000186265 ], [ 42409.19999999999709, 5945936.849999999627471 ], [ 42409.275000000001455, 5945936.849999999627471 ], [ 42409.275000000001455, 5945937.0 ], [ 42409.349999999998545, 5945937.0 ], [ 42409.349999999998545, 5945937.150000000372529 ], [ 42409.42500000000291, 5945937.150000000372529 ], [ 42409.42500000000291, 5945937.299999999813735 ], [ 42409.5, 5945937.299999999813735 ], [ 42409.5, 5945937.450000000186265 ], [ 42409.57499999999709, 5945937.450000000186265 ], [ 42409.57499999999709, 5945937.674999999813735 ], [ 42409.650000000001455, 5945937.674999999813735 ], [ 42409.650000000001455, 5945937.900000000372529 ], [ 42409.724999999998545, 5945937.900000000372529 ], [ 42409.724999999998545, 5945938.125 ], [ 42409.80000000000291, 5945938.125 ], [ 42409.80000000000291, 5945938.424999999813735 ], [ 42409.875, 5945938.424999999813735 ], [ 42409.875, 5945938.650000000372529 ], [ 42409.94999999999709, 5945938.650000000372529 ], [ 42409.94999999999709, 5945938.950000000186265 ], [ 42410.025000000001455, 5945938.950000000186265 ], [ 42410.025000000001455, 5945939.174999999813735 ], [ 42410.099999999998545, 5945939.174999999813735 ], [ 42410.099999999998545, 5945939.474999999627471 ], [ 42410.17500000000291, 5945939.474999999627471 ], [ 42410.17500000000291, 5945939.700000000186265 ], [ 42410.25, 5945939.700000000186265 ], [ 42410.25, 5945939.924999999813735 ], [ 42410.32499999999709, 5945939.924999999813735 ], [ 42410.32499999999709, 5945940.525000000372529 ], [ 42410.400000000001455, 5945940.525000000372529 ], [ 42410.400000000001455, 5945941.5 ], [ 42410.32499999999709, 5945941.5 ], [ 42410.32499999999709, 5945941.650000000372529 ], [ 42410.25, 5945941.650000000372529 ], [ 42410.25, 5945941.799999999813735 ], [ 42410.17500000000291, 5945941.799999999813735 ], [ 42410.17500000000291, 5945941.950000000186265 ], [ 42410.099999999998545, 5945941.950000000186265 ], [ 42410.099999999998545, 5945942.174999999813735 ], [ 42410.025000000001455, 5945942.174999999813735 ], [ 42410.025000000001455, 5945942.325000000186265 ], [ 42409.94999999999709, 5945942.325000000186265 ], [ 42409.94999999999709, 5945942.549999999813735 ], [ 42409.875, 5945942.549999999813735 ], [ 42409.875, 5945942.775000000372529 ], [ 42409.80000000000291, 5945942.775000000372529 ], [ 42409.80000000000291, 5945943.0 ], [ 42409.724999999998545, 5945943.0 ], [ 42409.724999999998545, 5945943.224999999627471 ], [ 42409.650000000001455, 5945943.224999999627471 ], [ 42409.650000000001455, 5945943.375 ], [ 42409.57499999999709, 5945943.375 ], [ 42409.57499999999709, 5945943.450000000186265 ], [ 42409.5, 5945943.450000000186265 ], [ 42409.5, 5945943.525000000372529 ], [ 42409.42500000000291, 5945943.525000000372529 ], [ 42409.42500000000291, 5945943.599999999627471 ], [ 42409.349999999998545, 5945943.599999999627471 ], [ 42409.349999999998545, 5945943.674999999813735 ], [ 42409.275000000001455, 5945943.674999999813735 ], [ 42409.275000000001455, 5945943.75 ], [ 42409.19999999999709, 5945943.75 ], [ 42409.19999999999709, 5945943.825000000186265 ], [ 42409.125, 5945943.825000000186265 ], [ 42409.125, 5945943.900000000372529 ], [ 42408.974999999998545, 5945943.900000000372529 ], [ 42408.974999999998545, 5945943.974999999627471 ], [ 42408.900000000001455, 5945943.974999999627471 ], [ 42408.900000000001455, 5945944.049999999813735 ], [ 42408.75, 5945944.049999999813735 ], [ 42408.75, 5945944.125 ], [ 42408.599999999998545, 5945944.125 ], [ 42408.599999999998545, 5945944.200000000186265 ], [ 42408.44999999999709, 5945944.200000000186265 ], [ 42408.44999999999709, 5945944.275000000372529 ], [ 42408.30000000000291, 5945944.275000000372529 ], [ 42408.30000000000291, 5945944.349999999627471 ], [ 42408.150000000001455, 5945944.349999999627471 ], [ 42408.150000000001455, 5945944.424999999813735 ], [ 42408.0, 5945944.424999999813735 ], [ 42408.0, 5945944.5 ], [ 42407.849999999998545, 5945944.5 ], [ 42407.849999999998545, 5945944.575000000186265 ], [ 42407.775000000001455, 5945944.575000000186265 ], [ 42407.775000000001455, 5945944.650000000372529 ], [ 42407.625, 5945944.650000000372529 ], [ 42407.625, 5945944.724999999627471 ], [ 42407.55000000000291, 5945944.724999999627471 ], [ 42407.55000000000291, 5945944.799999999813735 ], [ 42407.400000000001455, 5945944.799999999813735 ], [ 42407.400000000001455, 5945944.875 ], [ 42407.32499999999709, 5945944.875 ], [ 42407.32499999999709, 5945944.950000000186265 ], [ 42407.25, 5945944.950000000186265 ], [ 42407.25, 5945945.025000000372529 ], [ 42407.17500000000291, 5945945.025000000372529 ], [ 42407.17500000000291, 5945945.099999999627471 ], [ 42407.099999999998545, 5945945.099999999627471 ], [ 42407.099999999998545, 5945945.174999999813735 ], [ 42407.025000000001455, 5945945.174999999813735 ], [ 42407.025000000001455, 5945945.25 ], [ 42406.94999999999709, 5945945.25 ], [ 42406.94999999999709, 5945945.325000000186265 ], [ 42406.875, 5945945.325000000186265 ], [ 42406.875, 5945945.400000000372529 ], [ 42406.724999999998545, 5945945.400000000372529 ], [ 42406.724999999998545, 5945945.474999999627471 ], [ 42406.650000000001455, 5945945.474999999627471 ], [ 42406.650000000001455, 5945945.549999999813735 ], [ 42406.42500000000291, 5945945.549999999813735 ], [ 42406.42500000000291, 5945945.625 ], [ 42406.275000000001455, 5945945.625 ], [ 42406.275000000001455, 5945945.700000000186265 ], [ 42405.974999999998545, 5945945.700000000186265 ], [ 42405.974999999998545, 5945945.775000000372529 ], [ 42405.75, 5945945.775000000372529 ], [ 42405.75, 5945945.849999999627471 ], [ 42405.44999999999709, 5945945.849999999627471 ], [ 42405.44999999999709, 5945945.924999999813735 ], [ 42405.150000000001455, 5945945.924999999813735 ], [ 42405.150000000001455, 5945946.0 ], [ 42404.849999999998545, 5945946.0 ], [ 42404.849999999998545, 5945946.075000000186265 ], [ 42404.55000000000291, 5945946.075000000186265 ], [ 42404.55000000000291, 5945946.150000000372529 ], [ 42404.25, 5945946.150000000372529 ], [ 42404.25, 5945946.224999999627471 ], [ 42404.099999999998545, 5945946.224999999627471 ], [ 42404.099999999998545, 5945946.299999999813735 ], [ 42403.875, 5945946.299999999813735 ], [ 42403.875, 5945946.375 ], [ 42403.650000000001455, 5945946.375 ], [ 42403.650000000001455, 5945946.450000000186265 ], [ 42403.5, 5945946.450000000186265 ], [ 42403.5, 5945946.525000000372529 ], [ 42403.349999999998545, 5945946.525000000372529 ], [ 42403.349999999998545, 5945946.599999999627471 ], [ 42403.19999999999709, 5945946.599999999627471 ], [ 42403.19999999999709, 5945946.674999999813735 ], [ 42403.05000000000291, 5945946.674999999813735 ], [ 42403.05000000000291, 5945946.75 ], [ 42402.900000000001455, 5945946.75 ], [ 42402.900000000001455, 5945946.825000000186265 ], [ 42402.75, 5945946.825000000186265 ], [ 42402.75, 5945946.900000000372529 ], [ 42402.67500000000291, 5945946.900000000372529 ], [ 42402.67500000000291, 5945946.974999999627471 ], [ 42402.525000000001455, 5945946.974999999627471 ], [ 42402.525000000001455, 5945947.049999999813735 ], [ 42402.44999999999709, 5945947.049999999813735 ], [ 42402.44999999999709, 5945947.125 ], [ 42402.30000000000291, 5945947.125 ], [ 42402.30000000000291, 5945947.200000000186265 ], [ 42402.224999999998545, 5945947.200000000186265 ], [ 42402.224999999998545, 5945947.275000000372529 ], [ 42402.07499999999709, 5945947.275000000372529 ], [ 42402.07499999999709, 5945947.349999999627471 ], [ 42401.92500000000291, 5945947.349999999627471 ], [ 42401.92500000000291, 5945947.424999999813735 ], [ 42401.849999999998545, 5945947.424999999813735 ], [ 42401.849999999998545, 5945947.5 ], [ 42401.625, 5945947.5 ], [ 42401.625, 5945947.575000000186265 ], [ 42401.474999999998545, 5945947.575000000186265 ], [ 42401.474999999998545, 5945947.650000000372529 ], [ 42401.32499999999709, 5945947.650000000372529 ], [ 42401.32499999999709, 5945947.724999999627471 ], [ 42401.099999999998545, 5945947.724999999627471 ], [ 42401.099999999998545, 5945947.799999999813735 ], [ 42400.875, 5945947.799999999813735 ], [ 42400.875, 5945947.875 ], [ 42400.57499999999709, 5945947.875 ], [ 42400.57499999999709, 5945947.950000000186265 ], [ 42400.19999999999709, 5945947.950000000186265 ], [ 42400.19999999999709, 5945948.025000000372529 ], [ 42399.82499999999709, 5945948.025000000372529 ], [ 42399.82499999999709, 5945948.099999999627471 ], [ 42399.44999999999709, 5945948.099999999627471 ], [ 42399.44999999999709, 5945948.174999999813735 ], [ 42399.07499999999709, 5945948.174999999813735 ], [ 42399.07499999999709, 5945948.25 ], [ 42398.32499999999709, 5945948.25 ], [ 42398.32499999999709, 5945948.325000000186265 ], [ 42396.525000000001455, 5945948.325000000186265 ] ] ] } },
{ "type": "Feature", "properties": { "value": 1.0, "building_id": 3, "area": 392.65874999980645 }, "geometry": { "type": "Polygon", "coordinates": [ [ [ 42310.724999999998545, 5945943.75 ], [ 42310.724999999998545, 5945943.674999999813735 ], [ 42310.5, 5945943.674999999813735 ], [ 42310.5, 5945943.599999999627471 ], [ 42310.349999999998545, 5945943.599999999627471 ], [ 42310.349999999998545, 5945943.525000000372529 ], [ 42310.125, 5945943.525000000372529 ], [ 42310.125, 5945943.450000000186265 ], [ 42309.974999999998545, 5945943.450000000186265 ], [ 42309.974999999998545, 5945943.375 ], [ 42309.82499999999709, 5945943.375 ], [ 42309.82499999999709, 5945943.299999999813735 ], [ 42309.67500000000291, 5945943.299999999813735 ], [ 42309.67500000000291, 5945943.224999999627471 ], [ 42309.44999999999709, 5945943.224999999627471 ], [ 42309.44999999999709, 5945943.150000000372529 ], [ 42309.224999999998545, 5945943.150000000372529 ], [ 42309.224999999998545, 5945943.075000000186265 ], [ 42309.0, 5945943.075000000186265 ], [ 42309.0, 5945943.0 ], [ 42308.775000000001455, 5945943.0 ], [ 42308.775000000001455, 5945942.924999999813735 ], [ 42308.474999999998545, 5945942.924999999813735 ], [ 42308.474999999998545, 5945942.849999999627471 ], [ 42308.17500000000291, 5945942.849999999627471 ], [ 42308.17500000000291, 5945942.775000000372529 ], [ 42307.875, 5945942.775000000372529 ], [ 42307.875, 5945942.700000000186265 ], [ 42307.5, 5945942.700000000186265 ], [ 42307.5, 5945942.625 ], [ 42307.125, 5945942.625 ], [ 42307.125, 5945942.549999999813735 ], [ 42306.67500000000291, 5945942.549999999813735 ], [ 42306.67500000000291, 5945942.474999999627471 ], [ 42306.07499999999709, 5945942.474999999627471 ], [ 42306.07499999999709, 5945942.400000000372529 ], [ 42305.55000000000291, 5945942.400000000372529 ], [ 42305.55000000000291, 5945942.325000000186265 ], [ 42304.94999999999709, 5945942.325000000186265 ], [ 42304.94999999999709, 5945942.25 ], [ 42304.5, 5945942.25 ], [ 42304.5, 5945942.174999999813735 ], [ 42304.125, 5945942.174999999813735 ], [ 42304.125, 5945942.099999999627471 ], [ 42303.75, 5945942.099999999627471 ], [ 42303.75, 5945942.025000000372529 ], [ 42303.44999999999709, 5945942.025000000372529 ], [ 42303.44999999999709, 5945941.950000000186265 ], [ 42303.07499999999709, 5945941.950000000186265 ], [ 42303.07499999999709, 5945941.875 ], [ 42302.92500000000291, 5945941.875 ], [ 42302.92500000000291, 5945941.799999999813735 ], [ 42302.849999999998545, 5945941.799999999813735 ], [ 42302.849999999998545, 5945941.724999999627471 ], [ 42302.69999999999709, 5945941.724999999627471 ], [ 42302.69999999999709, 5945941.650000000372529 ], [ 42302.55000000000291, 5945941.650000000372529 ], [ 42302.55000000000291, 5945941.575000000186265 ], [ 42302.474999999998545, 5945941.575000000186265 ], [ 42302.474999999998545, 5945941.5 ], [ 42302.400000000001455, 5945941.5 ], [ 42302.400000000001455, 5945941.424999999813735 ], [ 42302.32499999999709, 5945941.424999999813735 ], [ 42302.32499999999709, 5945941.349999999627471 ], [ 42302.25, 5945941.349999999627471 ], [ 42302.25, 5945941.275000000372529 ], [ 42302.099999999998545, 5945941.275000000372529 ], [ 42302.099999999998545, 5945941.200000000186265 ], [ 42302.025000000001455, 5945941.200000000186265 ], [ 42302.025000000001455, 5945941.125 ], [ 42301.94999999999709, 5945941.125 ], [ 42301.94999999999709, 5945941.049999999813735 ], [ 42301.80000000000291, 5945941.049999999813735 ], [ 42301.80000000000291, 5945940.974999999627471 ], [ 42301.724999999998545, 5945940.974999999627471 ], [ 42301.724999999998545, 5945940.900000000372529 ], [ 42301.57499999999709, 5945940.900000000372529 ], [ 42301.57499999999709, 5945940.825000000186265 ], [ 42301.42500000000291, 5945940.825000000186265 ], [ 42301.42500000000291, 5945940.75 ], [ 42301.275000000001455, 5945940.75 ], [ 42301.275000000001455, 5945940.674999999813735 ], [ 42301.05000000000291, 5945940.674999999813735 ], [ 42301.05000000000291, 5945940.599999999627471 ], [ 42300.75, 5945940.599999999627471 ], [ 42300.75, 5945940.525000000372529 ], [ 42300.525000000001455, 5945940.525000000372529 ], [ 42300.525000000001455, 5945940.450000000186265 ], [ 42300.375, 5945940.450000000186265 ], [ 42300.375, 5945940.375 ], [ 42300.150000000001455, 5945940.375 ], [ 42300.150000000001455, 5945940.299999999813735 ], [ 42300.0, 5945940.299999999813735 ], [ 42300.0, 5945940.224999999627471 ], [ 42299.849999999998545, 5945940.224999999627471 ], [ 42299.849999999998545, 5945940.150000000372529 ], [ 42299.775000000001455, 5945940.150000000372529 ], [ 42299.775000000001455, 5945940.075000000186265 ], [ 42299.625, 5945940.075000000186265 ], [ 42299.625, 5945940.0 ], [ 42299.55000000000291, 5945940.0 ], [ 42299.55000000000291, 5945939.924999999813735 ], [ 42299.400000000001455, 5945939.924999999813735 ], [ 42299.400000000001455, 5945939.849999999627471 ], [ 42299.32499999999709, 5945939.849999999627471 ], [ 42299.32499999999709, 5945939.775000000372529 ], [ 42299.25, 5945939.775000000372529 ], [ 42299.25, 5945939.700000000186265 ], [ 42299.099999999998545, 5945939.700000000186265 ], [ 42299.099999999998545, 5945939.625 ], [ 42298.875, 5945939.625 ], [ 42298.875, 5945939.549999999813735 ], [ 42298.57499999999709, 5945939.549999999813735 ], [ 42298.57499999999709, 5945939.474999999627471 ], [ 42298.42500000000291, 5945939.474999999627471 ], [ 42298.42500000000291, 5945939.400000000372529 ], [ 42298.19999999999709, 5945939.400000000372529 ], [ 42298.19999999999709, 5945939.325000000186265 ], [ 42297.900000000001455, 5945939.325000000186265 ], [ 42297.900000000001455, 5945939.25 ], [ 42297.599999999998545, 5945939.25 ], [ 42297.599999999998545, 5945939.174999999813735 ], [ 42297.30000000000291, 5945939.174999999813735 ], [ 42297.30000000000291, 5945939.099999999627471 ], [ 42297.0, 5945939.099999999627471 ], [ 42297.0, 5945939.025000000372529 ], [ 42296.69999999999709, 5945939.025000000372529 ], [ 42296.69999999999709, 5945938.950000000186265 ], [ 42296.474999999998545, 5945938.950000000186265 ], [ 42296.474999999998545, 5945938.875 ], [ 42296.32499999999709, 5945938.875 ], [ 42296.32499999999709, 5945938.799999999813735 ], [ 42296.17500000000291, 5945938.799999999813735 ], [ 42296.17500000000291, 5945938.724999999627471 ], [ 42296.025000000001455, 5945938.724999999627471 ], [ 42296.025000000001455, 5945938.650000000372529 ], [ 42295.875, 5945938.650000000372529 ], [ 42295.875, 5945938.575000000186265 ], [ 42295.80000000000291, 5945938.575000000186265 ], [ 42295.80000000000291, 5945938.5 ], [ 42295.650000000001455, 5945938.5 ], [ 42295.650000000001455, 5945938.424999999813735 ], [ 42295.57499999999709, 5945938.424999999813735 ], [ 42295.57499999999709, 5945938.349999999627471 ], [ 42295.5, 5945938.349999999627471 ], [ 42295.5, 5945938.275000000372529 ], [ 42295.42500000000291, 5945938.275000000372529 ], [ 42295.42500000000291, 5945938.200000000186265 ], [ 42295.349999999998545, 5945938.200000000186265 ], [ 42295.349999999998545, 5945938.125 ], [ 42295.19999999999709, 5945938.125 ], [ 42295.19999999999709, 5945938.049999999813735 ], [ 42295.125, 5945938.049999999813735 ], [ 42295.125, 5945937.974999999627471 ], [ 42294.974999999998545, 5945937.974999999627471 ], [ 42294.974999999998545, 5945937.900000000372529 ], [ 42294.900000000001455, 5945937.900000000372529 ], [ 42294.900000000001455, 5945937.825000000186265 ], [ 42294.75, 5945937.825000000186265 ], [ 42294.75, 5945937.75 ], [ 42294.599999999998545, 5945937.75 ], [ 42294.599999999998545, 5945937.674999999813735 ], [ 42294.44999999999709, 5945937.674999999813735 ], [ 42294.44999999999709, 5945937.599999999627471 ], [ 42294.375, 5945937.599999999627471 ], [ 42294.375, 5945937.525000000372529 ], [ 42294.224999999998545, 5945937.525000000372529 ], [ 42294.224999999998545, 5945937.450000000186265 ], [ 42294.07499999999709, 5945937.450000000186265 ], [ 42294.07499999999709, 5945937.375 ], [ 42293.775000000001455, 5945937.375 ], [ 42293.775000000001455, 5945937.299999999813735 ], [ 42293.474999999998545, 5945937.299999999813735 ], [ 42293.474999999998545, 5945937.224999999627471 ], [ 42293.25, 5945937.224999999627471 ], [ 42293.25, 5945937.150000000372529 ], [ 42292.94999999999709, 5945937.150000000372529 ], [ 42292.94999999999709, 5945937.075000000186265 ], [ 42292.724999999998545, 5945937.075000000186265 ], [ 42292.724999999998545, 5945937.0 ], [ 42292.42500000000291, 5945937.0 ], [ 42292.42500000000291, 5945936.924999999813735 ], [ 42292.19999999999709, 5945936.924999999813735 ], [ 42292.19999999999709, 5945936.849999999627471 ], [ 42291.900000000001455, 5945936.849999999627471 ], [ 42291.900000000001455, 5945936.775000000372529 ], [ 42291.599999999998545, 5945936.775000000372529 ], [ 42291.599999999998545, 5945936.700000000186265 ], [ 42291.375, 5945936.700000000186265 ], [ 42291.375, 5945936.625 ], [ 42291.224999999998545, 5945936.625 ], [ 42291.224999999998545, 5945936.549999999813735 ], [ 42291.07499999999709, 5945936.549999999813735 ], [ 42291.07499999999709, 5945936.474999999627471 ], [ 42290.92500000000291, 5945936.474999999627471 ], [ 42290.92500000000291, 5945936.400000000372529 ], [ 42290.775000000001455, 5945936.400000000372529 ], [ 42290.775000000001455, 5945936.325000000186265 ], [ 42290.69999999999709, 5945936.325000000186265 ], [ 42290.69999999999709, 5945936.25 ], [ 42290.55000000000291, 5945936.25 ], [ 42290.55000000000291, 5945936.174999999813735 ], [ 42290.474999999998545, 5945936.174999999813735 ], [ 42290.474999999998545, 5945936.099999999627471 ], [ 42290.32499999999709, 5945936.099999999627471 ], [ 42290.32499999999709, 5945936.025000000372529 ], [ 42290.25, 5945936.025000000372529 ], [ 42290.25, 5945935.950000000186265 ], [ 42290.17500000000291, 5945935.950000000186265 ], [ 42290.17500000000291, 5945935.875 ], [ 42290.099999999998545, 5945935.875 ], [ 42290.099999999998545, 5945935.799999999813735 ], [ 42290.025000000001455, 5945935.799999999813735 ], [ 42290.025000000001455, 5945935.724999999627471 ], [ 42289.94999999999709, 5945935.724999999627471 ], [ 42289.94999999999709, 5945935.650000000372529 ], [ 42289.875, 5945935.650000000372529 ], [ 42289.875, 5945935.575000000186265 ], [ 42289.80000000000291, 5945935.575000000186265 ], [ 42289.80000000000291, 5945935.5 ], [ 42289.724999999998545, 5945935.5 ], [ 42289.724999999998545, 5945935.424999999813735 ], [ 42289.650000000001455, 5945935.424999999813735 ], [ 42289.650000000001455, 5945935.349999999627471 ], [ 42289.57499999999709, 5945935.349999999627471 ], [ 42289.57499999999709, 5945935.275000000372529 ], [ 42289.5, 5945935.275000000372529 ], [ 42289.5, 5945935.200000000186265 ], [ 42289.349999999998545, 5945935.200000000186265 ], [ 42289.349999999998545, 5945935.125 ], [ 42289.125, 5945935.125 ], [ 42289.125, 5945935.049999999813735 ], [ 42288.974999999998545, 5945935.049999999813735 ], [ 42288.974999999998545, 5945934.974999999627471 ], [ 42288.82499999999709, 5945934.974999999627471 ], [ 42288.82499999999709, 5945934.900000000372529 ], [ 42288.67500000000291, 5945934.900000000372529 ], [ 42288.67500000000291, 5945934.825000000186265 ], [ 42288.525000000001455, 5945934.825000000186265 ], [ 42288.525000000001455, 5945934.75 ], [ 42288.30000000000291, 5945934.75 ], [ 42288.30000000000291, 5945934.674999999813735 ], [ 42288.150000000001455, 5945934.674999999813735 ], [ 42288.150000000001455, 5945934.599999999627471 ], [ 42288.0, 5945934.599999999627471 ], [ 42288.0, 5945934.525000000372529 ], [ 42287.849999999998545, 5945934.525000000372529 ], [ 42287.849999999998545, 5945934.450000000186265 ], [ 42287.625, 5945934.450000000186265 ], [ 42287.625, 5945934.375 ], [ 42287.474999999998545, 5945934.375 ], [ 42287.474999999998545, 5945934.299999999813735 ], [ 42287.32499999999709, 5945934.299999999813735 ], [ 42287.32499999999709, 5945934.224999999627471 ], [ 42287.25, 5945934.224999999627471 ], [ 42287.25, 5945934.150000000372529 ], [ 42287.099999999998545, 5945934.150000000372529 ], [ 42287.099999999998545, 5945934.075000000186265 ], [ 42287.025000000001455, 5945934.075000000186265 ], [ 42287.025000000001455, 5945934.0 ], [ 42286.94999999999709, 5945934.0 ], [ 42286.94999999999709, 5945933.924999999813735 ], [ 42286.875, 5945933.924999999813735 ], [ 42286.875, 5945933.849999999627471 ], [ 42286.80000000000291, 5945933.849999999627471 ], [ 42286.80000000000291, 5945933.775000000372529 ], [ 42286.724999999998545, 5945933.775000000372529 ], [ 42286.724999999998545, 5945933.700000000186265 ], [ 42286.650000000001455, 5945933.700000000186265 ], [ 42286.650000000001455, 5945933.625 ], [ 42286.57499999999709, 5945933.625 ], [ 42286.57499999999709, 5945933.549999999813735 ], [ 42286.5, 5945933.549999999813735 ], [ 42286.5, 5945933.474999999627471 ], [ 42286.42500000000291, 5945933.474999999627471 ], [ 42286.42500000000291, 5945933.400000000372529 ], [ 42286.349999999998545, 5945933.400000000372529 ], [ 42286.349999999998545, 5945933.25 ], [ 42286.275000000001455, 5945933.25 ], [ 42286.275000000001455, 5945933.174999999813735 ], [ 42286.19999999999709, 5945933.174999999813735 ], [ 42286.19999999999709, 5945933.099999999627471 ], [ 42286.125, 5945933.099999999627471 ], [ 42286.125, 5945933.025000000372529 ], [ 42286.05000000000291, 5945933.025000000372529 ], [ 42286.05000000000291, 5945932.950000000186265 ], [ 42285.974999999998545, 5945932.950000000186265 ], [ 42285.974999999998545, 5945932.875 ], [ 42285.900000000001455, 5945932.875 ], [ 42285.900000000001455, 5945932.799999999813735 ], [ 42285.82499999999709, 5945932.799999999813735 ], [ 42285.82499999999709, 5945932.724999999627471 ], [ 42285.75, 5945932.724999999627471 ], [ 42285.75, 5945932.650000000372529 ], [ 42285.67500000000291, 5945932.650000000372529 ], [ 42285.67500000000291, 5945932.575000000186265 ], [ 42285.525000000001455, 5945932.575000000186265 ], [ 42285.525000000001455, 5945932.5 ], [ 42285.44999999999709, 5945932.5 ], [ 42285.44999999999709, 5945932.424999999813735 ], [ 42285.375, 5945932.424999999813735 ], [ 42285.375, 5945932.349999999627471 ], [ 42285.30000000000291, 5945932.349999999627471 ], [ 42285.30000000000291, 5945932.275000000372529 ], [ 42285.224999999998545, 5945932.275000000372529 ], [ 42285.224999999998545, 5945932.200000000186265 ], [ 42285.150000000001455, 5945932.200000000186265 ], [ 42285.150000000001455, 5945932.125 ], [ 42285.07499999999709, 5945932.125 ], [ 42285.07499999999709, 5945932.049999999813735 ], [ 42285.0, 5945932.049999999813735 ], [ 42285.0, 5945931.974999999627471 ], [ 42284.92500000000291, 5945931.974999999627471 ], [ 42284.92500000000291, 5945931.900000000372529 ], [ 42284.849999999998545, 5945931.900000000372529 ], [ 42284.849999999998545, 5945931.825000000186265 ], [ 42284.775000000001455, 5945931.825000000186265 ], [ 42284.775000000001455, 5945931.674999999813735 ], [ 42284.69999999999709, 5945931.674999999813735 ], [ 42284.69999999999709, 5945931.599999999627471 ], [ 42284.625, 5945931.599999999627471 ], [ 42284.625, 5945931.375 ], [ 42284.55000000000291, 5945931.375 ], [ 42284.55000000000291, 5945931.224999999627471 ], [ 42284.474999999998545, 5945931.224999999627471 ], [ 42284.474999999998545, 5945931.0 ], [ 42284.400000000001455, 5945931.0 ], [ 42284.400000000001455, 5945930.775000000372529 ], [ 42284.32499999999709, 5945930.775000000372529 ], [ 42284.32499999999709, 5945930.549999999813735 ], [ 42284.25, 5945930.549999999813735 ], [ 42284.25, 5945930.325000000186265 ], [ 42284.17500000000291, 5945930.325000000186265 ], [ 42284.17500000000291, 5945930.099999999627471 ], [ 42284.099999999998545, 5945930.099999999627471 ], [ 42284.099999999998545, 5945929.875 ], [ 42284.025000000001455, 5945929.875 ], [ 42284.025000000001455, 5945929.575000000186265 ], [ 42283.94999999999709, 5945929.575000000186265 ], [ 42283.94999999999709, 5945929.424999999813735 ], [ 42283.875, 5945929.424999999813735 ], [ 42283.875, 5945929.349999999627471 ], [ 42283.80000000000291, 5945929.349999999627471 ], [ 42283.80000000000291, 5945929.275000000372529 ], [ 42283.724999999998545, 5945929.275000000372529 ], [ 42283.724999999998545, 5945929.125 ], [ 42283.650000000001455, 5945929.125 ], [ 42283.650000000001455, 5945929.049999999813735 ], [ 42283.57499999999709, 5945929.049999999813735 ], [ 42283.57499999999709, 5945928.974999999627471 ], [ 42283.5, 5945928.974999999627471 ], [ 42283.5, 5945928.900000000372529 ], [ 42283.42500000000291, 5945928.900000000372529 ], [ 42283.42500000000291, 5945928.825000000186265 ], [ 42283.349999999998545, 5945928.825000000186265 ], [ 42283.349999999998545, 5945928.75 ], [ 42283.275000000001455, 5945928.75 ], [ 42283.275000000001455, 5945928.674999999813735 ], [ 42283.19999999999709, 5945928.674999999813735 ], [ 42283.19999999999709, 5945928.599999999627471 ], [ 42283.125, 5945928.599999999627471 ], [ 42283.125, 5945928.450000000186265 ], [ 42283.05000000000291, 5945928.450000000186265 ], [ 42283.05000000000291, 5945928.375 ], [ 42282.974999999998545, 5945928.375 ], [ 42282.974999999998545, 5945928.224999999627471 ], [ 42282.900000000001455, 5945928.224999999627471 ], [ 42282.900000000001455, 5945928.075000000186265 ], [ 42282.82499999999709, 5945928.075000000186265 ], [ 42282.82499999999709, 5945927.924999999813735 ], [ 42282.75, 5945927.924999999813735 ], [ 42282.75, 5945927.700000000186265 ], [ 42282.67500000000291, 5945927.700000000186265 ], [ 42282.67500000000291, 5945927.099999999627471 ], [ 42282.599999999998545, 5945927.099999999627471 ], [ 42282.599999999998545, 5945926.049999999813735 ], [ 42282.525000000001455, 5945926.049999999813735 ], [ 42282.525000000001455, 5945925.525000000372529 ], [ 42282.599999999998545, 5945925.525000000372529 ], [ 42282.599999999998545, 5945925.375 ], [ 42282.67500000000291, 5945925.375 ], [ 42282.67500000000291, 5945925.224999999627471 ], [ 42282.75, 5945925.224999999627471 ], [ 42282.75, 5945925.075000000186265 ], [ 42282.82499999999709, 5945925.075000000186265 ], [ 42282.82499999999709, 5945925.0 ], [ 42282.900000000001455, 5945925.0 ], [ 42282.900000000001455, 5945924.924999999813735 ], [ 42282.974999999998545, 5945924.924999999813735 ], [ 42282.974999999998545, 5945924.849999999627471 ], [ 42283.05000000000291, 5945924.849999999627471 ], [ 42283.05000000000291, 5945924.700000000186265 ], [ 42283.125, 5945924.700000000186265 ], [ 42283.125, 5945924.625 ], [ 42283.19999999999709, 5945924.625 ], [ 42283.19999999999709, 5945924.549999999813735 ], [ 42283.349999999998545, 5945924.549999999813735 ], [ 42283.349999999998545, 5945924.474999999627471 ], [ 42283.42500000000291, 5945924.474999999627471 ], [ 42283.42500000000291, 5945924.400000000372529 ], [ 42283.5, 5945924.400000000372529 ], [ 42283.5, 5945924.325000000186265 ], [ 42283.57499999999709, 5945924.325000000186265 ], [ 42283.57499999999709, 5945924.25 ], [ 42283.650000000001455, 5945924.25 ], [ 42283.650000000001455, 5945924.174999999813735 ], [ 42283.724999999998545, 5945924.174999999813735 ], [ 42283.724999999998545, 5945924.099999999627471 ], [ 42283.80000000000291, 5945924.099999999627471 ], [ 42283.80000000000291, 5945924.025000000372529 ], [ 42283.875, 5945924.025000000372529 ], [ 42283.875, 5945923.875 ], [ 42283.94999999999709, 5945923.875 ], [ 42283.94999999999709, 5945923.799999999813735 ], [ 42284.025000000001455, 5945923.799999999813735 ], [ 42284.025000000001455, 5945923.650000000372529 ], [ 42284.099999999998545, 5945923.650000000372529 ], [ 42284.099999999998545, 5945923.5 ], [ 42284.17500000000291, 5945923.5 ], [ 42284.17500000000291, 5945923.349999999627471 ], [ 42284.25, 5945923.349999999627471 ], [ 42284.25, 5945923.200000000186265 ], [ 42284.32499999999709, 5945923.200000000186265 ], [ 42284.32499999999709, 5945923.125 ], [ 42284.400000000001455, 5945923.125 ], [ 42284.400000000001455, 5945922.974999999627471 ], [ 42284.474999999998545, 5945922.974999999627471 ], [ 42284.474999999998545, 5945922.900000000372529 ], [ 42284.55000000000291, 5945922.900000000372529 ], [ 42284.55000000000291, 5945922.825000000186265 ], [ 42284.625, 5945922.825000000186265 ], [ 42284.625, 5945922.75 ], [ 42284.69999999999709, 5945922.75 ], [ 42284.69999999999709, 5945922.674999999813735 ], [ 42284.775000000001455, 5945922.674999999813735 ], [ 42284.775000000001455, 5945922.599999999627471 ], [ 42284.849999999998545, 5945922.599999999627471 ], [ 42284.849999999998545, 5945922.525000000372529 ], [ 42284.92500000000291, 5945922.525000000372529 ], [ 42284.92500000000291, 5945922.450000000186265 ], [ 42285.0, 5945922.450000000186265 ], [ 42285.0, 5945922.375 ], [ 42285.150000000001455, 5945922.375 ], [ 42285.150000000001455, 5945922.299999999813735 ], [ 42285.224999999998545, 5945922.299999999813735 ], [ 42285.224999999998545, 5945922.224999999627471 ], [ 42285.375, 5945922.224999999627471 ], [ 42285.375, 5945922.150000000372529 ], [ 42285.525000000001455, 5945922.150000000372529 ], [ 42285.525000000001455, 5945922.075000000186265 ], [ 42285.599999999998545, 5945922.075000000186265 ], [ 42285.599999999998545, 5945922.0 ], [ 42285.67500000000291, 5945922.0 ], [ 42285.67500000000291, 5945921.924999999813735 ], [ 42285.75, 5945921.924999999813735 ], [ 42285.75, 5945921.849999999627471 ], [ 42285.82499999999709, 5945921.849999999627471 ], [ 42285.82499999999709, 5945921.775000000372529 ], [ 42285.900000000001455, 5945921.775000000372529 ], [ 42285.900000000001455, 5945921.700000000186265 ], [ 42285.974999999998545, 5945921.700000000186265 ], [ 42285.974999999998545, 5945921.549999999813735 ], [ 42286.05000000000291, 5945921.549999999813735 ], [ 42286.05000000000291, 5945921.474999999627471 ], [ 42286.125, 5945921.474999999627471 ], [ 42286.125, 5945921.325000000186265 ], [ 42286.19999999999709, 5945921.325000000186265 ], [ 42286.19999999999709, 5945921.25 ], [ 42286.275000000001455, 5945921.25 ], [ 42286.275000000001455, 5945921.174999999813735 ], [ 42286.349999999998545, 5945921.174999999813735 ], [ 42286.349999999998545, 5945921.099999999627471 ], [ 42286.42500000000291, 5945921.099999999627471 ], [ 42286.42500000000291, 5945921.025000000372529 ], [ 42286.5, 5945921.025000000372529 ], [ 42286.5, 5945920.950000000186265 ], [ 42286.57499999999709, 5945920.950000000186265 ], [ 42286.57499999999709, 5945920.875 ], [ 42286.724999999998545, 5945920.875 ], [ 42286.724999999998545, 5945920.799999999813735 ], [ 42286.80000000000291, 5945920.799999999813735 ], [ 42286.80000000000291, 5945920.724999999627471 ], [ 42286.94999999999709, 5945920.724999999627471 ], [ 42286.94999999999709, 5945920.650000000372529 ], [ 42287.099999999998545, 5945920.650000000372529 ], [ 42287.099999999998545, 5945920.575000000186265 ], [ 42287.25, 5945920.575000000186265 ], [ 42287.25, 5945920.5 ], [ 42287.625, 5945920.5 ], [ 42287.625, 5945920.575000000186265 ], [ 42288.0, 5945920.575000000186265 ], [ 42288.0, 5945920.650000000372529 ], [ 42288.375, 5945920.650000000372529 ], [ 42288.375, 5945920.724999999627471 ], [ 42288.82499999999709, 5945920.724999999627471 ], [ 42288.82499999999709, 5945920.799999999813735 ], [ 42289.275000000001455, 5945920.799999999813735 ], [ 42289.275000000001455, 5945920.875 ], [ 42289.57499999999709, 5945920.875 ], [ 42289.57499999999709, 5945920.950000000186265 ], [ 42289.724999999998545, 5945920.950000000186265 ], [ 42289.724999999998545, 5945921.025000000372529 ], [ 42289.875, 5945921.025000000372529 ], [ 42289.875, 5945921.099999999627471 ], [ 42289.94999999999709, 5945921.099999999627471 ], [ 42289.94999999999709, 5945921.174999999813735 ], [ 42290.099999999998545, 5945921.174999999813735 ], [ 42290.099999999998545, 5945921.25 ], [ 42290.17500000000291, 5945921.25 ], [ 42290.17500000000291, 5945921.325000000186265 ], [ 42290.25, 5945921.325000000186265 ], [ 42290.25, 5945921.400000000372529 ], [ 42290.400000000001455, 5945921.400000000372529 ], [ 42290.400000000001455, 5945921.474999999627471 ], [ 42290.474999999998545, 5945921.474999999627471 ], [ 42290.474999999998545, 5945921.549999999813735 ], [ 42290.55000000000291, 5945921.549999999813735 ], [ 42290.55000000000291, 5945921.625 ], [ 42290.625, 5945921.625 ], [ 42290.625, 5945921.775000000372529 ], [ 42290.69999999999709, 5945921.775000000372529 ], [ 42290.69999999999709, 5945921.849999999627471 ], [ 42290.775000000001455, 5945921.849999999627471 ], [ 42290.775000000001455, 5945921.924999999813735 ], [ 42290.849999999998545, 5945921.924999999813735 ], [ 42290.849999999998545, 5945922.0 ], [ 42290.92500000000291, 5945922.0 ], [ 42290.92500000000291, 5945922.075000000186265 ], [ 42291.0, 5945922.075000000186265 ], [ 42291.0, 5945922.150000000372529 ], [ 42291.150000000001455, 5945922.150000000372529 ], [ 42291.150000000001455, 5945922.224999999627471 ], [ 42291.224999999998545, 5945922.224999999627471 ], [ 42291.224999999998545, 5945922.299999999813735 ], [ 42291.375, 5945922.299999999813735 ], [ 42291.375, 5945922.375 ], [ 42291.525000000001455, 5945922.375 ], [ 42291.525000000001455, 5945922.450000000186265 ], [ 42291.82499999999709, 5945922.450000000186265 ], [ 42291.82499999999709, 5945922.525000000372529 ], [ 42292.125, 5945922.525000000372529 ], [ 42292.125, 5945922.599999999627471 ], [ 42292.42500000000291, 5945922.599999999627471 ], [ 42292.42500000000291, 5945922.674999999813735 ], [ 42292.724999999998545, 5945922.674999999813735 ], [ 42292.724999999998545, 5945922.75 ], [ 42293.099999999998545, 5945922.75 ], [ 42293.099999999998545, 5945922.825000000186265 ], [ 42293.32499999999709, 5945922.825000000186265 ], [ 42293.32499999999709, 5945922.900000000372529 ], [ 42293.474999999998545, 5945922.900000000372529 ], [ 42293.474999999998545, 5945922.974999999627471 ], [ 42293.625, 5945922.974999999627471 ], [ 42293.625, 5945923.049999999813735 ], [ 42293.775000000001455, 5945923.049999999813735 ], [ 42293.775000000001455, 5945923.125 ], [ 42293.849999999998545, 5945923.125 ], [ 42293.849999999998545, 5945923.200000000186265 ], [ 42294.0, 5945923.200000000186265 ], [ 42294.0, 5945923.275000000372529 ], [ 42294.07499999999709, 5945923.275000000372529 ], [ 42294.07499999999709, 5945923.349999999627471 ], [ 42294.150000000001455, 5945923.349999999627471 ], [ 42294.150000000001455, 5945923.424999999813735 ], [ 42294.224999999998545, 5945923.424999999813735 ], [ 42294.224999999998545, 5945923.5 ], [ 42294.30000000000291, 5945923.5 ], [ 42294.30000000000291, 5945923.575000000186265 ], [ 42294.375, 5945923.575000000186265 ], [ 42294.375, 5945923.650000000372529 ], [ 42294.44999999999709, 5945923.650000000372529 ], [ 42294.44999999999709, 5945923.724999999627471 ], [ 42294.525000000001455, 5945923.724999999627471 ], [ 42294.525000000001455, 5945923.799999999813735 ], [ 42294.599999999998545, 5945923.799999999813735 ], [ 42294.599999999998545, 5945923.875 ], [ 42294.67500000000291, 5945923.875 ], [ 42294.67500000000291, 5945923.950000000186265 ], [ 42294.75, 5945923.950000000186265 ], [ 42294.75, 5945924.025000000372529 ], [ 42294.900000000001455, 5945924.025000000372529 ], [ 42294.900000000001455, 5945924.099999999627471 ], [ 42294.974999999998545, 5945924.099999999627471 ], [ 42294.974999999998545, 5945924.174999999813735 ], [ 42295.125, 5945924.174999999813735 ], [ 42295.125, 5945924.25 ], [ 42295.19999999999709, 5945924.25 ], [ 42295.19999999999709, 5945924.325000000186265 ], [ 42295.42500000000291, 5945924.325000000186265 ], [ 42295.42500000000291, 5945924.400000000372529 ], [ 42295.724999999998545, 5945924.400000000372529 ], [ 42295.724999999998545, 5945924.474999999627471 ], [ 42295.94999999999709, 5945924.474999999627471 ], [ 42295.94999999999709, 5945924.549999999813735 ], [ 42296.17500000000291, 5945924.549999999813735 ], [ 42296.17500000000291, 5945924.625 ], [ 42296.400000000001455, 5945924.625 ], [ 42296.400000000001455, 5945924.700000000186265 ], [ 42296.625, 5945924.700000000186265 ], [ 42296.625, 5945924.775000000372529 ], [ 42296.849999999998545, 5945924.775000000372529 ], [ 42296.849999999998545, 5945924.849999999627471 ], [ 42297.07499999999709, 5945924.849999999627471 ], [ 42297.07499999999709, 5945924.924999999813735 ], [ 42297.30000000000291, 5945924.924999999813735 ], [ 42297.30000000000291, 5945925.0 ], [ 42297.375, 5945925.0 ], [ 42297.375, 5945925.075000000186265 ], [ 42297.525000000001455, 5945925.075000000186265 ], [ 42297.525000000001455, 5945925.150000000372529 ], [ 42297.599999999998545, 5945925.150000000372529 ], [ 42297.599999999998545, 5945925.224999999627471 ], [ 42297.67500000000291, 5945925.224999999627471 ], [ 42297.67500000000291, 5945925.299999999813735 ], [ 42297.75, 5945925.299999999813735 ], [ 42297.75, 5945925.375 ], [ 42297.82499999999709, 5945925.375 ], [ 42297.82499999999709, 5945925.450000000186265 ], [ 42297.900000000001455, 5945925.450000000186265 ], [ 42297.900000000001455, 5945925.525000000372529 ], [ 42297.974999999998545, 5945925.525000000372529 ], [ 42297.974999999998545, 5945925.599999999627471 ], [ 42298.05000000000291, 5945925.599999999627471 ], [ 42298.05000000000291, 5945925.674999999813735 ], [ 42298.125, 5945925.674999999813735 ], [ 42298.125, 5945925.75 ], [ 42298.19999999999709, 5945925.75 ], [ 42298.19999999999709, 5945925.825000000186265 ], [ 42298.275000000001455, 5945925.825000000186265 ], [ 42298.275000000001455, 5945925.900000000372529 ], [ 42298.349999999998545, 5945925.900000000372529 ], [ 42298.349999999998545, 5945925.974999999627471 ], [ 42298.42500000000291, 5945925.974999999627471 ], [ 42298.42500000000291, 5945926.049999999813735 ], [ 42298.5, 5945926.049999999813735 ], [ 42298.5, 5945926.125 ], [ 42298.650000000001455, 5945926.125 ], [ 42298.650000000001455, 5945926.200000000186265 ], [ 42298.724999999998545, 5945926.200000000186265 ], [ 42298.724999999998545, 5945926.275000000372529 ], [ 42298.875, 5945926.275000000372529 ], [ 42298.875, 5945926.349999999627471 ], [ 42298.94999999999709, 5945926.349999999627471 ], [ 42298.94999999999709, 5945926.424999999813735 ], [ 42299.099999999998545, 5945926.424999999813735 ], [ 42299.099999999998545, 5945926.5 ], [ 42299.25, 5945926.5 ], [ 42299.25, 5945926.575000000186265 ], [ 42299.474999999998545, 5945926.575000000186265 ], [ 42299.474999999998545, 5945926.650000000372529 ], [ 42299.625, 5945926.650000000372529 ], [ 42299.625, 5945926.724999999627471 ], [ 42299.69999999999709, 5945926.724999999627471 ], [ 42299.69999999999709, 5945926.799999999813735 ], [ 42299.849999999998545, 5945926.799999999813735 ], [ 42299.849999999998545, 5945926.875 ], [ 42300.0, 5945926.875 ], [ 42300.0, 5945926.950000000186265 ], [ 42300.07499999999709, 5945926.950000000186265 ], [ 42300.07499999999709, 5945927.025000000372529 ], [ 42300.224999999998545, 5945927.025000000372529 ], [ 42300.224999999998545, 5945927.099999999627471 ], [ 42300.30000000000291, 5945927.099999999627471 ], [ 42300.30000000000291, 5945927.174999999813735 ], [ 42300.375, 5945927.174999999813735 ], [ 42300.375, 5945927.25 ], [ 42300.525000000001455, 5945927.25 ], [ 42300.525000000001455, 5945927.325000000186265 ], [ 42300.599999999998545, 5945927.325000000186265 ], [ 42300.599999999998545, 5945927.400000000372529 ], [ 42300.67500000000291, 5945927.400000000372529 ], [ 42300.67500000000291, 5945927.474999999627471 ], [ 42300.75, 5945927.474999999627471 ], [ 42300.75, 5945927.549999999813735 ], [ 42300.82499999999709, 5945927.549999999813735 ], [ 42300.82499999999709, 5945927.625 ], [ 42300.900000000001455, 5945927.625 ], [ 42300.900000000001455, 5945927.700000000186265 ], [ 42300.974999999998545, 5945927.700000000186265 ], [ 42300.974999999998545, 5945927.775000000372529 ], [ 42301.05000000000291, 5945927.775000000372529 ], [ 42301.05000000000291, 5945927.849999999627471 ], [ 42301.125, 5945927.849999999627471 ], [ 42301.125, 5945927.924999999813735 ], [ 42301.275000000001455, 5945927.924999999813735 ], [ 42301.275000000001455, 5945928.0 ], [ 42301.42500000000291, 5945928.0 ], [ 42301.42500000000291, 5945928.075000000186265 ], [ 42301.650000000001455, 5945928.075000000186265 ], [ 42301.650000000001455, 5945928.150000000372529 ], [ 42301.875, 5945928.150000000372529 ], [ 42301.875, 5945928.224999999627471 ], [ 42302.025000000001455, 5945928.224999999627471 ], [ 42302.025000000001455, 5945928.299999999813735 ], [ 42302.32499999999709, 5945928.299999999813735 ], [ 42302.32499999999709, 5945928.375 ], [ 42302.55000000000291, 5945928.375 ], [ 42302.55000000000291, 5945928.450000000186265 ], [ 42302.849999999998545, 5945928.450000000186265 ], [ 42302.849999999998545, 5945928.525000000372529 ], [ 42303.44999999999709, 5945928.525000000372529 ], [ 42303.44999999999709, 5945928.599999999627471 ], [ 42304.349999999998545, 5945928.599999999627471 ], [ 42304.349999999998545, 5945928.674999999813735 ], [ 42305.099999999998545, 5945928.674999999813735 ], [ 42305.099999999998545, 5945928.75 ], [ 42305.32499999999709, 5945928.75 ], [ 42305.32499999999709, 5945928.825000000186265 ], [ 42305.55000000000291, 5945928.825000000186265 ], [ 42305.55000000000291, 5945928.900000000372529 ], [ 42305.69999999999709, 5945928.900000000372529 ], [ 42305.69999999999709, 5945928.974999999627471 ], [ 42305.849999999998545, 5945928.974999999627471 ], [ 42305.849999999998545, 5945929.049999999813735 ], [ 42306.0, 5945929.049999999813735 ], [ 42306.0, 5945929.125 ], [ 42306.150000000001455, 5945929.125 ], [ 42306.150000000001455, 5945929.200000000186265 ], [ 42306.224999999998545, 5945929.200000000186265 ], [ 42306.224999999998545, 5945929.275000000372529 ], [ 42306.375, 5945929.275000000372529 ], [ 42306.375, 5945929.349999999627471 ], [ 42306.44999999999709, 5945929.349999999627471 ], [ 42306.44999999999709, 5945929.424999999813735 ], [ 42306.525000000001455, 5945929.424999999813735 ], [ 42306.525000000001455, 5945929.5 ], [ 42306.599999999998545, 5945929.5 ], [ 42306.599999999998545, 5945929.575000000186265 ], [ 42306.67500000000291, 5945929.575000000186265 ], [ 42306.67500000000291, 5945929.650000000372529 ], [ 42306.75, 5945929.650000000372529 ], [ 42306.75, 5945929.724999999627471 ], [ 42306.900000000001455, 5945929.724999999627471 ], [ 42306.900000000001455, 5945929.799999999813735 ], [ 42306.974999999998545, 5945929.799999999813735 ], [ 42306.974999999998545, 5945929.875 ], [ 42307.05000000000291, 5945929.875 ], [ 42307.05000000000291, 5945929.950000000186265 ], [ 42307.275000000001455, 5945929.950000000186265 ], [ 42307.275000000001455, 5945930.025000000372529 ], [ 42307.42500000000291, 5945930.025000000372529 ], [ 42307.42500000000291, 5945930.099999999627471 ], [ 42307.650000000001455, 5945930.099999999627471 ], [ 42307.650000000001455, 5945930.174999999813735 ], [ 42307.875, 5945930.174999999813735 ], [ 42307.875, 5945930.25 ], [ 42308.099999999998545, 5945930.25 ], [ 42308.099999999998545, 5945930.325000000186265 ], [ 42308.400000000001455, 5945930.325000000186265 ], [ 42308.400000000001455, 5945930.400000000372529 ], [ 42308.69999999999709, 5945930.400000000372529 ], [ 42308.69999999999709, 5945930.474999999627471 ], [ 42309.0, 5945930.474999999627471 ], [ 42309.0, 5945930.549999999813735 ], [ 42309.224999999998545, 5945930.549999999813735 ], [ 42309.224999999998545, 5945930.625 ], [ 42309.44999999999709, 5945930.625 ], [ 42309.44999999999709, 5945930.700000000186265 ], [ 42309.599999999998545, 5945930.700000000186265 ], [ 42309.599999999998545, 5945930.775000000372529 ], [ 42309.75, 5945930.775000000372529 ], [ 42309.75, 5945930.849999999627471 ], [ 42309.900000000001455, 5945930.849999999627471 ], [ 42309.900000000001455, 5945930.924999999813735 ], [ 42310.05000000000291, 5945930.924999999813735 ], [ 42310.05000000000291, 5945931.0 ], [ 42310.19999999999709, 5945931.0 ], [ 42310.19999999999709, 5945931.075000000186265 ], [ 42310.349999999998545, 5945931.075000000186265 ], [ 42310.349999999998545, 5945931.150000000372529 ], [ 42310.42500000000291, 5945931.150000000372529 ], [ 42310.42500000000291, 5945931.224999999627471 ], [ 42310.5, 5945931.224999999627471 ], [ 42310.5, 5945931.299999999813735 ], [ 42310.650000000001455, 5945931.299999999813735 ], [ 42310.650000000001455, 5945931.375 ], [ 42310.724999999998545, 5945931.375 ], [ 42310.724999999998545, 5945931.450000000186265 ], [ 42310.80000000000291, 5945931.450000000186265 ], [ 42310.80000000000291, 5945931.525000000372529 ], [ 42310.875, 5945931.525000000372529 ], [ 42310.875, 5945931.599999999627471 ], [ 42310.94999999999709, 5945931.599999999627471 ], [ 42310.94999999999709, 5945931.674999999813735 ], [ 42311.025000000001455, 5945931.674999999813735 ], [ 42311.025000000001455, 5945931.75 ], [ 42311.17500000000291, 5945931.75 ], [ 42311.17500000000291, 5945931.825000000186265 ], [ 42311.25, 5945931.825000000186265 ], [ 42311.25, 5945931.900000000372529 ], [ 42311.400000000001455, 5945931.900000000372529 ], [ 42311.400000000001455, 5945931.974999999627471 ], [ 42311.55000000000291, 5945931.974999999627471 ], [ 42311.55000000000291, 5945932.049999999813735 ], [ 42311.69999999999709, 5945932.049999999813735 ], [ 42311.69999999999709, 5945932.125 ], [ 42311.849999999998545, 5945932.125 ], [ 42311.849999999998545, 5945932.200000000186265 ], [ 42312.0, 5945932.200000000186265 ], [ 42312.0, 5945932.275000000372529 ], [ 42312.150000000001455, 5945932.275000000372529 ], [ 42312.150000000001455, 5945932.349999999627471 ], [ 42312.30000000000291, 5945932.349999999627471 ], [ 42312.30000000000291, 5945932.424999999813735 ], [ 42312.525000000001455, 5945932.424999999813735 ], [ 42312.525000000001455, 5945932.5 ], [ 42312.75, 5945932.5 ], [ 42312.75, 5945932.575000000186265 ], [ 42312.900000000001455, 5945932.575000000186265 ], [ 42312.900000000001455, 5945932.650000000372529 ], [ 42313.05000000000291, 5945932.650000000372529 ], [ 42313.05000000000291, 5945932.724999999627471 ], [ 42313.19999999999709, 5945932.724999999627471 ], [ 42313.19999999999709, 5945932.799999999813735 ], [ 42313.349999999998545, 5945932.799999999813735 ], [ 42313.349999999998545, 5945932.875 ], [ 42313.42500000000291, 5945932.875 ], [ 42313.42500000000291, 5945932.950000000186265 ], [ 42313.57499999999709, 5945932.950000000186265 ], [ 42313.57499999999709, 5945933.025000000372529 ], [ 42313.650000000001455, 5945933.025000000372529 ], [ 42313.650000000001455, 5945933.099999999627471 ], [ 42313.724999999998545, 5945933.099999999627471 ], [ 42313.724999999998545, 5945933.174999999813735 ], [ 42313.80000000000291, 5945933.174999999813735 ], [ 42313.80000000000291, 5945933.25 ], [ 42313.875, 5945933.25 ], [ 42313.875, 5945933.325000000186265 ], [ 42313.94999999999709, 5945933.325000000186265 ], [ 42313.94999999999709, 5945933.400000000372529 ], [ 42314.025000000001455, 5945933.400000000372529 ], [ 42314.025000000001455, 5945933.474999999627471 ], [ 42314.099999999998545, 5945933.474999999627471 ], [ 42314.099999999998545, 5945933.625 ], [ 42314.17500000000291, 5945933.625 ], [ 42314.17500000000291, 5945933.775000000372529 ], [ 42314.25, 5945933.775000000372529 ], [ 42314.25, 5945933.924999999813735 ], [ 42314.32499999999709, 5945933.924999999813735 ], [ 42314.32499999999709, 5945934.0 ], [ 42314.400000000001455, 5945934.0 ], [ 42314.400000000001455, 5945934.150000000372529 ], [ 42314.474999999998545, 5945934.150000000372529 ], [ 42314.474999999998545, 5945934.224999999627471 ], [ 42314.55000000000291, 5945934.224999999627471 ], [ 42314.55000000000291, 5945934.375 ], [ 42314.625, 5945934.375 ], [ 42314.625, 5945934.450000000186265 ], [ 42314.69999999999709, 5945934.450000000186265 ], [ 42314.69999999999709, 5945934.525000000372529 ], [ 42314.775000000001455, 5945934.525000000372529 ], [ 42314.775000000001455, 5945934.674999999813735 ], [ 42314.92500000000291, 5945934.674999999813735 ], [ 42314.92500000000291, 5945934.75 ], [ 42315.0, 5945934.75 ], [ 42315.0, 5945934.825000000186265 ], [ 42315.07499999999709, 5945934.825000000186265 ], [ 42315.07499999999709, 5945934.900000000372529 ], [ 42315.150000000001455, 5945934.900000000372529 ], [ 42315.150000000001455, 5945934.974999999627471 ], [ 42315.224999999998545, 5945934.974999999627471 ], [ 42315.224999999998545, 5945935.049999999813735 ], [ 42315.30000000000291, 5945935.049999999813735 ], [ 42315.30000000000291, 5945935.125 ], [ 42315.375, 5945935.125 ], [ 42315.375, 5945935.200000000186265 ], [ 42315.44999999999709, 5945935.200000000186265 ], [ 42315.44999999999709, 5945935.275000000372529 ], [ 42315.525000000001455, 5945935.275000000372529 ], [ 42315.525000000001455, 5945935.349999999627471 ], [ 42315.599999999998545, 5945935.349999999627471 ], [ 42315.599999999998545, 5945935.5 ], [ 42315.525000000001455, 5945935.5 ], [ 42315.525000000001455, 5945935.575000000186265 ], [ 42315.44999999999709, 5945935.575000000186265 ], [ 42315.44999999999709, 5945935.650000000372529 ], [ 42315.375, 5945935.650000000372529 ], [ 42315.375, 5945935.799999999813735 ], [ 42315.30000000000291, 5945935.799999999813735 ], [ 42315.30000000000291, 5945935.875 ], [ 42315.224999999998545, 5945935.875 ], [ 42315.224999999998545, 5945935.950000000186265 ], [ 42315.150000000001455, 5945935.950000000186265 ], [ 42315.150000000001455, 5945936.025000000372529 ], [ 42315.07499999999709, 5945936.025000000372529 ], [ 42315.07499999999709, 5945936.099999999627471 ], [ 42315.0, 5945936.099999999627471 ], [ 42315.0, 5945936.174999999813735 ], [ 42314.92500000000291, 5945936.174999999813735 ], [ 42314.92500000000291, 5945936.25 ], [ 42314.849999999998545, 5945936.25 ], [ 42314.849999999998545, 5945936.325000000186265 ], [ 42314.775000000001455, 5945936.325000000186265 ], [ 42314.775000000001455, 5945936.474999999627471 ], [ 42314.69999999999709, 5945936.474999999627471 ], [ 42314.69999999999709, 5945936.549999999813735 ], [ 42314.625, 5945936.549999999813735 ], [ 42314.625, 5945936.700000000186265 ], [ 42314.55000000000291, 5945936.700000000186265 ], [ 42314.55000000000291, 5945936.849999999627471 ], [ 42314.474999999998545, 5945936.849999999627471 ], [ 42314.474999999998545, 5945936.924999999813735 ], [ 42314.400000000001455, 5945936.924999999813735 ], [ 42314.400000000001455, 5945937.075000000186265 ], [ 42314.32499999999709, 5945937.075000000186265 ], [ 42314.32499999999709, 5945937.299999999813735 ], [ 42314.25, 5945937.299999999813735 ], [ 42314.25, 5945937.525000000372529 ], [ 42314.17500000000291, 5945937.525000000372529 ], [ 42314.17500000000291, 5945937.825000000186265 ], [ 42314.099999999998545, 5945937.825000000186265 ], [ 42314.099999999998545, 5945938.125 ], [ 42314.025000000001455, 5945938.125 ], [ 42314.025000000001455, 5945938.424999999813735 ], [ 42313.94999999999709, 5945938.424999999813735 ], [ 42313.94999999999709, 5945938.799999999813735 ], [ 42313.875, 5945938.799999999813735 ], [ 42313.875, 5945939.099999999627471 ], [ 42313.80000000000291, 5945939.099999999627471 ], [ 42313.80000000000291, 5945939.400000000372529 ], [ 42313.724999999998545, 5945939.400000000372529 ], [ 42313.724999999998545, 5945939.700000000186265 ], [ 42313.650000000001455, 5945939.700000000186265 ], [ 42313.650000000001455, 5945939.849999999627471 ], [ 42313.57499999999709, 5945939.849999999627471 ], [ 42313.57499999999709, 5945940.075000000186265 ], [ 42313.5, 5945940.075000000186265 ], [ 42313.5, 5945940.299999999813735 ], [ 42313.42500000000291, 5945940.299999999813735 ], [ 42313.42500000000291, 5945940.450000000186265 ], [ 42313.349999999998545, 5945940.450000000186265 ], [ 42313.349999999998545, 5945940.599999999627471 ], [ 42313.275000000001455, 5945940.599999999627471 ], [ 42313.275000000001455, 5945940.75 ], [ 42313.19999999999709, 5945940.75 ], [ 42313.19999999999709, 5945940.900000000372529 ], [ 42313.125, 5945940.900000000372529 ], [ 42313.125, 5945941.049999999813735 ], [ 42313.05000000000291, 5945941.049999999813735 ], [ 42313.05000000000291, 5945941.200000000186265 ], [ 42312.974999999998545, 5945941.200000000186265 ], [ 42312.974999999998545, 5945941.275000000372529 ], [ 42312.900000000001455, 5945941.275000000372529 ], [ 42312.900000000001455, 5945941.424999999813735 ], [ 42312.82499999999709, 5945941.424999999813735 ], [ 42312.82499999999709, 5945941.5 ], [ 42312.75, 5945941.5 ], [ 42312.75, 5945941.650000000372529 ], [ 42312.67500000000291, 5945941.650000000372529 ], [ 42312.67500000000291, 5945941.724999999627471 ], [ 42312.599999999998545, 5945941.724999999627471 ], [ 42312.599999999998545, 5945941.799999999813735 ], [ 42312.525000000001455, 5945941.799999999813735 ], [ 42312.525000000001455, 5945941.875 ], [ 42312.44999999999709, 5945941.875 ], [ 42312.44999999999709, 5945942.025000000372529 ], [ 42312.375, 5945942.025000000372529 ], [ 42312.375, 5945942.099999999627471 ], [ 42312.30000000000291, 5945942.099999999627471 ], [ 42312.30000000000291, 5945942.174999999813735 ], [ 42312.224999999998545, 5945942.174999999813735 ], [ 42312.224999999998545, 5945942.25 ], [ 42312.150000000001455, 5945942.25 ], [ 42312.150000000001455, 5945942.325000000186265 ], [ 42312.07499999999709, 5945942.325000000186265 ], [ 42312.07499999999709, 5945942.474999999627471 ], [ 42312.0, 5945942.474999999627471 ], [ 42312.0, 5945942.549999999813735 ], [ 42311.92500000000291, 5945942.549999999813735 ], [ 42311.92500000000291, 5945942.625 ], [ 42311.849999999998545, 5945942.625 ], [ 42311.849999999998545, 5945942.700000000186265 ], [ 42311.775000000001455, 5945942.700000000186265 ], [ 42311.775000000001455, 5945942.775000000372529 ], [ 42311.69999999999709, 5945942.775000000372529 ], [ 42311.69999999999709, 5945942.849999999627471 ], [ 42311.625, 5945942.849999999627471 ], [ 42311.625, 5945942.924999999813735 ], [ 42311.55000000000291, 5945942.924999999813735 ], [ 42311.55000000000291, 5945943.0 ], [ 42311.474999999998545, 5945943.0 ], [ 42311.474999999998545, 5945943.150000000372529 ], [ 42311.400000000001455, 5945943.150000000372529 ], [ 42311.400000000001455, 5945943.224999999627471 ], [ 42311.32499999999709, 5945943.224999999627471 ], [ 42311.32499999999709, 5945943.299999999813735 ], [ 42311.25, 5945943.299999999813735 ], [ 42311.25, 5945943.450000000186265 ], [ 42311.17500000000291, 5945943.450000000186265 ], [ 42311.17500000000291, 5945943.599999999627471 ], [ 42311.099999999998545, 5945943.599999999627471 ], [ 42311.099999999998545, 5945943.75 ], [ 42310.724999999998545, 5945943.75 ] ] ] } },
{ "type": "Feature", "properties": { "value": 1.0, "building_id": 4, "area": 102.1893750001655 }, "geometry": { "type": "Polygon", "coordinates": [ [ [ 42297.224999999998545, 5945872.950000000186265 ], [ 42297.224999999998545, 5945872.875 ], [ 42297.150000000001455, 5945872.875 ], [ 42297.150000000001455, 5945872.799999999813735 ], [ 42297.07499999999709, 5945872.799999999813735 ], [ 42297.07499999999709, 5945872.650000000372529 ], [ 42297.0, 5945872.650000000372529 ], [ 42297.0, 5945872.575000000186265 ], [ 42296.92500000000291, 5945872.575000000186265 ], [ 42296.92500000000291, 5945872.5 ], [ 42296.849999999998545, 5945872.5 ], [ 42296.849999999998545, 5945872.349999999627471 ], [ 42296.775000000001455, 5945872.349999999627471 ], [ 42296.775000000001455, 5945872.275000000372529 ], [ 42296.69999999999709, 5945872.275000000372529 ], [ 42296.69999999999709, 5945872.200000000186265 ], [ 42296.625, 5945872.200000000186265 ], [ 42296.625, 5945872.049999999813735 ], [ 42296.55000000000291, 5945872.049999999813735 ], [ 42296.55000000000291, 5945871.974999999627471 ], [ 42296.474999999998545, 5945871.974999999627471 ], [ 42296.474999999998545, 5945871.900000000372529 ], [ 42296.400000000001455, 5945871.900000000372529 ], [ 42296.400000000001455, 5945871.75 ], [ 42296.32499999999709, 5945871.75 ], [ 42296.32499999999709, 5945871.674999999813735 ], [ 42296.25, 5945871.674999999813735 ], [ 42296.25, 5945871.525000000372529 ], [ 42296.17500000000291, 5945871.525000000372529 ], [ 42296.17500000000291, 5945871.450000000186265 ], [ 42296.099999999998545, 5945871.450000000186265 ], [ 42296.099999999998545, 5945871.299999999813735 ], [ 42296.025000000001455, 5945871.299999999813735 ], [ 42296.025000000001455, 5945871.224999999627471 ], [ 42295.94999999999709, 5945871.224999999627471 ], [ 42295.94999999999709, 5945871.075000000186265 ], [ 42295.875, 5945871.075000000186265 ], [ 42295.875, 5945871.0 ], [ 42295.80000000000291, 5945871.0 ], [ 42295.80000000000291, 5945870.775000000372529 ], [ 42295.724999999998545, 5945870.775000000372529 ], [ 42295.724999999998545, 5945870.549999999813735 ], [ 42295.650000000001455, 5945870.549999999813735 ], [ 42295.650000000001455, 5945870.325000000186265 ], [ 42295.57499999999709, 5945870.325000000186265 ], [ 42295.57499999999709, 5945870.174999999813735 ], [ 42295.5, 5945870.174999999813735 ], [ 42295.5, 5945869.950000000186265 ], [ 42295.42500000000291, 5945869.950000000186265 ], [ 42295.42500000000291, 5945869.799999999813735 ], [ 42295.349999999998545, 5945869.799999999813735 ], [ 42295.349999999998545, 5945869.575000000186265 ], [ 42295.275000000001455, 5945869.575000000186265 ], [ 42295.275000000001455, 5945869.275000000372529 ], [ 42295.19999999999709, 5945869.275000000372529 ], [ 42295.19999999999709, 5945868.974999999627471 ], [ 42295.125, 5945868.974999999627471 ], [ 42295.125, 5945868.525000000372529 ], [ 42295.05000000000291, 5945868.525000000372529 ], [ 42295.05000000000291, 5945868.0 ], [ 42294.974999999998545, 5945868.0 ], [ 42294.974999999998545, 5945867.474999999627471 ], [ 42294.900000000001455, 5945867.474999999627471 ], [ 42294.900000000001455, 5945866.724999999627471 ], [ 42294.82499999999709, 5945866.724999999627471 ], [ 42294.82499999999709, 5945865.674999999813735 ], [ 42294.75, 5945865.674999999813735 ], [ 42294.75, 5945864.400000000372529 ], [ 42294.67500000000291, 5945864.400000000372529 ], [ 42294.67500000000291, 5945863.125 ], [ 42294.599999999998545, 5945863.125 ], [ 42294.599999999998545, 5945862.224999999627471 ], [ 42294.525000000001455, 5945862.224999999627471 ], [ 42294.525000000001455, 5945861.474999999627471 ], [ 42294.44999999999709, 5945861.474999999627471 ], [ 42294.44999999999709, 5945860.875 ], [ 42294.375, 5945860.875 ], [ 42294.375, 5945860.349999999627471 ], [ 42294.30000000000291, 5945860.349999999627471 ], [ 42294.30000000000291, 5945859.900000000372529 ], [ 42294.224999999998545, 5945859.900000000372529 ], [ 42294.224999999998545, 5945859.525000000372529 ], [ 42294.150000000001455, 5945859.525000000372529 ], [ 42294.150000000001455, 5945859.150000000372529 ], [ 42294.07499999999709, 5945859.150000000372529 ], [ 42294.07499999999709, 5945858.849999999627471 ], [ 42294.0, 5945858.849999999627471 ], [ 42294.0, 5945858.625 ], [ 42293.92500000000291, 5945858.625 ], [ 42293.92500000000291, 5945858.400000000372529 ], [ 42293.849999999998545, 5945858.400000000372529 ], [ 42293.849999999998545, 5945858.174999999813735 ], [ 42293.775000000001455, 5945858.174999999813735 ], [ 42293.775000000001455, 5945857.950000000186265 ], [ 42293.69999999999709, 5945857.950000000186265 ], [ 42293.69999999999709, 5945857.724999999627471 ], [ 42293.625, 5945857.724999999627471 ], [ 42293.625, 5945857.575000000186265 ], [ 42293.55000000000291, 5945857.575000000186265 ], [ 42293.55000000000291, 5945857.424999999813735 ], [ 42293.474999999998545, 5945857.424999999813735 ], [ 42293.474999999998545, 5945856.674999999813735 ], [ 42293.400000000001455, 5945856.674999999813735 ], [ 42293.400000000001455, 5945855.25 ], [ 42293.474999999998545, 5945855.25 ], [ 42293.474999999998545, 5945855.174999999813735 ], [ 42293.55000000000291, 5945855.174999999813735 ], [ 42293.55000000000291, 5945855.099999999627471 ], [ 42293.625, 5945855.099999999627471 ], [ 42293.625, 5945855.025000000372529 ], [ 42293.69999999999709, 5945855.025000000372529 ], [ 42293.69999999999709, 5945854.875 ], [ 42293.775000000001455, 5945854.875 ], [ 42293.775000000001455, 5945854.799999999813735 ], [ 42293.849999999998545, 5945854.799999999813735 ], [ 42293.849999999998545, 5945854.724999999627471 ], [ 42293.92500000000291, 5945854.724999999627471 ], [ 42293.92500000000291, 5945854.650000000372529 ], [ 42294.0, 5945854.650000000372529 ], [ 42294.0, 5945854.575000000186265 ], [ 42294.150000000001455, 5945854.575000000186265 ], [ 42294.150000000001455, 5945854.5 ], [ 42294.224999999998545, 5945854.5 ], [ 42294.224999999998545, 5945854.424999999813735 ], [ 42294.30000000000291, 5945854.424999999813735 ], [ 42294.30000000000291, 5945854.349999999627471 ], [ 42294.375, 5945854.349999999627471 ], [ 42294.375, 5945854.275000000372529 ], [ 42294.525000000001455, 5945854.275000000372529 ], [ 42294.525000000001455, 5945854.200000000186265 ], [ 42294.599999999998545, 5945854.200000000186265 ], [ 42294.599999999998545, 5945854.125 ], [ 42294.75, 5945854.125 ], [ 42294.75, 5945854.049999999813735 ], [ 42294.900000000001455, 5945854.049999999813735 ], [ 42294.900000000001455, 5945853.974999999627471 ], [ 42295.05000000000291, 5945853.974999999627471 ], [ 42295.05000000000291, 5945853.900000000372529 ], [ 42295.19999999999709, 5945853.900000000372529 ], [ 42295.19999999999709, 5945853.825000000186265 ], [ 42295.42500000000291, 5945853.825000000186265 ], [ 42295.42500000000291, 5945853.900000000372529 ], [ 42295.57499999999709, 5945853.900000000372529 ], [ 42295.57499999999709, 5945853.974999999627471 ], [ 42295.724999999998545, 5945853.974999999627471 ], [ 42295.724999999998545, 5945854.049999999813735 ], [ 42295.80000000000291, 5945854.049999999813735 ], [ 42295.80000000000291, 5945854.125 ], [ 42295.94999999999709, 5945854.125 ], [ 42295.94999999999709, 5945854.200000000186265 ], [ 42296.099999999998545, 5945854.200000000186265 ], [ 42296.099999999998545, 5945854.275000000372529 ], [ 42296.17500000000291, 5945854.275000000372529 ], [ 42296.17500000000291, 5945854.349999999627471 ], [ 42296.32499999999709, 5945854.349999999627471 ], [ 42296.32499999999709, 5945854.424999999813735 ], [ 42296.400000000001455, 5945854.424999999813735 ], [ 42296.400000000001455, 5945854.5 ], [ 42296.474999999998545, 5945854.5 ], [ 42296.474999999998545, 5945854.575000000186265 ], [ 42296.625, 5945854.575000000186265 ], [ 42296.625, 5945854.650000000372529 ], [ 42296.69999999999709, 5945854.650000000372529 ], [ 42296.69999999999709, 5945854.724999999627471 ], [ 42296.775000000001455, 5945854.724999999627471 ], [ 42296.775000000001455, 5945854.799999999813735 ], [ 42296.92500000000291, 5945854.799999999813735 ], [ 42296.92500000000291, 5945854.875 ], [ 42297.0, 5945854.875 ], [ 42297.0, 5945854.950000000186265 ], [ 42297.07499999999709, 5945854.950000000186265 ], [ 42297.07499999999709, 5945855.025000000372529 ], [ 42297.150000000001455, 5945855.025000000372529 ], [ 42297.150000000001455, 5945855.099999999627471 ], [ 42297.224999999998545, 5945855.099999999627471 ], [ 42297.224999999998545, 5945855.174999999813735 ], [ 42297.44999999999709, 5945855.174999999813735 ], [ 42297.44999999999709, 5945855.25 ], [ 42297.599999999998545, 5945855.25 ], [ 42297.599999999998545, 5945855.325000000186265 ], [ 42297.75, 5945855.325000000186265 ], [ 42297.75, 5945855.400000000372529 ], [ 42297.82499999999709, 5945855.400000000372529 ], [ 42297.82499999999709, 5945855.474999999627471 ], [ 42297.974999999998545, 5945855.474999999627471 ], [ 42297.974999999998545, 5945855.549999999813735 ], [ 42298.05000000000291, 5945855.549999999813735 ], [ 42298.05000000000291, 5945855.625 ], [ 42298.125, 5945855.625 ], [ 42298.125, 5945855.775000000372529 ], [ 42298.19999999999709, 5945855.775000000372529 ], [ 42298.19999999999709, 5945855.849999999627471 ], [ 42298.275000000001455, 5945855.849999999627471 ], [ 42298.275000000001455, 5945856.0 ], [ 42298.349999999998545, 5945856.0 ], [ 42298.349999999998545, 5945856.150000000372529 ], [ 42298.42500000000291, 5945856.150000000372529 ], [ 42298.42500000000291, 5945856.299999999813735 ], [ 42298.5, 5945856.299999999813735 ], [ 42298.5, 5945856.525000000372529 ], [ 42298.57499999999709, 5945856.525000000372529 ], [ 42298.57499999999709, 5945856.825000000186265 ], [ 42298.650000000001455, 5945856.825000000186265 ], [ 42298.650000000001455, 5945857.275000000372529 ], [ 42298.724999999998545, 5945857.275000000372529 ], [ 42298.724999999998545, 5945858.775000000372529 ], [ 42298.80000000000291, 5945858.775000000372529 ], [ 42298.80000000000291, 5945859.674999999813735 ], [ 42298.875, 5945859.674999999813735 ], [ 42298.875, 5945860.200000000186265 ], [ 42298.94999999999709, 5945860.200000000186265 ], [ 42298.94999999999709, 5945860.724999999627471 ], [ 42299.025000000001455, 5945860.724999999627471 ], [ 42299.025000000001455, 5945861.174999999813735 ], [ 42299.099999999998545, 5945861.174999999813735 ], [ 42299.099999999998545, 5945861.400000000372529 ], [ 42299.17500000000291, 5945861.400000000372529 ], [ 42299.17500000000291, 5945861.549999999813735 ], [ 42299.25, 5945861.549999999813735 ], [ 42299.25, 5945861.625 ], [ 42299.32499999999709, 5945861.625 ], [ 42299.32499999999709, 5945861.700000000186265 ], [ 42299.400000000001455, 5945861.700000000186265 ], [ 42299.400000000001455, 5945861.849999999627471 ], [ 42299.474999999998545, 5945861.849999999627471 ], [ 42299.474999999998545, 5945861.924999999813735 ], [ 42299.55000000000291, 5945861.924999999813735 ], [ 42299.55000000000291, 5945862.075000000186265 ], [ 42299.625, 5945862.075000000186265 ], [ 42299.625, 5945862.224999999627471 ], [ 42299.69999999999709, 5945862.224999999627471 ], [ 42299.69999999999709, 5945862.375 ], [ 42299.775000000001455, 5945862.375 ], [ 42299.775000000001455, 5945862.525000000372529 ], [ 42299.849999999998545, 5945862.525000000372529 ], [ 42299.849999999998545, 5945862.75 ], [ 42299.92500000000291, 5945862.75 ], [ 42299.92500000000291, 5945863.049999999813735 ], [ 42300.0, 5945863.049999999813735 ], [ 42300.0, 5945863.424999999813735 ], [ 42300.07499999999709, 5945863.424999999813735 ], [ 42300.07499999999709, 5945863.799999999813735 ], [ 42300.150000000001455, 5945863.799999999813735 ], [ 42300.150000000001455, 5945864.174999999813735 ], [ 42300.224999999998545, 5945864.174999999813735 ], [ 42300.224999999998545, 5945864.549999999813735 ], [ 42300.30000000000291, 5945864.549999999813735 ], [ 42300.30000000000291, 5945865.0 ], [ 42300.375, 5945865.0 ], [ 42300.375, 5945865.375 ], [ 42300.44999999999709, 5945865.375 ], [ 42300.44999999999709, 5945865.75 ], [ 42300.525000000001455, 5945865.75 ], [ 42300.525000000001455, 5945866.049999999813735 ], [ 42300.599999999998545, 5945866.049999999813735 ], [ 42300.599999999998545, 5945866.349999999627471 ], [ 42300.67500000000291, 5945866.349999999627471 ], [ 42300.67500000000291, 5945866.650000000372529 ], [ 42300.75, 5945866.650000000372529 ], [ 42300.75, 5945866.875 ], [ 42300.82499999999709, 5945866.875 ], [ 42300.82499999999709, 5945867.099999999627471 ], [ 42300.900000000001455, 5945867.099999999627471 ], [ 42300.900000000001455, 5945867.25 ], [ 42300.974999999998545, 5945867.25 ], [ 42300.974999999998545, 5945867.474999999627471 ], [ 42301.05000000000291, 5945867.474999999627471 ], [ 42301.05000000000291, 5945867.625 ], [ 42301.125, 5945867.625 ], [ 42301.125, 5945867.775000000372529 ], [ 42301.19999999999709, 5945867.775000000372529 ], [ 42301.19999999999709, 5945867.924999999813735 ], [ 42301.275000000001455, 5945867.924999999813735 ], [ 42301.275000000001455, 5945868.0 ], [ 42301.349999999998545, 5945868.0 ], [ 42301.349999999998545, 5945868.150000000372529 ], [ 42301.42500000000291, 5945868.150000000372529 ], [ 42301.42500000000291, 5945868.299999999813735 ], [ 42301.5, 5945868.299999999813735 ], [ 42301.5, 5945868.375 ], [ 42301.57499999999709, 5945868.375 ], [ 42301.57499999999709, 5945868.450000000186265 ], [ 42301.650000000001455, 5945868.450000000186265 ], [ 42301.650000000001455, 5945868.599999999627471 ], [ 42301.724999999998545, 5945868.599999999627471 ], [ 42301.724999999998545, 5945868.674999999813735 ], [ 42301.80000000000291, 5945868.674999999813735 ], [ 42301.80000000000291, 5945868.75 ], [ 42301.875, 5945868.75 ], [ 42301.875, 5945868.900000000372529 ], [ 42301.94999999999709, 5945868.900000000372529 ], [ 42301.94999999999709, 5945868.974999999627471 ], [ 42302.025000000001455, 5945868.974999999627471 ], [ 42302.025000000001455, 5945869.049999999813735 ], [ 42302.099999999998545, 5945869.049999999813735 ], [ 42302.099999999998545, 5945869.125 ], [ 42302.17500000000291, 5945869.125 ], [ 42302.17500000000291, 5945869.200000000186265 ], [ 42302.25, 5945869.200000000186265 ], [ 42302.25, 5945869.275000000372529 ], [ 42302.32499999999709, 5945869.275000000372529 ], [ 42302.32499999999709, 5945869.349999999627471 ], [ 42302.400000000001455, 5945869.349999999627471 ], [ 42302.400000000001455, 5945869.424999999813735 ], [ 42302.474999999998545, 5945869.424999999813735 ], [ 42302.474999999998545, 5945869.5 ], [ 42302.55000000000291, 5945869.5 ], [ 42302.55000000000291, 5945869.575000000186265 ], [ 42302.69999999999709, 5945869.575000000186265 ], [ 42302.69999999999709, 5945869.650000000372529 ], [ 42302.775000000001455, 5945869.650000000372529 ], [ 42302.775000000001455, 5945869.724999999627471 ], [ 42302.849999999998545, 5945869.724999999627471 ], [ 42302.849999999998545, 5945869.799999999813735 ], [ 42303.0, 5945869.799999999813735 ], [ 42303.0, 5945869.875 ], [ 42303.150000000001455, 5945869.875 ], [ 42303.150000000001455, 5945869.950000000186265 ], [ 42303.224999999998545, 5945869.950000000186265 ], [ 42303.224999999998545, 5945870.025000000372529 ], [ 42303.30000000000291, 5945870.025000000372529 ], [ 42303.30000000000291, 5945870.099999999627471 ], [ 42303.375, 5945870.099999999627471 ], [ 42303.375, 5945870.174999999813735 ], [ 42303.44999999999709, 5945870.174999999813735 ], [ 42303.44999999999709, 5945870.25 ], [ 42303.525000000001455, 5945870.25 ], [ 42303.525000000001455, 5945870.325000000186265 ], [ 42303.599999999998545, 5945870.325000000186265 ], [ 42303.599999999998545, 5945870.400000000372529 ], [ 42303.67500000000291, 5945870.400000000372529 ], [ 42303.67500000000291, 5945870.474999999627471 ], [ 42303.75, 5945870.474999999627471 ], [ 42303.75, 5945870.549999999813735 ], [ 42303.82499999999709, 5945870.549999999813735 ], [ 42303.82499999999709, 5945870.700000000186265 ], [ 42303.900000000001455, 5945870.700000000186265 ], [ 42303.900000000001455, 5945870.775000000372529 ], [ 42303.974999999998545, 5945870.775000000372529 ], [ 42303.974999999998545, 5945870.849999999627471 ], [ 42304.05000000000291, 5945870.849999999627471 ], [ 42304.05000000000291, 5945871.075000000186265 ], [ 42303.974999999998545, 5945871.075000000186265 ], [ 42303.974999999998545, 5945871.150000000372529 ], [ 42303.900000000001455, 5945871.150000000372529 ], [ 42303.900000000001455, 5945871.224999999627471 ], [ 42303.82499999999709, 5945871.224999999627471 ], [ 42303.82499999999709, 5945871.375 ], [ 42303.75, 5945871.375 ], [ 42303.75, 5945871.450000000186265 ], [ 42303.67500000000291, 5945871.450000000186265 ], [ 42303.67500000000291, 5945871.525000000372529 ], [ 42303.599999999998545, 5945871.525000000372529 ], [ 42303.599999999998545, 5945871.599999999627471 ], [ 42303.525000000001455, 5945871.599999999627471 ], [ 42303.525000000001455, 5945871.674999999813735 ], [ 42303.44999999999709, 5945871.674999999813735 ], [ 42303.44999999999709, 5945871.75 ], [ 42303.375, 5945871.75 ], [ 42303.375, 5945871.825000000186265 ], [ 42303.30000000000291, 5945871.825000000186265 ], [ 42303.30000000000291, 5945871.900000000372529 ], [ 42303.224999999998545, 5945871.900000000372529 ], [ 42303.224999999998545, 5945871.974999999627471 ], [ 42303.150000000001455, 5945871.974999999627471 ], [ 42303.150000000001455, 5945872.049999999813735 ], [ 42303.07499999999709, 5945872.049999999813735 ], [ 42303.07499999999709, 5945872.125 ], [ 42302.625, 5945872.125 ], [ 42302.625, 5945872.200000000186265 ], [ 42302.17500000000291, 5945872.200000000186265 ], [ 42302.17500000000291, 5945872.275000000372529 ], [ 42301.650000000001455, 5945872.275000000372529 ], [ 42301.650000000001455, 5945872.349999999627471 ], [ 42301.125, 5945872.349999999627471 ], [ 42301.125, 5945872.424999999813735 ], [ 42300.67500000000291, 5945872.424999999813735 ], [ 42300.67500000000291, 5945872.5 ], [ 42300.150000000001455, 5945872.5 ], [ 42300.150000000001455, 5945872.575000000186265 ], [ 42299.625, 5945872.575000000186265 ], [ 42299.625, 5945872.650000000372529 ], [ 42299.099999999998545, 5945872.650000000372529 ], [ 42299.099999999998545, 5945872.724999999627471 ], [ 42298.57499999999709, 5945872.724999999627471 ], [ 42298.57499999999709, 5945872.799999999813735 ], [ 42298.05000000000291, 5945872.799999999813735 ], [ 42298.05000000000291, 5945872.875 ], [ 42297.525000000001455, 5945872.875 ], [ 42297.525000000001455, 5945872.950000000186265 ], [ 42297.224999999998545, 5945872.950000000186265 ] ] ] } }
]
}
