{
"type": "FeatureCollection",
"name": "42933E594957N_buildings",
"crs": { "type": "name", "properties": { "name": "urn:ogc:def:crs:EPSG::3776" } },
"features": [
{ "type": "Feature", "properties": { "value": 1.0, "building_id": 0, "area": 73.878750000266137 }, "geometry": { "type": "Polygon", "coordinates": [ [ [ 43359.599999999998545, 5949764.474999999627471 ], [ 43359.599999999998545, 5949764.400000000372529 ], [ 43359.375, 5949764.400000000372529 ], [ 43359.375, 5949764.325000000186265 ], [ 43359.150000000001455, 5949764.325000000186265 ], [ 43359.150000000001455, 5949764.25 ], [ 43359.0, 5949764.25 ], [ 43359.0, 5949764.174999999813735 ], [ 43358.849999999998545, 5949764.174999999813735 ], [ 43358.849999999998545, 5949764.099999999627471 ], [ 43358.69999999999709, 5949764.099999999627471 ], [ 43358.69999999999709, 5949764.025000000372529 ], [ 43358.55000000000291, 5949764.025000000372529 ], [ 43358.55000000000291, 5949763.950000000186265 ], [ 43358.400000000001455, 5949763.950000000186265 ], [ 43358.400000000001455, 5949763.875 ], [ 43358.25, 5949763.875 ], [ 43358.25, 5949763.799999999813735 ], [ 43358.17500000000291, 5949763.799999999813735 ], [ 43358.17500000000291, 5949763.724999999627471 ], [ 43358.025000000001455, 5949763.724999999627471 ], [ 43358.025000000001455, 5949763.650000000372529 ], [ 43357.94999999999709, 5949763.650000000372529 ], [ 43357.94999999999709, 5949763.575000000186265 ], [ 43357.875, 5949763.575000000186265 ], [ 43357.875, 5949763.5 ], [ 43357.80000000000291, 5949763.5 ], [ 43357.80000000000291, 5949763.424999999813735 ], [ 43357.724999999998545, 5949763.424999999813735 ], [ 43357.724999999998545, 5949763.275000000372529 ], [ 43357.650000000001455, 5949763.275000000372529 ], [ 43357.650000000001455, 5949763.200000000186265 ], [ 43357.57499999999709, 5949763.200000000186265 ], [ 43357.57499999999709, 5949763.049999999813735 ], [ 43357.5, 5949763.049999999813735 ], [ 43357.5, 5949762.900000000372529 ], [ 43357.42500000000291, 5949762.900000000372529 ], [ 43357.42500000000291, 5949762.75 ], [ 43357.349999999998545, 5949762.75 ], [ 43357.349999999998545, 5949762.599999999627471 ], [ 43357.275000000001455, 5949762.599999999627471 ], [ 43357.275000000001455, 5949762.450000000186265 ], [ 43357.19999999999709, 5949762.450000000186265 ], [ 43357.19999999999709, 5949762.224999999627471 ], [ 43357.125, 5949762.224999999627471 ], [ 43357.125, 5949762.0 ], [ 43357.05000000000291, 5949762.0 ], [ 43357.05000000000291, 5949761.849999999627471 ], [ 43356.974999999998545, 5949761.849999999627471 ], [ 43356.974999999998545, 5949761.400000000372529 ], [ 43357.05000000000291, 5949761.400000000372529 ], [ 43357.05000000000291, 5949761.25 ], [ 43357.125, 5949761.25 ], [ 43357.125, 5949761.025000000372529 ], [ 43357.19999999999709, 5949761.025000000372529 ], [ 43357.19999999999709, 5949760.875 ], [ 43357.275000000001455, 5949760.875 ], [ 43357.275000000001455, 5949760.724999999627471 ], [ 43357.349999999998545, 5949760.724999999627471 ], [ 43357.349999999998545, 5949760.650000000372529 ], [ 43357.42500000000291, 5949760.650000000372529 ], [ 43357.42500000000291, 5949760.5 ], [ 43357.5, 5949760.5 ], [ 43357.5, 5949760.349999999627471 ], [ 43357.57499999999709, 5949760.349999999627471 ], [ 43357.57499999999709, 5949760.275000000372529 ], [ 43357.650000000001455, 5949760.275000000372529 ], [ 43357.650000000001455, 5949760.200000000186265 ], [ 43357.724999999998545, 5949760.200000000186265 ], [ 43357.724999999998545, 5949760.125 ], [ 43357.80000000000291, 5949760.125 ], [ 43357.80000000000291, 5949760.049999999813735 ], [ 43357.875, 5949760.049999999813735 ], [ 43357.875, 5949759.974999999627471 ], [ 43357.94999999999709, 5949759.974999999627471 ], [ 43357.94999999999709, 5949759.900000000372529 ], [ 43358.025000000001455, 5949759.900000000372529 ], [ 43358.025000000001455, 5949759.825000000186265 ], [ 43358.099999999998545, 5949759.825000000186265 ], [ 43358.099999999998545, 5949759.75 ], [ 43358.17500000000291, 5949759.75 ], [ 43358.17500000000291, 5949759.599999999627471 ], [ 43358.25, 5949759.599999999627471 ], [ 43358.25, 5949759.525000000372529 ], [ 43358.32499999999709, 5949759.525000000372529 ], [ 43358.32499999999709, 5949759.450000000186265 ], [ 43358.400000000001455, 5949759.450000000186265 ], [ 43358.400000000001455, 5949759.299999999813735 ], [ 43358.474999999998545, 5949759.299999999813735 ], [ 43358.474999999998545, 5949759.224999999627471 ], [ 43358.55000000000291, 5949759.224999999627471 ], [ 43358.55000000000291, 5949759.150000000372529 ], [ 43358.625, 5949759.150000000372529 ], [ 43358.625, 5949759.075000000186265 ], [ 43358.69999999999709, 5949759.075000000186265 ], [ 43358.69999999999709, 5949759.0 ], [ 43358.775000000001455, 5949759.0 ], [ 43358.775000000001455, 5949758.924999999813735 ], [ 43358.849999999998545, 5949758.924999999813735 ], [ 43358.849999999998545, 5949758.849999999627471 ], [ 43358.92500000000291, 5949758.849999999627471 ], [ 43358.92500000000291, 5949758.775000000372529 ], [ 43359.0, 5949758.775000000372529 ], [ 43359.0, 5949758.700000000186265 ], [ 43359.07499999999709, 5949758.700000000186265 ], [ 43359.07499999999709, 5949758.625 ], [ 43359.150000000001455, 5949758.625 ], [ 43359.150000000001455, 5949758.549999999813735 ], [ 43359.224999999998545, 5949758.549999999813735 ], [ 43359.224999999998545, 5949758.474999999627471 ], [ 43359.375, 5949758.474999999627471 ], [ 43359.375, 5949758.400000000372529 ], [ 43359.44999999999709, 5949758.400000000372529 ], [ 43359.44999999999709, 5949758.325000000186265 ], [ 43359.525000000001455, 5949758.325000000186265 ], [ 43359.525000000001455, 5949758.25 ], [ 43359.67500000000291, 5949758.25 ], [ 43359.67500000000291, 5949758.174999999813735 ], [ 43359.974999999998545, 5949758.174999999813735 ], [ 43359.974999999998545, 5949758.099999999627471 ], [ 43360.57499999999709, 5949758.099999999627471 ], [ 43360.57499999999709, 5949758.025000000372529 ], [ 43361.099999999998545, 5949758.025000000372529 ], [ 43361.099999999998545, 5949757.950000000186265 ], [ 43361.474999999998545, 5949757.950000000186265 ], [ 43361.474999999998545, 5949757.875 ], [ 43361.775000000001455, 5949757.875 ], [ 43361.775000000001455, 5949757.799999999813735 ], [ 43362.0, 5949757.799999999813735 ], [ 43362.0, 5949757.724999999627471 ], [ 43362.224999999998545, 5949757.724999999627471 ], [ 43362.224999999998545, 5949757.650000000372529 ], [ 43362.30000000000291, 5949757.650000000372529 ], [ 43362.30000000000291, 5949757.575000000186265 ], [ 43362.44999999999709, 5949757.575000000186265 ], [ 43362.44999999999709, 5949757.5 ], [ 43362.525000000001455, 5949757.5 ], [ 43362.525000000001455, 5949757.424999999813735 ], [ 43362.67500000000291, 5949757.424999999813735 ], [ 43362.67500000000291, 5949757.349999999627471 ], [ 43362.75, 5949757.349999999627471 ], [ 43362.75, 5949757.275000000372529 ], [ 43362.82499999999709, 5949757.275000000372529 ], [ 43362.82499999999709, 5949757.200000000186265 ], [ 43362.900000000001455, 5949757.200000000186265 ], [ 43362.900000000001455, 5949757.125 ], [ 43362.974999999998545, 5949757.125 ], [ 43362.974999999998545, 5949757.049999999813735 ], [ 43363.05000000000291, 5949757.049999999813735 ], [ 43363.05000000000291, 5949756.974999999627471 ], [ 43363.125, 5949756.974999999627471 ], [ 43363.125, 5949756.900000000372529 ], [ 43363.19999999999709, 5949756.900000000372529 ], [ 43363.19999999999709, 5949756.75 ], [ 43363.275000000001455, 5949756.75 ], [ 43363.275000000001455, 5949756.674999999813735 ], [ 43363.349999999998545, 5949756.674999999813735 ], [ 43363.349999999998545, 5949756.525000000372529 ], [ 43363.42500000000291, 5949756.525000000372529 ], [ 43363.42500000000291, 5949756.450000000186265 ], [ 43363.5, 5949756.450000000186265 ], [ 43363.5, 5949756.299999999813735 ], [ 43363.57499999999709, 5949756.299999999813735 ], [ 43363.57499999999709, 5949756.150000000372529 ], [ 43363.650000000001455, 5949756.150000000372529 ], [ 43363.650000000001455, 5949755.924999999813735 ], [ 43363.724999999998545, 5949755.924999999813735 ], [ 43363.724999999998545, 5949755.700000000186265 ], [ 43363.80000000000291, 5949755.700000000186265 ], [ 43363.80000000000291, 5949755.549999999813735 ], [ 43363.875, 5949755.549999999813735 ], [ 43363.875, 5949755.474999999627471 ], [ 43363.94999999999709, 5949755.474999999627471 ], [ 43363.94999999999709, 5949755.325000000186265 ], [ 43364.025000000001455, 5949755.325000000186265 ], [ 43364.025000000001455, 5949755.174999999813735 ], [ 43364.099999999998545, 5949755.174999999813735 ], [ 43364.099999999998545, 5949755.025000000372529 ], [ 43364.17500000000291, 5949755.025000000372529 ], [ 43364.17500000000291, 5949754.875 ], [ 43364.25, 5949754.875 ], [ 43364.25, 5949754.724999999627471 ], [ 43364.32499999999709, 5949754.724999999627471 ], [ 43364.32499999999709, 5949754.575000000186265 ], [ 43364.400000000001455, 5949754.575000000186265 ], [ 43364.400000000001455, 5949754.424999999813735 ], [ 43364.474999999998545, 5949754.424999999813735 ], [ 43364.474999999998545, 5949754.275000000372529 ], [ 43364.55000000000291, 5949754.275000000372529 ], [ 43364.55000000000291, 5949754.049999999813735 ], [ 43364.625, 5949754.049999999813735 ], [ 43364.625, 5949753.900000000372529 ], [ 43364.69999999999709, 5949753.900000000372529 ], [ 43364.69999999999709, 5949753.75 ], [ 43364.775000000001455, 5949753.75 ], [ 43364.775000000001455, 5949753.674999999813735 ], [ 43364.849999999998545, 5949753.674999999813735 ], [ 43364.849999999998545, 5949753.525000000372529 ], [ 43364.92500000000291, 5949753.525000000372529 ], [ 43364.92500000000291, 5949753.450000000186265 ], [ 43365.0, 5949753.450000000186265 ], [ 43365.0, 5949753.375 ], [ 43365.07499999999709, 5949753.375 ], [ 43365.07499999999709, 5949753.299999999813735 ], [ 43365.150000000001455, 5949753.299999999813735 ], [ 43365.150000000001455, 5949753.150000000372529 ], [ 43365.224999999998545, 5949753.150000000372529 ], [ 43365.224999999998545, 5949753.075000000186265 ], [ 43365.30000000000291, 5949753.075000000186265 ], [ 43365.30000000000291, 5949753.0 ], [ 43365.375, 5949753.0 ], [ 43365.375, 5949752.924999999813735 ], [ 43365.44999999999709, 5949752.924999999813735 ], [ 43365.44999999999709, 5949752.849999999627471 ], [ 43365.525000000001455, 5949752.849999999627471 ], [ 43365.525000000001455, 5949752.775000000372529 ], [ 43365.599999999998545, 5949752.775000000372529 ], [ 43365.599999999998545, 5949752.700000000186265 ], [ 43365.75, 5949752.700000000186265 ], [ 43365.75, 5949752.625 ], [ 43365.900000000001455, 5949752.625 ], [ 43365.900000000001455, 5949752.549999999813735 ], [ 43366.125, 5949752.549999999813735 ], [ 43366.125, 5949752.474999999627471 ], [ 43366.349999999998545, 5949752.474999999627471 ], [ 43366.349999999998545, 5949752.400000000372529 ], [ 43366.5, 5949752.400000000372529 ], [ 43366.5, 5949752.325000000186265 ], [ 43366.724999999998545, 5949752.325000000186265 ], [ 43366.724999999998545, 5949752.25 ], [ 43366.94999999999709, 5949752.25 ], [ 43366.94999999999709, 5949752.174999999813735 ], [ 43367.17500000000291, 5949752.174999999813735 ], [ 43367.17500000000291, 5949752.099999999627471 ], [ 43367.474999999998545, 5949752.099999999627471 ], [ 43367.474999999998545, 5949752.025000000372529 ], [ 43367.625, 5949752.025000000372529 ], [ 43367.625, 5949752.099999999627471 ], [ 43367.775000000001455, 5949752.099999999627471 ], [ 43367.775000000001455, 5949752.174999999813735 ], [ 43367.92500000000291, 5949752.174999999813735 ], [ 43367.92500000000291, 5949752.25 ], [ 43368.07499999999709, 5949752.25 ], [ 43368.07499999999709, 5949752.325000000186265 ], [ 43368.224999999998545, 5949752.325000000186265 ], [ 43368.224999999998545, 5949752.400000000372529 ], [ 43368.30000000000291, 5949752.400000000372529 ], [ 43368.30000000000291, 5949752.474999999627471 ], [ 43368.44999999999709, 5949752.474999999627471 ], [ 43368.44999999999709, 5949752.549999999813735 ], [ 43368.599999999998545, 5949752.549999999813735 ], [ 43368.599999999998545, 5949752.625 ], [ 43368.75, 5949752.625 ], [ 43368.75, 5949752.700000000186265 ], [ 43368.900000000001455, 5949752.700000000186265 ], [ 43368.900000000001455, 5949752.775000000372529 ], [ 43369.05000000000291, 5949752.775000000372529 ], [ 43369.05000000000291, 5949752.849999999627471 ], [ 43369.19999999999709, 5949752.849999999627471 ], [ 43369.19999999999709, 5949752.924999999813735 ], [ 43369.275000000001455, 5949752.924999999813735 ], [ 43369.275000000001455, 5949753.0 ], [ 43369.42500000000291, 5949753.0 ], [ 43369.42500000000291, 5949753.075000000186265 ], [ 43369.57499999999709, 5949753.075000000186265 ], [ 43369.57499999999709, 5949753.150000000372529 ], [ 43369.724999999998545, 5949753.150000000372529 ], [ 43369.724999999998545, 5949753.224999999627471 ], [ 43369.80000000000291, 5949753.224999999627471 ], [ 43369.80000000000291, 5949753.299999999813735 ], [ 43369.94999999999709, 5949753.299999999813735 ], [ 43369.94999999999709, 5949753.375 ], [ 43370.099999999998545, 5949753.375 ], [ 43370.099999999998545, 5949753.450000000186265 ], [ 43370.25, 5949753.450000000186265 ], [ 43370.25, 5949753.525000000372529 ], [ 43370.32499999999709, 5949753.525000000372529 ], [ 43370.32499999999709, 5949753.599999999627471 ], [ 43370.474999999998545, 5949753.599999999627471 ], [ 43370.474999999998545, 5949753.674999999813735 ], [ 43370.55000000000291, 5949753.674999999813735 ], [ 43370.55000000000291, 5949753.75 ], [ 43370.69999999999709, 5949753.75 ], [ 43370.69999999999709, 5949753.900000000372529 ], [ 43370.625, 5949753.900000000372529 ], [ 43370.625, 5949754.049999999813735 ], [ 43370.55000000000291, 5949754.049999999813735 ], [ 43370.55000000000291, 5949754.200000000186265 ], [ 43370.474999999998545, 5949754.200000000186265 ], [ 43370.474999999998545, 5949754.349999999627471 ], [ 43370.400000000001455, 5949754.349999999627471 ], [ 43370.400000000001455, 5949754.5 ], [ 43370.32499999999709, 5949754.5 ], [ 43370.32499999999709, 5949754.650000000372529 ], [ 43370.25, 5949754.650000000372529 ], [ 43370.25, 5949754.799999999813735 ], [ 43370.17500000000291, 5949754.799999999813735 ], [ 43370.17500000000291, 5949754.950000000186265 ], [ 43370.099999999998545, 5949754.950000000186265 ], [ 43370.099999999998545, 5949755.099999999627471 ], [ 43370.025000000001455, 5949755.099999999627471 ], [ 43370.025000000001455, 5949755.325000000186265 ], [ 43369.94999999999709, 5949755.325000000186265 ], [ 43369.94999999999709, 5949755.549999999813735 ], [ 43369.875, 5949755.549999999813735 ], [ 43369.875, 5949755.775000000372529 ], [ 43369.724999999998545, 5949755.775000000372529 ], [ 43369.724999999998545, 5949755.849999999627471 ], [ 43369.650000000001455, 5949755.849999999627471 ], [ 43369.650000000001455, 5949755.924999999813735 ], [ 43369.5, 5949755.924999999813735 ], [ 43369.5, 5949756.0 ], [ 43369.42500000000291, 5949756.0 ], [ 43369.42500000000291, 5949756.075000000186265 ], [ 43369.349999999998545, 5949756.075000000186265 ], [ 43369.349999999998545, 5949756.150000000372529 ], [ 43369.19999999999709, 5949756.150000000372529 ], [ 43369.19999999999709, 5949756.224999999627471 ], [ 43369.125, 5949756.224999999627471 ], [ 43369.125, 5949756.299999999813735 ], [ 43369.05000000000291, 5949756.299999999813735 ], [ 43369.05000000000291, 5949756.375 ], [ 43368.900000000001455, 5949756.375 ], [ 43368.900000000001455, 5949756.450000000186265 ], [ 43368.82499999999709, 5949756.450000000186265 ], [ 43368.82499999999709, 5949756.525000000372529 ], [ 43368.75, 5949756.525000000372529 ], [ 43368.75, 5949756.599999999627471 ], [ 43368.67500000000291, 5949756.599999999627471 ], [ 43368.67500000000291, 5949756.674999999813735 ], [ 43368.599999999998545, 5949756.674999999813735 ], [ 43368.599999999998545, 5949756.75 ], [ 43368.525000000001455, 5949756.75 ], [ 43368.525000000001455, 5949756.825000000186265 ], [ 43368.375, 5949756.825000000186265 ], [ 43368.375, 5949756.900000000372529 ], [ 43368.30000000000291, 5949756.900000000372529 ], [ 43368.30000000000291, 5949756.974999999627471 ], [ 43368.224999999998545, 5949756.974999999627471 ], [ 43368.224999999998545, 5949757.049999999813735 ], [ 43368.150000000001455, 5949757.049999999813735 ], [ 43368.150000000001455, 5949757.125 ], [ 43368.07499999999709, 5949757.125 ], [ 43368.07499999999709, 5949757.200000000186265 ], [ 43368.0, 5949757.200000000186265 ], [ 43368.0, 5949757.275000000372529 ], [ 43367.92500000000291, 5949757.275000000372529 ], [ 43367.92500000000291, 5949757.349999999627471 ], [ 43367.849999999998545, 5949757.349999999627471 ], [ 43367.849999999998545, 5949757.424999999813735 ], [ 43367.775000000001455, 5949757.424999999813735 ], [ 43367.775000000001455, 5949757.5 ], [ 43367.69999999999709, 5949757.5 ], [ 43367.69999999999709, 5949757.575000000186265 ], [ 43367.625, 5949757.575000000186265 ], [ 43367.625, 5949757.650000000372529 ], [ 43367.55000000000291, 5949757.650000000372529 ], [ 43367.55000000000291, 5949757.724999999627471 ], [ 43367.474999999998545, 5949757.724999999627471 ], [ 43367.474999999998545, 5949757.799999999813735 ], [ 43367.400000000001455, 5949757.799999999813735 ], [ 43367.400000000001455, 5949757.875 ], [ 43367.25, 5949757.875 ], [ 43367.25, 5949757.950000000186265 ], [ 43367.17500000000291, 5949757.950000000186265 ], [ 43367.17500000000291, 5949758.025000000372529 ], [ 43367.099999999998545, 5949758.025000000372529 ], [ 43367.099999999998545, 5949758.099999999627471 ], [ 43367.025000000001455, 5949758.099999999627471 ], [ 43367.025000000001455, 5949758.174999999813735 ], [ 43366.94999999999709, 5949758.174999999813735 ], [ 43366.94999999999709, 5949758.25 ], [ 43366.875, 5949758.25 ], [ 43366.875, 5949758.325000000186265 ], [ 43366.80000000000291, 5949758.325000000186265 ], [ 43366.80000000000291, 5949758.400000000372529 ], [ 43366.724999999998545, 5949758.400000000372529 ], [ 43366.724999999998545, 5949758.474999999627471 ], [ 43366.650000000001455, 5949758.474999999627471 ], [ 43366.650000000001455, 5949758.625 ], [ 43366.57499999999709, 5949758.625 ], [ 43366.57499999999709, 5949758.700000000186265 ], [ 43366.5, 5949758.700000000186265 ], [ 43366.5, 5949758.775000000372529 ], [ 43366.42500000000291, 5949758.775000000372529 ], [ 43366.42500000000291, 5949758.924999999813735 ], [ 43366.349999999998545, 5949758.924999999813735 ], [ 43366.349999999998545, 5949759.075000000186265 ], [ 43366.275000000001455, 5949759.075000000186265 ], [ 43366.275000000001455, 5949759.150000000372529 ], [ 43366.19999999999709, 5949759.150000000372529 ], [ 43366.19999999999709, 5949759.299999999813735 ], [ 43366.125, 5949759.299999999813735 ], [ 43366.125, 5949759.450000000186265 ], [ 43366.05000000000291, 5949759.450000000186265 ], [ 43366.05000000000291, 5949759.674999999813735 ], [ 43365.974999999998545, 5949759.674999999813735 ], [ 43365.974999999998545, 5949759.825000000186265 ], [ 43365.900000000001455, 5949759.825000000186265 ], [ 43365.900000000001455, 5949760.049999999813735 ], [ 43365.82499999999709, 5949760.049999999813735 ], [ 43365.82499999999709, 5949760.275000000372529 ], [ 43365.75, 5949760.275000000372529 ], [ 43365.75, 5949760.424999999813735 ], [ 43365.67500000000291, 5949760.424999999813735 ], [ 43365.67500000000291, 5949760.724999999627471 ], [ 43365.599999999998545, 5949760.724999999627471 ], [ 43365.599999999998545, 5949760.875 ], [ 43365.525000000001455, 5949760.875 ], [ 43365.525000000001455, 5949761.025000000372529 ], [ 43365.44999999999709, 5949761.025000000372529 ], [ 43365.44999999999709, 5949761.25 ], [ 43365.375, 5949761.25 ], [ 43365.375, 5949761.474999999627471 ], [ 43365.30000000000291, 5949761.474999999627471 ], [ 43365.30000000000291, 5949761.625 ], [ 43365.224999999998545, 5949761.625 ], [ 43365.224999999998545, 5949761.700000000186265 ], [ 43365.150000000001455, 5949761.700000000186265 ], [ 43365.150000000001455, 5949761.775000000372529 ], [ 43365.07499999999709, 5949761.775000000372529 ], [ 43365.07499999999709, 5949761.849999999627471 ], [ 43364.92500000000291, 5949761.849999999627471 ], [ 43364.92500000000291, 5949761.924999999813735 ], [ 43364.849999999998545, 5949761.924999999813735 ], [ 43364.849999999998545, 5949762.0 ], [ 43364.775000000001455, 5949762.0 ], [ 43364.775000000001455, 5949762.075000000186265 ], [ 43364.625, 5949762.075000000186265 ], [ 43364.625, 5949762.150000000372529 ], [ 43364.55000000000291, 5949762.150000000372529 ], [ 43364.55000000000291, 5949762.224999999627471 ], [ 43364.400000000001455, 5949762.224999999627471 ], [ 43364.400000000001455, 5949762.299999999813735 ], [ 43364.32499999999709, 5949762.299999999813735 ], [ 43364.32499999999709, 5949762.375 ], [ 43364.17500000000291, 5949762.375 ], [ 43364.17500000000291, 5949762.450000000186265 ], [ 43364.099999999998545, 5949762.450000000186265 ], [ 43364.099999999998545, 5949762.525000000372529 ], [ 43363.94999999999709, 5949762.525000000372529 ], [ 43363.94999999999709, 5949762.599999999627471 ], [ 43363.875, 5949762.599999999627471 ], [ 43363.875, 5949762.674999999813735 ], [ 43363.724999999998545, 5949762.674999999813735 ], [ 43363.724999999998545, 5949762.75 ], [ 43363.57499999999709, 5949762.75 ], [ 43363.57499999999709, 5949762.825000000186265 ], [ 43363.5, 5949762.825000000186265 ], [ 43363.5, 5949762.900000000372529 ], [ 43363.349999999998545, 5949762.900000000372529 ], [ 43363.349999999998545, 5949762.974999999627471 ], [ 43363.19999999999709, 5949762.974999999627471 ], [ 43363.19999999999709, 5949763.049999999813735 ], [ 43363.125, 5949763.049999999813735 ], [ 43363.125, 5949763.125 ], [ 43362.974999999998545, 5949763.125 ], [ 43362.974999999998545, 5949763.200000000186265 ], [ 43362.900000000001455, 5949763.200000000186265 ], [ 43362.900000000001455, 5949763.275000000372529 ], [ 43362.82499999999709, 5949763.275000000372529 ], [ 43362.82499999999709, 5949763.349999999627471 ], [ 43362.67500000000291, 5949763.349999999627471 ], [ 43362.67500000000291, 5949763.424999999813735 ], [ 43362.599999999998545, 5949763.424999999813735 ], [ 43362.599999999998545, 5949763.5 ], [ 43362.44999999999709, 5949763.5 ], [ 43362.44999999999709, 5949763.575000000186265 ], [ 43362.375, 5949763.575000000186265 ], [ 43362.375, 5949763.650000000372529 ], [ 43362.224999999998545, 5949763.650000000372529 ], [ 43362.224999999998545, 5949763.724999999627471 ], [ 43362.07499999999709, 5949763.724999999627471 ], [ 43362.07499999999709, 5949763.799999999813735 ], [ 43361.92500000000291, 5949763.799999999813735 ], [ 43361.92500000000291, 5949763.875 ], [ 43361.775000000001455, 5949763.875 ], [ 43361.775000000001455, 5949763.950000000186265 ], [ 43361.55000000000291, 5949763.950000000186265 ], [ 43361.55000000000291, 5949764.025000000372529 ], [ 43361.32499999999709, 5949764.025000000372529 ], [ 43361.32499999999709, 5949764.099999999627471 ], [ 43361.17500000000291, 5949764.099999999627471 ], [ 43361.17500000000291, 5949764.174999999813735 ], [ 43360.875, 5949764.174999999813735 ], [ 43360.875, 5949764.25 ], [ 43360.650000000001455, 5949764.25 ], [ 43360.650000000001455, 5949764.325000000186265 ], [ 43360.349999999998545, 5949764.325000000186265 ], [ 43360.349999999998545, 5949764.400000000372529 ], [ 43360.05000000000291, 5949764.400000000372529 ], [ 43360.05000000000291, 5949764.474999999627471 ], [ 43359.599999999998545, 5949764.474999999627471 ] ] ] } },
{ "type": "Feature", "properties": { "value": 1.0, "building_id": 1, "area": 258.01874999993015 }, "geometry": { "type": "Polygon", "coordinates": [ [ [ 43453.42500000000291, 5949656.549999999813735 ], [ 43453.42500000000291, 5949656.474999999627471 ], [ 43452.82499999999709, 5949656.474999999627471 ], [ 43452.82499999999709, 5949656.400000000372529 ], [ 43452.30000000000291, 5949656.400000000372529 ], [ 43452.30000000000291, 5949656.325000000186265 ], [ 43451.92500000000291, 5949656.325000000186265 ], [ 43451.92500000000291, 5949656.174999999813735 ], [ 43451.775000000001455, 5949656.174999999813735 ], [ 43451.775000000001455, 5949656.099999999627471 ], [ 43451.55000000000291, 5949656.099999999627471 ], [ 43451.55000000000291, 5949656.025000000372529 ], [ 43451.474999999998545, 5949656.025000000372529 ], [ 43451.474999999998545, 5949655.950000000186265 ], [ 43451.32499999999709, 5949655.950000000186265 ], [ 43451.32499999999709, 5949655.875 ], [ 43451.25, 5949655.875 ], [ 43451.25, 5949655.799999999813735 ], [ 43451.17500000000291, 5949655.799999999813735 ], [ 43451.17500000000291, 5949655.724999999627471 ], [ 43451.099999999998545, 5949655.724999999627471 ], [ 43451.099999999998545, 5949655.650000000372529 ], [ 43451.025000000001455, 5949655.650000000372529 ], [ 43451.025000000001455, 5949655.575000000186265 ], [ 43450.94999999999709, 5949655.575000000186265 ], [ 43450.94999999999709, 5949655.5 ], [ 43450.875, 5949655.5 ], [ 43450.875, 5949655.424999999813735 ], [ 43450.80000000000291, 5949655.424999999813735 ], [ 43450.80000000000291, 5949655.275000000372529 ], [ 43450.724999999998545, 5949655.275000000372529 ], [ 43450.724999999998545, 5949655.125 ], [ 43450.650000000001455, 5949655.125 ], [ 43450.650000000001455, 5949655.049999999813735 ], [ 43450.57499999999709, 5949655.049999999813735 ], [ 43450.57499999999709, 5949654.825000000186265 ], [ 43450.5, 5949654.825000000186265 ], [ 43450.5, 5949654.674999999813735 ], [ 43450.42500000000291, 5949654.674999999813735 ], [ 43450.42500000000291, 5949654.450000000186265 ], [ 43450.349999999998545, 5949654.450000000186265 ], [ 43450.349999999998545, 5949654.150000000372529 ], [ 43450.275000000001455, 5949654.150000000372529 ], [ 43450.275000000001455, 5949653.775000000372529 ], [ 43450.19999999999709, 5949653.775000000372529 ], [ 43450.19999999999709, 5949653.400000000372529 ], [ 43450.125, 5949653.400000000372529 ], [ 43450.125, 5949653.099999999627471 ], [ 43450.05000000000291, 5949653.099999999627471 ], [ 43450.05000000000291, 5949652.724999999627471 ], [ 43449.974999999998545, 5949652.724999999627471 ], [ 43449.974999999998545, 5949652.424999999813735 ], [ 43449.900000000001455, 5949652.424999999813735 ], [ 43449.900000000001455, 5949652.125 ], [ 43449.82499999999709, 5949652.125 ], [ 43449.82499999999709, 5949651.900000000372529 ], [ 43449.75, 5949651.900000000372529 ], [ 43449.75, 5949651.674999999813735 ], [ 43449.67500000000291, 5949651.674999999813735 ], [ 43449.67500000000291, 5949651.450000000186265 ], [ 43449.599999999998545, 5949651.450000000186265 ], [ 43449.599999999998545, 5949651.224999999627471 ], [ 43449.525000000001455, 5949651.224999999627471 ], [ 43449.525000000001455, 5949651.075000000186265 ], [ 43449.44999999999709, 5949651.075000000186265 ], [ 43449.44999999999709, 5949650.849999999627471 ], [ 43449.375, 5949650.849999999627471 ], [ 43449.375, 5949650.700000000186265 ], [ 43449.30000000000291, 5949650.700000000186265 ], [ 43449.30000000000291, 5949650.474999999627471 ], [ 43449.224999999998545, 5949650.474999999627471 ], [ 43449.224999999998545, 5949650.25 ], [ 43449.150000000001455, 5949650.25 ], [ 43449.150000000001455, 5949649.950000000186265 ], [ 43449.07499999999709, 5949649.950000000186265 ], [ 43449.07499999999709, 5949649.724999999627471 ], [ 43449.0, 5949649.724999999627471 ], [ 43449.0, 5949649.424999999813735 ], [ 43448.92500000000291, 5949649.424999999813735 ], [ 43448.92500000000291, 5949649.125 ], [ 43448.849999999998545, 5949649.125 ], [ 43448.849999999998545, 5949648.900000000372529 ], [ 43448.775000000001455, 5949648.900000000372529 ], [ 43448.775000000001455, 5949648.599999999627471 ], [ 43448.69999999999709, 5949648.599999999627471 ], [ 43448.69999999999709, 5949648.224999999627471 ], [ 43448.625, 5949648.224999999627471 ], [ 43448.625, 5949647.849999999627471 ], [ 43448.55000000000291, 5949647.849999999627471 ], [ 43448.55000000000291, 5949647.549999999813735 ], [ 43448.474999999998545, 5949647.549999999813735 ], [ 43448.474999999998545, 5949647.174999999813735 ], [ 43448.400000000001455, 5949647.174999999813735 ], [ 43448.400000000001455, 5949646.799999999813735 ], [ 43448.32499999999709, 5949646.799999999813735 ], [ 43448.32499999999709, 5949646.424999999813735 ], [ 43448.25, 5949646.424999999813735 ], [ 43448.25, 5949643.950000000186265 ], [ 43448.32499999999709, 5949643.950000000186265 ], [ 43448.32499999999709, 5949643.5 ], [ 43448.400000000001455, 5949643.5 ], [ 43448.400000000001455, 5949643.049999999813735 ], [ 43448.474999999998545, 5949643.049999999813735 ], [ 43448.474999999998545, 5949642.599999999627471 ], [ 43448.55000000000291, 5949642.599999999627471 ], [ 43448.55000000000291, 5949642.224999999627471 ], [ 43448.625, 5949642.224999999627471 ], [ 43448.625, 5949641.849999999627471 ], [ 43448.69999999999709, 5949641.849999999627471 ], [ 43448.69999999999709, 5949641.549999999813735 ], [ 43448.775000000001455, 5949641.549999999813735 ], [ 43448.775000000001455, 5949641.25 ], [ 43448.849999999998545, 5949641.25 ], [ 43448.849999999998545, 5949641.025000000372529 ], [ 43448.92500000000291, 5949641.025000000372529 ], [ 43448.92500000000291, 5949640.724999999627471 ], [ 43449.0, 5949640.724999999627471 ], [ 43449.0, 5949640.5 ], [ 43449.07499999999709, 5949640.5 ], [ 43449.07499999999709, 5949640.275000000372529 ], [ 43449.150000000001455, 5949640.275000000372529 ], [ 43449.150000000001455, 5949640.049999999813735 ], [ 43449.224999999998545, 5949640.049999999813735 ], [ 43449.224999999998545, 5949639.900000000372529 ], [ 43449.30000000000291, 5949639.900000000372529 ], [ 43449.30000000000291, 5949639.674999999813735 ], [ 43449.375, 5949639.674999999813735 ], [ 43449.375, 5949639.525000000372529 ], [ 43449.44999999999709, 5949639.525000000372529 ], [ 43449.44999999999709, 5949639.375 ], [ 43449.525000000001455, 5949639.375 ], [ 43449.525000000001455, 5949639.224999999627471 ], [ 43449.599999999998545, 5949639.224999999627471 ], [ 43449.599999999998545, 5949639.0 ], [ 43449.67500000000291, 5949639.0 ], [ 43449.67500000000291, 5949638.849999999627471 ], [ 43449.75, 5949638.849999999627471 ], [ 43449.75, 5949638.625 ], [ 43449.82499999999709, 5949638.625 ], [ 43449.82499999999709, 5949638.25 ], [ 43449.900000000001455, 5949638.25 ], [ 43449.900000000001455, 5949637.875 ], [ 43449.974999999998545, 5949637.875 ], [ 43449.974999999998545, 5949637.575000000186265 ], [ 43450.05000000000291, 5949637.575000000186265 ], [ 43450.05000000000291, 5949637.349999999627471 ], [ 43450.125, 5949637.349999999627471 ], [ 43450.125, 5949637.275000000372529 ], [ 43450.275000000001455, 5949637.275000000372529 ], [ 43450.275000000001455, 5949637.200000000186265 ], [ 43450.349999999998545, 5949637.200000000186265 ], [ 43450.349999999998545, 5949637.125 ], [ 43450.5, 5949637.125 ], [ 43450.5, 5949637.049999999813735 ], [ 43450.650000000001455, 5949637.049999999813735 ], [ 43450.650000000001455, 5949636.974999999627471 ], [ 43450.80000000000291, 5949636.974999999627471 ], [ 43450.80000000000291, 5949636.900000000372529 ], [ 43450.94999999999709, 5949636.900000000372529 ], [ 43450.94999999999709, 5949636.825000000186265 ], [ 43451.099999999998545, 5949636.825000000186265 ], [ 43451.099999999998545, 5949636.75 ], [ 43451.32499999999709, 5949636.75 ], [ 43451.32499999999709, 5949636.674999999813735 ], [ 43451.55000000000291, 5949636.674999999813735 ], [ 43451.55000000000291, 5949636.599999999627471 ], [ 43451.849999999998545, 5949636.599999999627471 ], [ 43451.849999999998545, 5949636.525000000372529 ], [ 43452.30000000000291, 5949636.525000000372529 ], [ 43452.30000000000291, 5949636.450000000186265 ], [ 43452.75, 5949636.450000000186265 ], [ 43452.75, 5949636.375 ], [ 43453.275000000001455, 5949636.375 ], [ 43453.275000000001455, 5949636.299999999813735 ], [ 43453.724999999998545, 5949636.299999999813735 ], [ 43453.724999999998545, 5949636.375 ], [ 43454.32499999999709, 5949636.375 ], [ 43454.32499999999709, 5949636.450000000186265 ], [ 43454.849999999998545, 5949636.450000000186265 ], [ 43454.849999999998545, 5949636.525000000372529 ], [ 43455.30000000000291, 5949636.525000000372529 ], [ 43455.30000000000291, 5949636.599999999627471 ], [ 43455.67500000000291, 5949636.599999999627471 ], [ 43455.67500000000291, 5949636.674999999813735 ], [ 43455.974999999998545, 5949636.674999999813735 ], [ 43455.974999999998545, 5949636.75 ], [ 43456.19999999999709, 5949636.75 ], [ 43456.19999999999709, 5949636.825000000186265 ], [ 43456.5, 5949636.825000000186265 ], [ 43456.5, 5949636.900000000372529 ], [ 43456.875, 5949636.900000000372529 ], [ 43456.875, 5949636.974999999627471 ], [ 43457.17500000000291, 5949636.974999999627471 ], [ 43457.17500000000291, 5949637.049999999813735 ], [ 43457.55000000000291, 5949637.049999999813735 ], [ 43457.55000000000291, 5949637.125 ], [ 43457.92500000000291, 5949637.125 ], [ 43457.92500000000291, 5949637.200000000186265 ], [ 43458.30000000000291, 5949637.200000000186265 ], [ 43458.30000000000291, 5949637.275000000372529 ], [ 43458.67500000000291, 5949637.275000000372529 ], [ 43458.67500000000291, 5949637.349999999627471 ], [ 43459.125, 5949637.349999999627471 ], [ 43459.125, 5949637.424999999813735 ], [ 43459.5, 5949637.424999999813735 ], [ 43459.5, 5949637.5 ], [ 43459.724999999998545, 5949637.5 ], [ 43459.724999999998545, 5949637.575000000186265 ], [ 43459.875, 5949637.575000000186265 ], [ 43459.875, 5949637.650000000372529 ], [ 43460.099999999998545, 5949637.650000000372529 ], [ 43460.099999999998545, 5949637.724999999627471 ], [ 43460.32499999999709, 5949637.724999999627471 ], [ 43460.32499999999709, 5949637.799999999813735 ], [ 43460.55000000000291, 5949637.799999999813735 ], [ 43460.55000000000291, 5949637.875 ], [ 43460.69999999999709, 5949637.875 ], [ 43460.69999999999709, 5949637.950000000186265 ], [ 43460.92500000000291, 5949637.950000000186265 ], [ 43460.92500000000291, 5949638.025000000372529 ], [ 43461.07499999999709, 5949638.025000000372529 ], [ 43461.07499999999709, 5949638.099999999627471 ], [ 43461.30000000000291, 5949638.099999999627471 ], [ 43461.30000000000291, 5949638.174999999813735 ], [ 43461.375, 5949638.174999999813735 ], [ 43461.375, 5949638.25 ], [ 43461.525000000001455, 5949638.25 ], [ 43461.525000000001455, 5949638.325000000186265 ], [ 43461.599999999998545, 5949638.325000000186265 ], [ 43461.599999999998545, 5949638.400000000372529 ], [ 43461.67500000000291, 5949638.400000000372529 ], [ 43461.67500000000291, 5949638.474999999627471 ], [ 43461.82499999999709, 5949638.474999999627471 ], [ 43461.82499999999709, 5949638.625 ], [ 43461.900000000001455, 5949638.625 ], [ 43461.900000000001455, 5949638.700000000186265 ], [ 43461.974999999998545, 5949638.700000000186265 ], [ 43461.974999999998545, 5949638.849999999627471 ], [ 43462.05000000000291, 5949638.849999999627471 ], [ 43462.05000000000291, 5949639.0 ], [ 43462.125, 5949639.0 ], [ 43462.125, 5949639.075000000186265 ], [ 43462.19999999999709, 5949639.075000000186265 ], [ 43462.19999999999709, 5949639.224999999627471 ], [ 43462.275000000001455, 5949639.224999999627471 ], [ 43462.275000000001455, 5949639.375 ], [ 43462.349999999998545, 5949639.375 ], [ 43462.349999999998545, 5949639.450000000186265 ], [ 43462.42500000000291, 5949639.450000000186265 ], [ 43462.42500000000291, 5949639.599999999627471 ], [ 43462.5, 5949639.599999999627471 ], [ 43462.5, 5949639.674999999813735 ], [ 43462.57499999999709, 5949639.674999999813735 ], [ 43462.57499999999709, 5949639.75 ], [ 43462.650000000001455, 5949639.75 ], [ 43462.650000000001455, 5949639.900000000372529 ], [ 43462.724999999998545, 5949639.900000000372529 ], [ 43462.724999999998545, 5949639.974999999627471 ], [ 43462.80000000000291, 5949639.974999999627471 ], [ 43462.80000000000291, 5949640.125 ], [ 43462.875, 5949640.125 ], [ 43462.875, 5949640.200000000186265 ], [ 43462.94999999999709, 5949640.200000000186265 ], [ 43462.94999999999709, 5949640.275000000372529 ], [ 43463.025000000001455, 5949640.275000000372529 ], [ 43463.025000000001455, 5949640.424999999813735 ], [ 43463.099999999998545, 5949640.424999999813735 ], [ 43463.099999999998545, 5949640.5 ], [ 43463.17500000000291, 5949640.5 ], [ 43463.17500000000291, 5949640.575000000186265 ], [ 43463.25, 5949640.575000000186265 ], [ 43463.25, 5949640.650000000372529 ], [ 43463.32499999999709, 5949640.650000000372529 ], [ 43463.32499999999709, 5949640.724999999627471 ], [ 43463.400000000001455, 5949640.724999999627471 ], [ 43463.400000000001455, 5949640.799999999813735 ], [ 43463.474999999998545, 5949640.799999999813735 ], [ 43463.474999999998545, 5949640.875 ], [ 43463.55000000000291, 5949640.875 ], [ 43463.55000000000291, 5949640.950000000186265 ], [ 43463.625, 5949640.950000000186265 ], [ 43463.625, 5949641.025000000372529 ], [ 43463.69999999999709, 5949641.025000000372529 ], [ 43463.69999999999709, 5949641.099999999627471 ], [ 43463.775000000001455, 5949641.099999999627471 ], [ 43463.775000000001455, 5949641.174999999813735 ], [ 43463.849999999998545, 5949641.174999999813735 ], [ 43463.849999999998545, 5949641.25 ], [ 43463.92500000000291, 5949641.25 ], [ 43463.92500000000291, 5949641.325000000186265 ], [ 43464.0, 5949641.325000000186265 ], [ 43464.0, 5949641.400000000372529 ], [ 43464.150000000001455, 5949641.400000000372529 ], [ 43464.150000000001455, 5949641.474999999627471 ], [ 43464.224999999998545, 5949641.474999999627471 ], [ 43464.224999999998545, 5949641.549999999813735 ], [ 43464.30000000000291, 5949641.549999999813735 ], [ 43464.30000000000291, 5949641.625 ], [ 43464.375, 5949641.625 ], [ 43464.375, 5949641.700000000186265 ], [ 43464.44999999999709, 5949641.700000000186265 ], [ 43464.44999999999709, 5949641.775000000372529 ], [ 43464.525000000001455, 5949641.775000000372529 ], [ 43464.525000000001455, 5949641.849999999627471 ], [ 43464.599999999998545, 5949641.849999999627471 ], [ 43464.599999999998545, 5949641.924999999813735 ], [ 43464.67500000000291, 5949641.924999999813735 ], [ 43464.67500000000291, 5949642.0 ], [ 43464.82499999999709, 5949642.0 ], [ 43464.82499999999709, 5949642.075000000186265 ], [ 43464.900000000001455, 5949642.075000000186265 ], [ 43464.900000000001455, 5949642.150000000372529 ], [ 43464.974999999998545, 5949642.150000000372529 ], [ 43464.974999999998545, 5949642.224999999627471 ], [ 43465.05000000000291, 5949642.224999999627471 ], [ 43465.05000000000291, 5949642.299999999813735 ], [ 43465.125, 5949642.299999999813735 ], [ 43465.125, 5949642.375 ], [ 43465.19999999999709, 5949642.375 ], [ 43465.19999999999709, 5949642.450000000186265 ], [ 43465.349999999998545, 5949642.450000000186265 ], [ 43465.349999999998545, 5949642.525000000372529 ], [ 43465.42500000000291, 5949642.525000000372529 ], [ 43465.42500000000291, 5949642.599999999627471 ], [ 43465.5, 5949642.599999999627471 ], [ 43465.5, 5949642.674999999813735 ], [ 43465.650000000001455, 5949642.674999999813735 ], [ 43465.650000000001455, 5949642.75 ], [ 43465.724999999998545, 5949642.75 ], [ 43465.724999999998545, 5949642.825000000186265 ], [ 43465.875, 5949642.825000000186265 ], [ 43465.875, 5949642.900000000372529 ], [ 43465.94999999999709, 5949642.900000000372529 ], [ 43465.94999999999709, 5949642.974999999627471 ], [ 43466.099999999998545, 5949642.974999999627471 ], [ 43466.099999999998545, 5949643.049999999813735 ], [ 43466.25, 5949643.049999999813735 ], [ 43466.25, 5949643.125 ], [ 43466.32499999999709, 5949643.125 ], [ 43466.32499999999709, 5949643.200000000186265 ], [ 43466.474999999998545, 5949643.200000000186265 ], [ 43466.474999999998545, 5949643.275000000372529 ], [ 43466.625, 5949643.275000000372529 ], [ 43466.625, 5949643.349999999627471 ], [ 43466.775000000001455, 5949643.349999999627471 ], [ 43466.775000000001455, 5949643.424999999813735 ], [ 43466.92500000000291, 5949643.424999999813735 ], [ 43466.92500000000291, 5949643.5 ], [ 43467.07499999999709, 5949643.5 ], [ 43467.07499999999709, 5949643.575000000186265 ], [ 43467.224999999998545, 5949643.575000000186265 ], [ 43467.224999999998545, 5949643.650000000372529 ], [ 43467.30000000000291, 5949643.650000000372529 ], [ 43467.30000000000291, 5949643.724999999627471 ], [ 43467.44999999999709, 5949643.724999999627471 ], [ 43467.44999999999709, 5949643.799999999813735 ], [ 43467.525000000001455, 5949643.799999999813735 ], [ 43467.525000000001455, 5949643.875 ], [ 43467.67500000000291, 5949643.875 ], [ 43467.67500000000291, 5949643.950000000186265 ], [ 43467.75, 5949643.950000000186265 ], [ 43467.75, 5949644.025000000372529 ], [ 43467.82499999999709, 5949644.025000000372529 ], [ 43467.82499999999709, 5949644.099999999627471 ], [ 43467.974999999998545, 5949644.099999999627471 ], [ 43467.974999999998545, 5949644.174999999813735 ], [ 43468.05000000000291, 5949644.174999999813735 ], [ 43468.05000000000291, 5949644.25 ], [ 43468.125, 5949644.25 ], [ 43468.125, 5949644.325000000186265 ], [ 43468.19999999999709, 5949644.325000000186265 ], [ 43468.19999999999709, 5949644.400000000372529 ], [ 43468.275000000001455, 5949644.400000000372529 ], [ 43468.275000000001455, 5949644.474999999627471 ], [ 43468.19999999999709, 5949644.474999999627471 ], [ 43468.19999999999709, 5949644.700000000186265 ], [ 43468.125, 5949644.700000000186265 ], [ 43468.125, 5949644.849999999627471 ], [ 43468.05000000000291, 5949644.849999999627471 ], [ 43468.05000000000291, 5949645.0 ], [ 43467.974999999998545, 5949645.0 ], [ 43467.974999999998545, 5949645.224999999627471 ], [ 43467.900000000001455, 5949645.224999999627471 ], [ 43467.900000000001455, 5949645.375 ], [ 43467.82499999999709, 5949645.375 ], [ 43467.82499999999709, 5949645.525000000372529 ], [ 43467.75, 5949645.525000000372529 ], [ 43467.75, 5949645.75 ], [ 43467.67500000000291, 5949645.75 ], [ 43467.67500000000291, 5949645.900000000372529 ], [ 43467.599999999998545, 5949645.900000000372529 ], [ 43467.599999999998545, 5949646.125 ], [ 43467.525000000001455, 5949646.125 ], [ 43467.525000000001455, 5949646.275000000372529 ], [ 43467.44999999999709, 5949646.275000000372529 ], [ 43467.44999999999709, 5949646.424999999813735 ], [ 43467.30000000000291, 5949646.424999999813735 ], [ 43467.30000000000291, 5949646.5 ], [ 43467.150000000001455, 5949646.5 ], [ 43467.150000000001455, 5949646.575000000186265 ], [ 43467.0, 5949646.575000000186265 ], [ 43467.0, 5949646.650000000372529 ], [ 43466.775000000001455, 5949646.650000000372529 ], [ 43466.775000000001455, 5949646.724999999627471 ], [ 43466.55000000000291, 5949646.724999999627471 ], [ 43466.55000000000291, 5949646.799999999813735 ], [ 43466.32499999999709, 5949646.799999999813735 ], [ 43466.32499999999709, 5949646.875 ], [ 43466.17500000000291, 5949646.875 ], [ 43466.17500000000291, 5949646.950000000186265 ], [ 43465.94999999999709, 5949646.950000000186265 ], [ 43465.94999999999709, 5949647.025000000372529 ], [ 43465.724999999998545, 5949647.025000000372529 ], [ 43465.724999999998545, 5949647.099999999627471 ], [ 43465.5, 5949647.099999999627471 ], [ 43465.5, 5949647.174999999813735 ], [ 43465.349999999998545, 5949647.174999999813735 ], [ 43465.349999999998545, 5949647.25 ], [ 43465.125, 5949647.25 ], [ 43465.125, 5949647.325000000186265 ], [ 43464.974999999998545, 5949647.325000000186265 ], [ 43464.974999999998545, 5949647.400000000372529 ], [ 43464.75, 5949647.400000000372529 ], [ 43464.75, 5949647.474999999627471 ], [ 43464.599999999998545, 5949647.474999999627471 ], [ 43464.599999999998545, 5949647.549999999813735 ], [ 43464.44999999999709, 5949647.549999999813735 ], [ 43464.44999999999709, 5949647.625 ], [ 43464.375, 5949647.625 ], [ 43464.375, 5949647.700000000186265 ], [ 43464.224999999998545, 5949647.700000000186265 ], [ 43464.224999999998545, 5949647.775000000372529 ], [ 43464.07499999999709, 5949647.775000000372529 ], [ 43464.07499999999709, 5949647.849999999627471 ], [ 43464.0, 5949647.849999999627471 ], [ 43464.0, 5949647.924999999813735 ], [ 43463.849999999998545, 5949647.924999999813735 ], [ 43463.849999999998545, 5949648.0 ], [ 43463.775000000001455, 5949648.0 ], [ 43463.775000000001455, 5949648.075000000186265 ], [ 43463.625, 5949648.075000000186265 ], [ 43463.625, 5949648.150000000372529 ], [ 43463.55000000000291, 5949648.150000000372529 ], [ 43463.55000000000291, 5949648.224999999627471 ], [ 43463.474999999998545, 5949648.224999999627471 ], [ 43463.474999999998545, 5949648.299999999813735 ], [ 43463.32499999999709, 5949648.299999999813735 ], [ 43463.32499999999709, 5949648.375 ], [ 43463.25, 5949648.375 ], [ 43463.25, 5949648.450000000186265 ], [ 43463.17500000000291, 5949648.450000000186265 ], [ 43463.17500000000291, 5949648.525000000372529 ], [ 43463.025000000001455, 5949648.525000000372529 ], [ 43463.025000000001455, 5949648.599999999627471 ], [ 43462.94999999999709, 5949648.599999999627471 ], [ 43462.94999999999709, 5949648.674999999813735 ], [ 43462.875, 5949648.674999999813735 ], [ 43462.875, 5949648.75 ], [ 43462.80000000000291, 5949648.75 ], [ 43462.80000000000291, 5949648.825000000186265 ], [ 43462.724999999998545, 5949648.825000000186265 ], [ 43462.724999999998545, 5949648.900000000372529 ], [ 43462.57499999999709, 5949648.900000000372529 ], [ 43462.57499999999709, 5949648.974999999627471 ], [ 43462.5, 5949648.974999999627471 ], [ 43462.5, 5949649.049999999813735 ], [ 43462.42500000000291, 5949649.049999999813735 ], [ 43462.42500000000291, 5949649.125 ], [ 43462.349999999998545, 5949649.125 ], [ 43462.349999999998545, 5949649.200000000186265 ], [ 43462.275000000001455, 5949649.200000000186265 ], [ 43462.275000000001455, 5949649.275000000372529 ], [ 43462.19999999999709, 5949649.275000000372529 ], [ 43462.19999999999709, 5949649.349999999627471 ], [ 43462.125, 5949649.349999999627471 ], [ 43462.125, 5949649.424999999813735 ], [ 43462.05000000000291, 5949649.424999999813735 ], [ 43462.05000000000291, 5949649.5 ], [ 43461.974999999998545, 5949649.5 ], [ 43461.974999999998545, 5949649.575000000186265 ], [ 43461.900000000001455, 5949649.575000000186265 ], [ 43461.900000000001455, 5949649.724999999627471 ], [ 43461.82499999999709, 5949649.724999999627471 ], [ 43461.82499999999709, 5949649.799999999813735 ], [ 43461.75, 5949649.799999999813735 ], [ 43461.75, 5949649.875 ], [ 43461.67500000000291, 5949649.875 ], [ 43461.67500000000291, 5949649.950000000186265 ], [ 43461.599999999998545, 5949649.950000000186265 ], [ 43461.599999999998545, 5949650.025000000372529 ], [ 43461.525000000001455, 5949650.025000000372529 ], [ 43461.525000000001455, 5949650.174999999813735 ], [ 43461.44999999999709, 5949650.174999999813735 ], [ 43461.44999999999709, 5949650.25 ], [ 43461.375, 5949650.25 ], [ 43461.375, 5949650.325000000186265 ], [ 43461.30000000000291, 5949650.325000000186265 ], [ 43461.30000000000291, 5949650.400000000372529 ], [ 43461.224999999998545, 5949650.400000000372529 ], [ 43461.224999999998545, 5949650.474999999627471 ], [ 43461.150000000001455, 5949650.474999999627471 ], [ 43461.150000000001455, 5949650.625 ], [ 43461.07499999999709, 5949650.625 ], [ 43461.07499999999709, 5949650.700000000186265 ], [ 43461.0, 5949650.700000000186265 ], [ 43461.0, 5949650.775000000372529 ], [ 43460.92500000000291, 5949650.775000000372529 ], [ 43460.92500000000291, 5949650.849999999627471 ], [ 43460.849999999998545, 5949650.849999999627471 ], [ 43460.849999999998545, 5949650.924999999813735 ], [ 43460.775000000001455, 5949650.924999999813735 ], [ 43460.775000000001455, 5949651.075000000186265 ], [ 43460.69999999999709, 5949651.075000000186265 ], [ 43460.69999999999709, 5949651.150000000372529 ], [ 43460.625, 5949651.150000000372529 ], [ 43460.625, 5949651.299999999813735 ], [ 43460.55000000000291, 5949651.299999999813735 ], [ 43460.55000000000291, 5949651.375 ], [ 43460.474999999998545, 5949651.375 ], [ 43460.474999999998545, 5949651.450000000186265 ], [ 43460.400000000001455, 5949651.450000000186265 ], [ 43460.400000000001455, 5949651.599999999627471 ], [ 43460.32499999999709, 5949651.599999999627471 ], [ 43460.32499999999709, 5949651.75 ], [ 43460.25, 5949651.75 ], [ 43460.25, 5949651.825000000186265 ], [ 43460.17500000000291, 5949651.825000000186265 ], [ 43460.17500000000291, 5949651.974999999627471 ], [ 43460.099999999998545, 5949651.974999999627471 ], [ 43460.099999999998545, 5949652.125 ], [ 43460.025000000001455, 5949652.125 ], [ 43460.025000000001455, 5949652.275000000372529 ], [ 43459.94999999999709, 5949652.275000000372529 ], [ 43459.94999999999709, 5949652.349999999627471 ], [ 43459.875, 5949652.349999999627471 ], [ 43459.875, 5949652.424999999813735 ], [ 43459.80000000000291, 5949652.424999999813735 ], [ 43459.80000000000291, 5949652.575000000186265 ], [ 43459.724999999998545, 5949652.575000000186265 ], [ 43459.724999999998545, 5949652.650000000372529 ], [ 43459.650000000001455, 5949652.650000000372529 ], [ 43459.650000000001455, 5949652.724999999627471 ], [ 43459.57499999999709, 5949652.724999999627471 ], [ 43459.57499999999709, 5949652.875 ], [ 43459.5, 5949652.875 ], [ 43459.5, 5949652.950000000186265 ], [ 43459.42500000000291, 5949652.950000000186265 ], [ 43459.42500000000291, 5949653.025000000372529 ], [ 43459.349999999998545, 5949653.025000000372529 ], [ 43459.349999999998545, 5949653.099999999627471 ], [ 43459.275000000001455, 5949653.099999999627471 ], [ 43459.275000000001455, 5949653.174999999813735 ], [ 43459.19999999999709, 5949653.174999999813735 ], [ 43459.19999999999709, 5949653.25 ], [ 43459.125, 5949653.25 ], [ 43459.125, 5949653.325000000186265 ], [ 43458.974999999998545, 5949653.325000000186265 ], [ 43458.974999999998545, 5949653.400000000372529 ], [ 43458.900000000001455, 5949653.400000000372529 ], [ 43458.900000000001455, 5949653.474999999627471 ], [ 43458.82499999999709, 5949653.474999999627471 ], [ 43458.82499999999709, 5949653.549999999813735 ], [ 43458.75, 5949653.549999999813735 ], [ 43458.75, 5949653.700000000186265 ], [ 43458.67500000000291, 5949653.700000000186265 ], [ 43458.67500000000291, 5949653.775000000372529 ], [ 43458.599999999998545, 5949653.775000000372529 ], [ 43458.599999999998545, 5949653.849999999627471 ], [ 43458.525000000001455, 5949653.849999999627471 ], [ 43458.525000000001455, 5949653.924999999813735 ], [ 43458.44999999999709, 5949653.924999999813735 ], [ 43458.44999999999709, 5949654.0 ], [ 43458.375, 5949654.0 ], [ 43458.375, 5949654.075000000186265 ], [ 43458.30000000000291, 5949654.075000000186265 ], [ 43458.30000000000291, 5949654.150000000372529 ], [ 43458.224999999998545, 5949654.150000000372529 ], [ 43458.224999999998545, 5949654.224999999627471 ], [ 43458.150000000001455, 5949654.224999999627471 ], [ 43458.150000000001455, 5949654.299999999813735 ], [ 43458.07499999999709, 5949654.299999999813735 ], [ 43458.07499999999709, 5949654.375 ], [ 43458.0, 5949654.375 ], [ 43458.0, 5949654.450000000186265 ], [ 43457.849999999998545, 5949654.450000000186265 ], [ 43457.849999999998545, 5949654.525000000372529 ], [ 43457.775000000001455, 5949654.525000000372529 ], [ 43457.775000000001455, 5949654.599999999627471 ], [ 43457.69999999999709, 5949654.599999999627471 ], [ 43457.69999999999709, 5949654.674999999813735 ], [ 43457.55000000000291, 5949654.674999999813735 ], [ 43457.55000000000291, 5949654.75 ], [ 43457.400000000001455, 5949654.75 ], [ 43457.400000000001455, 5949654.825000000186265 ], [ 43457.25, 5949654.825000000186265 ], [ 43457.25, 5949654.900000000372529 ], [ 43457.099999999998545, 5949654.900000000372529 ], [ 43457.099999999998545, 5949654.974999999627471 ], [ 43456.94999999999709, 5949654.974999999627471 ], [ 43456.94999999999709, 5949655.049999999813735 ], [ 43456.80000000000291, 5949655.049999999813735 ], [ 43456.80000000000291, 5949655.125 ], [ 43456.650000000001455, 5949655.125 ], [ 43456.650000000001455, 5949655.200000000186265 ], [ 43456.5, 5949655.200000000186265 ], [ 43456.5, 5949655.275000000372529 ], [ 43456.349999999998545, 5949655.275000000372529 ], [ 43456.349999999998545, 5949655.349999999627471 ], [ 43456.125, 5949655.349999999627471 ], [ 43456.125, 5949655.424999999813735 ], [ 43455.974999999998545, 5949655.424999999813735 ], [ 43455.974999999998545, 5949655.5 ], [ 43455.75, 5949655.5 ], [ 43455.75, 5949655.575000000186265 ], [ 43455.599999999998545, 5949655.575000000186265 ], [ 43455.599999999998545, 5949655.650000000372529 ], [ 43455.375, 5949655.650000000372529 ], [ 43455.375, 5949655.724999999627471 ], [ 43455.150000000001455, 5949655.724999999627471 ], [ 43455.150000000001455, 5949655.799999999813735 ], [ 43454.92500000000291, 5949655.799999999813735 ], [ 43454.92500000000291, 5949655.875 ], [ 43454.69999999999709, 5949655.875 ], [ 43454.69999999999709, 5949655.950000000186265 ], [ 43454.474999999998545, 5949655.950000000186265 ], [ 43454.474999999998545, 5949656.025000000372529 ], [ 43454.32499999999709, 5949656.025000000372529 ], [ 43454.32499999999709, 5949656.099999999627471 ], [ 43454.099999999998545, 5949656.099999999627471 ], [ 43454.099999999998545, 5949656.174999999813735 ], [ 43453.94999999999709, 5949656.174999999813735 ], [ 43453.94999999999709, 5949656.25 ], [ 43453.875, 5949656.25 ], [ 43453.875, 5949656.325000000186265 ], [ 43453.724999999998545, 5949656.325000000186265 ], [ 43453.724999999998545, 5949656.400000000372529 ], [ 43453.650000000001455, 5949656.400000000372529 ], [ 43453.650000000001455, 5949656.474999999627471 ], [ 43453.5, 5949656.474999999627471 ], [ 43453.5, 5949656.549999999813735 ], [ 43453.42500000000291, 5949656.549999999813735 ] ] ] } },
{ "type": "Feature", "properties": { "value": 1.0, "building_id": 2, "area": 35.820000000039528 }, "geometry": { "type": "Polygon", "coordinates": [ [ [ 43015.94999999999709, 5949626.700000000186265 ], [ 43015.94999999999709, 5949626.625 ], [ 43015.875, 5949626.625 ], [ 43015.875, 5949626.549999999813735 ], [ 43015.80000000000291, 5949626.549999999813735 ], [ 43015.80000000000291, 5949626.474999999627471 ], [ 43015.724999999998545, 5949626.474999999627471 ], [ 43015.724999999998545, 5949626.400000000372529 ], [ 43015.57499999999709, 5949626.400000000372529 ], [ 43015.57499999999709, 5949626.325000000186265 ], [ 43015.5, 5949626.325000000186265 ], [ 43015.5, 5949626.25 ], [ 43015.42500000000291, 5949626.25 ], [ 43015.42500000000291, 5949626.174999999813735 ], [ 43015.349999999998545, 5949626.174999999813735 ], [ 43015.349999999998545, 5949626.099999999627471 ], [ 43015.275000000001455, 5949626.099999999627471 ], [ 43015.275000000001455, 5949626.025000000372529 ], [ 43015.19999999999709, 5949626.025000000372529 ], [ 43015.19999999999709, 5949625.950000000186265 ], [ 43015.125, 5949625.950000000186265 ], [ 43015.125, 5949625.875 ], [ 43015.05000000000291, 5949625.875 ], [ 43015.05000000000291, 5949625.799999999813735 ], [ 43014.974999999998545, 5949625.799999999813735 ], [ 43014.974999999998545, 5949625.724999999627471 ], [ 43014.900000000001455, 5949625.724999999627471 ], [ 43014.900000000001455, 5949625.650000000372529 ], [ 43014.82499999999709, 5949625.650000000372529 ], [ 43014.82499999999709, 5949625.575000000186265 ], [ 43014.75, 5949625.575000000186265 ], [ 43014.75, 5949625.5 ], [ 43014.67500000000291, 5949625.5 ], [ 43014.67500000000291, 5949625.424999999813735 ], [ 43014.599999999998545, 5949625.424999999813735 ], [ 43014.599999999998545, 5949625.349999999627471 ], [ 43014.525000000001455, 5949625.349999999627471 ], [ 43014.525000000001455, 5949625.275000000372529 ], [ 43014.44999999999709, 5949625.275000000372529 ], [ 43014.44999999999709, 5949625.200000000186265 ], [ 43014.375, 5949625.200000000186265 ], [ 43014.375, 5949625.125 ], [ 43014.30000000000291, 5949625.125 ], [ 43014.30000000000291, 5949625.049999999813735 ], [ 43014.224999999998545, 5949625.049999999813735 ], [ 43014.224999999998545, 5949624.974999999627471 ], [ 43014.150000000001455, 5949624.974999999627471 ], [ 43014.150000000001455, 5949624.900000000372529 ], [ 43014.07499999999709, 5949624.900000000372529 ], [ 43014.07499999999709, 5949624.825000000186265 ], [ 43014.0, 5949624.825000000186265 ], [ 43014.0, 5949624.674999999813735 ], [ 43013.92500000000291, 5949624.674999999813735 ], [ 43013.92500000000291, 5949624.599999999627471 ], [ 43013.849999999998545, 5949624.599999999627471 ], [ 43013.849999999998545, 5949624.525000000372529 ], [ 43013.775000000001455, 5949624.525000000372529 ], [ 43013.775000000001455, 5949624.375 ], [ 43013.69999999999709, 5949624.375 ], [ 43013.69999999999709, 5949624.299999999813735 ], [ 43013.625, 5949624.299999999813735 ], [ 43013.625, 5949624.150000000372529 ], [ 43013.55000000000291, 5949624.150000000372529 ], [ 43013.55000000000291, 5949624.075000000186265 ], [ 43013.474999999998545, 5949624.075000000186265 ], [ 43013.474999999998545, 5949623.924999999813735 ], [ 43013.400000000001455, 5949623.924999999813735 ], [ 43013.400000000001455, 5949623.775000000372529 ], [ 43013.32499999999709, 5949623.775000000372529 ], [ 43013.32499999999709, 5949623.625 ], [ 43013.25, 5949623.625 ], [ 43013.25, 5949623.474999999627471 ], [ 43013.17500000000291, 5949623.474999999627471 ], [ 43013.17500000000291, 5949623.25 ], [ 43013.099999999998545, 5949623.25 ], [ 43013.099999999998545, 5949623.099999999627471 ], [ 43013.025000000001455, 5949623.099999999627471 ], [ 43013.025000000001455, 5949622.349999999627471 ], [ 43013.099999999998545, 5949622.349999999627471 ], [ 43013.099999999998545, 5949621.525000000372529 ], [ 43013.17500000000291, 5949621.525000000372529 ], [ 43013.17500000000291, 5949620.924999999813735 ], [ 43013.25, 5949620.924999999813735 ], [ 43013.25, 5949620.849999999627471 ], [ 43013.32499999999709, 5949620.849999999627471 ], [ 43013.32499999999709, 5949620.700000000186265 ], [ 43013.400000000001455, 5949620.700000000186265 ], [ 43013.400000000001455, 5949620.625 ], [ 43013.474999999998545, 5949620.625 ], [ 43013.474999999998545, 5949620.549999999813735 ], [ 43013.55000000000291, 5949620.549999999813735 ], [ 43013.55000000000291, 5949620.474999999627471 ], [ 43013.625, 5949620.474999999627471 ], [ 43013.625, 5949620.400000000372529 ], [ 43013.69999999999709, 5949620.400000000372529 ], [ 43013.69999999999709, 5949620.325000000186265 ], [ 43013.775000000001455, 5949620.325000000186265 ], [ 43013.775000000001455, 5949620.25 ], [ 43013.849999999998545, 5949620.25 ], [ 43013.849999999998545, 5949620.174999999813735 ], [ 43013.92500000000291, 5949620.174999999813735 ], [ 43013.92500000000291, 5949620.099999999627471 ], [ 43014.0, 5949620.099999999627471 ], [ 43014.0, 5949620.025000000372529 ], [ 43014.150000000001455, 5949620.025000000372529 ], [ 43014.150000000001455, 5949619.950000000186265 ], [ 43014.224999999998545, 5949619.950000000186265 ], [ 43014.224999999998545, 5949619.875 ], [ 43014.30000000000291, 5949619.875 ], [ 43014.30000000000291, 5949619.799999999813735 ], [ 43014.44999999999709, 5949619.799999999813735 ], [ 43014.44999999999709, 5949619.724999999627471 ], [ 43014.525000000001455, 5949619.724999999627471 ], [ 43014.525000000001455, 5949619.650000000372529 ], [ 43014.67500000000291, 5949619.650000000372529 ], [ 43014.67500000000291, 5949619.575000000186265 ], [ 43014.75, 5949619.575000000186265 ], [ 43014.75, 5949619.5 ], [ 43014.900000000001455, 5949619.5 ], [ 43014.900000000001455, 5949619.424999999813735 ], [ 43014.974999999998545, 5949619.424999999813735 ], [ 43014.974999999998545, 5949619.349999999627471 ], [ 43015.125, 5949619.349999999627471 ], [ 43015.125, 5949619.275000000372529 ], [ 43015.19999999999709, 5949619.275000000372529 ], [ 43015.19999999999709, 5949619.200000000186265 ], [ 43015.275000000001455, 5949619.200000000186265 ], [ 43015.275000000001455, 5949619.125 ], [ 43015.42500000000291, 5949619.125 ], [ 43015.42500000000291, 5949619.049999999813735 ], [ 43015.5, 5949619.049999999813735 ], [ 43015.5, 5949618.974999999627471 ], [ 43015.650000000001455, 5949618.974999999627471 ], [ 43015.650000000001455, 5949618.900000000372529 ], [ 43015.724999999998545, 5949618.900000000372529 ], [ 43015.724999999998545, 5949618.825000000186265 ], [ 43015.80000000000291, 5949618.825000000186265 ], [ 43015.80000000000291, 5949618.75 ], [ 43015.94999999999709, 5949618.75 ], [ 43015.94999999999709, 5949618.674999999813735 ], [ 43016.099999999998545, 5949618.674999999813735 ], [ 43016.099999999998545, 5949618.75 ], [ 43016.25, 5949618.75 ], [ 43016.25, 5949618.825000000186265 ], [ 43016.400000000001455, 5949618.825000000186265 ], [ 43016.400000000001455, 5949618.900000000372529 ], [ 43016.55000000000291, 5949618.900000000372529 ], [ 43016.55000000000291, 5949618.974999999627471 ], [ 43016.625, 5949618.974999999627471 ], [ 43016.625, 5949619.049999999813735 ], [ 43016.775000000001455, 5949619.049999999813735 ], [ 43016.775000000001455, 5949619.125 ], [ 43016.92500000000291, 5949619.125 ], [ 43016.92500000000291, 5949619.200000000186265 ], [ 43017.07499999999709, 5949619.200000000186265 ], [ 43017.07499999999709, 5949619.275000000372529 ], [ 43017.224999999998545, 5949619.275000000372529 ], [ 43017.224999999998545, 5949619.349999999627471 ], [ 43017.375, 5949619.349999999627471 ], [ 43017.375, 5949619.424999999813735 ], [ 43017.525000000001455, 5949619.424999999813735 ], [ 43017.525000000001455, 5949619.5 ], [ 43017.67500000000291, 5949619.5 ], [ 43017.67500000000291, 5949619.575000000186265 ], [ 43017.82499999999709, 5949619.575000000186265 ], [ 43017.82499999999709, 5949619.650000000372529 ], [ 43017.974999999998545, 5949619.650000000372529 ], [ 43017.974999999998545, 5949619.724999999627471 ], [ 43018.125, 5949619.724999999627471 ], [ 43018.125, 5949619.799999999813735 ], [ 43018.275000000001455, 5949619.799999999813735 ], [ 43018.275000000001455, 5949619.875 ], [ 43018.42500000000291, 5949619.875 ], [ 43018.42500000000291, 5949619.950000000186265 ], [ 43018.57499999999709, 5949619.950000000186265 ], [ 43018.57499999999709, 5949620.025000000372529 ], [ 43018.650000000001455, 5949620.025000000372529 ], [ 43018.650000000001455, 5949620.099999999627471 ], [ 43018.80000000000291, 5949620.099999999627471 ], [ 43018.80000000000291, 5949620.174999999813735 ], [ 43018.875, 5949620.174999999813735 ], [ 43018.875, 5949620.25 ], [ 43019.025000000001455, 5949620.25 ], [ 43019.025000000001455, 5949620.325000000186265 ], [ 43019.099999999998545, 5949620.325000000186265 ], [ 43019.099999999998545, 5949620.400000000372529 ], [ 43019.17500000000291, 5949620.400000000372529 ], [ 43019.17500000000291, 5949620.474999999627471 ], [ 43019.32499999999709, 5949620.474999999627471 ], [ 43019.32499999999709, 5949620.549999999813735 ], [ 43019.400000000001455, 5949620.549999999813735 ], [ 43019.400000000001455, 5949620.625 ], [ 43019.474999999998545, 5949620.625 ], [ 43019.474999999998545, 5949620.700000000186265 ], [ 43019.55000000000291, 5949620.700000000186265 ], [ 43019.55000000000291, 5949620.775000000372529 ], [ 43019.625, 5949620.775000000372529 ], [ 43019.625, 5949620.849999999627471 ], [ 43019.69999999999709, 5949620.849999999627471 ], [ 43019.69999999999709, 5949620.924999999813735 ], [ 43019.775000000001455, 5949620.924999999813735 ], [ 43019.775000000001455, 5949621.525000000372529 ], [ 43019.849999999998545, 5949621.525000000372529 ], [ 43019.849999999998545, 5949623.025000000372529 ], [ 43019.775000000001455, 5949623.025000000372529 ], [ 43019.775000000001455, 5949623.099999999627471 ], [ 43019.69999999999709, 5949623.099999999627471 ], [ 43019.69999999999709, 5949623.174999999813735 ], [ 43019.625, 5949623.174999999813735 ], [ 43019.625, 5949623.25 ], [ 43019.55000000000291, 5949623.25 ], [ 43019.55000000000291, 5949623.325000000186265 ], [ 43019.474999999998545, 5949623.325000000186265 ], [ 43019.474999999998545, 5949623.400000000372529 ], [ 43019.400000000001455, 5949623.400000000372529 ], [ 43019.400000000001455, 5949623.474999999627471 ], [ 43019.32499999999709, 5949623.474999999627471 ], [ 43019.32499999999709, 5949623.549999999813735 ], [ 43019.25, 5949623.549999999813735 ], [ 43019.25, 5949623.625 ], [ 43019.17500000000291, 5949623.625 ], [ 43019.17500000000291, 5949623.700000000186265 ], [ 43019.099999999998545, 5949623.700000000186265 ], [ 43019.099999999998545, 5949623.775000000372529 ], [ 43019.025000000001455, 5949623.775000000372529 ], [ 43019.025000000001455, 5949623.849999999627471 ], [ 43018.94999999999709, 5949623.849999999627471 ], [ 43018.94999999999709, 5949623.924999999813735 ], [ 43018.875, 5949623.924999999813735 ], [ 43018.875, 5949624.0 ], [ 43018.80000000000291, 5949624.0 ], [ 43018.80000000000291, 5949624.075000000186265 ], [ 43018.724999999998545, 5949624.075000000186265 ], [ 43018.724999999998545, 5949624.150000000372529 ], [ 43018.650000000001455, 5949624.150000000372529 ], [ 43018.650000000001455, 5949624.224999999627471 ], [ 43018.57499999999709, 5949624.224999999627471 ], [ 43018.57499999999709, 5949624.299999999813735 ], [ 43018.5, 5949624.299999999813735 ], [ 43018.5, 5949624.375 ], [ 43018.42500000000291, 5949624.375 ], [ 43018.42500000000291, 5949624.450000000186265 ], [ 43018.349999999998545, 5949624.450000000186265 ], [ 43018.349999999998545, 5949624.525000000372529 ], [ 43018.275000000001455, 5949624.525000000372529 ], [ 43018.275000000001455, 5949624.599999999627471 ], [ 43018.19999999999709, 5949624.599999999627471 ], [ 43018.19999999999709, 5949624.674999999813735 ], [ 43018.05000000000291, 5949624.674999999813735 ], [ 43018.05000000000291, 5949624.75 ], [ 43017.974999999998545, 5949624.75 ], [ 43017.974999999998545, 5949624.825000000186265 ], [ 43017.900000000001455, 5949624.825000000186265 ], [ 43017.900000000001455, 5949624.900000000372529 ], [ 43017.82499999999709, 5949624.900000000372529 ], [ 43017.82499999999709, 5949624.974999999627471 ], [ 43017.75, 5949624.974999999627471 ], [ 43017.75, 5949625.049999999813735 ], [ 43017.67500000000291, 5949625.049999999813735 ], [ 43017.67500000000291, 5949625.125 ], [ 43017.599999999998545, 5949625.125 ], [ 43017.599999999998545, 5949625.200000000186265 ], [ 43017.525000000001455, 5949625.200000000186265 ], [ 43017.525000000001455, 5949625.275000000372529 ], [ 43017.44999999999709, 5949625.275000000372529 ], [ 43017.44999999999709, 5949625.349999999627471 ], [ 43017.375, 5949625.349999999627471 ], [ 43017.375, 5949625.424999999813735 ], [ 43017.30000000000291, 5949625.424999999813735 ], [ 43017.30000000000291, 5949625.5 ], [ 43017.224999999998545, 5949625.5 ], [ 43017.224999999998545, 5949625.575000000186265 ], [ 43017.150000000001455, 5949625.575000000186265 ], [ 43017.150000000001455, 5949625.650000000372529 ], [ 43017.07499999999709, 5949625.650000000372529 ], [ 43017.07499999999709, 5949625.724999999627471 ], [ 43017.0, 5949625.724999999627471 ], [ 43017.0, 5949625.799999999813735 ], [ 43016.92500000000291, 5949625.799999999813735 ], [ 43016.92500000000291, 5949625.875 ], [ 43016.849999999998545, 5949625.875 ], [ 43016.849999999998545, 5949625.950000000186265 ], [ 43016.775000000001455, 5949625.950000000186265 ], [ 43016.775000000001455, 5949626.025000000372529 ], [ 43016.69999999999709, 5949626.025000000372529 ], [ 43016.69999999999709, 5949626.099999999627471 ], [ 43016.625, 5949626.099999999627471 ], [ 43016.625, 5949626.174999999813735 ], [ 43016.55000000000291, 5949626.174999999813735 ], [ 43016.55000000000291, 5949626.25 ], [ 43016.474999999998545, 5949626.25 ], [ 43016.474999999998545, 5949626.325000000186265 ], [ 43016.400000000001455, 5949626.325000000186265 ], [ 43016.400000000001455, 5949626.400000000372529 ], [ 43016.32499999999709, 5949626.400000000372529 ], [ 43016.32499999999709, 5949626.474999999627471 ], [ 43016.25, 5949626.474999999627471 ], [ 43016.25, 5949626.549999999813735 ], [ 43016.17500000000291, 5949626.549999999813735 ], [ 43016.17500000000291, 5949626.625 ], [ 43016.025000000001455, 5949626.625 ], [ 43016.025000000001455, 5949626.700000000186265 ], [ 43015.94999999999709, 5949626.700000000186265 ] ] ] } },
{ "type": "Feature", "properties": { "value": 1.0, "building_id": 3, "area": 65.981250000077011 }, "geometry": { "type": "Polygon", "coordinates": [ [ [ 43109.625, 5949622.049999999813735 ], [ 43109.625, 5949621.974999999627471 ], [ 43109.55000000000291, 5949621.974999999627471 ], [ 43109.55000000000291, 5949621.900000000372529 ], [ 43109.474999999998545, 5949621.900000000372529 ], [ 43109.474999999998545, 5949621.825000000186265 ], [ 43109.32499999999709, 5949621.825000000186265 ], [ 43109.32499999999709, 5949621.75 ], [ 43109.25, 5949621.75 ], [ 43109.25, 5949621.674999999813735 ], [ 43109.17500000000291, 5949621.674999999813735 ], [ 43109.17500000000291, 5949621.599999999627471 ], [ 43109.025000000001455, 5949621.599999999627471 ], [ 43109.025000000001455, 5949621.525000000372529 ], [ 43108.94999999999709, 5949621.525000000372529 ], [ 43108.94999999999709, 5949621.450000000186265 ], [ 43108.875, 5949621.450000000186265 ], [ 43108.875, 5949621.375 ], [ 43108.80000000000291, 5949621.375 ], [ 43108.80000000000291, 5949621.299999999813735 ], [ 43108.724999999998545, 5949621.299999999813735 ], [ 43108.724999999998545, 5949621.224999999627471 ], [ 43108.650000000001455, 5949621.224999999627471 ], [ 43108.650000000001455, 5949621.150000000372529 ], [ 43108.57499999999709, 5949621.150000000372529 ], [ 43108.57499999999709, 5949621.075000000186265 ], [ 43108.5, 5949621.075000000186265 ], [ 43108.5, 5949621.0 ], [ 43108.42500000000291, 5949621.0 ], [ 43108.42500000000291, 5949620.849999999627471 ], [ 43108.5, 5949620.849999999627471 ], [ 43108.5, 5949619.575000000186265 ], [ 43108.57499999999709, 5949619.575000000186265 ], [ 43108.57499999999709, 5949616.424999999813735 ], [ 43108.650000000001455, 5949616.424999999813735 ], [ 43108.650000000001455, 5949614.849999999627471 ], [ 43108.724999999998545, 5949614.849999999627471 ], [ 43108.724999999998545, 5949614.625 ], [ 43108.80000000000291, 5949614.625 ], [ 43108.80000000000291, 5949614.325000000186265 ], [ 43108.875, 5949614.325000000186265 ], [ 43108.875, 5949614.099999999627471 ], [ 43108.94999999999709, 5949614.099999999627471 ], [ 43108.94999999999709, 5949613.875 ], [ 43109.025000000001455, 5949613.875 ], [ 43109.025000000001455, 5949613.650000000372529 ], [ 43109.099999999998545, 5949613.650000000372529 ], [ 43109.099999999998545, 5949613.424999999813735 ], [ 43109.17500000000291, 5949613.424999999813735 ], [ 43109.17500000000291, 5949613.275000000372529 ], [ 43109.25, 5949613.275000000372529 ], [ 43109.25, 5949613.125 ], [ 43109.32499999999709, 5949613.125 ], [ 43109.32499999999709, 5949613.049999999813735 ], [ 43109.400000000001455, 5949613.049999999813735 ], [ 43109.400000000001455, 5949612.974999999627471 ], [ 43109.474999999998545, 5949612.974999999627471 ], [ 43109.474999999998545, 5949612.900000000372529 ], [ 43109.55000000000291, 5949612.900000000372529 ], [ 43109.55000000000291, 5949612.825000000186265 ], [ 43109.625, 5949612.825000000186265 ], [ 43109.625, 5949612.75 ], [ 43109.69999999999709, 5949612.75 ], [ 43109.69999999999709, 5949612.674999999813735 ], [ 43110.525000000001455, 5949612.674999999813735 ], [ 43110.525000000001455, 5949612.75 ], [ 43111.875, 5949612.75 ], [ 43111.875, 5949612.825000000186265 ], [ 43113.150000000001455, 5949612.825000000186265 ], [ 43113.150000000001455, 5949612.900000000372529 ], [ 43114.349999999998545, 5949612.900000000372529 ], [ 43114.349999999998545, 5949612.974999999627471 ], [ 43115.474999999998545, 5949612.974999999627471 ], [ 43115.474999999998545, 5949613.049999999813735 ], [ 43115.69999999999709, 5949613.049999999813735 ], [ 43115.69999999999709, 5949613.125 ], [ 43115.775000000001455, 5949613.125 ], [ 43115.775000000001455, 5949613.200000000186265 ], [ 43115.849999999998545, 5949613.200000000186265 ], [ 43115.849999999998545, 5949613.349999999627471 ], [ 43115.92500000000291, 5949613.349999999627471 ], [ 43115.92500000000291, 5949613.5 ], [ 43116.0, 5949613.5 ], [ 43116.0, 5949613.575000000186265 ], [ 43116.07499999999709, 5949613.575000000186265 ], [ 43116.07499999999709, 5949613.724999999627471 ], [ 43116.150000000001455, 5949613.724999999627471 ], [ 43116.150000000001455, 5949613.875 ], [ 43116.224999999998545, 5949613.875 ], [ 43116.224999999998545, 5949614.025000000372529 ], [ 43116.30000000000291, 5949614.025000000372529 ], [ 43116.30000000000291, 5949614.174999999813735 ], [ 43116.375, 5949614.174999999813735 ], [ 43116.375, 5949614.400000000372529 ], [ 43116.44999999999709, 5949614.400000000372529 ], [ 43116.44999999999709, 5949614.549999999813735 ], [ 43116.525000000001455, 5949614.549999999813735 ], [ 43116.525000000001455, 5949614.700000000186265 ], [ 43116.599999999998545, 5949614.700000000186265 ], [ 43116.599999999998545, 5949614.849999999627471 ], [ 43116.67500000000291, 5949614.849999999627471 ], [ 43116.67500000000291, 5949615.075000000186265 ], [ 43116.75, 5949615.075000000186265 ], [ 43116.75, 5949615.450000000186265 ], [ 43116.67500000000291, 5949615.450000000186265 ], [ 43116.67500000000291, 5949615.974999999627471 ], [ 43116.599999999998545, 5949615.974999999627471 ], [ 43116.599999999998545, 5949616.5 ], [ 43116.525000000001455, 5949616.5 ], [ 43116.525000000001455, 5949617.099999999627471 ], [ 43116.44999999999709, 5949617.099999999627471 ], [ 43116.44999999999709, 5949617.549999999813735 ], [ 43116.375, 5949617.549999999813735 ], [ 43116.375, 5949618.0 ], [ 43116.30000000000291, 5949618.0 ], [ 43116.30000000000291, 5949618.450000000186265 ], [ 43116.224999999998545, 5949618.450000000186265 ], [ 43116.224999999998545, 5949618.900000000372529 ], [ 43116.150000000001455, 5949618.900000000372529 ], [ 43116.150000000001455, 5949619.275000000372529 ], [ 43116.07499999999709, 5949619.275000000372529 ], [ 43116.07499999999709, 5949619.650000000372529 ], [ 43116.0, 5949619.650000000372529 ], [ 43116.0, 5949620.025000000372529 ], [ 43115.92500000000291, 5949620.025000000372529 ], [ 43115.92500000000291, 5949620.400000000372529 ], [ 43115.849999999998545, 5949620.400000000372529 ], [ 43115.849999999998545, 5949620.700000000186265 ], [ 43115.775000000001455, 5949620.700000000186265 ], [ 43115.775000000001455, 5949621.0 ], [ 43115.69999999999709, 5949621.0 ], [ 43115.69999999999709, 5949621.075000000186265 ], [ 43115.474999999998545, 5949621.075000000186265 ], [ 43115.474999999998545, 5949621.150000000372529 ], [ 43114.94999999999709, 5949621.150000000372529 ], [ 43114.94999999999709, 5949621.224999999627471 ], [ 43114.5, 5949621.224999999627471 ], [ 43114.5, 5949621.299999999813735 ], [ 43114.05000000000291, 5949621.299999999813735 ], [ 43114.05000000000291, 5949621.375 ], [ 43113.525000000001455, 5949621.375 ], [ 43113.525000000001455, 5949621.450000000186265 ], [ 43113.07499999999709, 5949621.450000000186265 ], [ 43113.07499999999709, 5949621.525000000372529 ], [ 43112.55000000000291, 5949621.525000000372529 ], [ 43112.55000000000291, 5949621.599999999627471 ], [ 43112.099999999998545, 5949621.599999999627471 ], [ 43112.099999999998545, 5949621.674999999813735 ], [ 43111.650000000001455, 5949621.674999999813735 ], [ 43111.650000000001455, 5949621.75 ], [ 43111.19999999999709, 5949621.75 ], [ 43111.19999999999709, 5949621.825000000186265 ], [ 43110.82499999999709, 5949621.825000000186265 ], [ 43110.82499999999709, 5949621.900000000372529 ], [ 43110.44999999999709, 5949621.900000000372529 ], [ 43110.44999999999709, 5949621.974999999627471 ], [ 43110.07499999999709, 5949621.974999999627471 ], [ 43110.07499999999709, 5949622.049999999813735 ], [ 43109.625, 5949622.049999999813735 ] ] ] } },
{ "type": "Feature", "properties": { "value": 1.0, "building_id": 4, "area": 53.45437499956099 }, "geometry": { "type": "Polygon", "coordinates": [ [ [ 43099.94999999999709, 5949606.75 ], [ 43099.94999999999709, 5949606.674999999813735 ], [ 43099.80000000000291, 5949606.674999999813735 ], [ 43099.80000000000291, 5949606.599999999627471 ], [ 43099.650000000001455, 5949606.599999999627471 ], [ 43099.650000000001455, 5949606.525000000372529 ], [ 43099.5, 5949606.525000000372529 ], [ 43099.5, 5949606.450000000186265 ], [ 43099.349999999998545, 5949606.450000000186265 ], [ 43099.349999999998545, 5949606.375 ], [ 43099.19999999999709, 5949606.375 ], [ 43099.19999999999709, 5949606.299999999813735 ], [ 43098.974999999998545, 5949606.299999999813735 ], [ 43098.974999999998545, 5949606.224999999627471 ], [ 43098.82499999999709, 5949606.224999999627471 ], [ 43098.82499999999709, 5949606.150000000372529 ], [ 43098.67500000000291, 5949606.150000000372529 ], [ 43098.67500000000291, 5949606.075000000186265 ], [ 43098.525000000001455, 5949606.075000000186265 ], [ 43098.525000000001455, 5949606.0 ], [ 43098.375, 5949606.0 ], [ 43098.375, 5949605.924999999813735 ], [ 43098.224999999998545, 5949605.924999999813735 ], [ 43098.224999999998545, 5949605.849999999627471 ], [ 43098.07499999999709, 5949605.849999999627471 ], [ 43098.07499999999709, 5949605.775000000372529 ], [ 43097.92500000000291, 5949605.775000000372529 ], [ 43097.92500000000291, 5949605.700000000186265 ], [ 43097.849999999998545, 5949605.700000000186265 ], [ 43097.849999999998545, 5949605.625 ], [ 43097.775000000001455, 5949605.625 ], [ 43097.775000000001455, 5949605.549999999813735 ], [ 43097.69999999999709, 5949605.549999999813735 ], [ 43097.69999999999709, 5949605.474999999627471 ], [ 43097.625, 5949605.474999999627471 ], [ 43097.625, 5949605.400000000372529 ], [ 43097.55000000000291, 5949605.400000000372529 ], [ 43097.55000000000291, 5949605.325000000186265 ], [ 43097.474999999998545, 5949605.325000000186265 ], [ 43097.474999999998545, 5949604.875 ], [ 43097.400000000001455, 5949604.875 ], [ 43097.400000000001455, 5949604.5 ], [ 43097.32499999999709, 5949604.5 ], [ 43097.32499999999709, 5949604.049999999813735 ], [ 43097.25, 5949604.049999999813735 ], [ 43097.25, 5949603.674999999813735 ], [ 43097.17500000000291, 5949603.674999999813735 ], [ 43097.17500000000291, 5949603.299999999813735 ], [ 43097.099999999998545, 5949603.299999999813735 ], [ 43097.099999999998545, 5949602.924999999813735 ], [ 43097.025000000001455, 5949602.924999999813735 ], [ 43097.025000000001455, 5949602.549999999813735 ], [ 43096.94999999999709, 5949602.549999999813735 ], [ 43096.94999999999709, 5949602.25 ], [ 43096.875, 5949602.25 ], [ 43096.875, 5949601.875 ], [ 43096.80000000000291, 5949601.875 ], [ 43096.80000000000291, 5949601.575000000186265 ], [ 43096.724999999998545, 5949601.575000000186265 ], [ 43096.724999999998545, 5949601.349999999627471 ], [ 43096.650000000001455, 5949601.349999999627471 ], [ 43096.650000000001455, 5949601.049999999813735 ], [ 43096.57499999999709, 5949601.049999999813735 ], [ 43096.57499999999709, 5949600.75 ], [ 43096.5, 5949600.75 ], [ 43096.5, 5949600.525000000372529 ], [ 43096.42500000000291, 5949600.525000000372529 ], [ 43096.42500000000291, 5949600.299999999813735 ], [ 43096.349999999998545, 5949600.299999999813735 ], [ 43096.349999999998545, 5949600.075000000186265 ], [ 43096.275000000001455, 5949600.075000000186265 ], [ 43096.275000000001455, 5949599.849999999627471 ], [ 43096.19999999999709, 5949599.849999999627471 ], [ 43096.19999999999709, 5949599.625 ], [ 43096.125, 5949599.625 ], [ 43096.125, 5949599.474999999627471 ], [ 43096.19999999999709, 5949599.474999999627471 ], [ 43096.19999999999709, 5949599.400000000372529 ], [ 43096.275000000001455, 5949599.400000000372529 ], [ 43096.275000000001455, 5949599.325000000186265 ], [ 43096.42500000000291, 5949599.325000000186265 ], [ 43096.42500000000291, 5949599.25 ], [ 43096.5, 5949599.25 ], [ 43096.5, 5949599.174999999813735 ], [ 43096.650000000001455, 5949599.174999999813735 ], [ 43096.650000000001455, 5949599.099999999627471 ], [ 43096.724999999998545, 5949599.099999999627471 ], [ 43096.724999999998545, 5949599.025000000372529 ], [ 43096.875, 5949599.025000000372529 ], [ 43096.875, 5949598.950000000186265 ], [ 43096.94999999999709, 5949598.950000000186265 ], [ 43096.94999999999709, 5949598.875 ], [ 43097.025000000001455, 5949598.875 ], [ 43097.025000000001455, 5949598.799999999813735 ], [ 43097.17500000000291, 5949598.799999999813735 ], [ 43097.17500000000291, 5949598.724999999627471 ], [ 43097.25, 5949598.724999999627471 ], [ 43097.25, 5949598.650000000372529 ], [ 43097.32499999999709, 5949598.650000000372529 ], [ 43097.32499999999709, 5949598.575000000186265 ], [ 43097.474999999998545, 5949598.575000000186265 ], [ 43097.474999999998545, 5949598.5 ], [ 43097.55000000000291, 5949598.5 ], [ 43097.55000000000291, 5949598.424999999813735 ], [ 43097.625, 5949598.424999999813735 ], [ 43097.625, 5949598.349999999627471 ], [ 43097.775000000001455, 5949598.349999999627471 ], [ 43097.775000000001455, 5949598.275000000372529 ], [ 43097.849999999998545, 5949598.275000000372529 ], [ 43097.849999999998545, 5949598.200000000186265 ], [ 43097.92500000000291, 5949598.200000000186265 ], [ 43097.92500000000291, 5949598.125 ], [ 43098.07499999999709, 5949598.125 ], [ 43098.07499999999709, 5949598.049999999813735 ], [ 43098.150000000001455, 5949598.049999999813735 ], [ 43098.150000000001455, 5949597.974999999627471 ], [ 43098.224999999998545, 5949597.974999999627471 ], [ 43098.224999999998545, 5949597.900000000372529 ], [ 43098.30000000000291, 5949597.900000000372529 ], [ 43098.30000000000291, 5949597.825000000186265 ], [ 43098.44999999999709, 5949597.825000000186265 ], [ 43098.44999999999709, 5949597.75 ], [ 43098.525000000001455, 5949597.75 ], [ 43098.525000000001455, 5949597.674999999813735 ], [ 43098.599999999998545, 5949597.674999999813735 ], [ 43098.599999999998545, 5949597.599999999627471 ], [ 43098.67500000000291, 5949597.599999999627471 ], [ 43098.67500000000291, 5949597.525000000372529 ], [ 43098.75, 5949597.525000000372529 ], [ 43098.75, 5949597.450000000186265 ], [ 43098.900000000001455, 5949597.450000000186265 ], [ 43098.900000000001455, 5949597.375 ], [ 43099.05000000000291, 5949597.375 ], [ 43099.05000000000291, 5949597.299999999813735 ], [ 43099.19999999999709, 5949597.299999999813735 ], [ 43099.19999999999709, 5949597.224999999627471 ], [ 43099.42500000000291, 5949597.224999999627471 ], [ 43099.42500000000291, 5949597.150000000372529 ], [ 43099.57499999999709, 5949597.150000000372529 ], [ 43099.57499999999709, 5949597.075000000186265 ], [ 43099.80000000000291, 5949597.075000000186265 ], [ 43099.80000000000291, 5949597.0 ], [ 43100.400000000001455, 5949597.0 ], [ 43100.400000000001455, 5949597.075000000186265 ], [ 43100.92500000000291, 5949597.075000000186265 ], [ 43100.92500000000291, 5949597.150000000372529 ], [ 43101.30000000000291, 5949597.150000000372529 ], [ 43101.30000000000291, 5949597.224999999627471 ], [ 43101.75, 5949597.224999999627471 ], [ 43101.75, 5949597.299999999813735 ], [ 43101.974999999998545, 5949597.299999999813735 ], [ 43101.974999999998545, 5949597.375 ], [ 43102.05000000000291, 5949597.375 ], [ 43102.05000000000291, 5949597.450000000186265 ], [ 43102.125, 5949597.450000000186265 ], [ 43102.125, 5949597.525000000372529 ], [ 43102.19999999999709, 5949597.525000000372529 ], [ 43102.19999999999709, 5949597.599999999627471 ], [ 43102.275000000001455, 5949597.599999999627471 ], [ 43102.275000000001455, 5949597.75 ], [ 43102.349999999998545, 5949597.75 ], [ 43102.349999999998545, 5949597.900000000372529 ], [ 43102.42500000000291, 5949597.900000000372529 ], [ 43102.42500000000291, 5949598.049999999813735 ], [ 43102.5, 5949598.049999999813735 ], [ 43102.5, 5949598.200000000186265 ], [ 43102.57499999999709, 5949598.200000000186265 ], [ 43102.57499999999709, 5949598.349999999627471 ], [ 43102.650000000001455, 5949598.349999999627471 ], [ 43102.650000000001455, 5949598.5 ], [ 43102.724999999998545, 5949598.5 ], [ 43102.724999999998545, 5949598.650000000372529 ], [ 43102.80000000000291, 5949598.650000000372529 ], [ 43102.80000000000291, 5949598.799999999813735 ], [ 43102.875, 5949598.799999999813735 ], [ 43102.875, 5949598.950000000186265 ], [ 43102.94999999999709, 5949598.950000000186265 ], [ 43102.94999999999709, 5949599.099999999627471 ], [ 43103.025000000001455, 5949599.099999999627471 ], [ 43103.025000000001455, 5949599.25 ], [ 43103.099999999998545, 5949599.25 ], [ 43103.099999999998545, 5949599.400000000372529 ], [ 43103.17500000000291, 5949599.400000000372529 ], [ 43103.17500000000291, 5949603.075000000186265 ], [ 43103.099999999998545, 5949603.075000000186265 ], [ 43103.099999999998545, 5949605.474999999627471 ], [ 43103.025000000001455, 5949605.474999999627471 ], [ 43103.025000000001455, 5949605.549999999813735 ], [ 43102.94999999999709, 5949605.549999999813735 ], [ 43102.94999999999709, 5949605.700000000186265 ], [ 43102.875, 5949605.700000000186265 ], [ 43102.875, 5949605.775000000372529 ], [ 43102.80000000000291, 5949605.775000000372529 ], [ 43102.80000000000291, 5949605.924999999813735 ], [ 43102.724999999998545, 5949605.924999999813735 ], [ 43102.724999999998545, 5949606.0 ], [ 43102.650000000001455, 5949606.0 ], [ 43102.650000000001455, 5949606.075000000186265 ], [ 43102.57499999999709, 5949606.075000000186265 ], [ 43102.57499999999709, 5949606.150000000372529 ], [ 43102.5, 5949606.150000000372529 ], [ 43102.5, 5949606.224999999627471 ], [ 43102.42500000000291, 5949606.224999999627471 ], [ 43102.42500000000291, 5949606.299999999813735 ], [ 43102.349999999998545, 5949606.299999999813735 ], [ 43102.349999999998545, 5949606.375 ], [ 43102.275000000001455, 5949606.375 ], [ 43102.275000000001455, 5949606.450000000186265 ], [ 43102.19999999999709, 5949606.450000000186265 ], [ 43102.19999999999709, 5949606.525000000372529 ], [ 43102.125, 5949606.525000000372529 ], [ 43102.125, 5949606.599999999627471 ], [ 43101.974999999998545, 5949606.599999999627471 ], [ 43101.974999999998545, 5949606.674999999813735 ], [ 43100.849999999998545, 5949606.674999999813735 ], [ 43100.849999999998545, 5949606.75 ], [ 43099.94999999999709, 5949606.75 ] ] ] } },
{ "type": "Feature", "properties": { "value": 1.0, "building_id": 5, "area": 144.8718749997189 }, "geometry": { "type": "Polygon", "coordinates": [ [ [ 43068.599999999998545, 5949603.599999999627471 ], [ 43068.599999999998545, 5949603.525000000372529 ], [ 43068.375, 5949603.525000000372529 ], [ 43068.375, 5949603.450000000186265 ], [ 43068.224999999998545, 5949603.450000000186265 ], [ 43068.224999999998545, 5949603.375 ], [ 43068.0, 5949603.375 ], [ 43068.0, 5949603.299999999813735 ], [ 43067.849999999998545, 5949603.299999999813735 ], [ 43067.849999999998545, 5949603.224999999627471 ], [ 43067.69999999999709, 5949603.224999999627471 ], [ 43067.69999999999709, 5949603.150000000372529 ], [ 43067.474999999998545, 5949603.150000000372529 ], [ 43067.474999999998545, 5949603.075000000186265 ], [ 43067.25, 5949603.075000000186265 ], [ 43067.25, 5949603.0 ], [ 43067.025000000001455, 5949603.0 ], [ 43067.025000000001455, 5949602.924999999813735 ], [ 43066.80000000000291, 5949602.924999999813735 ], [ 43066.80000000000291, 5949602.849999999627471 ], [ 43066.57499999999709, 5949602.849999999627471 ], [ 43066.57499999999709, 5949602.775000000372529 ], [ 43066.349999999998545, 5949602.775000000372529 ], [ 43066.349999999998545, 5949602.700000000186265 ], [ 43066.125, 5949602.700000000186265 ], [ 43066.125, 5949602.625 ], [ 43065.900000000001455, 5949602.625 ], [ 43065.900000000001455, 5949602.549999999813735 ], [ 43065.599999999998545, 5949602.549999999813735 ], [ 43065.599999999998545, 5949602.474999999627471 ], [ 43065.375, 5949602.474999999627471 ], [ 43065.375, 5949602.400000000372529 ], [ 43065.07499999999709, 5949602.400000000372529 ], [ 43065.07499999999709, 5949602.325000000186265 ], [ 43064.775000000001455, 5949602.325000000186265 ], [ 43064.775000000001455, 5949602.25 ], [ 43064.474999999998545, 5949602.25 ], [ 43064.474999999998545, 5949602.174999999813735 ], [ 43064.099999999998545, 5949602.174999999813735 ], [ 43064.099999999998545, 5949602.099999999627471 ], [ 43063.80000000000291, 5949602.099999999627471 ], [ 43063.80000000000291, 5949602.025000000372529 ], [ 43063.5, 5949602.025000000372529 ], [ 43063.5, 5949601.950000000186265 ], [ 43063.125, 5949601.950000000186265 ], [ 43063.125, 5949601.875 ], [ 43062.900000000001455, 5949601.875 ], [ 43062.900000000001455, 5949601.799999999813735 ], [ 43062.67500000000291, 5949601.799999999813735 ], [ 43062.67500000000291, 5949601.724999999627471 ], [ 43062.525000000001455, 5949601.724999999627471 ], [ 43062.525000000001455, 5949601.650000000372529 ], [ 43062.30000000000291, 5949601.650000000372529 ], [ 43062.30000000000291, 5949601.575000000186265 ], [ 43062.150000000001455, 5949601.575000000186265 ], [ 43062.150000000001455, 5949601.5 ], [ 43062.0, 5949601.5 ], [ 43062.0, 5949601.424999999813735 ], [ 43061.92500000000291, 5949601.424999999813735 ], [ 43061.92500000000291, 5949601.349999999627471 ], [ 43061.849999999998545, 5949601.349999999627471 ], [ 43061.849999999998545, 5949601.275000000372529 ], [ 43061.775000000001455, 5949601.275000000372529 ], [ 43061.775000000001455, 5949601.200000000186265 ], [ 43061.69999999999709, 5949601.200000000186265 ], [ 43061.69999999999709, 5949601.125 ], [ 43061.55000000000291, 5949601.125 ], [ 43061.55000000000291, 5949601.049999999813735 ], [ 43061.474999999998545, 5949601.049999999813735 ], [ 43061.474999999998545, 5949600.974999999627471 ], [ 43061.400000000001455, 5949600.974999999627471 ], [ 43061.400000000001455, 5949600.900000000372529 ], [ 43061.25, 5949600.900000000372529 ], [ 43061.25, 5949600.825000000186265 ], [ 43061.099999999998545, 5949600.825000000186265 ], [ 43061.099999999998545, 5949600.75 ], [ 43061.025000000001455, 5949600.75 ], [ 43061.025000000001455, 5949600.674999999813735 ], [ 43060.875, 5949600.674999999813735 ], [ 43060.875, 5949600.599999999627471 ], [ 43060.80000000000291, 5949600.599999999627471 ], [ 43060.80000000000291, 5949600.525000000372529 ], [ 43060.724999999998545, 5949600.525000000372529 ], [ 43060.724999999998545, 5949600.450000000186265 ], [ 43060.650000000001455, 5949600.450000000186265 ], [ 43060.650000000001455, 5949600.375 ], [ 43060.57499999999709, 5949600.375 ], [ 43060.57499999999709, 5949600.299999999813735 ], [ 43060.5, 5949600.299999999813735 ], [ 43060.5, 5949600.224999999627471 ], [ 43060.42500000000291, 5949600.224999999627471 ], [ 43060.42500000000291, 5949600.150000000372529 ], [ 43060.349999999998545, 5949600.150000000372529 ], [ 43060.349999999998545, 5949600.075000000186265 ], [ 43060.275000000001455, 5949600.075000000186265 ], [ 43060.275000000001455, 5949599.924999999813735 ], [ 43060.19999999999709, 5949599.924999999813735 ], [ 43060.19999999999709, 5949599.849999999627471 ], [ 43060.125, 5949599.849999999627471 ], [ 43060.125, 5949599.775000000372529 ], [ 43060.05000000000291, 5949599.775000000372529 ], [ 43060.05000000000291, 5949599.700000000186265 ], [ 43059.974999999998545, 5949599.700000000186265 ], [ 43059.974999999998545, 5949599.625 ], [ 43059.900000000001455, 5949599.625 ], [ 43059.900000000001455, 5949599.549999999813735 ], [ 43059.82499999999709, 5949599.549999999813735 ], [ 43059.82499999999709, 5949599.325000000186265 ], [ 43059.900000000001455, 5949599.325000000186265 ], [ 43059.900000000001455, 5949597.900000000372529 ], [ 43059.974999999998545, 5949597.900000000372529 ], [ 43059.974999999998545, 5949597.450000000186265 ], [ 43060.05000000000291, 5949597.450000000186265 ], [ 43060.05000000000291, 5949597.375 ], [ 43060.125, 5949597.375 ], [ 43060.125, 5949597.224999999627471 ], [ 43060.19999999999709, 5949597.224999999627471 ], [ 43060.19999999999709, 5949597.150000000372529 ], [ 43060.275000000001455, 5949597.150000000372529 ], [ 43060.275000000001455, 5949597.075000000186265 ], [ 43060.349999999998545, 5949597.075000000186265 ], [ 43060.349999999998545, 5949596.924999999813735 ], [ 43060.42500000000291, 5949596.924999999813735 ], [ 43060.42500000000291, 5949596.849999999627471 ], [ 43060.5, 5949596.849999999627471 ], [ 43060.5, 5949596.775000000372529 ], [ 43060.57499999999709, 5949596.775000000372529 ], [ 43060.57499999999709, 5949596.700000000186265 ], [ 43060.650000000001455, 5949596.700000000186265 ], [ 43060.650000000001455, 5949596.625 ], [ 43060.724999999998545, 5949596.625 ], [ 43060.724999999998545, 5949596.474999999627471 ], [ 43060.80000000000291, 5949596.474999999627471 ], [ 43060.80000000000291, 5949596.400000000372529 ], [ 43060.875, 5949596.400000000372529 ], [ 43060.875, 5949596.325000000186265 ], [ 43060.94999999999709, 5949596.325000000186265 ], [ 43060.94999999999709, 5949596.25 ], [ 43061.099999999998545, 5949596.25 ], [ 43061.099999999998545, 5949596.174999999813735 ], [ 43061.17500000000291, 5949596.174999999813735 ], [ 43061.17500000000291, 5949596.099999999627471 ], [ 43061.25, 5949596.099999999627471 ], [ 43061.25, 5949596.025000000372529 ], [ 43061.32499999999709, 5949596.025000000372529 ], [ 43061.32499999999709, 5949595.950000000186265 ], [ 43061.400000000001455, 5949595.950000000186265 ], [ 43061.400000000001455, 5949595.875 ], [ 43061.474999999998545, 5949595.875 ], [ 43061.474999999998545, 5949595.799999999813735 ], [ 43061.55000000000291, 5949595.799999999813735 ], [ 43061.55000000000291, 5949595.724999999627471 ], [ 43061.625, 5949595.724999999627471 ], [ 43061.625, 5949595.650000000372529 ], [ 43061.69999999999709, 5949595.650000000372529 ], [ 43061.69999999999709, 5949595.575000000186265 ], [ 43061.849999999998545, 5949595.575000000186265 ], [ 43061.849999999998545, 5949595.5 ], [ 43061.92500000000291, 5949595.5 ], [ 43061.92500000000291, 5949595.424999999813735 ], [ 43062.0, 5949595.424999999813735 ], [ 43062.0, 5949595.349999999627471 ], [ 43062.150000000001455, 5949595.349999999627471 ], [ 43062.150000000001455, 5949595.275000000372529 ], [ 43062.30000000000291, 5949595.275000000372529 ], [ 43062.30000000000291, 5949595.200000000186265 ], [ 43062.375, 5949595.200000000186265 ], [ 43062.375, 5949595.125 ], [ 43062.525000000001455, 5949595.125 ], [ 43062.525000000001455, 5949595.049999999813735 ], [ 43062.67500000000291, 5949595.049999999813735 ], [ 43062.67500000000291, 5949594.974999999627471 ], [ 43062.82499999999709, 5949594.974999999627471 ], [ 43062.82499999999709, 5949594.900000000372529 ], [ 43062.974999999998545, 5949594.900000000372529 ], [ 43062.974999999998545, 5949594.825000000186265 ], [ 43063.125, 5949594.825000000186265 ], [ 43063.125, 5949594.75 ], [ 43063.275000000001455, 5949594.75 ], [ 43063.275000000001455, 5949594.674999999813735 ], [ 43063.42500000000291, 5949594.674999999813735 ], [ 43063.42500000000291, 5949594.599999999627471 ], [ 43063.57499999999709, 5949594.599999999627471 ], [ 43063.57499999999709, 5949594.525000000372529 ], [ 43063.650000000001455, 5949594.525000000372529 ], [ 43063.650000000001455, 5949594.450000000186265 ], [ 43063.80000000000291, 5949594.450000000186265 ], [ 43063.80000000000291, 5949594.375 ], [ 43063.875, 5949594.375 ], [ 43063.875, 5949594.299999999813735 ], [ 43064.025000000001455, 5949594.299999999813735 ], [ 43064.025000000001455, 5949594.224999999627471 ], [ 43064.099999999998545, 5949594.224999999627471 ], [ 43064.099999999998545, 5949594.150000000372529 ], [ 43064.25, 5949594.150000000372529 ], [ 43064.25, 5949594.075000000186265 ], [ 43064.32499999999709, 5949594.075000000186265 ], [ 43064.32499999999709, 5949594.0 ], [ 43064.400000000001455, 5949594.0 ], [ 43064.400000000001455, 5949593.924999999813735 ], [ 43064.474999999998545, 5949593.924999999813735 ], [ 43064.474999999998545, 5949593.849999999627471 ], [ 43064.625, 5949593.849999999627471 ], [ 43064.625, 5949593.775000000372529 ], [ 43064.69999999999709, 5949593.775000000372529 ], [ 43064.69999999999709, 5949593.700000000186265 ], [ 43064.775000000001455, 5949593.700000000186265 ], [ 43064.775000000001455, 5949593.625 ], [ 43064.849999999998545, 5949593.625 ], [ 43064.849999999998545, 5949593.549999999813735 ], [ 43065.07499999999709, 5949593.549999999813735 ], [ 43065.07499999999709, 5949593.474999999627471 ], [ 43065.224999999998545, 5949593.474999999627471 ], [ 43065.224999999998545, 5949593.400000000372529 ], [ 43065.375, 5949593.400000000372529 ], [ 43065.375, 5949593.325000000186265 ], [ 43065.599999999998545, 5949593.325000000186265 ], [ 43065.599999999998545, 5949593.25 ], [ 43065.82499999999709, 5949593.25 ], [ 43065.82499999999709, 5949593.174999999813735 ], [ 43066.05000000000291, 5949593.174999999813735 ], [ 43066.05000000000291, 5949593.099999999627471 ], [ 43066.275000000001455, 5949593.099999999627471 ], [ 43066.275000000001455, 5949593.025000000372529 ], [ 43066.57499999999709, 5949593.025000000372529 ], [ 43066.57499999999709, 5949592.950000000186265 ], [ 43066.875, 5949592.950000000186265 ], [ 43066.875, 5949592.875 ], [ 43067.32499999999709, 5949592.875 ], [ 43067.32499999999709, 5949592.799999999813735 ], [ 43067.69999999999709, 5949592.799999999813735 ], [ 43067.69999999999709, 5949592.724999999627471 ], [ 43068.07499999999709, 5949592.724999999627471 ], [ 43068.07499999999709, 5949592.650000000372529 ], [ 43068.525000000001455, 5949592.650000000372529 ], [ 43068.525000000001455, 5949592.575000000186265 ], [ 43070.69999999999709, 5949592.575000000186265 ], [ 43070.69999999999709, 5949592.650000000372529 ], [ 43071.0, 5949592.650000000372529 ], [ 43071.0, 5949592.724999999627471 ], [ 43071.375, 5949592.724999999627471 ], [ 43071.375, 5949592.799999999813735 ], [ 43071.67500000000291, 5949592.799999999813735 ], [ 43071.67500000000291, 5949592.875 ], [ 43071.974999999998545, 5949592.875 ], [ 43071.974999999998545, 5949592.950000000186265 ], [ 43072.275000000001455, 5949592.950000000186265 ], [ 43072.275000000001455, 5949593.025000000372529 ], [ 43072.57499999999709, 5949593.025000000372529 ], [ 43072.57499999999709, 5949593.099999999627471 ], [ 43072.80000000000291, 5949593.099999999627471 ], [ 43072.80000000000291, 5949593.174999999813735 ], [ 43072.94999999999709, 5949593.174999999813735 ], [ 43072.94999999999709, 5949593.25 ], [ 43073.099999999998545, 5949593.25 ], [ 43073.099999999998545, 5949593.325000000186265 ], [ 43073.17500000000291, 5949593.325000000186265 ], [ 43073.17500000000291, 5949593.400000000372529 ], [ 43073.32499999999709, 5949593.400000000372529 ], [ 43073.32499999999709, 5949593.474999999627471 ], [ 43073.400000000001455, 5949593.474999999627471 ], [ 43073.400000000001455, 5949593.549999999813735 ], [ 43073.55000000000291, 5949593.549999999813735 ], [ 43073.55000000000291, 5949593.625 ], [ 43073.625, 5949593.625 ], [ 43073.625, 5949593.700000000186265 ], [ 43073.69999999999709, 5949593.700000000186265 ], [ 43073.69999999999709, 5949593.775000000372529 ], [ 43073.775000000001455, 5949593.775000000372529 ], [ 43073.775000000001455, 5949593.849999999627471 ], [ 43073.849999999998545, 5949593.849999999627471 ], [ 43073.849999999998545, 5949593.924999999813735 ], [ 43073.92500000000291, 5949593.924999999813735 ], [ 43073.92500000000291, 5949594.0 ], [ 43074.07499999999709, 5949594.0 ], [ 43074.07499999999709, 5949594.075000000186265 ], [ 43074.150000000001455, 5949594.075000000186265 ], [ 43074.150000000001455, 5949594.150000000372529 ], [ 43074.224999999998545, 5949594.150000000372529 ], [ 43074.224999999998545, 5949594.224999999627471 ], [ 43074.375, 5949594.224999999627471 ], [ 43074.375, 5949594.299999999813735 ], [ 43074.44999999999709, 5949594.299999999813735 ], [ 43074.44999999999709, 5949594.375 ], [ 43074.599999999998545, 5949594.375 ], [ 43074.599999999998545, 5949594.450000000186265 ], [ 43074.75, 5949594.450000000186265 ], [ 43074.75, 5949594.525000000372529 ], [ 43074.900000000001455, 5949594.525000000372529 ], [ 43074.900000000001455, 5949594.599999999627471 ], [ 43075.05000000000291, 5949594.599999999627471 ], [ 43075.05000000000291, 5949594.674999999813735 ], [ 43075.125, 5949594.674999999813735 ], [ 43075.125, 5949594.75 ], [ 43075.275000000001455, 5949594.75 ], [ 43075.275000000001455, 5949594.825000000186265 ], [ 43075.42500000000291, 5949594.825000000186265 ], [ 43075.42500000000291, 5949594.900000000372529 ], [ 43075.57499999999709, 5949594.900000000372529 ], [ 43075.57499999999709, 5949594.974999999627471 ], [ 43075.650000000001455, 5949594.974999999627471 ], [ 43075.650000000001455, 5949595.049999999813735 ], [ 43075.80000000000291, 5949595.049999999813735 ], [ 43075.80000000000291, 5949595.125 ], [ 43075.94999999999709, 5949595.125 ], [ 43075.94999999999709, 5949595.200000000186265 ], [ 43076.099999999998545, 5949595.200000000186265 ], [ 43076.099999999998545, 5949595.275000000372529 ], [ 43076.17500000000291, 5949595.275000000372529 ], [ 43076.17500000000291, 5949595.349999999627471 ], [ 43076.32499999999709, 5949595.349999999627471 ], [ 43076.32499999999709, 5949595.424999999813735 ], [ 43076.474999999998545, 5949595.424999999813735 ], [ 43076.474999999998545, 5949595.5 ], [ 43076.55000000000291, 5949595.5 ], [ 43076.55000000000291, 5949595.575000000186265 ], [ 43076.625, 5949595.575000000186265 ], [ 43076.625, 5949595.650000000372529 ], [ 43076.69999999999709, 5949595.650000000372529 ], [ 43076.69999999999709, 5949595.799999999813735 ], [ 43076.775000000001455, 5949595.799999999813735 ], [ 43076.775000000001455, 5949595.875 ], [ 43076.849999999998545, 5949595.875 ], [ 43076.849999999998545, 5949596.025000000372529 ], [ 43076.92500000000291, 5949596.025000000372529 ], [ 43076.92500000000291, 5949596.099999999627471 ], [ 43077.0, 5949596.099999999627471 ], [ 43077.0, 5949596.25 ], [ 43077.07499999999709, 5949596.25 ], [ 43077.07499999999709, 5949596.325000000186265 ], [ 43077.150000000001455, 5949596.325000000186265 ], [ 43077.150000000001455, 5949596.474999999627471 ], [ 43077.224999999998545, 5949596.474999999627471 ], [ 43077.224999999998545, 5949596.549999999813735 ], [ 43077.30000000000291, 5949596.549999999813735 ], [ 43077.30000000000291, 5949596.700000000186265 ], [ 43077.375, 5949596.700000000186265 ], [ 43077.375, 5949596.849999999627471 ], [ 43077.44999999999709, 5949596.849999999627471 ], [ 43077.44999999999709, 5949596.924999999813735 ], [ 43077.525000000001455, 5949596.924999999813735 ], [ 43077.525000000001455, 5949597.075000000186265 ], [ 43077.599999999998545, 5949597.075000000186265 ], [ 43077.599999999998545, 5949597.150000000372529 ], [ 43077.67500000000291, 5949597.150000000372529 ], [ 43077.67500000000291, 5949597.299999999813735 ], [ 43077.75, 5949597.299999999813735 ], [ 43077.75, 5949597.375 ], [ 43077.82499999999709, 5949597.375 ], [ 43077.82499999999709, 5949597.525000000372529 ], [ 43077.900000000001455, 5949597.525000000372529 ], [ 43077.900000000001455, 5949598.575000000186265 ], [ 43077.82499999999709, 5949598.575000000186265 ], [ 43077.82499999999709, 5949599.549999999813735 ], [ 43077.75, 5949599.549999999813735 ], [ 43077.75, 5949599.700000000186265 ], [ 43077.67500000000291, 5949599.700000000186265 ], [ 43077.67500000000291, 5949599.775000000372529 ], [ 43077.599999999998545, 5949599.775000000372529 ], [ 43077.599999999998545, 5949599.849999999627471 ], [ 43077.525000000001455, 5949599.849999999627471 ], [ 43077.525000000001455, 5949600.0 ], [ 43077.44999999999709, 5949600.0 ], [ 43077.44999999999709, 5949600.075000000186265 ], [ 43077.375, 5949600.075000000186265 ], [ 43077.375, 5949600.150000000372529 ], [ 43077.30000000000291, 5949600.150000000372529 ], [ 43077.30000000000291, 5949600.224999999627471 ], [ 43077.224999999998545, 5949600.224999999627471 ], [ 43077.224999999998545, 5949600.375 ], [ 43077.150000000001455, 5949600.375 ], [ 43077.150000000001455, 5949600.450000000186265 ], [ 43077.07499999999709, 5949600.450000000186265 ], [ 43077.07499999999709, 5949600.525000000372529 ], [ 43077.0, 5949600.525000000372529 ], [ 43077.0, 5949600.599999999627471 ], [ 43076.92500000000291, 5949600.599999999627471 ], [ 43076.92500000000291, 5949600.674999999813735 ], [ 43076.849999999998545, 5949600.674999999813735 ], [ 43076.849999999998545, 5949600.75 ], [ 43076.775000000001455, 5949600.75 ], [ 43076.775000000001455, 5949600.825000000186265 ], [ 43076.69999999999709, 5949600.825000000186265 ], [ 43076.69999999999709, 5949600.900000000372529 ], [ 43076.625, 5949600.900000000372529 ], [ 43076.625, 5949600.974999999627471 ], [ 43076.474999999998545, 5949600.974999999627471 ], [ 43076.474999999998545, 5949601.049999999813735 ], [ 43076.400000000001455, 5949601.049999999813735 ], [ 43076.400000000001455, 5949601.125 ], [ 43076.32499999999709, 5949601.125 ], [ 43076.32499999999709, 5949601.200000000186265 ], [ 43076.25, 5949601.200000000186265 ], [ 43076.25, 5949601.275000000372529 ], [ 43076.099999999998545, 5949601.275000000372529 ], [ 43076.099999999998545, 5949601.349999999627471 ], [ 43076.025000000001455, 5949601.349999999627471 ], [ 43076.025000000001455, 5949601.424999999813735 ], [ 43075.94999999999709, 5949601.424999999813735 ], [ 43075.94999999999709, 5949601.5 ], [ 43075.875, 5949601.5 ], [ 43075.875, 5949601.575000000186265 ], [ 43075.724999999998545, 5949601.575000000186265 ], [ 43075.724999999998545, 5949601.650000000372529 ], [ 43075.650000000001455, 5949601.650000000372529 ], [ 43075.650000000001455, 5949601.724999999627471 ], [ 43075.5, 5949601.724999999627471 ], [ 43075.5, 5949601.799999999813735 ], [ 43075.349999999998545, 5949601.799999999813735 ], [ 43075.349999999998545, 5949601.875 ], [ 43075.275000000001455, 5949601.875 ], [ 43075.275000000001455, 5949601.950000000186265 ], [ 43075.05000000000291, 5949601.950000000186265 ], [ 43075.05000000000291, 5949602.025000000372529 ], [ 43074.900000000001455, 5949602.025000000372529 ], [ 43074.900000000001455, 5949602.099999999627471 ], [ 43074.75, 5949602.099999999627471 ], [ 43074.75, 5949602.174999999813735 ], [ 43074.44999999999709, 5949602.174999999813735 ], [ 43074.44999999999709, 5949602.25 ], [ 43074.150000000001455, 5949602.25 ], [ 43074.150000000001455, 5949602.325000000186265 ], [ 43073.775000000001455, 5949602.325000000186265 ], [ 43073.775000000001455, 5949602.400000000372529 ], [ 43073.474999999998545, 5949602.400000000372529 ], [ 43073.474999999998545, 5949602.474999999627471 ], [ 43073.17500000000291, 5949602.474999999627471 ], [ 43073.17500000000291, 5949602.549999999813735 ], [ 43072.875, 5949602.549999999813735 ], [ 43072.875, 5949602.625 ], [ 43072.57499999999709, 5949602.625 ], [ 43072.57499999999709, 5949602.700000000186265 ], [ 43072.349999999998545, 5949602.700000000186265 ], [ 43072.349999999998545, 5949602.775000000372529 ], [ 43072.125, 5949602.775000000372529 ], [ 43072.125, 5949602.849999999627471 ], [ 43071.974999999998545, 5949602.849999999627471 ], [ 43071.974999999998545, 5949602.924999999813735 ], [ 43071.75, 5949602.924999999813735 ], [ 43071.75, 5949603.0 ], [ 43071.599999999998545, 5949603.0 ], [ 43071.599999999998545, 5949603.075000000186265 ], [ 43071.44999999999709, 5949603.075000000186265 ], [ 43071.44999999999709, 5949603.150000000372529 ], [ 43071.30000000000291, 5949603.150000000372529 ], [ 43071.30000000000291, 5949603.224999999627471 ], [ 43071.150000000001455, 5949603.224999999627471 ], [ 43071.150000000001455, 5949603.299999999813735 ], [ 43071.0, 5949603.299999999813735 ], [ 43071.0, 5949603.375 ], [ 43070.92500000000291, 5949603.375 ], [ 43070.92500000000291, 5949603.450000000186265 ], [ 43070.775000000001455, 5949603.450000000186265 ], [ 43070.775000000001455, 5949603.525000000372529 ], [ 43069.80000000000291, 5949603.525000000372529 ], [ 43069.80000000000291, 5949603.599999999627471 ], [ 43068.599999999998545, 5949603.599999999627471 ] ] ] } },
{ "type": "Feature", "properties": { "value": 1.0, "building_id": 6, "area": 1438.2224999998125 }, "geometry": { "type": "Polygon", "coordinates": [ [ [ 43398.599999999998545, 5949644.700000000186265 ], [ 43398.599999999998545, 5949644.625 ], [ 43398.07499999999709, 5949644.625 ], [ 43398.07499999999709, 5949644.549999999813735 ], [ 43397.55000000000291, 5949644.549999999813735 ], [ 43397.55000000000291, 5949644.474999999627471 ], [ 43397.099999999998545, 5949644.474999999627471 ], [ 43397.099999999998545, 5949644.400000000372529 ], [ 43396.80000000000291, 5949644.400000000372529 ], [ 43396.80000000000291, 5949644.325000000186265 ], [ 43396.724999999998545, 5949644.325000000186265 ], [ 43396.724999999998545, 5949644.25 ], [ 43396.650000000001455, 5949644.25 ], [ 43396.650000000001455, 5949644.174999999813735 ], [ 43396.57499999999709, 5949644.174999999813735 ], [ 43396.57499999999709, 5949644.099999999627471 ], [ 43396.5, 5949644.099999999627471 ], [ 43396.5, 5949644.025000000372529 ], [ 43396.349999999998545, 5949644.025000000372529 ], [ 43396.349999999998545, 5949643.950000000186265 ], [ 43396.275000000001455, 5949643.950000000186265 ], [ 43396.275000000001455, 5949643.875 ], [ 43396.19999999999709, 5949643.875 ], [ 43396.19999999999709, 5949643.799999999813735 ], [ 43396.125, 5949643.799999999813735 ], [ 43396.125, 5949643.724999999627471 ], [ 43395.974999999998545, 5949643.724999999627471 ], [ 43395.974999999998545, 5949643.650000000372529 ], [ 43395.900000000001455, 5949643.650000000372529 ], [ 43395.900000000001455, 5949643.575000000186265 ], [ 43395.75, 5949643.575000000186265 ], [ 43395.75, 5949643.5 ], [ 43395.67500000000291, 5949643.5 ], [ 43395.67500000000291, 5949643.424999999813735 ], [ 43395.599999999998545, 5949643.424999999813735 ], [ 43395.599999999998545, 5949643.349999999627471 ], [ 43395.44999999999709, 5949643.349999999627471 ], [ 43395.44999999999709, 5949643.275000000372529 ], [ 43395.375, 5949643.275000000372529 ], [ 43395.375, 5949643.200000000186265 ], [ 43395.224999999998545, 5949643.200000000186265 ], [ 43395.224999999998545, 5949643.125 ], [ 43395.150000000001455, 5949643.125 ], [ 43395.150000000001455, 5949643.049999999813735 ], [ 43395.0, 5949643.049999999813735 ], [ 43395.0, 5949642.974999999627471 ], [ 43394.92500000000291, 5949642.974999999627471 ], [ 43394.92500000000291, 5949642.900000000372529 ], [ 43394.849999999998545, 5949642.900000000372529 ], [ 43394.849999999998545, 5949642.825000000186265 ], [ 43394.775000000001455, 5949642.825000000186265 ], [ 43394.775000000001455, 5949642.75 ], [ 43394.69999999999709, 5949642.75 ], [ 43394.69999999999709, 5949642.674999999813735 ], [ 43394.625, 5949642.674999999813735 ], [ 43394.625, 5949642.599999999627471 ], [ 43394.55000000000291, 5949642.599999999627471 ], [ 43394.55000000000291, 5949642.525000000372529 ], [ 43394.474999999998545, 5949642.525000000372529 ], [ 43394.474999999998545, 5949642.450000000186265 ], [ 43394.400000000001455, 5949642.450000000186265 ], [ 43394.400000000001455, 5949642.299999999813735 ], [ 43394.32499999999709, 5949642.299999999813735 ], [ 43394.32499999999709, 5949642.150000000372529 ], [ 43394.25, 5949642.150000000372529 ], [ 43394.25, 5949642.075000000186265 ], [ 43394.17500000000291, 5949642.075000000186265 ], [ 43394.17500000000291, 5949641.924999999813735 ], [ 43394.099999999998545, 5949641.924999999813735 ], [ 43394.099999999998545, 5949641.775000000372529 ], [ 43394.025000000001455, 5949641.775000000372529 ], [ 43394.025000000001455, 5949641.700000000186265 ], [ 43393.94999999999709, 5949641.700000000186265 ], [ 43393.94999999999709, 5949641.549999999813735 ], [ 43393.875, 5949641.549999999813735 ], [ 43393.875, 5949641.474999999627471 ], [ 43393.80000000000291, 5949641.474999999627471 ], [ 43393.80000000000291, 5949641.325000000186265 ], [ 43393.724999999998545, 5949641.325000000186265 ], [ 43393.724999999998545, 5949641.174999999813735 ], [ 43393.650000000001455, 5949641.174999999813735 ], [ 43393.650000000001455, 5949641.099999999627471 ], [ 43393.57499999999709, 5949641.099999999627471 ], [ 43393.57499999999709, 5949640.950000000186265 ], [ 43393.5, 5949640.950000000186265 ], [ 43393.5, 5949640.799999999813735 ], [ 43393.42500000000291, 5949640.799999999813735 ], [ 43393.42500000000291, 5949640.724999999627471 ], [ 43393.349999999998545, 5949640.724999999627471 ], [ 43393.349999999998545, 5949640.575000000186265 ], [ 43393.275000000001455, 5949640.575000000186265 ], [ 43393.275000000001455, 5949640.5 ], [ 43393.19999999999709, 5949640.5 ], [ 43393.19999999999709, 5949640.349999999627471 ], [ 43393.125, 5949640.349999999627471 ], [ 43393.125, 5949640.200000000186265 ], [ 43393.05000000000291, 5949640.200000000186265 ], [ 43393.05000000000291, 5949640.125 ], [ 43392.974999999998545, 5949640.125 ], [ 43392.974999999998545, 5949639.974999999627471 ], [ 43392.900000000001455, 5949639.974999999627471 ], [ 43392.900000000001455, 5949639.900000000372529 ], [ 43392.82499999999709, 5949639.900000000372529 ], [ 43392.82499999999709, 5949639.75 ], [ 43392.75, 5949639.75 ], [ 43392.75, 5949639.599999999627471 ], [ 43392.67500000000291, 5949639.599999999627471 ], [ 43392.67500000000291, 5949639.375 ], [ 43392.599999999998545, 5949639.375 ], [ 43392.599999999998545, 5949639.224999999627471 ], [ 43392.525000000001455, 5949639.224999999627471 ], [ 43392.525000000001455, 5949639.0 ], [ 43392.44999999999709, 5949639.0 ], [ 43392.44999999999709, 5949638.849999999627471 ], [ 43392.375, 5949638.849999999627471 ], [ 43392.375, 5949638.625 ], [ 43392.30000000000291, 5949638.625 ], [ 43392.30000000000291, 5949638.25 ], [ 43392.224999999998545, 5949638.25 ], [ 43392.224999999998545, 5949637.799999999813735 ], [ 43392.150000000001455, 5949637.799999999813735 ], [ 43392.150000000001455, 5949637.349999999627471 ], [ 43392.07499999999709, 5949637.349999999627471 ], [ 43392.07499999999709, 5949636.900000000372529 ], [ 43392.0, 5949636.900000000372529 ], [ 43392.0, 5949636.375 ], [ 43391.92500000000291, 5949636.375 ], [ 43391.92500000000291, 5949635.700000000186265 ], [ 43391.849999999998545, 5949635.700000000186265 ], [ 43391.849999999998545, 5949635.025000000372529 ], [ 43391.775000000001455, 5949635.025000000372529 ], [ 43391.775000000001455, 5949634.349999999627471 ], [ 43391.69999999999709, 5949634.349999999627471 ], [ 43391.69999999999709, 5949633.599999999627471 ], [ 43391.625, 5949633.599999999627471 ], [ 43391.625, 5949633.0 ], [ 43391.55000000000291, 5949633.0 ], [ 43391.55000000000291, 5949632.325000000186265 ], [ 43391.474999999998545, 5949632.325000000186265 ], [ 43391.474999999998545, 5949631.724999999627471 ], [ 43391.400000000001455, 5949631.724999999627471 ], [ 43391.400000000001455, 5949631.200000000186265 ], [ 43391.32499999999709, 5949631.200000000186265 ], [ 43391.32499999999709, 5949630.525000000372529 ], [ 43391.25, 5949630.525000000372529 ], [ 43391.25, 5949628.950000000186265 ], [ 43391.17500000000291, 5949628.950000000186265 ], [ 43391.17500000000291, 5949628.650000000372529 ], [ 43391.25, 5949628.650000000372529 ], [ 43391.25, 5949627.224999999627471 ], [ 43391.32499999999709, 5949627.224999999627471 ], [ 43391.32499999999709, 5949625.724999999627471 ], [ 43391.400000000001455, 5949625.724999999627471 ], [ 43391.400000000001455, 5949624.0 ], [ 43391.474999999998545, 5949624.0 ], [ 43391.474999999998545, 5949622.125 ], [ 43391.55000000000291, 5949622.125 ], [ 43391.55000000000291, 5949620.400000000372529 ], [ 43391.625, 5949620.400000000372529 ], [ 43391.625, 5949618.674999999813735 ], [ 43391.69999999999709, 5949618.674999999813735 ], [ 43391.69999999999709, 5949616.349999999627471 ], [ 43391.775000000001455, 5949616.349999999627471 ], [ 43391.775000000001455, 5949611.549999999813735 ], [ 43391.69999999999709, 5949611.549999999813735 ], [ 43391.69999999999709, 5949608.625 ], [ 43391.625, 5949608.625 ], [ 43391.625, 5949601.650000000372529 ], [ 43391.69999999999709, 5949601.650000000372529 ], [ 43391.69999999999709, 5949590.325000000186265 ], [ 43391.775000000001455, 5949590.325000000186265 ], [ 43391.775000000001455, 5949589.200000000186265 ], [ 43391.849999999998545, 5949589.200000000186265 ], [ 43391.849999999998545, 5949588.299999999813735 ], [ 43391.92500000000291, 5949588.299999999813735 ], [ 43391.92500000000291, 5949587.400000000372529 ], [ 43392.0, 5949587.400000000372529 ], [ 43392.0, 5949586.650000000372529 ], [ 43392.07499999999709, 5949586.650000000372529 ], [ 43392.07499999999709, 5949585.974999999627471 ], [ 43392.150000000001455, 5949585.974999999627471 ], [ 43392.150000000001455, 5949585.450000000186265 ], [ 43392.224999999998545, 5949585.450000000186265 ], [ 43392.224999999998545, 5949585.0 ], [ 43392.30000000000291, 5949585.0 ], [ 43392.30000000000291, 5949584.549999999813735 ], [ 43392.375, 5949584.549999999813735 ], [ 43392.375, 5949584.174999999813735 ], [ 43392.44999999999709, 5949584.174999999813735 ], [ 43392.44999999999709, 5949583.799999999813735 ], [ 43392.525000000001455, 5949583.799999999813735 ], [ 43392.525000000001455, 5949583.349999999627471 ], [ 43392.599999999998545, 5949583.349999999627471 ], [ 43392.599999999998545, 5949582.900000000372529 ], [ 43392.67500000000291, 5949582.900000000372529 ], [ 43392.67500000000291, 5949582.450000000186265 ], [ 43392.75, 5949582.450000000186265 ], [ 43392.75, 5949582.075000000186265 ], [ 43392.82499999999709, 5949582.075000000186265 ], [ 43392.82499999999709, 5949579.0 ], [ 43412.25, 5949579.0 ], [ 43412.25, 5949582.525000000372529 ], [ 43412.32499999999709, 5949582.525000000372529 ], [ 43412.32499999999709, 5949583.349999999627471 ], [ 43412.400000000001455, 5949583.349999999627471 ], [ 43412.400000000001455, 5949584.025000000372529 ], [ 43412.474999999998545, 5949584.025000000372529 ], [ 43412.474999999998545, 5949584.474999999627471 ], [ 43412.55000000000291, 5949584.474999999627471 ], [ 43412.55000000000291, 5949584.924999999813735 ], [ 43412.625, 5949584.924999999813735 ], [ 43412.625, 5949585.375 ], [ 43412.69999999999709, 5949585.375 ], [ 43412.69999999999709, 5949585.825000000186265 ], [ 43412.775000000001455, 5949585.825000000186265 ], [ 43412.775000000001455, 5949586.349999999627471 ], [ 43412.849999999998545, 5949586.349999999627471 ], [ 43412.849999999998545, 5949586.875 ], [ 43412.92500000000291, 5949586.875 ], [ 43412.92500000000291, 5949587.474999999627471 ], [ 43413.0, 5949587.474999999627471 ], [ 43413.0, 5949588.075000000186265 ], [ 43413.07499999999709, 5949588.075000000186265 ], [ 43413.07499999999709, 5949588.75 ], [ 43413.150000000001455, 5949588.75 ], [ 43413.150000000001455, 5949589.5 ], [ 43413.224999999998545, 5949589.5 ], [ 43413.224999999998545, 5949590.174999999813735 ], [ 43413.150000000001455, 5949590.174999999813735 ], [ 43413.150000000001455, 5949591.674999999813735 ], [ 43413.07499999999709, 5949591.674999999813735 ], [ 43413.07499999999709, 5949592.049999999813735 ], [ 43413.0, 5949592.049999999813735 ], [ 43413.0, 5949592.5 ], [ 43412.92500000000291, 5949592.5 ], [ 43412.92500000000291, 5949592.875 ], [ 43412.849999999998545, 5949592.875 ], [ 43412.849999999998545, 5949593.25 ], [ 43412.775000000001455, 5949593.25 ], [ 43412.775000000001455, 5949593.625 ], [ 43412.69999999999709, 5949593.625 ], [ 43412.69999999999709, 5949594.0 ], [ 43412.625, 5949594.0 ], [ 43412.625, 5949594.299999999813735 ], [ 43412.55000000000291, 5949594.299999999813735 ], [ 43412.55000000000291, 5949594.599999999627471 ], [ 43412.474999999998545, 5949594.599999999627471 ], [ 43412.474999999998545, 5949594.900000000372529 ], [ 43412.400000000001455, 5949594.900000000372529 ], [ 43412.400000000001455, 5949595.275000000372529 ], [ 43412.32499999999709, 5949595.275000000372529 ], [ 43412.32499999999709, 5949595.650000000372529 ], [ 43412.25, 5949595.650000000372529 ], [ 43412.25, 5949596.099999999627471 ], [ 43412.17500000000291, 5949596.099999999627471 ], [ 43412.17500000000291, 5949596.474999999627471 ], [ 43412.099999999998545, 5949596.474999999627471 ], [ 43412.099999999998545, 5949596.924999999813735 ], [ 43412.025000000001455, 5949596.924999999813735 ], [ 43412.025000000001455, 5949597.450000000186265 ], [ 43411.94999999999709, 5949597.450000000186265 ], [ 43411.94999999999709, 5949597.674999999813735 ], [ 43412.025000000001455, 5949597.674999999813735 ], [ 43412.025000000001455, 5949597.974999999627471 ], [ 43412.099999999998545, 5949597.974999999627471 ], [ 43412.099999999998545, 5949598.349999999627471 ], [ 43412.17500000000291, 5949598.349999999627471 ], [ 43412.17500000000291, 5949598.650000000372529 ], [ 43412.25, 5949598.650000000372529 ], [ 43412.25, 5949598.875 ], [ 43412.32499999999709, 5949598.875 ], [ 43412.32499999999709, 5949599.174999999813735 ], [ 43412.400000000001455, 5949599.174999999813735 ], [ 43412.400000000001455, 5949599.400000000372529 ], [ 43412.474999999998545, 5949599.400000000372529 ], [ 43412.474999999998545, 5949599.549999999813735 ], [ 43412.55000000000291, 5949599.549999999813735 ], [ 43412.55000000000291, 5949599.625 ], [ 43412.625, 5949599.625 ], [ 43412.625, 5949599.775000000372529 ], [ 43412.69999999999709, 5949599.775000000372529 ], [ 43412.69999999999709, 5949599.849999999627471 ], [ 43412.775000000001455, 5949599.849999999627471 ], [ 43412.775000000001455, 5949599.924999999813735 ], [ 43412.849999999998545, 5949599.924999999813735 ], [ 43412.849999999998545, 5949600.0 ], [ 43412.92500000000291, 5949600.0 ], [ 43412.92500000000291, 5949600.150000000372529 ], [ 43413.0, 5949600.150000000372529 ], [ 43413.0, 5949600.224999999627471 ], [ 43413.07499999999709, 5949600.224999999627471 ], [ 43413.07499999999709, 5949600.299999999813735 ], [ 43413.150000000001455, 5949600.299999999813735 ], [ 43413.150000000001455, 5949600.375 ], [ 43413.224999999998545, 5949600.375 ], [ 43413.224999999998545, 5949600.450000000186265 ], [ 43413.30000000000291, 5949600.450000000186265 ], [ 43413.30000000000291, 5949600.599999999627471 ], [ 43413.375, 5949600.599999999627471 ], [ 43413.375, 5949600.674999999813735 ], [ 43413.44999999999709, 5949600.674999999813735 ], [ 43413.44999999999709, 5949600.75 ], [ 43413.525000000001455, 5949600.75 ], [ 43413.525000000001455, 5949600.825000000186265 ], [ 43413.599999999998545, 5949600.825000000186265 ], [ 43413.599999999998545, 5949600.900000000372529 ], [ 43413.67500000000291, 5949600.900000000372529 ], [ 43413.67500000000291, 5949600.974999999627471 ], [ 43413.75, 5949600.974999999627471 ], [ 43413.75, 5949601.049999999813735 ], [ 43413.82499999999709, 5949601.049999999813735 ], [ 43413.82499999999709, 5949601.125 ], [ 43413.900000000001455, 5949601.125 ], [ 43413.900000000001455, 5949601.200000000186265 ], [ 43413.974999999998545, 5949601.200000000186265 ], [ 43413.974999999998545, 5949601.275000000372529 ], [ 43414.05000000000291, 5949601.275000000372529 ], [ 43414.05000000000291, 5949601.424999999813735 ], [ 43414.125, 5949601.424999999813735 ], [ 43414.125, 5949601.5 ], [ 43414.19999999999709, 5949601.5 ], [ 43414.19999999999709, 5949601.575000000186265 ], [ 43414.275000000001455, 5949601.575000000186265 ], [ 43414.275000000001455, 5949601.650000000372529 ], [ 43414.349999999998545, 5949601.650000000372529 ], [ 43414.349999999998545, 5949601.724999999627471 ], [ 43414.42500000000291, 5949601.724999999627471 ], [ 43414.42500000000291, 5949601.799999999813735 ], [ 43414.57499999999709, 5949601.799999999813735 ], [ 43414.57499999999709, 5949601.875 ], [ 43414.650000000001455, 5949601.875 ], [ 43414.650000000001455, 5949601.950000000186265 ], [ 43414.80000000000291, 5949601.950000000186265 ], [ 43414.80000000000291, 5949602.025000000372529 ], [ 43414.875, 5949602.025000000372529 ], [ 43414.875, 5949602.099999999627471 ], [ 43415.025000000001455, 5949602.099999999627471 ], [ 43415.025000000001455, 5949602.174999999813735 ], [ 43415.099999999998545, 5949602.174999999813735 ], [ 43415.099999999998545, 5949602.25 ], [ 43415.25, 5949602.25 ], [ 43415.25, 5949602.325000000186265 ], [ 43415.32499999999709, 5949602.325000000186265 ], [ 43415.32499999999709, 5949602.400000000372529 ], [ 43415.474999999998545, 5949602.400000000372529 ], [ 43415.474999999998545, 5949602.474999999627471 ], [ 43415.625, 5949602.474999999627471 ], [ 43415.625, 5949602.549999999813735 ], [ 43415.69999999999709, 5949602.549999999813735 ], [ 43415.69999999999709, 5949602.625 ], [ 43415.849999999998545, 5949602.625 ], [ 43415.849999999998545, 5949602.700000000186265 ], [ 43415.92500000000291, 5949602.700000000186265 ], [ 43415.92500000000291, 5949602.775000000372529 ], [ 43416.07499999999709, 5949602.775000000372529 ], [ 43416.07499999999709, 5949602.849999999627471 ], [ 43416.150000000001455, 5949602.849999999627471 ], [ 43416.150000000001455, 5949602.924999999813735 ], [ 43416.30000000000291, 5949602.924999999813735 ], [ 43416.30000000000291, 5949603.0 ], [ 43416.44999999999709, 5949603.0 ], [ 43416.44999999999709, 5949603.075000000186265 ], [ 43416.525000000001455, 5949603.075000000186265 ], [ 43416.525000000001455, 5949603.150000000372529 ], [ 43416.599999999998545, 5949603.150000000372529 ], [ 43416.599999999998545, 5949603.224999999627471 ], [ 43416.67500000000291, 5949603.224999999627471 ], [ 43416.67500000000291, 5949603.299999999813735 ], [ 43416.75, 5949603.299999999813735 ], [ 43416.75, 5949603.375 ], [ 43416.82499999999709, 5949603.375 ], [ 43416.82499999999709, 5949603.525000000372529 ], [ 43416.900000000001455, 5949603.525000000372529 ], [ 43416.900000000001455, 5949603.599999999627471 ], [ 43416.974999999998545, 5949603.599999999627471 ], [ 43416.974999999998545, 5949603.674999999813735 ], [ 43417.05000000000291, 5949603.674999999813735 ], [ 43417.05000000000291, 5949603.825000000186265 ], [ 43417.125, 5949603.825000000186265 ], [ 43417.125, 5949603.900000000372529 ], [ 43417.19999999999709, 5949603.900000000372529 ], [ 43417.19999999999709, 5949603.974999999627471 ], [ 43417.275000000001455, 5949603.974999999627471 ], [ 43417.275000000001455, 5949604.125 ], [ 43417.349999999998545, 5949604.125 ], [ 43417.349999999998545, 5949604.200000000186265 ], [ 43417.42500000000291, 5949604.200000000186265 ], [ 43417.42500000000291, 5949604.275000000372529 ], [ 43417.5, 5949604.275000000372529 ], [ 43417.5, 5949604.424999999813735 ], [ 43417.57499999999709, 5949604.424999999813735 ], [ 43417.57499999999709, 5949604.5 ], [ 43417.650000000001455, 5949604.5 ], [ 43417.650000000001455, 5949604.575000000186265 ], [ 43417.724999999998545, 5949604.575000000186265 ], [ 43417.724999999998545, 5949604.650000000372529 ], [ 43417.80000000000291, 5949604.650000000372529 ], [ 43417.80000000000291, 5949604.799999999813735 ], [ 43417.875, 5949604.799999999813735 ], [ 43417.875, 5949604.875 ], [ 43417.94999999999709, 5949604.875 ], [ 43417.94999999999709, 5949604.950000000186265 ], [ 43418.025000000001455, 5949604.950000000186265 ], [ 43418.025000000001455, 5949605.099999999627471 ], [ 43418.099999999998545, 5949605.099999999627471 ], [ 43418.099999999998545, 5949605.174999999813735 ], [ 43418.17500000000291, 5949605.174999999813735 ], [ 43418.17500000000291, 5949605.25 ], [ 43418.25, 5949605.25 ], [ 43418.25, 5949605.325000000186265 ], [ 43418.32499999999709, 5949605.325000000186265 ], [ 43418.32499999999709, 5949605.474999999627471 ], [ 43418.400000000001455, 5949605.474999999627471 ], [ 43418.400000000001455, 5949605.625 ], [ 43418.474999999998545, 5949605.625 ], [ 43418.474999999998545, 5949605.775000000372529 ], [ 43418.55000000000291, 5949605.775000000372529 ], [ 43418.55000000000291, 5949606.0 ], [ 43418.625, 5949606.0 ], [ 43418.625, 5949606.150000000372529 ], [ 43418.69999999999709, 5949606.150000000372529 ], [ 43418.69999999999709, 5949606.375 ], [ 43418.775000000001455, 5949606.375 ], [ 43418.775000000001455, 5949606.599999999627471 ], [ 43418.849999999998545, 5949606.599999999627471 ], [ 43418.849999999998545, 5949606.825000000186265 ], [ 43418.92500000000291, 5949606.825000000186265 ], [ 43418.92500000000291, 5949607.049999999813735 ], [ 43419.0, 5949607.049999999813735 ], [ 43419.0, 5949607.424999999813735 ], [ 43419.07499999999709, 5949607.424999999813735 ], [ 43419.07499999999709, 5949608.025000000372529 ], [ 43419.150000000001455, 5949608.025000000372529 ], [ 43419.150000000001455, 5949608.625 ], [ 43419.224999999998545, 5949608.625 ], [ 43419.224999999998545, 5949609.375 ], [ 43419.30000000000291, 5949609.375 ], [ 43419.30000000000291, 5949610.349999999627471 ], [ 43419.375, 5949610.349999999627471 ], [ 43419.375, 5949611.549999999813735 ], [ 43419.44999999999709, 5949611.549999999813735 ], [ 43419.44999999999709, 5949612.974999999627471 ], [ 43419.525000000001455, 5949612.974999999627471 ], [ 43419.525000000001455, 5949613.424999999813735 ], [ 43419.44999999999709, 5949613.424999999813735 ], [ 43419.44999999999709, 5949615.150000000372529 ], [ 43419.375, 5949615.150000000372529 ], [ 43419.375, 5949615.525000000372529 ], [ 43419.30000000000291, 5949615.525000000372529 ], [ 43419.30000000000291, 5949615.900000000372529 ], [ 43419.224999999998545, 5949615.900000000372529 ], [ 43419.224999999998545, 5949616.200000000186265 ], [ 43419.150000000001455, 5949616.200000000186265 ], [ 43419.150000000001455, 5949616.5 ], [ 43419.07499999999709, 5949616.5 ], [ 43419.07499999999709, 5949616.724999999627471 ], [ 43419.0, 5949616.724999999627471 ], [ 43419.0, 5949616.950000000186265 ], [ 43418.92500000000291, 5949616.950000000186265 ], [ 43418.92500000000291, 5949617.174999999813735 ], [ 43418.849999999998545, 5949617.174999999813735 ], [ 43418.849999999998545, 5949617.25 ], [ 43418.775000000001455, 5949617.25 ], [ 43418.775000000001455, 5949617.400000000372529 ], [ 43418.69999999999709, 5949617.400000000372529 ], [ 43418.69999999999709, 5949617.474999999627471 ], [ 43418.625, 5949617.474999999627471 ], [ 43418.625, 5949617.625 ], [ 43418.55000000000291, 5949617.625 ], [ 43418.55000000000291, 5949617.700000000186265 ], [ 43418.474999999998545, 5949617.700000000186265 ], [ 43418.474999999998545, 5949617.775000000372529 ], [ 43418.400000000001455, 5949617.775000000372529 ], [ 43418.400000000001455, 5949617.849999999627471 ], [ 43418.32499999999709, 5949617.849999999627471 ], [ 43418.32499999999709, 5949617.924999999813735 ], [ 43418.25, 5949617.924999999813735 ], [ 43418.25, 5949618.0 ], [ 43418.17500000000291, 5949618.0 ], [ 43418.17500000000291, 5949618.075000000186265 ], [ 43418.099999999998545, 5949618.075000000186265 ], [ 43418.099999999998545, 5949618.150000000372529 ], [ 43418.025000000001455, 5949618.150000000372529 ], [ 43418.025000000001455, 5949618.224999999627471 ], [ 43417.875, 5949618.224999999627471 ], [ 43417.875, 5949618.299999999813735 ], [ 43417.80000000000291, 5949618.299999999813735 ], [ 43417.80000000000291, 5949618.375 ], [ 43417.724999999998545, 5949618.375 ], [ 43417.724999999998545, 5949618.450000000186265 ], [ 43417.650000000001455, 5949618.450000000186265 ], [ 43417.650000000001455, 5949618.525000000372529 ], [ 43417.57499999999709, 5949618.525000000372529 ], [ 43417.57499999999709, 5949618.599999999627471 ], [ 43417.5, 5949618.599999999627471 ], [ 43417.5, 5949618.674999999813735 ], [ 43417.42500000000291, 5949618.674999999813735 ], [ 43417.42500000000291, 5949618.75 ], [ 43417.349999999998545, 5949618.75 ], [ 43417.349999999998545, 5949618.825000000186265 ], [ 43417.275000000001455, 5949618.825000000186265 ], [ 43417.275000000001455, 5949618.900000000372529 ], [ 43417.19999999999709, 5949618.900000000372529 ], [ 43417.19999999999709, 5949619.049999999813735 ], [ 43417.125, 5949619.049999999813735 ], [ 43417.125, 5949619.125 ], [ 43416.974999999998545, 5949619.125 ], [ 43416.974999999998545, 5949619.200000000186265 ], [ 43416.900000000001455, 5949619.200000000186265 ], [ 43416.900000000001455, 5949619.275000000372529 ], [ 43416.82499999999709, 5949619.275000000372529 ], [ 43416.82499999999709, 5949619.349999999627471 ], [ 43416.67500000000291, 5949619.349999999627471 ], [ 43416.67500000000291, 5949619.424999999813735 ], [ 43416.599999999998545, 5949619.424999999813735 ], [ 43416.599999999998545, 5949619.5 ], [ 43416.44999999999709, 5949619.5 ], [ 43416.44999999999709, 5949619.575000000186265 ], [ 43416.224999999998545, 5949619.575000000186265 ], [ 43416.224999999998545, 5949619.650000000372529 ], [ 43416.0, 5949619.650000000372529 ], [ 43416.0, 5949619.724999999627471 ], [ 43415.69999999999709, 5949619.724999999627471 ], [ 43415.69999999999709, 5949619.799999999813735 ], [ 43415.400000000001455, 5949619.799999999813735 ], [ 43415.400000000001455, 5949619.875 ], [ 43415.099999999998545, 5949619.875 ], [ 43415.099999999998545, 5949619.950000000186265 ], [ 43414.724999999998545, 5949619.950000000186265 ], [ 43414.724999999998545, 5949620.025000000372529 ], [ 43414.349999999998545, 5949620.025000000372529 ], [ 43414.349999999998545, 5949620.099999999627471 ], [ 43413.974999999998545, 5949620.099999999627471 ], [ 43413.974999999998545, 5949620.174999999813735 ], [ 43413.599999999998545, 5949620.174999999813735 ], [ 43413.599999999998545, 5949620.25 ], [ 43413.224999999998545, 5949620.25 ], [ 43413.224999999998545, 5949620.325000000186265 ], [ 43412.92500000000291, 5949620.325000000186265 ], [ 43412.92500000000291, 5949620.400000000372529 ], [ 43412.625, 5949620.400000000372529 ], [ 43412.625, 5949620.474999999627471 ], [ 43412.400000000001455, 5949620.474999999627471 ], [ 43412.400000000001455, 5949620.549999999813735 ], [ 43412.25, 5949620.549999999813735 ], [ 43412.25, 5949620.625 ], [ 43412.099999999998545, 5949620.625 ], [ 43412.099999999998545, 5949620.700000000186265 ], [ 43412.025000000001455, 5949620.700000000186265 ], [ 43412.025000000001455, 5949620.775000000372529 ], [ 43411.875, 5949620.775000000372529 ], [ 43411.875, 5949620.849999999627471 ], [ 43411.80000000000291, 5949620.849999999627471 ], [ 43411.80000000000291, 5949620.924999999813735 ], [ 43411.650000000001455, 5949620.924999999813735 ], [ 43411.650000000001455, 5949621.0 ], [ 43411.57499999999709, 5949621.0 ], [ 43411.57499999999709, 5949621.150000000372529 ], [ 43411.5, 5949621.150000000372529 ], [ 43411.5, 5949621.224999999627471 ], [ 43411.42500000000291, 5949621.224999999627471 ], [ 43411.42500000000291, 5949621.375 ], [ 43411.349999999998545, 5949621.375 ], [ 43411.349999999998545, 5949621.450000000186265 ], [ 43411.275000000001455, 5949621.450000000186265 ], [ 43411.275000000001455, 5949621.599999999627471 ], [ 43411.19999999999709, 5949621.599999999627471 ], [ 43411.19999999999709, 5949621.674999999813735 ], [ 43411.125, 5949621.674999999813735 ], [ 43411.125, 5949621.75 ], [ 43411.05000000000291, 5949621.75 ], [ 43411.05000000000291, 5949621.900000000372529 ], [ 43410.974999999998545, 5949621.900000000372529 ], [ 43410.974999999998545, 5949621.974999999627471 ], [ 43410.900000000001455, 5949621.974999999627471 ], [ 43410.900000000001455, 5949622.125 ], [ 43410.82499999999709, 5949622.125 ], [ 43410.82499999999709, 5949622.200000000186265 ], [ 43410.75, 5949622.200000000186265 ], [ 43410.75, 5949622.349999999627471 ], [ 43410.67500000000291, 5949622.349999999627471 ], [ 43410.67500000000291, 5949622.424999999813735 ], [ 43410.599999999998545, 5949622.424999999813735 ], [ 43410.599999999998545, 5949622.5 ], [ 43410.525000000001455, 5949622.5 ], [ 43410.525000000001455, 5949622.650000000372529 ], [ 43410.44999999999709, 5949622.650000000372529 ], [ 43410.44999999999709, 5949622.724999999627471 ], [ 43410.375, 5949622.724999999627471 ], [ 43410.375, 5949622.875 ], [ 43410.30000000000291, 5949622.875 ], [ 43410.30000000000291, 5949623.025000000372529 ], [ 43410.375, 5949623.025000000372529 ], [ 43410.375, 5949623.099999999627471 ], [ 43410.44999999999709, 5949623.099999999627471 ], [ 43410.44999999999709, 5949623.25 ], [ 43410.525000000001455, 5949623.25 ], [ 43410.525000000001455, 5949623.325000000186265 ], [ 43410.599999999998545, 5949623.325000000186265 ], [ 43410.599999999998545, 5949623.400000000372529 ], [ 43410.67500000000291, 5949623.400000000372529 ], [ 43410.67500000000291, 5949623.549999999813735 ], [ 43410.75, 5949623.549999999813735 ], [ 43410.75, 5949623.625 ], [ 43410.82499999999709, 5949623.625 ], [ 43410.82499999999709, 5949623.775000000372529 ], [ 43410.900000000001455, 5949623.775000000372529 ], [ 43410.900000000001455, 5949623.924999999813735 ], [ 43410.974999999998545, 5949623.924999999813735 ], [ 43410.974999999998545, 5949624.0 ], [ 43411.05000000000291, 5949624.0 ], [ 43411.05000000000291, 5949624.150000000372529 ], [ 43411.125, 5949624.150000000372529 ], [ 43411.125, 5949624.299999999813735 ], [ 43411.19999999999709, 5949624.299999999813735 ], [ 43411.19999999999709, 5949624.525000000372529 ], [ 43411.275000000001455, 5949624.525000000372529 ], [ 43411.275000000001455, 5949624.674999999813735 ], [ 43411.349999999998545, 5949624.674999999813735 ], [ 43411.349999999998545, 5949624.825000000186265 ], [ 43411.42500000000291, 5949624.825000000186265 ], [ 43411.42500000000291, 5949625.049999999813735 ], [ 43411.5, 5949625.049999999813735 ], [ 43411.5, 5949625.349999999627471 ], [ 43411.57499999999709, 5949625.349999999627471 ], [ 43411.57499999999709, 5949625.575000000186265 ], [ 43411.650000000001455, 5949625.575000000186265 ], [ 43411.650000000001455, 5949625.799999999813735 ], [ 43411.724999999998545, 5949625.799999999813735 ], [ 43411.724999999998545, 5949626.025000000372529 ], [ 43411.80000000000291, 5949626.025000000372529 ], [ 43411.80000000000291, 5949626.25 ], [ 43411.875, 5949626.25 ], [ 43411.875, 5949626.474999999627471 ], [ 43411.94999999999709, 5949626.474999999627471 ], [ 43411.94999999999709, 5949626.700000000186265 ], [ 43412.025000000001455, 5949626.700000000186265 ], [ 43412.025000000001455, 5949626.924999999813735 ], [ 43412.099999999998545, 5949626.924999999813735 ], [ 43412.099999999998545, 5949627.150000000372529 ], [ 43412.17500000000291, 5949627.150000000372529 ], [ 43412.17500000000291, 5949627.375 ], [ 43412.25, 5949627.375 ], [ 43412.25, 5949627.525000000372529 ], [ 43412.32499999999709, 5949627.525000000372529 ], [ 43412.32499999999709, 5949627.75 ], [ 43412.400000000001455, 5949627.75 ], [ 43412.400000000001455, 5949627.900000000372529 ], [ 43412.474999999998545, 5949627.900000000372529 ], [ 43412.474999999998545, 5949628.049999999813735 ], [ 43412.55000000000291, 5949628.049999999813735 ], [ 43412.55000000000291, 5949628.200000000186265 ], [ 43412.625, 5949628.200000000186265 ], [ 43412.625, 5949628.349999999627471 ], [ 43412.69999999999709, 5949628.349999999627471 ], [ 43412.69999999999709, 5949628.5 ], [ 43412.775000000001455, 5949628.5 ], [ 43412.775000000001455, 5949628.650000000372529 ], [ 43412.849999999998545, 5949628.650000000372529 ], [ 43412.849999999998545, 5949628.875 ], [ 43412.92500000000291, 5949628.875 ], [ 43412.92500000000291, 5949629.174999999813735 ], [ 43413.0, 5949629.174999999813735 ], [ 43413.0, 5949629.474999999627471 ], [ 43413.07499999999709, 5949629.474999999627471 ], [ 43413.07499999999709, 5949629.775000000372529 ], [ 43413.150000000001455, 5949629.775000000372529 ], [ 43413.150000000001455, 5949630.150000000372529 ], [ 43413.224999999998545, 5949630.150000000372529 ], [ 43413.224999999998545, 5949630.450000000186265 ], [ 43413.30000000000291, 5949630.450000000186265 ], [ 43413.30000000000291, 5949630.974999999627471 ], [ 43413.375, 5949630.974999999627471 ], [ 43413.375, 5949631.575000000186265 ], [ 43413.44999999999709, 5949631.575000000186265 ], [ 43413.44999999999709, 5949632.25 ], [ 43413.525000000001455, 5949632.25 ], [ 43413.525000000001455, 5949632.849999999627471 ], [ 43413.599999999998545, 5949632.849999999627471 ], [ 43413.599999999998545, 5949633.450000000186265 ], [ 43413.67500000000291, 5949633.450000000186265 ], [ 43413.67500000000291, 5949633.974999999627471 ], [ 43413.75, 5949633.974999999627471 ], [ 43413.75, 5949634.424999999813735 ], [ 43413.82499999999709, 5949634.424999999813735 ], [ 43413.82499999999709, 5949634.875 ], [ 43413.900000000001455, 5949634.875 ], [ 43413.900000000001455, 5949635.325000000186265 ], [ 43413.974999999998545, 5949635.325000000186265 ], [ 43413.974999999998545, 5949635.625 ], [ 43414.05000000000291, 5949635.625 ], [ 43414.05000000000291, 5949636.0 ], [ 43414.125, 5949636.0 ], [ 43414.125, 5949636.299999999813735 ], [ 43414.19999999999709, 5949636.299999999813735 ], [ 43414.19999999999709, 5949636.674999999813735 ], [ 43414.275000000001455, 5949636.674999999813735 ], [ 43414.275000000001455, 5949637.275000000372529 ], [ 43414.19999999999709, 5949637.275000000372529 ], [ 43414.19999999999709, 5949637.424999999813735 ], [ 43414.125, 5949637.424999999813735 ], [ 43414.125, 5949637.650000000372529 ], [ 43414.05000000000291, 5949637.650000000372529 ], [ 43414.05000000000291, 5949637.799999999813735 ], [ 43413.974999999998545, 5949637.799999999813735 ], [ 43413.974999999998545, 5949638.025000000372529 ], [ 43413.900000000001455, 5949638.025000000372529 ], [ 43413.900000000001455, 5949638.174999999813735 ], [ 43413.82499999999709, 5949638.174999999813735 ], [ 43413.82499999999709, 5949638.400000000372529 ], [ 43413.75, 5949638.400000000372529 ], [ 43413.75, 5949638.549999999813735 ], [ 43413.67500000000291, 5949638.549999999813735 ], [ 43413.67500000000291, 5949638.700000000186265 ], [ 43413.599999999998545, 5949638.700000000186265 ], [ 43413.599999999998545, 5949638.775000000372529 ], [ 43413.525000000001455, 5949638.775000000372529 ], [ 43413.525000000001455, 5949638.924999999813735 ], [ 43413.44999999999709, 5949638.924999999813735 ], [ 43413.44999999999709, 5949639.0 ], [ 43413.375, 5949639.0 ], [ 43413.375, 5949639.150000000372529 ], [ 43413.30000000000291, 5949639.150000000372529 ], [ 43413.30000000000291, 5949639.224999999627471 ], [ 43413.224999999998545, 5949639.224999999627471 ], [ 43413.224999999998545, 5949639.299999999813735 ], [ 43413.150000000001455, 5949639.299999999813735 ], [ 43413.150000000001455, 5949639.375 ], [ 43413.07499999999709, 5949639.375 ], [ 43413.07499999999709, 5949639.450000000186265 ], [ 43413.0, 5949639.450000000186265 ], [ 43413.0, 5949639.525000000372529 ], [ 43412.92500000000291, 5949639.525000000372529 ], [ 43412.92500000000291, 5949639.599999999627471 ], [ 43412.849999999998545, 5949639.599999999627471 ], [ 43412.849999999998545, 5949639.674999999813735 ], [ 43412.775000000001455, 5949639.674999999813735 ], [ 43412.775000000001455, 5949639.75 ], [ 43412.69999999999709, 5949639.75 ], [ 43412.69999999999709, 5949639.825000000186265 ], [ 43412.625, 5949639.825000000186265 ], [ 43412.625, 5949639.900000000372529 ], [ 43412.55000000000291, 5949639.900000000372529 ], [ 43412.55000000000291, 5949639.974999999627471 ], [ 43412.474999999998545, 5949639.974999999627471 ], [ 43412.474999999998545, 5949640.049999999813735 ], [ 43412.32499999999709, 5949640.049999999813735 ], [ 43412.32499999999709, 5949640.125 ], [ 43412.25, 5949640.125 ], [ 43412.25, 5949640.200000000186265 ], [ 43412.17500000000291, 5949640.200000000186265 ], [ 43412.17500000000291, 5949640.275000000372529 ], [ 43412.099999999998545, 5949640.275000000372529 ], [ 43412.099999999998545, 5949640.349999999627471 ], [ 43412.025000000001455, 5949640.349999999627471 ], [ 43412.025000000001455, 5949640.424999999813735 ], [ 43411.94999999999709, 5949640.424999999813735 ], [ 43411.94999999999709, 5949640.5 ], [ 43411.875, 5949640.5 ], [ 43411.875, 5949640.575000000186265 ], [ 43411.724999999998545, 5949640.575000000186265 ], [ 43411.724999999998545, 5949640.650000000372529 ], [ 43411.650000000001455, 5949640.650000000372529 ], [ 43411.650000000001455, 5949640.724999999627471 ], [ 43411.57499999999709, 5949640.724999999627471 ], [ 43411.57499999999709, 5949640.799999999813735 ], [ 43411.5, 5949640.799999999813735 ], [ 43411.5, 5949640.875 ], [ 43411.349999999998545, 5949640.875 ], [ 43411.349999999998545, 5949640.950000000186265 ], [ 43411.275000000001455, 5949640.950000000186265 ], [ 43411.275000000001455, 5949641.025000000372529 ], [ 43411.125, 5949641.025000000372529 ], [ 43411.125, 5949641.099999999627471 ], [ 43411.05000000000291, 5949641.099999999627471 ], [ 43411.05000000000291, 5949641.174999999813735 ], [ 43410.900000000001455, 5949641.174999999813735 ], [ 43410.900000000001455, 5949641.25 ], [ 43410.75, 5949641.25 ], [ 43410.75, 5949641.325000000186265 ], [ 43410.599999999998545, 5949641.325000000186265 ], [ 43410.599999999998545, 5949641.400000000372529 ], [ 43410.44999999999709, 5949641.400000000372529 ], [ 43410.44999999999709, 5949641.474999999627471 ], [ 43410.224999999998545, 5949641.474999999627471 ], [ 43410.224999999998545, 5949641.549999999813735 ], [ 43410.07499999999709, 5949641.549999999813735 ], [ 43410.07499999999709, 5949641.625 ], [ 43409.849999999998545, 5949641.625 ], [ 43409.849999999998545, 5949641.700000000186265 ], [ 43409.69999999999709, 5949641.700000000186265 ], [ 43409.69999999999709, 5949641.775000000372529 ], [ 43409.474999999998545, 5949641.775000000372529 ], [ 43409.474999999998545, 5949641.849999999627471 ], [ 43409.32499999999709, 5949641.849999999627471 ], [ 43409.32499999999709, 5949641.924999999813735 ], [ 43409.099999999998545, 5949641.924999999813735 ], [ 43409.099999999998545, 5949642.0 ], [ 43408.875, 5949642.0 ], [ 43408.875, 5949642.075000000186265 ], [ 43408.724999999998545, 5949642.075000000186265 ], [ 43408.724999999998545, 5949642.150000000372529 ], [ 43408.5, 5949642.150000000372529 ], [ 43408.5, 5949642.224999999627471 ], [ 43408.349999999998545, 5949642.224999999627471 ], [ 43408.349999999998545, 5949642.299999999813735 ], [ 43408.125, 5949642.299999999813735 ], [ 43408.125, 5949642.375 ], [ 43407.974999999998545, 5949642.375 ], [ 43407.974999999998545, 5949642.450000000186265 ], [ 43407.82499999999709, 5949642.450000000186265 ], [ 43407.82499999999709, 5949642.525000000372529 ], [ 43407.67500000000291, 5949642.525000000372529 ], [ 43407.67500000000291, 5949642.599999999627471 ], [ 43407.44999999999709, 5949642.599999999627471 ], [ 43407.44999999999709, 5949642.674999999813735 ], [ 43407.30000000000291, 5949642.674999999813735 ], [ 43407.30000000000291, 5949642.75 ], [ 43407.07499999999709, 5949642.75 ], [ 43407.07499999999709, 5949642.825000000186265 ], [ 43406.849999999998545, 5949642.825000000186265 ], [ 43406.849999999998545, 5949642.900000000372529 ], [ 43406.625, 5949642.900000000372529 ], [ 43406.625, 5949642.974999999627471 ], [ 43406.32499999999709, 5949642.974999999627471 ], [ 43406.32499999999709, 5949643.049999999813735 ], [ 43405.94999999999709, 5949643.049999999813735 ], [ 43405.94999999999709, 5949643.125 ], [ 43405.57499999999709, 5949643.125 ], [ 43405.57499999999709, 5949643.200000000186265 ], [ 43405.19999999999709, 5949643.200000000186265 ], [ 43405.19999999999709, 5949643.275000000372529 ], [ 43404.82499999999709, 5949643.275000000372529 ], [ 43404.82499999999709, 5949643.349999999627471 ], [ 43404.30000000000291, 5949643.349999999627471 ], [ 43404.30000000000291, 5949643.424999999813735 ], [ 43403.775000000001455, 5949643.424999999813735 ], [ 43403.775000000001455, 5949643.5 ], [ 43403.25, 5949643.5 ], [ 43403.25, 5949643.575000000186265 ], [ 43402.80000000000291, 5949643.575000000186265 ], [ 43402.80000000000291, 5949643.650000000372529 ], [ 43402.349999999998545, 5949643.650000000372529 ], [ 43402.349999999998545, 5949643.724999999627471 ], [ 43401.974999999998545, 5949643.724999999627471 ], [ 43401.974999999998545, 5949643.799999999813735 ], [ 43401.67500000000291, 5949643.799999999813735 ], [ 43401.67500000000291, 5949643.875 ], [ 43401.375, 5949643.875 ], [ 43401.375, 5949643.950000000186265 ], [ 43401.07499999999709, 5949643.950000000186265 ], [ 43401.07499999999709, 5949644.025000000372529 ], [ 43400.775000000001455, 5949644.025000000372529 ], [ 43400.775000000001455, 5949644.099999999627471 ], [ 43400.55000000000291, 5949644.099999999627471 ], [ 43400.55000000000291, 5949644.174999999813735 ], [ 43400.32499999999709, 5949644.174999999813735 ], [ 43400.32499999999709, 5949644.25 ], [ 43400.099999999998545, 5949644.25 ], [ 43400.099999999998545, 5949644.325000000186265 ], [ 43399.875, 5949644.325000000186265 ], [ 43399.875, 5949644.400000000372529 ], [ 43399.650000000001455, 5949644.400000000372529 ], [ 43399.650000000001455, 5949644.474999999627471 ], [ 43399.42500000000291, 5949644.474999999627471 ], [ 43399.42500000000291, 5949644.549999999813735 ], [ 43399.19999999999709, 5949644.549999999813735 ], [ 43399.19999999999709, 5949644.625 ], [ 43398.900000000001455, 5949644.625 ], [ 43398.900000000001455, 5949644.700000000186265 ], [ 43398.599999999998545, 5949644.700000000186265 ] ] ] } },
{ "type": "Feature", "properties": { "value": 1.0, "building_id": 7, "area": 675.64687500063576 }, "geometry": { "type": "Polygon", "coordinates": [ [ [ 43476.599999999998545, 5949604.349999999627471 ], [ 43476.599999999998545, 5949604.275000000372529 ], [ 43474.94999999999709, 5949604.275000000372529 ], [ 43474.94999999999709, 5949604.200000000186265 ], [ 43474.275000000001455, 5949604.200000000186265 ], [ 43474.275000000001455, 5949604.125 ], [ 43473.75, 5949604.125 ], [ 43473.75, 5949604.049999999813735 ], [ 43473.224999999998545, 5949604.049999999813735 ], [ 43473.224999999998545, 5949603.974999999627471 ], [ 43472.775000000001455, 5949603.974999999627471 ], [ 43472.775000000001455, 5949603.900000000372529 ], [ 43472.400000000001455, 5949603.900000000372529 ], [ 43472.400000000001455, 5949603.825000000186265 ], [ 43472.099999999998545, 5949603.825000000186265 ], [ 43472.099999999998545, 5949603.75 ], [ 43471.80000000000291, 5949603.75 ], [ 43471.80000000000291, 5949603.674999999813735 ], [ 43471.5, 5949603.674999999813735 ], [ 43471.5, 5949603.599999999627471 ], [ 43471.19999999999709, 5949603.599999999627471 ], [ 43471.19999999999709, 5949603.525000000372529 ], [ 43470.974999999998545, 5949603.525000000372529 ], [ 43470.974999999998545, 5949603.450000000186265 ], [ 43470.75, 5949603.450000000186265 ], [ 43470.75, 5949603.375 ], [ 43470.525000000001455, 5949603.375 ], [ 43470.525000000001455, 5949603.299999999813735 ], [ 43470.375, 5949603.299999999813735 ], [ 43470.375, 5949603.224999999627471 ], [ 43470.224999999998545, 5949603.224999999627471 ], [ 43470.224999999998545, 5949603.150000000372529 ], [ 43470.07499999999709, 5949603.150000000372529 ], [ 43470.07499999999709, 5949603.075000000186265 ], [ 43469.92500000000291, 5949603.075000000186265 ], [ 43469.92500000000291, 5949603.0 ], [ 43469.775000000001455, 5949603.0 ], [ 43469.775000000001455, 5949602.924999999813735 ], [ 43469.625, 5949602.924999999813735 ], [ 43469.625, 5949602.849999999627471 ], [ 43469.474999999998545, 5949602.849999999627471 ], [ 43469.474999999998545, 5949602.775000000372529 ], [ 43469.32499999999709, 5949602.775000000372529 ], [ 43469.32499999999709, 5949602.700000000186265 ], [ 43469.25, 5949602.700000000186265 ], [ 43469.25, 5949602.625 ], [ 43469.099999999998545, 5949602.625 ], [ 43469.099999999998545, 5949602.549999999813735 ], [ 43469.025000000001455, 5949602.549999999813735 ], [ 43469.025000000001455, 5949602.400000000372529 ], [ 43468.94999999999709, 5949602.400000000372529 ], [ 43468.94999999999709, 5949602.325000000186265 ], [ 43468.875, 5949602.325000000186265 ], [ 43468.875, 5949602.25 ], [ 43468.80000000000291, 5949602.25 ], [ 43468.80000000000291, 5949602.174999999813735 ], [ 43468.724999999998545, 5949602.174999999813735 ], [ 43468.724999999998545, 5949602.099999999627471 ], [ 43468.650000000001455, 5949602.099999999627471 ], [ 43468.650000000001455, 5949601.950000000186265 ], [ 43468.57499999999709, 5949601.950000000186265 ], [ 43468.57499999999709, 5949601.875 ], [ 43468.5, 5949601.875 ], [ 43468.5, 5949601.799999999813735 ], [ 43468.42500000000291, 5949601.799999999813735 ], [ 43468.42500000000291, 5949601.724999999627471 ], [ 43468.349999999998545, 5949601.724999999627471 ], [ 43468.349999999998545, 5949601.575000000186265 ], [ 43468.275000000001455, 5949601.575000000186265 ], [ 43468.275000000001455, 5949601.5 ], [ 43468.19999999999709, 5949601.5 ], [ 43468.19999999999709, 5949601.349999999627471 ], [ 43468.125, 5949601.349999999627471 ], [ 43468.125, 5949601.275000000372529 ], [ 43468.05000000000291, 5949601.275000000372529 ], [ 43468.05000000000291, 5949601.125 ], [ 43467.974999999998545, 5949601.125 ], [ 43467.974999999998545, 5949600.974999999627471 ], [ 43467.900000000001455, 5949600.974999999627471 ], [ 43467.900000000001455, 5949600.900000000372529 ], [ 43467.82499999999709, 5949600.900000000372529 ], [ 43467.82499999999709, 5949600.75 ], [ 43467.75, 5949600.75 ], [ 43467.75, 5949600.674999999813735 ], [ 43467.67500000000291, 5949600.674999999813735 ], [ 43467.67500000000291, 5949600.525000000372529 ], [ 43467.599999999998545, 5949600.525000000372529 ], [ 43467.599999999998545, 5949600.450000000186265 ], [ 43467.525000000001455, 5949600.450000000186265 ], [ 43467.525000000001455, 5949600.299999999813735 ], [ 43467.44999999999709, 5949600.299999999813735 ], [ 43467.44999999999709, 5949600.224999999627471 ], [ 43467.375, 5949600.224999999627471 ], [ 43467.375, 5949600.150000000372529 ], [ 43467.30000000000291, 5949600.150000000372529 ], [ 43467.30000000000291, 5949600.0 ], [ 43467.224999999998545, 5949600.0 ], [ 43467.224999999998545, 5949599.924999999813735 ], [ 43467.150000000001455, 5949599.924999999813735 ], [ 43467.150000000001455, 5949599.775000000372529 ], [ 43467.07499999999709, 5949599.775000000372529 ], [ 43467.07499999999709, 5949599.625 ], [ 43467.0, 5949599.625 ], [ 43467.0, 5949599.25 ], [ 43466.92500000000291, 5949599.25 ], [ 43466.92500000000291, 5949598.799999999813735 ], [ 43466.849999999998545, 5949598.799999999813735 ], [ 43466.849999999998545, 5949598.275000000372529 ], [ 43466.775000000001455, 5949598.275000000372529 ], [ 43466.775000000001455, 5949597.674999999813735 ], [ 43466.69999999999709, 5949597.674999999813735 ], [ 43466.69999999999709, 5949596.775000000372529 ], [ 43466.625, 5949596.775000000372529 ], [ 43466.625, 5949595.650000000372529 ], [ 43466.55000000000291, 5949595.650000000372529 ], [ 43466.55000000000291, 5949594.450000000186265 ], [ 43466.474999999998545, 5949594.450000000186265 ], [ 43466.474999999998545, 5949593.174999999813735 ], [ 43466.400000000001455, 5949593.174999999813735 ], [ 43466.400000000001455, 5949591.825000000186265 ], [ 43466.32499999999709, 5949591.825000000186265 ], [ 43466.32499999999709, 5949591.599999999627471 ], [ 43466.400000000001455, 5949591.599999999627471 ], [ 43466.400000000001455, 5949590.625 ], [ 43466.474999999998545, 5949590.625 ], [ 43466.474999999998545, 5949589.724999999627471 ], [ 43466.55000000000291, 5949589.724999999627471 ], [ 43466.55000000000291, 5949589.5 ], [ 43466.625, 5949589.5 ], [ 43466.625, 5949589.349999999627471 ], [ 43466.69999999999709, 5949589.349999999627471 ], [ 43466.69999999999709, 5949589.125 ], [ 43466.775000000001455, 5949589.125 ], [ 43466.775000000001455, 5949588.974999999627471 ], [ 43466.849999999998545, 5949588.974999999627471 ], [ 43466.849999999998545, 5949588.900000000372529 ], [ 43466.92500000000291, 5949588.900000000372529 ], [ 43466.92500000000291, 5949588.75 ], [ 43467.0, 5949588.75 ], [ 43467.0, 5949588.599999999627471 ], [ 43467.07499999999709, 5949588.599999999627471 ], [ 43467.07499999999709, 5949588.525000000372529 ], [ 43467.150000000001455, 5949588.525000000372529 ], [ 43467.150000000001455, 5949588.375 ], [ 43467.224999999998545, 5949588.375 ], [ 43467.224999999998545, 5949588.299999999813735 ], [ 43467.30000000000291, 5949588.299999999813735 ], [ 43467.30000000000291, 5949588.224999999627471 ], [ 43467.44999999999709, 5949588.224999999627471 ], [ 43467.44999999999709, 5949588.150000000372529 ], [ 43467.525000000001455, 5949588.150000000372529 ], [ 43467.525000000001455, 5949588.075000000186265 ], [ 43467.599999999998545, 5949588.075000000186265 ], [ 43467.599999999998545, 5949588.0 ], [ 43467.67500000000291, 5949588.0 ], [ 43467.67500000000291, 5949587.849999999627471 ], [ 43467.75, 5949587.849999999627471 ], [ 43467.75, 5949587.775000000372529 ], [ 43467.82499999999709, 5949587.775000000372529 ], [ 43467.82499999999709, 5949587.700000000186265 ], [ 43467.974999999998545, 5949587.700000000186265 ], [ 43467.974999999998545, 5949587.625 ], [ 43468.05000000000291, 5949587.625 ], [ 43468.05000000000291, 5949587.549999999813735 ], [ 43468.125, 5949587.549999999813735 ], [ 43468.125, 5949587.474999999627471 ], [ 43468.275000000001455, 5949587.474999999627471 ], [ 43468.275000000001455, 5949587.400000000372529 ], [ 43468.349999999998545, 5949587.400000000372529 ], [ 43468.349999999998545, 5949587.325000000186265 ], [ 43468.5, 5949587.325000000186265 ], [ 43468.5, 5949587.25 ], [ 43468.57499999999709, 5949587.25 ], [ 43468.57499999999709, 5949587.174999999813735 ], [ 43468.724999999998545, 5949587.174999999813735 ], [ 43468.724999999998545, 5949587.099999999627471 ], [ 43468.875, 5949587.099999999627471 ], [ 43468.875, 5949587.025000000372529 ], [ 43469.025000000001455, 5949587.025000000372529 ], [ 43469.025000000001455, 5949586.950000000186265 ], [ 43469.17500000000291, 5949586.950000000186265 ], [ 43469.17500000000291, 5949586.875 ], [ 43469.55000000000291, 5949586.875 ], [ 43469.55000000000291, 5949586.799999999813735 ], [ 43469.849999999998545, 5949586.799999999813735 ], [ 43469.849999999998545, 5949586.724999999627471 ], [ 43470.224999999998545, 5949586.724999999627471 ], [ 43470.224999999998545, 5949586.650000000372529 ], [ 43470.599999999998545, 5949586.650000000372529 ], [ 43470.599999999998545, 5949586.575000000186265 ], [ 43471.05000000000291, 5949586.575000000186265 ], [ 43471.05000000000291, 5949586.5 ], [ 43471.42500000000291, 5949586.5 ], [ 43471.42500000000291, 5949586.424999999813735 ], [ 43471.80000000000291, 5949586.424999999813735 ], [ 43471.80000000000291, 5949586.349999999627471 ], [ 43472.17500000000291, 5949586.349999999627471 ], [ 43472.17500000000291, 5949586.275000000372529 ], [ 43472.55000000000291, 5949586.275000000372529 ], [ 43472.55000000000291, 5949586.200000000186265 ], [ 43472.92500000000291, 5949586.200000000186265 ], [ 43472.92500000000291, 5949586.125 ], [ 43473.224999999998545, 5949586.125 ], [ 43473.224999999998545, 5949586.049999999813735 ], [ 43473.599999999998545, 5949586.049999999813735 ], [ 43473.599999999998545, 5949585.974999999627471 ], [ 43473.900000000001455, 5949585.974999999627471 ], [ 43473.900000000001455, 5949585.900000000372529 ], [ 43474.19999999999709, 5949585.900000000372529 ], [ 43474.19999999999709, 5949585.825000000186265 ], [ 43474.5, 5949585.825000000186265 ], [ 43474.5, 5949585.75 ], [ 43474.80000000000291, 5949585.75 ], [ 43474.80000000000291, 5949585.674999999813735 ], [ 43475.099999999998545, 5949585.674999999813735 ], [ 43475.099999999998545, 5949585.599999999627471 ], [ 43475.400000000001455, 5949585.599999999627471 ], [ 43475.400000000001455, 5949585.525000000372529 ], [ 43475.625, 5949585.525000000372529 ], [ 43475.625, 5949585.450000000186265 ], [ 43475.92500000000291, 5949585.450000000186265 ], [ 43475.92500000000291, 5949585.375 ], [ 43476.224999999998545, 5949585.375 ], [ 43476.224999999998545, 5949585.299999999813735 ], [ 43476.525000000001455, 5949585.299999999813735 ], [ 43476.525000000001455, 5949585.224999999627471 ], [ 43476.900000000001455, 5949585.224999999627471 ], [ 43476.900000000001455, 5949585.150000000372529 ], [ 43477.19999999999709, 5949585.150000000372529 ], [ 43477.19999999999709, 5949585.075000000186265 ], [ 43477.42500000000291, 5949585.075000000186265 ], [ 43477.42500000000291, 5949585.0 ], [ 43477.650000000001455, 5949585.0 ], [ 43477.650000000001455, 5949584.924999999813735 ], [ 43477.875, 5949584.924999999813735 ], [ 43477.875, 5949584.849999999627471 ], [ 43478.099999999998545, 5949584.849999999627471 ], [ 43478.099999999998545, 5949584.775000000372529 ], [ 43478.32499999999709, 5949584.775000000372529 ], [ 43478.32499999999709, 5949584.700000000186265 ], [ 43478.474999999998545, 5949584.700000000186265 ], [ 43478.474999999998545, 5949584.625 ], [ 43478.69999999999709, 5949584.625 ], [ 43478.69999999999709, 5949584.549999999813735 ], [ 43478.849999999998545, 5949584.549999999813735 ], [ 43478.849999999998545, 5949584.474999999627471 ], [ 43479.0, 5949584.474999999627471 ], [ 43479.0, 5949584.400000000372529 ], [ 43479.150000000001455, 5949584.400000000372529 ], [ 43479.150000000001455, 5949584.325000000186265 ], [ 43479.30000000000291, 5949584.325000000186265 ], [ 43479.30000000000291, 5949584.25 ], [ 43479.375, 5949584.25 ], [ 43479.375, 5949584.174999999813735 ], [ 43479.525000000001455, 5949584.174999999813735 ], [ 43479.525000000001455, 5949584.099999999627471 ], [ 43479.599999999998545, 5949584.099999999627471 ], [ 43479.599999999998545, 5949584.025000000372529 ], [ 43479.67500000000291, 5949584.025000000372529 ], [ 43479.67500000000291, 5949583.950000000186265 ], [ 43479.75, 5949583.950000000186265 ], [ 43479.75, 5949583.875 ], [ 43479.82499999999709, 5949583.875 ], [ 43479.82499999999709, 5949583.799999999813735 ], [ 43479.900000000001455, 5949583.799999999813735 ], [ 43479.900000000001455, 5949583.650000000372529 ], [ 43479.974999999998545, 5949583.650000000372529 ], [ 43479.974999999998545, 5949583.575000000186265 ], [ 43480.05000000000291, 5949583.575000000186265 ], [ 43480.05000000000291, 5949583.424999999813735 ], [ 43480.125, 5949583.424999999813735 ], [ 43480.125, 5949583.275000000372529 ], [ 43480.19999999999709, 5949583.275000000372529 ], [ 43480.19999999999709, 5949583.125 ], [ 43480.275000000001455, 5949583.125 ], [ 43480.275000000001455, 5949583.049999999813735 ], [ 43480.349999999998545, 5949583.049999999813735 ], [ 43480.349999999998545, 5949582.900000000372529 ], [ 43480.42500000000291, 5949582.900000000372529 ], [ 43480.42500000000291, 5949582.75 ], [ 43480.5, 5949582.75 ], [ 43480.5, 5949582.599999999627471 ], [ 43480.57499999999709, 5949582.599999999627471 ], [ 43480.57499999999709, 5949582.450000000186265 ], [ 43480.650000000001455, 5949582.450000000186265 ], [ 43480.650000000001455, 5949582.299999999813735 ], [ 43480.724999999998545, 5949582.299999999813735 ], [ 43480.724999999998545, 5949582.150000000372529 ], [ 43480.80000000000291, 5949582.150000000372529 ], [ 43480.80000000000291, 5949582.0 ], [ 43480.875, 5949582.0 ], [ 43480.875, 5949579.0 ], [ 43489.05000000000291, 5949579.0 ], [ 43489.05000000000291, 5949581.924999999813735 ], [ 43489.125, 5949581.924999999813735 ], [ 43489.125, 5949582.075000000186265 ], [ 43489.19999999999709, 5949582.075000000186265 ], [ 43489.19999999999709, 5949582.150000000372529 ], [ 43489.275000000001455, 5949582.150000000372529 ], [ 43489.275000000001455, 5949582.224999999627471 ], [ 43489.349999999998545, 5949582.224999999627471 ], [ 43489.349999999998545, 5949582.299999999813735 ], [ 43489.42500000000291, 5949582.299999999813735 ], [ 43489.42500000000291, 5949582.375 ], [ 43489.5, 5949582.375 ], [ 43489.5, 5949582.450000000186265 ], [ 43489.57499999999709, 5949582.450000000186265 ], [ 43489.57499999999709, 5949582.599999999627471 ], [ 43489.650000000001455, 5949582.599999999627471 ], [ 43489.650000000001455, 5949582.674999999813735 ], [ 43489.724999999998545, 5949582.674999999813735 ], [ 43489.724999999998545, 5949582.75 ], [ 43489.875, 5949582.75 ], [ 43489.875, 5949582.825000000186265 ], [ 43489.94999999999709, 5949582.825000000186265 ], [ 43489.94999999999709, 5949582.900000000372529 ], [ 43490.025000000001455, 5949582.900000000372529 ], [ 43490.025000000001455, 5949582.974999999627471 ], [ 43490.099999999998545, 5949582.974999999627471 ], [ 43490.099999999998545, 5949583.049999999813735 ], [ 43490.17500000000291, 5949583.049999999813735 ], [ 43490.17500000000291, 5949583.125 ], [ 43490.25, 5949583.125 ], [ 43490.25, 5949583.200000000186265 ], [ 43490.400000000001455, 5949583.200000000186265 ], [ 43490.400000000001455, 5949583.275000000372529 ], [ 43490.474999999998545, 5949583.275000000372529 ], [ 43490.474999999998545, 5949583.349999999627471 ], [ 43490.55000000000291, 5949583.349999999627471 ], [ 43490.55000000000291, 5949583.424999999813735 ], [ 43490.69999999999709, 5949583.424999999813735 ], [ 43490.69999999999709, 5949583.5 ], [ 43490.775000000001455, 5949583.5 ], [ 43490.775000000001455, 5949583.575000000186265 ], [ 43490.849999999998545, 5949583.575000000186265 ], [ 43490.849999999998545, 5949583.650000000372529 ], [ 43490.92500000000291, 5949583.650000000372529 ], [ 43490.92500000000291, 5949583.724999999627471 ], [ 43491.0, 5949583.724999999627471 ], [ 43491.0, 5949583.799999999813735 ], [ 43491.07499999999709, 5949583.799999999813735 ], [ 43491.07499999999709, 5949583.875 ], [ 43491.150000000001455, 5949583.875 ], [ 43491.150000000001455, 5949583.950000000186265 ], [ 43491.30000000000291, 5949583.950000000186265 ], [ 43491.30000000000291, 5949584.025000000372529 ], [ 43491.44999999999709, 5949584.025000000372529 ], [ 43491.44999999999709, 5949584.099999999627471 ], [ 43491.599999999998545, 5949584.099999999627471 ], [ 43491.599999999998545, 5949584.174999999813735 ], [ 43491.75, 5949584.174999999813735 ], [ 43491.75, 5949584.25 ], [ 43491.900000000001455, 5949584.25 ], [ 43491.900000000001455, 5949584.325000000186265 ], [ 43492.05000000000291, 5949584.325000000186265 ], [ 43492.05000000000291, 5949584.400000000372529 ], [ 43492.275000000001455, 5949584.400000000372529 ], [ 43492.275000000001455, 5949584.474999999627471 ], [ 43492.5, 5949584.474999999627471 ], [ 43492.5, 5949584.549999999813735 ], [ 43492.650000000001455, 5949584.549999999813735 ], [ 43492.650000000001455, 5949584.625 ], [ 43492.875, 5949584.625 ], [ 43492.875, 5949584.700000000186265 ], [ 43493.025000000001455, 5949584.700000000186265 ], [ 43493.025000000001455, 5949584.775000000372529 ], [ 43493.25, 5949584.775000000372529 ], [ 43493.25, 5949584.849999999627471 ], [ 43493.474999999998545, 5949584.849999999627471 ], [ 43493.474999999998545, 5949584.924999999813735 ], [ 43493.625, 5949584.924999999813735 ], [ 43493.625, 5949585.0 ], [ 43493.849999999998545, 5949585.0 ], [ 43493.849999999998545, 5949585.075000000186265 ], [ 43494.0, 5949585.075000000186265 ], [ 43494.0, 5949585.150000000372529 ], [ 43494.224999999998545, 5949585.150000000372529 ], [ 43494.224999999998545, 5949585.224999999627471 ], [ 43494.44999999999709, 5949585.224999999627471 ], [ 43494.44999999999709, 5949585.299999999813735 ], [ 43494.599999999998545, 5949585.299999999813735 ], [ 43494.599999999998545, 5949585.375 ], [ 43494.82499999999709, 5949585.375 ], [ 43494.82499999999709, 5949585.450000000186265 ], [ 43494.974999999998545, 5949585.450000000186265 ], [ 43494.974999999998545, 5949585.525000000372529 ], [ 43495.125, 5949585.525000000372529 ], [ 43495.125, 5949585.599999999627471 ], [ 43495.275000000001455, 5949585.599999999627471 ], [ 43495.275000000001455, 5949585.674999999813735 ], [ 43495.349999999998545, 5949585.674999999813735 ], [ 43495.349999999998545, 5949585.75 ], [ 43495.5, 5949585.75 ], [ 43495.5, 5949585.825000000186265 ], [ 43495.650000000001455, 5949585.825000000186265 ], [ 43495.650000000001455, 5949585.900000000372529 ], [ 43495.724999999998545, 5949585.900000000372529 ], [ 43495.724999999998545, 5949585.974999999627471 ], [ 43495.875, 5949585.974999999627471 ], [ 43495.875, 5949586.049999999813735 ], [ 43496.025000000001455, 5949586.049999999813735 ], [ 43496.025000000001455, 5949586.125 ], [ 43496.099999999998545, 5949586.125 ], [ 43496.099999999998545, 5949586.200000000186265 ], [ 43496.25, 5949586.200000000186265 ], [ 43496.25, 5949586.275000000372529 ], [ 43496.400000000001455, 5949586.275000000372529 ], [ 43496.400000000001455, 5949586.349999999627471 ], [ 43496.55000000000291, 5949586.349999999627471 ], [ 43496.55000000000291, 5949586.424999999813735 ], [ 43496.775000000001455, 5949586.424999999813735 ], [ 43496.775000000001455, 5949586.5 ], [ 43496.92500000000291, 5949586.5 ], [ 43496.92500000000291, 5949586.575000000186265 ], [ 43497.07499999999709, 5949586.575000000186265 ], [ 43497.07499999999709, 5949586.650000000372529 ], [ 43497.224999999998545, 5949586.650000000372529 ], [ 43497.224999999998545, 5949586.724999999627471 ], [ 43497.44999999999709, 5949586.724999999627471 ], [ 43497.44999999999709, 5949586.799999999813735 ], [ 43497.599999999998545, 5949586.799999999813735 ], [ 43497.599999999998545, 5949586.875 ], [ 43497.82499999999709, 5949586.875 ], [ 43497.82499999999709, 5949586.950000000186265 ], [ 43497.974999999998545, 5949586.950000000186265 ], [ 43497.974999999998545, 5949587.025000000372529 ], [ 43498.19999999999709, 5949587.025000000372529 ], [ 43498.19999999999709, 5949587.099999999627471 ], [ 43498.349999999998545, 5949587.099999999627471 ], [ 43498.349999999998545, 5949587.174999999813735 ], [ 43498.5, 5949587.174999999813735 ], [ 43498.5, 5949587.25 ], [ 43498.650000000001455, 5949587.25 ], [ 43498.650000000001455, 5949587.325000000186265 ], [ 43498.80000000000291, 5949587.325000000186265 ], [ 43498.80000000000291, 5949587.400000000372529 ], [ 43498.875, 5949587.400000000372529 ], [ 43498.875, 5949587.474999999627471 ], [ 43499.025000000001455, 5949587.474999999627471 ], [ 43499.025000000001455, 5949587.549999999813735 ], [ 43499.099999999998545, 5949587.549999999813735 ], [ 43499.099999999998545, 5949587.625 ], [ 43499.17500000000291, 5949587.625 ], [ 43499.17500000000291, 5949587.700000000186265 ], [ 43499.32499999999709, 5949587.700000000186265 ], [ 43499.32499999999709, 5949587.775000000372529 ], [ 43499.400000000001455, 5949587.775000000372529 ], [ 43499.400000000001455, 5949587.849999999627471 ], [ 43499.474999999998545, 5949587.849999999627471 ], [ 43499.474999999998545, 5949587.924999999813735 ], [ 43499.55000000000291, 5949587.924999999813735 ], [ 43499.55000000000291, 5949588.0 ], [ 43499.625, 5949588.0 ], [ 43499.625, 5949588.075000000186265 ], [ 43499.69999999999709, 5949588.075000000186265 ], [ 43499.69999999999709, 5949588.150000000372529 ], [ 43499.775000000001455, 5949588.150000000372529 ], [ 43499.775000000001455, 5949588.224999999627471 ], [ 43499.92500000000291, 5949588.224999999627471 ], [ 43499.92500000000291, 5949588.299999999813735 ], [ 43500.0, 5949588.299999999813735 ], [ 43500.0, 5949588.375 ], [ 43500.07499999999709, 5949588.375 ], [ 43500.07499999999709, 5949588.450000000186265 ], [ 43500.224999999998545, 5949588.450000000186265 ], [ 43500.224999999998545, 5949588.525000000372529 ], [ 43500.30000000000291, 5949588.525000000372529 ], [ 43500.30000000000291, 5949588.599999999627471 ], [ 43500.44999999999709, 5949588.599999999627471 ], [ 43500.44999999999709, 5949588.674999999813735 ], [ 43500.525000000001455, 5949588.674999999813735 ], [ 43500.525000000001455, 5949588.75 ], [ 43500.599999999998545, 5949588.75 ], [ 43500.599999999998545, 5949588.825000000186265 ], [ 43500.67500000000291, 5949588.825000000186265 ], [ 43500.67500000000291, 5949588.900000000372529 ], [ 43500.75, 5949588.900000000372529 ], [ 43500.75, 5949588.974999999627471 ], [ 43500.82499999999709, 5949588.974999999627471 ], [ 43500.82499999999709, 5949589.125 ], [ 43500.900000000001455, 5949589.125 ], [ 43500.900000000001455, 5949589.200000000186265 ], [ 43500.974999999998545, 5949589.200000000186265 ], [ 43500.974999999998545, 5949589.275000000372529 ], [ 43501.05000000000291, 5949589.275000000372529 ], [ 43501.05000000000291, 5949589.424999999813735 ], [ 43501.125, 5949589.424999999813735 ], [ 43501.125, 5949589.5 ], [ 43501.19999999999709, 5949589.5 ], [ 43501.19999999999709, 5949589.650000000372529 ], [ 43501.275000000001455, 5949589.650000000372529 ], [ 43501.275000000001455, 5949589.875 ], [ 43501.349999999998545, 5949589.875 ], [ 43501.349999999998545, 5949590.099999999627471 ], [ 43501.42500000000291, 5949590.099999999627471 ], [ 43501.42500000000291, 5949590.400000000372529 ], [ 43501.5, 5949590.400000000372529 ], [ 43501.5, 5949590.700000000186265 ], [ 43501.57499999999709, 5949590.700000000186265 ], [ 43501.57499999999709, 5949590.924999999813735 ], [ 43501.650000000001455, 5949590.924999999813735 ], [ 43501.650000000001455, 5949591.224999999627471 ], [ 43501.724999999998545, 5949591.224999999627471 ], [ 43501.724999999998545, 5949591.450000000186265 ], [ 43501.80000000000291, 5949591.450000000186265 ], [ 43501.80000000000291, 5949591.75 ], [ 43501.875, 5949591.75 ], [ 43501.875, 5949592.200000000186265 ], [ 43501.94999999999709, 5949592.200000000186265 ], [ 43501.94999999999709, 5949592.650000000372529 ], [ 43502.025000000001455, 5949592.650000000372529 ], [ 43502.025000000001455, 5949593.025000000372529 ], [ 43502.099999999998545, 5949593.025000000372529 ], [ 43502.099999999998545, 5949593.400000000372529 ], [ 43502.17500000000291, 5949593.400000000372529 ], [ 43502.17500000000291, 5949593.700000000186265 ], [ 43502.25, 5949593.700000000186265 ], [ 43502.25, 5949594.0 ], [ 43502.32499999999709, 5949594.0 ], [ 43502.32499999999709, 5949594.299999999813735 ], [ 43502.400000000001455, 5949594.299999999813735 ], [ 43502.400000000001455, 5949594.674999999813735 ], [ 43502.474999999998545, 5949594.674999999813735 ], [ 43502.474999999998545, 5949594.974999999627471 ], [ 43502.55000000000291, 5949594.974999999627471 ], [ 43502.55000000000291, 5949595.349999999627471 ], [ 43502.625, 5949595.349999999627471 ], [ 43502.625, 5949595.724999999627471 ], [ 43502.69999999999709, 5949595.724999999627471 ], [ 43502.69999999999709, 5949596.174999999813735 ], [ 43502.775000000001455, 5949596.174999999813735 ], [ 43502.775000000001455, 5949596.700000000186265 ], [ 43502.849999999998545, 5949596.700000000186265 ], [ 43502.849999999998545, 5949597.150000000372529 ], [ 43502.92500000000291, 5949597.150000000372529 ], [ 43502.92500000000291, 5949597.75 ], [ 43502.849999999998545, 5949597.75 ], [ 43502.849999999998545, 5949597.974999999627471 ], [ 43502.775000000001455, 5949597.974999999627471 ], [ 43502.775000000001455, 5949598.200000000186265 ], [ 43502.69999999999709, 5949598.200000000186265 ], [ 43502.69999999999709, 5949598.349999999627471 ], [ 43502.625, 5949598.349999999627471 ], [ 43502.625, 5949598.575000000186265 ], [ 43502.55000000000291, 5949598.575000000186265 ], [ 43502.55000000000291, 5949598.724999999627471 ], [ 43502.474999999998545, 5949598.724999999627471 ], [ 43502.474999999998545, 5949598.875 ], [ 43502.400000000001455, 5949598.875 ], [ 43502.400000000001455, 5949599.025000000372529 ], [ 43502.32499999999709, 5949599.025000000372529 ], [ 43502.32499999999709, 5949599.174999999813735 ], [ 43502.25, 5949599.174999999813735 ], [ 43502.25, 5949599.25 ], [ 43502.17500000000291, 5949599.25 ], [ 43502.17500000000291, 5949599.400000000372529 ], [ 43502.099999999998545, 5949599.400000000372529 ], [ 43502.099999999998545, 5949599.549999999813735 ], [ 43502.025000000001455, 5949599.549999999813735 ], [ 43502.025000000001455, 5949599.625 ], [ 43501.94999999999709, 5949599.625 ], [ 43501.94999999999709, 5949599.700000000186265 ], [ 43501.875, 5949599.700000000186265 ], [ 43501.875, 5949599.775000000372529 ], [ 43501.80000000000291, 5949599.775000000372529 ], [ 43501.80000000000291, 5949599.849999999627471 ], [ 43501.724999999998545, 5949599.849999999627471 ], [ 43501.724999999998545, 5949599.924999999813735 ], [ 43501.650000000001455, 5949599.924999999813735 ], [ 43501.650000000001455, 5949600.0 ], [ 43501.5, 5949600.0 ], [ 43501.5, 5949600.075000000186265 ], [ 43501.42500000000291, 5949600.075000000186265 ], [ 43501.42500000000291, 5949600.150000000372529 ], [ 43501.349999999998545, 5949600.150000000372529 ], [ 43501.349999999998545, 5949600.224999999627471 ], [ 43501.275000000001455, 5949600.224999999627471 ], [ 43501.275000000001455, 5949600.299999999813735 ], [ 43501.125, 5949600.299999999813735 ], [ 43501.125, 5949600.375 ], [ 43501.05000000000291, 5949600.375 ], [ 43501.05000000000291, 5949600.450000000186265 ], [ 43500.900000000001455, 5949600.450000000186265 ], [ 43500.900000000001455, 5949600.525000000372529 ], [ 43500.82499999999709, 5949600.525000000372529 ], [ 43500.82499999999709, 5949600.599999999627471 ], [ 43500.67500000000291, 5949600.599999999627471 ], [ 43500.67500000000291, 5949600.674999999813735 ], [ 43500.599999999998545, 5949600.674999999813735 ], [ 43500.599999999998545, 5949600.75 ], [ 43500.44999999999709, 5949600.75 ], [ 43500.44999999999709, 5949600.825000000186265 ], [ 43500.30000000000291, 5949600.825000000186265 ], [ 43500.30000000000291, 5949600.900000000372529 ], [ 43500.150000000001455, 5949600.900000000372529 ], [ 43500.150000000001455, 5949600.974999999627471 ], [ 43500.07499999999709, 5949600.974999999627471 ], [ 43500.07499999999709, 5949601.049999999813735 ], [ 43499.92500000000291, 5949601.049999999813735 ], [ 43499.92500000000291, 5949601.125 ], [ 43499.775000000001455, 5949601.125 ], [ 43499.775000000001455, 5949601.200000000186265 ], [ 43499.69999999999709, 5949601.200000000186265 ], [ 43499.69999999999709, 5949601.275000000372529 ], [ 43499.55000000000291, 5949601.275000000372529 ], [ 43499.55000000000291, 5949601.349999999627471 ], [ 43499.474999999998545, 5949601.349999999627471 ], [ 43499.474999999998545, 5949601.424999999813735 ], [ 43499.400000000001455, 5949601.424999999813735 ], [ 43499.400000000001455, 5949601.5 ], [ 43499.25, 5949601.5 ], [ 43499.25, 5949601.575000000186265 ], [ 43499.17500000000291, 5949601.575000000186265 ], [ 43499.17500000000291, 5949601.650000000372529 ], [ 43499.025000000001455, 5949601.650000000372529 ], [ 43499.025000000001455, 5949601.724999999627471 ], [ 43498.875, 5949601.724999999627471 ], [ 43498.875, 5949601.799999999813735 ], [ 43498.724999999998545, 5949601.799999999813735 ], [ 43498.724999999998545, 5949601.875 ], [ 43498.57499999999709, 5949601.875 ], [ 43498.57499999999709, 5949601.950000000186265 ], [ 43498.349999999998545, 5949601.950000000186265 ], [ 43498.349999999998545, 5949602.025000000372529 ], [ 43498.05000000000291, 5949602.025000000372529 ], [ 43498.05000000000291, 5949602.099999999627471 ], [ 43497.82499999999709, 5949602.099999999627471 ], [ 43497.82499999999709, 5949602.174999999813735 ], [ 43497.44999999999709, 5949602.174999999813735 ], [ 43497.44999999999709, 5949602.25 ], [ 43497.150000000001455, 5949602.25 ], [ 43497.150000000001455, 5949602.325000000186265 ], [ 43496.849999999998545, 5949602.325000000186265 ], [ 43496.849999999998545, 5949602.400000000372529 ], [ 43496.474999999998545, 5949602.400000000372529 ], [ 43496.474999999998545, 5949602.474999999627471 ], [ 43496.17500000000291, 5949602.474999999627471 ], [ 43496.17500000000291, 5949602.549999999813735 ], [ 43495.875, 5949602.549999999813735 ], [ 43495.875, 5949602.625 ], [ 43495.57499999999709, 5949602.625 ], [ 43495.57499999999709, 5949602.700000000186265 ], [ 43495.275000000001455, 5949602.700000000186265 ], [ 43495.275000000001455, 5949602.775000000372529 ], [ 43494.974999999998545, 5949602.775000000372529 ], [ 43494.974999999998545, 5949602.849999999627471 ], [ 43494.67500000000291, 5949602.849999999627471 ], [ 43494.67500000000291, 5949602.924999999813735 ], [ 43494.44999999999709, 5949602.924999999813735 ], [ 43494.44999999999709, 5949603.0 ], [ 43494.224999999998545, 5949603.0 ], [ 43494.224999999998545, 5949603.075000000186265 ], [ 43494.07499999999709, 5949603.075000000186265 ], [ 43494.07499999999709, 5949603.150000000372529 ], [ 43493.92500000000291, 5949603.150000000372529 ], [ 43493.92500000000291, 5949603.224999999627471 ], [ 43493.69999999999709, 5949603.224999999627471 ], [ 43493.69999999999709, 5949603.299999999813735 ], [ 43493.55000000000291, 5949603.299999999813735 ], [ 43493.55000000000291, 5949603.375 ], [ 43493.400000000001455, 5949603.375 ], [ 43493.400000000001455, 5949603.450000000186265 ], [ 43493.25, 5949603.450000000186265 ], [ 43493.25, 5949603.525000000372529 ], [ 43493.099999999998545, 5949603.525000000372529 ], [ 43493.099999999998545, 5949603.599999999627471 ], [ 43492.94999999999709, 5949603.599999999627471 ], [ 43492.94999999999709, 5949603.674999999813735 ], [ 43492.724999999998545, 5949603.674999999813735 ], [ 43492.724999999998545, 5949603.75 ], [ 43492.57499999999709, 5949603.75 ], [ 43492.57499999999709, 5949603.825000000186265 ], [ 43492.125, 5949603.825000000186265 ], [ 43492.125, 5949603.900000000372529 ], [ 43491.599999999998545, 5949603.900000000372529 ], [ 43491.599999999998545, 5949603.974999999627471 ], [ 43491.150000000001455, 5949603.974999999627471 ], [ 43491.150000000001455, 5949604.049999999813735 ], [ 43490.474999999998545, 5949604.049999999813735 ], [ 43490.474999999998545, 5949604.125 ], [ 43488.375, 5949604.125 ], [ 43488.375, 5949604.200000000186265 ], [ 43486.05000000000291, 5949604.200000000186265 ], [ 43486.05000000000291, 5949604.275000000372529 ], [ 43482.150000000001455, 5949604.275000000372529 ], [ 43482.150000000001455, 5949604.349999999627471 ], [ 43476.599999999998545, 5949604.349999999627471 ] ] ] } },
{ "type": "Feature", "properties": { "value": 1.0, "building_id": 8, "area": 187.85250000012218 }, "geometry": { "type": "Polygon", "coordinates": [ [ [ 43586.099999999998545, 5949595.950000000186265 ], [ 43586.099999999998545, 5949595.875 ], [ 43585.875, 5949595.875 ], [ 43585.875, 5949595.799999999813735 ], [ 43585.650000000001455, 5949595.799999999813735 ], [ 43585.650000000001455, 5949595.724999999627471 ], [ 43585.5, 5949595.724999999627471 ], [ 43585.5, 5949595.650000000372529 ], [ 43585.275000000001455, 5949595.650000000372529 ], [ 43585.275000000001455, 5949595.575000000186265 ], [ 43584.974999999998545, 5949595.575000000186265 ], [ 43584.974999999998545, 5949595.5 ], [ 43584.599999999998545, 5949595.5 ], [ 43584.599999999998545, 5949595.424999999813735 ], [ 43584.375, 5949595.424999999813735 ], [ 43584.375, 5949595.349999999627471 ], [ 43584.224999999998545, 5949595.349999999627471 ], [ 43584.224999999998545, 5949595.275000000372529 ], [ 43584.07499999999709, 5949595.275000000372529 ], [ 43584.07499999999709, 5949595.200000000186265 ], [ 43584.0, 5949595.200000000186265 ], [ 43584.0, 5949595.125 ], [ 43583.92500000000291, 5949595.125 ], [ 43583.92500000000291, 5949595.049999999813735 ], [ 43583.775000000001455, 5949595.049999999813735 ], [ 43583.775000000001455, 5949594.974999999627471 ], [ 43583.69999999999709, 5949594.974999999627471 ], [ 43583.69999999999709, 5949594.900000000372529 ], [ 43583.625, 5949594.900000000372529 ], [ 43583.625, 5949594.825000000186265 ], [ 43583.474999999998545, 5949594.825000000186265 ], [ 43583.474999999998545, 5949594.75 ], [ 43583.400000000001455, 5949594.75 ], [ 43583.400000000001455, 5949594.674999999813735 ], [ 43583.32499999999709, 5949594.674999999813735 ], [ 43583.32499999999709, 5949594.599999999627471 ], [ 43583.25, 5949594.599999999627471 ], [ 43583.25, 5949594.525000000372529 ], [ 43583.17500000000291, 5949594.525000000372529 ], [ 43583.17500000000291, 5949594.450000000186265 ], [ 43583.099999999998545, 5949594.450000000186265 ], [ 43583.099999999998545, 5949594.375 ], [ 43583.025000000001455, 5949594.375 ], [ 43583.025000000001455, 5949594.299999999813735 ], [ 43582.94999999999709, 5949594.299999999813735 ], [ 43582.94999999999709, 5949594.224999999627471 ], [ 43582.875, 5949594.224999999627471 ], [ 43582.875, 5949594.075000000186265 ], [ 43582.80000000000291, 5949594.075000000186265 ], [ 43582.80000000000291, 5949594.0 ], [ 43582.724999999998545, 5949594.0 ], [ 43582.724999999998545, 5949593.924999999813735 ], [ 43582.650000000001455, 5949593.924999999813735 ], [ 43582.650000000001455, 5949593.849999999627471 ], [ 43582.57499999999709, 5949593.849999999627471 ], [ 43582.57499999999709, 5949593.700000000186265 ], [ 43582.5, 5949593.700000000186265 ], [ 43582.5, 5949593.625 ], [ 43582.42500000000291, 5949593.625 ], [ 43582.42500000000291, 5949593.549999999813735 ], [ 43582.349999999998545, 5949593.549999999813735 ], [ 43582.349999999998545, 5949593.474999999627471 ], [ 43582.19999999999709, 5949593.474999999627471 ], [ 43582.19999999999709, 5949593.400000000372529 ], [ 43582.05000000000291, 5949593.400000000372529 ], [ 43582.05000000000291, 5949593.325000000186265 ], [ 43581.974999999998545, 5949593.325000000186265 ], [ 43581.974999999998545, 5949593.25 ], [ 43581.900000000001455, 5949593.25 ], [ 43581.900000000001455, 5949593.174999999813735 ], [ 43581.75, 5949593.174999999813735 ], [ 43581.75, 5949593.099999999627471 ], [ 43581.67500000000291, 5949593.099999999627471 ], [ 43581.67500000000291, 5949593.025000000372529 ], [ 43581.599999999998545, 5949593.025000000372529 ], [ 43581.599999999998545, 5949592.950000000186265 ], [ 43581.44999999999709, 5949592.950000000186265 ], [ 43581.44999999999709, 5949592.875 ], [ 43581.375, 5949592.875 ], [ 43581.375, 5949592.799999999813735 ], [ 43581.30000000000291, 5949592.799999999813735 ], [ 43581.30000000000291, 5949592.724999999627471 ], [ 43581.224999999998545, 5949592.724999999627471 ], [ 43581.224999999998545, 5949592.650000000372529 ], [ 43581.150000000001455, 5949592.650000000372529 ], [ 43581.150000000001455, 5949592.575000000186265 ], [ 43581.07499999999709, 5949592.575000000186265 ], [ 43581.07499999999709, 5949592.5 ], [ 43581.0, 5949592.5 ], [ 43581.0, 5949592.424999999813735 ], [ 43580.92500000000291, 5949592.424999999813735 ], [ 43580.92500000000291, 5949592.349999999627471 ], [ 43580.849999999998545, 5949592.349999999627471 ], [ 43580.849999999998545, 5949592.275000000372529 ], [ 43580.775000000001455, 5949592.275000000372529 ], [ 43580.775000000001455, 5949592.200000000186265 ], [ 43580.69999999999709, 5949592.200000000186265 ], [ 43580.69999999999709, 5949592.049999999813735 ], [ 43580.625, 5949592.049999999813735 ], [ 43580.625, 5949591.974999999627471 ], [ 43580.55000000000291, 5949591.974999999627471 ], [ 43580.55000000000291, 5949591.900000000372529 ], [ 43580.474999999998545, 5949591.900000000372529 ], [ 43580.474999999998545, 5949591.825000000186265 ], [ 43580.400000000001455, 5949591.825000000186265 ], [ 43580.400000000001455, 5949591.75 ], [ 43580.32499999999709, 5949591.75 ], [ 43580.32499999999709, 5949591.599999999627471 ], [ 43580.25, 5949591.599999999627471 ], [ 43580.25, 5949591.525000000372529 ], [ 43580.17500000000291, 5949591.525000000372529 ], [ 43580.17500000000291, 5949591.450000000186265 ], [ 43580.099999999998545, 5949591.450000000186265 ], [ 43580.099999999998545, 5949591.375 ], [ 43580.025000000001455, 5949591.375 ], [ 43580.025000000001455, 5949591.224999999627471 ], [ 43579.94999999999709, 5949591.224999999627471 ], [ 43579.94999999999709, 5949591.150000000372529 ], [ 43579.875, 5949591.150000000372529 ], [ 43579.875, 5949591.0 ], [ 43579.80000000000291, 5949591.0 ], [ 43579.80000000000291, 5949590.924999999813735 ], [ 43579.724999999998545, 5949590.924999999813735 ], [ 43579.724999999998545, 5949590.775000000372529 ], [ 43579.650000000001455, 5949590.775000000372529 ], [ 43579.650000000001455, 5949590.700000000186265 ], [ 43579.57499999999709, 5949590.700000000186265 ], [ 43579.57499999999709, 5949590.549999999813735 ], [ 43579.5, 5949590.549999999813735 ], [ 43579.5, 5949590.400000000372529 ], [ 43579.42500000000291, 5949590.400000000372529 ], [ 43579.42500000000291, 5949590.25 ], [ 43579.349999999998545, 5949590.25 ], [ 43579.349999999998545, 5949590.099999999627471 ], [ 43579.275000000001455, 5949590.099999999627471 ], [ 43579.275000000001455, 5949589.950000000186265 ], [ 43579.19999999999709, 5949589.950000000186265 ], [ 43579.19999999999709, 5949589.724999999627471 ], [ 43579.125, 5949589.724999999627471 ], [ 43579.125, 5949589.650000000372529 ], [ 43579.19999999999709, 5949589.650000000372529 ], [ 43579.19999999999709, 5949579.0 ], [ 43591.80000000000291, 5949579.0 ], [ 43591.80000000000291, 5949583.724999999627471 ], [ 43591.724999999998545, 5949583.724999999627471 ], [ 43591.724999999998545, 5949589.875 ], [ 43591.650000000001455, 5949589.875 ], [ 43591.650000000001455, 5949590.400000000372529 ], [ 43591.57499999999709, 5949590.400000000372529 ], [ 43591.57499999999709, 5949590.924999999813735 ], [ 43591.5, 5949590.924999999813735 ], [ 43591.5, 5949591.299999999813735 ], [ 43591.42500000000291, 5949591.299999999813735 ], [ 43591.42500000000291, 5949591.674999999813735 ], [ 43591.349999999998545, 5949591.674999999813735 ], [ 43591.349999999998545, 5949591.900000000372529 ], [ 43591.275000000001455, 5949591.900000000372529 ], [ 43591.275000000001455, 5949592.125 ], [ 43591.19999999999709, 5949592.125 ], [ 43591.19999999999709, 5949592.275000000372529 ], [ 43591.125, 5949592.275000000372529 ], [ 43591.125, 5949592.424999999813735 ], [ 43591.05000000000291, 5949592.424999999813735 ], [ 43591.05000000000291, 5949592.575000000186265 ], [ 43590.974999999998545, 5949592.575000000186265 ], [ 43590.974999999998545, 5949592.650000000372529 ], [ 43590.900000000001455, 5949592.650000000372529 ], [ 43590.900000000001455, 5949592.799999999813735 ], [ 43590.82499999999709, 5949592.799999999813735 ], [ 43590.82499999999709, 5949592.875 ], [ 43590.75, 5949592.875 ], [ 43590.75, 5949592.950000000186265 ], [ 43590.67500000000291, 5949592.950000000186265 ], [ 43590.67500000000291, 5949593.025000000372529 ], [ 43590.599999999998545, 5949593.025000000372529 ], [ 43590.599999999998545, 5949593.099999999627471 ], [ 43590.525000000001455, 5949593.099999999627471 ], [ 43590.525000000001455, 5949593.174999999813735 ], [ 43590.44999999999709, 5949593.174999999813735 ], [ 43590.44999999999709, 5949593.25 ], [ 43590.30000000000291, 5949593.25 ], [ 43590.30000000000291, 5949593.325000000186265 ], [ 43590.224999999998545, 5949593.325000000186265 ], [ 43590.224999999998545, 5949593.400000000372529 ], [ 43590.150000000001455, 5949593.400000000372529 ], [ 43590.150000000001455, 5949593.474999999627471 ], [ 43590.07499999999709, 5949593.474999999627471 ], [ 43590.07499999999709, 5949593.549999999813735 ], [ 43590.0, 5949593.549999999813735 ], [ 43590.0, 5949593.625 ], [ 43589.92500000000291, 5949593.625 ], [ 43589.92500000000291, 5949593.775000000372529 ], [ 43589.849999999998545, 5949593.775000000372529 ], [ 43589.849999999998545, 5949593.924999999813735 ], [ 43589.775000000001455, 5949593.924999999813735 ], [ 43589.775000000001455, 5949594.075000000186265 ], [ 43589.69999999999709, 5949594.075000000186265 ], [ 43589.69999999999709, 5949594.150000000372529 ], [ 43589.625, 5949594.150000000372529 ], [ 43589.625, 5949594.224999999627471 ], [ 43589.55000000000291, 5949594.224999999627471 ], [ 43589.55000000000291, 5949594.299999999813735 ], [ 43589.474999999998545, 5949594.299999999813735 ], [ 43589.474999999998545, 5949594.375 ], [ 43589.400000000001455, 5949594.375 ], [ 43589.400000000001455, 5949594.450000000186265 ], [ 43589.32499999999709, 5949594.450000000186265 ], [ 43589.32499999999709, 5949594.525000000372529 ], [ 43589.17500000000291, 5949594.525000000372529 ], [ 43589.17500000000291, 5949594.599999999627471 ], [ 43589.099999999998545, 5949594.599999999627471 ], [ 43589.099999999998545, 5949594.674999999813735 ], [ 43589.025000000001455, 5949594.674999999813735 ], [ 43589.025000000001455, 5949594.75 ], [ 43588.875, 5949594.75 ], [ 43588.875, 5949594.825000000186265 ], [ 43588.80000000000291, 5949594.825000000186265 ], [ 43588.80000000000291, 5949594.900000000372529 ], [ 43588.650000000001455, 5949594.900000000372529 ], [ 43588.650000000001455, 5949594.974999999627471 ], [ 43588.5, 5949594.974999999627471 ], [ 43588.5, 5949595.049999999813735 ], [ 43588.349999999998545, 5949595.049999999813735 ], [ 43588.349999999998545, 5949595.125 ], [ 43588.19999999999709, 5949595.125 ], [ 43588.19999999999709, 5949595.200000000186265 ], [ 43588.05000000000291, 5949595.200000000186265 ], [ 43588.05000000000291, 5949595.275000000372529 ], [ 43587.82499999999709, 5949595.275000000372529 ], [ 43587.82499999999709, 5949595.349999999627471 ], [ 43587.67500000000291, 5949595.349999999627471 ], [ 43587.67500000000291, 5949595.424999999813735 ], [ 43587.525000000001455, 5949595.424999999813735 ], [ 43587.525000000001455, 5949595.5 ], [ 43587.30000000000291, 5949595.5 ], [ 43587.30000000000291, 5949595.575000000186265 ], [ 43587.150000000001455, 5949595.575000000186265 ], [ 43587.150000000001455, 5949595.650000000372529 ], [ 43587.0, 5949595.650000000372529 ], [ 43587.0, 5949595.724999999627471 ], [ 43586.849999999998545, 5949595.724999999627471 ], [ 43586.849999999998545, 5949595.799999999813735 ], [ 43586.625, 5949595.799999999813735 ], [ 43586.625, 5949595.875 ], [ 43586.474999999998545, 5949595.875 ], [ 43586.474999999998545, 5949595.950000000186265 ], [ 43586.099999999998545, 5949595.950000000186265 ] ] ] } },
{ "type": "Feature", "properties": { "value": 1.0, "building_id": 9, "area": 565.520624999603 }, "geometry": { "type": "Polygon", "coordinates": [ [ [ 43545.67500000000291, 5949608.625 ], [ 43545.67500000000291, 5949608.549999999813735 ], [ 43543.875, 5949608.549999999813735 ], [ 43543.875, 5949608.474999999627471 ], [ 43542.0, 5949608.474999999627471 ], [ 43542.0, 5949608.400000000372529 ], [ 43540.275000000001455, 5949608.400000000372529 ], [ 43540.275000000001455, 5949608.325000000186265 ], [ 43539.224999999998545, 5949608.325000000186265 ], [ 43539.224999999998545, 5949608.25 ], [ 43538.849999999998545, 5949608.25 ], [ 43538.849999999998545, 5949608.174999999813735 ], [ 43538.474999999998545, 5949608.174999999813735 ], [ 43538.474999999998545, 5949608.099999999627471 ], [ 43538.099999999998545, 5949608.099999999627471 ], [ 43538.099999999998545, 5949608.025000000372529 ], [ 43537.80000000000291, 5949608.025000000372529 ], [ 43537.80000000000291, 5949607.950000000186265 ], [ 43537.5, 5949607.950000000186265 ], [ 43537.5, 5949607.875 ], [ 43537.349999999998545, 5949607.875 ], [ 43537.349999999998545, 5949607.799999999813735 ], [ 43537.19999999999709, 5949607.799999999813735 ], [ 43537.19999999999709, 5949607.724999999627471 ], [ 43537.05000000000291, 5949607.724999999627471 ], [ 43537.05000000000291, 5949607.650000000372529 ], [ 43536.974999999998545, 5949607.650000000372529 ], [ 43536.974999999998545, 5949607.575000000186265 ], [ 43536.82499999999709, 5949607.575000000186265 ], [ 43536.82499999999709, 5949607.5 ], [ 43536.75, 5949607.5 ], [ 43536.75, 5949607.424999999813735 ], [ 43536.67500000000291, 5949607.424999999813735 ], [ 43536.67500000000291, 5949607.349999999627471 ], [ 43536.525000000001455, 5949607.349999999627471 ], [ 43536.525000000001455, 5949607.275000000372529 ], [ 43536.44999999999709, 5949607.275000000372529 ], [ 43536.44999999999709, 5949607.200000000186265 ], [ 43536.375, 5949607.200000000186265 ], [ 43536.375, 5949607.125 ], [ 43536.224999999998545, 5949607.125 ], [ 43536.224999999998545, 5949607.049999999813735 ], [ 43536.150000000001455, 5949607.049999999813735 ], [ 43536.150000000001455, 5949606.974999999627471 ], [ 43536.0, 5949606.974999999627471 ], [ 43536.0, 5949606.900000000372529 ], [ 43535.849999999998545, 5949606.900000000372529 ], [ 43535.849999999998545, 5949606.825000000186265 ], [ 43535.775000000001455, 5949606.825000000186265 ], [ 43535.775000000001455, 5949606.75 ], [ 43535.625, 5949606.75 ], [ 43535.625, 5949606.674999999813735 ], [ 43535.474999999998545, 5949606.674999999813735 ], [ 43535.474999999998545, 5949606.599999999627471 ], [ 43535.32499999999709, 5949606.599999999627471 ], [ 43535.32499999999709, 5949606.525000000372529 ], [ 43535.25, 5949606.525000000372529 ], [ 43535.25, 5949606.450000000186265 ], [ 43535.099999999998545, 5949606.450000000186265 ], [ 43535.099999999998545, 5949606.375 ], [ 43535.025000000001455, 5949606.375 ], [ 43535.025000000001455, 5949606.299999999813735 ], [ 43534.875, 5949606.299999999813735 ], [ 43534.875, 5949606.224999999627471 ], [ 43534.80000000000291, 5949606.224999999627471 ], [ 43534.80000000000291, 5949606.150000000372529 ], [ 43534.724999999998545, 5949606.150000000372529 ], [ 43534.724999999998545, 5949606.075000000186265 ], [ 43534.650000000001455, 5949606.075000000186265 ], [ 43534.650000000001455, 5949606.0 ], [ 43534.5, 5949606.0 ], [ 43534.5, 5949605.924999999813735 ], [ 43534.42500000000291, 5949605.924999999813735 ], [ 43534.42500000000291, 5949605.849999999627471 ], [ 43534.349999999998545, 5949605.849999999627471 ], [ 43534.349999999998545, 5949605.775000000372529 ], [ 43534.275000000001455, 5949605.775000000372529 ], [ 43534.275000000001455, 5949605.700000000186265 ], [ 43534.19999999999709, 5949605.700000000186265 ], [ 43534.19999999999709, 5949605.625 ], [ 43534.125, 5949605.625 ], [ 43534.125, 5949605.549999999813735 ], [ 43534.05000000000291, 5949605.549999999813735 ], [ 43534.05000000000291, 5949605.400000000372529 ], [ 43533.974999999998545, 5949605.400000000372529 ], [ 43533.974999999998545, 5949605.325000000186265 ], [ 43533.900000000001455, 5949605.325000000186265 ], [ 43533.900000000001455, 5949605.174999999813735 ], [ 43533.82499999999709, 5949605.174999999813735 ], [ 43533.82499999999709, 5949605.099999999627471 ], [ 43533.75, 5949605.099999999627471 ], [ 43533.75, 5949604.950000000186265 ], [ 43533.67500000000291, 5949604.950000000186265 ], [ 43533.67500000000291, 5949604.875 ], [ 43533.599999999998545, 5949604.875 ], [ 43533.599999999998545, 5949604.724999999627471 ], [ 43533.525000000001455, 5949604.724999999627471 ], [ 43533.525000000001455, 5949604.650000000372529 ], [ 43533.44999999999709, 5949604.650000000372529 ], [ 43533.44999999999709, 5949604.5 ], [ 43533.375, 5949604.5 ], [ 43533.375, 5949604.349999999627471 ], [ 43533.30000000000291, 5949604.349999999627471 ], [ 43533.30000000000291, 5949604.200000000186265 ], [ 43533.224999999998545, 5949604.200000000186265 ], [ 43533.224999999998545, 5949604.125 ], [ 43533.150000000001455, 5949604.125 ], [ 43533.150000000001455, 5949603.900000000372529 ], [ 43533.07499999999709, 5949603.900000000372529 ], [ 43533.07499999999709, 5949603.75 ], [ 43533.0, 5949603.75 ], [ 43533.0, 5949603.599999999627471 ], [ 43532.92500000000291, 5949603.599999999627471 ], [ 43532.92500000000291, 5949603.375 ], [ 43532.849999999998545, 5949603.375 ], [ 43532.849999999998545, 5949603.150000000372529 ], [ 43532.775000000001455, 5949603.150000000372529 ], [ 43532.775000000001455, 5949602.849999999627471 ], [ 43532.69999999999709, 5949602.849999999627471 ], [ 43532.69999999999709, 5949602.625 ], [ 43532.625, 5949602.625 ], [ 43532.625, 5949602.325000000186265 ], [ 43532.55000000000291, 5949602.325000000186265 ], [ 43532.55000000000291, 5949602.025000000372529 ], [ 43532.474999999998545, 5949602.025000000372529 ], [ 43532.474999999998545, 5949601.724999999627471 ], [ 43532.400000000001455, 5949601.724999999627471 ], [ 43532.400000000001455, 5949601.424999999813735 ], [ 43532.32499999999709, 5949601.424999999813735 ], [ 43532.32499999999709, 5949601.049999999813735 ], [ 43532.25, 5949601.049999999813735 ], [ 43532.25, 5949600.674999999813735 ], [ 43532.17500000000291, 5949600.674999999813735 ], [ 43532.17500000000291, 5949600.375 ], [ 43532.099999999998545, 5949600.375 ], [ 43532.099999999998545, 5949600.0 ], [ 43532.025000000001455, 5949600.0 ], [ 43532.025000000001455, 5949599.700000000186265 ], [ 43531.94999999999709, 5949599.700000000186265 ], [ 43531.94999999999709, 5949599.25 ], [ 43531.875, 5949599.25 ], [ 43531.875, 5949598.724999999627471 ], [ 43531.80000000000291, 5949598.724999999627471 ], [ 43531.80000000000291, 5949598.200000000186265 ], [ 43531.724999999998545, 5949598.200000000186265 ], [ 43531.724999999998545, 5949597.674999999813735 ], [ 43531.650000000001455, 5949597.674999999813735 ], [ 43531.650000000001455, 5949591.525000000372529 ], [ 43531.57499999999709, 5949591.525000000372529 ], [ 43531.57499999999709, 5949590.849999999627471 ], [ 43531.5, 5949590.849999999627471 ], [ 43531.5, 5949590.25 ], [ 43531.42500000000291, 5949590.25 ], [ 43531.42500000000291, 5949589.650000000372529 ], [ 43531.349999999998545, 5949589.650000000372529 ], [ 43531.349999999998545, 5949589.275000000372529 ], [ 43531.275000000001455, 5949589.275000000372529 ], [ 43531.275000000001455, 5949588.825000000186265 ], [ 43531.19999999999709, 5949588.825000000186265 ], [ 43531.19999999999709, 5949588.375 ], [ 43531.125, 5949588.375 ], [ 43531.125, 5949587.924999999813735 ], [ 43531.05000000000291, 5949587.924999999813735 ], [ 43531.05000000000291, 5949587.474999999627471 ], [ 43530.974999999998545, 5949587.474999999627471 ], [ 43530.974999999998545, 5949586.950000000186265 ], [ 43530.900000000001455, 5949586.950000000186265 ], [ 43530.900000000001455, 5949586.349999999627471 ], [ 43530.82499999999709, 5949586.349999999627471 ], [ 43530.82499999999709, 5949585.75 ], [ 43530.75, 5949585.75 ], [ 43530.75, 5949585.075000000186265 ], [ 43530.67500000000291, 5949585.075000000186265 ], [ 43530.67500000000291, 5949584.400000000372529 ], [ 43530.599999999998545, 5949584.400000000372529 ], [ 43530.599999999998545, 5949583.424999999813735 ], [ 43530.525000000001455, 5949583.424999999813735 ], [ 43530.525000000001455, 5949579.0 ], [ 43552.80000000000291, 5949579.0 ], [ 43552.80000000000291, 5949582.375 ], [ 43552.724999999998545, 5949582.375 ], [ 43552.724999999998545, 5949582.900000000372529 ], [ 43552.650000000001455, 5949582.900000000372529 ], [ 43552.650000000001455, 5949583.424999999813735 ], [ 43552.57499999999709, 5949583.424999999813735 ], [ 43552.57499999999709, 5949584.025000000372529 ], [ 43552.5, 5949584.025000000372529 ], [ 43552.5, 5949584.400000000372529 ], [ 43552.42500000000291, 5949584.400000000372529 ], [ 43552.42500000000291, 5949584.849999999627471 ], [ 43552.349999999998545, 5949584.849999999627471 ], [ 43552.349999999998545, 5949585.299999999813735 ], [ 43552.275000000001455, 5949585.299999999813735 ], [ 43552.275000000001455, 5949585.75 ], [ 43552.19999999999709, 5949585.75 ], [ 43552.19999999999709, 5949586.275000000372529 ], [ 43552.125, 5949586.275000000372529 ], [ 43552.125, 5949586.799999999813735 ], [ 43552.05000000000291, 5949586.799999999813735 ], [ 43552.05000000000291, 5949587.25 ], [ 43551.974999999998545, 5949587.25 ], [ 43551.974999999998545, 5949587.775000000372529 ], [ 43551.900000000001455, 5949587.775000000372529 ], [ 43551.900000000001455, 5949588.150000000372529 ], [ 43551.82499999999709, 5949588.150000000372529 ], [ 43551.82499999999709, 5949588.525000000372529 ], [ 43551.75, 5949588.525000000372529 ], [ 43551.75, 5949588.825000000186265 ], [ 43551.67500000000291, 5949588.825000000186265 ], [ 43551.67500000000291, 5949589.200000000186265 ], [ 43551.599999999998545, 5949589.200000000186265 ], [ 43551.599999999998545, 5949589.5 ], [ 43551.525000000001455, 5949589.5 ], [ 43551.525000000001455, 5949589.724999999627471 ], [ 43551.44999999999709, 5949589.724999999627471 ], [ 43551.44999999999709, 5949590.325000000186265 ], [ 43551.375, 5949590.325000000186265 ], [ 43551.375, 5949590.849999999627471 ], [ 43551.30000000000291, 5949590.849999999627471 ], [ 43551.30000000000291, 5949591.375 ], [ 43551.224999999998545, 5949591.375 ], [ 43551.224999999998545, 5949592.349999999627471 ], [ 43551.30000000000291, 5949592.349999999627471 ], [ 43551.30000000000291, 5949593.400000000372529 ], [ 43551.375, 5949593.400000000372529 ], [ 43551.375, 5949594.599999999627471 ], [ 43551.44999999999709, 5949594.599999999627471 ], [ 43551.44999999999709, 5949595.875 ], [ 43551.525000000001455, 5949595.875 ], [ 43551.525000000001455, 5949597.224999999627471 ], [ 43551.599999999998545, 5949597.224999999627471 ], [ 43551.599999999998545, 5949597.674999999813735 ], [ 43551.525000000001455, 5949597.674999999813735 ], [ 43551.525000000001455, 5949598.200000000186265 ], [ 43551.44999999999709, 5949598.200000000186265 ], [ 43551.44999999999709, 5949598.650000000372529 ], [ 43551.375, 5949598.650000000372529 ], [ 43551.375, 5949599.099999999627471 ], [ 43551.30000000000291, 5949599.099999999627471 ], [ 43551.30000000000291, 5949599.474999999627471 ], [ 43551.224999999998545, 5949599.474999999627471 ], [ 43551.224999999998545, 5949599.700000000186265 ], [ 43551.150000000001455, 5949599.700000000186265 ], [ 43551.150000000001455, 5949599.849999999627471 ], [ 43551.07499999999709, 5949599.849999999627471 ], [ 43551.07499999999709, 5949600.0 ], [ 43551.0, 5949600.0 ], [ 43551.0, 5949600.224999999627471 ], [ 43550.92500000000291, 5949600.224999999627471 ], [ 43550.92500000000291, 5949600.375 ], [ 43550.849999999998545, 5949600.375 ], [ 43550.849999999998545, 5949600.599999999627471 ], [ 43550.775000000001455, 5949600.599999999627471 ], [ 43550.775000000001455, 5949600.825000000186265 ], [ 43550.69999999999709, 5949600.825000000186265 ], [ 43550.69999999999709, 5949601.049999999813735 ], [ 43550.625, 5949601.049999999813735 ], [ 43550.625, 5949601.349999999627471 ], [ 43550.55000000000291, 5949601.349999999627471 ], [ 43550.55000000000291, 5949601.650000000372529 ], [ 43550.474999999998545, 5949601.650000000372529 ], [ 43550.474999999998545, 5949601.950000000186265 ], [ 43550.400000000001455, 5949601.950000000186265 ], [ 43550.400000000001455, 5949602.25 ], [ 43550.32499999999709, 5949602.25 ], [ 43550.32499999999709, 5949602.625 ], [ 43550.25, 5949602.625 ], [ 43550.25, 5949602.924999999813735 ], [ 43550.17500000000291, 5949602.924999999813735 ], [ 43550.17500000000291, 5949603.299999999813735 ], [ 43550.099999999998545, 5949603.299999999813735 ], [ 43550.099999999998545, 5949603.525000000372529 ], [ 43550.025000000001455, 5949603.525000000372529 ], [ 43550.025000000001455, 5949603.75 ], [ 43549.94999999999709, 5949603.75 ], [ 43549.94999999999709, 5949603.974999999627471 ], [ 43549.875, 5949603.974999999627471 ], [ 43549.875, 5949604.125 ], [ 43549.80000000000291, 5949604.125 ], [ 43549.80000000000291, 5949604.349999999627471 ], [ 43549.724999999998545, 5949604.349999999627471 ], [ 43549.724999999998545, 5949604.5 ], [ 43549.650000000001455, 5949604.5 ], [ 43549.650000000001455, 5949604.650000000372529 ], [ 43549.57499999999709, 5949604.650000000372529 ], [ 43549.57499999999709, 5949604.724999999627471 ], [ 43549.5, 5949604.724999999627471 ], [ 43549.5, 5949604.875 ], [ 43549.42500000000291, 5949604.875 ], [ 43549.42500000000291, 5949605.025000000372529 ], [ 43549.349999999998545, 5949605.025000000372529 ], [ 43549.349999999998545, 5949605.099999999627471 ], [ 43549.275000000001455, 5949605.099999999627471 ], [ 43549.275000000001455, 5949605.25 ], [ 43549.19999999999709, 5949605.25 ], [ 43549.19999999999709, 5949605.325000000186265 ], [ 43549.125, 5949605.325000000186265 ], [ 43549.125, 5949605.400000000372529 ], [ 43549.05000000000291, 5949605.400000000372529 ], [ 43549.05000000000291, 5949605.549999999813735 ], [ 43548.974999999998545, 5949605.549999999813735 ], [ 43548.974999999998545, 5949605.625 ], [ 43548.900000000001455, 5949605.625 ], [ 43548.900000000001455, 5949605.775000000372529 ], [ 43548.82499999999709, 5949605.775000000372529 ], [ 43548.82499999999709, 5949605.849999999627471 ], [ 43548.75, 5949605.849999999627471 ], [ 43548.75, 5949606.0 ], [ 43548.67500000000291, 5949606.0 ], [ 43548.67500000000291, 5949606.075000000186265 ], [ 43548.599999999998545, 5949606.075000000186265 ], [ 43548.599999999998545, 5949606.224999999627471 ], [ 43548.525000000001455, 5949606.224999999627471 ], [ 43548.525000000001455, 5949606.299999999813735 ], [ 43548.44999999999709, 5949606.299999999813735 ], [ 43548.44999999999709, 5949606.450000000186265 ], [ 43548.375, 5949606.450000000186265 ], [ 43548.375, 5949606.599999999627471 ], [ 43548.30000000000291, 5949606.599999999627471 ], [ 43548.30000000000291, 5949606.674999999813735 ], [ 43548.224999999998545, 5949606.674999999813735 ], [ 43548.224999999998545, 5949606.825000000186265 ], [ 43548.150000000001455, 5949606.825000000186265 ], [ 43548.150000000001455, 5949606.974999999627471 ], [ 43548.07499999999709, 5949606.974999999627471 ], [ 43548.07499999999709, 5949607.049999999813735 ], [ 43548.0, 5949607.049999999813735 ], [ 43548.0, 5949607.200000000186265 ], [ 43547.92500000000291, 5949607.200000000186265 ], [ 43547.92500000000291, 5949607.349999999627471 ], [ 43547.849999999998545, 5949607.349999999627471 ], [ 43547.849999999998545, 5949607.5 ], [ 43547.775000000001455, 5949607.5 ], [ 43547.775000000001455, 5949607.650000000372529 ], [ 43547.69999999999709, 5949607.650000000372529 ], [ 43547.69999999999709, 5949607.799999999813735 ], [ 43547.625, 5949607.799999999813735 ], [ 43547.625, 5949607.950000000186265 ], [ 43547.55000000000291, 5949607.950000000186265 ], [ 43547.55000000000291, 5949608.025000000372529 ], [ 43547.474999999998545, 5949608.025000000372529 ], [ 43547.474999999998545, 5949608.174999999813735 ], [ 43547.400000000001455, 5949608.174999999813735 ], [ 43547.400000000001455, 5949608.25 ], [ 43547.32499999999709, 5949608.25 ], [ 43547.32499999999709, 5949608.325000000186265 ], [ 43547.25, 5949608.325000000186265 ], [ 43547.25, 5949608.400000000372529 ], [ 43547.17500000000291, 5949608.400000000372529 ], [ 43547.17500000000291, 5949608.474999999627471 ], [ 43547.025000000001455, 5949608.474999999627471 ], [ 43547.025000000001455, 5949608.549999999813735 ], [ 43546.875, 5949608.549999999813735 ], [ 43546.875, 5949608.625 ], [ 43545.67500000000291, 5949608.625 ] ] ] } },
{ "type": "Feature", "properties": { "value": 1.0, "building_id": 10, "area": 2056.2300000022565 }, "geometry": { "type": "Polygon", "coordinates": [ [ [ 43648.19999999999709, 5949632.325000000186265 ], [ 43648.19999999999709, 5949632.25 ], [ 43646.92500000000291, 5949632.25 ], [ 43646.92500000000291, 5949632.174999999813735 ], [ 43646.25, 5949632.174999999813735 ], [ 43646.25, 5949632.099999999627471 ], [ 43645.57499999999709, 5949632.099999999627471 ], [ 43645.57499999999709, 5949632.025000000372529 ], [ 43644.974999999998545, 5949632.025000000372529 ], [ 43644.974999999998545, 5949631.950000000186265 ], [ 43644.525000000001455, 5949631.950000000186265 ], [ 43644.525000000001455, 5949631.875 ], [ 43644.07499999999709, 5949631.875 ], [ 43644.07499999999709, 5949631.799999999813735 ], [ 43643.69999999999709, 5949631.799999999813735 ], [ 43643.69999999999709, 5949631.724999999627471 ], [ 43643.400000000001455, 5949631.724999999627471 ], [ 43643.400000000001455, 5949631.650000000372529 ], [ 43643.099999999998545, 5949631.650000000372529 ], [ 43643.099999999998545, 5949631.575000000186265 ], [ 43642.80000000000291, 5949631.575000000186265 ], [ 43642.80000000000291, 5949631.5 ], [ 43642.5, 5949631.5 ], [ 43642.5, 5949631.424999999813735 ], [ 43642.275000000001455, 5949631.424999999813735 ], [ 43642.275000000001455, 5949631.349999999627471 ], [ 43642.05000000000291, 5949631.349999999627471 ], [ 43642.05000000000291, 5949631.275000000372529 ], [ 43641.82499999999709, 5949631.275000000372529 ], [ 43641.82499999999709, 5949631.200000000186265 ], [ 43641.599999999998545, 5949631.200000000186265 ], [ 43641.599999999998545, 5949631.125 ], [ 43641.44999999999709, 5949631.125 ], [ 43641.44999999999709, 5949631.049999999813735 ], [ 43641.224999999998545, 5949631.049999999813735 ], [ 43641.224999999998545, 5949630.974999999627471 ], [ 43641.07499999999709, 5949630.974999999627471 ], [ 43641.07499999999709, 5949630.900000000372529 ], [ 43640.849999999998545, 5949630.900000000372529 ], [ 43640.849999999998545, 5949630.825000000186265 ], [ 43640.55000000000291, 5949630.825000000186265 ], [ 43640.55000000000291, 5949630.75 ], [ 43640.25, 5949630.75 ], [ 43640.25, 5949630.674999999813735 ], [ 43640.099999999998545, 5949630.674999999813735 ], [ 43640.099999999998545, 5949630.599999999627471 ], [ 43639.94999999999709, 5949630.599999999627471 ], [ 43639.94999999999709, 5949630.525000000372529 ], [ 43639.80000000000291, 5949630.525000000372529 ], [ 43639.80000000000291, 5949630.450000000186265 ], [ 43639.650000000001455, 5949630.450000000186265 ], [ 43639.650000000001455, 5949630.375 ], [ 43639.5, 5949630.375 ], [ 43639.5, 5949630.299999999813735 ], [ 43639.42500000000291, 5949630.299999999813735 ], [ 43639.42500000000291, 5949630.224999999627471 ], [ 43639.275000000001455, 5949630.224999999627471 ], [ 43639.275000000001455, 5949630.150000000372529 ], [ 43639.125, 5949630.150000000372529 ], [ 43639.125, 5949630.075000000186265 ], [ 43639.05000000000291, 5949630.075000000186265 ], [ 43639.05000000000291, 5949630.0 ], [ 43638.974999999998545, 5949630.0 ], [ 43638.974999999998545, 5949629.924999999813735 ], [ 43638.900000000001455, 5949629.924999999813735 ], [ 43638.900000000001455, 5949629.849999999627471 ], [ 43638.82499999999709, 5949629.849999999627471 ], [ 43638.82499999999709, 5949629.775000000372529 ], [ 43638.75, 5949629.775000000372529 ], [ 43638.75, 5949629.625 ], [ 43638.67500000000291, 5949629.625 ], [ 43638.67500000000291, 5949629.549999999813735 ], [ 43638.599999999998545, 5949629.549999999813735 ], [ 43638.599999999998545, 5949629.400000000372529 ], [ 43638.525000000001455, 5949629.400000000372529 ], [ 43638.525000000001455, 5949629.25 ], [ 43638.44999999999709, 5949629.25 ], [ 43638.44999999999709, 5949629.099999999627471 ], [ 43638.375, 5949629.099999999627471 ], [ 43638.375, 5949628.875 ], [ 43638.30000000000291, 5949628.875 ], [ 43638.30000000000291, 5949628.724999999627471 ], [ 43638.224999999998545, 5949628.724999999627471 ], [ 43638.224999999998545, 5949628.424999999813735 ], [ 43638.150000000001455, 5949628.424999999813735 ], [ 43638.150000000001455, 5949628.200000000186265 ], [ 43638.07499999999709, 5949628.200000000186265 ], [ 43638.07499999999709, 5949627.974999999627471 ], [ 43638.0, 5949627.974999999627471 ], [ 43638.0, 5949627.75 ], [ 43637.92500000000291, 5949627.75 ], [ 43637.92500000000291, 5949627.525000000372529 ], [ 43637.849999999998545, 5949627.525000000372529 ], [ 43637.849999999998545, 5949627.224999999627471 ], [ 43637.775000000001455, 5949627.224999999627471 ], [ 43637.775000000001455, 5949627.0 ], [ 43637.69999999999709, 5949627.0 ], [ 43637.69999999999709, 5949626.700000000186265 ], [ 43637.625, 5949626.700000000186265 ], [ 43637.625, 5949626.474999999627471 ], [ 43637.55000000000291, 5949626.474999999627471 ], [ 43637.55000000000291, 5949626.174999999813735 ], [ 43637.474999999998545, 5949626.174999999813735 ], [ 43637.474999999998545, 5949625.950000000186265 ], [ 43637.400000000001455, 5949625.950000000186265 ], [ 43637.400000000001455, 5949625.650000000372529 ], [ 43637.32499999999709, 5949625.650000000372529 ], [ 43637.32499999999709, 5949625.424999999813735 ], [ 43637.25, 5949625.424999999813735 ], [ 43637.25, 5949625.125 ], [ 43637.17500000000291, 5949625.125 ], [ 43637.17500000000291, 5949624.900000000372529 ], [ 43637.099999999998545, 5949624.900000000372529 ], [ 43637.099999999998545, 5949624.674999999813735 ], [ 43637.025000000001455, 5949624.674999999813735 ], [ 43637.025000000001455, 5949624.375 ], [ 43636.94999999999709, 5949624.375 ], [ 43636.94999999999709, 5949624.075000000186265 ], [ 43636.875, 5949624.075000000186265 ], [ 43636.875, 5949623.775000000372529 ], [ 43636.80000000000291, 5949623.775000000372529 ], [ 43636.80000000000291, 5949623.474999999627471 ], [ 43636.724999999998545, 5949623.474999999627471 ], [ 43636.724999999998545, 5949623.174999999813735 ], [ 43636.650000000001455, 5949623.174999999813735 ], [ 43636.650000000001455, 5949621.900000000372529 ], [ 43636.724999999998545, 5949621.900000000372529 ], [ 43636.724999999998545, 5949620.849999999627471 ], [ 43636.80000000000291, 5949620.849999999627471 ], [ 43636.80000000000291, 5949620.625 ], [ 43636.875, 5949620.625 ], [ 43636.875, 5949620.325000000186265 ], [ 43636.94999999999709, 5949620.325000000186265 ], [ 43636.94999999999709, 5949620.099999999627471 ], [ 43637.025000000001455, 5949620.099999999627471 ], [ 43637.025000000001455, 5949619.875 ], [ 43637.099999999998545, 5949619.875 ], [ 43637.099999999998545, 5949619.650000000372529 ], [ 43637.17500000000291, 5949619.650000000372529 ], [ 43637.17500000000291, 5949619.424999999813735 ], [ 43637.25, 5949619.424999999813735 ], [ 43637.25, 5949619.200000000186265 ], [ 43637.32499999999709, 5949619.200000000186265 ], [ 43637.32499999999709, 5949618.900000000372529 ], [ 43637.400000000001455, 5949618.900000000372529 ], [ 43637.400000000001455, 5949618.674999999813735 ], [ 43637.474999999998545, 5949618.674999999813735 ], [ 43637.474999999998545, 5949618.375 ], [ 43637.55000000000291, 5949618.375 ], [ 43637.55000000000291, 5949618.075000000186265 ], [ 43637.625, 5949618.075000000186265 ], [ 43637.625, 5949617.775000000372529 ], [ 43637.69999999999709, 5949617.775000000372529 ], [ 43637.69999999999709, 5949617.474999999627471 ], [ 43637.775000000001455, 5949617.474999999627471 ], [ 43637.775000000001455, 5949617.099999999627471 ], [ 43637.849999999998545, 5949617.099999999627471 ], [ 43637.849999999998545, 5949616.799999999813735 ], [ 43637.92500000000291, 5949616.799999999813735 ], [ 43637.92500000000291, 5949616.424999999813735 ], [ 43638.0, 5949616.424999999813735 ], [ 43638.0, 5949616.049999999813735 ], [ 43638.07499999999709, 5949616.049999999813735 ], [ 43638.07499999999709, 5949615.599999999627471 ], [ 43638.150000000001455, 5949615.599999999627471 ], [ 43638.150000000001455, 5949615.224999999627471 ], [ 43638.224999999998545, 5949615.224999999627471 ], [ 43638.224999999998545, 5949614.849999999627471 ], [ 43638.30000000000291, 5949614.849999999627471 ], [ 43638.30000000000291, 5949614.474999999627471 ], [ 43638.375, 5949614.474999999627471 ], [ 43638.375, 5949614.174999999813735 ], [ 43638.44999999999709, 5949614.174999999813735 ], [ 43638.44999999999709, 5949613.799999999813735 ], [ 43638.525000000001455, 5949613.799999999813735 ], [ 43638.525000000001455, 5949613.424999999813735 ], [ 43638.599999999998545, 5949613.424999999813735 ], [ 43638.599999999998545, 5949613.125 ], [ 43638.67500000000291, 5949613.125 ], [ 43638.67500000000291, 5949612.900000000372529 ], [ 43638.75, 5949612.900000000372529 ], [ 43638.75, 5949612.674999999813735 ], [ 43638.82499999999709, 5949612.674999999813735 ], [ 43638.82499999999709, 5949612.450000000186265 ], [ 43638.900000000001455, 5949612.450000000186265 ], [ 43638.900000000001455, 5949612.224999999627471 ], [ 43638.974999999998545, 5949612.224999999627471 ], [ 43638.974999999998545, 5949612.0 ], [ 43639.05000000000291, 5949612.0 ], [ 43639.05000000000291, 5949611.849999999627471 ], [ 43639.125, 5949611.849999999627471 ], [ 43639.125, 5949611.700000000186265 ], [ 43639.19999999999709, 5949611.700000000186265 ], [ 43639.19999999999709, 5949611.474999999627471 ], [ 43639.275000000001455, 5949611.474999999627471 ], [ 43639.275000000001455, 5949611.325000000186265 ], [ 43639.349999999998545, 5949611.325000000186265 ], [ 43639.349999999998545, 5949611.174999999813735 ], [ 43639.42500000000291, 5949611.174999999813735 ], [ 43639.42500000000291, 5949611.025000000372529 ], [ 43639.5, 5949611.025000000372529 ], [ 43639.5, 5949610.875 ], [ 43639.57499999999709, 5949610.875 ], [ 43639.57499999999709, 5949610.650000000372529 ], [ 43639.650000000001455, 5949610.650000000372529 ], [ 43639.650000000001455, 5949610.5 ], [ 43639.724999999998545, 5949610.5 ], [ 43639.724999999998545, 5949610.349999999627471 ], [ 43639.80000000000291, 5949610.349999999627471 ], [ 43639.80000000000291, 5949610.200000000186265 ], [ 43639.875, 5949610.200000000186265 ], [ 43639.875, 5949610.049999999813735 ], [ 43639.94999999999709, 5949610.049999999813735 ], [ 43639.94999999999709, 5949609.825000000186265 ], [ 43640.025000000001455, 5949609.825000000186265 ], [ 43640.025000000001455, 5949609.674999999813735 ], [ 43640.099999999998545, 5949609.674999999813735 ], [ 43640.099999999998545, 5949609.525000000372529 ], [ 43640.17500000000291, 5949609.525000000372529 ], [ 43640.17500000000291, 5949609.375 ], [ 43640.25, 5949609.375 ], [ 43640.25, 5949609.224999999627471 ], [ 43640.32499999999709, 5949609.224999999627471 ], [ 43640.32499999999709, 5949609.075000000186265 ], [ 43640.400000000001455, 5949609.075000000186265 ], [ 43640.400000000001455, 5949608.924999999813735 ], [ 43640.474999999998545, 5949608.924999999813735 ], [ 43640.474999999998545, 5949608.775000000372529 ], [ 43640.55000000000291, 5949608.775000000372529 ], [ 43640.55000000000291, 5949608.625 ], [ 43640.625, 5949608.625 ], [ 43640.625, 5949608.474999999627471 ], [ 43640.69999999999709, 5949608.474999999627471 ], [ 43640.69999999999709, 5949608.400000000372529 ], [ 43640.775000000001455, 5949608.400000000372529 ], [ 43640.775000000001455, 5949608.25 ], [ 43640.849999999998545, 5949608.25 ], [ 43640.849999999998545, 5949608.174999999813735 ], [ 43640.92500000000291, 5949608.174999999813735 ], [ 43640.92500000000291, 5949608.025000000372529 ], [ 43641.0, 5949608.025000000372529 ], [ 43641.0, 5949607.950000000186265 ], [ 43641.07499999999709, 5949607.950000000186265 ], [ 43641.07499999999709, 5949607.799999999813735 ], [ 43641.150000000001455, 5949607.799999999813735 ], [ 43641.150000000001455, 5949607.724999999627471 ], [ 43641.224999999998545, 5949607.724999999627471 ], [ 43641.224999999998545, 5949607.650000000372529 ], [ 43641.30000000000291, 5949607.650000000372529 ], [ 43641.30000000000291, 5949607.5 ], [ 43641.375, 5949607.5 ], [ 43641.375, 5949607.424999999813735 ], [ 43641.44999999999709, 5949607.424999999813735 ], [ 43641.44999999999709, 5949607.275000000372529 ], [ 43641.525000000001455, 5949607.275000000372529 ], [ 43641.525000000001455, 5949607.125 ], [ 43641.599999999998545, 5949607.125 ], [ 43641.599999999998545, 5949606.974999999627471 ], [ 43641.67500000000291, 5949606.974999999627471 ], [ 43641.67500000000291, 5949606.825000000186265 ], [ 43641.75, 5949606.825000000186265 ], [ 43641.75, 5949606.674999999813735 ], [ 43641.82499999999709, 5949606.674999999813735 ], [ 43641.82499999999709, 5949606.525000000372529 ], [ 43641.900000000001455, 5949606.525000000372529 ], [ 43641.900000000001455, 5949606.375 ], [ 43641.974999999998545, 5949606.375 ], [ 43641.974999999998545, 5949606.224999999627471 ], [ 43642.05000000000291, 5949606.224999999627471 ], [ 43642.05000000000291, 5949606.075000000186265 ], [ 43642.125, 5949606.075000000186265 ], [ 43642.125, 5949606.0 ], [ 43642.19999999999709, 5949606.0 ], [ 43642.19999999999709, 5949605.849999999627471 ], [ 43642.275000000001455, 5949605.849999999627471 ], [ 43642.275000000001455, 5949605.700000000186265 ], [ 43642.349999999998545, 5949605.700000000186265 ], [ 43642.349999999998545, 5949605.549999999813735 ], [ 43642.42500000000291, 5949605.549999999813735 ], [ 43642.42500000000291, 5949605.474999999627471 ], [ 43642.5, 5949605.474999999627471 ], [ 43642.5, 5949605.25 ], [ 43642.57499999999709, 5949605.25 ], [ 43642.57499999999709, 5949605.025000000372529 ], [ 43642.650000000001455, 5949605.025000000372529 ], [ 43642.650000000001455, 5949604.799999999813735 ], [ 43642.724999999998545, 5949604.799999999813735 ], [ 43642.724999999998545, 5949604.575000000186265 ], [ 43642.80000000000291, 5949604.575000000186265 ], [ 43642.80000000000291, 5949604.424999999813735 ], [ 43642.875, 5949604.424999999813735 ], [ 43642.875, 5949604.200000000186265 ], [ 43642.94999999999709, 5949604.200000000186265 ], [ 43642.94999999999709, 5949604.049999999813735 ], [ 43643.025000000001455, 5949604.049999999813735 ], [ 43643.025000000001455, 5949603.900000000372529 ], [ 43643.099999999998545, 5949603.900000000372529 ], [ 43643.099999999998545, 5949603.75 ], [ 43643.17500000000291, 5949603.75 ], [ 43643.17500000000291, 5949603.599999999627471 ], [ 43643.25, 5949603.599999999627471 ], [ 43643.25, 5949603.450000000186265 ], [ 43643.32499999999709, 5949603.450000000186265 ], [ 43643.32499999999709, 5949603.299999999813735 ], [ 43643.400000000001455, 5949603.299999999813735 ], [ 43643.400000000001455, 5949603.150000000372529 ], [ 43643.474999999998545, 5949603.150000000372529 ], [ 43643.474999999998545, 5949603.075000000186265 ], [ 43643.55000000000291, 5949603.075000000186265 ], [ 43643.55000000000291, 5949602.924999999813735 ], [ 43643.625, 5949602.924999999813735 ], [ 43643.625, 5949602.775000000372529 ], [ 43643.69999999999709, 5949602.775000000372529 ], [ 43643.69999999999709, 5949602.700000000186265 ], [ 43643.775000000001455, 5949602.700000000186265 ], [ 43643.775000000001455, 5949602.549999999813735 ], [ 43643.849999999998545, 5949602.549999999813735 ], [ 43643.849999999998545, 5949602.474999999627471 ], [ 43643.92500000000291, 5949602.474999999627471 ], [ 43643.92500000000291, 5949602.400000000372529 ], [ 43644.0, 5949602.400000000372529 ], [ 43644.0, 5949602.25 ], [ 43644.07499999999709, 5949602.25 ], [ 43644.07499999999709, 5949602.174999999813735 ], [ 43644.150000000001455, 5949602.174999999813735 ], [ 43644.150000000001455, 5949602.099999999627471 ], [ 43644.224999999998545, 5949602.099999999627471 ], [ 43644.224999999998545, 5949602.025000000372529 ], [ 43644.30000000000291, 5949602.025000000372529 ], [ 43644.30000000000291, 5949601.950000000186265 ], [ 43644.375, 5949601.950000000186265 ], [ 43644.375, 5949601.875 ], [ 43644.44999999999709, 5949601.875 ], [ 43644.44999999999709, 5949601.799999999813735 ], [ 43644.525000000001455, 5949601.799999999813735 ], [ 43644.525000000001455, 5949601.724999999627471 ], [ 43644.599999999998545, 5949601.724999999627471 ], [ 43644.599999999998545, 5949601.650000000372529 ], [ 43644.67500000000291, 5949601.650000000372529 ], [ 43644.67500000000291, 5949601.575000000186265 ], [ 43644.75, 5949601.575000000186265 ], [ 43644.75, 5949601.5 ], [ 43644.82499999999709, 5949601.5 ], [ 43644.82499999999709, 5949601.424999999813735 ], [ 43644.900000000001455, 5949601.424999999813735 ], [ 43644.900000000001455, 5949601.349999999627471 ], [ 43644.974999999998545, 5949601.349999999627471 ], [ 43644.974999999998545, 5949601.275000000372529 ], [ 43645.125, 5949601.275000000372529 ], [ 43645.125, 5949601.200000000186265 ], [ 43645.19999999999709, 5949601.200000000186265 ], [ 43645.19999999999709, 5949601.125 ], [ 43645.275000000001455, 5949601.125 ], [ 43645.275000000001455, 5949601.049999999813735 ], [ 43645.42500000000291, 5949601.049999999813735 ], [ 43645.42500000000291, 5949600.974999999627471 ], [ 43645.5, 5949600.974999999627471 ], [ 43645.5, 5949600.900000000372529 ], [ 43645.650000000001455, 5949600.900000000372529 ], [ 43645.650000000001455, 5949600.825000000186265 ], [ 43645.80000000000291, 5949600.825000000186265 ], [ 43645.80000000000291, 5949600.75 ], [ 43645.875, 5949600.75 ], [ 43645.875, 5949600.674999999813735 ], [ 43646.025000000001455, 5949600.674999999813735 ], [ 43646.025000000001455, 5949600.599999999627471 ], [ 43646.17500000000291, 5949600.599999999627471 ], [ 43646.17500000000291, 5949600.525000000372529 ], [ 43646.32499999999709, 5949600.525000000372529 ], [ 43646.32499999999709, 5949600.450000000186265 ], [ 43646.474999999998545, 5949600.450000000186265 ], [ 43646.474999999998545, 5949600.375 ], [ 43646.69999999999709, 5949600.375 ], [ 43646.69999999999709, 5949600.299999999813735 ], [ 43646.849999999998545, 5949600.299999999813735 ], [ 43646.849999999998545, 5949600.224999999627471 ], [ 43647.0, 5949600.224999999627471 ], [ 43647.0, 5949600.150000000372529 ], [ 43647.150000000001455, 5949600.150000000372529 ], [ 43647.150000000001455, 5949600.075000000186265 ], [ 43647.224999999998545, 5949600.075000000186265 ], [ 43647.224999999998545, 5949600.0 ], [ 43647.375, 5949600.0 ], [ 43647.375, 5949599.924999999813735 ], [ 43647.525000000001455, 5949599.924999999813735 ], [ 43647.525000000001455, 5949599.849999999627471 ], [ 43647.67500000000291, 5949599.849999999627471 ], [ 43647.67500000000291, 5949599.775000000372529 ], [ 43647.82499999999709, 5949599.775000000372529 ], [ 43647.82499999999709, 5949599.700000000186265 ], [ 43647.974999999998545, 5949599.700000000186265 ], [ 43647.974999999998545, 5949599.625 ], [ 43648.125, 5949599.625 ], [ 43648.125, 5949599.549999999813735 ], [ 43648.275000000001455, 5949599.549999999813735 ], [ 43648.275000000001455, 5949599.474999999627471 ], [ 43648.349999999998545, 5949599.474999999627471 ], [ 43648.349999999998545, 5949599.400000000372529 ], [ 43648.42500000000291, 5949599.400000000372529 ], [ 43648.42500000000291, 5949599.25 ], [ 43648.5, 5949599.25 ], [ 43648.5, 5949599.174999999813735 ], [ 43648.57499999999709, 5949599.174999999813735 ], [ 43648.57499999999709, 5949599.099999999627471 ], [ 43648.650000000001455, 5949599.099999999627471 ], [ 43648.650000000001455, 5949599.025000000372529 ], [ 43648.724999999998545, 5949599.025000000372529 ], [ 43648.724999999998545, 5949598.950000000186265 ], [ 43648.80000000000291, 5949598.950000000186265 ], [ 43648.80000000000291, 5949598.799999999813735 ], [ 43648.875, 5949598.799999999813735 ], [ 43648.875, 5949598.724999999627471 ], [ 43648.94999999999709, 5949598.724999999627471 ], [ 43648.94999999999709, 5949598.575000000186265 ], [ 43649.025000000001455, 5949598.575000000186265 ], [ 43649.025000000001455, 5949598.424999999813735 ], [ 43649.099999999998545, 5949598.424999999813735 ], [ 43649.099999999998545, 5949598.275000000372529 ], [ 43649.17500000000291, 5949598.275000000372529 ], [ 43649.17500000000291, 5949598.200000000186265 ], [ 43649.25, 5949598.200000000186265 ], [ 43649.25, 5949598.049999999813735 ], [ 43649.32499999999709, 5949598.049999999813735 ], [ 43649.32499999999709, 5949597.900000000372529 ], [ 43649.400000000001455, 5949597.900000000372529 ], [ 43649.400000000001455, 5949597.674999999813735 ], [ 43649.474999999998545, 5949597.674999999813735 ], [ 43649.474999999998545, 5949597.375 ], [ 43649.400000000001455, 5949597.375 ], [ 43649.400000000001455, 5949597.224999999627471 ], [ 43649.32499999999709, 5949597.224999999627471 ], [ 43649.32499999999709, 5949597.075000000186265 ], [ 43649.25, 5949597.075000000186265 ], [ 43649.25, 5949596.849999999627471 ], [ 43649.17500000000291, 5949596.849999999627471 ], [ 43649.17500000000291, 5949596.700000000186265 ], [ 43649.099999999998545, 5949596.700000000186265 ], [ 43649.099999999998545, 5949596.474999999627471 ], [ 43649.025000000001455, 5949596.474999999627471 ], [ 43649.025000000001455, 5949596.25 ], [ 43648.94999999999709, 5949596.25 ], [ 43648.94999999999709, 5949596.025000000372529 ], [ 43648.875, 5949596.025000000372529 ], [ 43648.875, 5949595.799999999813735 ], [ 43648.80000000000291, 5949595.799999999813735 ], [ 43648.80000000000291, 5949595.575000000186265 ], [ 43648.724999999998545, 5949595.575000000186265 ], [ 43648.724999999998545, 5949595.424999999813735 ], [ 43648.650000000001455, 5949595.424999999813735 ], [ 43648.650000000001455, 5949595.275000000372529 ], [ 43648.57499999999709, 5949595.275000000372529 ], [ 43648.57499999999709, 5949595.049999999813735 ], [ 43648.5, 5949595.049999999813735 ], [ 43648.5, 5949594.900000000372529 ], [ 43648.42500000000291, 5949594.900000000372529 ], [ 43648.42500000000291, 5949594.674999999813735 ], [ 43648.349999999998545, 5949594.674999999813735 ], [ 43648.349999999998545, 5949594.450000000186265 ], [ 43648.275000000001455, 5949594.450000000186265 ], [ 43648.275000000001455, 5949594.224999999627471 ], [ 43648.19999999999709, 5949594.224999999627471 ], [ 43648.19999999999709, 5949594.0 ], [ 43648.125, 5949594.0 ], [ 43648.125, 5949593.775000000372529 ], [ 43648.05000000000291, 5949593.775000000372529 ], [ 43648.05000000000291, 5949593.549999999813735 ], [ 43647.974999999998545, 5949593.549999999813735 ], [ 43647.974999999998545, 5949593.25 ], [ 43647.900000000001455, 5949593.25 ], [ 43647.900000000001455, 5949592.950000000186265 ], [ 43647.82499999999709, 5949592.950000000186265 ], [ 43647.82499999999709, 5949592.650000000372529 ], [ 43647.75, 5949592.650000000372529 ], [ 43647.75, 5949592.349999999627471 ], [ 43647.67500000000291, 5949592.349999999627471 ], [ 43647.67500000000291, 5949592.049999999813735 ], [ 43647.599999999998545, 5949592.049999999813735 ], [ 43647.599999999998545, 5949591.674999999813735 ], [ 43647.525000000001455, 5949591.674999999813735 ], [ 43647.525000000001455, 5949591.150000000372529 ], [ 43647.44999999999709, 5949591.150000000372529 ], [ 43647.44999999999709, 5949590.700000000186265 ], [ 43647.375, 5949590.700000000186265 ], [ 43647.375, 5949590.174999999813735 ], [ 43647.30000000000291, 5949590.174999999813735 ], [ 43647.30000000000291, 5949589.724999999627471 ], [ 43647.224999999998545, 5949589.724999999627471 ], [ 43647.224999999998545, 5949589.125 ], [ 43647.150000000001455, 5949589.125 ], [ 43647.150000000001455, 5949588.599999999627471 ], [ 43647.07499999999709, 5949588.599999999627471 ], [ 43647.07499999999709, 5949588.075000000186265 ], [ 43647.0, 5949588.075000000186265 ], [ 43647.0, 5949587.700000000186265 ], [ 43646.92500000000291, 5949587.700000000186265 ], [ 43646.92500000000291, 5949587.325000000186265 ], [ 43646.849999999998545, 5949587.325000000186265 ], [ 43646.849999999998545, 5949587.174999999813735 ], [ 43646.775000000001455, 5949587.174999999813735 ], [ 43646.775000000001455, 5949587.099999999627471 ], [ 43646.69999999999709, 5949587.099999999627471 ], [ 43646.69999999999709, 5949587.025000000372529 ], [ 43646.625, 5949587.025000000372529 ], [ 43646.625, 5949586.950000000186265 ], [ 43646.55000000000291, 5949586.950000000186265 ], [ 43646.55000000000291, 5949586.875 ], [ 43646.400000000001455, 5949586.875 ], [ 43646.400000000001455, 5949586.799999999813735 ], [ 43646.32499999999709, 5949586.799999999813735 ], [ 43646.32499999999709, 5949586.724999999627471 ], [ 43646.25, 5949586.724999999627471 ], [ 43646.25, 5949586.650000000372529 ], [ 43646.099999999998545, 5949586.650000000372529 ], [ 43646.099999999998545, 5949586.575000000186265 ], [ 43646.025000000001455, 5949586.575000000186265 ], [ 43646.025000000001455, 5949586.5 ], [ 43645.875, 5949586.5 ], [ 43645.875, 5949586.424999999813735 ], [ 43645.724999999998545, 5949586.424999999813735 ], [ 43645.724999999998545, 5949586.349999999627471 ], [ 43645.650000000001455, 5949586.349999999627471 ], [ 43645.650000000001455, 5949586.275000000372529 ], [ 43645.5, 5949586.275000000372529 ], [ 43645.5, 5949586.200000000186265 ], [ 43645.349999999998545, 5949586.200000000186265 ], [ 43645.349999999998545, 5949586.125 ], [ 43645.19999999999709, 5949586.125 ], [ 43645.19999999999709, 5949586.049999999813735 ], [ 43645.05000000000291, 5949586.049999999813735 ], [ 43645.05000000000291, 5949585.974999999627471 ], [ 43644.900000000001455, 5949585.974999999627471 ], [ 43644.900000000001455, 5949585.900000000372529 ], [ 43644.67500000000291, 5949585.900000000372529 ], [ 43644.67500000000291, 5949585.825000000186265 ], [ 43644.525000000001455, 5949585.825000000186265 ], [ 43644.525000000001455, 5949585.75 ], [ 43644.375, 5949585.75 ], [ 43644.375, 5949585.674999999813735 ], [ 43644.150000000001455, 5949585.674999999813735 ], [ 43644.150000000001455, 5949585.599999999627471 ], [ 43644.0, 5949585.599999999627471 ], [ 43644.0, 5949585.525000000372529 ], [ 43643.775000000001455, 5949585.525000000372529 ], [ 43643.775000000001455, 5949585.450000000186265 ], [ 43643.55000000000291, 5949585.450000000186265 ], [ 43643.55000000000291, 5949585.375 ], [ 43643.32499999999709, 5949585.375 ], [ 43643.32499999999709, 5949585.299999999813735 ], [ 43643.099999999998545, 5949585.299999999813735 ], [ 43643.099999999998545, 5949585.224999999627471 ], [ 43642.80000000000291, 5949585.224999999627471 ], [ 43642.80000000000291, 5949585.150000000372529 ], [ 43642.57499999999709, 5949585.150000000372529 ], [ 43642.57499999999709, 5949585.075000000186265 ], [ 43642.275000000001455, 5949585.075000000186265 ], [ 43642.275000000001455, 5949585.0 ], [ 43641.974999999998545, 5949585.0 ], [ 43641.974999999998545, 5949584.924999999813735 ], [ 43641.599999999998545, 5949584.924999999813735 ], [ 43641.599999999998545, 5949584.849999999627471 ], [ 43641.224999999998545, 5949584.849999999627471 ], [ 43641.224999999998545, 5949584.775000000372529 ], [ 43640.92500000000291, 5949584.775000000372529 ], [ 43640.92500000000291, 5949584.700000000186265 ], [ 43640.69999999999709, 5949584.700000000186265 ], [ 43640.69999999999709, 5949584.625 ], [ 43640.474999999998545, 5949584.625 ], [ 43640.474999999998545, 5949584.549999999813735 ], [ 43640.17500000000291, 5949584.549999999813735 ], [ 43640.17500000000291, 5949584.474999999627471 ], [ 43639.80000000000291, 5949584.474999999627471 ], [ 43639.80000000000291, 5949584.400000000372529 ], [ 43639.349999999998545, 5949584.400000000372529 ], [ 43639.349999999998545, 5949584.325000000186265 ], [ 43638.900000000001455, 5949584.325000000186265 ], [ 43638.900000000001455, 5949584.25 ], [ 43638.375, 5949584.25 ], [ 43638.375, 5949584.174999999813735 ], [ 43637.775000000001455, 5949584.174999999813735 ], [ 43637.775000000001455, 5949584.099999999627471 ], [ 43636.80000000000291, 5949584.099999999627471 ], [ 43636.80000000000291, 5949584.025000000372529 ], [ 43635.30000000000291, 5949584.025000000372529 ], [ 43635.30000000000291, 5949583.950000000186265 ], [ 43633.19999999999709, 5949583.950000000186265 ], [ 43633.19999999999709, 5949583.875 ], [ 43633.125, 5949583.875 ], [ 43633.125, 5949583.799999999813735 ], [ 43633.05000000000291, 5949583.799999999813735 ], [ 43633.05000000000291, 5949583.650000000372529 ], [ 43632.974999999998545, 5949583.650000000372529 ], [ 43632.974999999998545, 5949583.575000000186265 ], [ 43632.900000000001455, 5949583.575000000186265 ], [ 43632.900000000001455, 5949583.424999999813735 ], [ 43632.82499999999709, 5949583.424999999813735 ], [ 43632.82499999999709, 5949583.275000000372529 ], [ 43632.75, 5949583.275000000372529 ], [ 43632.75, 5949583.200000000186265 ], [ 43632.67500000000291, 5949583.200000000186265 ], [ 43632.67500000000291, 5949583.049999999813735 ], [ 43632.599999999998545, 5949583.049999999813735 ], [ 43632.599999999998545, 5949582.900000000372529 ], [ 43632.525000000001455, 5949582.900000000372529 ], [ 43632.525000000001455, 5949582.825000000186265 ], [ 43632.44999999999709, 5949582.825000000186265 ], [ 43632.44999999999709, 5949582.674999999813735 ], [ 43632.375, 5949582.674999999813735 ], [ 43632.375, 5949582.599999999627471 ], [ 43632.30000000000291, 5949582.599999999627471 ], [ 43632.30000000000291, 5949582.450000000186265 ], [ 43632.224999999998545, 5949582.450000000186265 ], [ 43632.224999999998545, 5949582.299999999813735 ], [ 43632.150000000001455, 5949582.299999999813735 ], [ 43632.150000000001455, 5949582.224999999627471 ], [ 43632.07499999999709, 5949582.224999999627471 ], [ 43632.07499999999709, 5949582.075000000186265 ], [ 43632.0, 5949582.075000000186265 ], [ 43632.0, 5949582.0 ], [ 43631.92500000000291, 5949582.0 ], [ 43631.92500000000291, 5949579.0 ], [ 43683.0, 5949579.0 ], [ 43683.0, 5949604.950000000186265 ], [ 43680.0, 5949604.950000000186265 ], [ 43680.0, 5949605.025000000372529 ], [ 43679.92500000000291, 5949605.025000000372529 ], [ 43679.92500000000291, 5949605.174999999813735 ], [ 43679.849999999998545, 5949605.174999999813735 ], [ 43679.849999999998545, 5949605.25 ], [ 43679.775000000001455, 5949605.25 ], [ 43679.775000000001455, 5949605.325000000186265 ], [ 43679.69999999999709, 5949605.325000000186265 ], [ 43679.69999999999709, 5949605.400000000372529 ], [ 43679.625, 5949605.400000000372529 ], [ 43679.625, 5949605.549999999813735 ], [ 43679.55000000000291, 5949605.549999999813735 ], [ 43679.55000000000291, 5949605.625 ], [ 43679.474999999998545, 5949605.625 ], [ 43679.474999999998545, 5949605.775000000372529 ], [ 43679.400000000001455, 5949605.775000000372529 ], [ 43679.400000000001455, 5949605.849999999627471 ], [ 43679.32499999999709, 5949605.849999999627471 ], [ 43679.32499999999709, 5949606.0 ], [ 43679.25, 5949606.0 ], [ 43679.25, 5949606.150000000372529 ], [ 43679.17500000000291, 5949606.150000000372529 ], [ 43679.17500000000291, 5949606.224999999627471 ], [ 43679.099999999998545, 5949606.224999999627471 ], [ 43679.099999999998545, 5949606.375 ], [ 43679.025000000001455, 5949606.375 ], [ 43679.025000000001455, 5949606.450000000186265 ], [ 43678.94999999999709, 5949606.450000000186265 ], [ 43678.94999999999709, 5949606.599999999627471 ], [ 43678.875, 5949606.599999999627471 ], [ 43678.875, 5949606.674999999813735 ], [ 43678.80000000000291, 5949606.674999999813735 ], [ 43678.80000000000291, 5949606.825000000186265 ], [ 43678.724999999998545, 5949606.825000000186265 ], [ 43678.724999999998545, 5949606.900000000372529 ], [ 43678.650000000001455, 5949606.900000000372529 ], [ 43678.650000000001455, 5949607.049999999813735 ], [ 43678.57499999999709, 5949607.049999999813735 ], [ 43678.57499999999709, 5949607.125 ], [ 43678.5, 5949607.125 ], [ 43678.5, 5949607.200000000186265 ], [ 43678.42500000000291, 5949607.200000000186265 ], [ 43678.42500000000291, 5949607.349999999627471 ], [ 43678.349999999998545, 5949607.349999999627471 ], [ 43678.349999999998545, 5949607.575000000186265 ], [ 43678.275000000001455, 5949607.575000000186265 ], [ 43678.275000000001455, 5949607.724999999627471 ], [ 43678.19999999999709, 5949607.724999999627471 ], [ 43678.19999999999709, 5949607.950000000186265 ], [ 43678.125, 5949607.950000000186265 ], [ 43678.125, 5949608.25 ], [ 43678.05000000000291, 5949608.25 ], [ 43678.05000000000291, 5949608.700000000186265 ], [ 43677.974999999998545, 5949608.700000000186265 ], [ 43677.974999999998545, 5949609.224999999627471 ], [ 43677.900000000001455, 5949609.224999999627471 ], [ 43677.900000000001455, 5949610.049999999813735 ], [ 43677.82499999999709, 5949610.049999999813735 ], [ 43677.82499999999709, 5949610.875 ], [ 43677.75, 5949610.875 ], [ 43677.75, 5949611.924999999813735 ], [ 43677.67500000000291, 5949611.924999999813735 ], [ 43677.67500000000291, 5949613.125 ], [ 43677.599999999998545, 5949613.125 ], [ 43677.599999999998545, 5949614.325000000186265 ], [ 43677.525000000001455, 5949614.325000000186265 ], [ 43677.525000000001455, 5949615.525000000372529 ], [ 43677.44999999999709, 5949615.525000000372529 ], [ 43677.44999999999709, 5949616.5 ], [ 43677.375, 5949616.5 ], [ 43677.375, 5949617.325000000186265 ], [ 43677.30000000000291, 5949617.325000000186265 ], [ 43677.30000000000291, 5949618.075000000186265 ], [ 43677.224999999998545, 5949618.075000000186265 ], [ 43677.224999999998545, 5949618.75 ], [ 43677.150000000001455, 5949618.75 ], [ 43677.150000000001455, 5949619.424999999813735 ], [ 43677.07499999999709, 5949619.424999999813735 ], [ 43677.07499999999709, 5949619.950000000186265 ], [ 43677.0, 5949619.950000000186265 ], [ 43677.0, 5949620.549999999813735 ], [ 43676.92500000000291, 5949620.549999999813735 ], [ 43676.92500000000291, 5949621.0 ], [ 43676.849999999998545, 5949621.0 ], [ 43676.849999999998545, 5949621.75 ], [ 43676.775000000001455, 5949621.75 ], [ 43676.775000000001455, 5949622.424999999813735 ], [ 43676.69999999999709, 5949622.424999999813735 ], [ 43676.69999999999709, 5949623.025000000372529 ], [ 43676.625, 5949623.025000000372529 ], [ 43676.625, 5949623.849999999627471 ], [ 43676.55000000000291, 5949623.849999999627471 ], [ 43676.55000000000291, 5949624.525000000372529 ], [ 43676.474999999998545, 5949624.525000000372529 ], [ 43676.474999999998545, 5949625.125 ], [ 43676.400000000001455, 5949625.125 ], [ 43676.400000000001455, 5949625.650000000372529 ], [ 43676.32499999999709, 5949625.650000000372529 ], [ 43676.32499999999709, 5949626.099999999627471 ], [ 43676.25, 5949626.099999999627471 ], [ 43676.25, 5949626.549999999813735 ], [ 43676.17500000000291, 5949626.549999999813735 ], [ 43676.17500000000291, 5949627.075000000186265 ], [ 43676.099999999998545, 5949627.075000000186265 ], [ 43676.099999999998545, 5949627.674999999813735 ], [ 43676.025000000001455, 5949627.674999999813735 ], [ 43676.025000000001455, 5949628.200000000186265 ], [ 43675.94999999999709, 5949628.200000000186265 ], [ 43675.94999999999709, 5949628.650000000372529 ], [ 43675.875, 5949628.650000000372529 ], [ 43675.875, 5949629.025000000372529 ], [ 43675.80000000000291, 5949629.025000000372529 ], [ 43675.80000000000291, 5949629.25 ], [ 43675.724999999998545, 5949629.25 ], [ 43675.724999999998545, 5949629.474999999627471 ], [ 43675.650000000001455, 5949629.474999999627471 ], [ 43675.650000000001455, 5949629.625 ], [ 43675.57499999999709, 5949629.625 ], [ 43675.57499999999709, 5949629.775000000372529 ], [ 43675.5, 5949629.775000000372529 ], [ 43675.5, 5949629.924999999813735 ], [ 43675.42500000000291, 5949629.924999999813735 ], [ 43675.42500000000291, 5949630.075000000186265 ], [ 43675.349999999998545, 5949630.075000000186265 ], [ 43675.349999999998545, 5949630.224999999627471 ], [ 43675.275000000001455, 5949630.224999999627471 ], [ 43675.275000000001455, 5949630.299999999813735 ], [ 43675.19999999999709, 5949630.299999999813735 ], [ 43675.19999999999709, 5949630.375 ], [ 43675.125, 5949630.375 ], [ 43675.125, 5949630.525000000372529 ], [ 43675.05000000000291, 5949630.525000000372529 ], [ 43675.05000000000291, 5949630.599999999627471 ], [ 43674.974999999998545, 5949630.599999999627471 ], [ 43674.974999999998545, 5949630.674999999813735 ], [ 43674.82499999999709, 5949630.674999999813735 ], [ 43674.82499999999709, 5949630.75 ], [ 43674.75, 5949630.75 ], [ 43674.75, 5949630.825000000186265 ], [ 43674.67500000000291, 5949630.825000000186265 ], [ 43674.67500000000291, 5949630.900000000372529 ], [ 43674.599999999998545, 5949630.900000000372529 ], [ 43674.599999999998545, 5949630.974999999627471 ], [ 43674.525000000001455, 5949630.974999999627471 ], [ 43674.525000000001455, 5949631.049999999813735 ], [ 43674.375, 5949631.049999999813735 ], [ 43674.375, 5949631.125 ], [ 43674.30000000000291, 5949631.125 ], [ 43674.30000000000291, 5949631.200000000186265 ], [ 43674.150000000001455, 5949631.200000000186265 ], [ 43674.150000000001455, 5949631.275000000372529 ], [ 43674.07499999999709, 5949631.275000000372529 ], [ 43674.07499999999709, 5949631.349999999627471 ], [ 43673.92500000000291, 5949631.349999999627471 ], [ 43673.92500000000291, 5949631.424999999813735 ], [ 43673.849999999998545, 5949631.424999999813735 ], [ 43673.849999999998545, 5949631.5 ], [ 43673.69999999999709, 5949631.5 ], [ 43673.69999999999709, 5949631.575000000186265 ], [ 43673.55000000000291, 5949631.575000000186265 ], [ 43673.55000000000291, 5949631.650000000372529 ], [ 43673.32499999999709, 5949631.650000000372529 ], [ 43673.32499999999709, 5949631.724999999627471 ], [ 43673.099999999998545, 5949631.724999999627471 ], [ 43673.099999999998545, 5949631.799999999813735 ], [ 43672.80000000000291, 5949631.799999999813735 ], [ 43672.80000000000291, 5949631.875 ], [ 43672.5, 5949631.875 ], [ 43672.5, 5949631.950000000186265 ], [ 43669.349999999998545, 5949631.950000000186265 ], [ 43669.349999999998545, 5949631.875 ], [ 43668.44999999999709, 5949631.875 ], [ 43668.44999999999709, 5949631.799999999813735 ], [ 43667.474999999998545, 5949631.799999999813735 ], [ 43667.474999999998545, 5949631.724999999627471 ], [ 43666.650000000001455, 5949631.724999999627471 ], [ 43666.650000000001455, 5949631.650000000372529 ], [ 43665.82499999999709, 5949631.650000000372529 ], [ 43665.82499999999709, 5949631.575000000186265 ], [ 43665.150000000001455, 5949631.575000000186265 ], [ 43665.150000000001455, 5949631.5 ], [ 43663.42500000000291, 5949631.5 ], [ 43663.42500000000291, 5949631.575000000186265 ], [ 43662.375, 5949631.575000000186265 ], [ 43662.375, 5949631.650000000372529 ], [ 43662.0, 5949631.650000000372529 ], [ 43662.0, 5949631.724999999627471 ], [ 43661.55000000000291, 5949631.724999999627471 ], [ 43661.55000000000291, 5949631.799999999813735 ], [ 43661.025000000001455, 5949631.799999999813735 ], [ 43661.025000000001455, 5949631.875 ], [ 43660.42500000000291, 5949631.875 ], [ 43660.42500000000291, 5949631.950000000186265 ], [ 43659.599999999998545, 5949631.950000000186265 ], [ 43659.599999999998545, 5949632.025000000372529 ], [ 43658.625, 5949632.025000000372529 ], [ 43658.625, 5949632.099999999627471 ], [ 43657.42500000000291, 5949632.099999999627471 ], [ 43657.42500000000291, 5949632.174999999813735 ], [ 43655.92500000000291, 5949632.174999999813735 ], [ 43655.92500000000291, 5949632.25 ], [ 43652.099999999998545, 5949632.25 ], [ 43652.099999999998545, 5949632.325000000186265 ], [ 43648.19999999999709, 5949632.325000000186265 ] ] ] } }
]
}
