{
"type": "FeatureCollection",
"name": "43683E594282N_buildings",
"crs": { "type": "name", "properties": { "name": "urn:ogc:def:crs:EPSG::3776" } },
"features": [
{ "type": "Feature", "properties": { "value": 1.0, "building_id": 0, "area": 128.81250000026466 }, "geometry": { "type": "Polygon", "coordinates": [ [ [ 43865.55000000000291, 5943579.0 ], [ 43865.55000000000291, 5943576.0 ], [ 43865.625, 5943576.0 ], [ 43865.625, 5943575.924999999813735 ], [ 43865.69999999999709, 5943575.924999999813735 ], [ 43865.69999999999709, 5943575.849999999627471 ], [ 43865.775000000001455, 5943575.849999999627471 ], [ 43865.775000000001455, 5943575.775000000372529 ], [ 43865.849999999998545, 5943575.775000000372529 ], [ 43865.849999999998545, 5943575.700000000186265 ], [ 43865.92500000000291, 5943575.700000000186265 ], [ 43865.92500000000291, 5943575.625 ], [ 43866.0, 5943575.625 ], [ 43866.0, 5943575.474999999627471 ], [ 43866.07499999999709, 5943575.474999999627471 ], [ 43866.07499999999709, 5943575.400000000372529 ], [ 43866.150000000001455, 5943575.400000000372529 ], [ 43866.150000000001455, 5943575.325000000186265 ], [ 43866.224999999998545, 5943575.325000000186265 ], [ 43866.224999999998545, 5943575.25 ], [ 43866.30000000000291, 5943575.25 ], [ 43866.30000000000291, 5943575.174999999813735 ], [ 43866.375, 5943575.174999999813735 ], [ 43866.375, 5943575.099999999627471 ], [ 43866.44999999999709, 5943575.099999999627471 ], [ 43866.44999999999709, 5943575.025000000372529 ], [ 43866.525000000001455, 5943575.025000000372529 ], [ 43866.525000000001455, 5943574.875 ], [ 43866.599999999998545, 5943574.875 ], [ 43866.599999999998545, 5943574.799999999813735 ], [ 43866.67500000000291, 5943574.799999999813735 ], [ 43866.67500000000291, 5943574.724999999627471 ], [ 43866.75, 5943574.724999999627471 ], [ 43866.75, 5943574.650000000372529 ], [ 43866.82499999999709, 5943574.650000000372529 ], [ 43866.82499999999709, 5943574.575000000186265 ], [ 43866.900000000001455, 5943574.575000000186265 ], [ 43866.900000000001455, 5943574.424999999813735 ], [ 43866.974999999998545, 5943574.424999999813735 ], [ 43866.974999999998545, 5943574.349999999627471 ], [ 43867.05000000000291, 5943574.349999999627471 ], [ 43867.05000000000291, 5943574.275000000372529 ], [ 43867.125, 5943574.275000000372529 ], [ 43867.125, 5943574.125 ], [ 43867.19999999999709, 5943574.125 ], [ 43867.19999999999709, 5943574.049999999813735 ], [ 43867.349999999998545, 5943574.049999999813735 ], [ 43867.349999999998545, 5943573.974999999627471 ], [ 43867.5, 5943573.974999999627471 ], [ 43867.5, 5943573.900000000372529 ], [ 43867.57499999999709, 5943573.900000000372529 ], [ 43867.57499999999709, 5943573.825000000186265 ], [ 43867.724999999998545, 5943573.825000000186265 ], [ 43867.724999999998545, 5943573.75 ], [ 43867.875, 5943573.75 ], [ 43867.875, 5943573.674999999813735 ], [ 43867.94999999999709, 5943573.674999999813735 ], [ 43867.94999999999709, 5943573.599999999627471 ], [ 43868.099999999998545, 5943573.599999999627471 ], [ 43868.099999999998545, 5943573.525000000372529 ], [ 43868.25, 5943573.525000000372529 ], [ 43868.25, 5943573.450000000186265 ], [ 43868.32499999999709, 5943573.450000000186265 ], [ 43868.32499999999709, 5943573.375 ], [ 43868.474999999998545, 5943573.375 ], [ 43868.474999999998545, 5943573.299999999813735 ], [ 43868.625, 5943573.299999999813735 ], [ 43868.625, 5943573.224999999627471 ], [ 43868.775000000001455, 5943573.224999999627471 ], [ 43868.775000000001455, 5943573.150000000372529 ], [ 43868.849999999998545, 5943573.150000000372529 ], [ 43868.849999999998545, 5943573.075000000186265 ], [ 43869.0, 5943573.075000000186265 ], [ 43869.0, 5943573.0 ], [ 43869.150000000001455, 5943573.0 ], [ 43869.150000000001455, 5943572.924999999813735 ], [ 43869.30000000000291, 5943572.924999999813735 ], [ 43869.30000000000291, 5943572.849999999627471 ], [ 43869.375, 5943572.849999999627471 ], [ 43869.375, 5943572.775000000372529 ], [ 43869.525000000001455, 5943572.775000000372529 ], [ 43869.525000000001455, 5943572.700000000186265 ], [ 43869.67500000000291, 5943572.700000000186265 ], [ 43869.67500000000291, 5943572.625 ], [ 43869.75, 5943572.625 ], [ 43869.75, 5943572.549999999813735 ], [ 43869.900000000001455, 5943572.549999999813735 ], [ 43869.900000000001455, 5943572.474999999627471 ], [ 43869.974999999998545, 5943572.474999999627471 ], [ 43869.974999999998545, 5943572.400000000372529 ], [ 43870.05000000000291, 5943572.400000000372529 ], [ 43870.05000000000291, 5943572.325000000186265 ], [ 43870.125, 5943572.325000000186265 ], [ 43870.125, 5943572.25 ], [ 43870.19999999999709, 5943572.25 ], [ 43870.19999999999709, 5943572.174999999813735 ], [ 43870.275000000001455, 5943572.174999999813735 ], [ 43870.275000000001455, 5943572.099999999627471 ], [ 43870.349999999998545, 5943572.099999999627471 ], [ 43870.349999999998545, 5943572.025000000372529 ], [ 43870.5, 5943572.025000000372529 ], [ 43870.5, 5943571.950000000186265 ], [ 43870.57499999999709, 5943571.950000000186265 ], [ 43870.57499999999709, 5943571.875 ], [ 43870.650000000001455, 5943571.875 ], [ 43870.650000000001455, 5943571.799999999813735 ], [ 43870.724999999998545, 5943571.799999999813735 ], [ 43870.724999999998545, 5943571.724999999627471 ], [ 43870.875, 5943571.724999999627471 ], [ 43870.875, 5943571.650000000372529 ], [ 43870.94999999999709, 5943571.650000000372529 ], [ 43870.94999999999709, 5943571.575000000186265 ], [ 43871.099999999998545, 5943571.575000000186265 ], [ 43871.099999999998545, 5943571.5 ], [ 43871.25, 5943571.5 ], [ 43871.25, 5943571.424999999813735 ], [ 43871.400000000001455, 5943571.424999999813735 ], [ 43871.400000000001455, 5943571.349999999627471 ], [ 43871.474999999998545, 5943571.349999999627471 ], [ 43871.474999999998545, 5943571.275000000372529 ], [ 43871.625, 5943571.275000000372529 ], [ 43871.625, 5943571.200000000186265 ], [ 43871.775000000001455, 5943571.200000000186265 ], [ 43871.775000000001455, 5943571.125 ], [ 43871.92500000000291, 5943571.125 ], [ 43871.92500000000291, 5943571.049999999813735 ], [ 43872.07499999999709, 5943571.049999999813735 ], [ 43872.07499999999709, 5943570.974999999627471 ], [ 43872.150000000001455, 5943570.974999999627471 ], [ 43872.150000000001455, 5943570.900000000372529 ], [ 43872.30000000000291, 5943570.900000000372529 ], [ 43872.30000000000291, 5943570.825000000186265 ], [ 43872.44999999999709, 5943570.825000000186265 ], [ 43872.44999999999709, 5943570.75 ], [ 43872.525000000001455, 5943570.75 ], [ 43872.525000000001455, 5943570.674999999813735 ], [ 43872.599999999998545, 5943570.674999999813735 ], [ 43872.599999999998545, 5943570.599999999627471 ], [ 43872.75, 5943570.599999999627471 ], [ 43872.75, 5943570.525000000372529 ], [ 43872.82499999999709, 5943570.525000000372529 ], [ 43872.82499999999709, 5943570.450000000186265 ], [ 43872.900000000001455, 5943570.450000000186265 ], [ 43872.900000000001455, 5943570.375 ], [ 43872.974999999998545, 5943570.375 ], [ 43872.974999999998545, 5943570.299999999813735 ], [ 43873.05000000000291, 5943570.299999999813735 ], [ 43873.05000000000291, 5943570.224999999627471 ], [ 43873.19999999999709, 5943570.224999999627471 ], [ 43873.19999999999709, 5943570.150000000372529 ], [ 43873.275000000001455, 5943570.150000000372529 ], [ 43873.275000000001455, 5943570.075000000186265 ], [ 43873.349999999998545, 5943570.075000000186265 ], [ 43873.349999999998545, 5943570.0 ], [ 43873.5, 5943570.0 ], [ 43873.5, 5943569.924999999813735 ], [ 43873.80000000000291, 5943569.924999999813735 ], [ 43873.80000000000291, 5943569.849999999627471 ], [ 43874.099999999998545, 5943569.849999999627471 ], [ 43874.099999999998545, 5943569.775000000372529 ], [ 43874.32499999999709, 5943569.775000000372529 ], [ 43874.32499999999709, 5943569.700000000186265 ], [ 43874.625, 5943569.700000000186265 ], [ 43874.625, 5943569.625 ], [ 43874.92500000000291, 5943569.625 ], [ 43874.92500000000291, 5943569.549999999813735 ], [ 43875.224999999998545, 5943569.549999999813735 ], [ 43875.224999999998545, 5943569.474999999627471 ], [ 43875.67500000000291, 5943569.474999999627471 ], [ 43875.67500000000291, 5943569.549999999813735 ], [ 43876.275000000001455, 5943569.549999999813735 ], [ 43876.275000000001455, 5943569.625 ], [ 43876.724999999998545, 5943569.625 ], [ 43876.724999999998545, 5943569.700000000186265 ], [ 43877.17500000000291, 5943569.700000000186265 ], [ 43877.17500000000291, 5943569.775000000372529 ], [ 43877.55000000000291, 5943569.775000000372529 ], [ 43877.55000000000291, 5943569.849999999627471 ], [ 43877.849999999998545, 5943569.849999999627471 ], [ 43877.849999999998545, 5943569.924999999813735 ], [ 43878.150000000001455, 5943569.924999999813735 ], [ 43878.150000000001455, 5943570.0 ], [ 43878.44999999999709, 5943570.0 ], [ 43878.44999999999709, 5943570.075000000186265 ], [ 43878.67500000000291, 5943570.075000000186265 ], [ 43878.67500000000291, 5943570.150000000372529 ], [ 43878.900000000001455, 5943570.150000000372529 ], [ 43878.900000000001455, 5943570.224999999627471 ], [ 43879.05000000000291, 5943570.224999999627471 ], [ 43879.05000000000291, 5943570.299999999813735 ], [ 43879.19999999999709, 5943570.299999999813735 ], [ 43879.19999999999709, 5943570.375 ], [ 43879.349999999998545, 5943570.375 ], [ 43879.349999999998545, 5943570.450000000186265 ], [ 43879.5, 5943570.450000000186265 ], [ 43879.5, 5943570.525000000372529 ], [ 43879.650000000001455, 5943570.525000000372529 ], [ 43879.650000000001455, 5943570.599999999627471 ], [ 43879.80000000000291, 5943570.599999999627471 ], [ 43879.80000000000291, 5943570.674999999813735 ], [ 43879.875, 5943570.674999999813735 ], [ 43879.875, 5943570.75 ], [ 43880.025000000001455, 5943570.75 ], [ 43880.025000000001455, 5943570.825000000186265 ], [ 43880.099999999998545, 5943570.825000000186265 ], [ 43880.099999999998545, 5943570.900000000372529 ], [ 43880.25, 5943570.900000000372529 ], [ 43880.25, 5943570.974999999627471 ], [ 43880.32499999999709, 5943570.974999999627471 ], [ 43880.32499999999709, 5943571.049999999813735 ], [ 43880.400000000001455, 5943571.049999999813735 ], [ 43880.400000000001455, 5943571.125 ], [ 43880.474999999998545, 5943571.125 ], [ 43880.474999999998545, 5943571.200000000186265 ], [ 43880.55000000000291, 5943571.200000000186265 ], [ 43880.55000000000291, 5943571.275000000372529 ], [ 43880.625, 5943571.275000000372529 ], [ 43880.625, 5943571.349999999627471 ], [ 43880.69999999999709, 5943571.349999999627471 ], [ 43880.69999999999709, 5943571.424999999813735 ], [ 43880.775000000001455, 5943571.424999999813735 ], [ 43880.775000000001455, 5943571.5 ], [ 43880.849999999998545, 5943571.5 ], [ 43880.849999999998545, 5943571.575000000186265 ], [ 43880.92500000000291, 5943571.575000000186265 ], [ 43880.92500000000291, 5943571.650000000372529 ], [ 43881.0, 5943571.650000000372529 ], [ 43881.0, 5943571.799999999813735 ], [ 43881.07499999999709, 5943571.799999999813735 ], [ 43881.07499999999709, 5943571.875 ], [ 43881.150000000001455, 5943571.875 ], [ 43881.150000000001455, 5943572.025000000372529 ], [ 43881.224999999998545, 5943572.025000000372529 ], [ 43881.224999999998545, 5943572.099999999627471 ], [ 43881.30000000000291, 5943572.099999999627471 ], [ 43881.30000000000291, 5943572.174999999813735 ], [ 43881.44999999999709, 5943572.174999999813735 ], [ 43881.44999999999709, 5943572.25 ], [ 43881.599999999998545, 5943572.25 ], [ 43881.599999999998545, 5943572.325000000186265 ], [ 43881.67500000000291, 5943572.325000000186265 ], [ 43881.67500000000291, 5943572.400000000372529 ], [ 43881.75, 5943572.400000000372529 ], [ 43881.75, 5943572.474999999627471 ], [ 43881.82499999999709, 5943572.474999999627471 ], [ 43881.82499999999709, 5943572.549999999813735 ], [ 43881.900000000001455, 5943572.549999999813735 ], [ 43881.900000000001455, 5943572.625 ], [ 43881.974999999998545, 5943572.625 ], [ 43881.974999999998545, 5943572.700000000186265 ], [ 43882.05000000000291, 5943572.700000000186265 ], [ 43882.05000000000291, 5943572.775000000372529 ], [ 43882.125, 5943572.775000000372529 ], [ 43882.125, 5943572.849999999627471 ], [ 43882.19999999999709, 5943572.849999999627471 ], [ 43882.19999999999709, 5943573.0 ], [ 43882.275000000001455, 5943573.0 ], [ 43882.275000000001455, 5943573.075000000186265 ], [ 43882.349999999998545, 5943573.075000000186265 ], [ 43882.349999999998545, 5943573.224999999627471 ], [ 43882.42500000000291, 5943573.224999999627471 ], [ 43882.42500000000291, 5943573.375 ], [ 43882.5, 5943573.375 ], [ 43882.5, 5943573.525000000372529 ], [ 43882.57499999999709, 5943573.525000000372529 ], [ 43882.57499999999709, 5943573.75 ], [ 43882.650000000001455, 5943573.75 ], [ 43882.650000000001455, 5943573.974999999627471 ], [ 43882.724999999998545, 5943573.974999999627471 ], [ 43882.724999999998545, 5943574.5 ], [ 43882.80000000000291, 5943574.5 ], [ 43882.80000000000291, 5943575.174999999813735 ], [ 43882.875, 5943575.174999999813735 ], [ 43882.875, 5943576.0 ], [ 43882.94999999999709, 5943576.0 ], [ 43882.94999999999709, 5943579.0 ], [ 43865.55000000000291, 5943579.0 ] ] ] } },
{ "type": "Feature", "properties": { "value": 1.0, "building_id": 1, "area": 419.45625000026865 }, "geometry": { "type": "Polygon", "coordinates": [ [ [ 43890.30000000000291, 5943579.0 ], [ 43890.30000000000291, 5943576.075000000186265 ], [ 43890.224999999998545, 5943576.075000000186265 ], [ 43890.224999999998545, 5943575.924999999813735 ], [ 43890.150000000001455, 5943575.924999999813735 ], [ 43890.150000000001455, 5943575.849999999627471 ], [ 43890.07499999999709, 5943575.849999999627471 ], [ 43890.07499999999709, 5943575.700000000186265 ], [ 43890.0, 5943575.700000000186265 ], [ 43890.0, 5943575.625 ], [ 43889.92500000000291, 5943575.625 ], [ 43889.92500000000291, 5943575.474999999627471 ], [ 43889.849999999998545, 5943575.474999999627471 ], [ 43889.849999999998545, 5943575.400000000372529 ], [ 43889.775000000001455, 5943575.400000000372529 ], [ 43889.775000000001455, 5943575.25 ], [ 43889.69999999999709, 5943575.25 ], [ 43889.69999999999709, 5943575.174999999813735 ], [ 43889.625, 5943575.174999999813735 ], [ 43889.625, 5943575.025000000372529 ], [ 43889.55000000000291, 5943575.025000000372529 ], [ 43889.55000000000291, 5943574.950000000186265 ], [ 43889.474999999998545, 5943574.950000000186265 ], [ 43889.474999999998545, 5943574.799999999813735 ], [ 43889.400000000001455, 5943574.799999999813735 ], [ 43889.400000000001455, 5943574.724999999627471 ], [ 43889.32499999999709, 5943574.724999999627471 ], [ 43889.32499999999709, 5943574.575000000186265 ], [ 43889.25, 5943574.575000000186265 ], [ 43889.25, 5943574.5 ], [ 43889.17500000000291, 5943574.5 ], [ 43889.17500000000291, 5943574.349999999627471 ], [ 43889.099999999998545, 5943574.349999999627471 ], [ 43889.099999999998545, 5943574.275000000372529 ], [ 43889.025000000001455, 5943574.275000000372529 ], [ 43889.025000000001455, 5943574.200000000186265 ], [ 43888.5, 5943574.200000000186265 ], [ 43888.5, 5943574.125 ], [ 43887.900000000001455, 5943574.125 ], [ 43887.900000000001455, 5943574.049999999813735 ], [ 43887.224999999998545, 5943574.049999999813735 ], [ 43887.224999999998545, 5943573.974999999627471 ], [ 43886.69999999999709, 5943573.974999999627471 ], [ 43886.69999999999709, 5943573.900000000372529 ], [ 43886.400000000001455, 5943573.900000000372529 ], [ 43886.400000000001455, 5943573.825000000186265 ], [ 43886.099999999998545, 5943573.825000000186265 ], [ 43886.099999999998545, 5943573.75 ], [ 43885.875, 5943573.75 ], [ 43885.875, 5943573.674999999813735 ], [ 43885.650000000001455, 5943573.674999999813735 ], [ 43885.650000000001455, 5943573.599999999627471 ], [ 43885.5, 5943573.599999999627471 ], [ 43885.5, 5943573.525000000372529 ], [ 43885.349999999998545, 5943573.525000000372529 ], [ 43885.349999999998545, 5943573.450000000186265 ], [ 43885.19999999999709, 5943573.450000000186265 ], [ 43885.19999999999709, 5943573.375 ], [ 43885.125, 5943573.375 ], [ 43885.125, 5943573.299999999813735 ], [ 43885.05000000000291, 5943573.299999999813735 ], [ 43885.05000000000291, 5943573.224999999627471 ], [ 43884.974999999998545, 5943573.224999999627471 ], [ 43884.974999999998545, 5943573.150000000372529 ], [ 43884.900000000001455, 5943573.150000000372529 ], [ 43884.900000000001455, 5943573.075000000186265 ], [ 43884.82499999999709, 5943573.075000000186265 ], [ 43884.82499999999709, 5943573.0 ], [ 43884.75, 5943573.0 ], [ 43884.75, 5943572.849999999627471 ], [ 43884.67500000000291, 5943572.849999999627471 ], [ 43884.67500000000291, 5943572.775000000372529 ], [ 43884.599999999998545, 5943572.775000000372529 ], [ 43884.599999999998545, 5943572.625 ], [ 43884.525000000001455, 5943572.625 ], [ 43884.525000000001455, 5943572.474999999627471 ], [ 43884.44999999999709, 5943572.474999999627471 ], [ 43884.44999999999709, 5943572.25 ], [ 43884.375, 5943572.25 ], [ 43884.375, 5943572.025000000372529 ], [ 43884.30000000000291, 5943572.025000000372529 ], [ 43884.30000000000291, 5943571.650000000372529 ], [ 43884.224999999998545, 5943571.650000000372529 ], [ 43884.224999999998545, 5943571.200000000186265 ], [ 43884.150000000001455, 5943571.200000000186265 ], [ 43884.150000000001455, 5943570.674999999813735 ], [ 43884.07499999999709, 5943570.674999999813735 ], [ 43884.07499999999709, 5943569.849999999627471 ], [ 43884.0, 5943569.849999999627471 ], [ 43884.0, 5943568.424999999813735 ], [ 43883.92500000000291, 5943568.424999999813735 ], [ 43883.92500000000291, 5943568.275000000372529 ], [ 43884.0, 5943568.275000000372529 ], [ 43884.0, 5943568.049999999813735 ], [ 43884.07499999999709, 5943568.049999999813735 ], [ 43884.07499999999709, 5943567.900000000372529 ], [ 43884.150000000001455, 5943567.900000000372529 ], [ 43884.150000000001455, 5943567.75 ], [ 43884.224999999998545, 5943567.75 ], [ 43884.224999999998545, 5943567.525000000372529 ], [ 43884.30000000000291, 5943567.525000000372529 ], [ 43884.30000000000291, 5943567.375 ], [ 43884.375, 5943567.375 ], [ 43884.375, 5943567.150000000372529 ], [ 43884.44999999999709, 5943567.150000000372529 ], [ 43884.44999999999709, 5943566.924999999813735 ], [ 43884.525000000001455, 5943566.924999999813735 ], [ 43884.525000000001455, 5943566.700000000186265 ], [ 43884.599999999998545, 5943566.700000000186265 ], [ 43884.599999999998545, 5943566.549999999813735 ], [ 43884.67500000000291, 5943566.549999999813735 ], [ 43884.67500000000291, 5943566.325000000186265 ], [ 43884.75, 5943566.325000000186265 ], [ 43884.75, 5943566.174999999813735 ], [ 43884.82499999999709, 5943566.174999999813735 ], [ 43884.82499999999709, 5943566.099999999627471 ], [ 43884.900000000001455, 5943566.099999999627471 ], [ 43884.900000000001455, 5943566.025000000372529 ], [ 43884.974999999998545, 5943566.025000000372529 ], [ 43884.974999999998545, 5943565.950000000186265 ], [ 43885.05000000000291, 5943565.950000000186265 ], [ 43885.05000000000291, 5943565.875 ], [ 43885.125, 5943565.875 ], [ 43885.125, 5943565.799999999813735 ], [ 43885.19999999999709, 5943565.799999999813735 ], [ 43885.19999999999709, 5943565.724999999627471 ], [ 43885.275000000001455, 5943565.724999999627471 ], [ 43885.275000000001455, 5943565.650000000372529 ], [ 43885.349999999998545, 5943565.650000000372529 ], [ 43885.349999999998545, 5943565.5 ], [ 43885.42500000000291, 5943565.5 ], [ 43885.42500000000291, 5943565.424999999813735 ], [ 43885.5, 5943565.424999999813735 ], [ 43885.5, 5943565.349999999627471 ], [ 43885.57499999999709, 5943565.349999999627471 ], [ 43885.57499999999709, 5943565.275000000372529 ], [ 43885.650000000001455, 5943565.275000000372529 ], [ 43885.650000000001455, 5943565.200000000186265 ], [ 43885.724999999998545, 5943565.200000000186265 ], [ 43885.724999999998545, 5943565.049999999813735 ], [ 43885.80000000000291, 5943565.049999999813735 ], [ 43885.80000000000291, 5943564.974999999627471 ], [ 43885.875, 5943564.974999999627471 ], [ 43885.875, 5943564.900000000372529 ], [ 43885.94999999999709, 5943564.900000000372529 ], [ 43885.94999999999709, 5943564.75 ], [ 43886.025000000001455, 5943564.75 ], [ 43886.025000000001455, 5943564.674999999813735 ], [ 43886.099999999998545, 5943564.674999999813735 ], [ 43886.099999999998545, 5943564.525000000372529 ], [ 43886.17500000000291, 5943564.525000000372529 ], [ 43886.17500000000291, 5943564.450000000186265 ], [ 43886.25, 5943564.450000000186265 ], [ 43886.25, 5943564.299999999813735 ], [ 43886.32499999999709, 5943564.299999999813735 ], [ 43886.32499999999709, 5943564.224999999627471 ], [ 43886.400000000001455, 5943564.224999999627471 ], [ 43886.400000000001455, 5943564.075000000186265 ], [ 43886.474999999998545, 5943564.075000000186265 ], [ 43886.474999999998545, 5943564.0 ], [ 43886.55000000000291, 5943564.0 ], [ 43886.55000000000291, 5943563.924999999813735 ], [ 43886.625, 5943563.924999999813735 ], [ 43886.625, 5943563.775000000372529 ], [ 43886.69999999999709, 5943563.775000000372529 ], [ 43886.69999999999709, 5943563.700000000186265 ], [ 43886.775000000001455, 5943563.700000000186265 ], [ 43886.775000000001455, 5943563.625 ], [ 43886.849999999998545, 5943563.625 ], [ 43886.849999999998545, 5943563.549999999813735 ], [ 43886.92500000000291, 5943563.549999999813735 ], [ 43886.92500000000291, 5943563.400000000372529 ], [ 43887.0, 5943563.400000000372529 ], [ 43887.0, 5943563.325000000186265 ], [ 43887.07499999999709, 5943563.325000000186265 ], [ 43887.07499999999709, 5943563.25 ], [ 43887.150000000001455, 5943563.25 ], [ 43887.150000000001455, 5943563.174999999813735 ], [ 43887.224999999998545, 5943563.174999999813735 ], [ 43887.224999999998545, 5943563.099999999627471 ], [ 43887.30000000000291, 5943563.099999999627471 ], [ 43887.30000000000291, 5943562.950000000186265 ], [ 43887.375, 5943562.950000000186265 ], [ 43887.375, 5943562.875 ], [ 43887.44999999999709, 5943562.875 ], [ 43887.44999999999709, 5943562.799999999813735 ], [ 43887.525000000001455, 5943562.799999999813735 ], [ 43887.525000000001455, 5943562.650000000372529 ], [ 43887.599999999998545, 5943562.650000000372529 ], [ 43887.599999999998545, 5943562.575000000186265 ], [ 43887.67500000000291, 5943562.575000000186265 ], [ 43887.67500000000291, 5943562.424999999813735 ], [ 43887.75, 5943562.424999999813735 ], [ 43887.75, 5943562.349999999627471 ], [ 43887.82499999999709, 5943562.349999999627471 ], [ 43887.82499999999709, 5943562.200000000186265 ], [ 43887.900000000001455, 5943562.200000000186265 ], [ 43887.900000000001455, 5943562.125 ], [ 43887.974999999998545, 5943562.125 ], [ 43887.974999999998545, 5943561.974999999627471 ], [ 43888.05000000000291, 5943561.974999999627471 ], [ 43888.05000000000291, 5943561.900000000372529 ], [ 43888.125, 5943561.900000000372529 ], [ 43888.125, 5943561.75 ], [ 43888.19999999999709, 5943561.75 ], [ 43888.19999999999709, 5943561.674999999813735 ], [ 43888.275000000001455, 5943561.674999999813735 ], [ 43888.275000000001455, 5943561.525000000372529 ], [ 43888.349999999998545, 5943561.525000000372529 ], [ 43888.349999999998545, 5943561.450000000186265 ], [ 43888.42500000000291, 5943561.450000000186265 ], [ 43888.42500000000291, 5943561.299999999813735 ], [ 43888.5, 5943561.299999999813735 ], [ 43888.5, 5943561.224999999627471 ], [ 43888.57499999999709, 5943561.224999999627471 ], [ 43888.57499999999709, 5943561.150000000372529 ], [ 43888.650000000001455, 5943561.150000000372529 ], [ 43888.650000000001455, 5943561.0 ], [ 43888.724999999998545, 5943561.0 ], [ 43888.724999999998545, 5943560.924999999813735 ], [ 43888.80000000000291, 5943560.924999999813735 ], [ 43888.80000000000291, 5943560.775000000372529 ], [ 43888.875, 5943560.775000000372529 ], [ 43888.875, 5943560.700000000186265 ], [ 43888.94999999999709, 5943560.700000000186265 ], [ 43888.94999999999709, 5943560.549999999813735 ], [ 43889.025000000001455, 5943560.549999999813735 ], [ 43889.025000000001455, 5943560.474999999627471 ], [ 43889.17500000000291, 5943560.474999999627471 ], [ 43889.17500000000291, 5943560.400000000372529 ], [ 43889.400000000001455, 5943560.400000000372529 ], [ 43889.400000000001455, 5943560.325000000186265 ], [ 43889.625, 5943560.325000000186265 ], [ 43889.625, 5943560.25 ], [ 43889.849999999998545, 5943560.25 ], [ 43889.849999999998545, 5943560.174999999813735 ], [ 43890.07499999999709, 5943560.174999999813735 ], [ 43890.07499999999709, 5943560.099999999627471 ], [ 43890.375, 5943560.099999999627471 ], [ 43890.375, 5943560.025000000372529 ], [ 43890.599999999998545, 5943560.025000000372529 ], [ 43890.599999999998545, 5943559.950000000186265 ], [ 43890.900000000001455, 5943559.950000000186265 ], [ 43890.900000000001455, 5943559.875 ], [ 43891.125, 5943559.875 ], [ 43891.125, 5943559.950000000186265 ], [ 43891.42500000000291, 5943559.950000000186265 ], [ 43891.42500000000291, 5943560.025000000372529 ], [ 43891.650000000001455, 5943560.025000000372529 ], [ 43891.650000000001455, 5943560.099999999627471 ], [ 43891.94999999999709, 5943560.099999999627471 ], [ 43891.94999999999709, 5943560.174999999813735 ], [ 43892.17500000000291, 5943560.174999999813735 ], [ 43892.17500000000291, 5943560.25 ], [ 43892.400000000001455, 5943560.25 ], [ 43892.400000000001455, 5943560.325000000186265 ], [ 43892.625, 5943560.325000000186265 ], [ 43892.625, 5943560.400000000372529 ], [ 43892.849999999998545, 5943560.400000000372529 ], [ 43892.849999999998545, 5943560.474999999627471 ], [ 43893.0, 5943560.474999999627471 ], [ 43893.0, 5943560.549999999813735 ], [ 43893.150000000001455, 5943560.549999999813735 ], [ 43893.150000000001455, 5943560.625 ], [ 43893.375, 5943560.625 ], [ 43893.375, 5943560.700000000186265 ], [ 43893.525000000001455, 5943560.700000000186265 ], [ 43893.525000000001455, 5943560.775000000372529 ], [ 43893.75, 5943560.775000000372529 ], [ 43893.75, 5943560.849999999627471 ], [ 43893.974999999998545, 5943560.849999999627471 ], [ 43893.974999999998545, 5943560.924999999813735 ], [ 43894.19999999999709, 5943560.924999999813735 ], [ 43894.19999999999709, 5943561.0 ], [ 43894.42500000000291, 5943561.0 ], [ 43894.42500000000291, 5943561.075000000186265 ], [ 43894.650000000001455, 5943561.075000000186265 ], [ 43894.650000000001455, 5943561.150000000372529 ], [ 43894.94999999999709, 5943561.150000000372529 ], [ 43894.94999999999709, 5943561.224999999627471 ], [ 43895.25, 5943561.224999999627471 ], [ 43895.25, 5943561.299999999813735 ], [ 43895.55000000000291, 5943561.299999999813735 ], [ 43895.55000000000291, 5943561.375 ], [ 43895.849999999998545, 5943561.375 ], [ 43895.849999999998545, 5943561.450000000186265 ], [ 43896.150000000001455, 5943561.450000000186265 ], [ 43896.150000000001455, 5943561.525000000372529 ], [ 43896.525000000001455, 5943561.525000000372529 ], [ 43896.525000000001455, 5943561.599999999627471 ], [ 43896.82499999999709, 5943561.599999999627471 ], [ 43896.82499999999709, 5943561.674999999813735 ], [ 43898.025000000001455, 5943561.674999999813735 ], [ 43898.025000000001455, 5943561.75 ], [ 43899.44999999999709, 5943561.75 ], [ 43899.44999999999709, 5943561.674999999813735 ], [ 43900.5, 5943561.674999999813735 ], [ 43900.5, 5943561.599999999627471 ], [ 43901.474999999998545, 5943561.599999999627471 ], [ 43901.474999999998545, 5943561.525000000372529 ], [ 43902.375, 5943561.525000000372529 ], [ 43902.375, 5943561.450000000186265 ], [ 43903.349999999998545, 5943561.450000000186265 ], [ 43903.349999999998545, 5943561.375 ], [ 43904.17500000000291, 5943561.375 ], [ 43904.17500000000291, 5943561.299999999813735 ], [ 43905.82499999999709, 5943561.299999999813735 ], [ 43905.82499999999709, 5943561.375 ], [ 43905.974999999998545, 5943561.375 ], [ 43905.974999999998545, 5943561.450000000186265 ], [ 43906.19999999999709, 5943561.450000000186265 ], [ 43906.19999999999709, 5943561.525000000372529 ], [ 43906.42500000000291, 5943561.525000000372529 ], [ 43906.42500000000291, 5943561.599999999627471 ], [ 43906.57499999999709, 5943561.599999999627471 ], [ 43906.57499999999709, 5943561.674999999813735 ], [ 43906.724999999998545, 5943561.674999999813735 ], [ 43906.724999999998545, 5943561.75 ], [ 43906.875, 5943561.75 ], [ 43906.875, 5943561.825000000186265 ], [ 43906.94999999999709, 5943561.825000000186265 ], [ 43906.94999999999709, 5943561.900000000372529 ], [ 43907.099999999998545, 5943561.900000000372529 ], [ 43907.099999999998545, 5943561.974999999627471 ], [ 43907.17500000000291, 5943561.974999999627471 ], [ 43907.17500000000291, 5943562.049999999813735 ], [ 43907.32499999999709, 5943562.049999999813735 ], [ 43907.32499999999709, 5943562.125 ], [ 43907.400000000001455, 5943562.125 ], [ 43907.400000000001455, 5943562.200000000186265 ], [ 43907.474999999998545, 5943562.200000000186265 ], [ 43907.474999999998545, 5943562.275000000372529 ], [ 43907.625, 5943562.275000000372529 ], [ 43907.625, 5943562.349999999627471 ], [ 43907.69999999999709, 5943562.349999999627471 ], [ 43907.69999999999709, 5943562.424999999813735 ], [ 43907.775000000001455, 5943562.424999999813735 ], [ 43907.775000000001455, 5943562.5 ], [ 43907.92500000000291, 5943562.5 ], [ 43907.92500000000291, 5943562.575000000186265 ], [ 43908.0, 5943562.575000000186265 ], [ 43908.0, 5943562.650000000372529 ], [ 43908.07499999999709, 5943562.650000000372529 ], [ 43908.07499999999709, 5943562.724999999627471 ], [ 43908.224999999998545, 5943562.724999999627471 ], [ 43908.224999999998545, 5943562.799999999813735 ], [ 43908.30000000000291, 5943562.799999999813735 ], [ 43908.30000000000291, 5943562.875 ], [ 43908.44999999999709, 5943562.875 ], [ 43908.44999999999709, 5943562.950000000186265 ], [ 43908.525000000001455, 5943562.950000000186265 ], [ 43908.525000000001455, 5943563.025000000372529 ], [ 43908.599999999998545, 5943563.025000000372529 ], [ 43908.599999999998545, 5943563.099999999627471 ], [ 43908.75, 5943563.099999999627471 ], [ 43908.75, 5943563.174999999813735 ], [ 43908.82499999999709, 5943563.174999999813735 ], [ 43908.82499999999709, 5943563.25 ], [ 43908.974999999998545, 5943563.25 ], [ 43908.974999999998545, 5943563.325000000186265 ], [ 43909.05000000000291, 5943563.325000000186265 ], [ 43909.05000000000291, 5943563.400000000372529 ], [ 43909.125, 5943563.400000000372529 ], [ 43909.125, 5943563.474999999627471 ], [ 43909.275000000001455, 5943563.474999999627471 ], [ 43909.275000000001455, 5943563.549999999813735 ], [ 43909.349999999998545, 5943563.549999999813735 ], [ 43909.349999999998545, 5943563.625 ], [ 43909.42500000000291, 5943563.625 ], [ 43909.42500000000291, 5943563.700000000186265 ], [ 43909.5, 5943563.700000000186265 ], [ 43909.5, 5943563.775000000372529 ], [ 43909.57499999999709, 5943563.775000000372529 ], [ 43909.57499999999709, 5943563.849999999627471 ], [ 43909.650000000001455, 5943563.849999999627471 ], [ 43909.650000000001455, 5943563.924999999813735 ], [ 43909.80000000000291, 5943563.924999999813735 ], [ 43909.80000000000291, 5943564.0 ], [ 43909.875, 5943564.0 ], [ 43909.875, 5943564.075000000186265 ], [ 43909.94999999999709, 5943564.075000000186265 ], [ 43909.94999999999709, 5943564.150000000372529 ], [ 43910.025000000001455, 5943564.150000000372529 ], [ 43910.025000000001455, 5943564.224999999627471 ], [ 43910.099999999998545, 5943564.224999999627471 ], [ 43910.099999999998545, 5943564.299999999813735 ], [ 43910.17500000000291, 5943564.299999999813735 ], [ 43910.17500000000291, 5943564.375 ], [ 43910.25, 5943564.375 ], [ 43910.25, 5943564.450000000186265 ], [ 43910.32499999999709, 5943564.450000000186265 ], [ 43910.32499999999709, 5943564.525000000372529 ], [ 43910.400000000001455, 5943564.525000000372529 ], [ 43910.400000000001455, 5943564.599999999627471 ], [ 43910.474999999998545, 5943564.599999999627471 ], [ 43910.474999999998545, 5943564.674999999813735 ], [ 43910.55000000000291, 5943564.674999999813735 ], [ 43910.55000000000291, 5943564.75 ], [ 43910.625, 5943564.75 ], [ 43910.625, 5943564.825000000186265 ], [ 43910.69999999999709, 5943564.825000000186265 ], [ 43910.69999999999709, 5943564.900000000372529 ], [ 43910.775000000001455, 5943564.900000000372529 ], [ 43910.775000000001455, 5943564.974999999627471 ], [ 43910.849999999998545, 5943564.974999999627471 ], [ 43910.849999999998545, 5943565.049999999813735 ], [ 43910.92500000000291, 5943565.049999999813735 ], [ 43910.92500000000291, 5943565.125 ], [ 43911.0, 5943565.125 ], [ 43911.0, 5943565.200000000186265 ], [ 43911.07499999999709, 5943565.200000000186265 ], [ 43911.07499999999709, 5943565.275000000372529 ], [ 43911.150000000001455, 5943565.275000000372529 ], [ 43911.150000000001455, 5943565.349999999627471 ], [ 43911.224999999998545, 5943565.349999999627471 ], [ 43911.224999999998545, 5943565.424999999813735 ], [ 43911.30000000000291, 5943565.424999999813735 ], [ 43911.30000000000291, 5943565.5 ], [ 43911.375, 5943565.5 ], [ 43911.375, 5943565.575000000186265 ], [ 43911.44999999999709, 5943565.575000000186265 ], [ 43911.44999999999709, 5943565.650000000372529 ], [ 43911.525000000001455, 5943565.650000000372529 ], [ 43911.525000000001455, 5943565.724999999627471 ], [ 43911.599999999998545, 5943565.724999999627471 ], [ 43911.599999999998545, 5943565.875 ], [ 43911.67500000000291, 5943565.875 ], [ 43911.67500000000291, 5943565.950000000186265 ], [ 43911.75, 5943565.950000000186265 ], [ 43911.75, 5943566.025000000372529 ], [ 43911.82499999999709, 5943566.025000000372529 ], [ 43911.82499999999709, 5943566.099999999627471 ], [ 43911.900000000001455, 5943566.099999999627471 ], [ 43911.900000000001455, 5943566.174999999813735 ], [ 43911.974999999998545, 5943566.174999999813735 ], [ 43911.974999999998545, 5943566.25 ], [ 43912.05000000000291, 5943566.25 ], [ 43912.05000000000291, 5943566.625 ], [ 43912.125, 5943566.625 ], [ 43912.125, 5943567.075000000186265 ], [ 43912.19999999999709, 5943567.075000000186265 ], [ 43912.19999999999709, 5943567.599999999627471 ], [ 43912.275000000001455, 5943567.599999999627471 ], [ 43912.275000000001455, 5943568.049999999813735 ], [ 43912.349999999998545, 5943568.049999999813735 ], [ 43912.349999999998545, 5943568.349999999627471 ], [ 43912.275000000001455, 5943568.349999999627471 ], [ 43912.275000000001455, 5943568.5 ], [ 43912.19999999999709, 5943568.5 ], [ 43912.19999999999709, 5943568.650000000372529 ], [ 43912.125, 5943568.650000000372529 ], [ 43912.125, 5943568.875 ], [ 43912.05000000000291, 5943568.875 ], [ 43912.05000000000291, 5943569.025000000372529 ], [ 43911.974999999998545, 5943569.025000000372529 ], [ 43911.974999999998545, 5943569.174999999813735 ], [ 43911.900000000001455, 5943569.174999999813735 ], [ 43911.900000000001455, 5943569.400000000372529 ], [ 43911.82499999999709, 5943569.400000000372529 ], [ 43911.82499999999709, 5943569.549999999813735 ], [ 43911.75, 5943569.549999999813735 ], [ 43911.75, 5943569.700000000186265 ], [ 43911.67500000000291, 5943569.700000000186265 ], [ 43911.67500000000291, 5943569.924999999813735 ], [ 43911.599999999998545, 5943569.924999999813735 ], [ 43911.599999999998545, 5943570.075000000186265 ], [ 43911.525000000001455, 5943570.075000000186265 ], [ 43911.525000000001455, 5943570.299999999813735 ], [ 43911.44999999999709, 5943570.299999999813735 ], [ 43911.44999999999709, 5943570.450000000186265 ], [ 43911.375, 5943570.450000000186265 ], [ 43911.375, 5943570.599999999627471 ], [ 43911.30000000000291, 5943570.599999999627471 ], [ 43911.30000000000291, 5943570.75 ], [ 43911.224999999998545, 5943570.75 ], [ 43911.224999999998545, 5943570.900000000372529 ], [ 43911.150000000001455, 5943570.900000000372529 ], [ 43911.150000000001455, 5943571.049999999813735 ], [ 43911.07499999999709, 5943571.049999999813735 ], [ 43911.07499999999709, 5943571.200000000186265 ], [ 43911.0, 5943571.200000000186265 ], [ 43911.0, 5943571.349999999627471 ], [ 43910.92500000000291, 5943571.349999999627471 ], [ 43910.92500000000291, 5943571.5 ], [ 43910.849999999998545, 5943571.5 ], [ 43910.849999999998545, 5943571.650000000372529 ], [ 43910.775000000001455, 5943571.650000000372529 ], [ 43910.775000000001455, 5943571.799999999813735 ], [ 43910.69999999999709, 5943571.799999999813735 ], [ 43910.69999999999709, 5943571.875 ], [ 43910.625, 5943571.875 ], [ 43910.625, 5943572.025000000372529 ], [ 43910.55000000000291, 5943572.025000000372529 ], [ 43910.55000000000291, 5943572.174999999813735 ], [ 43910.474999999998545, 5943572.174999999813735 ], [ 43910.474999999998545, 5943572.325000000186265 ], [ 43910.400000000001455, 5943572.325000000186265 ], [ 43910.400000000001455, 5943572.474999999627471 ], [ 43910.32499999999709, 5943572.474999999627471 ], [ 43910.32499999999709, 5943572.625 ], [ 43910.25, 5943572.625 ], [ 43910.25, 5943572.775000000372529 ], [ 43910.17500000000291, 5943572.775000000372529 ], [ 43910.17500000000291, 5943572.849999999627471 ], [ 43910.099999999998545, 5943572.849999999627471 ], [ 43910.099999999998545, 5943573.0 ], [ 43910.025000000001455, 5943573.0 ], [ 43910.025000000001455, 5943573.150000000372529 ], [ 43909.94999999999709, 5943573.150000000372529 ], [ 43909.94999999999709, 5943573.299999999813735 ], [ 43909.875, 5943573.299999999813735 ], [ 43909.875, 5943573.450000000186265 ], [ 43909.80000000000291, 5943573.450000000186265 ], [ 43909.80000000000291, 5943573.599999999627471 ], [ 43909.724999999998545, 5943573.599999999627471 ], [ 43909.724999999998545, 5943573.75 ], [ 43909.650000000001455, 5943573.75 ], [ 43909.650000000001455, 5943573.900000000372529 ], [ 43909.57499999999709, 5943573.900000000372529 ], [ 43909.57499999999709, 5943573.974999999627471 ], [ 43909.5, 5943573.974999999627471 ], [ 43909.5, 5943574.200000000186265 ], [ 43909.42500000000291, 5943574.200000000186265 ], [ 43909.42500000000291, 5943574.5 ], [ 43909.349999999998545, 5943574.5 ], [ 43909.349999999998545, 5943574.799999999813735 ], [ 43909.275000000001455, 5943574.799999999813735 ], [ 43909.275000000001455, 5943575.025000000372529 ], [ 43909.19999999999709, 5943575.025000000372529 ], [ 43909.19999999999709, 5943575.325000000186265 ], [ 43909.125, 5943575.325000000186265 ], [ 43909.125, 5943575.625 ], [ 43909.05000000000291, 5943575.625 ], [ 43909.05000000000291, 5943575.849999999627471 ], [ 43908.974999999998545, 5943575.849999999627471 ], [ 43908.974999999998545, 5943579.0 ], [ 43890.30000000000291, 5943579.0 ] ] ] } },
{ "type": "Feature", "properties": { "value": 1.0, "building_id": 2, "area": 457.98749999986245 }, "geometry": { "type": "Polygon", "coordinates": [ [ [ 43971.974999999998545, 5943579.0 ], [ 43971.974999999998545, 5943576.0 ], [ 43971.900000000001455, 5943576.0 ], [ 43971.900000000001455, 5943575.849999999627471 ], [ 43971.82499999999709, 5943575.849999999627471 ], [ 43971.82499999999709, 5943575.775000000372529 ], [ 43971.75, 5943575.775000000372529 ], [ 43971.75, 5943575.625 ], [ 43971.67500000000291, 5943575.625 ], [ 43971.67500000000291, 5943575.549999999813735 ], [ 43971.599999999998545, 5943575.549999999813735 ], [ 43971.599999999998545, 5943575.400000000372529 ], [ 43971.525000000001455, 5943575.400000000372529 ], [ 43971.525000000001455, 5943575.325000000186265 ], [ 43971.44999999999709, 5943575.325000000186265 ], [ 43971.44999999999709, 5943575.25 ], [ 43971.375, 5943575.25 ], [ 43971.375, 5943575.099999999627471 ], [ 43971.30000000000291, 5943575.099999999627471 ], [ 43971.30000000000291, 5943575.025000000372529 ], [ 43971.224999999998545, 5943575.025000000372529 ], [ 43971.224999999998545, 5943574.950000000186265 ], [ 43971.150000000001455, 5943574.950000000186265 ], [ 43971.150000000001455, 5943574.799999999813735 ], [ 43971.07499999999709, 5943574.799999999813735 ], [ 43971.07499999999709, 5943574.724999999627471 ], [ 43971.0, 5943574.724999999627471 ], [ 43971.0, 5943574.650000000372529 ], [ 43970.92500000000291, 5943574.650000000372529 ], [ 43970.92500000000291, 5943574.5 ], [ 43970.849999999998545, 5943574.5 ], [ 43970.849999999998545, 5943574.424999999813735 ], [ 43970.775000000001455, 5943574.424999999813735 ], [ 43970.775000000001455, 5943574.349999999627471 ], [ 43970.69999999999709, 5943574.349999999627471 ], [ 43970.69999999999709, 5943574.200000000186265 ], [ 43970.625, 5943574.200000000186265 ], [ 43970.625, 5943574.125 ], [ 43970.55000000000291, 5943574.125 ], [ 43970.55000000000291, 5943574.049999999813735 ], [ 43970.474999999998545, 5943574.049999999813735 ], [ 43970.474999999998545, 5943573.974999999627471 ], [ 43970.400000000001455, 5943573.974999999627471 ], [ 43970.400000000001455, 5943573.900000000372529 ], [ 43970.25, 5943573.900000000372529 ], [ 43970.25, 5943573.825000000186265 ], [ 43970.17500000000291, 5943573.825000000186265 ], [ 43970.17500000000291, 5943573.75 ], [ 43970.025000000001455, 5943573.75 ], [ 43970.025000000001455, 5943573.674999999813735 ], [ 43969.94999999999709, 5943573.674999999813735 ], [ 43969.94999999999709, 5943573.599999999627471 ], [ 43969.80000000000291, 5943573.599999999627471 ], [ 43969.80000000000291, 5943573.525000000372529 ], [ 43969.724999999998545, 5943573.525000000372529 ], [ 43969.724999999998545, 5943573.450000000186265 ], [ 43969.57499999999709, 5943573.450000000186265 ], [ 43969.57499999999709, 5943573.375 ], [ 43969.42500000000291, 5943573.375 ], [ 43969.42500000000291, 5943573.299999999813735 ], [ 43969.349999999998545, 5943573.299999999813735 ], [ 43969.349999999998545, 5943573.224999999627471 ], [ 43969.19999999999709, 5943573.224999999627471 ], [ 43969.19999999999709, 5943573.150000000372529 ], [ 43969.05000000000291, 5943573.150000000372529 ], [ 43969.05000000000291, 5943573.075000000186265 ], [ 43968.974999999998545, 5943573.075000000186265 ], [ 43968.974999999998545, 5943573.0 ], [ 43968.82499999999709, 5943573.0 ], [ 43968.82499999999709, 5943572.924999999813735 ], [ 43968.75, 5943572.924999999813735 ], [ 43968.75, 5943572.849999999627471 ], [ 43968.599999999998545, 5943572.849999999627471 ], [ 43968.599999999998545, 5943572.775000000372529 ], [ 43968.525000000001455, 5943572.775000000372529 ], [ 43968.525000000001455, 5943572.700000000186265 ], [ 43968.44999999999709, 5943572.700000000186265 ], [ 43968.44999999999709, 5943572.625 ], [ 43968.375, 5943572.625 ], [ 43968.375, 5943572.549999999813735 ], [ 43968.30000000000291, 5943572.549999999813735 ], [ 43968.30000000000291, 5943572.474999999627471 ], [ 43968.150000000001455, 5943572.474999999627471 ], [ 43968.150000000001455, 5943572.400000000372529 ], [ 43968.07499999999709, 5943572.400000000372529 ], [ 43968.07499999999709, 5943572.325000000186265 ], [ 43968.0, 5943572.325000000186265 ], [ 43968.0, 5943572.25 ], [ 43967.92500000000291, 5943572.25 ], [ 43967.92500000000291, 5943572.174999999813735 ], [ 43967.849999999998545, 5943572.174999999813735 ], [ 43967.849999999998545, 5943572.099999999627471 ], [ 43967.775000000001455, 5943572.099999999627471 ], [ 43967.775000000001455, 5943572.025000000372529 ], [ 43967.69999999999709, 5943572.025000000372529 ], [ 43967.69999999999709, 5943571.950000000186265 ], [ 43967.625, 5943571.950000000186265 ], [ 43967.625, 5943571.875 ], [ 43967.474999999998545, 5943571.875 ], [ 43967.474999999998545, 5943571.799999999813735 ], [ 43967.400000000001455, 5943571.799999999813735 ], [ 43967.400000000001455, 5943571.724999999627471 ], [ 43967.32499999999709, 5943571.724999999627471 ], [ 43967.32499999999709, 5943571.650000000372529 ], [ 43967.17500000000291, 5943571.650000000372529 ], [ 43967.17500000000291, 5943571.575000000186265 ], [ 43967.099999999998545, 5943571.575000000186265 ], [ 43967.099999999998545, 5943571.5 ], [ 43966.94999999999709, 5943571.5 ], [ 43966.94999999999709, 5943571.424999999813735 ], [ 43966.875, 5943571.424999999813735 ], [ 43966.875, 5943571.349999999627471 ], [ 43966.80000000000291, 5943571.349999999627471 ], [ 43966.80000000000291, 5943571.275000000372529 ], [ 43966.650000000001455, 5943571.275000000372529 ], [ 43966.650000000001455, 5943571.200000000186265 ], [ 43966.57499999999709, 5943571.200000000186265 ], [ 43966.57499999999709, 5943571.125 ], [ 43966.5, 5943571.125 ], [ 43966.5, 5943571.049999999813735 ], [ 43966.349999999998545, 5943571.049999999813735 ], [ 43966.349999999998545, 5943570.974999999627471 ], [ 43966.275000000001455, 5943570.974999999627471 ], [ 43966.275000000001455, 5943570.900000000372529 ], [ 43966.19999999999709, 5943570.900000000372529 ], [ 43966.19999999999709, 5943570.825000000186265 ], [ 43966.125, 5943570.825000000186265 ], [ 43966.125, 5943570.75 ], [ 43966.05000000000291, 5943570.75 ], [ 43966.05000000000291, 5943570.674999999813735 ], [ 43965.974999999998545, 5943570.674999999813735 ], [ 43965.974999999998545, 5943570.599999999627471 ], [ 43965.900000000001455, 5943570.599999999627471 ], [ 43965.900000000001455, 5943570.525000000372529 ], [ 43965.75, 5943570.525000000372529 ], [ 43965.75, 5943570.450000000186265 ], [ 43965.67500000000291, 5943570.450000000186265 ], [ 43965.67500000000291, 5943570.375 ], [ 43965.599999999998545, 5943570.375 ], [ 43965.599999999998545, 5943570.299999999813735 ], [ 43965.525000000001455, 5943570.299999999813735 ], [ 43965.525000000001455, 5943570.224999999627471 ], [ 43965.44999999999709, 5943570.224999999627471 ], [ 43965.44999999999709, 5943570.150000000372529 ], [ 43965.375, 5943570.150000000372529 ], [ 43965.375, 5943570.075000000186265 ], [ 43965.30000000000291, 5943570.075000000186265 ], [ 43965.30000000000291, 5943570.0 ], [ 43965.224999999998545, 5943570.0 ], [ 43965.224999999998545, 5943569.924999999813735 ], [ 43965.07499999999709, 5943569.924999999813735 ], [ 43965.07499999999709, 5943569.849999999627471 ], [ 43965.0, 5943569.849999999627471 ], [ 43965.0, 5943569.775000000372529 ], [ 43964.849999999998545, 5943569.775000000372529 ], [ 43964.849999999998545, 5943569.700000000186265 ], [ 43964.775000000001455, 5943569.700000000186265 ], [ 43964.775000000001455, 5943569.625 ], [ 43964.625, 5943569.625 ], [ 43964.625, 5943569.549999999813735 ], [ 43964.55000000000291, 5943569.549999999813735 ], [ 43964.55000000000291, 5943569.474999999627471 ], [ 43964.400000000001455, 5943569.474999999627471 ], [ 43964.400000000001455, 5943569.400000000372529 ], [ 43964.32499999999709, 5943569.400000000372529 ], [ 43964.32499999999709, 5943569.325000000186265 ], [ 43964.17500000000291, 5943569.325000000186265 ], [ 43964.17500000000291, 5943569.25 ], [ 43964.099999999998545, 5943569.25 ], [ 43964.099999999998545, 5943569.174999999813735 ], [ 43963.94999999999709, 5943569.174999999813735 ], [ 43963.94999999999709, 5943569.099999999627471 ], [ 43963.875, 5943569.099999999627471 ], [ 43963.875, 5943569.025000000372529 ], [ 43963.724999999998545, 5943569.025000000372529 ], [ 43963.724999999998545, 5943568.950000000186265 ], [ 43963.650000000001455, 5943568.950000000186265 ], [ 43963.650000000001455, 5943568.875 ], [ 43963.5, 5943568.875 ], [ 43963.5, 5943568.799999999813735 ], [ 43963.349999999998545, 5943568.799999999813735 ], [ 43963.349999999998545, 5943568.724999999627471 ], [ 43963.275000000001455, 5943568.724999999627471 ], [ 43963.275000000001455, 5943568.650000000372529 ], [ 43963.125, 5943568.650000000372529 ], [ 43963.125, 5943568.575000000186265 ], [ 43963.05000000000291, 5943568.575000000186265 ], [ 43963.05000000000291, 5943568.5 ], [ 43962.974999999998545, 5943568.5 ], [ 43962.974999999998545, 5943568.424999999813735 ], [ 43962.82499999999709, 5943568.424999999813735 ], [ 43962.82499999999709, 5943568.349999999627471 ], [ 43962.75, 5943568.349999999627471 ], [ 43962.75, 5943568.275000000372529 ], [ 43962.67500000000291, 5943568.275000000372529 ], [ 43962.67500000000291, 5943568.125 ], [ 43962.599999999998545, 5943568.125 ], [ 43962.599999999998545, 5943567.974999999627471 ], [ 43962.525000000001455, 5943567.974999999627471 ], [ 43962.525000000001455, 5943567.825000000186265 ], [ 43962.44999999999709, 5943567.825000000186265 ], [ 43962.44999999999709, 5943567.674999999813735 ], [ 43962.375, 5943567.674999999813735 ], [ 43962.375, 5943567.599999999627471 ], [ 43962.30000000000291, 5943567.599999999627471 ], [ 43962.30000000000291, 5943567.450000000186265 ], [ 43962.224999999998545, 5943567.450000000186265 ], [ 43962.224999999998545, 5943567.299999999813735 ], [ 43962.150000000001455, 5943567.299999999813735 ], [ 43962.150000000001455, 5943567.224999999627471 ], [ 43962.07499999999709, 5943567.224999999627471 ], [ 43962.07499999999709, 5943567.0 ], [ 43962.150000000001455, 5943567.0 ], [ 43962.150000000001455, 5943566.924999999813735 ], [ 43962.224999999998545, 5943566.924999999813735 ], [ 43962.224999999998545, 5943566.775000000372529 ], [ 43962.30000000000291, 5943566.775000000372529 ], [ 43962.30000000000291, 5943566.625 ], [ 43962.375, 5943566.625 ], [ 43962.375, 5943566.474999999627471 ], [ 43962.44999999999709, 5943566.474999999627471 ], [ 43962.44999999999709, 5943566.325000000186265 ], [ 43962.525000000001455, 5943566.325000000186265 ], [ 43962.525000000001455, 5943566.25 ], [ 43962.599999999998545, 5943566.25 ], [ 43962.599999999998545, 5943566.174999999813735 ], [ 43962.75, 5943566.174999999813735 ], [ 43962.75, 5943566.099999999627471 ], [ 43962.82499999999709, 5943566.099999999627471 ], [ 43962.82499999999709, 5943566.025000000372529 ], [ 43962.900000000001455, 5943566.025000000372529 ], [ 43962.900000000001455, 5943565.950000000186265 ], [ 43963.05000000000291, 5943565.950000000186265 ], [ 43963.05000000000291, 5943565.875 ], [ 43963.125, 5943565.875 ], [ 43963.125, 5943565.799999999813735 ], [ 43963.275000000001455, 5943565.799999999813735 ], [ 43963.275000000001455, 5943565.724999999627471 ], [ 43963.42500000000291, 5943565.724999999627471 ], [ 43963.42500000000291, 5943565.650000000372529 ], [ 43963.5, 5943565.650000000372529 ], [ 43963.5, 5943565.575000000186265 ], [ 43963.650000000001455, 5943565.575000000186265 ], [ 43963.650000000001455, 5943565.5 ], [ 43963.724999999998545, 5943565.5 ], [ 43963.724999999998545, 5943565.424999999813735 ], [ 43963.875, 5943565.424999999813735 ], [ 43963.875, 5943565.349999999627471 ], [ 43964.025000000001455, 5943565.349999999627471 ], [ 43964.025000000001455, 5943565.275000000372529 ], [ 43964.099999999998545, 5943565.275000000372529 ], [ 43964.099999999998545, 5943565.200000000186265 ], [ 43964.25, 5943565.200000000186265 ], [ 43964.25, 5943565.125 ], [ 43964.32499999999709, 5943565.125 ], [ 43964.32499999999709, 5943565.049999999813735 ], [ 43964.400000000001455, 5943565.049999999813735 ], [ 43964.400000000001455, 5943564.974999999627471 ], [ 43964.55000000000291, 5943564.974999999627471 ], [ 43964.55000000000291, 5943564.900000000372529 ], [ 43964.625, 5943564.900000000372529 ], [ 43964.625, 5943564.825000000186265 ], [ 43964.69999999999709, 5943564.825000000186265 ], [ 43964.69999999999709, 5943564.75 ], [ 43964.849999999998545, 5943564.75 ], [ 43964.849999999998545, 5943564.674999999813735 ], [ 43964.92500000000291, 5943564.674999999813735 ], [ 43964.92500000000291, 5943564.599999999627471 ], [ 43965.0, 5943564.599999999627471 ], [ 43965.0, 5943564.525000000372529 ], [ 43965.150000000001455, 5943564.525000000372529 ], [ 43965.150000000001455, 5943564.450000000186265 ], [ 43965.224999999998545, 5943564.450000000186265 ], [ 43965.224999999998545, 5943564.375 ], [ 43965.30000000000291, 5943564.375 ], [ 43965.30000000000291, 5943564.299999999813735 ], [ 43965.375, 5943564.299999999813735 ], [ 43965.375, 5943564.224999999627471 ], [ 43965.44999999999709, 5943564.224999999627471 ], [ 43965.44999999999709, 5943564.150000000372529 ], [ 43965.525000000001455, 5943564.150000000372529 ], [ 43965.525000000001455, 5943564.075000000186265 ], [ 43965.67500000000291, 5943564.075000000186265 ], [ 43965.67500000000291, 5943564.0 ], [ 43965.75, 5943564.0 ], [ 43965.75, 5943563.924999999813735 ], [ 43965.82499999999709, 5943563.924999999813735 ], [ 43965.82499999999709, 5943563.849999999627471 ], [ 43965.900000000001455, 5943563.849999999627471 ], [ 43965.900000000001455, 5943563.775000000372529 ], [ 43965.974999999998545, 5943563.775000000372529 ], [ 43965.974999999998545, 5943563.700000000186265 ], [ 43966.05000000000291, 5943563.700000000186265 ], [ 43966.05000000000291, 5943563.625 ], [ 43966.19999999999709, 5943563.625 ], [ 43966.19999999999709, 5943563.549999999813735 ], [ 43966.275000000001455, 5943563.549999999813735 ], [ 43966.275000000001455, 5943563.474999999627471 ], [ 43966.349999999998545, 5943563.474999999627471 ], [ 43966.349999999998545, 5943563.400000000372529 ], [ 43966.42500000000291, 5943563.400000000372529 ], [ 43966.42500000000291, 5943563.325000000186265 ], [ 43966.5, 5943563.325000000186265 ], [ 43966.5, 5943563.25 ], [ 43966.650000000001455, 5943563.25 ], [ 43966.650000000001455, 5943563.174999999813735 ], [ 43966.724999999998545, 5943563.174999999813735 ], [ 43966.724999999998545, 5943563.099999999627471 ], [ 43966.80000000000291, 5943563.099999999627471 ], [ 43966.80000000000291, 5943563.025000000372529 ], [ 43966.875, 5943563.025000000372529 ], [ 43966.875, 5943562.950000000186265 ], [ 43966.94999999999709, 5943562.950000000186265 ], [ 43966.94999999999709, 5943562.875 ], [ 43967.099999999998545, 5943562.875 ], [ 43967.099999999998545, 5943562.799999999813735 ], [ 43967.17500000000291, 5943562.799999999813735 ], [ 43967.17500000000291, 5943562.724999999627471 ], [ 43967.25, 5943562.724999999627471 ], [ 43967.25, 5943562.650000000372529 ], [ 43967.32499999999709, 5943562.650000000372529 ], [ 43967.32499999999709, 5943562.575000000186265 ], [ 43967.400000000001455, 5943562.575000000186265 ], [ 43967.400000000001455, 5943562.5 ], [ 43967.55000000000291, 5943562.5 ], [ 43967.55000000000291, 5943562.424999999813735 ], [ 43967.625, 5943562.424999999813735 ], [ 43967.625, 5943562.349999999627471 ], [ 43967.69999999999709, 5943562.349999999627471 ], [ 43967.69999999999709, 5943562.275000000372529 ], [ 43967.775000000001455, 5943562.275000000372529 ], [ 43967.775000000001455, 5943562.200000000186265 ], [ 43967.849999999998545, 5943562.200000000186265 ], [ 43967.849999999998545, 5943562.125 ], [ 43967.92500000000291, 5943562.125 ], [ 43967.92500000000291, 5943562.049999999813735 ], [ 43968.0, 5943562.049999999813735 ], [ 43968.0, 5943561.974999999627471 ], [ 43968.07499999999709, 5943561.974999999627471 ], [ 43968.07499999999709, 5943561.900000000372529 ], [ 43968.150000000001455, 5943561.900000000372529 ], [ 43968.150000000001455, 5943561.825000000186265 ], [ 43968.224999999998545, 5943561.825000000186265 ], [ 43968.224999999998545, 5943561.75 ], [ 43968.30000000000291, 5943561.75 ], [ 43968.30000000000291, 5943561.674999999813735 ], [ 43968.375, 5943561.674999999813735 ], [ 43968.375, 5943561.599999999627471 ], [ 43968.44999999999709, 5943561.599999999627471 ], [ 43968.44999999999709, 5943561.525000000372529 ], [ 43968.525000000001455, 5943561.525000000372529 ], [ 43968.525000000001455, 5943561.450000000186265 ], [ 43968.599999999998545, 5943561.450000000186265 ], [ 43968.599999999998545, 5943561.375 ], [ 43968.75, 5943561.375 ], [ 43968.75, 5943561.299999999813735 ], [ 43968.82499999999709, 5943561.299999999813735 ], [ 43968.82499999999709, 5943561.224999999627471 ], [ 43968.900000000001455, 5943561.224999999627471 ], [ 43968.900000000001455, 5943561.150000000372529 ], [ 43968.974999999998545, 5943561.150000000372529 ], [ 43968.974999999998545, 5943561.075000000186265 ], [ 43969.05000000000291, 5943561.075000000186265 ], [ 43969.05000000000291, 5943561.0 ], [ 43969.19999999999709, 5943561.0 ], [ 43969.19999999999709, 5943560.924999999813735 ], [ 43969.275000000001455, 5943560.924999999813735 ], [ 43969.275000000001455, 5943560.849999999627471 ], [ 43969.349999999998545, 5943560.849999999627471 ], [ 43969.349999999998545, 5943560.775000000372529 ], [ 43969.42500000000291, 5943560.775000000372529 ], [ 43969.42500000000291, 5943560.700000000186265 ], [ 43969.5, 5943560.700000000186265 ], [ 43969.5, 5943560.625 ], [ 43969.57499999999709, 5943560.625 ], [ 43969.57499999999709, 5943560.549999999813735 ], [ 43969.724999999998545, 5943560.549999999813735 ], [ 43969.724999999998545, 5943560.474999999627471 ], [ 43969.80000000000291, 5943560.474999999627471 ], [ 43969.80000000000291, 5943560.325000000186265 ], [ 43969.875, 5943560.325000000186265 ], [ 43969.875, 5943560.25 ], [ 43969.94999999999709, 5943560.25 ], [ 43969.94999999999709, 5943560.174999999813735 ], [ 43970.025000000001455, 5943560.174999999813735 ], [ 43970.025000000001455, 5943560.099999999627471 ], [ 43970.099999999998545, 5943560.099999999627471 ], [ 43970.099999999998545, 5943560.025000000372529 ], [ 43970.17500000000291, 5943560.025000000372529 ], [ 43970.17500000000291, 5943559.950000000186265 ], [ 43970.25, 5943559.950000000186265 ], [ 43970.25, 5943559.875 ], [ 43970.32499999999709, 5943559.875 ], [ 43970.32499999999709, 5943559.799999999813735 ], [ 43970.400000000001455, 5943559.799999999813735 ], [ 43970.400000000001455, 5943559.724999999627471 ], [ 43970.474999999998545, 5943559.724999999627471 ], [ 43970.474999999998545, 5943559.650000000372529 ], [ 43970.625, 5943559.650000000372529 ], [ 43970.625, 5943559.575000000186265 ], [ 43970.69999999999709, 5943559.575000000186265 ], [ 43970.69999999999709, 5943559.5 ], [ 43970.775000000001455, 5943559.5 ], [ 43970.775000000001455, 5943559.424999999813735 ], [ 43970.849999999998545, 5943559.424999999813735 ], [ 43970.849999999998545, 5943559.349999999627471 ], [ 43970.92500000000291, 5943559.349999999627471 ], [ 43970.92500000000291, 5943559.275000000372529 ], [ 43971.0, 5943559.275000000372529 ], [ 43971.0, 5943559.200000000186265 ], [ 43971.07499999999709, 5943559.200000000186265 ], [ 43971.07499999999709, 5943559.125 ], [ 43971.224999999998545, 5943559.125 ], [ 43971.224999999998545, 5943559.049999999813735 ], [ 43971.30000000000291, 5943559.049999999813735 ], [ 43971.30000000000291, 5943558.974999999627471 ], [ 43971.375, 5943558.974999999627471 ], [ 43971.375, 5943558.900000000372529 ], [ 43971.44999999999709, 5943558.900000000372529 ], [ 43971.44999999999709, 5943558.825000000186265 ], [ 43971.525000000001455, 5943558.825000000186265 ], [ 43971.525000000001455, 5943558.75 ], [ 43971.599999999998545, 5943558.75 ], [ 43971.599999999998545, 5943558.674999999813735 ], [ 43971.67500000000291, 5943558.674999999813735 ], [ 43971.67500000000291, 5943558.599999999627471 ], [ 43971.75, 5943558.599999999627471 ], [ 43971.75, 5943558.525000000372529 ], [ 43971.82499999999709, 5943558.525000000372529 ], [ 43971.82499999999709, 5943558.450000000186265 ], [ 43971.900000000001455, 5943558.450000000186265 ], [ 43971.900000000001455, 5943558.375 ], [ 43971.974999999998545, 5943558.375 ], [ 43971.974999999998545, 5943558.299999999813735 ], [ 43972.05000000000291, 5943558.299999999813735 ], [ 43972.05000000000291, 5943558.224999999627471 ], [ 43972.125, 5943558.224999999627471 ], [ 43972.125, 5943558.150000000372529 ], [ 43972.19999999999709, 5943558.150000000372529 ], [ 43972.19999999999709, 5943558.075000000186265 ], [ 43972.275000000001455, 5943558.075000000186265 ], [ 43972.275000000001455, 5943558.0 ], [ 43972.349999999998545, 5943558.0 ], [ 43972.349999999998545, 5943557.924999999813735 ], [ 43972.5, 5943557.924999999813735 ], [ 43972.5, 5943557.849999999627471 ], [ 43972.57499999999709, 5943557.849999999627471 ], [ 43972.57499999999709, 5943557.775000000372529 ], [ 43972.650000000001455, 5943557.775000000372529 ], [ 43972.650000000001455, 5943557.700000000186265 ], [ 43972.724999999998545, 5943557.700000000186265 ], [ 43972.724999999998545, 5943557.625 ], [ 43972.875, 5943557.625 ], [ 43972.875, 5943557.549999999813735 ], [ 43972.94999999999709, 5943557.549999999813735 ], [ 43972.94999999999709, 5943557.474999999627471 ], [ 43973.099999999998545, 5943557.474999999627471 ], [ 43973.099999999998545, 5943557.400000000372529 ], [ 43973.17500000000291, 5943557.400000000372529 ], [ 43973.17500000000291, 5943557.325000000186265 ], [ 43973.32499999999709, 5943557.325000000186265 ], [ 43973.32499999999709, 5943557.25 ], [ 43973.400000000001455, 5943557.25 ], [ 43973.400000000001455, 5943557.174999999813735 ], [ 43973.55000000000291, 5943557.174999999813735 ], [ 43973.55000000000291, 5943557.099999999627471 ], [ 43973.625, 5943557.099999999627471 ], [ 43973.625, 5943557.025000000372529 ], [ 43973.775000000001455, 5943557.025000000372529 ], [ 43973.775000000001455, 5943556.950000000186265 ], [ 43973.849999999998545, 5943556.950000000186265 ], [ 43973.849999999998545, 5943556.875 ], [ 43973.92500000000291, 5943556.875 ], [ 43973.92500000000291, 5943556.799999999813735 ], [ 43974.07499999999709, 5943556.799999999813735 ], [ 43974.07499999999709, 5943556.724999999627471 ], [ 43974.150000000001455, 5943556.724999999627471 ], [ 43974.150000000001455, 5943556.650000000372529 ], [ 43974.224999999998545, 5943556.650000000372529 ], [ 43974.224999999998545, 5943556.575000000186265 ], [ 43974.30000000000291, 5943556.575000000186265 ], [ 43974.30000000000291, 5943556.5 ], [ 43974.44999999999709, 5943556.5 ], [ 43974.44999999999709, 5943556.424999999813735 ], [ 43974.525000000001455, 5943556.424999999813735 ], [ 43974.525000000001455, 5943556.349999999627471 ], [ 43974.599999999998545, 5943556.349999999627471 ], [ 43974.599999999998545, 5943556.275000000372529 ], [ 43974.75, 5943556.275000000372529 ], [ 43974.75, 5943556.200000000186265 ], [ 43974.900000000001455, 5943556.200000000186265 ], [ 43974.900000000001455, 5943556.125 ], [ 43974.974999999998545, 5943556.125 ], [ 43974.974999999998545, 5943556.049999999813735 ], [ 43975.19999999999709, 5943556.049999999813735 ], [ 43975.19999999999709, 5943555.974999999627471 ], [ 43975.42500000000291, 5943555.974999999627471 ], [ 43975.42500000000291, 5943555.900000000372529 ], [ 43975.57499999999709, 5943555.900000000372529 ], [ 43975.57499999999709, 5943555.825000000186265 ], [ 43975.80000000000291, 5943555.825000000186265 ], [ 43975.80000000000291, 5943555.75 ], [ 43976.025000000001455, 5943555.75 ], [ 43976.025000000001455, 5943555.674999999813735 ], [ 43976.25, 5943555.674999999813735 ], [ 43976.25, 5943555.599999999627471 ], [ 43976.400000000001455, 5943555.599999999627471 ], [ 43976.400000000001455, 5943555.525000000372529 ], [ 43976.625, 5943555.525000000372529 ], [ 43976.625, 5943555.450000000186265 ], [ 43976.92500000000291, 5943555.450000000186265 ], [ 43976.92500000000291, 5943555.375 ], [ 43977.224999999998545, 5943555.375 ], [ 43977.224999999998545, 5943555.299999999813735 ], [ 43977.525000000001455, 5943555.299999999813735 ], [ 43977.525000000001455, 5943555.224999999627471 ], [ 43977.82499999999709, 5943555.224999999627471 ], [ 43977.82499999999709, 5943555.150000000372529 ], [ 43978.125, 5943555.150000000372529 ], [ 43978.125, 5943555.075000000186265 ], [ 43978.42500000000291, 5943555.075000000186265 ], [ 43978.42500000000291, 5943555.0 ], [ 43978.724999999998545, 5943555.0 ], [ 43978.724999999998545, 5943554.924999999813735 ], [ 43979.025000000001455, 5943554.924999999813735 ], [ 43979.025000000001455, 5943554.849999999627471 ], [ 43979.32499999999709, 5943554.849999999627471 ], [ 43979.32499999999709, 5943554.775000000372529 ], [ 43979.55000000000291, 5943554.775000000372529 ], [ 43979.55000000000291, 5943554.700000000186265 ], [ 43979.775000000001455, 5943554.700000000186265 ], [ 43979.775000000001455, 5943554.625 ], [ 43980.0, 5943554.625 ], [ 43980.0, 5943554.549999999813735 ], [ 43980.30000000000291, 5943554.549999999813735 ], [ 43980.30000000000291, 5943554.474999999627471 ], [ 43980.525000000001455, 5943554.474999999627471 ], [ 43980.525000000001455, 5943554.400000000372529 ], [ 43980.75, 5943554.400000000372529 ], [ 43980.75, 5943554.325000000186265 ], [ 43981.05000000000291, 5943554.325000000186265 ], [ 43981.05000000000291, 5943554.25 ], [ 43981.275000000001455, 5943554.25 ], [ 43981.275000000001455, 5943554.174999999813735 ], [ 43981.57499999999709, 5943554.174999999813735 ], [ 43981.57499999999709, 5943554.099999999627471 ], [ 43981.875, 5943554.099999999627471 ], [ 43981.875, 5943554.025000000372529 ], [ 43982.17500000000291, 5943554.025000000372529 ], [ 43982.17500000000291, 5943553.950000000186265 ], [ 43982.474999999998545, 5943553.950000000186265 ], [ 43982.474999999998545, 5943553.875 ], [ 43982.775000000001455, 5943553.875 ], [ 43982.775000000001455, 5943553.799999999813735 ], [ 43982.849999999998545, 5943553.799999999813735 ], [ 43982.849999999998545, 5943553.875 ], [ 43983.224999999998545, 5943553.875 ], [ 43983.224999999998545, 5943553.950000000186265 ], [ 43983.525000000001455, 5943553.950000000186265 ], [ 43983.525000000001455, 5943554.025000000372529 ], [ 43983.82499999999709, 5943554.025000000372529 ], [ 43983.82499999999709, 5943554.099999999627471 ], [ 43984.125, 5943554.099999999627471 ], [ 43984.125, 5943554.174999999813735 ], [ 43984.42500000000291, 5943554.174999999813735 ], [ 43984.42500000000291, 5943554.25 ], [ 43984.724999999998545, 5943554.25 ], [ 43984.724999999998545, 5943554.325000000186265 ], [ 43984.875, 5943554.325000000186265 ], [ 43984.875, 5943554.400000000372529 ], [ 43984.94999999999709, 5943554.400000000372529 ], [ 43984.94999999999709, 5943554.474999999627471 ], [ 43985.025000000001455, 5943554.474999999627471 ], [ 43985.025000000001455, 5943554.549999999813735 ], [ 43985.099999999998545, 5943554.549999999813735 ], [ 43985.099999999998545, 5943554.625 ], [ 43985.17500000000291, 5943554.625 ], [ 43985.17500000000291, 5943554.700000000186265 ], [ 43985.25, 5943554.700000000186265 ], [ 43985.25, 5943554.775000000372529 ], [ 43985.32499999999709, 5943554.775000000372529 ], [ 43985.32499999999709, 5943554.849999999627471 ], [ 43985.400000000001455, 5943554.849999999627471 ], [ 43985.400000000001455, 5943554.924999999813735 ], [ 43985.474999999998545, 5943554.924999999813735 ], [ 43985.474999999998545, 5943555.0 ], [ 43985.55000000000291, 5943555.0 ], [ 43985.55000000000291, 5943555.075000000186265 ], [ 43985.625, 5943555.075000000186265 ], [ 43985.625, 5943555.150000000372529 ], [ 43985.69999999999709, 5943555.150000000372529 ], [ 43985.69999999999709, 5943555.224999999627471 ], [ 43985.775000000001455, 5943555.224999999627471 ], [ 43985.775000000001455, 5943555.299999999813735 ], [ 43985.849999999998545, 5943555.299999999813735 ], [ 43985.849999999998545, 5943555.375 ], [ 43985.92500000000291, 5943555.375 ], [ 43985.92500000000291, 5943555.450000000186265 ], [ 43986.07499999999709, 5943555.450000000186265 ], [ 43986.07499999999709, 5943555.525000000372529 ], [ 43986.150000000001455, 5943555.525000000372529 ], [ 43986.150000000001455, 5943555.599999999627471 ], [ 43986.224999999998545, 5943555.599999999627471 ], [ 43986.224999999998545, 5943555.674999999813735 ], [ 43986.30000000000291, 5943555.674999999813735 ], [ 43986.30000000000291, 5943555.75 ], [ 43986.375, 5943555.75 ], [ 43986.375, 5943555.825000000186265 ], [ 43986.44999999999709, 5943555.825000000186265 ], [ 43986.44999999999709, 5943555.900000000372529 ], [ 43986.525000000001455, 5943555.900000000372529 ], [ 43986.525000000001455, 5943555.974999999627471 ], [ 43986.599999999998545, 5943555.974999999627471 ], [ 43986.599999999998545, 5943556.049999999813735 ], [ 43986.67500000000291, 5943556.049999999813735 ], [ 43986.67500000000291, 5943556.125 ], [ 43986.75, 5943556.125 ], [ 43986.75, 5943556.200000000186265 ], [ 43986.82499999999709, 5943556.200000000186265 ], [ 43986.82499999999709, 5943556.275000000372529 ], [ 43986.900000000001455, 5943556.275000000372529 ], [ 43986.900000000001455, 5943556.349999999627471 ], [ 43986.974999999998545, 5943556.349999999627471 ], [ 43986.974999999998545, 5943556.424999999813735 ], [ 43987.05000000000291, 5943556.424999999813735 ], [ 43987.05000000000291, 5943556.5 ], [ 43987.125, 5943556.5 ], [ 43987.125, 5943556.575000000186265 ], [ 43987.19999999999709, 5943556.575000000186265 ], [ 43987.19999999999709, 5943556.724999999627471 ], [ 43987.275000000001455, 5943556.724999999627471 ], [ 43987.275000000001455, 5943556.799999999813735 ], [ 43987.349999999998545, 5943556.799999999813735 ], [ 43987.349999999998545, 5943556.875 ], [ 43987.42500000000291, 5943556.875 ], [ 43987.42500000000291, 5943556.950000000186265 ], [ 43987.5, 5943556.950000000186265 ], [ 43987.5, 5943557.099999999627471 ], [ 43987.57499999999709, 5943557.099999999627471 ], [ 43987.57499999999709, 5943557.174999999813735 ], [ 43987.650000000001455, 5943557.174999999813735 ], [ 43987.650000000001455, 5943557.25 ], [ 43987.724999999998545, 5943557.25 ], [ 43987.724999999998545, 5943557.325000000186265 ], [ 43987.80000000000291, 5943557.325000000186265 ], [ 43987.80000000000291, 5943557.474999999627471 ], [ 43987.875, 5943557.474999999627471 ], [ 43987.875, 5943557.549999999813735 ], [ 43987.94999999999709, 5943557.549999999813735 ], [ 43987.94999999999709, 5943557.625 ], [ 43988.025000000001455, 5943557.625 ], [ 43988.025000000001455, 5943557.700000000186265 ], [ 43988.099999999998545, 5943557.700000000186265 ], [ 43988.099999999998545, 5943557.775000000372529 ], [ 43988.17500000000291, 5943557.775000000372529 ], [ 43988.17500000000291, 5943557.924999999813735 ], [ 43988.25, 5943557.924999999813735 ], [ 43988.25, 5943558.0 ], [ 43988.32499999999709, 5943558.0 ], [ 43988.32499999999709, 5943558.075000000186265 ], [ 43988.400000000001455, 5943558.075000000186265 ], [ 43988.400000000001455, 5943558.150000000372529 ], [ 43988.474999999998545, 5943558.150000000372529 ], [ 43988.474999999998545, 5943558.299999999813735 ], [ 43988.55000000000291, 5943558.299999999813735 ], [ 43988.55000000000291, 5943558.375 ], [ 43988.625, 5943558.375 ], [ 43988.625, 5943558.450000000186265 ], [ 43988.69999999999709, 5943558.450000000186265 ], [ 43988.69999999999709, 5943558.599999999627471 ], [ 43988.775000000001455, 5943558.599999999627471 ], [ 43988.775000000001455, 5943558.75 ], [ 43988.849999999998545, 5943558.75 ], [ 43988.849999999998545, 5943558.974999999627471 ], [ 43988.92500000000291, 5943558.974999999627471 ], [ 43988.92500000000291, 5943559.200000000186265 ], [ 43989.0, 5943559.200000000186265 ], [ 43989.0, 5943559.424999999813735 ], [ 43989.07499999999709, 5943559.424999999813735 ], [ 43989.07499999999709, 5943559.575000000186265 ], [ 43989.150000000001455, 5943559.575000000186265 ], [ 43989.150000000001455, 5943559.799999999813735 ], [ 43989.224999999998545, 5943559.799999999813735 ], [ 43989.224999999998545, 5943560.099999999627471 ], [ 43989.30000000000291, 5943560.099999999627471 ], [ 43989.30000000000291, 5943560.325000000186265 ], [ 43989.375, 5943560.325000000186265 ], [ 43989.375, 5943565.724999999627471 ], [ 43989.30000000000291, 5943565.724999999627471 ], [ 43989.30000000000291, 5943566.625 ], [ 43989.224999999998545, 5943566.625 ], [ 43989.224999999998545, 5943567.0 ], [ 43989.150000000001455, 5943567.0 ], [ 43989.150000000001455, 5943567.299999999813735 ], [ 43989.07499999999709, 5943567.299999999813735 ], [ 43989.07499999999709, 5943567.599999999627471 ], [ 43989.0, 5943567.599999999627471 ], [ 43989.0, 5943567.974999999627471 ], [ 43988.92500000000291, 5943567.974999999627471 ], [ 43988.92500000000291, 5943568.275000000372529 ], [ 43988.849999999998545, 5943568.275000000372529 ], [ 43988.849999999998545, 5943568.424999999813735 ], [ 43988.775000000001455, 5943568.424999999813735 ], [ 43988.775000000001455, 5943568.575000000186265 ], [ 43988.69999999999709, 5943568.575000000186265 ], [ 43988.69999999999709, 5943568.724999999627471 ], [ 43988.625, 5943568.724999999627471 ], [ 43988.625, 5943568.799999999813735 ], [ 43988.55000000000291, 5943568.799999999813735 ], [ 43988.55000000000291, 5943568.950000000186265 ], [ 43988.474999999998545, 5943568.950000000186265 ], [ 43988.474999999998545, 5943569.099999999627471 ], [ 43988.400000000001455, 5943569.099999999627471 ], [ 43988.400000000001455, 5943569.25 ], [ 43988.32499999999709, 5943569.25 ], [ 43988.32499999999709, 5943569.400000000372529 ], [ 43988.25, 5943569.400000000372529 ], [ 43988.25, 5943569.549999999813735 ], [ 43988.17500000000291, 5943569.549999999813735 ], [ 43988.17500000000291, 5943569.700000000186265 ], [ 43988.099999999998545, 5943569.700000000186265 ], [ 43988.099999999998545, 5943569.849999999627471 ], [ 43988.025000000001455, 5943569.849999999627471 ], [ 43988.025000000001455, 5943570.0 ], [ 43987.94999999999709, 5943570.0 ], [ 43987.94999999999709, 5943570.150000000372529 ], [ 43987.875, 5943570.150000000372529 ], [ 43987.875, 5943570.299999999813735 ], [ 43987.80000000000291, 5943570.299999999813735 ], [ 43987.80000000000291, 5943570.450000000186265 ], [ 43987.724999999998545, 5943570.450000000186265 ], [ 43987.724999999998545, 5943570.599999999627471 ], [ 43987.650000000001455, 5943570.599999999627471 ], [ 43987.650000000001455, 5943570.75 ], [ 43987.57499999999709, 5943570.75 ], [ 43987.57499999999709, 5943570.900000000372529 ], [ 43987.5, 5943570.900000000372529 ], [ 43987.5, 5943571.049999999813735 ], [ 43987.42500000000291, 5943571.049999999813735 ], [ 43987.42500000000291, 5943571.200000000186265 ], [ 43987.349999999998545, 5943571.200000000186265 ], [ 43987.349999999998545, 5943571.349999999627471 ], [ 43987.275000000001455, 5943571.349999999627471 ], [ 43987.275000000001455, 5943571.424999999813735 ], [ 43987.19999999999709, 5943571.424999999813735 ], [ 43987.19999999999709, 5943571.575000000186265 ], [ 43987.125, 5943571.575000000186265 ], [ 43987.125, 5943571.724999999627471 ], [ 43987.05000000000291, 5943571.724999999627471 ], [ 43987.05000000000291, 5943571.875 ], [ 43986.974999999998545, 5943571.875 ], [ 43986.974999999998545, 5943571.950000000186265 ], [ 43986.900000000001455, 5943571.950000000186265 ], [ 43986.900000000001455, 5943572.099999999627471 ], [ 43986.82499999999709, 5943572.099999999627471 ], [ 43986.82499999999709, 5943572.25 ], [ 43986.75, 5943572.25 ], [ 43986.75, 5943572.325000000186265 ], [ 43986.67500000000291, 5943572.325000000186265 ], [ 43986.67500000000291, 5943572.474999999627471 ], [ 43986.599999999998545, 5943572.474999999627471 ], [ 43986.599999999998545, 5943572.549999999813735 ], [ 43986.525000000001455, 5943572.549999999813735 ], [ 43986.525000000001455, 5943572.625 ], [ 43986.44999999999709, 5943572.625 ], [ 43986.44999999999709, 5943572.775000000372529 ], [ 43986.375, 5943572.775000000372529 ], [ 43986.375, 5943572.849999999627471 ], [ 43986.30000000000291, 5943572.849999999627471 ], [ 43986.30000000000291, 5943573.0 ], [ 43986.224999999998545, 5943573.0 ], [ 43986.224999999998545, 5943573.075000000186265 ], [ 43986.150000000001455, 5943573.075000000186265 ], [ 43986.150000000001455, 5943573.224999999627471 ], [ 43986.07499999999709, 5943573.224999999627471 ], [ 43986.07499999999709, 5943573.299999999813735 ], [ 43986.0, 5943573.299999999813735 ], [ 43986.0, 5943573.450000000186265 ], [ 43985.92500000000291, 5943573.450000000186265 ], [ 43985.92500000000291, 5943573.525000000372529 ], [ 43985.849999999998545, 5943573.525000000372529 ], [ 43985.849999999998545, 5943573.674999999813735 ], [ 43985.775000000001455, 5943573.674999999813735 ], [ 43985.775000000001455, 5943573.75 ], [ 43985.69999999999709, 5943573.75 ], [ 43985.69999999999709, 5943573.900000000372529 ], [ 43985.625, 5943573.900000000372529 ], [ 43985.625, 5943573.974999999627471 ], [ 43985.55000000000291, 5943573.974999999627471 ], [ 43985.55000000000291, 5943574.125 ], [ 43985.474999999998545, 5943574.125 ], [ 43985.474999999998545, 5943574.275000000372529 ], [ 43985.400000000001455, 5943574.275000000372529 ], [ 43985.400000000001455, 5943574.5 ], [ 43985.32499999999709, 5943574.5 ], [ 43985.32499999999709, 5943574.724999999627471 ], [ 43985.25, 5943574.724999999627471 ], [ 43985.25, 5943574.950000000186265 ], [ 43985.17500000000291, 5943574.950000000186265 ], [ 43985.17500000000291, 5943575.099999999627471 ], [ 43985.099999999998545, 5943575.099999999627471 ], [ 43985.099999999998545, 5943575.325000000186265 ], [ 43985.025000000001455, 5943575.325000000186265 ], [ 43985.025000000001455, 5943575.474999999627471 ], [ 43984.94999999999709, 5943575.474999999627471 ], [ 43984.94999999999709, 5943575.700000000186265 ], [ 43984.875, 5943575.700000000186265 ], [ 43984.875, 5943575.849999999627471 ], [ 43984.80000000000291, 5943575.849999999627471 ], [ 43984.80000000000291, 5943576.075000000186265 ], [ 43984.724999999998545, 5943576.075000000186265 ], [ 43984.724999999998545, 5943579.0 ], [ 43971.974999999998545, 5943579.0 ] ] ] } },
{ "type": "Feature", "properties": { "value": 1.0, "building_id": 3, "area": 49.820625000375124 }, "geometry": { "type": "Polygon", "coordinates": [ [ [ 43683.0, 5943538.875 ], [ 43683.0, 5943532.799999999813735 ], [ 43686.224999999998545, 5943532.799999999813735 ], [ 43686.224999999998545, 5943532.875 ], [ 43687.125, 5943532.875 ], [ 43687.125, 5943532.950000000186265 ], [ 43687.94999999999709, 5943532.950000000186265 ], [ 43687.94999999999709, 5943533.025000000372529 ], [ 43688.32499999999709, 5943533.025000000372529 ], [ 43688.32499999999709, 5943533.099999999627471 ], [ 43688.69999999999709, 5943533.099999999627471 ], [ 43688.69999999999709, 5943533.174999999813735 ], [ 43689.07499999999709, 5943533.174999999813735 ], [ 43689.07499999999709, 5943533.25 ], [ 43689.375, 5943533.25 ], [ 43689.375, 5943533.325000000186265 ], [ 43689.75, 5943533.325000000186265 ], [ 43689.75, 5943533.400000000372529 ], [ 43690.05000000000291, 5943533.400000000372529 ], [ 43690.05000000000291, 5943533.474999999627471 ], [ 43690.349999999998545, 5943533.474999999627471 ], [ 43690.349999999998545, 5943533.549999999813735 ], [ 43690.57499999999709, 5943533.549999999813735 ], [ 43690.57499999999709, 5943533.625 ], [ 43690.875, 5943533.625 ], [ 43690.875, 5943533.700000000186265 ], [ 43691.099999999998545, 5943533.700000000186265 ], [ 43691.099999999998545, 5943533.775000000372529 ], [ 43691.25, 5943533.775000000372529 ], [ 43691.25, 5943533.849999999627471 ], [ 43691.474999999998545, 5943533.849999999627471 ], [ 43691.474999999998545, 5943533.924999999813735 ], [ 43691.69999999999709, 5943533.924999999813735 ], [ 43691.69999999999709, 5943534.0 ], [ 43691.849999999998545, 5943534.0 ], [ 43691.849999999998545, 5943534.075000000186265 ], [ 43692.0, 5943534.075000000186265 ], [ 43692.0, 5943534.150000000372529 ], [ 43692.150000000001455, 5943534.150000000372529 ], [ 43692.150000000001455, 5943534.224999999627471 ], [ 43692.30000000000291, 5943534.224999999627471 ], [ 43692.30000000000291, 5943534.299999999813735 ], [ 43692.44999999999709, 5943534.299999999813735 ], [ 43692.44999999999709, 5943534.375 ], [ 43692.599999999998545, 5943534.375 ], [ 43692.599999999998545, 5943534.450000000186265 ], [ 43692.67500000000291, 5943534.450000000186265 ], [ 43692.67500000000291, 5943534.525000000372529 ], [ 43692.82499999999709, 5943534.525000000372529 ], [ 43692.82499999999709, 5943534.599999999627471 ], [ 43692.900000000001455, 5943534.599999999627471 ], [ 43692.900000000001455, 5943534.674999999813735 ], [ 43693.05000000000291, 5943534.674999999813735 ], [ 43693.05000000000291, 5943534.75 ], [ 43693.125, 5943534.75 ], [ 43693.125, 5943534.825000000186265 ], [ 43693.19999999999709, 5943534.825000000186265 ], [ 43693.19999999999709, 5943534.900000000372529 ], [ 43693.349999999998545, 5943534.900000000372529 ], [ 43693.349999999998545, 5943534.974999999627471 ], [ 43693.42500000000291, 5943534.974999999627471 ], [ 43693.42500000000291, 5943535.125 ], [ 43693.349999999998545, 5943535.125 ], [ 43693.349999999998545, 5943535.275000000372529 ], [ 43693.275000000001455, 5943535.275000000372529 ], [ 43693.275000000001455, 5943535.349999999627471 ], [ 43693.19999999999709, 5943535.349999999627471 ], [ 43693.19999999999709, 5943535.5 ], [ 43693.125, 5943535.5 ], [ 43693.125, 5943535.575000000186265 ], [ 43693.05000000000291, 5943535.575000000186265 ], [ 43693.05000000000291, 5943535.724999999627471 ], [ 43692.974999999998545, 5943535.724999999627471 ], [ 43692.974999999998545, 5943535.799999999813735 ], [ 43692.900000000001455, 5943535.799999999813735 ], [ 43692.900000000001455, 5943535.950000000186265 ], [ 43692.82499999999709, 5943535.950000000186265 ], [ 43692.82499999999709, 5943536.025000000372529 ], [ 43692.75, 5943536.025000000372529 ], [ 43692.75, 5943536.174999999813735 ], [ 43692.67500000000291, 5943536.174999999813735 ], [ 43692.67500000000291, 5943536.325000000186265 ], [ 43692.599999999998545, 5943536.325000000186265 ], [ 43692.599999999998545, 5943536.474999999627471 ], [ 43692.525000000001455, 5943536.474999999627471 ], [ 43692.525000000001455, 5943536.549999999813735 ], [ 43692.44999999999709, 5943536.549999999813735 ], [ 43692.44999999999709, 5943536.700000000186265 ], [ 43692.375, 5943536.700000000186265 ], [ 43692.375, 5943536.849999999627471 ], [ 43692.30000000000291, 5943536.849999999627471 ], [ 43692.30000000000291, 5943537.0 ], [ 43692.224999999998545, 5943537.0 ], [ 43692.224999999998545, 5943537.075000000186265 ], [ 43692.0, 5943537.075000000186265 ], [ 43692.0, 5943537.150000000372529 ], [ 43691.849999999998545, 5943537.150000000372529 ], [ 43691.849999999998545, 5943537.224999999627471 ], [ 43691.69999999999709, 5943537.224999999627471 ], [ 43691.69999999999709, 5943537.299999999813735 ], [ 43691.474999999998545, 5943537.299999999813735 ], [ 43691.474999999998545, 5943537.375 ], [ 43691.32499999999709, 5943537.375 ], [ 43691.32499999999709, 5943537.450000000186265 ], [ 43691.17500000000291, 5943537.450000000186265 ], [ 43691.17500000000291, 5943537.525000000372529 ], [ 43690.94999999999709, 5943537.525000000372529 ], [ 43690.94999999999709, 5943537.599999999627471 ], [ 43690.724999999998545, 5943537.599999999627471 ], [ 43690.724999999998545, 5943537.674999999813735 ], [ 43690.57499999999709, 5943537.674999999813735 ], [ 43690.57499999999709, 5943537.75 ], [ 43690.349999999998545, 5943537.75 ], [ 43690.349999999998545, 5943537.825000000186265 ], [ 43690.125, 5943537.825000000186265 ], [ 43690.125, 5943537.900000000372529 ], [ 43689.900000000001455, 5943537.900000000372529 ], [ 43689.900000000001455, 5943537.974999999627471 ], [ 43689.67500000000291, 5943537.974999999627471 ], [ 43689.67500000000291, 5943538.049999999813735 ], [ 43689.44999999999709, 5943538.049999999813735 ], [ 43689.44999999999709, 5943538.125 ], [ 43689.150000000001455, 5943538.125 ], [ 43689.150000000001455, 5943538.200000000186265 ], [ 43688.92500000000291, 5943538.200000000186265 ], [ 43688.92500000000291, 5943538.275000000372529 ], [ 43688.69999999999709, 5943538.275000000372529 ], [ 43688.69999999999709, 5943538.349999999627471 ], [ 43688.474999999998545, 5943538.349999999627471 ], [ 43688.474999999998545, 5943538.424999999813735 ], [ 43688.17500000000291, 5943538.424999999813735 ], [ 43688.17500000000291, 5943538.5 ], [ 43687.94999999999709, 5943538.5 ], [ 43687.94999999999709, 5943538.575000000186265 ], [ 43687.5, 5943538.575000000186265 ], [ 43687.5, 5943538.650000000372529 ], [ 43687.05000000000291, 5943538.650000000372529 ], [ 43687.05000000000291, 5943538.724999999627471 ], [ 43686.525000000001455, 5943538.724999999627471 ], [ 43686.525000000001455, 5943538.799999999813735 ], [ 43686.07499999999709, 5943538.799999999813735 ], [ 43686.07499999999709, 5943538.875 ], [ 43683.0, 5943538.875 ] ] ] } },
{ "type": "Feature", "properties": { "value": 1.0, "building_id": 4, "area": 361.86187500084742 }, "geometry": { "type": "Polygon", "coordinates": [ [ [ 43874.55000000000291, 5943546.224999999627471 ], [ 43874.55000000000291, 5943546.150000000372529 ], [ 43873.349999999998545, 5943546.150000000372529 ], [ 43873.349999999998545, 5943546.075000000186265 ], [ 43873.19999999999709, 5943546.075000000186265 ], [ 43873.19999999999709, 5943546.0 ], [ 43873.125, 5943546.0 ], [ 43873.125, 5943545.924999999813735 ], [ 43872.974999999998545, 5943545.924999999813735 ], [ 43872.974999999998545, 5943545.849999999627471 ], [ 43872.900000000001455, 5943545.849999999627471 ], [ 43872.900000000001455, 5943545.775000000372529 ], [ 43872.75, 5943545.775000000372529 ], [ 43872.75, 5943545.700000000186265 ], [ 43872.67500000000291, 5943545.700000000186265 ], [ 43872.67500000000291, 5943545.625 ], [ 43872.525000000001455, 5943545.625 ], [ 43872.525000000001455, 5943545.549999999813735 ], [ 43872.44999999999709, 5943545.549999999813735 ], [ 43872.44999999999709, 5943545.474999999627471 ], [ 43872.375, 5943545.474999999627471 ], [ 43872.375, 5943545.400000000372529 ], [ 43872.224999999998545, 5943545.400000000372529 ], [ 43872.224999999998545, 5943545.325000000186265 ], [ 43872.150000000001455, 5943545.325000000186265 ], [ 43872.150000000001455, 5943545.25 ], [ 43872.07499999999709, 5943545.25 ], [ 43872.07499999999709, 5943545.174999999813735 ], [ 43871.92500000000291, 5943545.174999999813735 ], [ 43871.92500000000291, 5943545.099999999627471 ], [ 43871.849999999998545, 5943545.099999999627471 ], [ 43871.849999999998545, 5943545.025000000372529 ], [ 43871.775000000001455, 5943545.025000000372529 ], [ 43871.775000000001455, 5943544.950000000186265 ], [ 43871.69999999999709, 5943544.950000000186265 ], [ 43871.69999999999709, 5943544.875 ], [ 43871.625, 5943544.875 ], [ 43871.625, 5943544.799999999813735 ], [ 43871.55000000000291, 5943544.799999999813735 ], [ 43871.55000000000291, 5943544.724999999627471 ], [ 43871.400000000001455, 5943544.724999999627471 ], [ 43871.400000000001455, 5943544.650000000372529 ], [ 43871.32499999999709, 5943544.650000000372529 ], [ 43871.32499999999709, 5943544.575000000186265 ], [ 43871.25, 5943544.575000000186265 ], [ 43871.25, 5943544.5 ], [ 43871.099999999998545, 5943544.5 ], [ 43871.099999999998545, 5943544.424999999813735 ], [ 43871.025000000001455, 5943544.424999999813735 ], [ 43871.025000000001455, 5943544.349999999627471 ], [ 43870.94999999999709, 5943544.349999999627471 ], [ 43870.94999999999709, 5943544.275000000372529 ], [ 43870.80000000000291, 5943544.275000000372529 ], [ 43870.80000000000291, 5943544.200000000186265 ], [ 43870.724999999998545, 5943544.200000000186265 ], [ 43870.724999999998545, 5943544.125 ], [ 43870.650000000001455, 5943544.125 ], [ 43870.650000000001455, 5943544.049999999813735 ], [ 43870.5, 5943544.049999999813735 ], [ 43870.5, 5943543.974999999627471 ], [ 43870.42500000000291, 5943543.974999999627471 ], [ 43870.42500000000291, 5943543.900000000372529 ], [ 43870.349999999998545, 5943543.900000000372529 ], [ 43870.349999999998545, 5943543.825000000186265 ], [ 43870.19999999999709, 5943543.825000000186265 ], [ 43870.19999999999709, 5943543.75 ], [ 43870.125, 5943543.75 ], [ 43870.125, 5943543.674999999813735 ], [ 43870.05000000000291, 5943543.674999999813735 ], [ 43870.05000000000291, 5943543.599999999627471 ], [ 43869.900000000001455, 5943543.599999999627471 ], [ 43869.900000000001455, 5943543.525000000372529 ], [ 43869.82499999999709, 5943543.525000000372529 ], [ 43869.82499999999709, 5943543.450000000186265 ], [ 43869.75, 5943543.450000000186265 ], [ 43869.75, 5943543.375 ], [ 43869.599999999998545, 5943543.375 ], [ 43869.599999999998545, 5943543.299999999813735 ], [ 43869.525000000001455, 5943543.299999999813735 ], [ 43869.525000000001455, 5943543.224999999627471 ], [ 43869.44999999999709, 5943543.224999999627471 ], [ 43869.44999999999709, 5943543.150000000372529 ], [ 43869.375, 5943543.150000000372529 ], [ 43869.375, 5943543.075000000186265 ], [ 43869.30000000000291, 5943543.075000000186265 ], [ 43869.30000000000291, 5943543.0 ], [ 43869.224999999998545, 5943543.0 ], [ 43869.224999999998545, 5943542.924999999813735 ], [ 43869.150000000001455, 5943542.924999999813735 ], [ 43869.150000000001455, 5943542.849999999627471 ], [ 43869.07499999999709, 5943542.849999999627471 ], [ 43869.07499999999709, 5943542.775000000372529 ], [ 43869.0, 5943542.775000000372529 ], [ 43869.0, 5943542.700000000186265 ], [ 43868.849999999998545, 5943542.700000000186265 ], [ 43868.849999999998545, 5943542.625 ], [ 43868.775000000001455, 5943542.625 ], [ 43868.775000000001455, 5943542.549999999813735 ], [ 43868.69999999999709, 5943542.549999999813735 ], [ 43868.69999999999709, 5943542.474999999627471 ], [ 43868.625, 5943542.474999999627471 ], [ 43868.625, 5943542.400000000372529 ], [ 43868.55000000000291, 5943542.400000000372529 ], [ 43868.55000000000291, 5943542.325000000186265 ], [ 43868.400000000001455, 5943542.325000000186265 ], [ 43868.400000000001455, 5943542.25 ], [ 43868.32499999999709, 5943542.25 ], [ 43868.32499999999709, 5943542.174999999813735 ], [ 43868.25, 5943542.174999999813735 ], [ 43868.25, 5943542.099999999627471 ], [ 43868.099999999998545, 5943542.099999999627471 ], [ 43868.099999999998545, 5943542.025000000372529 ], [ 43868.025000000001455, 5943542.025000000372529 ], [ 43868.025000000001455, 5943541.950000000186265 ], [ 43867.875, 5943541.950000000186265 ], [ 43867.875, 5943541.875 ], [ 43867.80000000000291, 5943541.875 ], [ 43867.80000000000291, 5943541.799999999813735 ], [ 43867.650000000001455, 5943541.799999999813735 ], [ 43867.650000000001455, 5943541.724999999627471 ], [ 43867.5, 5943541.724999999627471 ], [ 43867.5, 5943541.650000000372529 ], [ 43867.349999999998545, 5943541.650000000372529 ], [ 43867.349999999998545, 5943541.575000000186265 ], [ 43867.19999999999709, 5943541.575000000186265 ], [ 43867.19999999999709, 5943541.5 ], [ 43867.125, 5943541.5 ], [ 43867.125, 5943541.424999999813735 ], [ 43866.974999999998545, 5943541.424999999813735 ], [ 43866.974999999998545, 5943541.349999999627471 ], [ 43866.82499999999709, 5943541.349999999627471 ], [ 43866.82499999999709, 5943541.275000000372529 ], [ 43866.75, 5943541.275000000372529 ], [ 43866.75, 5943541.200000000186265 ], [ 43866.67500000000291, 5943541.200000000186265 ], [ 43866.67500000000291, 5943541.125 ], [ 43866.525000000001455, 5943541.125 ], [ 43866.525000000001455, 5943541.049999999813735 ], [ 43866.44999999999709, 5943541.049999999813735 ], [ 43866.44999999999709, 5943540.974999999627471 ], [ 43866.375, 5943540.974999999627471 ], [ 43866.375, 5943540.900000000372529 ], [ 43866.30000000000291, 5943540.900000000372529 ], [ 43866.30000000000291, 5943540.825000000186265 ], [ 43866.224999999998545, 5943540.825000000186265 ], [ 43866.224999999998545, 5943540.75 ], [ 43866.150000000001455, 5943540.75 ], [ 43866.150000000001455, 5943540.674999999813735 ], [ 43866.07499999999709, 5943540.674999999813735 ], [ 43866.07499999999709, 5943540.599999999627471 ], [ 43865.92500000000291, 5943540.599999999627471 ], [ 43865.92500000000291, 5943540.525000000372529 ], [ 43865.849999999998545, 5943540.525000000372529 ], [ 43865.849999999998545, 5943540.450000000186265 ], [ 43865.775000000001455, 5943540.450000000186265 ], [ 43865.775000000001455, 5943540.375 ], [ 43865.625, 5943540.375 ], [ 43865.625, 5943540.299999999813735 ], [ 43865.474999999998545, 5943540.299999999813735 ], [ 43865.474999999998545, 5943540.224999999627471 ], [ 43865.32499999999709, 5943540.224999999627471 ], [ 43865.32499999999709, 5943540.150000000372529 ], [ 43865.17500000000291, 5943540.150000000372529 ], [ 43865.17500000000291, 5943540.075000000186265 ], [ 43865.099999999998545, 5943540.075000000186265 ], [ 43865.099999999998545, 5943540.0 ], [ 43864.94999999999709, 5943540.0 ], [ 43864.94999999999709, 5943539.924999999813735 ], [ 43864.80000000000291, 5943539.924999999813735 ], [ 43864.80000000000291, 5943539.849999999627471 ], [ 43864.724999999998545, 5943539.849999999627471 ], [ 43864.724999999998545, 5943539.775000000372529 ], [ 43864.650000000001455, 5943539.775000000372529 ], [ 43864.650000000001455, 5943539.700000000186265 ], [ 43864.5, 5943539.700000000186265 ], [ 43864.5, 5943539.625 ], [ 43864.42500000000291, 5943539.625 ], [ 43864.42500000000291, 5943539.549999999813735 ], [ 43864.349999999998545, 5943539.549999999813735 ], [ 43864.349999999998545, 5943539.474999999627471 ], [ 43864.19999999999709, 5943539.474999999627471 ], [ 43864.19999999999709, 5943539.400000000372529 ], [ 43864.125, 5943539.400000000372529 ], [ 43864.125, 5943539.325000000186265 ], [ 43864.05000000000291, 5943539.325000000186265 ], [ 43864.05000000000291, 5943539.25 ], [ 43863.974999999998545, 5943539.25 ], [ 43863.974999999998545, 5943539.174999999813735 ], [ 43863.900000000001455, 5943539.174999999813735 ], [ 43863.900000000001455, 5943539.099999999627471 ], [ 43863.82499999999709, 5943539.099999999627471 ], [ 43863.82499999999709, 5943539.025000000372529 ], [ 43863.75, 5943539.025000000372529 ], [ 43863.75, 5943538.950000000186265 ], [ 43863.67500000000291, 5943538.950000000186265 ], [ 43863.67500000000291, 5943538.799999999813735 ], [ 43863.599999999998545, 5943538.799999999813735 ], [ 43863.599999999998545, 5943538.724999999627471 ], [ 43863.525000000001455, 5943538.724999999627471 ], [ 43863.525000000001455, 5943538.650000000372529 ], [ 43863.44999999999709, 5943538.650000000372529 ], [ 43863.44999999999709, 5943538.575000000186265 ], [ 43863.375, 5943538.575000000186265 ], [ 43863.375, 5943538.5 ], [ 43863.30000000000291, 5943538.5 ], [ 43863.30000000000291, 5943538.424999999813735 ], [ 43863.224999999998545, 5943538.424999999813735 ], [ 43863.224999999998545, 5943538.349999999627471 ], [ 43863.150000000001455, 5943538.349999999627471 ], [ 43863.150000000001455, 5943538.200000000186265 ], [ 43863.07499999999709, 5943538.200000000186265 ], [ 43863.07499999999709, 5943538.125 ], [ 43863.0, 5943538.125 ], [ 43863.0, 5943537.974999999627471 ], [ 43862.92500000000291, 5943537.974999999627471 ], [ 43862.92500000000291, 5943537.900000000372529 ], [ 43862.849999999998545, 5943537.900000000372529 ], [ 43862.849999999998545, 5943537.75 ], [ 43862.775000000001455, 5943537.75 ], [ 43862.775000000001455, 5943537.599999999627471 ], [ 43862.69999999999709, 5943537.599999999627471 ], [ 43862.69999999999709, 5943537.450000000186265 ], [ 43862.625, 5943537.450000000186265 ], [ 43862.625, 5943537.299999999813735 ], [ 43862.55000000000291, 5943537.299999999813735 ], [ 43862.55000000000291, 5943537.150000000372529 ], [ 43862.474999999998545, 5943537.150000000372529 ], [ 43862.474999999998545, 5943536.474999999627471 ], [ 43862.55000000000291, 5943536.474999999627471 ], [ 43862.55000000000291, 5943535.875 ], [ 43862.625, 5943535.875 ], [ 43862.625, 5943535.200000000186265 ], [ 43862.69999999999709, 5943535.200000000186265 ], [ 43862.69999999999709, 5943534.974999999627471 ], [ 43862.775000000001455, 5943534.974999999627471 ], [ 43862.775000000001455, 5943534.825000000186265 ], [ 43862.849999999998545, 5943534.825000000186265 ], [ 43862.849999999998545, 5943534.75 ], [ 43862.92500000000291, 5943534.75 ], [ 43862.92500000000291, 5943534.674999999813735 ], [ 43863.0, 5943534.674999999813735 ], [ 43863.0, 5943534.599999999627471 ], [ 43863.07499999999709, 5943534.599999999627471 ], [ 43863.07499999999709, 5943534.450000000186265 ], [ 43863.150000000001455, 5943534.450000000186265 ], [ 43863.150000000001455, 5943534.375 ], [ 43863.224999999998545, 5943534.375 ], [ 43863.224999999998545, 5943534.299999999813735 ], [ 43863.30000000000291, 5943534.299999999813735 ], [ 43863.30000000000291, 5943534.224999999627471 ], [ 43863.44999999999709, 5943534.224999999627471 ], [ 43863.44999999999709, 5943534.150000000372529 ], [ 43863.525000000001455, 5943534.150000000372529 ], [ 43863.525000000001455, 5943534.075000000186265 ], [ 43863.599999999998545, 5943534.075000000186265 ], [ 43863.599999999998545, 5943534.0 ], [ 43863.67500000000291, 5943534.0 ], [ 43863.67500000000291, 5943533.924999999813735 ], [ 43863.82499999999709, 5943533.924999999813735 ], [ 43863.82499999999709, 5943533.849999999627471 ], [ 43863.900000000001455, 5943533.849999999627471 ], [ 43863.900000000001455, 5943533.775000000372529 ], [ 43863.974999999998545, 5943533.775000000372529 ], [ 43863.974999999998545, 5943533.700000000186265 ], [ 43864.05000000000291, 5943533.700000000186265 ], [ 43864.05000000000291, 5943533.625 ], [ 43864.125, 5943533.625 ], [ 43864.125, 5943533.549999999813735 ], [ 43864.19999999999709, 5943533.549999999813735 ], [ 43864.19999999999709, 5943533.474999999627471 ], [ 43864.349999999998545, 5943533.474999999627471 ], [ 43864.349999999998545, 5943533.400000000372529 ], [ 43864.42500000000291, 5943533.400000000372529 ], [ 43864.42500000000291, 5943533.325000000186265 ], [ 43864.5, 5943533.325000000186265 ], [ 43864.5, 5943533.174999999813735 ], [ 43864.57499999999709, 5943533.174999999813735 ], [ 43864.57499999999709, 5943533.099999999627471 ], [ 43864.650000000001455, 5943533.099999999627471 ], [ 43864.650000000001455, 5943533.025000000372529 ], [ 43864.724999999998545, 5943533.025000000372529 ], [ 43864.724999999998545, 5943532.950000000186265 ], [ 43864.80000000000291, 5943532.950000000186265 ], [ 43864.80000000000291, 5943532.875 ], [ 43864.875, 5943532.875 ], [ 43864.875, 5943532.799999999813735 ], [ 43865.025000000001455, 5943532.799999999813735 ], [ 43865.025000000001455, 5943532.724999999627471 ], [ 43865.099999999998545, 5943532.724999999627471 ], [ 43865.099999999998545, 5943532.650000000372529 ], [ 43865.17500000000291, 5943532.650000000372529 ], [ 43865.17500000000291, 5943532.575000000186265 ], [ 43865.32499999999709, 5943532.575000000186265 ], [ 43865.32499999999709, 5943532.5 ], [ 43865.400000000001455, 5943532.5 ], [ 43865.400000000001455, 5943532.424999999813735 ], [ 43865.55000000000291, 5943532.424999999813735 ], [ 43865.55000000000291, 5943532.349999999627471 ], [ 43865.69999999999709, 5943532.349999999627471 ], [ 43865.69999999999709, 5943532.275000000372529 ], [ 43865.849999999998545, 5943532.275000000372529 ], [ 43865.849999999998545, 5943532.200000000186265 ], [ 43865.92500000000291, 5943532.200000000186265 ], [ 43865.92500000000291, 5943532.125 ], [ 43866.07499999999709, 5943532.125 ], [ 43866.07499999999709, 5943532.049999999813735 ], [ 43866.224999999998545, 5943532.049999999813735 ], [ 43866.224999999998545, 5943531.974999999627471 ], [ 43866.30000000000291, 5943531.974999999627471 ], [ 43866.30000000000291, 5943531.900000000372529 ], [ 43866.44999999999709, 5943531.900000000372529 ], [ 43866.44999999999709, 5943531.825000000186265 ], [ 43866.599999999998545, 5943531.825000000186265 ], [ 43866.599999999998545, 5943531.75 ], [ 43866.67500000000291, 5943531.75 ], [ 43866.67500000000291, 5943531.674999999813735 ], [ 43866.82499999999709, 5943531.674999999813735 ], [ 43866.82499999999709, 5943531.599999999627471 ], [ 43866.900000000001455, 5943531.599999999627471 ], [ 43866.900000000001455, 5943531.525000000372529 ], [ 43867.05000000000291, 5943531.525000000372529 ], [ 43867.05000000000291, 5943531.450000000186265 ], [ 43867.125, 5943531.450000000186265 ], [ 43867.125, 5943531.375 ], [ 43867.275000000001455, 5943531.375 ], [ 43867.275000000001455, 5943531.299999999813735 ], [ 43867.349999999998545, 5943531.299999999813735 ], [ 43867.349999999998545, 5943531.224999999627471 ], [ 43867.5, 5943531.224999999627471 ], [ 43867.5, 5943531.150000000372529 ], [ 43867.57499999999709, 5943531.150000000372529 ], [ 43867.57499999999709, 5943531.075000000186265 ], [ 43867.650000000001455, 5943531.075000000186265 ], [ 43867.650000000001455, 5943531.0 ], [ 43867.80000000000291, 5943531.0 ], [ 43867.80000000000291, 5943530.924999999813735 ], [ 43867.875, 5943530.924999999813735 ], [ 43867.875, 5943530.849999999627471 ], [ 43868.025000000001455, 5943530.849999999627471 ], [ 43868.025000000001455, 5943530.775000000372529 ], [ 43868.099999999998545, 5943530.775000000372529 ], [ 43868.099999999998545, 5943530.700000000186265 ], [ 43868.25, 5943530.700000000186265 ], [ 43868.25, 5943530.625 ], [ 43868.400000000001455, 5943530.625 ], [ 43868.400000000001455, 5943530.549999999813735 ], [ 43868.55000000000291, 5943530.549999999813735 ], [ 43868.55000000000291, 5943530.474999999627471 ], [ 43868.69999999999709, 5943530.474999999627471 ], [ 43868.69999999999709, 5943530.400000000372529 ], [ 43868.849999999998545, 5943530.400000000372529 ], [ 43868.849999999998545, 5943530.325000000186265 ], [ 43869.0, 5943530.325000000186265 ], [ 43869.0, 5943530.25 ], [ 43869.150000000001455, 5943530.25 ], [ 43869.150000000001455, 5943530.174999999813735 ], [ 43869.375, 5943530.174999999813735 ], [ 43869.375, 5943530.099999999627471 ], [ 43869.599999999998545, 5943530.099999999627471 ], [ 43869.599999999998545, 5943530.025000000372529 ], [ 43869.75, 5943530.025000000372529 ], [ 43869.75, 5943529.950000000186265 ], [ 43869.974999999998545, 5943529.950000000186265 ], [ 43869.974999999998545, 5943529.875 ], [ 43870.125, 5943529.875 ], [ 43870.125, 5943529.799999999813735 ], [ 43870.349999999998545, 5943529.799999999813735 ], [ 43870.349999999998545, 5943529.724999999627471 ], [ 43870.5, 5943529.724999999627471 ], [ 43870.5, 5943529.650000000372529 ], [ 43870.650000000001455, 5943529.650000000372529 ], [ 43870.650000000001455, 5943529.575000000186265 ], [ 43870.80000000000291, 5943529.575000000186265 ], [ 43870.80000000000291, 5943529.5 ], [ 43870.94999999999709, 5943529.5 ], [ 43870.94999999999709, 5943529.424999999813735 ], [ 43871.025000000001455, 5943529.424999999813735 ], [ 43871.025000000001455, 5943529.349999999627471 ], [ 43871.17500000000291, 5943529.349999999627471 ], [ 43871.17500000000291, 5943529.275000000372529 ], [ 43871.32499999999709, 5943529.275000000372529 ], [ 43871.32499999999709, 5943529.200000000186265 ], [ 43871.400000000001455, 5943529.200000000186265 ], [ 43871.400000000001455, 5943529.125 ], [ 43871.474999999998545, 5943529.125 ], [ 43871.474999999998545, 5943529.049999999813735 ], [ 43871.55000000000291, 5943529.049999999813735 ], [ 43871.55000000000291, 5943528.974999999627471 ], [ 43871.69999999999709, 5943528.974999999627471 ], [ 43871.69999999999709, 5943528.900000000372529 ], [ 43871.775000000001455, 5943528.900000000372529 ], [ 43871.775000000001455, 5943528.825000000186265 ], [ 43871.849999999998545, 5943528.825000000186265 ], [ 43871.849999999998545, 5943528.75 ], [ 43872.0, 5943528.75 ], [ 43872.0, 5943528.674999999813735 ], [ 43872.07499999999709, 5943528.674999999813735 ], [ 43872.07499999999709, 5943528.599999999627471 ], [ 43872.224999999998545, 5943528.599999999627471 ], [ 43872.224999999998545, 5943528.525000000372529 ], [ 43872.30000000000291, 5943528.525000000372529 ], [ 43872.30000000000291, 5943528.450000000186265 ], [ 43872.44999999999709, 5943528.450000000186265 ], [ 43872.44999999999709, 5943528.375 ], [ 43872.599999999998545, 5943528.375 ], [ 43872.599999999998545, 5943528.299999999813735 ], [ 43872.75, 5943528.299999999813735 ], [ 43872.75, 5943528.224999999627471 ], [ 43872.900000000001455, 5943528.224999999627471 ], [ 43872.900000000001455, 5943528.150000000372529 ], [ 43873.05000000000291, 5943528.150000000372529 ], [ 43873.05000000000291, 5943528.075000000186265 ], [ 43873.19999999999709, 5943528.075000000186265 ], [ 43873.19999999999709, 5943528.0 ], [ 43873.349999999998545, 5943528.0 ], [ 43873.349999999998545, 5943527.924999999813735 ], [ 43874.17500000000291, 5943527.924999999813735 ], [ 43874.17500000000291, 5943527.849999999627471 ], [ 43875.30000000000291, 5943527.849999999627471 ], [ 43875.30000000000291, 5943527.775000000372529 ], [ 43875.375, 5943527.775000000372529 ], [ 43875.375, 5943527.849999999627471 ], [ 43875.82499999999709, 5943527.849999999627471 ], [ 43875.82499999999709, 5943527.924999999813735 ], [ 43876.19999999999709, 5943527.924999999813735 ], [ 43876.19999999999709, 5943528.0 ], [ 43876.650000000001455, 5943528.0 ], [ 43876.650000000001455, 5943528.075000000186265 ], [ 43877.099999999998545, 5943528.075000000186265 ], [ 43877.099999999998545, 5943528.150000000372529 ], [ 43877.55000000000291, 5943528.150000000372529 ], [ 43877.55000000000291, 5943528.224999999627471 ], [ 43878.07499999999709, 5943528.224999999627471 ], [ 43878.07499999999709, 5943528.299999999813735 ], [ 43878.525000000001455, 5943528.299999999813735 ], [ 43878.525000000001455, 5943528.375 ], [ 43879.05000000000291, 5943528.375 ], [ 43879.05000000000291, 5943528.450000000186265 ], [ 43879.5, 5943528.450000000186265 ], [ 43879.5, 5943528.525000000372529 ], [ 43879.94999999999709, 5943528.525000000372529 ], [ 43879.94999999999709, 5943528.599999999627471 ], [ 43880.32499999999709, 5943528.599999999627471 ], [ 43880.32499999999709, 5943528.674999999813735 ], [ 43880.775000000001455, 5943528.674999999813735 ], [ 43880.775000000001455, 5943528.75 ], [ 43881.150000000001455, 5943528.75 ], [ 43881.150000000001455, 5943528.825000000186265 ], [ 43881.67500000000291, 5943528.825000000186265 ], [ 43881.67500000000291, 5943528.900000000372529 ], [ 43882.125, 5943528.900000000372529 ], [ 43882.125, 5943528.974999999627471 ], [ 43882.57499999999709, 5943528.974999999627471 ], [ 43882.57499999999709, 5943529.049999999813735 ], [ 43883.025000000001455, 5943529.049999999813735 ], [ 43883.025000000001455, 5943529.125 ], [ 43883.55000000000291, 5943529.125 ], [ 43883.55000000000291, 5943529.200000000186265 ], [ 43884.375, 5943529.200000000186265 ], [ 43884.375, 5943529.275000000372529 ], [ 43885.19999999999709, 5943529.275000000372529 ], [ 43885.19999999999709, 5943529.349999999627471 ], [ 43886.099999999998545, 5943529.349999999627471 ], [ 43886.099999999998545, 5943529.424999999813735 ], [ 43886.32499999999709, 5943529.424999999813735 ], [ 43886.32499999999709, 5943529.5 ], [ 43886.474999999998545, 5943529.5 ], [ 43886.474999999998545, 5943529.575000000186265 ], [ 43886.55000000000291, 5943529.575000000186265 ], [ 43886.55000000000291, 5943529.650000000372529 ], [ 43886.69999999999709, 5943529.650000000372529 ], [ 43886.69999999999709, 5943529.724999999627471 ], [ 43886.849999999998545, 5943529.724999999627471 ], [ 43886.849999999998545, 5943529.799999999813735 ], [ 43887.0, 5943529.799999999813735 ], [ 43887.0, 5943529.875 ], [ 43887.07499999999709, 5943529.875 ], [ 43887.07499999999709, 5943529.950000000186265 ], [ 43887.224999999998545, 5943529.950000000186265 ], [ 43887.224999999998545, 5943530.025000000372529 ], [ 43887.30000000000291, 5943530.025000000372529 ], [ 43887.30000000000291, 5943530.099999999627471 ], [ 43887.375, 5943530.099999999627471 ], [ 43887.375, 5943530.174999999813735 ], [ 43887.44999999999709, 5943530.174999999813735 ], [ 43887.44999999999709, 5943530.25 ], [ 43887.599999999998545, 5943530.25 ], [ 43887.599999999998545, 5943530.325000000186265 ], [ 43887.67500000000291, 5943530.325000000186265 ], [ 43887.67500000000291, 5943530.400000000372529 ], [ 43887.75, 5943530.400000000372529 ], [ 43887.75, 5943530.474999999627471 ], [ 43887.82499999999709, 5943530.474999999627471 ], [ 43887.82499999999709, 5943530.549999999813735 ], [ 43887.900000000001455, 5943530.549999999813735 ], [ 43887.900000000001455, 5943530.625 ], [ 43887.974999999998545, 5943530.625 ], [ 43887.974999999998545, 5943530.700000000186265 ], [ 43888.05000000000291, 5943530.700000000186265 ], [ 43888.05000000000291, 5943530.775000000372529 ], [ 43888.125, 5943530.775000000372529 ], [ 43888.125, 5943530.849999999627471 ], [ 43888.19999999999709, 5943530.849999999627471 ], [ 43888.19999999999709, 5943531.0 ], [ 43888.275000000001455, 5943531.0 ], [ 43888.275000000001455, 5943531.075000000186265 ], [ 43888.349999999998545, 5943531.075000000186265 ], [ 43888.349999999998545, 5943531.150000000372529 ], [ 43888.42500000000291, 5943531.150000000372529 ], [ 43888.42500000000291, 5943531.299999999813735 ], [ 43888.5, 5943531.299999999813735 ], [ 43888.5, 5943531.375 ], [ 43888.57499999999709, 5943531.375 ], [ 43888.57499999999709, 5943531.450000000186265 ], [ 43888.650000000001455, 5943531.450000000186265 ], [ 43888.650000000001455, 5943531.599999999627471 ], [ 43888.724999999998545, 5943531.599999999627471 ], [ 43888.724999999998545, 5943531.674999999813735 ], [ 43888.80000000000291, 5943531.674999999813735 ], [ 43888.80000000000291, 5943531.75 ], [ 43888.875, 5943531.75 ], [ 43888.875, 5943531.900000000372529 ], [ 43888.94999999999709, 5943531.900000000372529 ], [ 43888.94999999999709, 5943531.974999999627471 ], [ 43889.025000000001455, 5943531.974999999627471 ], [ 43889.025000000001455, 5943532.049999999813735 ], [ 43889.099999999998545, 5943532.049999999813735 ], [ 43889.099999999998545, 5943532.125 ], [ 43889.17500000000291, 5943532.125 ], [ 43889.17500000000291, 5943532.200000000186265 ], [ 43889.25, 5943532.200000000186265 ], [ 43889.25, 5943532.275000000372529 ], [ 43889.32499999999709, 5943532.275000000372529 ], [ 43889.32499999999709, 5943532.424999999813735 ], [ 43889.400000000001455, 5943532.424999999813735 ], [ 43889.400000000001455, 5943532.5 ], [ 43889.474999999998545, 5943532.5 ], [ 43889.474999999998545, 5943532.575000000186265 ], [ 43889.55000000000291, 5943532.575000000186265 ], [ 43889.55000000000291, 5943532.650000000372529 ], [ 43889.625, 5943532.650000000372529 ], [ 43889.625, 5943532.724999999627471 ], [ 43889.69999999999709, 5943532.724999999627471 ], [ 43889.69999999999709, 5943532.875 ], [ 43889.775000000001455, 5943532.875 ], [ 43889.775000000001455, 5943532.950000000186265 ], [ 43889.849999999998545, 5943532.950000000186265 ], [ 43889.849999999998545, 5943533.099999999627471 ], [ 43889.92500000000291, 5943533.099999999627471 ], [ 43889.92500000000291, 5943533.174999999813735 ], [ 43890.0, 5943533.174999999813735 ], [ 43890.0, 5943533.325000000186265 ], [ 43890.07499999999709, 5943533.325000000186265 ], [ 43890.07499999999709, 5943533.474999999627471 ], [ 43890.150000000001455, 5943533.474999999627471 ], [ 43890.150000000001455, 5943533.549999999813735 ], [ 43890.224999999998545, 5943533.549999999813735 ], [ 43890.224999999998545, 5943533.700000000186265 ], [ 43890.30000000000291, 5943533.700000000186265 ], [ 43890.30000000000291, 5943533.775000000372529 ], [ 43890.375, 5943533.775000000372529 ], [ 43890.375, 5943533.849999999627471 ], [ 43890.44999999999709, 5943533.849999999627471 ], [ 43890.44999999999709, 5943534.0 ], [ 43890.525000000001455, 5943534.0 ], [ 43890.525000000001455, 5943534.075000000186265 ], [ 43890.599999999998545, 5943534.075000000186265 ], [ 43890.599999999998545, 5943534.150000000372529 ], [ 43890.67500000000291, 5943534.150000000372529 ], [ 43890.67500000000291, 5943534.299999999813735 ], [ 43890.75, 5943534.299999999813735 ], [ 43890.75, 5943534.375 ], [ 43890.82499999999709, 5943534.375 ], [ 43890.82499999999709, 5943534.450000000186265 ], [ 43890.900000000001455, 5943534.450000000186265 ], [ 43890.900000000001455, 5943534.525000000372529 ], [ 43890.974999999998545, 5943534.525000000372529 ], [ 43890.974999999998545, 5943534.599999999627471 ], [ 43891.05000000000291, 5943534.599999999627471 ], [ 43891.05000000000291, 5943534.674999999813735 ], [ 43891.125, 5943534.674999999813735 ], [ 43891.125, 5943534.75 ], [ 43891.19999999999709, 5943534.75 ], [ 43891.19999999999709, 5943534.825000000186265 ], [ 43891.275000000001455, 5943534.825000000186265 ], [ 43891.275000000001455, 5943534.900000000372529 ], [ 43891.349999999998545, 5943534.900000000372529 ], [ 43891.349999999998545, 5943534.974999999627471 ], [ 43891.42500000000291, 5943534.974999999627471 ], [ 43891.42500000000291, 5943535.049999999813735 ], [ 43891.5, 5943535.049999999813735 ], [ 43891.5, 5943535.200000000186265 ], [ 43891.57499999999709, 5943535.200000000186265 ], [ 43891.57499999999709, 5943535.424999999813735 ], [ 43891.650000000001455, 5943535.424999999813735 ], [ 43891.650000000001455, 5943535.650000000372529 ], [ 43891.724999999998545, 5943535.650000000372529 ], [ 43891.724999999998545, 5943535.875 ], [ 43891.80000000000291, 5943535.875 ], [ 43891.80000000000291, 5943536.099999999627471 ], [ 43891.875, 5943536.099999999627471 ], [ 43891.875, 5943536.25 ], [ 43891.94999999999709, 5943536.25 ], [ 43891.94999999999709, 5943536.474999999627471 ], [ 43892.025000000001455, 5943536.474999999627471 ], [ 43892.025000000001455, 5943536.625 ], [ 43892.099999999998545, 5943536.625 ], [ 43892.099999999998545, 5943536.849999999627471 ], [ 43892.17500000000291, 5943536.849999999627471 ], [ 43892.17500000000291, 5943537.299999999813735 ], [ 43892.099999999998545, 5943537.299999999813735 ], [ 43892.099999999998545, 5943537.599999999627471 ], [ 43892.025000000001455, 5943537.599999999627471 ], [ 43892.025000000001455, 5943537.674999999813735 ], [ 43891.875, 5943537.674999999813735 ], [ 43891.875, 5943537.75 ], [ 43891.80000000000291, 5943537.75 ], [ 43891.80000000000291, 5943537.825000000186265 ], [ 43891.724999999998545, 5943537.825000000186265 ], [ 43891.724999999998545, 5943537.900000000372529 ], [ 43891.650000000001455, 5943537.900000000372529 ], [ 43891.650000000001455, 5943537.974999999627471 ], [ 43891.5, 5943537.974999999627471 ], [ 43891.5, 5943538.049999999813735 ], [ 43891.42500000000291, 5943538.049999999813735 ], [ 43891.42500000000291, 5943538.125 ], [ 43891.349999999998545, 5943538.125 ], [ 43891.349999999998545, 5943538.200000000186265 ], [ 43891.19999999999709, 5943538.200000000186265 ], [ 43891.19999999999709, 5943538.275000000372529 ], [ 43891.125, 5943538.275000000372529 ], [ 43891.125, 5943538.349999999627471 ], [ 43890.974999999998545, 5943538.349999999627471 ], [ 43890.974999999998545, 5943538.424999999813735 ], [ 43890.900000000001455, 5943538.424999999813735 ], [ 43890.900000000001455, 5943538.5 ], [ 43890.75, 5943538.5 ], [ 43890.75, 5943538.575000000186265 ], [ 43890.67500000000291, 5943538.575000000186265 ], [ 43890.67500000000291, 5943538.650000000372529 ], [ 43890.599999999998545, 5943538.650000000372529 ], [ 43890.599999999998545, 5943538.724999999627471 ], [ 43890.525000000001455, 5943538.724999999627471 ], [ 43890.525000000001455, 5943538.799999999813735 ], [ 43890.44999999999709, 5943538.799999999813735 ], [ 43890.44999999999709, 5943538.875 ], [ 43890.375, 5943538.875 ], [ 43890.375, 5943538.950000000186265 ], [ 43890.30000000000291, 5943538.950000000186265 ], [ 43890.30000000000291, 5943539.025000000372529 ], [ 43890.224999999998545, 5943539.025000000372529 ], [ 43890.224999999998545, 5943539.099999999627471 ], [ 43890.150000000001455, 5943539.099999999627471 ], [ 43890.150000000001455, 5943539.174999999813735 ], [ 43890.07499999999709, 5943539.174999999813735 ], [ 43890.07499999999709, 5943539.25 ], [ 43889.92500000000291, 5943539.25 ], [ 43889.92500000000291, 5943539.325000000186265 ], [ 43889.849999999998545, 5943539.325000000186265 ], [ 43889.849999999998545, 5943539.400000000372529 ], [ 43889.775000000001455, 5943539.400000000372529 ], [ 43889.775000000001455, 5943539.474999999627471 ], [ 43889.69999999999709, 5943539.474999999627471 ], [ 43889.69999999999709, 5943539.549999999813735 ], [ 43889.55000000000291, 5943539.549999999813735 ], [ 43889.55000000000291, 5943539.625 ], [ 43889.474999999998545, 5943539.625 ], [ 43889.474999999998545, 5943539.700000000186265 ], [ 43889.400000000001455, 5943539.700000000186265 ], [ 43889.400000000001455, 5943539.775000000372529 ], [ 43889.25, 5943539.775000000372529 ], [ 43889.25, 5943539.849999999627471 ], [ 43889.099999999998545, 5943539.849999999627471 ], [ 43889.099999999998545, 5943539.924999999813735 ], [ 43889.025000000001455, 5943539.924999999813735 ], [ 43889.025000000001455, 5943540.0 ], [ 43888.875, 5943540.0 ], [ 43888.875, 5943540.075000000186265 ], [ 43888.724999999998545, 5943540.075000000186265 ], [ 43888.724999999998545, 5943540.150000000372529 ], [ 43888.57499999999709, 5943540.150000000372529 ], [ 43888.57499999999709, 5943540.224999999627471 ], [ 43888.42500000000291, 5943540.224999999627471 ], [ 43888.42500000000291, 5943540.299999999813735 ], [ 43888.349999999998545, 5943540.299999999813735 ], [ 43888.349999999998545, 5943540.375 ], [ 43888.19999999999709, 5943540.375 ], [ 43888.19999999999709, 5943540.450000000186265 ], [ 43888.05000000000291, 5943540.450000000186265 ], [ 43888.05000000000291, 5943540.525000000372529 ], [ 43887.974999999998545, 5943540.525000000372529 ], [ 43887.974999999998545, 5943540.599999999627471 ], [ 43887.82499999999709, 5943540.599999999627471 ], [ 43887.82499999999709, 5943540.674999999813735 ], [ 43887.67500000000291, 5943540.674999999813735 ], [ 43887.67500000000291, 5943540.75 ], [ 43887.599999999998545, 5943540.75 ], [ 43887.599999999998545, 5943540.825000000186265 ], [ 43887.44999999999709, 5943540.825000000186265 ], [ 43887.44999999999709, 5943540.900000000372529 ], [ 43887.30000000000291, 5943540.900000000372529 ], [ 43887.30000000000291, 5943540.974999999627471 ], [ 43887.224999999998545, 5943540.974999999627471 ], [ 43887.224999999998545, 5943541.049999999813735 ], [ 43887.07499999999709, 5943541.049999999813735 ], [ 43887.07499999999709, 5943541.125 ], [ 43887.0, 5943541.125 ], [ 43887.0, 5943541.200000000186265 ], [ 43886.849999999998545, 5943541.200000000186265 ], [ 43886.849999999998545, 5943541.275000000372529 ], [ 43886.69999999999709, 5943541.275000000372529 ], [ 43886.69999999999709, 5943541.349999999627471 ], [ 43886.55000000000291, 5943541.349999999627471 ], [ 43886.55000000000291, 5943541.424999999813735 ], [ 43886.400000000001455, 5943541.424999999813735 ], [ 43886.400000000001455, 5943541.5 ], [ 43886.25, 5943541.5 ], [ 43886.25, 5943541.575000000186265 ], [ 43886.099999999998545, 5943541.575000000186265 ], [ 43886.099999999998545, 5943541.650000000372529 ], [ 43885.94999999999709, 5943541.650000000372529 ], [ 43885.94999999999709, 5943541.724999999627471 ], [ 43885.724999999998545, 5943541.724999999627471 ], [ 43885.724999999998545, 5943541.799999999813735 ], [ 43885.57499999999709, 5943541.799999999813735 ], [ 43885.57499999999709, 5943541.875 ], [ 43885.349999999998545, 5943541.875 ], [ 43885.349999999998545, 5943541.950000000186265 ], [ 43885.125, 5943541.950000000186265 ], [ 43885.125, 5943542.025000000372529 ], [ 43884.82499999999709, 5943542.025000000372529 ], [ 43884.82499999999709, 5943542.099999999627471 ], [ 43884.599999999998545, 5943542.099999999627471 ], [ 43884.599999999998545, 5943542.174999999813735 ], [ 43884.375, 5943542.174999999813735 ], [ 43884.375, 5943542.25 ], [ 43884.150000000001455, 5943542.25 ], [ 43884.150000000001455, 5943542.325000000186265 ], [ 43883.92500000000291, 5943542.325000000186265 ], [ 43883.92500000000291, 5943542.400000000372529 ], [ 43883.69999999999709, 5943542.400000000372529 ], [ 43883.69999999999709, 5943542.474999999627471 ], [ 43883.474999999998545, 5943542.474999999627471 ], [ 43883.474999999998545, 5943542.549999999813735 ], [ 43883.25, 5943542.549999999813735 ], [ 43883.25, 5943542.625 ], [ 43883.099999999998545, 5943542.625 ], [ 43883.099999999998545, 5943542.700000000186265 ], [ 43882.875, 5943542.700000000186265 ], [ 43882.875, 5943542.775000000372529 ], [ 43882.80000000000291, 5943542.775000000372529 ], [ 43882.80000000000291, 5943542.849999999627471 ], [ 43882.650000000001455, 5943542.849999999627471 ], [ 43882.650000000001455, 5943542.924999999813735 ], [ 43882.5, 5943542.924999999813735 ], [ 43882.5, 5943543.0 ], [ 43882.42500000000291, 5943543.0 ], [ 43882.42500000000291, 5943543.075000000186265 ], [ 43882.275000000001455, 5943543.075000000186265 ], [ 43882.275000000001455, 5943543.150000000372529 ], [ 43882.125, 5943543.150000000372529 ], [ 43882.125, 5943543.224999999627471 ], [ 43881.974999999998545, 5943543.224999999627471 ], [ 43881.974999999998545, 5943543.299999999813735 ], [ 43881.82499999999709, 5943543.299999999813735 ], [ 43881.82499999999709, 5943543.375 ], [ 43881.599999999998545, 5943543.375 ], [ 43881.599999999998545, 5943543.450000000186265 ], [ 43881.44999999999709, 5943543.450000000186265 ], [ 43881.44999999999709, 5943543.525000000372529 ], [ 43881.224999999998545, 5943543.525000000372529 ], [ 43881.224999999998545, 5943543.599999999627471 ], [ 43881.07499999999709, 5943543.599999999627471 ], [ 43881.07499999999709, 5943543.674999999813735 ], [ 43880.849999999998545, 5943543.674999999813735 ], [ 43880.849999999998545, 5943543.75 ], [ 43880.625, 5943543.75 ], [ 43880.625, 5943543.825000000186265 ], [ 43880.400000000001455, 5943543.825000000186265 ], [ 43880.400000000001455, 5943543.900000000372529 ], [ 43880.17500000000291, 5943543.900000000372529 ], [ 43880.17500000000291, 5943543.974999999627471 ], [ 43879.94999999999709, 5943543.974999999627471 ], [ 43879.94999999999709, 5943544.049999999813735 ], [ 43879.724999999998545, 5943544.049999999813735 ], [ 43879.724999999998545, 5943544.125 ], [ 43879.5, 5943544.125 ], [ 43879.5, 5943544.200000000186265 ], [ 43879.275000000001455, 5943544.200000000186265 ], [ 43879.275000000001455, 5943544.275000000372529 ], [ 43879.125, 5943544.275000000372529 ], [ 43879.125, 5943544.349999999627471 ], [ 43878.900000000001455, 5943544.349999999627471 ], [ 43878.900000000001455, 5943544.424999999813735 ], [ 43878.75, 5943544.424999999813735 ], [ 43878.75, 5943544.5 ], [ 43878.599999999998545, 5943544.5 ], [ 43878.599999999998545, 5943544.575000000186265 ], [ 43878.44999999999709, 5943544.575000000186265 ], [ 43878.44999999999709, 5943544.650000000372529 ], [ 43878.375, 5943544.650000000372529 ], [ 43878.375, 5943544.724999999627471 ], [ 43878.224999999998545, 5943544.724999999627471 ], [ 43878.224999999998545, 5943544.799999999813735 ], [ 43878.07499999999709, 5943544.799999999813735 ], [ 43878.07499999999709, 5943544.875 ], [ 43878.0, 5943544.875 ], [ 43878.0, 5943544.950000000186265 ], [ 43877.92500000000291, 5943544.950000000186265 ], [ 43877.92500000000291, 5943545.025000000372529 ], [ 43877.775000000001455, 5943545.025000000372529 ], [ 43877.775000000001455, 5943545.099999999627471 ], [ 43877.625, 5943545.099999999627471 ], [ 43877.625, 5943545.174999999813735 ], [ 43877.55000000000291, 5943545.174999999813735 ], [ 43877.55000000000291, 5943545.25 ], [ 43877.400000000001455, 5943545.25 ], [ 43877.400000000001455, 5943545.325000000186265 ], [ 43877.25, 5943545.325000000186265 ], [ 43877.25, 5943545.400000000372529 ], [ 43877.099999999998545, 5943545.400000000372529 ], [ 43877.099999999998545, 5943545.474999999627471 ], [ 43876.94999999999709, 5943545.474999999627471 ], [ 43876.94999999999709, 5943545.549999999813735 ], [ 43876.724999999998545, 5943545.549999999813735 ], [ 43876.724999999998545, 5943545.625 ], [ 43876.57499999999709, 5943545.625 ], [ 43876.57499999999709, 5943545.700000000186265 ], [ 43876.42500000000291, 5943545.700000000186265 ], [ 43876.42500000000291, 5943545.775000000372529 ], [ 43876.275000000001455, 5943545.775000000372529 ], [ 43876.275000000001455, 5943545.849999999627471 ], [ 43876.125, 5943545.849999999627471 ], [ 43876.125, 5943545.924999999813735 ], [ 43875.900000000001455, 5943545.924999999813735 ], [ 43875.900000000001455, 5943546.0 ], [ 43875.75, 5943546.0 ], [ 43875.75, 5943546.075000000186265 ], [ 43875.599999999998545, 5943546.075000000186265 ], [ 43875.599999999998545, 5943546.150000000372529 ], [ 43875.44999999999709, 5943546.150000000372529 ], [ 43875.44999999999709, 5943546.224999999627471 ], [ 43874.55000000000291, 5943546.224999999627471 ] ] ] } },
{ "type": "Feature", "properties": { "value": 1.0, "building_id": 5, "area": 150.94687500119446 }, "geometry": { "type": "Polygon", "coordinates": [ [ [ 43700.55000000000291, 5943538.650000000372529 ], [ 43700.55000000000291, 5943538.575000000186265 ], [ 43700.25, 5943538.575000000186265 ], [ 43700.25, 5943538.5 ], [ 43700.099999999998545, 5943538.5 ], [ 43700.099999999998545, 5943538.424999999813735 ], [ 43700.025000000001455, 5943538.424999999813735 ], [ 43700.025000000001455, 5943538.349999999627471 ], [ 43699.875, 5943538.349999999627471 ], [ 43699.875, 5943538.275000000372529 ], [ 43699.724999999998545, 5943538.275000000372529 ], [ 43699.724999999998545, 5943538.200000000186265 ], [ 43699.57499999999709, 5943538.200000000186265 ], [ 43699.57499999999709, 5943538.125 ], [ 43699.5, 5943538.125 ], [ 43699.5, 5943538.049999999813735 ], [ 43699.349999999998545, 5943538.049999999813735 ], [ 43699.349999999998545, 5943537.974999999627471 ], [ 43699.19999999999709, 5943537.974999999627471 ], [ 43699.19999999999709, 5943537.900000000372529 ], [ 43699.05000000000291, 5943537.900000000372529 ], [ 43699.05000000000291, 5943537.825000000186265 ], [ 43698.974999999998545, 5943537.825000000186265 ], [ 43698.974999999998545, 5943537.75 ], [ 43698.82499999999709, 5943537.75 ], [ 43698.82499999999709, 5943537.674999999813735 ], [ 43698.67500000000291, 5943537.674999999813735 ], [ 43698.67500000000291, 5943537.599999999627471 ], [ 43698.525000000001455, 5943537.599999999627471 ], [ 43698.525000000001455, 5943537.525000000372529 ], [ 43698.375, 5943537.525000000372529 ], [ 43698.375, 5943537.450000000186265 ], [ 43698.224999999998545, 5943537.450000000186265 ], [ 43698.224999999998545, 5943537.375 ], [ 43698.07499999999709, 5943537.375 ], [ 43698.07499999999709, 5943537.299999999813735 ], [ 43698.0, 5943537.299999999813735 ], [ 43698.0, 5943537.224999999627471 ], [ 43697.849999999998545, 5943537.224999999627471 ], [ 43697.849999999998545, 5943537.150000000372529 ], [ 43697.69999999999709, 5943537.150000000372529 ], [ 43697.69999999999709, 5943537.075000000186265 ], [ 43697.55000000000291, 5943537.075000000186265 ], [ 43697.55000000000291, 5943537.0 ], [ 43697.474999999998545, 5943537.0 ], [ 43697.474999999998545, 5943536.924999999813735 ], [ 43697.400000000001455, 5943536.924999999813735 ], [ 43697.400000000001455, 5943536.849999999627471 ], [ 43697.32499999999709, 5943536.849999999627471 ], [ 43697.32499999999709, 5943536.775000000372529 ], [ 43697.25, 5943536.775000000372529 ], [ 43697.25, 5943536.700000000186265 ], [ 43697.17500000000291, 5943536.700000000186265 ], [ 43697.17500000000291, 5943536.625 ], [ 43697.099999999998545, 5943536.625 ], [ 43697.099999999998545, 5943536.474999999627471 ], [ 43697.025000000001455, 5943536.474999999627471 ], [ 43697.025000000001455, 5943536.400000000372529 ], [ 43696.94999999999709, 5943536.400000000372529 ], [ 43696.94999999999709, 5943535.950000000186265 ], [ 43697.025000000001455, 5943535.950000000186265 ], [ 43697.025000000001455, 5943535.349999999627471 ], [ 43697.099999999998545, 5943535.349999999627471 ], [ 43697.099999999998545, 5943534.974999999627471 ], [ 43697.17500000000291, 5943534.974999999627471 ], [ 43697.17500000000291, 5943534.900000000372529 ], [ 43697.25, 5943534.900000000372529 ], [ 43697.25, 5943534.75 ], [ 43697.32499999999709, 5943534.75 ], [ 43697.32499999999709, 5943534.674999999813735 ], [ 43697.400000000001455, 5943534.674999999813735 ], [ 43697.400000000001455, 5943534.525000000372529 ], [ 43697.474999999998545, 5943534.525000000372529 ], [ 43697.474999999998545, 5943534.375 ], [ 43697.55000000000291, 5943534.375 ], [ 43697.55000000000291, 5943534.299999999813735 ], [ 43697.625, 5943534.299999999813735 ], [ 43697.625, 5943534.150000000372529 ], [ 43697.69999999999709, 5943534.150000000372529 ], [ 43697.69999999999709, 5943534.0 ], [ 43697.775000000001455, 5943534.0 ], [ 43697.775000000001455, 5943533.849999999627471 ], [ 43697.849999999998545, 5943533.849999999627471 ], [ 43697.849999999998545, 5943533.625 ], [ 43697.92500000000291, 5943533.625 ], [ 43697.92500000000291, 5943533.474999999627471 ], [ 43698.0, 5943533.474999999627471 ], [ 43698.0, 5943533.325000000186265 ], [ 43698.07499999999709, 5943533.325000000186265 ], [ 43698.07499999999709, 5943533.099999999627471 ], [ 43698.150000000001455, 5943533.099999999627471 ], [ 43698.150000000001455, 5943532.875 ], [ 43698.224999999998545, 5943532.875 ], [ 43698.224999999998545, 5943532.650000000372529 ], [ 43698.30000000000291, 5943532.650000000372529 ], [ 43698.30000000000291, 5943532.424999999813735 ], [ 43698.375, 5943532.424999999813735 ], [ 43698.375, 5943532.125 ], [ 43698.44999999999709, 5943532.125 ], [ 43698.44999999999709, 5943531.900000000372529 ], [ 43698.525000000001455, 5943531.900000000372529 ], [ 43698.525000000001455, 5943531.599999999627471 ], [ 43698.599999999998545, 5943531.599999999627471 ], [ 43698.599999999998545, 5943531.299999999813735 ], [ 43698.67500000000291, 5943531.299999999813735 ], [ 43698.67500000000291, 5943530.924999999813735 ], [ 43698.75, 5943530.924999999813735 ], [ 43698.75, 5943530.549999999813735 ], [ 43698.82499999999709, 5943530.549999999813735 ], [ 43698.82499999999709, 5943530.174999999813735 ], [ 43698.900000000001455, 5943530.174999999813735 ], [ 43698.900000000001455, 5943529.799999999813735 ], [ 43698.974999999998545, 5943529.799999999813735 ], [ 43698.974999999998545, 5943529.349999999627471 ], [ 43699.05000000000291, 5943529.349999999627471 ], [ 43699.05000000000291, 5943528.974999999627471 ], [ 43699.125, 5943528.974999999627471 ], [ 43699.125, 5943528.75 ], [ 43699.19999999999709, 5943528.75 ], [ 43699.19999999999709, 5943528.450000000186265 ], [ 43699.275000000001455, 5943528.450000000186265 ], [ 43699.275000000001455, 5943528.150000000372529 ], [ 43699.349999999998545, 5943528.150000000372529 ], [ 43699.349999999998545, 5943527.924999999813735 ], [ 43699.42500000000291, 5943527.924999999813735 ], [ 43699.42500000000291, 5943527.700000000186265 ], [ 43699.5, 5943527.700000000186265 ], [ 43699.5, 5943527.400000000372529 ], [ 43699.57499999999709, 5943527.400000000372529 ], [ 43699.57499999999709, 5943527.174999999813735 ], [ 43699.650000000001455, 5943527.174999999813735 ], [ 43699.650000000001455, 5943527.025000000372529 ], [ 43699.724999999998545, 5943527.025000000372529 ], [ 43699.724999999998545, 5943526.799999999813735 ], [ 43699.80000000000291, 5943526.799999999813735 ], [ 43699.80000000000291, 5943526.650000000372529 ], [ 43699.875, 5943526.650000000372529 ], [ 43699.875, 5943526.424999999813735 ], [ 43699.94999999999709, 5943526.424999999813735 ], [ 43699.94999999999709, 5943526.275000000372529 ], [ 43700.025000000001455, 5943526.275000000372529 ], [ 43700.025000000001455, 5943526.125 ], [ 43700.099999999998545, 5943526.125 ], [ 43700.099999999998545, 5943525.900000000372529 ], [ 43700.17500000000291, 5943525.900000000372529 ], [ 43700.17500000000291, 5943525.75 ], [ 43700.25, 5943525.75 ], [ 43700.25, 5943525.599999999627471 ], [ 43700.32499999999709, 5943525.599999999627471 ], [ 43700.32499999999709, 5943525.450000000186265 ], [ 43700.400000000001455, 5943525.450000000186265 ], [ 43700.400000000001455, 5943525.375 ], [ 43700.474999999998545, 5943525.375 ], [ 43700.474999999998545, 5943525.224999999627471 ], [ 43700.55000000000291, 5943525.224999999627471 ], [ 43700.55000000000291, 5943525.075000000186265 ], [ 43700.625, 5943525.075000000186265 ], [ 43700.625, 5943524.924999999813735 ], [ 43700.69999999999709, 5943524.924999999813735 ], [ 43700.69999999999709, 5943524.775000000372529 ], [ 43700.775000000001455, 5943524.775000000372529 ], [ 43700.775000000001455, 5943524.625 ], [ 43700.849999999998545, 5943524.625 ], [ 43700.849999999998545, 5943524.549999999813735 ], [ 43700.92500000000291, 5943524.549999999813735 ], [ 43700.92500000000291, 5943524.400000000372529 ], [ 43701.0, 5943524.400000000372529 ], [ 43701.0, 5943524.325000000186265 ], [ 43701.07499999999709, 5943524.325000000186265 ], [ 43701.07499999999709, 5943524.174999999813735 ], [ 43701.150000000001455, 5943524.174999999813735 ], [ 43701.150000000001455, 5943524.099999999627471 ], [ 43701.224999999998545, 5943524.099999999627471 ], [ 43701.224999999998545, 5943524.025000000372529 ], [ 43701.30000000000291, 5943524.025000000372529 ], [ 43701.30000000000291, 5943523.875 ], [ 43701.375, 5943523.875 ], [ 43701.375, 5943523.799999999813735 ], [ 43701.44999999999709, 5943523.799999999813735 ], [ 43701.44999999999709, 5943523.724999999627471 ], [ 43701.525000000001455, 5943523.724999999627471 ], [ 43701.525000000001455, 5943523.650000000372529 ], [ 43701.599999999998545, 5943523.650000000372529 ], [ 43701.599999999998545, 5943523.575000000186265 ], [ 43701.75, 5943523.575000000186265 ], [ 43701.75, 5943523.5 ], [ 43701.900000000001455, 5943523.5 ], [ 43701.900000000001455, 5943523.424999999813735 ], [ 43701.974999999998545, 5943523.424999999813735 ], [ 43701.974999999998545, 5943523.349999999627471 ], [ 43702.125, 5943523.349999999627471 ], [ 43702.125, 5943523.275000000372529 ], [ 43702.275000000001455, 5943523.275000000372529 ], [ 43702.275000000001455, 5943523.200000000186265 ], [ 43702.42500000000291, 5943523.200000000186265 ], [ 43702.42500000000291, 5943523.125 ], [ 43702.57499999999709, 5943523.125 ], [ 43702.57499999999709, 5943523.049999999813735 ], [ 43702.650000000001455, 5943523.049999999813735 ], [ 43702.650000000001455, 5943522.974999999627471 ], [ 43702.80000000000291, 5943522.974999999627471 ], [ 43702.80000000000291, 5943522.900000000372529 ], [ 43703.025000000001455, 5943522.900000000372529 ], [ 43703.025000000001455, 5943522.825000000186265 ], [ 43703.17500000000291, 5943522.825000000186265 ], [ 43703.17500000000291, 5943522.75 ], [ 43703.32499999999709, 5943522.75 ], [ 43703.32499999999709, 5943522.674999999813735 ], [ 43703.474999999998545, 5943522.674999999813735 ], [ 43703.474999999998545, 5943522.599999999627471 ], [ 43703.55000000000291, 5943522.599999999627471 ], [ 43703.55000000000291, 5943522.674999999813735 ], [ 43703.849999999998545, 5943522.674999999813735 ], [ 43703.849999999998545, 5943522.75 ], [ 43704.150000000001455, 5943522.75 ], [ 43704.150000000001455, 5943522.825000000186265 ], [ 43704.44999999999709, 5943522.825000000186265 ], [ 43704.44999999999709, 5943522.900000000372529 ], [ 43704.75, 5943522.900000000372529 ], [ 43704.75, 5943522.974999999627471 ], [ 43705.125, 5943522.974999999627471 ], [ 43705.125, 5943523.049999999813735 ], [ 43705.42500000000291, 5943523.049999999813735 ], [ 43705.42500000000291, 5943523.125 ], [ 43705.724999999998545, 5943523.125 ], [ 43705.724999999998545, 5943523.200000000186265 ], [ 43706.025000000001455, 5943523.200000000186265 ], [ 43706.025000000001455, 5943523.275000000372529 ], [ 43706.32499999999709, 5943523.275000000372529 ], [ 43706.32499999999709, 5943523.349999999627471 ], [ 43706.625, 5943523.349999999627471 ], [ 43706.625, 5943523.424999999813735 ], [ 43706.92500000000291, 5943523.424999999813735 ], [ 43706.92500000000291, 5943523.5 ], [ 43707.30000000000291, 5943523.5 ], [ 43707.30000000000291, 5943523.575000000186265 ], [ 43707.599999999998545, 5943523.575000000186265 ], [ 43707.599999999998545, 5943523.650000000372529 ], [ 43707.900000000001455, 5943523.650000000372529 ], [ 43707.900000000001455, 5943523.724999999627471 ], [ 43708.19999999999709, 5943523.724999999627471 ], [ 43708.19999999999709, 5943523.799999999813735 ], [ 43708.5, 5943523.799999999813735 ], [ 43708.5, 5943523.875 ], [ 43708.724999999998545, 5943523.875 ], [ 43708.724999999998545, 5943523.950000000186265 ], [ 43708.80000000000291, 5943523.950000000186265 ], [ 43708.80000000000291, 5943524.099999999627471 ], [ 43708.875, 5943524.099999999627471 ], [ 43708.875, 5943524.174999999813735 ], [ 43708.94999999999709, 5943524.174999999813735 ], [ 43708.94999999999709, 5943524.325000000186265 ], [ 43709.025000000001455, 5943524.325000000186265 ], [ 43709.025000000001455, 5943524.400000000372529 ], [ 43709.099999999998545, 5943524.400000000372529 ], [ 43709.099999999998545, 5943524.549999999813735 ], [ 43709.17500000000291, 5943524.549999999813735 ], [ 43709.17500000000291, 5943524.625 ], [ 43709.25, 5943524.625 ], [ 43709.25, 5943524.700000000186265 ], [ 43709.32499999999709, 5943524.700000000186265 ], [ 43709.32499999999709, 5943524.849999999627471 ], [ 43709.400000000001455, 5943524.849999999627471 ], [ 43709.400000000001455, 5943525.0 ], [ 43709.474999999998545, 5943525.0 ], [ 43709.474999999998545, 5943525.224999999627471 ], [ 43709.55000000000291, 5943525.224999999627471 ], [ 43709.55000000000291, 5943525.375 ], [ 43709.625, 5943525.375 ], [ 43709.625, 5943525.599999999627471 ], [ 43709.69999999999709, 5943525.599999999627471 ], [ 43709.69999999999709, 5943525.75 ], [ 43709.775000000001455, 5943525.75 ], [ 43709.775000000001455, 5943525.974999999627471 ], [ 43709.849999999998545, 5943525.974999999627471 ], [ 43709.849999999998545, 5943526.125 ], [ 43709.92500000000291, 5943526.125 ], [ 43709.92500000000291, 5943526.349999999627471 ], [ 43710.0, 5943526.349999999627471 ], [ 43710.0, 5943526.5 ], [ 43710.07499999999709, 5943526.5 ], [ 43710.07499999999709, 5943526.724999999627471 ], [ 43710.150000000001455, 5943526.724999999627471 ], [ 43710.150000000001455, 5943526.875 ], [ 43710.224999999998545, 5943526.875 ], [ 43710.224999999998545, 5943527.099999999627471 ], [ 43710.30000000000291, 5943527.099999999627471 ], [ 43710.30000000000291, 5943528.674999999813735 ], [ 43710.375, 5943528.674999999813735 ], [ 43710.375, 5943529.200000000186265 ], [ 43710.30000000000291, 5943529.200000000186265 ], [ 43710.30000000000291, 5943529.424999999813735 ], [ 43710.224999999998545, 5943529.424999999813735 ], [ 43710.224999999998545, 5943529.650000000372529 ], [ 43710.150000000001455, 5943529.650000000372529 ], [ 43710.150000000001455, 5943529.875 ], [ 43710.07499999999709, 5943529.875 ], [ 43710.07499999999709, 5943530.099999999627471 ], [ 43710.0, 5943530.099999999627471 ], [ 43710.0, 5943530.325000000186265 ], [ 43709.92500000000291, 5943530.325000000186265 ], [ 43709.92500000000291, 5943530.549999999813735 ], [ 43709.849999999998545, 5943530.549999999813735 ], [ 43709.849999999998545, 5943530.775000000372529 ], [ 43709.775000000001455, 5943530.775000000372529 ], [ 43709.775000000001455, 5943531.0 ], [ 43709.69999999999709, 5943531.0 ], [ 43709.69999999999709, 5943531.224999999627471 ], [ 43709.625, 5943531.224999999627471 ], [ 43709.625, 5943531.450000000186265 ], [ 43709.55000000000291, 5943531.450000000186265 ], [ 43709.55000000000291, 5943531.674999999813735 ], [ 43709.474999999998545, 5943531.674999999813735 ], [ 43709.474999999998545, 5943531.900000000372529 ], [ 43709.400000000001455, 5943531.900000000372529 ], [ 43709.400000000001455, 5943532.125 ], [ 43709.32499999999709, 5943532.125 ], [ 43709.32499999999709, 5943532.275000000372529 ], [ 43709.25, 5943532.275000000372529 ], [ 43709.25, 5943532.424999999813735 ], [ 43709.17500000000291, 5943532.424999999813735 ], [ 43709.17500000000291, 5943532.575000000186265 ], [ 43709.099999999998545, 5943532.575000000186265 ], [ 43709.099999999998545, 5943532.724999999627471 ], [ 43709.025000000001455, 5943532.724999999627471 ], [ 43709.025000000001455, 5943532.950000000186265 ], [ 43708.94999999999709, 5943532.950000000186265 ], [ 43708.94999999999709, 5943533.099999999627471 ], [ 43708.875, 5943533.099999999627471 ], [ 43708.875, 5943533.25 ], [ 43708.80000000000291, 5943533.25 ], [ 43708.80000000000291, 5943533.474999999627471 ], [ 43708.724999999998545, 5943533.474999999627471 ], [ 43708.724999999998545, 5943533.625 ], [ 43708.650000000001455, 5943533.625 ], [ 43708.650000000001455, 5943533.775000000372529 ], [ 43708.57499999999709, 5943533.775000000372529 ], [ 43708.57499999999709, 5943534.0 ], [ 43708.5, 5943534.0 ], [ 43708.5, 5943534.150000000372529 ], [ 43708.42500000000291, 5943534.150000000372529 ], [ 43708.42500000000291, 5943534.375 ], [ 43708.349999999998545, 5943534.375 ], [ 43708.349999999998545, 5943534.525000000372529 ], [ 43708.275000000001455, 5943534.525000000372529 ], [ 43708.275000000001455, 5943534.75 ], [ 43708.19999999999709, 5943534.75 ], [ 43708.19999999999709, 5943534.974999999627471 ], [ 43708.125, 5943534.974999999627471 ], [ 43708.125, 5943535.049999999813735 ], [ 43708.05000000000291, 5943535.049999999813735 ], [ 43708.05000000000291, 5943535.125 ], [ 43707.974999999998545, 5943535.125 ], [ 43707.974999999998545, 5943535.200000000186265 ], [ 43707.900000000001455, 5943535.200000000186265 ], [ 43707.900000000001455, 5943535.275000000372529 ], [ 43707.82499999999709, 5943535.275000000372529 ], [ 43707.82499999999709, 5943535.349999999627471 ], [ 43707.75, 5943535.349999999627471 ], [ 43707.75, 5943535.424999999813735 ], [ 43707.67500000000291, 5943535.424999999813735 ], [ 43707.67500000000291, 5943535.5 ], [ 43707.599999999998545, 5943535.5 ], [ 43707.599999999998545, 5943535.575000000186265 ], [ 43707.525000000001455, 5943535.575000000186265 ], [ 43707.525000000001455, 5943535.650000000372529 ], [ 43707.44999999999709, 5943535.650000000372529 ], [ 43707.44999999999709, 5943535.724999999627471 ], [ 43707.375, 5943535.724999999627471 ], [ 43707.375, 5943535.799999999813735 ], [ 43707.30000000000291, 5943535.799999999813735 ], [ 43707.30000000000291, 5943535.875 ], [ 43707.224999999998545, 5943535.875 ], [ 43707.224999999998545, 5943535.950000000186265 ], [ 43707.150000000001455, 5943535.950000000186265 ], [ 43707.150000000001455, 5943536.025000000372529 ], [ 43707.07499999999709, 5943536.025000000372529 ], [ 43707.07499999999709, 5943536.099999999627471 ], [ 43707.0, 5943536.099999999627471 ], [ 43707.0, 5943536.174999999813735 ], [ 43706.92500000000291, 5943536.174999999813735 ], [ 43706.92500000000291, 5943536.25 ], [ 43706.849999999998545, 5943536.25 ], [ 43706.849999999998545, 5943536.325000000186265 ], [ 43706.775000000001455, 5943536.325000000186265 ], [ 43706.775000000001455, 5943536.400000000372529 ], [ 43706.69999999999709, 5943536.400000000372529 ], [ 43706.69999999999709, 5943536.474999999627471 ], [ 43706.625, 5943536.474999999627471 ], [ 43706.625, 5943536.549999999813735 ], [ 43706.55000000000291, 5943536.549999999813735 ], [ 43706.55000000000291, 5943536.625 ], [ 43706.474999999998545, 5943536.625 ], [ 43706.474999999998545, 5943536.700000000186265 ], [ 43706.400000000001455, 5943536.700000000186265 ], [ 43706.400000000001455, 5943536.775000000372529 ], [ 43706.32499999999709, 5943536.775000000372529 ], [ 43706.32499999999709, 5943536.849999999627471 ], [ 43706.25, 5943536.849999999627471 ], [ 43706.25, 5943536.924999999813735 ], [ 43706.17500000000291, 5943536.924999999813735 ], [ 43706.17500000000291, 5943537.0 ], [ 43706.099999999998545, 5943537.0 ], [ 43706.099999999998545, 5943537.075000000186265 ], [ 43706.025000000001455, 5943537.075000000186265 ], [ 43706.025000000001455, 5943537.150000000372529 ], [ 43705.94999999999709, 5943537.150000000372529 ], [ 43705.94999999999709, 5943537.224999999627471 ], [ 43705.875, 5943537.224999999627471 ], [ 43705.875, 5943537.299999999813735 ], [ 43705.724999999998545, 5943537.299999999813735 ], [ 43705.724999999998545, 5943537.375 ], [ 43705.650000000001455, 5943537.375 ], [ 43705.650000000001455, 5943537.450000000186265 ], [ 43705.57499999999709, 5943537.450000000186265 ], [ 43705.57499999999709, 5943537.525000000372529 ], [ 43705.42500000000291, 5943537.525000000372529 ], [ 43705.42500000000291, 5943537.599999999627471 ], [ 43705.349999999998545, 5943537.599999999627471 ], [ 43705.349999999998545, 5943537.674999999813735 ], [ 43705.275000000001455, 5943537.674999999813735 ], [ 43705.275000000001455, 5943537.75 ], [ 43705.125, 5943537.75 ], [ 43705.125, 5943537.825000000186265 ], [ 43705.05000000000291, 5943537.825000000186265 ], [ 43705.05000000000291, 5943537.900000000372529 ], [ 43704.974999999998545, 5943537.900000000372529 ], [ 43704.974999999998545, 5943537.974999999627471 ], [ 43704.900000000001455, 5943537.974999999627471 ], [ 43704.900000000001455, 5943538.049999999813735 ], [ 43704.75, 5943538.049999999813735 ], [ 43704.75, 5943538.125 ], [ 43704.67500000000291, 5943538.125 ], [ 43704.67500000000291, 5943538.200000000186265 ], [ 43704.599999999998545, 5943538.200000000186265 ], [ 43704.599999999998545, 5943538.275000000372529 ], [ 43704.30000000000291, 5943538.275000000372529 ], [ 43704.30000000000291, 5943538.349999999627471 ], [ 43704.07499999999709, 5943538.349999999627471 ], [ 43704.07499999999709, 5943538.424999999813735 ], [ 43703.69999999999709, 5943538.424999999813735 ], [ 43703.69999999999709, 5943538.5 ], [ 43703.17500000000291, 5943538.5 ], [ 43703.17500000000291, 5943538.575000000186265 ], [ 43702.349999999998545, 5943538.575000000186265 ], [ 43702.349999999998545, 5943538.650000000372529 ], [ 43700.55000000000291, 5943538.650000000372529 ] ] ] } },
{ "type": "Feature", "properties": { "value": 1.0, "building_id": 6, "area": 472.32000000150822 }, "geometry": { "type": "Polygon", "coordinates": [ [ [ 43966.875, 5943543.525000000372529 ], [ 43966.875, 5943543.450000000186265 ], [ 43966.5, 5943543.450000000186265 ], [ 43966.5, 5943543.375 ], [ 43966.19999999999709, 5943543.375 ], [ 43966.19999999999709, 5943543.299999999813735 ], [ 43965.900000000001455, 5943543.299999999813735 ], [ 43965.900000000001455, 5943543.224999999627471 ], [ 43965.67500000000291, 5943543.224999999627471 ], [ 43965.67500000000291, 5943543.150000000372529 ], [ 43965.375, 5943543.150000000372529 ], [ 43965.375, 5943543.075000000186265 ], [ 43965.150000000001455, 5943543.075000000186265 ], [ 43965.150000000001455, 5943543.0 ], [ 43965.0, 5943543.0 ], [ 43965.0, 5943542.924999999813735 ], [ 43964.775000000001455, 5943542.924999999813735 ], [ 43964.775000000001455, 5943542.849999999627471 ], [ 43964.55000000000291, 5943542.849999999627471 ], [ 43964.55000000000291, 5943542.775000000372529 ], [ 43964.25, 5943542.775000000372529 ], [ 43964.25, 5943542.700000000186265 ], [ 43963.94999999999709, 5943542.700000000186265 ], [ 43963.94999999999709, 5943542.625 ], [ 43963.724999999998545, 5943542.625 ], [ 43963.724999999998545, 5943542.549999999813735 ], [ 43963.42500000000291, 5943542.549999999813735 ], [ 43963.42500000000291, 5943542.474999999627471 ], [ 43963.19999999999709, 5943542.474999999627471 ], [ 43963.19999999999709, 5943542.400000000372529 ], [ 43962.900000000001455, 5943542.400000000372529 ], [ 43962.900000000001455, 5943542.325000000186265 ], [ 43962.67500000000291, 5943542.325000000186265 ], [ 43962.67500000000291, 5943542.25 ], [ 43962.44999999999709, 5943542.25 ], [ 43962.44999999999709, 5943542.174999999813735 ], [ 43962.30000000000291, 5943542.174999999813735 ], [ 43962.30000000000291, 5943542.099999999627471 ], [ 43962.07499999999709, 5943542.099999999627471 ], [ 43962.07499999999709, 5943542.025000000372529 ], [ 43961.92500000000291, 5943542.025000000372529 ], [ 43961.92500000000291, 5943541.950000000186265 ], [ 43961.775000000001455, 5943541.950000000186265 ], [ 43961.775000000001455, 5943541.875 ], [ 43961.625, 5943541.875 ], [ 43961.625, 5943541.799999999813735 ], [ 43961.474999999998545, 5943541.799999999813735 ], [ 43961.474999999998545, 5943541.724999999627471 ], [ 43961.32499999999709, 5943541.724999999627471 ], [ 43961.32499999999709, 5943541.650000000372529 ], [ 43961.17500000000291, 5943541.650000000372529 ], [ 43961.17500000000291, 5943541.575000000186265 ], [ 43961.025000000001455, 5943541.575000000186265 ], [ 43961.025000000001455, 5943541.5 ], [ 43960.875, 5943541.5 ], [ 43960.875, 5943541.424999999813735 ], [ 43960.80000000000291, 5943541.424999999813735 ], [ 43960.80000000000291, 5943541.349999999627471 ], [ 43960.650000000001455, 5943541.349999999627471 ], [ 43960.650000000001455, 5943541.275000000372529 ], [ 43960.57499999999709, 5943541.275000000372529 ], [ 43960.57499999999709, 5943541.200000000186265 ], [ 43960.42500000000291, 5943541.200000000186265 ], [ 43960.42500000000291, 5943541.125 ], [ 43960.349999999998545, 5943541.125 ], [ 43960.349999999998545, 5943541.049999999813735 ], [ 43960.275000000001455, 5943541.049999999813735 ], [ 43960.275000000001455, 5943540.974999999627471 ], [ 43960.19999999999709, 5943540.974999999627471 ], [ 43960.19999999999709, 5943540.900000000372529 ], [ 43960.125, 5943540.900000000372529 ], [ 43960.125, 5943540.825000000186265 ], [ 43959.974999999998545, 5943540.825000000186265 ], [ 43959.974999999998545, 5943540.75 ], [ 43959.900000000001455, 5943540.75 ], [ 43959.900000000001455, 5943540.674999999813735 ], [ 43959.82499999999709, 5943540.674999999813735 ], [ 43959.82499999999709, 5943540.599999999627471 ], [ 43959.75, 5943540.599999999627471 ], [ 43959.75, 5943540.525000000372529 ], [ 43959.67500000000291, 5943540.525000000372529 ], [ 43959.67500000000291, 5943540.450000000186265 ], [ 43959.525000000001455, 5943540.450000000186265 ], [ 43959.525000000001455, 5943540.375 ], [ 43959.44999999999709, 5943540.375 ], [ 43959.44999999999709, 5943540.299999999813735 ], [ 43959.375, 5943540.299999999813735 ], [ 43959.375, 5943540.224999999627471 ], [ 43959.224999999998545, 5943540.224999999627471 ], [ 43959.224999999998545, 5943540.150000000372529 ], [ 43959.0, 5943540.150000000372529 ], [ 43959.0, 5943540.075000000186265 ], [ 43958.775000000001455, 5943540.075000000186265 ], [ 43958.775000000001455, 5943539.849999999627471 ], [ 43958.69999999999709, 5943539.849999999627471 ], [ 43958.69999999999709, 5943539.625 ], [ 43958.625, 5943539.625 ], [ 43958.625, 5943539.325000000186265 ], [ 43958.55000000000291, 5943539.325000000186265 ], [ 43958.55000000000291, 5943539.099999999627471 ], [ 43958.474999999998545, 5943539.099999999627471 ], [ 43958.474999999998545, 5943538.875 ], [ 43958.400000000001455, 5943538.875 ], [ 43958.400000000001455, 5943538.724999999627471 ], [ 43958.32499999999709, 5943538.724999999627471 ], [ 43958.32499999999709, 5943538.5 ], [ 43958.25, 5943538.5 ], [ 43958.25, 5943538.349999999627471 ], [ 43958.17500000000291, 5943538.349999999627471 ], [ 43958.17500000000291, 5943538.200000000186265 ], [ 43958.099999999998545, 5943538.200000000186265 ], [ 43958.099999999998545, 5943538.049999999813735 ], [ 43958.025000000001455, 5943538.049999999813735 ], [ 43958.025000000001455, 5943537.900000000372529 ], [ 43957.94999999999709, 5943537.900000000372529 ], [ 43957.94999999999709, 5943537.75 ], [ 43957.875, 5943537.75 ], [ 43957.875, 5943537.674999999813735 ], [ 43957.80000000000291, 5943537.674999999813735 ], [ 43957.80000000000291, 5943537.525000000372529 ], [ 43957.724999999998545, 5943537.525000000372529 ], [ 43957.724999999998545, 5943537.375 ], [ 43957.650000000001455, 5943537.375 ], [ 43957.650000000001455, 5943537.224999999627471 ], [ 43957.57499999999709, 5943537.224999999627471 ], [ 43957.57499999999709, 5943537.075000000186265 ], [ 43957.5, 5943537.075000000186265 ], [ 43957.5, 5943537.0 ], [ 43957.42500000000291, 5943537.0 ], [ 43957.42500000000291, 5943536.849999999627471 ], [ 43957.349999999998545, 5943536.849999999627471 ], [ 43957.349999999998545, 5943536.700000000186265 ], [ 43957.275000000001455, 5943536.700000000186265 ], [ 43957.275000000001455, 5943536.549999999813735 ], [ 43957.19999999999709, 5943536.549999999813735 ], [ 43957.19999999999709, 5943536.400000000372529 ], [ 43957.125, 5943536.400000000372529 ], [ 43957.125, 5943536.25 ], [ 43957.05000000000291, 5943536.25 ], [ 43957.05000000000291, 5943536.099999999627471 ], [ 43956.974999999998545, 5943536.099999999627471 ], [ 43956.974999999998545, 5943535.950000000186265 ], [ 43956.900000000001455, 5943535.950000000186265 ], [ 43956.900000000001455, 5943535.799999999813735 ], [ 43956.82499999999709, 5943535.799999999813735 ], [ 43956.82499999999709, 5943535.650000000372529 ], [ 43956.75, 5943535.650000000372529 ], [ 43956.75, 5943535.5 ], [ 43956.67500000000291, 5943535.5 ], [ 43956.67500000000291, 5943535.349999999627471 ], [ 43956.599999999998545, 5943535.349999999627471 ], [ 43956.599999999998545, 5943535.200000000186265 ], [ 43956.525000000001455, 5943535.200000000186265 ], [ 43956.525000000001455, 5943535.049999999813735 ], [ 43956.44999999999709, 5943535.049999999813735 ], [ 43956.44999999999709, 5943534.75 ], [ 43956.375, 5943534.75 ], [ 43956.375, 5943534.375 ], [ 43956.30000000000291, 5943534.375 ], [ 43956.30000000000291, 5943533.849999999627471 ], [ 43956.224999999998545, 5943533.849999999627471 ], [ 43956.224999999998545, 5943533.325000000186265 ], [ 43956.150000000001455, 5943533.325000000186265 ], [ 43956.150000000001455, 5943532.575000000186265 ], [ 43956.07499999999709, 5943532.575000000186265 ], [ 43956.07499999999709, 5943531.75 ], [ 43956.0, 5943531.75 ], [ 43956.0, 5943530.625 ], [ 43955.92500000000291, 5943530.625 ], [ 43955.92500000000291, 5943529.275000000372529 ], [ 43955.849999999998545, 5943529.275000000372529 ], [ 43955.849999999998545, 5943528.525000000372529 ], [ 43955.775000000001455, 5943528.525000000372529 ], [ 43955.775000000001455, 5943527.775000000372529 ], [ 43955.69999999999709, 5943527.775000000372529 ], [ 43955.69999999999709, 5943527.174999999813735 ], [ 43955.625, 5943527.174999999813735 ], [ 43955.625, 5943526.799999999813735 ], [ 43955.55000000000291, 5943526.799999999813735 ], [ 43955.55000000000291, 5943526.424999999813735 ], [ 43955.474999999998545, 5943526.424999999813735 ], [ 43955.474999999998545, 5943526.049999999813735 ], [ 43955.400000000001455, 5943526.049999999813735 ], [ 43955.400000000001455, 5943525.75 ], [ 43955.32499999999709, 5943525.75 ], [ 43955.32499999999709, 5943525.525000000372529 ], [ 43955.25, 5943525.525000000372529 ], [ 43955.25, 5943525.150000000372529 ], [ 43955.17500000000291, 5943525.150000000372529 ], [ 43955.17500000000291, 5943524.849999999627471 ], [ 43955.099999999998545, 5943524.849999999627471 ], [ 43955.099999999998545, 5943524.625 ], [ 43955.025000000001455, 5943524.625 ], [ 43955.025000000001455, 5943524.099999999627471 ], [ 43955.099999999998545, 5943524.099999999627471 ], [ 43955.099999999998545, 5943523.875 ], [ 43955.17500000000291, 5943523.875 ], [ 43955.17500000000291, 5943523.650000000372529 ], [ 43955.25, 5943523.650000000372529 ], [ 43955.25, 5943523.424999999813735 ], [ 43955.32499999999709, 5943523.424999999813735 ], [ 43955.32499999999709, 5943523.200000000186265 ], [ 43955.400000000001455, 5943523.200000000186265 ], [ 43955.400000000001455, 5943523.049999999813735 ], [ 43955.474999999998545, 5943523.049999999813735 ], [ 43955.474999999998545, 5943522.825000000186265 ], [ 43955.55000000000291, 5943522.825000000186265 ], [ 43955.55000000000291, 5943522.674999999813735 ], [ 43955.625, 5943522.674999999813735 ], [ 43955.625, 5943522.525000000372529 ], [ 43955.69999999999709, 5943522.525000000372529 ], [ 43955.69999999999709, 5943522.375 ], [ 43955.775000000001455, 5943522.375 ], [ 43955.775000000001455, 5943522.224999999627471 ], [ 43955.849999999998545, 5943522.224999999627471 ], [ 43955.849999999998545, 5943522.075000000186265 ], [ 43955.92500000000291, 5943522.075000000186265 ], [ 43955.92500000000291, 5943521.924999999813735 ], [ 43956.0, 5943521.924999999813735 ], [ 43956.0, 5943521.775000000372529 ], [ 43956.07499999999709, 5943521.775000000372529 ], [ 43956.07499999999709, 5943521.625 ], [ 43956.150000000001455, 5943521.625 ], [ 43956.150000000001455, 5943521.474999999627471 ], [ 43956.224999999998545, 5943521.474999999627471 ], [ 43956.224999999998545, 5943521.400000000372529 ], [ 43956.30000000000291, 5943521.400000000372529 ], [ 43956.30000000000291, 5943521.325000000186265 ], [ 43956.375, 5943521.325000000186265 ], [ 43956.375, 5943521.25 ], [ 43956.44999999999709, 5943521.25 ], [ 43956.44999999999709, 5943521.174999999813735 ], [ 43956.525000000001455, 5943521.174999999813735 ], [ 43956.525000000001455, 5943521.099999999627471 ], [ 43956.67500000000291, 5943521.099999999627471 ], [ 43956.67500000000291, 5943521.025000000372529 ], [ 43956.75, 5943521.025000000372529 ], [ 43956.75, 5943520.950000000186265 ], [ 43956.900000000001455, 5943520.950000000186265 ], [ 43956.900000000001455, 5943520.875 ], [ 43956.974999999998545, 5943520.875 ], [ 43956.974999999998545, 5943520.799999999813735 ], [ 43957.125, 5943520.799999999813735 ], [ 43957.125, 5943520.724999999627471 ], [ 43957.275000000001455, 5943520.724999999627471 ], [ 43957.275000000001455, 5943520.650000000372529 ], [ 43957.42500000000291, 5943520.650000000372529 ], [ 43957.42500000000291, 5943520.575000000186265 ], [ 43957.650000000001455, 5943520.575000000186265 ], [ 43957.650000000001455, 5943520.5 ], [ 43957.875, 5943520.5 ], [ 43957.875, 5943520.424999999813735 ], [ 43958.099999999998545, 5943520.424999999813735 ], [ 43958.099999999998545, 5943520.349999999627471 ], [ 43958.400000000001455, 5943520.349999999627471 ], [ 43958.400000000001455, 5943520.275000000372529 ], [ 43958.69999999999709, 5943520.275000000372529 ], [ 43958.69999999999709, 5943520.200000000186265 ], [ 43959.0, 5943520.200000000186265 ], [ 43959.0, 5943520.125 ], [ 43959.30000000000291, 5943520.125 ], [ 43959.30000000000291, 5943520.049999999813735 ], [ 43959.75, 5943520.049999999813735 ], [ 43959.75, 5943519.974999999627471 ], [ 43960.275000000001455, 5943519.974999999627471 ], [ 43960.275000000001455, 5943519.900000000372529 ], [ 43960.80000000000291, 5943519.900000000372529 ], [ 43960.80000000000291, 5943519.825000000186265 ], [ 43961.32499999999709, 5943519.825000000186265 ], [ 43961.32499999999709, 5943519.75 ], [ 43962.0, 5943519.75 ], [ 43962.0, 5943519.674999999813735 ], [ 43962.67500000000291, 5943519.674999999813735 ], [ 43962.67500000000291, 5943519.599999999627471 ], [ 43963.349999999998545, 5943519.599999999627471 ], [ 43963.349999999998545, 5943519.525000000372529 ], [ 43964.025000000001455, 5943519.525000000372529 ], [ 43964.025000000001455, 5943519.450000000186265 ], [ 43964.69999999999709, 5943519.450000000186265 ], [ 43964.69999999999709, 5943519.375 ], [ 43965.44999999999709, 5943519.375 ], [ 43965.44999999999709, 5943519.299999999813735 ], [ 43966.19999999999709, 5943519.299999999813735 ], [ 43966.19999999999709, 5943519.224999999627471 ], [ 43967.099999999998545, 5943519.224999999627471 ], [ 43967.099999999998545, 5943519.150000000372529 ], [ 43967.625, 5943519.150000000372529 ], [ 43967.625, 5943519.224999999627471 ], [ 43969.42500000000291, 5943519.224999999627471 ], [ 43969.42500000000291, 5943519.299999999813735 ], [ 43969.94999999999709, 5943519.299999999813735 ], [ 43969.94999999999709, 5943519.375 ], [ 43970.400000000001455, 5943519.375 ], [ 43970.400000000001455, 5943519.450000000186265 ], [ 43970.849999999998545, 5943519.450000000186265 ], [ 43970.849999999998545, 5943519.525000000372529 ], [ 43971.224999999998545, 5943519.525000000372529 ], [ 43971.224999999998545, 5943519.599999999627471 ], [ 43971.67500000000291, 5943519.599999999627471 ], [ 43971.67500000000291, 5943519.674999999813735 ], [ 43972.05000000000291, 5943519.674999999813735 ], [ 43972.05000000000291, 5943519.75 ], [ 43972.5, 5943519.75 ], [ 43972.5, 5943519.825000000186265 ], [ 43972.875, 5943519.825000000186265 ], [ 43972.875, 5943519.900000000372529 ], [ 43973.25, 5943519.900000000372529 ], [ 43973.25, 5943519.974999999627471 ], [ 43973.55000000000291, 5943519.974999999627471 ], [ 43973.55000000000291, 5943520.049999999813735 ], [ 43973.849999999998545, 5943520.049999999813735 ], [ 43973.849999999998545, 5943520.125 ], [ 43974.150000000001455, 5943520.125 ], [ 43974.150000000001455, 5943520.200000000186265 ], [ 43974.44999999999709, 5943520.200000000186265 ], [ 43974.44999999999709, 5943520.275000000372529 ], [ 43974.75, 5943520.275000000372529 ], [ 43974.75, 5943520.349999999627471 ], [ 43974.974999999998545, 5943520.349999999627471 ], [ 43974.974999999998545, 5943520.424999999813735 ], [ 43975.05000000000291, 5943520.424999999813735 ], [ 43975.05000000000291, 5943520.5 ], [ 43975.125, 5943520.5 ], [ 43975.125, 5943520.575000000186265 ], [ 43975.19999999999709, 5943520.575000000186265 ], [ 43975.19999999999709, 5943520.650000000372529 ], [ 43975.275000000001455, 5943520.650000000372529 ], [ 43975.275000000001455, 5943520.724999999627471 ], [ 43975.349999999998545, 5943520.724999999627471 ], [ 43975.349999999998545, 5943520.799999999813735 ], [ 43975.42500000000291, 5943520.799999999813735 ], [ 43975.42500000000291, 5943520.875 ], [ 43975.5, 5943520.875 ], [ 43975.5, 5943520.950000000186265 ], [ 43975.57499999999709, 5943520.950000000186265 ], [ 43975.57499999999709, 5943521.099999999627471 ], [ 43975.650000000001455, 5943521.099999999627471 ], [ 43975.650000000001455, 5943521.174999999813735 ], [ 43975.724999999998545, 5943521.174999999813735 ], [ 43975.724999999998545, 5943521.25 ], [ 43975.80000000000291, 5943521.25 ], [ 43975.80000000000291, 5943521.400000000372529 ], [ 43975.875, 5943521.400000000372529 ], [ 43975.875, 5943521.549999999813735 ], [ 43975.94999999999709, 5943521.549999999813735 ], [ 43975.94999999999709, 5943521.700000000186265 ], [ 43976.025000000001455, 5943521.700000000186265 ], [ 43976.025000000001455, 5943521.775000000372529 ], [ 43976.099999999998545, 5943521.775000000372529 ], [ 43976.099999999998545, 5943521.924999999813735 ], [ 43976.17500000000291, 5943521.924999999813735 ], [ 43976.17500000000291, 5943522.075000000186265 ], [ 43976.25, 5943522.075000000186265 ], [ 43976.25, 5943522.150000000372529 ], [ 43976.32499999999709, 5943522.150000000372529 ], [ 43976.32499999999709, 5943522.299999999813735 ], [ 43976.400000000001455, 5943522.299999999813735 ], [ 43976.400000000001455, 5943522.450000000186265 ], [ 43976.474999999998545, 5943522.450000000186265 ], [ 43976.474999999998545, 5943522.525000000372529 ], [ 43976.55000000000291, 5943522.525000000372529 ], [ 43976.55000000000291, 5943522.674999999813735 ], [ 43976.625, 5943522.674999999813735 ], [ 43976.625, 5943522.825000000186265 ], [ 43976.69999999999709, 5943522.825000000186265 ], [ 43976.69999999999709, 5943522.900000000372529 ], [ 43976.775000000001455, 5943522.900000000372529 ], [ 43976.775000000001455, 5943523.049999999813735 ], [ 43976.849999999998545, 5943523.049999999813735 ], [ 43976.849999999998545, 5943523.125 ], [ 43976.92500000000291, 5943523.125 ], [ 43976.92500000000291, 5943523.275000000372529 ], [ 43977.0, 5943523.275000000372529 ], [ 43977.0, 5943523.349999999627471 ], [ 43977.07499999999709, 5943523.349999999627471 ], [ 43977.07499999999709, 5943523.5 ], [ 43977.150000000001455, 5943523.5 ], [ 43977.150000000001455, 5943523.650000000372529 ], [ 43977.224999999998545, 5943523.650000000372529 ], [ 43977.224999999998545, 5943523.799999999813735 ], [ 43977.30000000000291, 5943523.799999999813735 ], [ 43977.30000000000291, 5943523.950000000186265 ], [ 43977.375, 5943523.950000000186265 ], [ 43977.375, 5943524.099999999627471 ], [ 43977.44999999999709, 5943524.099999999627471 ], [ 43977.44999999999709, 5943524.25 ], [ 43977.525000000001455, 5943524.25 ], [ 43977.525000000001455, 5943524.474999999627471 ], [ 43977.599999999998545, 5943524.474999999627471 ], [ 43977.599999999998545, 5943524.625 ], [ 43977.67500000000291, 5943524.625 ], [ 43977.67500000000291, 5943524.775000000372529 ], [ 43977.75, 5943524.775000000372529 ], [ 43977.75, 5943525.0 ], [ 43977.82499999999709, 5943525.0 ], [ 43977.82499999999709, 5943525.224999999627471 ], [ 43977.900000000001455, 5943525.224999999627471 ], [ 43977.900000000001455, 5943525.375 ], [ 43977.974999999998545, 5943525.375 ], [ 43977.974999999998545, 5943525.599999999627471 ], [ 43978.05000000000291, 5943525.599999999627471 ], [ 43978.05000000000291, 5943525.825000000186265 ], [ 43978.125, 5943525.825000000186265 ], [ 43978.125, 5943525.974999999627471 ], [ 43978.19999999999709, 5943525.974999999627471 ], [ 43978.19999999999709, 5943526.125 ], [ 43978.275000000001455, 5943526.125 ], [ 43978.275000000001455, 5943526.349999999627471 ], [ 43978.349999999998545, 5943526.349999999627471 ], [ 43978.349999999998545, 5943526.5 ], [ 43978.42500000000291, 5943526.5 ], [ 43978.42500000000291, 5943526.650000000372529 ], [ 43978.5, 5943526.650000000372529 ], [ 43978.5, 5943526.799999999813735 ], [ 43978.57499999999709, 5943526.799999999813735 ], [ 43978.57499999999709, 5943526.950000000186265 ], [ 43978.650000000001455, 5943526.950000000186265 ], [ 43978.650000000001455, 5943527.099999999627471 ], [ 43978.724999999998545, 5943527.099999999627471 ], [ 43978.724999999998545, 5943527.325000000186265 ], [ 43978.80000000000291, 5943527.325000000186265 ], [ 43978.80000000000291, 5943527.549999999813735 ], [ 43978.875, 5943527.549999999813735 ], [ 43978.875, 5943527.849999999627471 ], [ 43978.94999999999709, 5943527.849999999627471 ], [ 43978.94999999999709, 5943528.075000000186265 ], [ 43979.025000000001455, 5943528.075000000186265 ], [ 43979.025000000001455, 5943528.375 ], [ 43979.099999999998545, 5943528.375 ], [ 43979.099999999998545, 5943528.599999999627471 ], [ 43979.17500000000291, 5943528.599999999627471 ], [ 43979.17500000000291, 5943528.900000000372529 ], [ 43979.25, 5943528.900000000372529 ], [ 43979.25, 5943529.875 ], [ 43979.17500000000291, 5943529.875 ], [ 43979.17500000000291, 5943530.625 ], [ 43979.099999999998545, 5943530.625 ], [ 43979.099999999998545, 5943531.224999999627471 ], [ 43979.025000000001455, 5943531.224999999627471 ], [ 43979.025000000001455, 5943531.900000000372529 ], [ 43978.94999999999709, 5943531.900000000372529 ], [ 43978.94999999999709, 5943532.5 ], [ 43978.875, 5943532.5 ], [ 43978.875, 5943533.025000000372529 ], [ 43978.80000000000291, 5943533.025000000372529 ], [ 43978.80000000000291, 5943533.625 ], [ 43978.724999999998545, 5943533.625 ], [ 43978.724999999998545, 5943534.224999999627471 ], [ 43978.650000000001455, 5943534.224999999627471 ], [ 43978.650000000001455, 5943534.825000000186265 ], [ 43978.57499999999709, 5943534.825000000186265 ], [ 43978.57499999999709, 5943535.200000000186265 ], [ 43978.5, 5943535.200000000186265 ], [ 43978.5, 5943535.424999999813735 ], [ 43978.42500000000291, 5943535.424999999813735 ], [ 43978.42500000000291, 5943535.724999999627471 ], [ 43978.349999999998545, 5943535.724999999627471 ], [ 43978.349999999998545, 5943535.950000000186265 ], [ 43978.275000000001455, 5943535.950000000186265 ], [ 43978.275000000001455, 5943536.174999999813735 ], [ 43978.19999999999709, 5943536.174999999813735 ], [ 43978.19999999999709, 5943536.400000000372529 ], [ 43978.125, 5943536.400000000372529 ], [ 43978.125, 5943536.549999999813735 ], [ 43978.05000000000291, 5943536.549999999813735 ], [ 43978.05000000000291, 5943536.775000000372529 ], [ 43977.974999999998545, 5943536.775000000372529 ], [ 43977.974999999998545, 5943537.0 ], [ 43977.900000000001455, 5943537.0 ], [ 43977.900000000001455, 5943537.150000000372529 ], [ 43977.82499999999709, 5943537.150000000372529 ], [ 43977.82499999999709, 5943537.224999999627471 ], [ 43977.75, 5943537.224999999627471 ], [ 43977.75, 5943537.375 ], [ 43977.67500000000291, 5943537.375 ], [ 43977.67500000000291, 5943537.450000000186265 ], [ 43977.599999999998545, 5943537.450000000186265 ], [ 43977.599999999998545, 5943537.599999999627471 ], [ 43977.525000000001455, 5943537.599999999627471 ], [ 43977.525000000001455, 5943537.674999999813735 ], [ 43977.44999999999709, 5943537.674999999813735 ], [ 43977.44999999999709, 5943537.75 ], [ 43977.375, 5943537.75 ], [ 43977.375, 5943537.825000000186265 ], [ 43977.30000000000291, 5943537.825000000186265 ], [ 43977.30000000000291, 5943537.974999999627471 ], [ 43977.224999999998545, 5943537.974999999627471 ], [ 43977.224999999998545, 5943538.049999999813735 ], [ 43977.150000000001455, 5943538.049999999813735 ], [ 43977.150000000001455, 5943538.125 ], [ 43977.07499999999709, 5943538.125 ], [ 43977.07499999999709, 5943538.200000000186265 ], [ 43976.92500000000291, 5943538.200000000186265 ], [ 43976.92500000000291, 5943538.349999999627471 ], [ 43976.849999999998545, 5943538.349999999627471 ], [ 43976.849999999998545, 5943538.424999999813735 ], [ 43976.775000000001455, 5943538.424999999813735 ], [ 43976.775000000001455, 5943538.5 ], [ 43976.69999999999709, 5943538.5 ], [ 43976.69999999999709, 5943538.575000000186265 ], [ 43976.625, 5943538.575000000186265 ], [ 43976.625, 5943538.650000000372529 ], [ 43976.55000000000291, 5943538.650000000372529 ], [ 43976.55000000000291, 5943538.724999999627471 ], [ 43976.474999999998545, 5943538.724999999627471 ], [ 43976.474999999998545, 5943538.799999999813735 ], [ 43976.400000000001455, 5943538.799999999813735 ], [ 43976.400000000001455, 5943538.950000000186265 ], [ 43976.32499999999709, 5943538.950000000186265 ], [ 43976.32499999999709, 5943539.025000000372529 ], [ 43976.25, 5943539.025000000372529 ], [ 43976.25, 5943539.099999999627471 ], [ 43976.17500000000291, 5943539.099999999627471 ], [ 43976.17500000000291, 5943539.25 ], [ 43976.099999999998545, 5943539.25 ], [ 43976.099999999998545, 5943539.325000000186265 ], [ 43976.025000000001455, 5943539.325000000186265 ], [ 43976.025000000001455, 5943539.400000000372529 ], [ 43975.94999999999709, 5943539.400000000372529 ], [ 43975.94999999999709, 5943539.474999999627471 ], [ 43975.875, 5943539.474999999627471 ], [ 43975.875, 5943539.549999999813735 ], [ 43975.80000000000291, 5943539.549999999813735 ], [ 43975.80000000000291, 5943539.625 ], [ 43975.724999999998545, 5943539.625 ], [ 43975.724999999998545, 5943539.700000000186265 ], [ 43975.650000000001455, 5943539.700000000186265 ], [ 43975.650000000001455, 5943539.775000000372529 ], [ 43975.57499999999709, 5943539.775000000372529 ], [ 43975.57499999999709, 5943539.849999999627471 ], [ 43975.5, 5943539.849999999627471 ], [ 43975.5, 5943539.924999999813735 ], [ 43975.42500000000291, 5943539.924999999813735 ], [ 43975.42500000000291, 5943540.0 ], [ 43975.275000000001455, 5943540.0 ], [ 43975.275000000001455, 5943540.075000000186265 ], [ 43975.19999999999709, 5943540.075000000186265 ], [ 43975.19999999999709, 5943540.150000000372529 ], [ 43975.05000000000291, 5943540.150000000372529 ], [ 43975.05000000000291, 5943540.224999999627471 ], [ 43974.974999999998545, 5943540.224999999627471 ], [ 43974.974999999998545, 5943540.299999999813735 ], [ 43974.82499999999709, 5943540.299999999813735 ], [ 43974.82499999999709, 5943540.375 ], [ 43974.75, 5943540.375 ], [ 43974.75, 5943540.450000000186265 ], [ 43974.67500000000291, 5943540.450000000186265 ], [ 43974.67500000000291, 5943540.525000000372529 ], [ 43974.599999999998545, 5943540.525000000372529 ], [ 43974.599999999998545, 5943540.599999999627471 ], [ 43974.525000000001455, 5943540.599999999627471 ], [ 43974.525000000001455, 5943540.674999999813735 ], [ 43974.44999999999709, 5943540.674999999813735 ], [ 43974.44999999999709, 5943540.75 ], [ 43974.30000000000291, 5943540.75 ], [ 43974.30000000000291, 5943540.825000000186265 ], [ 43974.224999999998545, 5943540.825000000186265 ], [ 43974.224999999998545, 5943540.900000000372529 ], [ 43974.150000000001455, 5943540.900000000372529 ], [ 43974.150000000001455, 5943540.974999999627471 ], [ 43974.07499999999709, 5943540.974999999627471 ], [ 43974.07499999999709, 5943541.049999999813735 ], [ 43974.0, 5943541.049999999813735 ], [ 43974.0, 5943541.125 ], [ 43973.92500000000291, 5943541.125 ], [ 43973.92500000000291, 5943541.200000000186265 ], [ 43973.849999999998545, 5943541.200000000186265 ], [ 43973.849999999998545, 5943541.275000000372529 ], [ 43973.69999999999709, 5943541.275000000372529 ], [ 43973.69999999999709, 5943541.349999999627471 ], [ 43973.625, 5943541.349999999627471 ], [ 43973.625, 5943541.424999999813735 ], [ 43973.474999999998545, 5943541.424999999813735 ], [ 43973.474999999998545, 5943541.5 ], [ 43973.400000000001455, 5943541.5 ], [ 43973.400000000001455, 5943541.575000000186265 ], [ 43973.25, 5943541.575000000186265 ], [ 43973.25, 5943541.650000000372529 ], [ 43973.099999999998545, 5943541.650000000372529 ], [ 43973.099999999998545, 5943541.724999999627471 ], [ 43972.94999999999709, 5943541.724999999627471 ], [ 43972.94999999999709, 5943541.799999999813735 ], [ 43972.80000000000291, 5943541.799999999813735 ], [ 43972.80000000000291, 5943541.875 ], [ 43972.57499999999709, 5943541.875 ], [ 43972.57499999999709, 5943541.950000000186265 ], [ 43972.42500000000291, 5943541.950000000186265 ], [ 43972.42500000000291, 5943542.025000000372529 ], [ 43972.19999999999709, 5943542.025000000372529 ], [ 43972.19999999999709, 5943542.099999999627471 ], [ 43971.974999999998545, 5943542.099999999627471 ], [ 43971.974999999998545, 5943542.174999999813735 ], [ 43971.75, 5943542.174999999813735 ], [ 43971.75, 5943542.25 ], [ 43971.525000000001455, 5943542.25 ], [ 43971.525000000001455, 5943542.325000000186265 ], [ 43971.30000000000291, 5943542.325000000186265 ], [ 43971.30000000000291, 5943542.400000000372529 ], [ 43971.07499999999709, 5943542.400000000372529 ], [ 43971.07499999999709, 5943542.474999999627471 ], [ 43970.849999999998545, 5943542.474999999627471 ], [ 43970.849999999998545, 5943542.549999999813735 ], [ 43970.625, 5943542.549999999813735 ], [ 43970.625, 5943542.625 ], [ 43970.474999999998545, 5943542.625 ], [ 43970.474999999998545, 5943542.700000000186265 ], [ 43970.25, 5943542.700000000186265 ], [ 43970.25, 5943542.775000000372529 ], [ 43970.099999999998545, 5943542.775000000372529 ], [ 43970.099999999998545, 5943542.849999999627471 ], [ 43969.94999999999709, 5943542.849999999627471 ], [ 43969.94999999999709, 5943542.924999999813735 ], [ 43969.875, 5943542.924999999813735 ], [ 43969.875, 5943543.0 ], [ 43969.724999999998545, 5943543.0 ], [ 43969.724999999998545, 5943543.075000000186265 ], [ 43969.650000000001455, 5943543.075000000186265 ], [ 43969.650000000001455, 5943543.150000000372529 ], [ 43969.5, 5943543.150000000372529 ], [ 43969.5, 5943543.224999999627471 ], [ 43969.349999999998545, 5943543.224999999627471 ], [ 43969.349999999998545, 5943543.299999999813735 ], [ 43969.125, 5943543.299999999813735 ], [ 43969.125, 5943543.375 ], [ 43968.525000000001455, 5943543.375 ], [ 43968.525000000001455, 5943543.450000000186265 ], [ 43967.775000000001455, 5943543.450000000186265 ], [ 43967.775000000001455, 5943543.525000000372529 ], [ 43966.875, 5943543.525000000372529 ] ] ] } },
{ "type": "Feature", "properties": { "value": 1.0, "building_id": 7, "area": 120.47062499988712 }, "geometry": { "type": "Polygon", "coordinates": [ [ [ 43758.0, 5943531.299999999813735 ], [ 43758.0, 5943531.224999999627471 ], [ 43757.625, 5943531.224999999627471 ], [ 43757.625, 5943531.150000000372529 ], [ 43757.32499999999709, 5943531.150000000372529 ], [ 43757.32499999999709, 5943531.075000000186265 ], [ 43757.025000000001455, 5943531.075000000186265 ], [ 43757.025000000001455, 5943531.0 ], [ 43756.724999999998545, 5943531.0 ], [ 43756.724999999998545, 5943530.924999999813735 ], [ 43756.42500000000291, 5943530.924999999813735 ], [ 43756.42500000000291, 5943530.849999999627471 ], [ 43756.19999999999709, 5943530.849999999627471 ], [ 43756.19999999999709, 5943530.775000000372529 ], [ 43756.05000000000291, 5943530.775000000372529 ], [ 43756.05000000000291, 5943530.700000000186265 ], [ 43755.974999999998545, 5943530.700000000186265 ], [ 43755.974999999998545, 5943530.625 ], [ 43755.900000000001455, 5943530.625 ], [ 43755.900000000001455, 5943530.549999999813735 ], [ 43755.75, 5943530.549999999813735 ], [ 43755.75, 5943530.474999999627471 ], [ 43755.67500000000291, 5943530.474999999627471 ], [ 43755.67500000000291, 5943530.400000000372529 ], [ 43755.525000000001455, 5943530.400000000372529 ], [ 43755.525000000001455, 5943530.325000000186265 ], [ 43755.44999999999709, 5943530.325000000186265 ], [ 43755.44999999999709, 5943530.25 ], [ 43755.30000000000291, 5943530.25 ], [ 43755.30000000000291, 5943530.174999999813735 ], [ 43755.224999999998545, 5943530.174999999813735 ], [ 43755.224999999998545, 5943530.099999999627471 ], [ 43755.07499999999709, 5943530.099999999627471 ], [ 43755.07499999999709, 5943530.025000000372529 ], [ 43755.0, 5943530.025000000372529 ], [ 43755.0, 5943529.950000000186265 ], [ 43754.849999999998545, 5943529.950000000186265 ], [ 43754.849999999998545, 5943529.875 ], [ 43754.775000000001455, 5943529.875 ], [ 43754.775000000001455, 5943529.799999999813735 ], [ 43754.625, 5943529.799999999813735 ], [ 43754.625, 5943529.724999999627471 ], [ 43754.55000000000291, 5943529.724999999627471 ], [ 43754.55000000000291, 5943529.650000000372529 ], [ 43754.400000000001455, 5943529.650000000372529 ], [ 43754.400000000001455, 5943529.575000000186265 ], [ 43754.32499999999709, 5943529.575000000186265 ], [ 43754.32499999999709, 5943529.5 ], [ 43754.17500000000291, 5943529.5 ], [ 43754.17500000000291, 5943529.424999999813735 ], [ 43754.099999999998545, 5943529.424999999813735 ], [ 43754.099999999998545, 5943529.349999999627471 ], [ 43754.025000000001455, 5943529.349999999627471 ], [ 43754.025000000001455, 5943529.275000000372529 ], [ 43753.94999999999709, 5943529.275000000372529 ], [ 43753.94999999999709, 5943529.200000000186265 ], [ 43753.875, 5943529.200000000186265 ], [ 43753.875, 5943529.049999999813735 ], [ 43753.80000000000291, 5943529.049999999813735 ], [ 43753.80000000000291, 5943528.974999999627471 ], [ 43753.724999999998545, 5943528.974999999627471 ], [ 43753.724999999998545, 5943528.825000000186265 ], [ 43753.650000000001455, 5943528.825000000186265 ], [ 43753.650000000001455, 5943528.674999999813735 ], [ 43753.57499999999709, 5943528.674999999813735 ], [ 43753.57499999999709, 5943528.525000000372529 ], [ 43753.5, 5943528.525000000372529 ], [ 43753.5, 5943528.450000000186265 ], [ 43753.42500000000291, 5943528.450000000186265 ], [ 43753.42500000000291, 5943528.299999999813735 ], [ 43753.349999999998545, 5943528.299999999813735 ], [ 43753.349999999998545, 5943528.150000000372529 ], [ 43753.275000000001455, 5943528.150000000372529 ], [ 43753.275000000001455, 5943528.075000000186265 ], [ 43753.19999999999709, 5943528.075000000186265 ], [ 43753.19999999999709, 5943527.924999999813735 ], [ 43753.125, 5943527.924999999813735 ], [ 43753.125, 5943527.775000000372529 ], [ 43753.05000000000291, 5943527.775000000372529 ], [ 43753.05000000000291, 5943527.700000000186265 ], [ 43752.974999999998545, 5943527.700000000186265 ], [ 43752.974999999998545, 5943527.549999999813735 ], [ 43752.900000000001455, 5943527.549999999813735 ], [ 43752.900000000001455, 5943527.400000000372529 ], [ 43752.82499999999709, 5943527.400000000372529 ], [ 43752.82499999999709, 5943527.325000000186265 ], [ 43752.75, 5943527.325000000186265 ], [ 43752.75, 5943527.099999999627471 ], [ 43752.67500000000291, 5943527.099999999627471 ], [ 43752.67500000000291, 5943526.799999999813735 ], [ 43752.599999999998545, 5943526.799999999813735 ], [ 43752.599999999998545, 5943526.5 ], [ 43752.525000000001455, 5943526.5 ], [ 43752.525000000001455, 5943526.200000000186265 ], [ 43752.44999999999709, 5943526.200000000186265 ], [ 43752.44999999999709, 5943525.974999999627471 ], [ 43752.375, 5943525.974999999627471 ], [ 43752.375, 5943525.674999999813735 ], [ 43752.30000000000291, 5943525.674999999813735 ], [ 43752.30000000000291, 5943525.450000000186265 ], [ 43752.224999999998545, 5943525.450000000186265 ], [ 43752.224999999998545, 5943525.224999999627471 ], [ 43752.150000000001455, 5943525.224999999627471 ], [ 43752.150000000001455, 5943525.0 ], [ 43752.07499999999709, 5943525.0 ], [ 43752.07499999999709, 5943524.775000000372529 ], [ 43752.0, 5943524.775000000372529 ], [ 43752.0, 5943524.625 ], [ 43751.92500000000291, 5943524.625 ], [ 43751.92500000000291, 5943524.400000000372529 ], [ 43751.849999999998545, 5943524.400000000372529 ], [ 43751.849999999998545, 5943524.25 ], [ 43751.775000000001455, 5943524.25 ], [ 43751.775000000001455, 5943524.025000000372529 ], [ 43751.69999999999709, 5943524.025000000372529 ], [ 43751.69999999999709, 5943523.875 ], [ 43751.625, 5943523.875 ], [ 43751.625, 5943523.724999999627471 ], [ 43751.55000000000291, 5943523.724999999627471 ], [ 43751.55000000000291, 5943523.575000000186265 ], [ 43751.474999999998545, 5943523.575000000186265 ], [ 43751.474999999998545, 5943523.424999999813735 ], [ 43751.400000000001455, 5943523.424999999813735 ], [ 43751.400000000001455, 5943523.275000000372529 ], [ 43751.32499999999709, 5943523.275000000372529 ], [ 43751.32499999999709, 5943523.125 ], [ 43751.25, 5943523.125 ], [ 43751.25, 5943523.049999999813735 ], [ 43751.17500000000291, 5943523.049999999813735 ], [ 43751.17500000000291, 5943522.900000000372529 ], [ 43751.099999999998545, 5943522.900000000372529 ], [ 43751.099999999998545, 5943522.825000000186265 ], [ 43751.025000000001455, 5943522.825000000186265 ], [ 43751.025000000001455, 5943522.674999999813735 ], [ 43750.94999999999709, 5943522.674999999813735 ], [ 43750.94999999999709, 5943522.599999999627471 ], [ 43750.875, 5943522.599999999627471 ], [ 43750.875, 5943522.525000000372529 ], [ 43750.80000000000291, 5943522.525000000372529 ], [ 43750.80000000000291, 5943522.450000000186265 ], [ 43750.724999999998545, 5943522.450000000186265 ], [ 43750.724999999998545, 5943522.299999999813735 ], [ 43750.650000000001455, 5943522.299999999813735 ], [ 43750.650000000001455, 5943522.224999999627471 ], [ 43750.57499999999709, 5943522.224999999627471 ], [ 43750.57499999999709, 5943522.150000000372529 ], [ 43750.5, 5943522.150000000372529 ], [ 43750.5, 5943522.075000000186265 ], [ 43750.42500000000291, 5943522.075000000186265 ], [ 43750.42500000000291, 5943522.0 ], [ 43750.349999999998545, 5943522.0 ], [ 43750.349999999998545, 5943521.924999999813735 ], [ 43750.275000000001455, 5943521.924999999813735 ], [ 43750.275000000001455, 5943521.849999999627471 ], [ 43750.19999999999709, 5943521.849999999627471 ], [ 43750.19999999999709, 5943521.775000000372529 ], [ 43750.125, 5943521.775000000372529 ], [ 43750.125, 5943521.625 ], [ 43750.05000000000291, 5943521.625 ], [ 43750.05000000000291, 5943521.549999999813735 ], [ 43749.974999999998545, 5943521.549999999813735 ], [ 43749.974999999998545, 5943521.474999999627471 ], [ 43749.900000000001455, 5943521.474999999627471 ], [ 43749.900000000001455, 5943521.325000000186265 ], [ 43749.82499999999709, 5943521.325000000186265 ], [ 43749.82499999999709, 5943520.799999999813735 ], [ 43749.75, 5943520.799999999813735 ], [ 43749.75, 5943520.424999999813735 ], [ 43749.67500000000291, 5943520.424999999813735 ], [ 43749.67500000000291, 5943519.974999999627471 ], [ 43749.599999999998545, 5943519.974999999627471 ], [ 43749.599999999998545, 5943519.599999999627471 ], [ 43749.525000000001455, 5943519.599999999627471 ], [ 43749.525000000001455, 5943519.375 ], [ 43749.599999999998545, 5943519.375 ], [ 43749.599999999998545, 5943519.224999999627471 ], [ 43749.67500000000291, 5943519.224999999627471 ], [ 43749.67500000000291, 5943519.075000000186265 ], [ 43749.75, 5943519.075000000186265 ], [ 43749.75, 5943518.924999999813735 ], [ 43749.82499999999709, 5943518.924999999813735 ], [ 43749.82499999999709, 5943518.849999999627471 ], [ 43749.900000000001455, 5943518.849999999627471 ], [ 43749.900000000001455, 5943518.700000000186265 ], [ 43749.974999999998545, 5943518.700000000186265 ], [ 43749.974999999998545, 5943518.625 ], [ 43750.05000000000291, 5943518.625 ], [ 43750.05000000000291, 5943518.474999999627471 ], [ 43750.125, 5943518.474999999627471 ], [ 43750.125, 5943518.400000000372529 ], [ 43750.19999999999709, 5943518.400000000372529 ], [ 43750.19999999999709, 5943518.325000000186265 ], [ 43750.275000000001455, 5943518.325000000186265 ], [ 43750.275000000001455, 5943518.25 ], [ 43750.349999999998545, 5943518.25 ], [ 43750.349999999998545, 5943518.174999999813735 ], [ 43750.724999999998545, 5943518.174999999813735 ], [ 43750.724999999998545, 5943518.099999999627471 ], [ 43751.25, 5943518.099999999627471 ], [ 43751.25, 5943518.025000000372529 ], [ 43752.0, 5943518.025000000372529 ], [ 43752.0, 5943517.950000000186265 ], [ 43753.125, 5943517.950000000186265 ], [ 43753.125, 5943517.875 ], [ 43755.0, 5943517.875 ], [ 43755.0, 5943517.799999999813735 ], [ 43756.349999999998545, 5943517.799999999813735 ], [ 43756.349999999998545, 5943517.875 ], [ 43756.5, 5943517.875 ], [ 43756.5, 5943517.950000000186265 ], [ 43756.724999999998545, 5943517.950000000186265 ], [ 43756.724999999998545, 5943518.025000000372529 ], [ 43756.875, 5943518.025000000372529 ], [ 43756.875, 5943518.099999999627471 ], [ 43757.099999999998545, 5943518.099999999627471 ], [ 43757.099999999998545, 5943518.174999999813735 ], [ 43757.25, 5943518.174999999813735 ], [ 43757.25, 5943518.25 ], [ 43757.400000000001455, 5943518.25 ], [ 43757.400000000001455, 5943518.325000000186265 ], [ 43757.55000000000291, 5943518.325000000186265 ], [ 43757.55000000000291, 5943518.400000000372529 ], [ 43757.69999999999709, 5943518.400000000372529 ], [ 43757.69999999999709, 5943518.474999999627471 ], [ 43757.849999999998545, 5943518.474999999627471 ], [ 43757.849999999998545, 5943518.549999999813735 ], [ 43758.0, 5943518.549999999813735 ], [ 43758.0, 5943518.625 ], [ 43758.150000000001455, 5943518.625 ], [ 43758.150000000001455, 5943518.700000000186265 ], [ 43758.224999999998545, 5943518.700000000186265 ], [ 43758.224999999998545, 5943518.775000000372529 ], [ 43758.30000000000291, 5943518.775000000372529 ], [ 43758.30000000000291, 5943518.849999999627471 ], [ 43758.375, 5943518.849999999627471 ], [ 43758.375, 5943518.924999999813735 ], [ 43758.44999999999709, 5943518.924999999813735 ], [ 43758.44999999999709, 5943519.0 ], [ 43758.525000000001455, 5943519.0 ], [ 43758.525000000001455, 5943519.075000000186265 ], [ 43758.599999999998545, 5943519.075000000186265 ], [ 43758.599999999998545, 5943519.224999999627471 ], [ 43758.67500000000291, 5943519.224999999627471 ], [ 43758.67500000000291, 5943519.299999999813735 ], [ 43758.75, 5943519.299999999813735 ], [ 43758.75, 5943519.375 ], [ 43758.82499999999709, 5943519.375 ], [ 43758.82499999999709, 5943519.525000000372529 ], [ 43758.900000000001455, 5943519.525000000372529 ], [ 43758.900000000001455, 5943519.599999999627471 ], [ 43758.974999999998545, 5943519.599999999627471 ], [ 43758.974999999998545, 5943519.674999999813735 ], [ 43759.05000000000291, 5943519.674999999813735 ], [ 43759.05000000000291, 5943519.825000000186265 ], [ 43759.125, 5943519.825000000186265 ], [ 43759.125, 5943519.900000000372529 ], [ 43759.19999999999709, 5943519.900000000372529 ], [ 43759.19999999999709, 5943520.049999999813735 ], [ 43759.275000000001455, 5943520.049999999813735 ], [ 43759.275000000001455, 5943520.200000000186265 ], [ 43759.349999999998545, 5943520.200000000186265 ], [ 43759.349999999998545, 5943520.349999999627471 ], [ 43759.42500000000291, 5943520.349999999627471 ], [ 43759.42500000000291, 5943520.424999999813735 ], [ 43759.5, 5943520.424999999813735 ], [ 43759.5, 5943520.575000000186265 ], [ 43759.57499999999709, 5943520.575000000186265 ], [ 43759.57499999999709, 5943520.724999999627471 ], [ 43759.650000000001455, 5943520.724999999627471 ], [ 43759.650000000001455, 5943520.950000000186265 ], [ 43759.724999999998545, 5943520.950000000186265 ], [ 43759.724999999998545, 5943521.099999999627471 ], [ 43759.80000000000291, 5943521.099999999627471 ], [ 43759.80000000000291, 5943521.25 ], [ 43759.875, 5943521.25 ], [ 43759.875, 5943521.400000000372529 ], [ 43759.94999999999709, 5943521.400000000372529 ], [ 43759.94999999999709, 5943521.549999999813735 ], [ 43760.025000000001455, 5943521.549999999813735 ], [ 43760.025000000001455, 5943521.700000000186265 ], [ 43760.099999999998545, 5943521.700000000186265 ], [ 43760.099999999998545, 5943521.849999999627471 ], [ 43760.17500000000291, 5943521.849999999627471 ], [ 43760.17500000000291, 5943522.0 ], [ 43760.25, 5943522.0 ], [ 43760.25, 5943522.150000000372529 ], [ 43760.32499999999709, 5943522.150000000372529 ], [ 43760.32499999999709, 5943522.299999999813735 ], [ 43760.400000000001455, 5943522.299999999813735 ], [ 43760.400000000001455, 5943522.375 ], [ 43760.474999999998545, 5943522.375 ], [ 43760.474999999998545, 5943522.525000000372529 ], [ 43760.55000000000291, 5943522.525000000372529 ], [ 43760.55000000000291, 5943522.674999999813735 ], [ 43760.625, 5943522.674999999813735 ], [ 43760.625, 5943522.825000000186265 ], [ 43760.69999999999709, 5943522.825000000186265 ], [ 43760.69999999999709, 5943523.049999999813735 ], [ 43760.775000000001455, 5943523.049999999813735 ], [ 43760.775000000001455, 5943523.200000000186265 ], [ 43760.849999999998545, 5943523.200000000186265 ], [ 43760.849999999998545, 5943523.349999999627471 ], [ 43760.92500000000291, 5943523.349999999627471 ], [ 43760.92500000000291, 5943523.5 ], [ 43761.0, 5943523.5 ], [ 43761.0, 5943523.575000000186265 ], [ 43761.07499999999709, 5943523.575000000186265 ], [ 43761.07499999999709, 5943523.724999999627471 ], [ 43761.150000000001455, 5943523.724999999627471 ], [ 43761.150000000001455, 5943523.875 ], [ 43761.224999999998545, 5943523.875 ], [ 43761.224999999998545, 5943523.950000000186265 ], [ 43761.30000000000291, 5943523.950000000186265 ], [ 43761.30000000000291, 5943524.099999999627471 ], [ 43761.375, 5943524.099999999627471 ], [ 43761.375, 5943524.25 ], [ 43761.44999999999709, 5943524.25 ], [ 43761.44999999999709, 5943524.400000000372529 ], [ 43761.525000000001455, 5943524.400000000372529 ], [ 43761.525000000001455, 5943524.474999999627471 ], [ 43761.599999999998545, 5943524.474999999627471 ], [ 43761.599999999998545, 5943524.625 ], [ 43761.67500000000291, 5943524.625 ], [ 43761.67500000000291, 5943524.775000000372529 ], [ 43761.75, 5943524.775000000372529 ], [ 43761.75, 5943524.849999999627471 ], [ 43761.82499999999709, 5943524.849999999627471 ], [ 43761.82499999999709, 5943525.0 ], [ 43761.900000000001455, 5943525.0 ], [ 43761.900000000001455, 5943525.150000000372529 ], [ 43761.974999999998545, 5943525.150000000372529 ], [ 43761.974999999998545, 5943525.224999999627471 ], [ 43762.05000000000291, 5943525.224999999627471 ], [ 43762.05000000000291, 5943525.375 ], [ 43762.125, 5943525.375 ], [ 43762.125, 5943525.450000000186265 ], [ 43762.19999999999709, 5943525.450000000186265 ], [ 43762.19999999999709, 5943525.525000000372529 ], [ 43762.275000000001455, 5943525.525000000372529 ], [ 43762.275000000001455, 5943525.599999999627471 ], [ 43762.349999999998545, 5943525.599999999627471 ], [ 43762.349999999998545, 5943525.674999999813735 ], [ 43762.42500000000291, 5943525.674999999813735 ], [ 43762.42500000000291, 5943525.75 ], [ 43762.5, 5943525.75 ], [ 43762.5, 5943525.900000000372529 ], [ 43762.57499999999709, 5943525.900000000372529 ], [ 43762.57499999999709, 5943525.974999999627471 ], [ 43762.650000000001455, 5943525.974999999627471 ], [ 43762.650000000001455, 5943526.049999999813735 ], [ 43762.724999999998545, 5943526.049999999813735 ], [ 43762.724999999998545, 5943526.125 ], [ 43762.80000000000291, 5943526.125 ], [ 43762.80000000000291, 5943526.200000000186265 ], [ 43762.875, 5943526.200000000186265 ], [ 43762.875, 5943526.275000000372529 ], [ 43762.94999999999709, 5943526.275000000372529 ], [ 43762.94999999999709, 5943526.424999999813735 ], [ 43763.025000000001455, 5943526.424999999813735 ], [ 43763.025000000001455, 5943526.5 ], [ 43763.099999999998545, 5943526.5 ], [ 43763.099999999998545, 5943526.575000000186265 ], [ 43763.17500000000291, 5943526.575000000186265 ], [ 43763.17500000000291, 5943526.650000000372529 ], [ 43763.25, 5943526.650000000372529 ], [ 43763.25, 5943526.724999999627471 ], [ 43763.32499999999709, 5943526.724999999627471 ], [ 43763.32499999999709, 5943526.875 ], [ 43763.400000000001455, 5943526.875 ], [ 43763.400000000001455, 5943526.950000000186265 ], [ 43763.474999999998545, 5943526.950000000186265 ], [ 43763.474999999998545, 5943527.025000000372529 ], [ 43763.55000000000291, 5943527.025000000372529 ], [ 43763.55000000000291, 5943527.099999999627471 ], [ 43763.625, 5943527.099999999627471 ], [ 43763.625, 5943527.25 ], [ 43763.69999999999709, 5943527.25 ], [ 43763.69999999999709, 5943527.325000000186265 ], [ 43763.625, 5943527.325000000186265 ], [ 43763.625, 5943527.849999999627471 ], [ 43763.55000000000291, 5943527.849999999627471 ], [ 43763.55000000000291, 5943528.224999999627471 ], [ 43763.474999999998545, 5943528.224999999627471 ], [ 43763.474999999998545, 5943528.599999999627471 ], [ 43763.400000000001455, 5943528.599999999627471 ], [ 43763.400000000001455, 5943528.974999999627471 ], [ 43763.32499999999709, 5943528.974999999627471 ], [ 43763.32499999999709, 5943529.200000000186265 ], [ 43763.25, 5943529.200000000186265 ], [ 43763.25, 5943529.275000000372529 ], [ 43763.17500000000291, 5943529.275000000372529 ], [ 43763.17500000000291, 5943529.349999999627471 ], [ 43763.025000000001455, 5943529.349999999627471 ], [ 43763.025000000001455, 5943529.424999999813735 ], [ 43762.875, 5943529.424999999813735 ], [ 43762.875, 5943529.5 ], [ 43762.80000000000291, 5943529.5 ], [ 43762.80000000000291, 5943529.575000000186265 ], [ 43762.650000000001455, 5943529.575000000186265 ], [ 43762.650000000001455, 5943529.650000000372529 ], [ 43762.5, 5943529.650000000372529 ], [ 43762.5, 5943529.724999999627471 ], [ 43762.349999999998545, 5943529.724999999627471 ], [ 43762.349999999998545, 5943529.799999999813735 ], [ 43762.19999999999709, 5943529.799999999813735 ], [ 43762.19999999999709, 5943529.875 ], [ 43762.05000000000291, 5943529.875 ], [ 43762.05000000000291, 5943529.950000000186265 ], [ 43761.82499999999709, 5943529.950000000186265 ], [ 43761.82499999999709, 5943530.025000000372529 ], [ 43761.67500000000291, 5943530.025000000372529 ], [ 43761.67500000000291, 5943530.099999999627471 ], [ 43761.44999999999709, 5943530.099999999627471 ], [ 43761.44999999999709, 5943530.174999999813735 ], [ 43761.224999999998545, 5943530.174999999813735 ], [ 43761.224999999998545, 5943530.25 ], [ 43761.07499999999709, 5943530.25 ], [ 43761.07499999999709, 5943530.325000000186265 ], [ 43760.849999999998545, 5943530.325000000186265 ], [ 43760.849999999998545, 5943530.400000000372529 ], [ 43760.625, 5943530.400000000372529 ], [ 43760.625, 5943530.474999999627471 ], [ 43760.400000000001455, 5943530.474999999627471 ], [ 43760.400000000001455, 5943530.549999999813735 ], [ 43760.17500000000291, 5943530.549999999813735 ], [ 43760.17500000000291, 5943530.625 ], [ 43759.94999999999709, 5943530.625 ], [ 43759.94999999999709, 5943530.700000000186265 ], [ 43759.724999999998545, 5943530.700000000186265 ], [ 43759.724999999998545, 5943530.775000000372529 ], [ 43759.5, 5943530.775000000372529 ], [ 43759.5, 5943530.849999999627471 ], [ 43759.275000000001455, 5943530.849999999627471 ], [ 43759.275000000001455, 5943530.924999999813735 ], [ 43759.125, 5943530.924999999813735 ], [ 43759.125, 5943531.0 ], [ 43758.900000000001455, 5943531.0 ], [ 43758.900000000001455, 5943531.075000000186265 ], [ 43758.75, 5943531.075000000186265 ], [ 43758.75, 5943531.150000000372529 ], [ 43758.525000000001455, 5943531.150000000372529 ], [ 43758.525000000001455, 5943531.224999999627471 ], [ 43758.30000000000291, 5943531.224999999627471 ], [ 43758.30000000000291, 5943531.299999999813735 ], [ 43758.0, 5943531.299999999813735 ] ] ] } },
{ "type": "Feature", "properties": { "value": 1.0, "building_id": 8, "area": 352.37249999993639 }, "geometry": { "type": "Polygon", "coordinates": [ [ [ 43732.57499999999709, 5943541.875 ], [ 43732.57499999999709, 5943541.799999999813735 ], [ 43732.275000000001455, 5943541.799999999813735 ], [ 43732.275000000001455, 5943541.724999999627471 ], [ 43732.05000000000291, 5943541.724999999627471 ], [ 43732.05000000000291, 5943541.650000000372529 ], [ 43731.82499999999709, 5943541.650000000372529 ], [ 43731.82499999999709, 5943541.575000000186265 ], [ 43731.67500000000291, 5943541.575000000186265 ], [ 43731.67500000000291, 5943541.5 ], [ 43731.525000000001455, 5943541.5 ], [ 43731.525000000001455, 5943541.424999999813735 ], [ 43731.30000000000291, 5943541.424999999813735 ], [ 43731.30000000000291, 5943541.349999999627471 ], [ 43731.150000000001455, 5943541.349999999627471 ], [ 43731.150000000001455, 5943541.275000000372529 ], [ 43731.0, 5943541.275000000372529 ], [ 43731.0, 5943541.200000000186265 ], [ 43730.849999999998545, 5943541.200000000186265 ], [ 43730.849999999998545, 5943541.125 ], [ 43730.775000000001455, 5943541.125 ], [ 43730.775000000001455, 5943541.049999999813735 ], [ 43730.625, 5943541.049999999813735 ], [ 43730.625, 5943540.974999999627471 ], [ 43730.55000000000291, 5943540.974999999627471 ], [ 43730.55000000000291, 5943540.900000000372529 ], [ 43730.400000000001455, 5943540.900000000372529 ], [ 43730.400000000001455, 5943540.825000000186265 ], [ 43730.32499999999709, 5943540.825000000186265 ], [ 43730.32499999999709, 5943540.75 ], [ 43730.17500000000291, 5943540.75 ], [ 43730.17500000000291, 5943540.674999999813735 ], [ 43730.099999999998545, 5943540.674999999813735 ], [ 43730.099999999998545, 5943540.599999999627471 ], [ 43729.94999999999709, 5943540.599999999627471 ], [ 43729.94999999999709, 5943540.525000000372529 ], [ 43729.80000000000291, 5943540.525000000372529 ], [ 43729.80000000000291, 5943540.450000000186265 ], [ 43729.650000000001455, 5943540.450000000186265 ], [ 43729.650000000001455, 5943540.375 ], [ 43729.5, 5943540.375 ], [ 43729.5, 5943540.299999999813735 ], [ 43729.349999999998545, 5943540.299999999813735 ], [ 43729.349999999998545, 5943540.224999999627471 ], [ 43729.19999999999709, 5943540.224999999627471 ], [ 43729.19999999999709, 5943540.150000000372529 ], [ 43728.974999999998545, 5943540.150000000372529 ], [ 43728.974999999998545, 5943540.075000000186265 ], [ 43728.82499999999709, 5943540.075000000186265 ], [ 43728.82499999999709, 5943540.0 ], [ 43728.67500000000291, 5943540.0 ], [ 43728.67500000000291, 5943539.924999999813735 ], [ 43728.525000000001455, 5943539.924999999813735 ], [ 43728.525000000001455, 5943539.849999999627471 ], [ 43728.375, 5943539.849999999627471 ], [ 43728.375, 5943539.775000000372529 ], [ 43728.224999999998545, 5943539.775000000372529 ], [ 43728.224999999998545, 5943539.700000000186265 ], [ 43728.07499999999709, 5943539.700000000186265 ], [ 43728.07499999999709, 5943539.625 ], [ 43728.0, 5943539.625 ], [ 43728.0, 5943539.549999999813735 ], [ 43727.849999999998545, 5943539.549999999813735 ], [ 43727.849999999998545, 5943539.474999999627471 ], [ 43727.775000000001455, 5943539.474999999627471 ], [ 43727.775000000001455, 5943539.400000000372529 ], [ 43727.69999999999709, 5943539.400000000372529 ], [ 43727.69999999999709, 5943539.325000000186265 ], [ 43727.55000000000291, 5943539.325000000186265 ], [ 43727.55000000000291, 5943539.25 ], [ 43727.474999999998545, 5943539.25 ], [ 43727.474999999998545, 5943539.174999999813735 ], [ 43727.400000000001455, 5943539.174999999813735 ], [ 43727.400000000001455, 5943539.099999999627471 ], [ 43727.32499999999709, 5943539.099999999627471 ], [ 43727.32499999999709, 5943539.025000000372529 ], [ 43727.25, 5943539.025000000372529 ], [ 43727.25, 5943538.950000000186265 ], [ 43727.17500000000291, 5943538.950000000186265 ], [ 43727.17500000000291, 5943538.875 ], [ 43727.099999999998545, 5943538.875 ], [ 43727.099999999998545, 5943538.799999999813735 ], [ 43727.025000000001455, 5943538.799999999813735 ], [ 43727.025000000001455, 5943538.724999999627471 ], [ 43726.94999999999709, 5943538.724999999627471 ], [ 43726.94999999999709, 5943538.650000000372529 ], [ 43726.80000000000291, 5943538.650000000372529 ], [ 43726.80000000000291, 5943538.575000000186265 ], [ 43726.724999999998545, 5943538.575000000186265 ], [ 43726.724999999998545, 5943538.5 ], [ 43726.650000000001455, 5943538.5 ], [ 43726.650000000001455, 5943538.424999999813735 ], [ 43726.5, 5943538.424999999813735 ], [ 43726.5, 5943538.349999999627471 ], [ 43726.42500000000291, 5943538.349999999627471 ], [ 43726.42500000000291, 5943538.275000000372529 ], [ 43726.349999999998545, 5943538.275000000372529 ], [ 43726.349999999998545, 5943538.200000000186265 ], [ 43726.275000000001455, 5943538.200000000186265 ], [ 43726.275000000001455, 5943538.125 ], [ 43726.125, 5943538.125 ], [ 43726.125, 5943538.049999999813735 ], [ 43726.05000000000291, 5943538.049999999813735 ], [ 43726.05000000000291, 5943537.974999999627471 ], [ 43725.974999999998545, 5943537.974999999627471 ], [ 43725.974999999998545, 5943537.900000000372529 ], [ 43725.82499999999709, 5943537.900000000372529 ], [ 43725.82499999999709, 5943537.825000000186265 ], [ 43725.75, 5943537.825000000186265 ], [ 43725.75, 5943537.75 ], [ 43725.67500000000291, 5943537.75 ], [ 43725.67500000000291, 5943537.674999999813735 ], [ 43725.599999999998545, 5943537.674999999813735 ], [ 43725.599999999998545, 5943537.599999999627471 ], [ 43725.525000000001455, 5943537.599999999627471 ], [ 43725.525000000001455, 5943537.525000000372529 ], [ 43725.375, 5943537.525000000372529 ], [ 43725.375, 5943537.450000000186265 ], [ 43725.30000000000291, 5943537.450000000186265 ], [ 43725.30000000000291, 5943537.375 ], [ 43725.224999999998545, 5943537.375 ], [ 43725.224999999998545, 5943537.299999999813735 ], [ 43725.150000000001455, 5943537.299999999813735 ], [ 43725.150000000001455, 5943537.224999999627471 ], [ 43725.07499999999709, 5943537.224999999627471 ], [ 43725.07499999999709, 5943537.150000000372529 ], [ 43724.92500000000291, 5943537.150000000372529 ], [ 43724.92500000000291, 5943537.0 ], [ 43724.849999999998545, 5943537.0 ], [ 43724.849999999998545, 5943536.924999999813735 ], [ 43724.775000000001455, 5943536.924999999813735 ], [ 43724.775000000001455, 5943536.775000000372529 ], [ 43724.69999999999709, 5943536.775000000372529 ], [ 43724.69999999999709, 5943536.625 ], [ 43724.625, 5943536.625 ], [ 43724.625, 5943536.474999999627471 ], [ 43724.55000000000291, 5943536.474999999627471 ], [ 43724.55000000000291, 5943536.25 ], [ 43724.474999999998545, 5943536.25 ], [ 43724.474999999998545, 5943536.099999999627471 ], [ 43724.400000000001455, 5943536.099999999627471 ], [ 43724.400000000001455, 5943535.950000000186265 ], [ 43724.32499999999709, 5943535.950000000186265 ], [ 43724.32499999999709, 5943535.724999999627471 ], [ 43724.25, 5943535.724999999627471 ], [ 43724.25, 5943535.575000000186265 ], [ 43724.17500000000291, 5943535.575000000186265 ], [ 43724.17500000000291, 5943535.349999999627471 ], [ 43724.099999999998545, 5943535.349999999627471 ], [ 43724.099999999998545, 5943535.125 ], [ 43724.025000000001455, 5943535.125 ], [ 43724.025000000001455, 5943534.825000000186265 ], [ 43723.94999999999709, 5943534.825000000186265 ], [ 43723.94999999999709, 5943534.450000000186265 ], [ 43723.875, 5943534.450000000186265 ], [ 43723.875, 5943534.150000000372529 ], [ 43723.80000000000291, 5943534.150000000372529 ], [ 43723.80000000000291, 5943533.775000000372529 ], [ 43723.724999999998545, 5943533.775000000372529 ], [ 43723.724999999998545, 5943533.474999999627471 ], [ 43723.650000000001455, 5943533.474999999627471 ], [ 43723.650000000001455, 5943533.174999999813735 ], [ 43723.57499999999709, 5943533.174999999813735 ], [ 43723.57499999999709, 5943532.875 ], [ 43723.5, 5943532.875 ], [ 43723.5, 5943532.575000000186265 ], [ 43723.42500000000291, 5943532.575000000186265 ], [ 43723.42500000000291, 5943532.349999999627471 ], [ 43723.349999999998545, 5943532.349999999627471 ], [ 43723.349999999998545, 5943532.125 ], [ 43723.275000000001455, 5943532.125 ], [ 43723.275000000001455, 5943531.900000000372529 ], [ 43723.19999999999709, 5943531.900000000372529 ], [ 43723.19999999999709, 5943531.674999999813735 ], [ 43723.125, 5943531.674999999813735 ], [ 43723.125, 5943531.450000000186265 ], [ 43723.05000000000291, 5943531.450000000186265 ], [ 43723.05000000000291, 5943531.224999999627471 ], [ 43722.974999999998545, 5943531.224999999627471 ], [ 43722.974999999998545, 5943531.0 ], [ 43722.900000000001455, 5943531.0 ], [ 43722.900000000001455, 5943530.700000000186265 ], [ 43722.82499999999709, 5943530.700000000186265 ], [ 43722.82499999999709, 5943530.474999999627471 ], [ 43722.75, 5943530.474999999627471 ], [ 43722.75, 5943530.174999999813735 ], [ 43722.67500000000291, 5943530.174999999813735 ], [ 43722.67500000000291, 5943529.875 ], [ 43722.599999999998545, 5943529.875 ], [ 43722.599999999998545, 5943529.575000000186265 ], [ 43722.525000000001455, 5943529.575000000186265 ], [ 43722.525000000001455, 5943529.275000000372529 ], [ 43722.44999999999709, 5943529.275000000372529 ], [ 43722.44999999999709, 5943527.099999999627471 ], [ 43722.525000000001455, 5943527.099999999627471 ], [ 43722.525000000001455, 5943526.799999999813735 ], [ 43722.599999999998545, 5943526.799999999813735 ], [ 43722.599999999998545, 5943526.575000000186265 ], [ 43722.67500000000291, 5943526.575000000186265 ], [ 43722.67500000000291, 5943526.275000000372529 ], [ 43722.75, 5943526.275000000372529 ], [ 43722.75, 5943526.049999999813735 ], [ 43722.82499999999709, 5943526.049999999813735 ], [ 43722.82499999999709, 5943525.825000000186265 ], [ 43722.900000000001455, 5943525.825000000186265 ], [ 43722.900000000001455, 5943525.599999999627471 ], [ 43722.974999999998545, 5943525.599999999627471 ], [ 43722.974999999998545, 5943525.375 ], [ 43723.05000000000291, 5943525.375 ], [ 43723.05000000000291, 5943525.150000000372529 ], [ 43723.125, 5943525.150000000372529 ], [ 43723.125, 5943524.924999999813735 ], [ 43723.19999999999709, 5943524.924999999813735 ], [ 43723.19999999999709, 5943524.700000000186265 ], [ 43723.275000000001455, 5943524.700000000186265 ], [ 43723.275000000001455, 5943524.474999999627471 ], [ 43723.349999999998545, 5943524.474999999627471 ], [ 43723.349999999998545, 5943524.174999999813735 ], [ 43723.42500000000291, 5943524.174999999813735 ], [ 43723.42500000000291, 5943523.950000000186265 ], [ 43723.5, 5943523.950000000186265 ], [ 43723.5, 5943523.650000000372529 ], [ 43723.57499999999709, 5943523.650000000372529 ], [ 43723.57499999999709, 5943523.349999999627471 ], [ 43723.650000000001455, 5943523.349999999627471 ], [ 43723.650000000001455, 5943523.049999999813735 ], [ 43723.724999999998545, 5943523.049999999813735 ], [ 43723.724999999998545, 5943522.75 ], [ 43723.80000000000291, 5943522.75 ], [ 43723.80000000000291, 5943522.450000000186265 ], [ 43723.875, 5943522.450000000186265 ], [ 43723.875, 5943522.150000000372529 ], [ 43723.94999999999709, 5943522.150000000372529 ], [ 43723.94999999999709, 5943521.775000000372529 ], [ 43724.025000000001455, 5943521.775000000372529 ], [ 43724.025000000001455, 5943521.474999999627471 ], [ 43724.099999999998545, 5943521.474999999627471 ], [ 43724.099999999998545, 5943521.099999999627471 ], [ 43724.17500000000291, 5943521.099999999627471 ], [ 43724.17500000000291, 5943520.799999999813735 ], [ 43724.25, 5943520.799999999813735 ], [ 43724.25, 5943520.424999999813735 ], [ 43724.32499999999709, 5943520.424999999813735 ], [ 43724.32499999999709, 5943520.275000000372529 ], [ 43724.474999999998545, 5943520.275000000372529 ], [ 43724.474999999998545, 5943520.200000000186265 ], [ 43724.69999999999709, 5943520.200000000186265 ], [ 43724.69999999999709, 5943520.125 ], [ 43724.92500000000291, 5943520.125 ], [ 43724.92500000000291, 5943520.049999999813735 ], [ 43725.07499999999709, 5943520.049999999813735 ], [ 43725.07499999999709, 5943519.974999999627471 ], [ 43725.224999999998545, 5943519.974999999627471 ], [ 43725.224999999998545, 5943519.900000000372529 ], [ 43725.30000000000291, 5943519.900000000372529 ], [ 43725.30000000000291, 5943519.825000000186265 ], [ 43725.375, 5943519.825000000186265 ], [ 43725.375, 5943519.75 ], [ 43725.525000000001455, 5943519.75 ], [ 43725.525000000001455, 5943519.674999999813735 ], [ 43725.599999999998545, 5943519.674999999813735 ], [ 43725.599999999998545, 5943519.599999999627471 ], [ 43725.75, 5943519.599999999627471 ], [ 43725.75, 5943519.525000000372529 ], [ 43725.82499999999709, 5943519.525000000372529 ], [ 43725.82499999999709, 5943519.450000000186265 ], [ 43725.900000000001455, 5943519.450000000186265 ], [ 43725.900000000001455, 5943519.375 ], [ 43726.05000000000291, 5943519.375 ], [ 43726.05000000000291, 5943519.299999999813735 ], [ 43726.125, 5943519.299999999813735 ], [ 43726.125, 5943519.224999999627471 ], [ 43726.19999999999709, 5943519.224999999627471 ], [ 43726.19999999999709, 5943519.150000000372529 ], [ 43726.349999999998545, 5943519.150000000372529 ], [ 43726.349999999998545, 5943519.075000000186265 ], [ 43726.42500000000291, 5943519.075000000186265 ], [ 43726.42500000000291, 5943519.0 ], [ 43726.57499999999709, 5943519.0 ], [ 43726.57499999999709, 5943518.924999999813735 ], [ 43726.724999999998545, 5943518.924999999813735 ], [ 43726.724999999998545, 5943518.849999999627471 ], [ 43726.80000000000291, 5943518.849999999627471 ], [ 43726.80000000000291, 5943518.775000000372529 ], [ 43726.94999999999709, 5943518.775000000372529 ], [ 43726.94999999999709, 5943518.700000000186265 ], [ 43727.025000000001455, 5943518.700000000186265 ], [ 43727.025000000001455, 5943518.625 ], [ 43727.099999999998545, 5943518.625 ], [ 43727.099999999998545, 5943518.549999999813735 ], [ 43727.25, 5943518.549999999813735 ], [ 43727.25, 5943518.474999999627471 ], [ 43727.32499999999709, 5943518.474999999627471 ], [ 43727.32499999999709, 5943518.400000000372529 ], [ 43727.400000000001455, 5943518.400000000372529 ], [ 43727.400000000001455, 5943518.325000000186265 ], [ 43727.474999999998545, 5943518.325000000186265 ], [ 43727.474999999998545, 5943518.25 ], [ 43727.625, 5943518.25 ], [ 43727.625, 5943518.174999999813735 ], [ 43727.69999999999709, 5943518.174999999813735 ], [ 43727.69999999999709, 5943518.099999999627471 ], [ 43727.775000000001455, 5943518.099999999627471 ], [ 43727.775000000001455, 5943518.025000000372529 ], [ 43727.849999999998545, 5943518.025000000372529 ], [ 43727.849999999998545, 5943517.950000000186265 ], [ 43728.0, 5943517.950000000186265 ], [ 43728.0, 5943517.875 ], [ 43728.07499999999709, 5943517.875 ], [ 43728.07499999999709, 5943517.799999999813735 ], [ 43728.150000000001455, 5943517.799999999813735 ], [ 43728.150000000001455, 5943517.724999999627471 ], [ 43728.224999999998545, 5943517.724999999627471 ], [ 43728.224999999998545, 5943517.650000000372529 ], [ 43728.30000000000291, 5943517.650000000372529 ], [ 43728.30000000000291, 5943517.575000000186265 ], [ 43728.44999999999709, 5943517.575000000186265 ], [ 43728.44999999999709, 5943517.5 ], [ 43728.525000000001455, 5943517.5 ], [ 43728.525000000001455, 5943517.424999999813735 ], [ 43728.599999999998545, 5943517.424999999813735 ], [ 43728.599999999998545, 5943517.349999999627471 ], [ 43728.75, 5943517.349999999627471 ], [ 43728.75, 5943517.275000000372529 ], [ 43728.82499999999709, 5943517.275000000372529 ], [ 43728.82499999999709, 5943517.200000000186265 ], [ 43728.900000000001455, 5943517.200000000186265 ], [ 43728.900000000001455, 5943517.125 ], [ 43729.05000000000291, 5943517.125 ], [ 43729.05000000000291, 5943517.049999999813735 ], [ 43729.19999999999709, 5943517.049999999813735 ], [ 43729.19999999999709, 5943516.974999999627471 ], [ 43729.275000000001455, 5943516.974999999627471 ], [ 43729.275000000001455, 5943516.900000000372529 ], [ 43729.42500000000291, 5943516.900000000372529 ], [ 43729.42500000000291, 5943516.825000000186265 ], [ 43729.5, 5943516.825000000186265 ], [ 43729.5, 5943516.75 ], [ 43729.650000000001455, 5943516.75 ], [ 43729.650000000001455, 5943516.674999999813735 ], [ 43729.80000000000291, 5943516.674999999813735 ], [ 43729.80000000000291, 5943516.599999999627471 ], [ 43729.875, 5943516.599999999627471 ], [ 43729.875, 5943516.525000000372529 ], [ 43730.025000000001455, 5943516.525000000372529 ], [ 43730.025000000001455, 5943516.450000000186265 ], [ 43730.17500000000291, 5943516.450000000186265 ], [ 43730.17500000000291, 5943516.375 ], [ 43730.32499999999709, 5943516.375 ], [ 43730.32499999999709, 5943516.299999999813735 ], [ 43731.07499999999709, 5943516.299999999813735 ], [ 43731.07499999999709, 5943516.375 ], [ 43731.974999999998545, 5943516.375 ], [ 43731.974999999998545, 5943516.450000000186265 ], [ 43732.94999999999709, 5943516.450000000186265 ], [ 43732.94999999999709, 5943516.525000000372529 ], [ 43733.400000000001455, 5943516.525000000372529 ], [ 43733.400000000001455, 5943516.599999999627471 ], [ 43733.849999999998545, 5943516.599999999627471 ], [ 43733.849999999998545, 5943516.674999999813735 ], [ 43734.30000000000291, 5943516.674999999813735 ], [ 43734.30000000000291, 5943516.75 ], [ 43734.75, 5943516.75 ], [ 43734.75, 5943516.825000000186265 ], [ 43734.900000000001455, 5943516.825000000186265 ], [ 43734.900000000001455, 5943516.900000000372529 ], [ 43735.05000000000291, 5943516.900000000372529 ], [ 43735.05000000000291, 5943516.974999999627471 ], [ 43735.19999999999709, 5943516.974999999627471 ], [ 43735.19999999999709, 5943517.049999999813735 ], [ 43735.349999999998545, 5943517.049999999813735 ], [ 43735.349999999998545, 5943517.125 ], [ 43735.5, 5943517.125 ], [ 43735.5, 5943517.200000000186265 ], [ 43735.57499999999709, 5943517.200000000186265 ], [ 43735.57499999999709, 5943517.275000000372529 ], [ 43735.724999999998545, 5943517.275000000372529 ], [ 43735.724999999998545, 5943517.349999999627471 ], [ 43735.80000000000291, 5943517.349999999627471 ], [ 43735.80000000000291, 5943517.424999999813735 ], [ 43735.875, 5943517.424999999813735 ], [ 43735.875, 5943517.5 ], [ 43735.94999999999709, 5943517.5 ], [ 43735.94999999999709, 5943517.575000000186265 ], [ 43736.025000000001455, 5943517.575000000186265 ], [ 43736.025000000001455, 5943517.650000000372529 ], [ 43736.099999999998545, 5943517.650000000372529 ], [ 43736.099999999998545, 5943517.724999999627471 ], [ 43736.17500000000291, 5943517.724999999627471 ], [ 43736.17500000000291, 5943517.799999999813735 ], [ 43736.32499999999709, 5943517.799999999813735 ], [ 43736.32499999999709, 5943517.875 ], [ 43736.400000000001455, 5943517.875 ], [ 43736.400000000001455, 5943517.950000000186265 ], [ 43736.474999999998545, 5943517.950000000186265 ], [ 43736.474999999998545, 5943518.025000000372529 ], [ 43736.55000000000291, 5943518.025000000372529 ], [ 43736.55000000000291, 5943518.099999999627471 ], [ 43736.625, 5943518.099999999627471 ], [ 43736.625, 5943518.174999999813735 ], [ 43736.69999999999709, 5943518.174999999813735 ], [ 43736.69999999999709, 5943518.25 ], [ 43736.775000000001455, 5943518.25 ], [ 43736.775000000001455, 5943518.325000000186265 ], [ 43736.849999999998545, 5943518.325000000186265 ], [ 43736.849999999998545, 5943518.400000000372529 ], [ 43736.92500000000291, 5943518.400000000372529 ], [ 43736.92500000000291, 5943518.474999999627471 ], [ 43737.0, 5943518.474999999627471 ], [ 43737.0, 5943518.549999999813735 ], [ 43737.07499999999709, 5943518.549999999813735 ], [ 43737.07499999999709, 5943518.700000000186265 ], [ 43737.150000000001455, 5943518.700000000186265 ], [ 43737.150000000001455, 5943518.775000000372529 ], [ 43737.224999999998545, 5943518.775000000372529 ], [ 43737.224999999998545, 5943518.924999999813735 ], [ 43737.30000000000291, 5943518.924999999813735 ], [ 43737.30000000000291, 5943519.0 ], [ 43737.375, 5943519.0 ], [ 43737.375, 5943519.150000000372529 ], [ 43737.44999999999709, 5943519.150000000372529 ], [ 43737.44999999999709, 5943519.299999999813735 ], [ 43737.525000000001455, 5943519.299999999813735 ], [ 43737.525000000001455, 5943519.525000000372529 ], [ 43737.599999999998545, 5943519.525000000372529 ], [ 43737.599999999998545, 5943519.674999999813735 ], [ 43737.67500000000291, 5943519.674999999813735 ], [ 43737.67500000000291, 5943519.900000000372529 ], [ 43737.75, 5943519.900000000372529 ], [ 43737.75, 5943520.049999999813735 ], [ 43737.82499999999709, 5943520.049999999813735 ], [ 43737.82499999999709, 5943520.275000000372529 ], [ 43737.900000000001455, 5943520.275000000372529 ], [ 43737.900000000001455, 5943520.5 ], [ 43737.974999999998545, 5943520.5 ], [ 43737.974999999998545, 5943520.650000000372529 ], [ 43738.05000000000291, 5943520.650000000372529 ], [ 43738.05000000000291, 5943520.875 ], [ 43738.125, 5943520.875 ], [ 43738.125, 5943521.099999999627471 ], [ 43738.19999999999709, 5943521.099999999627471 ], [ 43738.19999999999709, 5943521.325000000186265 ], [ 43738.275000000001455, 5943521.325000000186265 ], [ 43738.275000000001455, 5943521.474999999627471 ], [ 43738.349999999998545, 5943521.474999999627471 ], [ 43738.349999999998545, 5943521.700000000186265 ], [ 43738.42500000000291, 5943521.700000000186265 ], [ 43738.42500000000291, 5943521.849999999627471 ], [ 43738.5, 5943521.849999999627471 ], [ 43738.5, 5943522.0 ], [ 43738.57499999999709, 5943522.0 ], [ 43738.57499999999709, 5943522.075000000186265 ], [ 43738.650000000001455, 5943522.075000000186265 ], [ 43738.650000000001455, 5943522.224999999627471 ], [ 43738.724999999998545, 5943522.224999999627471 ], [ 43738.724999999998545, 5943522.375 ], [ 43738.80000000000291, 5943522.375 ], [ 43738.80000000000291, 5943522.525000000372529 ], [ 43738.875, 5943522.525000000372529 ], [ 43738.875, 5943522.674999999813735 ], [ 43738.94999999999709, 5943522.674999999813735 ], [ 43738.94999999999709, 5943522.825000000186265 ], [ 43739.025000000001455, 5943522.825000000186265 ], [ 43739.025000000001455, 5943523.049999999813735 ], [ 43739.099999999998545, 5943523.049999999813735 ], [ 43739.099999999998545, 5943523.200000000186265 ], [ 43739.17500000000291, 5943523.200000000186265 ], [ 43739.17500000000291, 5943523.424999999813735 ], [ 43739.25, 5943523.424999999813735 ], [ 43739.25, 5943523.724999999627471 ], [ 43739.32499999999709, 5943523.724999999627471 ], [ 43739.32499999999709, 5943524.025000000372529 ], [ 43739.400000000001455, 5943524.025000000372529 ], [ 43739.400000000001455, 5943524.400000000372529 ], [ 43739.474999999998545, 5943524.400000000372529 ], [ 43739.474999999998545, 5943524.700000000186265 ], [ 43739.55000000000291, 5943524.700000000186265 ], [ 43739.55000000000291, 5943525.150000000372529 ], [ 43739.625, 5943525.150000000372529 ], [ 43739.625, 5943525.674999999813735 ], [ 43739.69999999999709, 5943525.674999999813735 ], [ 43739.69999999999709, 5943526.349999999627471 ], [ 43739.775000000001455, 5943526.349999999627471 ], [ 43739.775000000001455, 5943527.025000000372529 ], [ 43739.849999999998545, 5943527.025000000372529 ], [ 43739.849999999998545, 5943528.525000000372529 ], [ 43739.92500000000291, 5943528.525000000372529 ], [ 43739.92500000000291, 5943534.299999999813735 ], [ 43740.0, 5943534.299999999813735 ], [ 43740.0, 5943535.200000000186265 ], [ 43739.92500000000291, 5943535.200000000186265 ], [ 43739.92500000000291, 5943535.575000000186265 ], [ 43739.849999999998545, 5943535.575000000186265 ], [ 43739.849999999998545, 5943536.025000000372529 ], [ 43739.775000000001455, 5943536.025000000372529 ], [ 43739.775000000001455, 5943536.474999999627471 ], [ 43739.69999999999709, 5943536.474999999627471 ], [ 43739.69999999999709, 5943536.924999999813735 ], [ 43739.625, 5943536.924999999813735 ], [ 43739.625, 5943537.150000000372529 ], [ 43739.55000000000291, 5943537.150000000372529 ], [ 43739.55000000000291, 5943537.375 ], [ 43739.474999999998545, 5943537.375 ], [ 43739.474999999998545, 5943537.525000000372529 ], [ 43739.400000000001455, 5943537.525000000372529 ], [ 43739.400000000001455, 5943537.674999999813735 ], [ 43739.32499999999709, 5943537.674999999813735 ], [ 43739.32499999999709, 5943537.825000000186265 ], [ 43739.25, 5943537.825000000186265 ], [ 43739.25, 5943537.900000000372529 ], [ 43739.17500000000291, 5943537.900000000372529 ], [ 43739.17500000000291, 5943538.049999999813735 ], [ 43739.099999999998545, 5943538.049999999813735 ], [ 43739.099999999998545, 5943538.125 ], [ 43739.025000000001455, 5943538.125 ], [ 43739.025000000001455, 5943538.275000000372529 ], [ 43738.94999999999709, 5943538.275000000372529 ], [ 43738.94999999999709, 5943538.349999999627471 ], [ 43738.875, 5943538.349999999627471 ], [ 43738.875, 5943538.5 ], [ 43738.80000000000291, 5943538.5 ], [ 43738.80000000000291, 5943538.575000000186265 ], [ 43738.724999999998545, 5943538.575000000186265 ], [ 43738.724999999998545, 5943538.650000000372529 ], [ 43738.650000000001455, 5943538.650000000372529 ], [ 43738.650000000001455, 5943538.724999999627471 ], [ 43738.57499999999709, 5943538.724999999627471 ], [ 43738.57499999999709, 5943538.799999999813735 ], [ 43738.5, 5943538.799999999813735 ], [ 43738.5, 5943538.950000000186265 ], [ 43738.42500000000291, 5943538.950000000186265 ], [ 43738.42500000000291, 5943539.025000000372529 ], [ 43738.349999999998545, 5943539.025000000372529 ], [ 43738.349999999998545, 5943539.099999999627471 ], [ 43738.275000000001455, 5943539.099999999627471 ], [ 43738.275000000001455, 5943539.174999999813735 ], [ 43738.19999999999709, 5943539.174999999813735 ], [ 43738.19999999999709, 5943539.25 ], [ 43738.125, 5943539.25 ], [ 43738.125, 5943539.325000000186265 ], [ 43738.05000000000291, 5943539.325000000186265 ], [ 43738.05000000000291, 5943539.474999999627471 ], [ 43737.974999999998545, 5943539.474999999627471 ], [ 43737.974999999998545, 5943539.549999999813735 ], [ 43737.900000000001455, 5943539.549999999813735 ], [ 43737.900000000001455, 5943539.625 ], [ 43737.75, 5943539.625 ], [ 43737.75, 5943539.700000000186265 ], [ 43737.67500000000291, 5943539.700000000186265 ], [ 43737.67500000000291, 5943539.775000000372529 ], [ 43737.599999999998545, 5943539.775000000372529 ], [ 43737.599999999998545, 5943539.849999999627471 ], [ 43737.525000000001455, 5943539.849999999627471 ], [ 43737.525000000001455, 5943539.924999999813735 ], [ 43737.44999999999709, 5943539.924999999813735 ], [ 43737.44999999999709, 5943540.0 ], [ 43737.375, 5943540.0 ], [ 43737.375, 5943540.075000000186265 ], [ 43737.224999999998545, 5943540.075000000186265 ], [ 43737.224999999998545, 5943540.150000000372529 ], [ 43737.150000000001455, 5943540.150000000372529 ], [ 43737.150000000001455, 5943540.224999999627471 ], [ 43737.07499999999709, 5943540.224999999627471 ], [ 43737.07499999999709, 5943540.299999999813735 ], [ 43736.92500000000291, 5943540.299999999813735 ], [ 43736.92500000000291, 5943540.375 ], [ 43736.849999999998545, 5943540.375 ], [ 43736.849999999998545, 5943540.450000000186265 ], [ 43736.69999999999709, 5943540.450000000186265 ], [ 43736.69999999999709, 5943540.525000000372529 ], [ 43736.625, 5943540.525000000372529 ], [ 43736.625, 5943540.599999999627471 ], [ 43736.474999999998545, 5943540.599999999627471 ], [ 43736.474999999998545, 5943540.674999999813735 ], [ 43736.400000000001455, 5943540.674999999813735 ], [ 43736.400000000001455, 5943540.75 ], [ 43736.32499999999709, 5943540.75 ], [ 43736.32499999999709, 5943540.825000000186265 ], [ 43736.25, 5943540.825000000186265 ], [ 43736.25, 5943540.900000000372529 ], [ 43736.17500000000291, 5943540.900000000372529 ], [ 43736.17500000000291, 5943540.974999999627471 ], [ 43736.099999999998545, 5943540.974999999627471 ], [ 43736.099999999998545, 5943541.049999999813735 ], [ 43736.025000000001455, 5943541.049999999813735 ], [ 43736.025000000001455, 5943541.125 ], [ 43735.94999999999709, 5943541.125 ], [ 43735.94999999999709, 5943541.200000000186265 ], [ 43735.80000000000291, 5943541.200000000186265 ], [ 43735.80000000000291, 5943541.275000000372529 ], [ 43735.724999999998545, 5943541.275000000372529 ], [ 43735.724999999998545, 5943541.349999999627471 ], [ 43735.650000000001455, 5943541.349999999627471 ], [ 43735.650000000001455, 5943541.424999999813735 ], [ 43735.5, 5943541.424999999813735 ], [ 43735.5, 5943541.5 ], [ 43735.349999999998545, 5943541.5 ], [ 43735.349999999998545, 5943541.575000000186265 ], [ 43735.275000000001455, 5943541.575000000186265 ], [ 43735.275000000001455, 5943541.650000000372529 ], [ 43735.125, 5943541.650000000372529 ], [ 43735.125, 5943541.724999999627471 ], [ 43734.900000000001455, 5943541.724999999627471 ], [ 43734.900000000001455, 5943541.799999999813735 ], [ 43734.75, 5943541.799999999813735 ], [ 43734.75, 5943541.875 ], [ 43732.57499999999709, 5943541.875 ] ] ] } },
{ "type": "Feature", "properties": { "value": 1.0, "building_id": 9, "area": 281.16000000005727 }, "geometry": { "type": "Polygon", "coordinates": [ [ [ 43945.349999999998545, 5943525.150000000372529 ], [ 43945.349999999998545, 5943525.075000000186265 ], [ 43944.525000000001455, 5943525.075000000186265 ], [ 43944.525000000001455, 5943525.0 ], [ 43943.69999999999709, 5943525.0 ], [ 43943.69999999999709, 5943524.924999999813735 ], [ 43943.474999999998545, 5943524.924999999813735 ], [ 43943.474999999998545, 5943524.849999999627471 ], [ 43943.32499999999709, 5943524.849999999627471 ], [ 43943.32499999999709, 5943524.775000000372529 ], [ 43943.099999999998545, 5943524.775000000372529 ], [ 43943.099999999998545, 5943524.700000000186265 ], [ 43942.94999999999709, 5943524.700000000186265 ], [ 43942.94999999999709, 5943524.625 ], [ 43942.724999999998545, 5943524.625 ], [ 43942.724999999998545, 5943524.549999999813735 ], [ 43942.57499999999709, 5943524.549999999813735 ], [ 43942.57499999999709, 5943524.474999999627471 ], [ 43942.42500000000291, 5943524.474999999627471 ], [ 43942.42500000000291, 5943524.400000000372529 ], [ 43942.275000000001455, 5943524.400000000372529 ], [ 43942.275000000001455, 5943524.325000000186265 ], [ 43942.125, 5943524.325000000186265 ], [ 43942.125, 5943524.25 ], [ 43941.974999999998545, 5943524.25 ], [ 43941.974999999998545, 5943524.174999999813735 ], [ 43941.82499999999709, 5943524.174999999813735 ], [ 43941.82499999999709, 5943524.099999999627471 ], [ 43941.75, 5943524.099999999627471 ], [ 43941.75, 5943524.025000000372529 ], [ 43941.599999999998545, 5943524.025000000372529 ], [ 43941.599999999998545, 5943523.950000000186265 ], [ 43941.44999999999709, 5943523.950000000186265 ], [ 43941.44999999999709, 5943523.875 ], [ 43941.375, 5943523.875 ], [ 43941.375, 5943523.799999999813735 ], [ 43941.224999999998545, 5943523.799999999813735 ], [ 43941.224999999998545, 5943523.724999999627471 ], [ 43941.150000000001455, 5943523.724999999627471 ], [ 43941.150000000001455, 5943523.650000000372529 ], [ 43941.07499999999709, 5943523.650000000372529 ], [ 43941.07499999999709, 5943523.575000000186265 ], [ 43941.0, 5943523.575000000186265 ], [ 43941.0, 5943523.5 ], [ 43940.92500000000291, 5943523.5 ], [ 43940.92500000000291, 5943523.424999999813735 ], [ 43940.775000000001455, 5943523.424999999813735 ], [ 43940.775000000001455, 5943523.349999999627471 ], [ 43940.69999999999709, 5943523.349999999627471 ], [ 43940.69999999999709, 5943523.275000000372529 ], [ 43940.625, 5943523.275000000372529 ], [ 43940.625, 5943523.200000000186265 ], [ 43940.55000000000291, 5943523.200000000186265 ], [ 43940.55000000000291, 5943523.125 ], [ 43940.474999999998545, 5943523.125 ], [ 43940.474999999998545, 5943523.049999999813735 ], [ 43940.400000000001455, 5943523.049999999813735 ], [ 43940.400000000001455, 5943522.974999999627471 ], [ 43940.32499999999709, 5943522.974999999627471 ], [ 43940.32499999999709, 5943522.900000000372529 ], [ 43940.25, 5943522.900000000372529 ], [ 43940.25, 5943522.825000000186265 ], [ 43940.099999999998545, 5943522.825000000186265 ], [ 43940.099999999998545, 5943522.75 ], [ 43940.025000000001455, 5943522.75 ], [ 43940.025000000001455, 5943522.674999999813735 ], [ 43939.94999999999709, 5943522.674999999813735 ], [ 43939.94999999999709, 5943522.599999999627471 ], [ 43939.875, 5943522.599999999627471 ], [ 43939.875, 5943522.525000000372529 ], [ 43939.80000000000291, 5943522.525000000372529 ], [ 43939.80000000000291, 5943522.375 ], [ 43939.724999999998545, 5943522.375 ], [ 43939.724999999998545, 5943522.299999999813735 ], [ 43939.650000000001455, 5943522.299999999813735 ], [ 43939.650000000001455, 5943522.150000000372529 ], [ 43939.57499999999709, 5943522.150000000372529 ], [ 43939.57499999999709, 5943522.0 ], [ 43939.5, 5943522.0 ], [ 43939.5, 5943521.849999999627471 ], [ 43939.42500000000291, 5943521.849999999627471 ], [ 43939.42500000000291, 5943521.625 ], [ 43939.349999999998545, 5943521.625 ], [ 43939.349999999998545, 5943521.400000000372529 ], [ 43939.275000000001455, 5943521.400000000372529 ], [ 43939.275000000001455, 5943521.325000000186265 ], [ 43939.19999999999709, 5943521.325000000186265 ], [ 43939.19999999999709, 5943521.174999999813735 ], [ 43939.125, 5943521.174999999813735 ], [ 43939.125, 5943521.099999999627471 ], [ 43939.05000000000291, 5943521.099999999627471 ], [ 43939.05000000000291, 5943520.950000000186265 ], [ 43938.974999999998545, 5943520.950000000186265 ], [ 43938.974999999998545, 5943520.875 ], [ 43938.900000000001455, 5943520.875 ], [ 43938.900000000001455, 5943520.724999999627471 ], [ 43938.82499999999709, 5943520.724999999627471 ], [ 43938.82499999999709, 5943520.650000000372529 ], [ 43938.75, 5943520.650000000372529 ], [ 43938.75, 5943520.5 ], [ 43938.67500000000291, 5943520.5 ], [ 43938.67500000000291, 5943520.424999999813735 ], [ 43938.599999999998545, 5943520.424999999813735 ], [ 43938.599999999998545, 5943520.349999999627471 ], [ 43938.525000000001455, 5943520.349999999627471 ], [ 43938.525000000001455, 5943520.200000000186265 ], [ 43938.44999999999709, 5943520.200000000186265 ], [ 43938.44999999999709, 5943520.125 ], [ 43938.375, 5943520.125 ], [ 43938.375, 5943519.974999999627471 ], [ 43938.30000000000291, 5943519.974999999627471 ], [ 43938.30000000000291, 5943519.900000000372529 ], [ 43938.224999999998545, 5943519.900000000372529 ], [ 43938.224999999998545, 5943519.825000000186265 ], [ 43938.150000000001455, 5943519.825000000186265 ], [ 43938.150000000001455, 5943519.674999999813735 ], [ 43938.07499999999709, 5943519.674999999813735 ], [ 43938.07499999999709, 5943519.599999999627471 ], [ 43938.0, 5943519.599999999627471 ], [ 43938.0, 5943519.525000000372529 ], [ 43937.92500000000291, 5943519.525000000372529 ], [ 43937.92500000000291, 5943519.450000000186265 ], [ 43937.849999999998545, 5943519.450000000186265 ], [ 43937.849999999998545, 5943519.375 ], [ 43937.69999999999709, 5943519.375 ], [ 43937.69999999999709, 5943519.299999999813735 ], [ 43937.55000000000291, 5943519.299999999813735 ], [ 43937.55000000000291, 5943519.224999999627471 ], [ 43937.400000000001455, 5943519.224999999627471 ], [ 43937.400000000001455, 5943519.150000000372529 ], [ 43937.25, 5943519.150000000372529 ], [ 43937.25, 5943519.075000000186265 ], [ 43937.099999999998545, 5943519.075000000186265 ], [ 43937.099999999998545, 5943519.0 ], [ 43936.875, 5943519.0 ], [ 43936.875, 5943518.924999999813735 ], [ 43936.724999999998545, 5943518.924999999813735 ], [ 43936.724999999998545, 5943518.849999999627471 ], [ 43936.5, 5943518.849999999627471 ], [ 43936.5, 5943518.775000000372529 ], [ 43936.275000000001455, 5943518.775000000372529 ], [ 43936.275000000001455, 5943518.700000000186265 ], [ 43936.05000000000291, 5943518.700000000186265 ], [ 43936.05000000000291, 5943518.625 ], [ 43935.67500000000291, 5943518.625 ], [ 43935.67500000000291, 5943518.549999999813735 ], [ 43935.0, 5943518.549999999813735 ], [ 43935.0, 5943518.474999999627471 ], [ 43934.474999999998545, 5943518.474999999627471 ], [ 43934.474999999998545, 5943518.400000000372529 ], [ 43934.025000000001455, 5943518.400000000372529 ], [ 43934.025000000001455, 5943518.325000000186265 ], [ 43933.875, 5943518.325000000186265 ], [ 43933.875, 5943518.25 ], [ 43933.724999999998545, 5943518.25 ], [ 43933.724999999998545, 5943518.174999999813735 ], [ 43933.650000000001455, 5943518.174999999813735 ], [ 43933.650000000001455, 5943518.099999999627471 ], [ 43933.57499999999709, 5943518.099999999627471 ], [ 43933.57499999999709, 5943518.025000000372529 ], [ 43933.5, 5943518.025000000372529 ], [ 43933.5, 5943517.950000000186265 ], [ 43933.42500000000291, 5943517.950000000186265 ], [ 43933.42500000000291, 5943517.875 ], [ 43933.349999999998545, 5943517.875 ], [ 43933.349999999998545, 5943517.799999999813735 ], [ 43933.275000000001455, 5943517.799999999813735 ], [ 43933.275000000001455, 5943517.724999999627471 ], [ 43933.19999999999709, 5943517.724999999627471 ], [ 43933.19999999999709, 5943517.575000000186265 ], [ 43933.125, 5943517.575000000186265 ], [ 43933.125, 5943517.5 ], [ 43933.05000000000291, 5943517.5 ], [ 43933.05000000000291, 5943517.349999999627471 ], [ 43932.974999999998545, 5943517.349999999627471 ], [ 43932.974999999998545, 5943517.275000000372529 ], [ 43932.900000000001455, 5943517.275000000372529 ], [ 43932.900000000001455, 5943517.125 ], [ 43932.82499999999709, 5943517.125 ], [ 43932.82499999999709, 5943517.049999999813735 ], [ 43932.75, 5943517.049999999813735 ], [ 43932.75, 5943516.900000000372529 ], [ 43932.67500000000291, 5943516.900000000372529 ], [ 43932.67500000000291, 5943516.75 ], [ 43932.599999999998545, 5943516.75 ], [ 43932.599999999998545, 5943516.674999999813735 ], [ 43932.525000000001455, 5943516.674999999813735 ], [ 43932.525000000001455, 5943516.525000000372529 ], [ 43932.44999999999709, 5943516.525000000372529 ], [ 43932.44999999999709, 5943516.375 ], [ 43932.375, 5943516.375 ], [ 43932.375, 5943516.150000000372529 ], [ 43932.30000000000291, 5943516.150000000372529 ], [ 43932.30000000000291, 5943516.0 ], [ 43932.224999999998545, 5943516.0 ], [ 43932.224999999998545, 5943515.849999999627471 ], [ 43932.150000000001455, 5943515.849999999627471 ], [ 43932.150000000001455, 5943515.625 ], [ 43932.07499999999709, 5943515.625 ], [ 43932.07499999999709, 5943515.474999999627471 ], [ 43932.0, 5943515.474999999627471 ], [ 43932.0, 5943515.325000000186265 ], [ 43931.92500000000291, 5943515.325000000186265 ], [ 43931.92500000000291, 5943515.099999999627471 ], [ 43931.849999999998545, 5943515.099999999627471 ], [ 43931.849999999998545, 5943514.950000000186265 ], [ 43931.775000000001455, 5943514.950000000186265 ], [ 43931.775000000001455, 5943514.724999999627471 ], [ 43931.69999999999709, 5943514.724999999627471 ], [ 43931.69999999999709, 5943514.5 ], [ 43931.625, 5943514.5 ], [ 43931.625, 5943514.200000000186265 ], [ 43931.55000000000291, 5943514.200000000186265 ], [ 43931.55000000000291, 5943513.900000000372529 ], [ 43931.474999999998545, 5943513.900000000372529 ], [ 43931.474999999998545, 5943513.599999999627471 ], [ 43931.400000000001455, 5943513.599999999627471 ], [ 43931.400000000001455, 5943513.525000000372529 ], [ 43931.474999999998545, 5943513.525000000372529 ], [ 43931.474999999998545, 5943513.150000000372529 ], [ 43931.55000000000291, 5943513.150000000372529 ], [ 43931.55000000000291, 5943512.775000000372529 ], [ 43931.625, 5943512.775000000372529 ], [ 43931.625, 5943512.400000000372529 ], [ 43931.69999999999709, 5943512.400000000372529 ], [ 43931.69999999999709, 5943512.025000000372529 ], [ 43931.775000000001455, 5943512.025000000372529 ], [ 43931.775000000001455, 5943511.724999999627471 ], [ 43931.849999999998545, 5943511.724999999627471 ], [ 43931.849999999998545, 5943511.575000000186265 ], [ 43931.92500000000291, 5943511.575000000186265 ], [ 43931.92500000000291, 5943511.424999999813735 ], [ 43932.0, 5943511.424999999813735 ], [ 43932.0, 5943511.349999999627471 ], [ 43932.07499999999709, 5943511.349999999627471 ], [ 43932.07499999999709, 5943511.275000000372529 ], [ 43932.150000000001455, 5943511.275000000372529 ], [ 43932.150000000001455, 5943511.200000000186265 ], [ 43932.224999999998545, 5943511.200000000186265 ], [ 43932.224999999998545, 5943511.049999999813735 ], [ 43932.30000000000291, 5943511.049999999813735 ], [ 43932.30000000000291, 5943510.974999999627471 ], [ 43932.375, 5943510.974999999627471 ], [ 43932.375, 5943510.900000000372529 ], [ 43932.44999999999709, 5943510.900000000372529 ], [ 43932.44999999999709, 5943510.825000000186265 ], [ 43932.525000000001455, 5943510.825000000186265 ], [ 43932.525000000001455, 5943510.75 ], [ 43932.599999999998545, 5943510.75 ], [ 43932.599999999998545, 5943510.674999999813735 ], [ 43932.67500000000291, 5943510.674999999813735 ], [ 43932.67500000000291, 5943510.525000000372529 ], [ 43932.75, 5943510.525000000372529 ], [ 43932.75, 5943510.450000000186265 ], [ 43932.82499999999709, 5943510.450000000186265 ], [ 43932.82499999999709, 5943510.375 ], [ 43932.900000000001455, 5943510.375 ], [ 43932.900000000001455, 5943510.299999999813735 ], [ 43932.974999999998545, 5943510.299999999813735 ], [ 43932.974999999998545, 5943510.224999999627471 ], [ 43933.05000000000291, 5943510.224999999627471 ], [ 43933.05000000000291, 5943510.075000000186265 ], [ 43933.125, 5943510.075000000186265 ], [ 43933.125, 5943510.0 ], [ 43933.19999999999709, 5943510.0 ], [ 43933.19999999999709, 5943509.924999999813735 ], [ 43933.275000000001455, 5943509.924999999813735 ], [ 43933.275000000001455, 5943509.849999999627471 ], [ 43933.349999999998545, 5943509.849999999627471 ], [ 43933.349999999998545, 5943509.700000000186265 ], [ 43933.42500000000291, 5943509.700000000186265 ], [ 43933.42500000000291, 5943509.625 ], [ 43933.5, 5943509.625 ], [ 43933.5, 5943509.549999999813735 ], [ 43933.57499999999709, 5943509.549999999813735 ], [ 43933.57499999999709, 5943509.474999999627471 ], [ 43933.650000000001455, 5943509.474999999627471 ], [ 43933.650000000001455, 5943509.400000000372529 ], [ 43933.724999999998545, 5943509.400000000372529 ], [ 43933.724999999998545, 5943509.325000000186265 ], [ 43933.875, 5943509.325000000186265 ], [ 43933.875, 5943509.25 ], [ 43933.94999999999709, 5943509.25 ], [ 43933.94999999999709, 5943509.174999999813735 ], [ 43934.099999999998545, 5943509.174999999813735 ], [ 43934.099999999998545, 5943509.099999999627471 ], [ 43934.25, 5943509.099999999627471 ], [ 43934.25, 5943509.025000000372529 ], [ 43934.32499999999709, 5943509.025000000372529 ], [ 43934.32499999999709, 5943508.950000000186265 ], [ 43934.474999999998545, 5943508.950000000186265 ], [ 43934.474999999998545, 5943508.875 ], [ 43934.625, 5943508.875 ], [ 43934.625, 5943508.799999999813735 ], [ 43934.849999999998545, 5943508.799999999813735 ], [ 43934.849999999998545, 5943508.724999999627471 ], [ 43935.0, 5943508.724999999627471 ], [ 43935.0, 5943508.650000000372529 ], [ 43935.150000000001455, 5943508.650000000372529 ], [ 43935.150000000001455, 5943508.575000000186265 ], [ 43935.375, 5943508.575000000186265 ], [ 43935.375, 5943508.5 ], [ 43935.525000000001455, 5943508.5 ], [ 43935.525000000001455, 5943508.424999999813735 ], [ 43935.75, 5943508.424999999813735 ], [ 43935.75, 5943508.349999999627471 ], [ 43935.974999999998545, 5943508.349999999627471 ], [ 43935.974999999998545, 5943508.275000000372529 ], [ 43936.19999999999709, 5943508.275000000372529 ], [ 43936.19999999999709, 5943508.200000000186265 ], [ 43936.5, 5943508.200000000186265 ], [ 43936.5, 5943508.125 ], [ 43936.724999999998545, 5943508.125 ], [ 43936.724999999998545, 5943508.049999999813735 ], [ 43936.94999999999709, 5943508.049999999813735 ], [ 43936.94999999999709, 5943507.974999999627471 ], [ 43937.099999999998545, 5943507.974999999627471 ], [ 43937.099999999998545, 5943507.900000000372529 ], [ 43937.32499999999709, 5943507.900000000372529 ], [ 43937.32499999999709, 5943507.825000000186265 ], [ 43937.474999999998545, 5943507.825000000186265 ], [ 43937.474999999998545, 5943507.75 ], [ 43937.69999999999709, 5943507.75 ], [ 43937.69999999999709, 5943507.674999999813735 ], [ 43937.849999999998545, 5943507.674999999813735 ], [ 43937.849999999998545, 5943507.599999999627471 ], [ 43938.07499999999709, 5943507.599999999627471 ], [ 43938.07499999999709, 5943507.525000000372529 ], [ 43938.30000000000291, 5943507.525000000372529 ], [ 43938.30000000000291, 5943507.450000000186265 ], [ 43938.599999999998545, 5943507.450000000186265 ], [ 43938.599999999998545, 5943507.375 ], [ 43938.82499999999709, 5943507.375 ], [ 43938.82499999999709, 5943507.299999999813735 ], [ 43939.125, 5943507.299999999813735 ], [ 43939.125, 5943507.224999999627471 ], [ 43939.42500000000291, 5943507.224999999627471 ], [ 43939.42500000000291, 5943507.150000000372529 ], [ 43939.80000000000291, 5943507.150000000372529 ], [ 43939.80000000000291, 5943507.075000000186265 ], [ 43940.17500000000291, 5943507.075000000186265 ], [ 43940.17500000000291, 5943507.0 ], [ 43940.55000000000291, 5943507.0 ], [ 43940.55000000000291, 5943506.924999999813735 ], [ 43940.92500000000291, 5943506.924999999813735 ], [ 43940.92500000000291, 5943506.849999999627471 ], [ 43941.30000000000291, 5943506.849999999627471 ], [ 43941.30000000000291, 5943506.775000000372529 ], [ 43941.67500000000291, 5943506.775000000372529 ], [ 43941.67500000000291, 5943506.700000000186265 ], [ 43942.05000000000291, 5943506.700000000186265 ], [ 43942.05000000000291, 5943506.625 ], [ 43942.349999999998545, 5943506.625 ], [ 43942.349999999998545, 5943506.549999999813735 ], [ 43942.650000000001455, 5943506.549999999813735 ], [ 43942.650000000001455, 5943506.474999999627471 ], [ 43942.94999999999709, 5943506.474999999627471 ], [ 43942.94999999999709, 5943506.400000000372529 ], [ 43943.25, 5943506.400000000372529 ], [ 43943.25, 5943506.325000000186265 ], [ 43943.474999999998545, 5943506.325000000186265 ], [ 43943.474999999998545, 5943506.25 ], [ 43943.775000000001455, 5943506.25 ], [ 43943.775000000001455, 5943506.174999999813735 ], [ 43944.525000000001455, 5943506.174999999813735 ], [ 43944.525000000001455, 5943506.099999999627471 ], [ 43945.125, 5943506.099999999627471 ], [ 43945.125, 5943506.025000000372529 ], [ 43946.025000000001455, 5943506.025000000372529 ], [ 43946.025000000001455, 5943506.099999999627471 ], [ 43946.32499999999709, 5943506.099999999627471 ], [ 43946.32499999999709, 5943506.174999999813735 ], [ 43946.625, 5943506.174999999813735 ], [ 43946.625, 5943506.25 ], [ 43946.92500000000291, 5943506.25 ], [ 43946.92500000000291, 5943506.325000000186265 ], [ 43947.224999999998545, 5943506.325000000186265 ], [ 43947.224999999998545, 5943506.400000000372529 ], [ 43947.525000000001455, 5943506.400000000372529 ], [ 43947.525000000001455, 5943506.474999999627471 ], [ 43947.75, 5943506.474999999627471 ], [ 43947.75, 5943506.549999999813735 ], [ 43947.974999999998545, 5943506.549999999813735 ], [ 43947.974999999998545, 5943506.625 ], [ 43948.125, 5943506.625 ], [ 43948.125, 5943506.700000000186265 ], [ 43948.349999999998545, 5943506.700000000186265 ], [ 43948.349999999998545, 5943506.775000000372529 ], [ 43948.5, 5943506.775000000372529 ], [ 43948.5, 5943506.849999999627471 ], [ 43948.650000000001455, 5943506.849999999627471 ], [ 43948.650000000001455, 5943506.924999999813735 ], [ 43948.80000000000291, 5943506.924999999813735 ], [ 43948.80000000000291, 5943507.0 ], [ 43948.94999999999709, 5943507.0 ], [ 43948.94999999999709, 5943507.075000000186265 ], [ 43949.099999999998545, 5943507.075000000186265 ], [ 43949.099999999998545, 5943507.150000000372529 ], [ 43949.17500000000291, 5943507.150000000372529 ], [ 43949.17500000000291, 5943507.224999999627471 ], [ 43949.32499999999709, 5943507.224999999627471 ], [ 43949.32499999999709, 5943507.299999999813735 ], [ 43949.400000000001455, 5943507.299999999813735 ], [ 43949.400000000001455, 5943507.375 ], [ 43949.55000000000291, 5943507.375 ], [ 43949.55000000000291, 5943507.450000000186265 ], [ 43949.625, 5943507.450000000186265 ], [ 43949.625, 5943507.525000000372529 ], [ 43949.69999999999709, 5943507.525000000372529 ], [ 43949.69999999999709, 5943507.599999999627471 ], [ 43949.775000000001455, 5943507.599999999627471 ], [ 43949.775000000001455, 5943507.674999999813735 ], [ 43949.849999999998545, 5943507.674999999813735 ], [ 43949.849999999998545, 5943507.75 ], [ 43949.92500000000291, 5943507.75 ], [ 43949.92500000000291, 5943507.825000000186265 ], [ 43950.0, 5943507.825000000186265 ], [ 43950.0, 5943507.900000000372529 ], [ 43950.07499999999709, 5943507.900000000372529 ], [ 43950.07499999999709, 5943507.974999999627471 ], [ 43950.150000000001455, 5943507.974999999627471 ], [ 43950.150000000001455, 5943508.049999999813735 ], [ 43950.224999999998545, 5943508.049999999813735 ], [ 43950.224999999998545, 5943508.125 ], [ 43950.30000000000291, 5943508.125 ], [ 43950.30000000000291, 5943508.275000000372529 ], [ 43950.375, 5943508.275000000372529 ], [ 43950.375, 5943508.349999999627471 ], [ 43950.44999999999709, 5943508.349999999627471 ], [ 43950.44999999999709, 5943508.424999999813735 ], [ 43950.525000000001455, 5943508.424999999813735 ], [ 43950.525000000001455, 5943508.575000000186265 ], [ 43950.599999999998545, 5943508.575000000186265 ], [ 43950.599999999998545, 5943508.724999999627471 ], [ 43950.67500000000291, 5943508.724999999627471 ], [ 43950.67500000000291, 5943508.799999999813735 ], [ 43950.75, 5943508.799999999813735 ], [ 43950.75, 5943508.950000000186265 ], [ 43950.82499999999709, 5943508.950000000186265 ], [ 43950.82499999999709, 5943509.099999999627471 ], [ 43950.900000000001455, 5943509.099999999627471 ], [ 43950.900000000001455, 5943509.25 ], [ 43950.974999999998545, 5943509.25 ], [ 43950.974999999998545, 5943509.400000000372529 ], [ 43951.05000000000291, 5943509.400000000372529 ], [ 43951.05000000000291, 5943509.549999999813735 ], [ 43951.125, 5943509.549999999813735 ], [ 43951.125, 5943509.775000000372529 ], [ 43951.19999999999709, 5943509.775000000372529 ], [ 43951.19999999999709, 5943509.924999999813735 ], [ 43951.275000000001455, 5943509.924999999813735 ], [ 43951.275000000001455, 5943510.150000000372529 ], [ 43951.349999999998545, 5943510.150000000372529 ], [ 43951.349999999998545, 5943510.299999999813735 ], [ 43951.42500000000291, 5943510.299999999813735 ], [ 43951.42500000000291, 5943510.525000000372529 ], [ 43951.5, 5943510.525000000372529 ], [ 43951.5, 5943510.75 ], [ 43951.57499999999709, 5943510.75 ], [ 43951.57499999999709, 5943510.974999999627471 ], [ 43951.650000000001455, 5943510.974999999627471 ], [ 43951.650000000001455, 5943511.200000000186265 ], [ 43951.724999999998545, 5943511.200000000186265 ], [ 43951.724999999998545, 5943511.424999999813735 ], [ 43951.80000000000291, 5943511.424999999813735 ], [ 43951.80000000000291, 5943511.950000000186265 ], [ 43951.875, 5943511.950000000186265 ], [ 43951.875, 5943513.075000000186265 ], [ 43951.94999999999709, 5943513.075000000186265 ], [ 43951.94999999999709, 5943513.900000000372529 ], [ 43951.875, 5943513.900000000372529 ], [ 43951.875, 5943514.5 ], [ 43951.80000000000291, 5943514.5 ], [ 43951.80000000000291, 5943515.025000000372529 ], [ 43951.724999999998545, 5943515.025000000372529 ], [ 43951.724999999998545, 5943515.549999999813735 ], [ 43951.650000000001455, 5943515.549999999813735 ], [ 43951.650000000001455, 5943515.924999999813735 ], [ 43951.57499999999709, 5943515.924999999813735 ], [ 43951.57499999999709, 5943516.375 ], [ 43951.5, 5943516.375 ], [ 43951.5, 5943516.825000000186265 ], [ 43951.42500000000291, 5943516.825000000186265 ], [ 43951.42500000000291, 5943517.349999999627471 ], [ 43951.349999999998545, 5943517.349999999627471 ], [ 43951.349999999998545, 5943517.799999999813735 ], [ 43951.275000000001455, 5943517.799999999813735 ], [ 43951.275000000001455, 5943518.325000000186265 ], [ 43951.19999999999709, 5943518.325000000186265 ], [ 43951.19999999999709, 5943518.849999999627471 ], [ 43951.125, 5943518.849999999627471 ], [ 43951.125, 5943519.375 ], [ 43951.05000000000291, 5943519.375 ], [ 43951.05000000000291, 5943519.75 ], [ 43950.974999999998545, 5943519.75 ], [ 43950.974999999998545, 5943520.125 ], [ 43950.900000000001455, 5943520.125 ], [ 43950.900000000001455, 5943520.5 ], [ 43950.82499999999709, 5943520.5 ], [ 43950.82499999999709, 5943520.799999999813735 ], [ 43950.75, 5943520.799999999813735 ], [ 43950.75, 5943521.099999999627471 ], [ 43950.67500000000291, 5943521.099999999627471 ], [ 43950.67500000000291, 5943521.400000000372529 ], [ 43950.599999999998545, 5943521.400000000372529 ], [ 43950.599999999998545, 5943521.625 ], [ 43950.525000000001455, 5943521.625 ], [ 43950.525000000001455, 5943521.775000000372529 ], [ 43950.44999999999709, 5943521.775000000372529 ], [ 43950.44999999999709, 5943521.924999999813735 ], [ 43950.375, 5943521.924999999813735 ], [ 43950.375, 5943522.075000000186265 ], [ 43950.30000000000291, 5943522.075000000186265 ], [ 43950.30000000000291, 5943522.224999999627471 ], [ 43950.224999999998545, 5943522.224999999627471 ], [ 43950.224999999998545, 5943522.375 ], [ 43950.150000000001455, 5943522.375 ], [ 43950.150000000001455, 5943522.450000000186265 ], [ 43950.07499999999709, 5943522.450000000186265 ], [ 43950.07499999999709, 5943522.599999999627471 ], [ 43950.0, 5943522.599999999627471 ], [ 43950.0, 5943522.674999999813735 ], [ 43949.92500000000291, 5943522.674999999813735 ], [ 43949.92500000000291, 5943522.75 ], [ 43949.849999999998545, 5943522.75 ], [ 43949.849999999998545, 5943522.900000000372529 ], [ 43949.775000000001455, 5943522.900000000372529 ], [ 43949.775000000001455, 5943522.974999999627471 ], [ 43949.69999999999709, 5943522.974999999627471 ], [ 43949.69999999999709, 5943523.049999999813735 ], [ 43949.55000000000291, 5943523.049999999813735 ], [ 43949.55000000000291, 5943523.125 ], [ 43949.474999999998545, 5943523.125 ], [ 43949.474999999998545, 5943523.275000000372529 ], [ 43949.400000000001455, 5943523.275000000372529 ], [ 43949.400000000001455, 5943523.349999999627471 ], [ 43949.32499999999709, 5943523.349999999627471 ], [ 43949.32499999999709, 5943523.424999999813735 ], [ 43949.25, 5943523.424999999813735 ], [ 43949.25, 5943523.5 ], [ 43949.17500000000291, 5943523.5 ], [ 43949.17500000000291, 5943523.575000000186265 ], [ 43949.099999999998545, 5943523.575000000186265 ], [ 43949.099999999998545, 5943523.650000000372529 ], [ 43949.025000000001455, 5943523.650000000372529 ], [ 43949.025000000001455, 5943523.799999999813735 ], [ 43948.875, 5943523.799999999813735 ], [ 43948.875, 5943523.875 ], [ 43948.80000000000291, 5943523.875 ], [ 43948.80000000000291, 5943523.950000000186265 ], [ 43948.724999999998545, 5943523.950000000186265 ], [ 43948.724999999998545, 5943524.025000000372529 ], [ 43948.650000000001455, 5943524.025000000372529 ], [ 43948.650000000001455, 5943524.099999999627471 ], [ 43948.5, 5943524.099999999627471 ], [ 43948.5, 5943524.174999999813735 ], [ 43948.42500000000291, 5943524.174999999813735 ], [ 43948.42500000000291, 5943524.25 ], [ 43948.275000000001455, 5943524.25 ], [ 43948.275000000001455, 5943524.325000000186265 ], [ 43948.125, 5943524.325000000186265 ], [ 43948.125, 5943524.400000000372529 ], [ 43947.974999999998545, 5943524.400000000372529 ], [ 43947.974999999998545, 5943524.474999999627471 ], [ 43947.82499999999709, 5943524.474999999627471 ], [ 43947.82499999999709, 5943524.549999999813735 ], [ 43947.67500000000291, 5943524.549999999813735 ], [ 43947.67500000000291, 5943524.625 ], [ 43947.44999999999709, 5943524.625 ], [ 43947.44999999999709, 5943524.700000000186265 ], [ 43947.224999999998545, 5943524.700000000186265 ], [ 43947.224999999998545, 5943524.775000000372529 ], [ 43947.0, 5943524.775000000372529 ], [ 43947.0, 5943524.849999999627471 ], [ 43946.69999999999709, 5943524.849999999627471 ], [ 43946.69999999999709, 5943524.924999999813735 ], [ 43946.400000000001455, 5943524.924999999813735 ], [ 43946.400000000001455, 5943525.0 ], [ 43946.17500000000291, 5943525.0 ], [ 43946.17500000000291, 5943525.075000000186265 ], [ 43945.80000000000291, 5943525.075000000186265 ], [ 43945.80000000000291, 5943525.150000000372529 ], [ 43945.349999999998545, 5943525.150000000372529 ] ] ] } },
{ "type": "Feature", "properties": { "value": 1.0, "building_id": 10, "area": 253.8956250001674 }, "geometry": { "type": "Polygon", "coordinates": [ [ [ 43683.0, 5943521.549999999813735 ], [ 43683.0, 5943500.25 ], [ 43688.625, 5943500.25 ], [ 43688.625, 5943500.174999999813735 ], [ 43691.099999999998545, 5943500.174999999813735 ], [ 43691.099999999998545, 5943500.099999999627471 ], [ 43693.19999999999709, 5943500.099999999627471 ], [ 43693.19999999999709, 5943500.025000000372529 ], [ 43695.900000000001455, 5943500.025000000372529 ], [ 43695.900000000001455, 5943500.099999999627471 ], [ 43697.025000000001455, 5943500.099999999627471 ], [ 43697.025000000001455, 5943500.174999999813735 ], [ 43697.92500000000291, 5943500.174999999813735 ], [ 43697.92500000000291, 5943500.25 ], [ 43698.525000000001455, 5943500.25 ], [ 43698.525000000001455, 5943500.325000000186265 ], [ 43699.05000000000291, 5943500.325000000186265 ], [ 43699.05000000000291, 5943500.400000000372529 ], [ 43699.19999999999709, 5943500.400000000372529 ], [ 43699.19999999999709, 5943500.549999999813735 ], [ 43699.275000000001455, 5943500.549999999813735 ], [ 43699.275000000001455, 5943500.924999999813735 ], [ 43699.349999999998545, 5943500.924999999813735 ], [ 43699.349999999998545, 5943501.450000000186265 ], [ 43699.42500000000291, 5943501.450000000186265 ], [ 43699.42500000000291, 5943502.275000000372529 ], [ 43699.5, 5943502.275000000372529 ], [ 43699.5, 5943503.174999999813735 ], [ 43699.57499999999709, 5943503.174999999813735 ], [ 43699.57499999999709, 5943504.0 ], [ 43699.5, 5943504.0 ], [ 43699.5, 5943504.375 ], [ 43699.42500000000291, 5943504.375 ], [ 43699.42500000000291, 5943504.674999999813735 ], [ 43699.349999999998545, 5943504.674999999813735 ], [ 43699.349999999998545, 5943505.049999999813735 ], [ 43699.275000000001455, 5943505.049999999813735 ], [ 43699.275000000001455, 5943505.349999999627471 ], [ 43699.19999999999709, 5943505.349999999627471 ], [ 43699.19999999999709, 5943505.724999999627471 ], [ 43699.125, 5943505.724999999627471 ], [ 43699.125, 5943505.875 ], [ 43699.05000000000291, 5943505.875 ], [ 43699.05000000000291, 5943506.025000000372529 ], [ 43698.974999999998545, 5943506.025000000372529 ], [ 43698.974999999998545, 5943506.174999999813735 ], [ 43698.900000000001455, 5943506.174999999813735 ], [ 43698.900000000001455, 5943506.325000000186265 ], [ 43698.82499999999709, 5943506.325000000186265 ], [ 43698.82499999999709, 5943506.400000000372529 ], [ 43698.75, 5943506.400000000372529 ], [ 43698.75, 5943506.549999999813735 ], [ 43698.67500000000291, 5943506.549999999813735 ], [ 43698.67500000000291, 5943506.700000000186265 ], [ 43698.599999999998545, 5943506.700000000186265 ], [ 43698.599999999998545, 5943506.849999999627471 ], [ 43698.525000000001455, 5943506.849999999627471 ], [ 43698.525000000001455, 5943507.0 ], [ 43698.44999999999709, 5943507.0 ], [ 43698.44999999999709, 5943507.075000000186265 ], [ 43698.375, 5943507.075000000186265 ], [ 43698.375, 5943507.224999999627471 ], [ 43698.30000000000291, 5943507.224999999627471 ], [ 43698.30000000000291, 5943507.375 ], [ 43698.224999999998545, 5943507.375 ], [ 43698.224999999998545, 5943507.525000000372529 ], [ 43698.150000000001455, 5943507.525000000372529 ], [ 43698.150000000001455, 5943507.599999999627471 ], [ 43698.07499999999709, 5943507.599999999627471 ], [ 43698.07499999999709, 5943507.75 ], [ 43698.0, 5943507.75 ], [ 43698.0, 5943507.825000000186265 ], [ 43697.92500000000291, 5943507.825000000186265 ], [ 43697.92500000000291, 5943507.974999999627471 ], [ 43697.849999999998545, 5943507.974999999627471 ], [ 43697.849999999998545, 5943508.049999999813735 ], [ 43697.775000000001455, 5943508.049999999813735 ], [ 43697.775000000001455, 5943508.125 ], [ 43697.69999999999709, 5943508.125 ], [ 43697.69999999999709, 5943508.200000000186265 ], [ 43697.625, 5943508.200000000186265 ], [ 43697.625, 5943508.275000000372529 ], [ 43697.55000000000291, 5943508.275000000372529 ], [ 43697.55000000000291, 5943508.349999999627471 ], [ 43697.474999999998545, 5943508.349999999627471 ], [ 43697.474999999998545, 5943508.424999999813735 ], [ 43697.400000000001455, 5943508.424999999813735 ], [ 43697.400000000001455, 5943508.5 ], [ 43697.32499999999709, 5943508.5 ], [ 43697.32499999999709, 5943508.575000000186265 ], [ 43697.25, 5943508.575000000186265 ], [ 43697.25, 5943508.650000000372529 ], [ 43697.17500000000291, 5943508.650000000372529 ], [ 43697.17500000000291, 5943508.724999999627471 ], [ 43697.099999999998545, 5943508.724999999627471 ], [ 43697.099999999998545, 5943508.799999999813735 ], [ 43697.025000000001455, 5943508.799999999813735 ], [ 43697.025000000001455, 5943508.875 ], [ 43696.94999999999709, 5943508.875 ], [ 43696.94999999999709, 5943508.950000000186265 ], [ 43696.875, 5943508.950000000186265 ], [ 43696.875, 5943509.025000000372529 ], [ 43696.80000000000291, 5943509.025000000372529 ], [ 43696.80000000000291, 5943509.099999999627471 ], [ 43696.724999999998545, 5943509.099999999627471 ], [ 43696.724999999998545, 5943509.174999999813735 ], [ 43696.650000000001455, 5943509.174999999813735 ], [ 43696.650000000001455, 5943509.25 ], [ 43696.57499999999709, 5943509.25 ], [ 43696.57499999999709, 5943509.325000000186265 ], [ 43696.5, 5943509.325000000186265 ], [ 43696.5, 5943509.400000000372529 ], [ 43696.42500000000291, 5943509.400000000372529 ], [ 43696.42500000000291, 5943509.474999999627471 ], [ 43696.349999999998545, 5943509.474999999627471 ], [ 43696.349999999998545, 5943509.549999999813735 ], [ 43696.19999999999709, 5943509.549999999813735 ], [ 43696.19999999999709, 5943509.625 ], [ 43696.125, 5943509.625 ], [ 43696.125, 5943509.700000000186265 ], [ 43696.05000000000291, 5943509.700000000186265 ], [ 43696.05000000000291, 5943509.775000000372529 ], [ 43695.974999999998545, 5943509.775000000372529 ], [ 43695.974999999998545, 5943509.849999999627471 ], [ 43695.900000000001455, 5943509.849999999627471 ], [ 43695.900000000001455, 5943509.924999999813735 ], [ 43695.82499999999709, 5943509.924999999813735 ], [ 43695.82499999999709, 5943510.0 ], [ 43695.67500000000291, 5943510.0 ], [ 43695.67500000000291, 5943510.075000000186265 ], [ 43695.599999999998545, 5943510.075000000186265 ], [ 43695.599999999998545, 5943510.150000000372529 ], [ 43695.525000000001455, 5943510.150000000372529 ], [ 43695.525000000001455, 5943510.224999999627471 ], [ 43695.44999999999709, 5943510.224999999627471 ], [ 43695.44999999999709, 5943510.299999999813735 ], [ 43695.375, 5943510.299999999813735 ], [ 43695.375, 5943510.375 ], [ 43695.30000000000291, 5943510.375 ], [ 43695.30000000000291, 5943510.450000000186265 ], [ 43695.224999999998545, 5943510.450000000186265 ], [ 43695.224999999998545, 5943510.525000000372529 ], [ 43695.07499999999709, 5943510.525000000372529 ], [ 43695.07499999999709, 5943510.599999999627471 ], [ 43695.0, 5943510.599999999627471 ], [ 43695.0, 5943510.674999999813735 ], [ 43694.92500000000291, 5943510.674999999813735 ], [ 43694.92500000000291, 5943510.75 ], [ 43694.849999999998545, 5943510.75 ], [ 43694.849999999998545, 5943510.825000000186265 ], [ 43694.775000000001455, 5943510.825000000186265 ], [ 43694.775000000001455, 5943510.900000000372529 ], [ 43694.69999999999709, 5943510.900000000372529 ], [ 43694.69999999999709, 5943510.974999999627471 ], [ 43694.625, 5943510.974999999627471 ], [ 43694.625, 5943511.049999999813735 ], [ 43694.55000000000291, 5943511.049999999813735 ], [ 43694.55000000000291, 5943511.125 ], [ 43694.474999999998545, 5943511.125 ], [ 43694.474999999998545, 5943511.200000000186265 ], [ 43694.400000000001455, 5943511.200000000186265 ], [ 43694.400000000001455, 5943511.275000000372529 ], [ 43694.25, 5943511.275000000372529 ], [ 43694.25, 5943511.349999999627471 ], [ 43694.17500000000291, 5943511.349999999627471 ], [ 43694.17500000000291, 5943511.424999999813735 ], [ 43694.099999999998545, 5943511.424999999813735 ], [ 43694.099999999998545, 5943511.5 ], [ 43694.025000000001455, 5943511.5 ], [ 43694.025000000001455, 5943511.575000000186265 ], [ 43693.94999999999709, 5943511.575000000186265 ], [ 43693.94999999999709, 5943511.650000000372529 ], [ 43693.875, 5943511.650000000372529 ], [ 43693.875, 5943511.799999999813735 ], [ 43693.80000000000291, 5943511.799999999813735 ], [ 43693.80000000000291, 5943511.875 ], [ 43693.724999999998545, 5943511.875 ], [ 43693.724999999998545, 5943512.025000000372529 ], [ 43693.650000000001455, 5943512.025000000372529 ], [ 43693.650000000001455, 5943512.174999999813735 ], [ 43693.57499999999709, 5943512.174999999813735 ], [ 43693.57499999999709, 5943512.325000000186265 ], [ 43693.5, 5943512.325000000186265 ], [ 43693.5, 5943512.549999999813735 ], [ 43693.42500000000291, 5943512.549999999813735 ], [ 43693.42500000000291, 5943512.700000000186265 ], [ 43693.349999999998545, 5943512.700000000186265 ], [ 43693.349999999998545, 5943512.849999999627471 ], [ 43693.275000000001455, 5943512.849999999627471 ], [ 43693.275000000001455, 5943513.0 ], [ 43693.19999999999709, 5943513.0 ], [ 43693.19999999999709, 5943513.150000000372529 ], [ 43693.125, 5943513.150000000372529 ], [ 43693.125, 5943513.299999999813735 ], [ 43693.05000000000291, 5943513.299999999813735 ], [ 43693.05000000000291, 5943513.450000000186265 ], [ 43692.974999999998545, 5943513.450000000186265 ], [ 43692.974999999998545, 5943513.75 ], [ 43692.900000000001455, 5943513.75 ], [ 43692.900000000001455, 5943514.049999999813735 ], [ 43692.82499999999709, 5943514.049999999813735 ], [ 43692.82499999999709, 5943514.349999999627471 ], [ 43692.75, 5943514.349999999627471 ], [ 43692.75, 5943514.575000000186265 ], [ 43692.67500000000291, 5943514.575000000186265 ], [ 43692.67500000000291, 5943514.799999999813735 ], [ 43692.599999999998545, 5943514.799999999813735 ], [ 43692.599999999998545, 5943515.025000000372529 ], [ 43692.525000000001455, 5943515.025000000372529 ], [ 43692.525000000001455, 5943515.174999999813735 ], [ 43692.44999999999709, 5943515.174999999813735 ], [ 43692.44999999999709, 5943515.325000000186265 ], [ 43692.375, 5943515.325000000186265 ], [ 43692.375, 5943515.400000000372529 ], [ 43692.30000000000291, 5943515.400000000372529 ], [ 43692.30000000000291, 5943515.549999999813735 ], [ 43692.224999999998545, 5943515.549999999813735 ], [ 43692.224999999998545, 5943515.700000000186265 ], [ 43692.150000000001455, 5943515.700000000186265 ], [ 43692.150000000001455, 5943515.775000000372529 ], [ 43692.07499999999709, 5943515.775000000372529 ], [ 43692.07499999999709, 5943515.924999999813735 ], [ 43692.0, 5943515.924999999813735 ], [ 43692.0, 5943516.0 ], [ 43691.92500000000291, 5943516.0 ], [ 43691.92500000000291, 5943516.150000000372529 ], [ 43691.849999999998545, 5943516.150000000372529 ], [ 43691.849999999998545, 5943516.224999999627471 ], [ 43691.775000000001455, 5943516.224999999627471 ], [ 43691.775000000001455, 5943516.299999999813735 ], [ 43691.69999999999709, 5943516.299999999813735 ], [ 43691.69999999999709, 5943516.450000000186265 ], [ 43691.625, 5943516.450000000186265 ], [ 43691.625, 5943516.599999999627471 ], [ 43691.55000000000291, 5943516.599999999627471 ], [ 43691.55000000000291, 5943516.674999999813735 ], [ 43691.474999999998545, 5943516.674999999813735 ], [ 43691.474999999998545, 5943516.825000000186265 ], [ 43691.400000000001455, 5943516.825000000186265 ], [ 43691.400000000001455, 5943516.900000000372529 ], [ 43691.32499999999709, 5943516.900000000372529 ], [ 43691.32499999999709, 5943517.049999999813735 ], [ 43691.25, 5943517.049999999813735 ], [ 43691.25, 5943517.125 ], [ 43691.17500000000291, 5943517.125 ], [ 43691.17500000000291, 5943517.200000000186265 ], [ 43691.099999999998545, 5943517.200000000186265 ], [ 43691.099999999998545, 5943517.349999999627471 ], [ 43691.025000000001455, 5943517.349999999627471 ], [ 43691.025000000001455, 5943517.424999999813735 ], [ 43690.94999999999709, 5943517.424999999813735 ], [ 43690.94999999999709, 5943517.575000000186265 ], [ 43690.875, 5943517.575000000186265 ], [ 43690.875, 5943517.650000000372529 ], [ 43690.80000000000291, 5943517.650000000372529 ], [ 43690.80000000000291, 5943517.724999999627471 ], [ 43690.724999999998545, 5943517.724999999627471 ], [ 43690.724999999998545, 5943517.875 ], [ 43690.650000000001455, 5943517.875 ], [ 43690.650000000001455, 5943517.950000000186265 ], [ 43690.57499999999709, 5943517.950000000186265 ], [ 43690.57499999999709, 5943518.025000000372529 ], [ 43690.5, 5943518.025000000372529 ], [ 43690.5, 5943518.099999999627471 ], [ 43690.42500000000291, 5943518.099999999627471 ], [ 43690.42500000000291, 5943518.174999999813735 ], [ 43690.349999999998545, 5943518.174999999813735 ], [ 43690.349999999998545, 5943518.325000000186265 ], [ 43690.275000000001455, 5943518.325000000186265 ], [ 43690.275000000001455, 5943518.400000000372529 ], [ 43690.19999999999709, 5943518.400000000372529 ], [ 43690.19999999999709, 5943518.474999999627471 ], [ 43690.125, 5943518.474999999627471 ], [ 43690.125, 5943518.549999999813735 ], [ 43690.05000000000291, 5943518.549999999813735 ], [ 43690.05000000000291, 5943518.625 ], [ 43689.900000000001455, 5943518.625 ], [ 43689.900000000001455, 5943518.700000000186265 ], [ 43689.82499999999709, 5943518.700000000186265 ], [ 43689.82499999999709, 5943518.775000000372529 ], [ 43689.75, 5943518.775000000372529 ], [ 43689.75, 5943518.849999999627471 ], [ 43689.67500000000291, 5943518.849999999627471 ], [ 43689.67500000000291, 5943518.924999999813735 ], [ 43689.599999999998545, 5943518.924999999813735 ], [ 43689.599999999998545, 5943519.075000000186265 ], [ 43689.525000000001455, 5943519.075000000186265 ], [ 43689.525000000001455, 5943519.150000000372529 ], [ 43689.44999999999709, 5943519.150000000372529 ], [ 43689.44999999999709, 5943519.224999999627471 ], [ 43689.375, 5943519.224999999627471 ], [ 43689.375, 5943519.299999999813735 ], [ 43689.30000000000291, 5943519.299999999813735 ], [ 43689.30000000000291, 5943519.375 ], [ 43689.224999999998545, 5943519.375 ], [ 43689.224999999998545, 5943519.450000000186265 ], [ 43689.150000000001455, 5943519.450000000186265 ], [ 43689.150000000001455, 5943519.525000000372529 ], [ 43689.07499999999709, 5943519.525000000372529 ], [ 43689.07499999999709, 5943519.599999999627471 ], [ 43689.0, 5943519.599999999627471 ], [ 43689.0, 5943519.75 ], [ 43688.92500000000291, 5943519.75 ], [ 43688.92500000000291, 5943519.825000000186265 ], [ 43688.849999999998545, 5943519.825000000186265 ], [ 43688.849999999998545, 5943519.900000000372529 ], [ 43688.775000000001455, 5943519.900000000372529 ], [ 43688.775000000001455, 5943519.974999999627471 ], [ 43688.69999999999709, 5943519.974999999627471 ], [ 43688.69999999999709, 5943520.049999999813735 ], [ 43688.625, 5943520.049999999813735 ], [ 43688.625, 5943520.125 ], [ 43688.55000000000291, 5943520.125 ], [ 43688.55000000000291, 5943520.200000000186265 ], [ 43688.474999999998545, 5943520.200000000186265 ], [ 43688.474999999998545, 5943520.275000000372529 ], [ 43688.400000000001455, 5943520.275000000372529 ], [ 43688.400000000001455, 5943520.349999999627471 ], [ 43688.32499999999709, 5943520.349999999627471 ], [ 43688.32499999999709, 5943520.424999999813735 ], [ 43688.25, 5943520.424999999813735 ], [ 43688.25, 5943520.5 ], [ 43688.17500000000291, 5943520.5 ], [ 43688.17500000000291, 5943520.575000000186265 ], [ 43688.099999999998545, 5943520.575000000186265 ], [ 43688.099999999998545, 5943520.650000000372529 ], [ 43687.94999999999709, 5943520.650000000372529 ], [ 43687.94999999999709, 5943520.724999999627471 ], [ 43687.875, 5943520.724999999627471 ], [ 43687.875, 5943520.799999999813735 ], [ 43687.724999999998545, 5943520.799999999813735 ], [ 43687.724999999998545, 5943520.875 ], [ 43687.5, 5943520.875 ], [ 43687.5, 5943520.950000000186265 ], [ 43687.349999999998545, 5943520.950000000186265 ], [ 43687.349999999998545, 5943521.025000000372529 ], [ 43687.125, 5943521.025000000372529 ], [ 43687.125, 5943521.099999999627471 ], [ 43686.900000000001455, 5943521.099999999627471 ], [ 43686.900000000001455, 5943521.174999999813735 ], [ 43686.75, 5943521.174999999813735 ], [ 43686.75, 5943521.25 ], [ 43686.525000000001455, 5943521.25 ], [ 43686.525000000001455, 5943521.325000000186265 ], [ 43686.30000000000291, 5943521.325000000186265 ], [ 43686.30000000000291, 5943521.400000000372529 ], [ 43686.150000000001455, 5943521.400000000372529 ], [ 43686.150000000001455, 5943521.474999999627471 ], [ 43685.92500000000291, 5943521.474999999627471 ], [ 43685.92500000000291, 5943521.549999999813735 ], [ 43683.0, 5943521.549999999813735 ] ] ] } },
{ "type": "Feature", "properties": { "value": 1.0, "building_id": 11, "area": 500.67000000067617 }, "geometry": { "type": "Polygon", "coordinates": [ [ [ 43867.42500000000291, 5943525.599999999627471 ], [ 43867.42500000000291, 5943525.525000000372529 ], [ 43866.82499999999709, 5943525.525000000372529 ], [ 43866.82499999999709, 5943525.450000000186265 ], [ 43866.224999999998545, 5943525.450000000186265 ], [ 43866.224999999998545, 5943525.375 ], [ 43865.69999999999709, 5943525.375 ], [ 43865.69999999999709, 5943525.299999999813735 ], [ 43865.474999999998545, 5943525.299999999813735 ], [ 43865.474999999998545, 5943525.224999999627471 ], [ 43865.25, 5943525.224999999627471 ], [ 43865.25, 5943525.150000000372529 ], [ 43865.099999999998545, 5943525.150000000372529 ], [ 43865.099999999998545, 5943525.075000000186265 ], [ 43864.875, 5943525.075000000186265 ], [ 43864.875, 5943525.0 ], [ 43864.650000000001455, 5943525.0 ], [ 43864.650000000001455, 5943524.924999999813735 ], [ 43864.42500000000291, 5943524.924999999813735 ], [ 43864.42500000000291, 5943524.849999999627471 ], [ 43864.125, 5943524.849999999627471 ], [ 43864.125, 5943524.775000000372529 ], [ 43863.900000000001455, 5943524.775000000372529 ], [ 43863.900000000001455, 5943524.700000000186265 ], [ 43863.599999999998545, 5943524.700000000186265 ], [ 43863.599999999998545, 5943524.625 ], [ 43863.30000000000291, 5943524.625 ], [ 43863.30000000000291, 5943524.549999999813735 ], [ 43863.0, 5943524.549999999813735 ], [ 43863.0, 5943524.474999999627471 ], [ 43862.69999999999709, 5943524.474999999627471 ], [ 43862.69999999999709, 5943524.400000000372529 ], [ 43862.400000000001455, 5943524.400000000372529 ], [ 43862.400000000001455, 5943524.325000000186265 ], [ 43862.099999999998545, 5943524.325000000186265 ], [ 43862.099999999998545, 5943524.25 ], [ 43861.80000000000291, 5943524.25 ], [ 43861.80000000000291, 5943524.174999999813735 ], [ 43861.57499999999709, 5943524.174999999813735 ], [ 43861.57499999999709, 5943524.099999999627471 ], [ 43861.42500000000291, 5943524.099999999627471 ], [ 43861.42500000000291, 5943524.025000000372529 ], [ 43861.19999999999709, 5943524.025000000372529 ], [ 43861.19999999999709, 5943523.950000000186265 ], [ 43861.05000000000291, 5943523.950000000186265 ], [ 43861.05000000000291, 5943523.875 ], [ 43860.900000000001455, 5943523.875 ], [ 43860.900000000001455, 5943523.799999999813735 ], [ 43860.75, 5943523.799999999813735 ], [ 43860.75, 5943523.724999999627471 ], [ 43860.599999999998545, 5943523.724999999627471 ], [ 43860.599999999998545, 5943523.650000000372529 ], [ 43860.44999999999709, 5943523.650000000372529 ], [ 43860.44999999999709, 5943523.575000000186265 ], [ 43860.375, 5943523.575000000186265 ], [ 43860.375, 5943523.5 ], [ 43860.224999999998545, 5943523.5 ], [ 43860.224999999998545, 5943523.424999999813735 ], [ 43860.150000000001455, 5943523.424999999813735 ], [ 43860.150000000001455, 5943523.349999999627471 ], [ 43860.07499999999709, 5943523.349999999627471 ], [ 43860.07499999999709, 5943523.275000000372529 ], [ 43859.92500000000291, 5943523.275000000372529 ], [ 43859.92500000000291, 5943523.200000000186265 ], [ 43859.775000000001455, 5943523.200000000186265 ], [ 43859.775000000001455, 5943523.125 ], [ 43859.625, 5943523.125 ], [ 43859.625, 5943523.049999999813735 ], [ 43859.474999999998545, 5943523.049999999813735 ], [ 43859.474999999998545, 5943522.974999999627471 ], [ 43859.400000000001455, 5943522.974999999627471 ], [ 43859.400000000001455, 5943522.900000000372529 ], [ 43859.25, 5943522.900000000372529 ], [ 43859.25, 5943522.825000000186265 ], [ 43859.099999999998545, 5943522.825000000186265 ], [ 43859.099999999998545, 5943522.75 ], [ 43858.94999999999709, 5943522.75 ], [ 43858.94999999999709, 5943522.674999999813735 ], [ 43858.80000000000291, 5943522.674999999813735 ], [ 43858.80000000000291, 5943522.599999999627471 ], [ 43858.724999999998545, 5943522.599999999627471 ], [ 43858.724999999998545, 5943522.525000000372529 ], [ 43858.57499999999709, 5943522.525000000372529 ], [ 43858.57499999999709, 5943522.450000000186265 ], [ 43858.42500000000291, 5943522.450000000186265 ], [ 43858.42500000000291, 5943522.375 ], [ 43858.349999999998545, 5943522.375 ], [ 43858.349999999998545, 5943522.299999999813735 ], [ 43858.19999999999709, 5943522.299999999813735 ], [ 43858.19999999999709, 5943522.224999999627471 ], [ 43858.125, 5943522.224999999627471 ], [ 43858.125, 5943522.150000000372529 ], [ 43857.974999999998545, 5943522.150000000372529 ], [ 43857.974999999998545, 5943522.075000000186265 ], [ 43857.82499999999709, 5943522.075000000186265 ], [ 43857.82499999999709, 5943522.0 ], [ 43857.75, 5943522.0 ], [ 43857.75, 5943521.924999999813735 ], [ 43857.67500000000291, 5943521.924999999813735 ], [ 43857.67500000000291, 5943521.849999999627471 ], [ 43857.599999999998545, 5943521.849999999627471 ], [ 43857.599999999998545, 5943521.775000000372529 ], [ 43857.525000000001455, 5943521.775000000372529 ], [ 43857.525000000001455, 5943521.700000000186265 ], [ 43857.44999999999709, 5943521.700000000186265 ], [ 43857.44999999999709, 5943521.625 ], [ 43857.375, 5943521.625 ], [ 43857.375, 5943521.474999999627471 ], [ 43857.30000000000291, 5943521.474999999627471 ], [ 43857.30000000000291, 5943521.400000000372529 ], [ 43857.224999999998545, 5943521.400000000372529 ], [ 43857.224999999998545, 5943521.25 ], [ 43857.150000000001455, 5943521.25 ], [ 43857.150000000001455, 5943521.099999999627471 ], [ 43857.07499999999709, 5943521.099999999627471 ], [ 43857.07499999999709, 5943520.950000000186265 ], [ 43857.0, 5943520.950000000186265 ], [ 43857.0, 5943520.875 ], [ 43856.92500000000291, 5943520.875 ], [ 43856.92500000000291, 5943520.724999999627471 ], [ 43856.849999999998545, 5943520.724999999627471 ], [ 43856.849999999998545, 5943520.575000000186265 ], [ 43856.775000000001455, 5943520.575000000186265 ], [ 43856.775000000001455, 5943520.424999999813735 ], [ 43856.69999999999709, 5943520.424999999813735 ], [ 43856.69999999999709, 5943520.275000000372529 ], [ 43856.625, 5943520.275000000372529 ], [ 43856.625, 5943520.125 ], [ 43856.55000000000291, 5943520.125 ], [ 43856.55000000000291, 5943519.974999999627471 ], [ 43856.474999999998545, 5943519.974999999627471 ], [ 43856.474999999998545, 5943519.825000000186265 ], [ 43856.400000000001455, 5943519.825000000186265 ], [ 43856.400000000001455, 5943519.599999999627471 ], [ 43856.32499999999709, 5943519.599999999627471 ], [ 43856.32499999999709, 5943519.450000000186265 ], [ 43856.25, 5943519.450000000186265 ], [ 43856.25, 5943519.299999999813735 ], [ 43856.17500000000291, 5943519.299999999813735 ], [ 43856.17500000000291, 5943519.150000000372529 ], [ 43856.099999999998545, 5943519.150000000372529 ], [ 43856.099999999998545, 5943519.0 ], [ 43856.025000000001455, 5943519.0 ], [ 43856.025000000001455, 5943518.849999999627471 ], [ 43855.94999999999709, 5943518.849999999627471 ], [ 43855.94999999999709, 5943518.700000000186265 ], [ 43855.875, 5943518.700000000186265 ], [ 43855.875, 5943518.549999999813735 ], [ 43855.80000000000291, 5943518.549999999813735 ], [ 43855.80000000000291, 5943518.400000000372529 ], [ 43855.724999999998545, 5943518.400000000372529 ], [ 43855.724999999998545, 5943518.325000000186265 ], [ 43855.650000000001455, 5943518.325000000186265 ], [ 43855.650000000001455, 5943518.174999999813735 ], [ 43855.57499999999709, 5943518.174999999813735 ], [ 43855.57499999999709, 5943518.025000000372529 ], [ 43855.5, 5943518.025000000372529 ], [ 43855.5, 5943517.875 ], [ 43855.42500000000291, 5943517.875 ], [ 43855.42500000000291, 5943517.724999999627471 ], [ 43855.349999999998545, 5943517.724999999627471 ], [ 43855.349999999998545, 5943517.5 ], [ 43855.275000000001455, 5943517.5 ], [ 43855.275000000001455, 5943517.349999999627471 ], [ 43855.19999999999709, 5943517.349999999627471 ], [ 43855.19999999999709, 5943517.125 ], [ 43855.125, 5943517.125 ], [ 43855.125, 5943516.974999999627471 ], [ 43855.05000000000291, 5943516.974999999627471 ], [ 43855.05000000000291, 5943516.75 ], [ 43854.974999999998545, 5943516.75 ], [ 43854.974999999998545, 5943516.599999999627471 ], [ 43854.900000000001455, 5943516.599999999627471 ], [ 43854.900000000001455, 5943516.375 ], [ 43854.82499999999709, 5943516.375 ], [ 43854.82499999999709, 5943516.150000000372529 ], [ 43854.75, 5943516.150000000372529 ], [ 43854.75, 5943515.924999999813735 ], [ 43854.67500000000291, 5943515.924999999813735 ], [ 43854.67500000000291, 5943515.700000000186265 ], [ 43854.599999999998545, 5943515.700000000186265 ], [ 43854.599999999998545, 5943515.549999999813735 ], [ 43854.525000000001455, 5943515.549999999813735 ], [ 43854.525000000001455, 5943515.325000000186265 ], [ 43854.44999999999709, 5943515.325000000186265 ], [ 43854.44999999999709, 5943515.099999999627471 ], [ 43854.375, 5943515.099999999627471 ], [ 43854.375, 5943514.950000000186265 ], [ 43854.30000000000291, 5943514.950000000186265 ], [ 43854.30000000000291, 5943514.799999999813735 ], [ 43854.224999999998545, 5943514.799999999813735 ], [ 43854.224999999998545, 5943514.650000000372529 ], [ 43854.150000000001455, 5943514.650000000372529 ], [ 43854.150000000001455, 5943514.424999999813735 ], [ 43854.07499999999709, 5943514.424999999813735 ], [ 43854.07499999999709, 5943514.275000000372529 ], [ 43854.0, 5943514.275000000372529 ], [ 43854.0, 5943514.125 ], [ 43853.92500000000291, 5943514.125 ], [ 43853.92500000000291, 5943514.049999999813735 ], [ 43853.849999999998545, 5943514.049999999813735 ], [ 43853.849999999998545, 5943513.900000000372529 ], [ 43853.775000000001455, 5943513.900000000372529 ], [ 43853.775000000001455, 5943513.75 ], [ 43853.69999999999709, 5943513.75 ], [ 43853.69999999999709, 5943513.599999999627471 ], [ 43853.625, 5943513.599999999627471 ], [ 43853.625, 5943513.450000000186265 ], [ 43853.55000000000291, 5943513.450000000186265 ], [ 43853.55000000000291, 5943513.224999999627471 ], [ 43853.474999999998545, 5943513.224999999627471 ], [ 43853.474999999998545, 5943513.0 ], [ 43853.400000000001455, 5943513.0 ], [ 43853.400000000001455, 5943512.775000000372529 ], [ 43853.32499999999709, 5943512.775000000372529 ], [ 43853.32499999999709, 5943512.549999999813735 ], [ 43853.25, 5943512.549999999813735 ], [ 43853.25, 5943512.325000000186265 ], [ 43853.17500000000291, 5943512.325000000186265 ], [ 43853.17500000000291, 5943512.025000000372529 ], [ 43853.099999999998545, 5943512.025000000372529 ], [ 43853.099999999998545, 5943511.799999999813735 ], [ 43853.025000000001455, 5943511.799999999813735 ], [ 43853.025000000001455, 5943511.424999999813735 ], [ 43852.94999999999709, 5943511.424999999813735 ], [ 43852.94999999999709, 5943510.900000000372529 ], [ 43852.875, 5943510.900000000372529 ], [ 43852.875, 5943510.375 ], [ 43852.80000000000291, 5943510.375 ], [ 43852.80000000000291, 5943509.849999999627471 ], [ 43852.724999999998545, 5943509.849999999627471 ], [ 43852.724999999998545, 5943509.325000000186265 ], [ 43852.650000000001455, 5943509.325000000186265 ], [ 43852.650000000001455, 5943508.875 ], [ 43852.724999999998545, 5943508.875 ], [ 43852.724999999998545, 5943507.450000000186265 ], [ 43852.80000000000291, 5943507.450000000186265 ], [ 43852.80000000000291, 5943505.875 ], [ 43852.875, 5943505.875 ], [ 43852.875, 5943504.299999999813735 ], [ 43852.94999999999709, 5943504.299999999813735 ], [ 43852.94999999999709, 5943503.025000000372529 ], [ 43853.025000000001455, 5943503.025000000372529 ], [ 43853.025000000001455, 5943501.900000000372529 ], [ 43853.099999999998545, 5943501.900000000372529 ], [ 43853.099999999998545, 5943501.0 ], [ 43853.17500000000291, 5943501.0 ], [ 43853.17500000000291, 5943500.099999999627471 ], [ 43853.25, 5943500.099999999627471 ], [ 43853.25, 5943499.349999999627471 ], [ 43853.32499999999709, 5943499.349999999627471 ], [ 43853.32499999999709, 5943498.674999999813735 ], [ 43853.400000000001455, 5943498.674999999813735 ], [ 43853.400000000001455, 5943498.0 ], [ 43853.474999999998545, 5943498.0 ], [ 43853.474999999998545, 5943497.700000000186265 ], [ 43853.55000000000291, 5943497.700000000186265 ], [ 43853.55000000000291, 5943497.474999999627471 ], [ 43853.625, 5943497.474999999627471 ], [ 43853.625, 5943497.25 ], [ 43853.69999999999709, 5943497.25 ], [ 43853.69999999999709, 5943497.025000000372529 ], [ 43853.775000000001455, 5943497.025000000372529 ], [ 43853.775000000001455, 5943496.799999999813735 ], [ 43853.849999999998545, 5943496.799999999813735 ], [ 43853.849999999998545, 5943496.575000000186265 ], [ 43853.92500000000291, 5943496.575000000186265 ], [ 43853.92500000000291, 5943496.349999999627471 ], [ 43854.0, 5943496.349999999627471 ], [ 43854.0, 5943496.200000000186265 ], [ 43854.07499999999709, 5943496.200000000186265 ], [ 43854.07499999999709, 5943495.974999999627471 ], [ 43854.150000000001455, 5943495.974999999627471 ], [ 43854.150000000001455, 5943495.825000000186265 ], [ 43854.224999999998545, 5943495.825000000186265 ], [ 43854.224999999998545, 5943495.75 ], [ 43854.30000000000291, 5943495.75 ], [ 43854.30000000000291, 5943495.599999999627471 ], [ 43854.375, 5943495.599999999627471 ], [ 43854.375, 5943495.450000000186265 ], [ 43854.44999999999709, 5943495.450000000186265 ], [ 43854.44999999999709, 5943495.299999999813735 ], [ 43854.525000000001455, 5943495.299999999813735 ], [ 43854.525000000001455, 5943495.150000000372529 ], [ 43854.599999999998545, 5943495.150000000372529 ], [ 43854.599999999998545, 5943495.0 ], [ 43854.67500000000291, 5943495.0 ], [ 43854.67500000000291, 5943494.849999999627471 ], [ 43854.75, 5943494.849999999627471 ], [ 43854.75, 5943494.700000000186265 ], [ 43854.82499999999709, 5943494.700000000186265 ], [ 43854.82499999999709, 5943494.549999999813735 ], [ 43854.900000000001455, 5943494.549999999813735 ], [ 43854.900000000001455, 5943494.474999999627471 ], [ 43854.974999999998545, 5943494.474999999627471 ], [ 43854.974999999998545, 5943494.325000000186265 ], [ 43855.05000000000291, 5943494.325000000186265 ], [ 43855.05000000000291, 5943494.174999999813735 ], [ 43855.125, 5943494.174999999813735 ], [ 43855.125, 5943494.025000000372529 ], [ 43855.19999999999709, 5943494.025000000372529 ], [ 43855.19999999999709, 5943493.875 ], [ 43855.275000000001455, 5943493.875 ], [ 43855.275000000001455, 5943493.724999999627471 ], [ 43855.349999999998545, 5943493.724999999627471 ], [ 43855.349999999998545, 5943493.650000000372529 ], [ 43855.42500000000291, 5943493.650000000372529 ], [ 43855.42500000000291, 5943493.5 ], [ 43855.5, 5943493.5 ], [ 43855.5, 5943493.349999999627471 ], [ 43855.57499999999709, 5943493.349999999627471 ], [ 43855.57499999999709, 5943493.275000000372529 ], [ 43855.650000000001455, 5943493.275000000372529 ], [ 43855.650000000001455, 5943493.200000000186265 ], [ 43855.724999999998545, 5943493.200000000186265 ], [ 43855.724999999998545, 5943493.049999999813735 ], [ 43855.80000000000291, 5943493.049999999813735 ], [ 43855.80000000000291, 5943492.974999999627471 ], [ 43855.875, 5943492.974999999627471 ], [ 43855.875, 5943492.900000000372529 ], [ 43855.94999999999709, 5943492.900000000372529 ], [ 43855.94999999999709, 5943492.825000000186265 ], [ 43856.025000000001455, 5943492.825000000186265 ], [ 43856.025000000001455, 5943492.75 ], [ 43856.099999999998545, 5943492.75 ], [ 43856.099999999998545, 5943492.599999999627471 ], [ 43856.17500000000291, 5943492.599999999627471 ], [ 43856.17500000000291, 5943492.525000000372529 ], [ 43856.25, 5943492.525000000372529 ], [ 43856.25, 5943492.450000000186265 ], [ 43856.32499999999709, 5943492.450000000186265 ], [ 43856.32499999999709, 5943492.375 ], [ 43856.400000000001455, 5943492.375 ], [ 43856.400000000001455, 5943492.299999999813735 ], [ 43856.474999999998545, 5943492.299999999813735 ], [ 43856.474999999998545, 5943492.224999999627471 ], [ 43856.55000000000291, 5943492.224999999627471 ], [ 43856.55000000000291, 5943492.075000000186265 ], [ 43856.69999999999709, 5943492.075000000186265 ], [ 43856.69999999999709, 5943492.0 ], [ 43856.92500000000291, 5943492.0 ], [ 43856.92500000000291, 5943491.924999999813735 ], [ 43857.224999999998545, 5943491.924999999813735 ], [ 43857.224999999998545, 5943491.849999999627471 ], [ 43857.599999999998545, 5943491.849999999627471 ], [ 43857.599999999998545, 5943491.775000000372529 ], [ 43857.900000000001455, 5943491.775000000372529 ], [ 43857.900000000001455, 5943491.849999999627471 ], [ 43858.19999999999709, 5943491.849999999627471 ], [ 43858.19999999999709, 5943491.924999999813735 ], [ 43858.5, 5943491.924999999813735 ], [ 43858.5, 5943492.0 ], [ 43858.80000000000291, 5943492.0 ], [ 43858.80000000000291, 5943492.075000000186265 ], [ 43859.099999999998545, 5943492.075000000186265 ], [ 43859.099999999998545, 5943492.150000000372529 ], [ 43859.400000000001455, 5943492.150000000372529 ], [ 43859.400000000001455, 5943492.224999999627471 ], [ 43859.69999999999709, 5943492.224999999627471 ], [ 43859.69999999999709, 5943492.299999999813735 ], [ 43859.849999999998545, 5943492.299999999813735 ], [ 43859.849999999998545, 5943492.375 ], [ 43860.0, 5943492.375 ], [ 43860.0, 5943492.450000000186265 ], [ 43860.150000000001455, 5943492.450000000186265 ], [ 43860.150000000001455, 5943492.525000000372529 ], [ 43860.30000000000291, 5943492.525000000372529 ], [ 43860.30000000000291, 5943492.599999999627471 ], [ 43860.375, 5943492.599999999627471 ], [ 43860.375, 5943492.674999999813735 ], [ 43860.525000000001455, 5943492.674999999813735 ], [ 43860.525000000001455, 5943492.75 ], [ 43860.67500000000291, 5943492.75 ], [ 43860.67500000000291, 5943492.825000000186265 ], [ 43860.82499999999709, 5943492.825000000186265 ], [ 43860.82499999999709, 5943492.900000000372529 ], [ 43860.974999999998545, 5943492.900000000372529 ], [ 43860.974999999998545, 5943492.974999999627471 ], [ 43861.125, 5943492.974999999627471 ], [ 43861.125, 5943493.049999999813735 ], [ 43861.275000000001455, 5943493.049999999813735 ], [ 43861.275000000001455, 5943493.125 ], [ 43861.5, 5943493.125 ], [ 43861.5, 5943493.200000000186265 ], [ 43861.650000000001455, 5943493.200000000186265 ], [ 43861.650000000001455, 5943493.275000000372529 ], [ 43861.80000000000291, 5943493.275000000372529 ], [ 43861.80000000000291, 5943493.349999999627471 ], [ 43861.94999999999709, 5943493.349999999627471 ], [ 43861.94999999999709, 5943493.424999999813735 ], [ 43862.099999999998545, 5943493.424999999813735 ], [ 43862.099999999998545, 5943493.5 ], [ 43862.25, 5943493.5 ], [ 43862.25, 5943493.575000000186265 ], [ 43862.400000000001455, 5943493.575000000186265 ], [ 43862.400000000001455, 5943493.650000000372529 ], [ 43862.55000000000291, 5943493.650000000372529 ], [ 43862.55000000000291, 5943493.724999999627471 ], [ 43862.625, 5943493.724999999627471 ], [ 43862.625, 5943493.799999999813735 ], [ 43862.775000000001455, 5943493.799999999813735 ], [ 43862.775000000001455, 5943493.875 ], [ 43862.849999999998545, 5943493.875 ], [ 43862.849999999998545, 5943493.950000000186265 ], [ 43863.0, 5943493.950000000186265 ], [ 43863.0, 5943494.025000000372529 ], [ 43863.07499999999709, 5943494.025000000372529 ], [ 43863.07499999999709, 5943494.099999999627471 ], [ 43863.224999999998545, 5943494.099999999627471 ], [ 43863.224999999998545, 5943494.174999999813735 ], [ 43863.30000000000291, 5943494.174999999813735 ], [ 43863.30000000000291, 5943494.25 ], [ 43863.44999999999709, 5943494.25 ], [ 43863.44999999999709, 5943494.325000000186265 ], [ 43863.599999999998545, 5943494.325000000186265 ], [ 43863.599999999998545, 5943494.400000000372529 ], [ 43863.75, 5943494.400000000372529 ], [ 43863.75, 5943494.474999999627471 ], [ 43863.900000000001455, 5943494.474999999627471 ], [ 43863.900000000001455, 5943494.549999999813735 ], [ 43864.125, 5943494.549999999813735 ], [ 43864.125, 5943494.625 ], [ 43864.275000000001455, 5943494.625 ], [ 43864.275000000001455, 5943494.700000000186265 ], [ 43864.42500000000291, 5943494.700000000186265 ], [ 43864.42500000000291, 5943494.775000000372529 ], [ 43864.650000000001455, 5943494.775000000372529 ], [ 43864.650000000001455, 5943494.849999999627471 ], [ 43864.724999999998545, 5943494.849999999627471 ], [ 43864.724999999998545, 5943495.0 ], [ 43864.80000000000291, 5943495.0 ], [ 43864.80000000000291, 5943495.075000000186265 ], [ 43864.875, 5943495.075000000186265 ], [ 43864.875, 5943495.224999999627471 ], [ 43864.94999999999709, 5943495.224999999627471 ], [ 43864.94999999999709, 5943495.450000000186265 ], [ 43865.025000000001455, 5943495.450000000186265 ], [ 43865.025000000001455, 5943495.599999999627471 ], [ 43865.099999999998545, 5943495.599999999627471 ], [ 43865.099999999998545, 5943495.825000000186265 ], [ 43865.17500000000291, 5943495.825000000186265 ], [ 43865.17500000000291, 5943496.049999999813735 ], [ 43865.25, 5943496.049999999813735 ], [ 43865.25, 5943496.200000000186265 ], [ 43865.32499999999709, 5943496.200000000186265 ], [ 43865.32499999999709, 5943496.349999999627471 ], [ 43865.400000000001455, 5943496.349999999627471 ], [ 43865.400000000001455, 5943496.5 ], [ 43865.474999999998545, 5943496.5 ], [ 43865.474999999998545, 5943496.575000000186265 ], [ 43865.55000000000291, 5943496.575000000186265 ], [ 43865.55000000000291, 5943496.724999999627471 ], [ 43865.625, 5943496.724999999627471 ], [ 43865.625, 5943496.875 ], [ 43865.69999999999709, 5943496.875 ], [ 43865.69999999999709, 5943496.950000000186265 ], [ 43865.775000000001455, 5943496.950000000186265 ], [ 43865.775000000001455, 5943497.099999999627471 ], [ 43865.849999999998545, 5943497.099999999627471 ], [ 43865.849999999998545, 5943497.174999999813735 ], [ 43865.92500000000291, 5943497.174999999813735 ], [ 43865.92500000000291, 5943497.25 ], [ 43866.0, 5943497.25 ], [ 43866.0, 5943497.400000000372529 ], [ 43866.07499999999709, 5943497.400000000372529 ], [ 43866.07499999999709, 5943497.474999999627471 ], [ 43866.150000000001455, 5943497.474999999627471 ], [ 43866.150000000001455, 5943497.625 ], [ 43866.224999999998545, 5943497.625 ], [ 43866.224999999998545, 5943497.700000000186265 ], [ 43866.30000000000291, 5943497.700000000186265 ], [ 43866.30000000000291, 5943497.849999999627471 ], [ 43866.375, 5943497.849999999627471 ], [ 43866.375, 5943497.924999999813735 ], [ 43866.44999999999709, 5943497.924999999813735 ], [ 43866.44999999999709, 5943498.075000000186265 ], [ 43866.525000000001455, 5943498.075000000186265 ], [ 43866.525000000001455, 5943498.150000000372529 ], [ 43866.599999999998545, 5943498.150000000372529 ], [ 43866.599999999998545, 5943498.299999999813735 ], [ 43866.67500000000291, 5943498.299999999813735 ], [ 43866.67500000000291, 5943498.375 ], [ 43866.75, 5943498.375 ], [ 43866.75, 5943498.450000000186265 ], [ 43866.82499999999709, 5943498.450000000186265 ], [ 43866.82499999999709, 5943498.599999999627471 ], [ 43866.900000000001455, 5943498.599999999627471 ], [ 43866.900000000001455, 5943498.674999999813735 ], [ 43866.974999999998545, 5943498.674999999813735 ], [ 43866.974999999998545, 5943498.825000000186265 ], [ 43867.05000000000291, 5943498.825000000186265 ], [ 43867.05000000000291, 5943498.900000000372529 ], [ 43867.125, 5943498.900000000372529 ], [ 43867.125, 5943499.049999999813735 ], [ 43867.19999999999709, 5943499.049999999813735 ], [ 43867.19999999999709, 5943499.200000000186265 ], [ 43867.275000000001455, 5943499.200000000186265 ], [ 43867.275000000001455, 5943499.275000000372529 ], [ 43867.349999999998545, 5943499.275000000372529 ], [ 43867.349999999998545, 5943499.424999999813735 ], [ 43867.42500000000291, 5943499.424999999813735 ], [ 43867.42500000000291, 5943499.5 ], [ 43867.5, 5943499.5 ], [ 43867.5, 5943499.650000000372529 ], [ 43867.57499999999709, 5943499.650000000372529 ], [ 43867.57499999999709, 5943499.799999999813735 ], [ 43867.650000000001455, 5943499.799999999813735 ], [ 43867.650000000001455, 5943499.875 ], [ 43867.724999999998545, 5943499.875 ], [ 43867.724999999998545, 5943499.950000000186265 ], [ 43867.80000000000291, 5943499.950000000186265 ], [ 43867.80000000000291, 5943500.099999999627471 ], [ 43867.875, 5943500.099999999627471 ], [ 43867.875, 5943500.174999999813735 ], [ 43867.94999999999709, 5943500.174999999813735 ], [ 43867.94999999999709, 5943500.325000000186265 ], [ 43868.025000000001455, 5943500.325000000186265 ], [ 43868.025000000001455, 5943500.400000000372529 ], [ 43868.099999999998545, 5943500.400000000372529 ], [ 43868.099999999998545, 5943500.549999999813735 ], [ 43868.17500000000291, 5943500.549999999813735 ], [ 43868.17500000000291, 5943500.625 ], [ 43868.25, 5943500.625 ], [ 43868.25, 5943500.775000000372529 ], [ 43868.32499999999709, 5943500.775000000372529 ], [ 43868.32499999999709, 5943500.924999999813735 ], [ 43868.400000000001455, 5943500.924999999813735 ], [ 43868.400000000001455, 5943501.075000000186265 ], [ 43868.474999999998545, 5943501.075000000186265 ], [ 43868.474999999998545, 5943501.150000000372529 ], [ 43868.55000000000291, 5943501.150000000372529 ], [ 43868.55000000000291, 5943501.299999999813735 ], [ 43868.625, 5943501.299999999813735 ], [ 43868.625, 5943501.450000000186265 ], [ 43868.69999999999709, 5943501.450000000186265 ], [ 43868.69999999999709, 5943501.599999999627471 ], [ 43868.775000000001455, 5943501.599999999627471 ], [ 43868.775000000001455, 5943501.75 ], [ 43868.849999999998545, 5943501.75 ], [ 43868.849999999998545, 5943501.900000000372529 ], [ 43868.92500000000291, 5943501.900000000372529 ], [ 43868.92500000000291, 5943502.125 ], [ 43869.0, 5943502.125 ], [ 43869.0, 5943502.275000000372529 ], [ 43869.07499999999709, 5943502.275000000372529 ], [ 43869.07499999999709, 5943502.424999999813735 ], [ 43869.150000000001455, 5943502.424999999813735 ], [ 43869.150000000001455, 5943502.575000000186265 ], [ 43869.224999999998545, 5943502.575000000186265 ], [ 43869.224999999998545, 5943502.724999999627471 ], [ 43869.30000000000291, 5943502.724999999627471 ], [ 43869.30000000000291, 5943502.950000000186265 ], [ 43869.375, 5943502.950000000186265 ], [ 43869.375, 5943503.099999999627471 ], [ 43869.44999999999709, 5943503.099999999627471 ], [ 43869.44999999999709, 5943503.25 ], [ 43869.525000000001455, 5943503.25 ], [ 43869.525000000001455, 5943503.400000000372529 ], [ 43869.599999999998545, 5943503.400000000372529 ], [ 43869.599999999998545, 5943503.625 ], [ 43869.67500000000291, 5943503.625 ], [ 43869.67500000000291, 5943503.775000000372529 ], [ 43869.75, 5943503.775000000372529 ], [ 43869.75, 5943503.924999999813735 ], [ 43869.82499999999709, 5943503.924999999813735 ], [ 43869.82499999999709, 5943504.0 ], [ 43869.900000000001455, 5943504.0 ], [ 43869.900000000001455, 5943504.150000000372529 ], [ 43869.974999999998545, 5943504.150000000372529 ], [ 43869.974999999998545, 5943504.299999999813735 ], [ 43870.05000000000291, 5943504.299999999813735 ], [ 43870.05000000000291, 5943504.450000000186265 ], [ 43870.125, 5943504.450000000186265 ], [ 43870.125, 5943504.599999999627471 ], [ 43870.19999999999709, 5943504.599999999627471 ], [ 43870.19999999999709, 5943504.674999999813735 ], [ 43870.275000000001455, 5943504.674999999813735 ], [ 43870.275000000001455, 5943504.825000000186265 ], [ 43870.349999999998545, 5943504.825000000186265 ], [ 43870.349999999998545, 5943504.974999999627471 ], [ 43870.42500000000291, 5943504.974999999627471 ], [ 43870.42500000000291, 5943505.125 ], [ 43870.5, 5943505.125 ], [ 43870.5, 5943505.349999999627471 ], [ 43870.57499999999709, 5943505.349999999627471 ], [ 43870.57499999999709, 5943505.5 ], [ 43870.650000000001455, 5943505.5 ], [ 43870.650000000001455, 5943505.650000000372529 ], [ 43870.724999999998545, 5943505.650000000372529 ], [ 43870.724999999998545, 5943505.799999999813735 ], [ 43870.80000000000291, 5943505.799999999813735 ], [ 43870.80000000000291, 5943505.950000000186265 ], [ 43870.875, 5943505.950000000186265 ], [ 43870.875, 5943506.099999999627471 ], [ 43870.94999999999709, 5943506.099999999627471 ], [ 43870.94999999999709, 5943506.174999999813735 ], [ 43871.025000000001455, 5943506.174999999813735 ], [ 43871.025000000001455, 5943506.325000000186265 ], [ 43871.099999999998545, 5943506.325000000186265 ], [ 43871.099999999998545, 5943506.474999999627471 ], [ 43871.17500000000291, 5943506.474999999627471 ], [ 43871.17500000000291, 5943506.549999999813735 ], [ 43871.25, 5943506.549999999813735 ], [ 43871.25, 5943506.700000000186265 ], [ 43871.32499999999709, 5943506.700000000186265 ], [ 43871.32499999999709, 5943506.775000000372529 ], [ 43871.400000000001455, 5943506.775000000372529 ], [ 43871.400000000001455, 5943506.924999999813735 ], [ 43871.474999999998545, 5943506.924999999813735 ], [ 43871.474999999998545, 5943507.0 ], [ 43871.55000000000291, 5943507.0 ], [ 43871.55000000000291, 5943507.150000000372529 ], [ 43871.625, 5943507.150000000372529 ], [ 43871.625, 5943507.224999999627471 ], [ 43871.69999999999709, 5943507.224999999627471 ], [ 43871.69999999999709, 5943507.299999999813735 ], [ 43871.775000000001455, 5943507.299999999813735 ], [ 43871.775000000001455, 5943507.450000000186265 ], [ 43871.849999999998545, 5943507.450000000186265 ], [ 43871.849999999998545, 5943507.599999999627471 ], [ 43871.92500000000291, 5943507.599999999627471 ], [ 43871.92500000000291, 5943507.674999999813735 ], [ 43872.0, 5943507.674999999813735 ], [ 43872.0, 5943507.825000000186265 ], [ 43872.07499999999709, 5943507.825000000186265 ], [ 43872.07499999999709, 5943508.049999999813735 ], [ 43872.150000000001455, 5943508.049999999813735 ], [ 43872.150000000001455, 5943508.200000000186265 ], [ 43872.224999999998545, 5943508.200000000186265 ], [ 43872.224999999998545, 5943508.349999999627471 ], [ 43872.30000000000291, 5943508.349999999627471 ], [ 43872.30000000000291, 5943508.5 ], [ 43872.375, 5943508.5 ], [ 43872.375, 5943508.650000000372529 ], [ 43872.44999999999709, 5943508.650000000372529 ], [ 43872.44999999999709, 5943508.799999999813735 ], [ 43872.525000000001455, 5943508.799999999813735 ], [ 43872.525000000001455, 5943508.875 ], [ 43872.599999999998545, 5943508.875 ], [ 43872.599999999998545, 5943509.025000000372529 ], [ 43872.67500000000291, 5943509.025000000372529 ], [ 43872.67500000000291, 5943509.400000000372529 ], [ 43872.599999999998545, 5943509.400000000372529 ], [ 43872.599999999998545, 5943509.775000000372529 ], [ 43872.525000000001455, 5943509.775000000372529 ], [ 43872.525000000001455, 5943510.150000000372529 ], [ 43872.44999999999709, 5943510.150000000372529 ], [ 43872.44999999999709, 5943510.599999999627471 ], [ 43872.375, 5943510.599999999627471 ], [ 43872.375, 5943511.125 ], [ 43872.30000000000291, 5943511.125 ], [ 43872.30000000000291, 5943511.799999999813735 ], [ 43872.224999999998545, 5943511.799999999813735 ], [ 43872.224999999998545, 5943516.525000000372529 ], [ 43872.30000000000291, 5943516.525000000372529 ], [ 43872.30000000000291, 5943520.724999999627471 ], [ 43872.224999999998545, 5943520.724999999627471 ], [ 43872.224999999998545, 5943521.549999999813735 ], [ 43872.150000000001455, 5943521.549999999813735 ], [ 43872.150000000001455, 5943521.924999999813735 ], [ 43872.07499999999709, 5943521.924999999813735 ], [ 43872.07499999999709, 5943522.299999999813735 ], [ 43872.0, 5943522.299999999813735 ], [ 43872.0, 5943522.525000000372529 ], [ 43871.92500000000291, 5943522.525000000372529 ], [ 43871.92500000000291, 5943522.825000000186265 ], [ 43871.849999999998545, 5943522.825000000186265 ], [ 43871.849999999998545, 5943523.049999999813735 ], [ 43871.775000000001455, 5943523.049999999813735 ], [ 43871.775000000001455, 5943523.200000000186265 ], [ 43871.69999999999709, 5943523.200000000186265 ], [ 43871.69999999999709, 5943523.349999999627471 ], [ 43871.625, 5943523.349999999627471 ], [ 43871.625, 5943523.5 ], [ 43871.55000000000291, 5943523.5 ], [ 43871.55000000000291, 5943523.650000000372529 ], [ 43871.474999999998545, 5943523.650000000372529 ], [ 43871.474999999998545, 5943523.799999999813735 ], [ 43871.400000000001455, 5943523.799999999813735 ], [ 43871.400000000001455, 5943523.875 ], [ 43871.32499999999709, 5943523.875 ], [ 43871.32499999999709, 5943523.950000000186265 ], [ 43871.25, 5943523.950000000186265 ], [ 43871.25, 5943524.099999999627471 ], [ 43871.17500000000291, 5943524.099999999627471 ], [ 43871.17500000000291, 5943524.174999999813735 ], [ 43871.099999999998545, 5943524.174999999813735 ], [ 43871.099999999998545, 5943524.25 ], [ 43871.025000000001455, 5943524.25 ], [ 43871.025000000001455, 5943524.325000000186265 ], [ 43870.94999999999709, 5943524.325000000186265 ], [ 43870.94999999999709, 5943524.400000000372529 ], [ 43870.80000000000291, 5943524.400000000372529 ], [ 43870.80000000000291, 5943524.474999999627471 ], [ 43870.724999999998545, 5943524.474999999627471 ], [ 43870.724999999998545, 5943524.549999999813735 ], [ 43870.650000000001455, 5943524.549999999813735 ], [ 43870.650000000001455, 5943524.625 ], [ 43870.5, 5943524.625 ], [ 43870.5, 5943524.700000000186265 ], [ 43870.349999999998545, 5943524.700000000186265 ], [ 43870.349999999998545, 5943524.775000000372529 ], [ 43870.19999999999709, 5943524.775000000372529 ], [ 43870.19999999999709, 5943524.849999999627471 ], [ 43870.05000000000291, 5943524.849999999627471 ], [ 43870.05000000000291, 5943524.924999999813735 ], [ 43869.900000000001455, 5943524.924999999813735 ], [ 43869.900000000001455, 5943525.0 ], [ 43869.75, 5943525.0 ], [ 43869.75, 5943525.075000000186265 ], [ 43869.525000000001455, 5943525.075000000186265 ], [ 43869.525000000001455, 5943525.150000000372529 ], [ 43869.224999999998545, 5943525.150000000372529 ], [ 43869.224999999998545, 5943525.224999999627471 ], [ 43869.0, 5943525.224999999627471 ], [ 43869.0, 5943525.299999999813735 ], [ 43868.69999999999709, 5943525.299999999813735 ], [ 43868.69999999999709, 5943525.375 ], [ 43868.400000000001455, 5943525.375 ], [ 43868.400000000001455, 5943525.450000000186265 ], [ 43868.025000000001455, 5943525.450000000186265 ], [ 43868.025000000001455, 5943525.525000000372529 ], [ 43867.650000000001455, 5943525.525000000372529 ], [ 43867.650000000001455, 5943525.599999999627471 ], [ 43867.42500000000291, 5943525.599999999627471 ] ] ] } },
{ "type": "Feature", "properties": { "value": 1.0, "building_id": 12, "area": 116.72437500091633 }, "geometry": { "type": "Polygon", "coordinates": [ [ [ 43920.07499999999709, 5943505.349999999627471 ], [ 43920.07499999999709, 5943505.275000000372529 ], [ 43919.849999999998545, 5943505.275000000372529 ], [ 43919.849999999998545, 5943505.200000000186265 ], [ 43919.55000000000291, 5943505.200000000186265 ], [ 43919.55000000000291, 5943505.125 ], [ 43919.32499999999709, 5943505.125 ], [ 43919.32499999999709, 5943505.049999999813735 ], [ 43919.025000000001455, 5943505.049999999813735 ], [ 43919.025000000001455, 5943504.974999999627471 ], [ 43918.80000000000291, 5943504.974999999627471 ], [ 43918.80000000000291, 5943504.900000000372529 ], [ 43918.57499999999709, 5943504.900000000372529 ], [ 43918.57499999999709, 5943504.825000000186265 ], [ 43918.275000000001455, 5943504.825000000186265 ], [ 43918.275000000001455, 5943504.75 ], [ 43918.125, 5943504.75 ], [ 43918.125, 5943504.674999999813735 ], [ 43917.974999999998545, 5943504.674999999813735 ], [ 43917.974999999998545, 5943504.599999999627471 ], [ 43917.75, 5943504.599999999627471 ], [ 43917.75, 5943504.525000000372529 ], [ 43917.599999999998545, 5943504.525000000372529 ], [ 43917.599999999998545, 5943504.450000000186265 ], [ 43917.525000000001455, 5943504.450000000186265 ], [ 43917.525000000001455, 5943504.375 ], [ 43917.375, 5943504.375 ], [ 43917.375, 5943504.299999999813735 ], [ 43917.224999999998545, 5943504.299999999813735 ], [ 43917.224999999998545, 5943504.224999999627471 ], [ 43917.150000000001455, 5943504.224999999627471 ], [ 43917.150000000001455, 5943504.150000000372529 ], [ 43917.0, 5943504.150000000372529 ], [ 43917.0, 5943504.075000000186265 ], [ 43916.92500000000291, 5943504.075000000186265 ], [ 43916.92500000000291, 5943504.0 ], [ 43916.775000000001455, 5943504.0 ], [ 43916.775000000001455, 5943503.924999999813735 ], [ 43916.69999999999709, 5943503.924999999813735 ], [ 43916.69999999999709, 5943503.849999999627471 ], [ 43916.625, 5943503.849999999627471 ], [ 43916.625, 5943503.775000000372529 ], [ 43916.55000000000291, 5943503.775000000372529 ], [ 43916.55000000000291, 5943503.700000000186265 ], [ 43916.474999999998545, 5943503.700000000186265 ], [ 43916.474999999998545, 5943503.549999999813735 ], [ 43916.400000000001455, 5943503.549999999813735 ], [ 43916.400000000001455, 5943503.474999999627471 ], [ 43916.32499999999709, 5943503.474999999627471 ], [ 43916.32499999999709, 5943503.400000000372529 ], [ 43916.25, 5943503.400000000372529 ], [ 43916.25, 5943503.25 ], [ 43916.17500000000291, 5943503.25 ], [ 43916.17500000000291, 5943503.174999999813735 ], [ 43916.099999999998545, 5943503.174999999813735 ], [ 43916.099999999998545, 5943503.025000000372529 ], [ 43916.025000000001455, 5943503.025000000372529 ], [ 43916.025000000001455, 5943502.875 ], [ 43915.94999999999709, 5943502.875 ], [ 43915.94999999999709, 5943502.724999999627471 ], [ 43915.875, 5943502.724999999627471 ], [ 43915.875, 5943502.575000000186265 ], [ 43915.80000000000291, 5943502.575000000186265 ], [ 43915.80000000000291, 5943502.424999999813735 ], [ 43915.724999999998545, 5943502.424999999813735 ], [ 43915.724999999998545, 5943502.275000000372529 ], [ 43915.650000000001455, 5943502.275000000372529 ], [ 43915.650000000001455, 5943502.049999999813735 ], [ 43915.57499999999709, 5943502.049999999813735 ], [ 43915.57499999999709, 5943501.900000000372529 ], [ 43915.5, 5943501.900000000372529 ], [ 43915.5, 5943501.674999999813735 ], [ 43915.42500000000291, 5943501.674999999813735 ], [ 43915.42500000000291, 5943501.375 ], [ 43915.349999999998545, 5943501.375 ], [ 43915.349999999998545, 5943501.150000000372529 ], [ 43915.275000000001455, 5943501.150000000372529 ], [ 43915.275000000001455, 5943500.849999999627471 ], [ 43915.19999999999709, 5943500.849999999627471 ], [ 43915.19999999999709, 5943500.549999999813735 ], [ 43915.125, 5943500.549999999813735 ], [ 43915.125, 5943500.25 ], [ 43915.05000000000291, 5943500.25 ], [ 43915.05000000000291, 5943499.950000000186265 ], [ 43914.974999999998545, 5943499.950000000186265 ], [ 43914.974999999998545, 5943499.575000000186265 ], [ 43914.900000000001455, 5943499.575000000186265 ], [ 43914.900000000001455, 5943499.200000000186265 ], [ 43914.82499999999709, 5943499.200000000186265 ], [ 43914.82499999999709, 5943498.825000000186265 ], [ 43914.75, 5943498.825000000186265 ], [ 43914.75, 5943498.450000000186265 ], [ 43914.67500000000291, 5943498.450000000186265 ], [ 43914.67500000000291, 5943498.075000000186265 ], [ 43914.599999999998545, 5943498.075000000186265 ], [ 43914.599999999998545, 5943497.849999999627471 ], [ 43914.67500000000291, 5943497.849999999627471 ], [ 43914.67500000000291, 5943497.700000000186265 ], [ 43914.75, 5943497.700000000186265 ], [ 43914.75, 5943497.400000000372529 ], [ 43914.82499999999709, 5943497.400000000372529 ], [ 43914.82499999999709, 5943497.174999999813735 ], [ 43914.900000000001455, 5943497.174999999813735 ], [ 43914.900000000001455, 5943496.950000000186265 ], [ 43914.974999999998545, 5943496.950000000186265 ], [ 43914.974999999998545, 5943496.724999999627471 ], [ 43915.05000000000291, 5943496.724999999627471 ], [ 43915.05000000000291, 5943496.424999999813735 ], [ 43915.125, 5943496.424999999813735 ], [ 43915.125, 5943496.125 ], [ 43915.19999999999709, 5943496.125 ], [ 43915.19999999999709, 5943495.974999999627471 ], [ 43915.275000000001455, 5943495.974999999627471 ], [ 43915.275000000001455, 5943495.825000000186265 ], [ 43915.349999999998545, 5943495.825000000186265 ], [ 43915.349999999998545, 5943495.75 ], [ 43915.42500000000291, 5943495.75 ], [ 43915.42500000000291, 5943495.599999999627471 ], [ 43915.5, 5943495.599999999627471 ], [ 43915.5, 5943495.525000000372529 ], [ 43915.57499999999709, 5943495.525000000372529 ], [ 43915.57499999999709, 5943495.450000000186265 ], [ 43915.650000000001455, 5943495.450000000186265 ], [ 43915.650000000001455, 5943495.375 ], [ 43915.724999999998545, 5943495.375 ], [ 43915.724999999998545, 5943495.299999999813735 ], [ 43915.80000000000291, 5943495.299999999813735 ], [ 43915.80000000000291, 5943495.224999999627471 ], [ 43915.875, 5943495.224999999627471 ], [ 43915.875, 5943495.075000000186265 ], [ 43915.94999999999709, 5943495.075000000186265 ], [ 43915.94999999999709, 5943495.0 ], [ 43916.099999999998545, 5943495.0 ], [ 43916.099999999998545, 5943494.924999999813735 ], [ 43916.17500000000291, 5943494.924999999813735 ], [ 43916.17500000000291, 5943494.849999999627471 ], [ 43916.25, 5943494.849999999627471 ], [ 43916.25, 5943494.775000000372529 ], [ 43916.32499999999709, 5943494.775000000372529 ], [ 43916.32499999999709, 5943494.700000000186265 ], [ 43916.400000000001455, 5943494.700000000186265 ], [ 43916.400000000001455, 5943494.625 ], [ 43916.474999999998545, 5943494.625 ], [ 43916.474999999998545, 5943494.549999999813735 ], [ 43916.625, 5943494.549999999813735 ], [ 43916.625, 5943494.474999999627471 ], [ 43916.69999999999709, 5943494.474999999627471 ], [ 43916.69999999999709, 5943494.400000000372529 ], [ 43916.775000000001455, 5943494.400000000372529 ], [ 43916.775000000001455, 5943494.325000000186265 ], [ 43916.849999999998545, 5943494.325000000186265 ], [ 43916.849999999998545, 5943494.25 ], [ 43916.92500000000291, 5943494.25 ], [ 43916.92500000000291, 5943494.174999999813735 ], [ 43917.0, 5943494.174999999813735 ], [ 43917.0, 5943494.099999999627471 ], [ 43917.07499999999709, 5943494.099999999627471 ], [ 43917.07499999999709, 5943493.950000000186265 ], [ 43917.150000000001455, 5943493.950000000186265 ], [ 43917.150000000001455, 5943493.875 ], [ 43917.224999999998545, 5943493.875 ], [ 43917.224999999998545, 5943493.799999999813735 ], [ 43917.30000000000291, 5943493.799999999813735 ], [ 43917.30000000000291, 5943493.724999999627471 ], [ 43917.375, 5943493.724999999627471 ], [ 43917.375, 5943493.650000000372529 ], [ 43917.44999999999709, 5943493.650000000372529 ], [ 43917.44999999999709, 5943493.575000000186265 ], [ 43917.525000000001455, 5943493.575000000186265 ], [ 43917.525000000001455, 5943493.5 ], [ 43917.67500000000291, 5943493.5 ], [ 43917.67500000000291, 5943493.424999999813735 ], [ 43917.75, 5943493.424999999813735 ], [ 43917.75, 5943493.349999999627471 ], [ 43917.82499999999709, 5943493.349999999627471 ], [ 43917.82499999999709, 5943493.275000000372529 ], [ 43917.900000000001455, 5943493.275000000372529 ], [ 43917.900000000001455, 5943493.200000000186265 ], [ 43918.05000000000291, 5943493.200000000186265 ], [ 43918.05000000000291, 5943493.125 ], [ 43918.125, 5943493.125 ], [ 43918.125, 5943493.049999999813735 ], [ 43918.275000000001455, 5943493.049999999813735 ], [ 43918.275000000001455, 5943492.974999999627471 ], [ 43918.349999999998545, 5943492.974999999627471 ], [ 43918.349999999998545, 5943492.900000000372529 ], [ 43918.5, 5943492.900000000372529 ], [ 43918.5, 5943492.825000000186265 ], [ 43918.650000000001455, 5943492.825000000186265 ], [ 43918.650000000001455, 5943492.75 ], [ 43918.724999999998545, 5943492.75 ], [ 43918.724999999998545, 5943492.674999999813735 ], [ 43918.875, 5943492.674999999813735 ], [ 43918.875, 5943492.599999999627471 ], [ 43918.94999999999709, 5943492.599999999627471 ], [ 43918.94999999999709, 5943492.525000000372529 ], [ 43919.099999999998545, 5943492.525000000372529 ], [ 43919.099999999998545, 5943492.450000000186265 ], [ 43919.17500000000291, 5943492.450000000186265 ], [ 43919.17500000000291, 5943492.375 ], [ 43919.25, 5943492.375 ], [ 43919.25, 5943492.299999999813735 ], [ 43919.400000000001455, 5943492.299999999813735 ], [ 43919.400000000001455, 5943492.224999999627471 ], [ 43919.474999999998545, 5943492.224999999627471 ], [ 43919.474999999998545, 5943492.150000000372529 ], [ 43919.55000000000291, 5943492.150000000372529 ], [ 43919.55000000000291, 5943492.075000000186265 ], [ 43919.625, 5943492.075000000186265 ], [ 43919.625, 5943492.0 ], [ 43919.69999999999709, 5943492.0 ], [ 43919.69999999999709, 5943491.924999999813735 ], [ 43919.775000000001455, 5943491.924999999813735 ], [ 43919.775000000001455, 5943491.849999999627471 ], [ 43919.92500000000291, 5943491.849999999627471 ], [ 43919.92500000000291, 5943491.775000000372529 ], [ 43920.0, 5943491.775000000372529 ], [ 43920.0, 5943491.700000000186265 ], [ 43920.07499999999709, 5943491.700000000186265 ], [ 43920.07499999999709, 5943491.625 ], [ 43920.224999999998545, 5943491.625 ], [ 43920.224999999998545, 5943491.549999999813735 ], [ 43920.900000000001455, 5943491.549999999813735 ], [ 43920.900000000001455, 5943491.474999999627471 ], [ 43922.32499999999709, 5943491.474999999627471 ], [ 43922.32499999999709, 5943491.549999999813735 ], [ 43922.474999999998545, 5943491.549999999813735 ], [ 43922.474999999998545, 5943491.625 ], [ 43922.625, 5943491.625 ], [ 43922.625, 5943491.700000000186265 ], [ 43922.69999999999709, 5943491.700000000186265 ], [ 43922.69999999999709, 5943491.775000000372529 ], [ 43922.849999999998545, 5943491.775000000372529 ], [ 43922.849999999998545, 5943491.849999999627471 ], [ 43922.92500000000291, 5943491.849999999627471 ], [ 43922.92500000000291, 5943491.924999999813735 ], [ 43923.0, 5943491.924999999813735 ], [ 43923.0, 5943492.0 ], [ 43923.07499999999709, 5943492.0 ], [ 43923.07499999999709, 5943492.075000000186265 ], [ 43923.150000000001455, 5943492.075000000186265 ], [ 43923.150000000001455, 5943492.150000000372529 ], [ 43923.224999999998545, 5943492.150000000372529 ], [ 43923.224999999998545, 5943492.224999999627471 ], [ 43923.30000000000291, 5943492.224999999627471 ], [ 43923.30000000000291, 5943492.299999999813735 ], [ 43923.44999999999709, 5943492.299999999813735 ], [ 43923.44999999999709, 5943492.375 ], [ 43923.525000000001455, 5943492.375 ], [ 43923.525000000001455, 5943492.450000000186265 ], [ 43923.599999999998545, 5943492.450000000186265 ], [ 43923.599999999998545, 5943492.525000000372529 ], [ 43923.67500000000291, 5943492.525000000372529 ], [ 43923.67500000000291, 5943492.599999999627471 ], [ 43923.75, 5943492.599999999627471 ], [ 43923.75, 5943492.674999999813735 ], [ 43923.82499999999709, 5943492.674999999813735 ], [ 43923.82499999999709, 5943492.75 ], [ 43923.974999999998545, 5943492.75 ], [ 43923.974999999998545, 5943492.825000000186265 ], [ 43924.05000000000291, 5943492.825000000186265 ], [ 43924.05000000000291, 5943492.900000000372529 ], [ 43924.125, 5943492.900000000372529 ], [ 43924.125, 5943492.974999999627471 ], [ 43924.275000000001455, 5943492.974999999627471 ], [ 43924.275000000001455, 5943493.049999999813735 ], [ 43924.349999999998545, 5943493.049999999813735 ], [ 43924.349999999998545, 5943493.125 ], [ 43924.42500000000291, 5943493.125 ], [ 43924.42500000000291, 5943493.200000000186265 ], [ 43924.5, 5943493.200000000186265 ], [ 43924.5, 5943493.275000000372529 ], [ 43924.57499999999709, 5943493.275000000372529 ], [ 43924.57499999999709, 5943493.349999999627471 ], [ 43924.650000000001455, 5943493.349999999627471 ], [ 43924.650000000001455, 5943493.424999999813735 ], [ 43924.724999999998545, 5943493.424999999813735 ], [ 43924.724999999998545, 5943493.5 ], [ 43924.80000000000291, 5943493.5 ], [ 43924.80000000000291, 5943493.650000000372529 ], [ 43924.875, 5943493.650000000372529 ], [ 43924.875, 5943493.724999999627471 ], [ 43924.94999999999709, 5943493.724999999627471 ], [ 43924.94999999999709, 5943493.875 ], [ 43925.025000000001455, 5943493.875 ], [ 43925.025000000001455, 5943493.950000000186265 ], [ 43925.099999999998545, 5943493.950000000186265 ], [ 43925.099999999998545, 5943494.099999999627471 ], [ 43925.17500000000291, 5943494.099999999627471 ], [ 43925.17500000000291, 5943494.25 ], [ 43925.25, 5943494.25 ], [ 43925.25, 5943494.400000000372529 ], [ 43925.32499999999709, 5943494.400000000372529 ], [ 43925.32499999999709, 5943494.549999999813735 ], [ 43925.400000000001455, 5943494.549999999813735 ], [ 43925.400000000001455, 5943494.700000000186265 ], [ 43925.474999999998545, 5943494.700000000186265 ], [ 43925.474999999998545, 5943494.849999999627471 ], [ 43925.55000000000291, 5943494.849999999627471 ], [ 43925.55000000000291, 5943495.0 ], [ 43925.625, 5943495.0 ], [ 43925.625, 5943495.224999999627471 ], [ 43925.69999999999709, 5943495.224999999627471 ], [ 43925.69999999999709, 5943495.375 ], [ 43925.775000000001455, 5943495.375 ], [ 43925.775000000001455, 5943495.525000000372529 ], [ 43925.849999999998545, 5943495.525000000372529 ], [ 43925.849999999998545, 5943495.674999999813735 ], [ 43925.92500000000291, 5943495.674999999813735 ], [ 43925.92500000000291, 5943495.825000000186265 ], [ 43926.0, 5943495.825000000186265 ], [ 43926.0, 5943495.974999999627471 ], [ 43926.07499999999709, 5943495.974999999627471 ], [ 43926.07499999999709, 5943497.549999999813735 ], [ 43926.150000000001455, 5943497.549999999813735 ], [ 43926.150000000001455, 5943498.0 ], [ 43926.07499999999709, 5943498.0 ], [ 43926.07499999999709, 5943498.150000000372529 ], [ 43926.0, 5943498.150000000372529 ], [ 43926.0, 5943498.299999999813735 ], [ 43925.92500000000291, 5943498.299999999813735 ], [ 43925.92500000000291, 5943498.450000000186265 ], [ 43925.849999999998545, 5943498.450000000186265 ], [ 43925.849999999998545, 5943498.674999999813735 ], [ 43925.775000000001455, 5943498.674999999813735 ], [ 43925.775000000001455, 5943498.825000000186265 ], [ 43925.69999999999709, 5943498.825000000186265 ], [ 43925.69999999999709, 5943499.049999999813735 ], [ 43925.625, 5943499.049999999813735 ], [ 43925.625, 5943499.275000000372529 ], [ 43925.55000000000291, 5943499.275000000372529 ], [ 43925.55000000000291, 5943499.424999999813735 ], [ 43925.474999999998545, 5943499.424999999813735 ], [ 43925.474999999998545, 5943499.650000000372529 ], [ 43925.400000000001455, 5943499.650000000372529 ], [ 43925.400000000001455, 5943499.875 ], [ 43925.32499999999709, 5943499.875 ], [ 43925.32499999999709, 5943500.099999999627471 ], [ 43925.25, 5943500.099999999627471 ], [ 43925.25, 5943500.400000000372529 ], [ 43925.17500000000291, 5943500.400000000372529 ], [ 43925.17500000000291, 5943500.549999999813735 ], [ 43925.099999999998545, 5943500.549999999813735 ], [ 43925.099999999998545, 5943500.775000000372529 ], [ 43925.025000000001455, 5943500.775000000372529 ], [ 43925.025000000001455, 5943501.0 ], [ 43924.94999999999709, 5943501.0 ], [ 43924.94999999999709, 5943501.224999999627471 ], [ 43924.875, 5943501.224999999627471 ], [ 43924.875, 5943501.450000000186265 ], [ 43924.80000000000291, 5943501.450000000186265 ], [ 43924.80000000000291, 5943501.599999999627471 ], [ 43924.724999999998545, 5943501.599999999627471 ], [ 43924.724999999998545, 5943501.825000000186265 ], [ 43924.650000000001455, 5943501.825000000186265 ], [ 43924.650000000001455, 5943501.974999999627471 ], [ 43924.57499999999709, 5943501.974999999627471 ], [ 43924.57499999999709, 5943502.125 ], [ 43924.5, 5943502.125 ], [ 43924.5, 5943502.275000000372529 ], [ 43924.42500000000291, 5943502.275000000372529 ], [ 43924.42500000000291, 5943502.424999999813735 ], [ 43924.349999999998545, 5943502.424999999813735 ], [ 43924.349999999998545, 5943502.5 ], [ 43924.275000000001455, 5943502.5 ], [ 43924.275000000001455, 5943502.650000000372529 ], [ 43924.19999999999709, 5943502.650000000372529 ], [ 43924.19999999999709, 5943502.724999999627471 ], [ 43924.125, 5943502.724999999627471 ], [ 43924.125, 5943502.799999999813735 ], [ 43924.05000000000291, 5943502.799999999813735 ], [ 43924.05000000000291, 5943502.950000000186265 ], [ 43923.974999999998545, 5943502.950000000186265 ], [ 43923.974999999998545, 5943503.025000000372529 ], [ 43923.900000000001455, 5943503.025000000372529 ], [ 43923.900000000001455, 5943503.099999999627471 ], [ 43923.82499999999709, 5943503.099999999627471 ], [ 43923.82499999999709, 5943503.25 ], [ 43923.75, 5943503.25 ], [ 43923.75, 5943503.325000000186265 ], [ 43923.67500000000291, 5943503.325000000186265 ], [ 43923.67500000000291, 5943503.474999999627471 ], [ 43923.599999999998545, 5943503.474999999627471 ], [ 43923.599999999998545, 5943503.625 ], [ 43923.525000000001455, 5943503.625 ], [ 43923.525000000001455, 5943503.700000000186265 ], [ 43923.44999999999709, 5943503.700000000186265 ], [ 43923.44999999999709, 5943503.849999999627471 ], [ 43923.375, 5943503.849999999627471 ], [ 43923.375, 5943503.924999999813735 ], [ 43923.30000000000291, 5943503.924999999813735 ], [ 43923.30000000000291, 5943504.0 ], [ 43923.224999999998545, 5943504.0 ], [ 43923.224999999998545, 5943504.075000000186265 ], [ 43923.150000000001455, 5943504.075000000186265 ], [ 43923.150000000001455, 5943504.150000000372529 ], [ 43923.07499999999709, 5943504.150000000372529 ], [ 43923.07499999999709, 5943504.224999999627471 ], [ 43923.0, 5943504.224999999627471 ], [ 43923.0, 5943504.299999999813735 ], [ 43922.92500000000291, 5943504.299999999813735 ], [ 43922.92500000000291, 5943504.375 ], [ 43922.849999999998545, 5943504.375 ], [ 43922.849999999998545, 5943504.450000000186265 ], [ 43922.775000000001455, 5943504.450000000186265 ], [ 43922.775000000001455, 5943504.525000000372529 ], [ 43922.69999999999709, 5943504.525000000372529 ], [ 43922.69999999999709, 5943504.599999999627471 ], [ 43922.625, 5943504.599999999627471 ], [ 43922.625, 5943504.674999999813735 ], [ 43922.55000000000291, 5943504.674999999813735 ], [ 43922.55000000000291, 5943504.75 ], [ 43922.400000000001455, 5943504.75 ], [ 43922.400000000001455, 5943504.825000000186265 ], [ 43922.32499999999709, 5943504.825000000186265 ], [ 43922.32499999999709, 5943504.900000000372529 ], [ 43922.099999999998545, 5943504.900000000372529 ], [ 43922.099999999998545, 5943504.974999999627471 ], [ 43921.80000000000291, 5943504.974999999627471 ], [ 43921.80000000000291, 5943505.049999999813735 ], [ 43921.42500000000291, 5943505.049999999813735 ], [ 43921.42500000000291, 5943505.125 ], [ 43921.125, 5943505.125 ], [ 43921.125, 5943505.200000000186265 ], [ 43920.82499999999709, 5943505.200000000186265 ], [ 43920.82499999999709, 5943505.275000000372529 ], [ 43920.525000000001455, 5943505.275000000372529 ], [ 43920.525000000001455, 5943505.349999999627471 ], [ 43920.07499999999709, 5943505.349999999627471 ] ] ] } },
{ "type": "Feature", "properties": { "value": 1.0, "building_id": 13, "area": 556.05937499930303 }, "geometry": { "type": "Polygon", "coordinates": [ [ [ 43781.55000000000291, 5943523.724999999627471 ], [ 43781.55000000000291, 5943523.650000000372529 ], [ 43781.32499999999709, 5943523.650000000372529 ], [ 43781.32499999999709, 5943523.575000000186265 ], [ 43781.099999999998545, 5943523.575000000186265 ], [ 43781.099999999998545, 5943523.5 ], [ 43780.94999999999709, 5943523.5 ], [ 43780.94999999999709, 5943523.424999999813735 ], [ 43780.80000000000291, 5943523.424999999813735 ], [ 43780.80000000000291, 5943523.349999999627471 ], [ 43780.57499999999709, 5943523.349999999627471 ], [ 43780.57499999999709, 5943523.275000000372529 ], [ 43780.42500000000291, 5943523.275000000372529 ], [ 43780.42500000000291, 5943523.200000000186265 ], [ 43780.19999999999709, 5943523.200000000186265 ], [ 43780.19999999999709, 5943523.125 ], [ 43780.05000000000291, 5943523.125 ], [ 43780.05000000000291, 5943523.049999999813735 ], [ 43779.82499999999709, 5943523.049999999813735 ], [ 43779.82499999999709, 5943522.974999999627471 ], [ 43779.599999999998545, 5943522.974999999627471 ], [ 43779.599999999998545, 5943522.900000000372529 ], [ 43779.525000000001455, 5943522.900000000372529 ], [ 43779.525000000001455, 5943522.825000000186265 ], [ 43779.44999999999709, 5943522.825000000186265 ], [ 43779.44999999999709, 5943522.75 ], [ 43779.30000000000291, 5943522.75 ], [ 43779.30000000000291, 5943522.674999999813735 ], [ 43779.224999999998545, 5943522.674999999813735 ], [ 43779.224999999998545, 5943522.599999999627471 ], [ 43779.07499999999709, 5943522.599999999627471 ], [ 43779.07499999999709, 5943522.525000000372529 ], [ 43779.0, 5943522.525000000372529 ], [ 43779.0, 5943522.450000000186265 ], [ 43778.92500000000291, 5943522.450000000186265 ], [ 43778.92500000000291, 5943522.375 ], [ 43778.775000000001455, 5943522.375 ], [ 43778.775000000001455, 5943522.299999999813735 ], [ 43778.69999999999709, 5943522.299999999813735 ], [ 43778.69999999999709, 5943522.224999999627471 ], [ 43778.625, 5943522.224999999627471 ], [ 43778.625, 5943522.150000000372529 ], [ 43778.474999999998545, 5943522.150000000372529 ], [ 43778.474999999998545, 5943522.075000000186265 ], [ 43778.400000000001455, 5943522.075000000186265 ], [ 43778.400000000001455, 5943522.0 ], [ 43778.32499999999709, 5943522.0 ], [ 43778.32499999999709, 5943521.924999999813735 ], [ 43778.25, 5943521.924999999813735 ], [ 43778.25, 5943521.849999999627471 ], [ 43778.099999999998545, 5943521.849999999627471 ], [ 43778.099999999998545, 5943521.775000000372529 ], [ 43778.025000000001455, 5943521.775000000372529 ], [ 43778.025000000001455, 5943521.700000000186265 ], [ 43777.94999999999709, 5943521.700000000186265 ], [ 43777.94999999999709, 5943521.625 ], [ 43777.80000000000291, 5943521.625 ], [ 43777.80000000000291, 5943521.549999999813735 ], [ 43777.724999999998545, 5943521.549999999813735 ], [ 43777.724999999998545, 5943521.474999999627471 ], [ 43777.650000000001455, 5943521.474999999627471 ], [ 43777.650000000001455, 5943521.400000000372529 ], [ 43777.57499999999709, 5943521.400000000372529 ], [ 43777.57499999999709, 5943521.325000000186265 ], [ 43777.5, 5943521.325000000186265 ], [ 43777.5, 5943521.174999999813735 ], [ 43777.42500000000291, 5943521.174999999813735 ], [ 43777.42500000000291, 5943521.099999999627471 ], [ 43777.349999999998545, 5943521.099999999627471 ], [ 43777.349999999998545, 5943520.950000000186265 ], [ 43777.275000000001455, 5943520.950000000186265 ], [ 43777.275000000001455, 5943520.875 ], [ 43777.19999999999709, 5943520.875 ], [ 43777.19999999999709, 5943520.724999999627471 ], [ 43777.125, 5943520.724999999627471 ], [ 43777.125, 5943520.650000000372529 ], [ 43777.05000000000291, 5943520.650000000372529 ], [ 43777.05000000000291, 5943520.5 ], [ 43776.974999999998545, 5943520.5 ], [ 43776.974999999998545, 5943520.424999999813735 ], [ 43776.900000000001455, 5943520.424999999813735 ], [ 43776.900000000001455, 5943520.349999999627471 ], [ 43776.82499999999709, 5943520.349999999627471 ], [ 43776.82499999999709, 5943520.200000000186265 ], [ 43776.75, 5943520.200000000186265 ], [ 43776.75, 5943520.125 ], [ 43776.67500000000291, 5943520.125 ], [ 43776.67500000000291, 5943520.049999999813735 ], [ 43776.599999999998545, 5943520.049999999813735 ], [ 43776.599999999998545, 5943519.900000000372529 ], [ 43776.525000000001455, 5943519.900000000372529 ], [ 43776.525000000001455, 5943519.825000000186265 ], [ 43776.44999999999709, 5943519.825000000186265 ], [ 43776.44999999999709, 5943519.75 ], [ 43776.375, 5943519.75 ], [ 43776.375, 5943519.674999999813735 ], [ 43776.30000000000291, 5943519.674999999813735 ], [ 43776.30000000000291, 5943519.599999999627471 ], [ 43776.224999999998545, 5943519.599999999627471 ], [ 43776.224999999998545, 5943519.450000000186265 ], [ 43776.150000000001455, 5943519.450000000186265 ], [ 43776.150000000001455, 5943519.224999999627471 ], [ 43776.07499999999709, 5943519.224999999627471 ], [ 43776.07499999999709, 5943518.924999999813735 ], [ 43776.0, 5943518.924999999813735 ], [ 43776.0, 5943518.625 ], [ 43775.92500000000291, 5943518.625 ], [ 43775.92500000000291, 5943518.400000000372529 ], [ 43775.849999999998545, 5943518.400000000372529 ], [ 43775.849999999998545, 5943518.25 ], [ 43775.775000000001455, 5943518.25 ], [ 43775.775000000001455, 5943518.099999999627471 ], [ 43775.69999999999709, 5943518.099999999627471 ], [ 43775.69999999999709, 5943517.950000000186265 ], [ 43775.625, 5943517.950000000186265 ], [ 43775.625, 5943517.799999999813735 ], [ 43775.55000000000291, 5943517.799999999813735 ], [ 43775.55000000000291, 5943517.650000000372529 ], [ 43775.474999999998545, 5943517.650000000372529 ], [ 43775.474999999998545, 5943517.575000000186265 ], [ 43775.400000000001455, 5943517.575000000186265 ], [ 43775.400000000001455, 5943517.424999999813735 ], [ 43775.32499999999709, 5943517.424999999813735 ], [ 43775.32499999999709, 5943517.349999999627471 ], [ 43775.25, 5943517.349999999627471 ], [ 43775.25, 5943517.275000000372529 ], [ 43775.17500000000291, 5943517.275000000372529 ], [ 43775.17500000000291, 5943517.200000000186265 ], [ 43775.099999999998545, 5943517.200000000186265 ], [ 43775.099999999998545, 5943517.125 ], [ 43775.025000000001455, 5943517.125 ], [ 43775.025000000001455, 5943517.049999999813735 ], [ 43774.875, 5943517.049999999813735 ], [ 43774.875, 5943516.974999999627471 ], [ 43774.80000000000291, 5943516.974999999627471 ], [ 43774.80000000000291, 5943516.900000000372529 ], [ 43774.650000000001455, 5943516.900000000372529 ], [ 43774.650000000001455, 5943516.825000000186265 ], [ 43774.57499999999709, 5943516.825000000186265 ], [ 43774.57499999999709, 5943516.75 ], [ 43774.42500000000291, 5943516.75 ], [ 43774.42500000000291, 5943516.674999999813735 ], [ 43774.19999999999709, 5943516.674999999813735 ], [ 43774.19999999999709, 5943516.599999999627471 ], [ 43774.05000000000291, 5943516.599999999627471 ], [ 43774.05000000000291, 5943516.525000000372529 ], [ 43773.82499999999709, 5943516.525000000372529 ], [ 43773.82499999999709, 5943516.450000000186265 ], [ 43773.67500000000291, 5943516.450000000186265 ], [ 43773.67500000000291, 5943516.375 ], [ 43773.525000000001455, 5943516.375 ], [ 43773.525000000001455, 5943516.299999999813735 ], [ 43773.44999999999709, 5943516.299999999813735 ], [ 43773.44999999999709, 5943516.224999999627471 ], [ 43773.30000000000291, 5943516.224999999627471 ], [ 43773.30000000000291, 5943516.150000000372529 ], [ 43773.150000000001455, 5943516.150000000372529 ], [ 43773.150000000001455, 5943516.075000000186265 ], [ 43773.0, 5943516.075000000186265 ], [ 43773.0, 5943516.0 ], [ 43772.849999999998545, 5943516.0 ], [ 43772.849999999998545, 5943515.924999999813735 ], [ 43772.775000000001455, 5943515.924999999813735 ], [ 43772.775000000001455, 5943515.849999999627471 ], [ 43772.625, 5943515.849999999627471 ], [ 43772.625, 5943515.775000000372529 ], [ 43772.474999999998545, 5943515.775000000372529 ], [ 43772.474999999998545, 5943515.700000000186265 ], [ 43772.32499999999709, 5943515.700000000186265 ], [ 43772.32499999999709, 5943515.625 ], [ 43772.17500000000291, 5943515.625 ], [ 43772.17500000000291, 5943515.549999999813735 ], [ 43772.099999999998545, 5943515.549999999813735 ], [ 43772.099999999998545, 5943515.474999999627471 ], [ 43771.94999999999709, 5943515.474999999627471 ], [ 43771.94999999999709, 5943515.400000000372529 ], [ 43771.80000000000291, 5943515.400000000372529 ], [ 43771.80000000000291, 5943515.325000000186265 ], [ 43771.724999999998545, 5943515.325000000186265 ], [ 43771.724999999998545, 5943515.25 ], [ 43771.650000000001455, 5943515.25 ], [ 43771.650000000001455, 5943515.174999999813735 ], [ 43771.57499999999709, 5943515.174999999813735 ], [ 43771.57499999999709, 5943515.099999999627471 ], [ 43771.5, 5943515.099999999627471 ], [ 43771.5, 5943515.025000000372529 ], [ 43771.42500000000291, 5943515.025000000372529 ], [ 43771.42500000000291, 5943514.950000000186265 ], [ 43771.349999999998545, 5943514.950000000186265 ], [ 43771.349999999998545, 5943514.875 ], [ 43771.275000000001455, 5943514.875 ], [ 43771.275000000001455, 5943514.724999999627471 ], [ 43771.19999999999709, 5943514.724999999627471 ], [ 43771.19999999999709, 5943514.650000000372529 ], [ 43771.125, 5943514.650000000372529 ], [ 43771.125, 5943514.575000000186265 ], [ 43771.05000000000291, 5943514.575000000186265 ], [ 43771.05000000000291, 5943514.5 ], [ 43770.974999999998545, 5943514.5 ], [ 43770.974999999998545, 5943514.424999999813735 ], [ 43770.900000000001455, 5943514.424999999813735 ], [ 43770.900000000001455, 5943514.275000000372529 ], [ 43770.82499999999709, 5943514.275000000372529 ], [ 43770.82499999999709, 5943514.200000000186265 ], [ 43770.75, 5943514.200000000186265 ], [ 43770.75, 5943514.125 ], [ 43770.67500000000291, 5943514.125 ], [ 43770.67500000000291, 5943513.974999999627471 ], [ 43770.599999999998545, 5943513.974999999627471 ], [ 43770.599999999998545, 5943513.900000000372529 ], [ 43770.525000000001455, 5943513.900000000372529 ], [ 43770.525000000001455, 5943513.75 ], [ 43770.44999999999709, 5943513.75 ], [ 43770.44999999999709, 5943513.674999999813735 ], [ 43770.375, 5943513.674999999813735 ], [ 43770.375, 5943513.525000000372529 ], [ 43770.30000000000291, 5943513.525000000372529 ], [ 43770.30000000000291, 5943513.375 ], [ 43770.224999999998545, 5943513.375 ], [ 43770.224999999998545, 5943513.299999999813735 ], [ 43770.150000000001455, 5943513.299999999813735 ], [ 43770.150000000001455, 5943513.150000000372529 ], [ 43770.07499999999709, 5943513.150000000372529 ], [ 43770.07499999999709, 5943513.075000000186265 ], [ 43770.0, 5943513.075000000186265 ], [ 43770.0, 5943513.0 ], [ 43769.92500000000291, 5943513.0 ], [ 43769.92500000000291, 5943512.849999999627471 ], [ 43769.849999999998545, 5943512.849999999627471 ], [ 43769.849999999998545, 5943512.775000000372529 ], [ 43769.775000000001455, 5943512.775000000372529 ], [ 43769.775000000001455, 5943512.700000000186265 ], [ 43769.69999999999709, 5943512.700000000186265 ], [ 43769.69999999999709, 5943512.625 ], [ 43769.625, 5943512.625 ], [ 43769.625, 5943512.474999999627471 ], [ 43769.55000000000291, 5943512.474999999627471 ], [ 43769.55000000000291, 5943512.400000000372529 ], [ 43769.474999999998545, 5943512.400000000372529 ], [ 43769.474999999998545, 5943512.325000000186265 ], [ 43769.400000000001455, 5943512.325000000186265 ], [ 43769.400000000001455, 5943512.174999999813735 ], [ 43769.32499999999709, 5943512.174999999813735 ], [ 43769.32499999999709, 5943512.099999999627471 ], [ 43769.25, 5943512.099999999627471 ], [ 43769.25, 5943512.025000000372529 ], [ 43769.17500000000291, 5943512.025000000372529 ], [ 43769.17500000000291, 5943511.875 ], [ 43769.099999999998545, 5943511.875 ], [ 43769.099999999998545, 5943511.799999999813735 ], [ 43769.025000000001455, 5943511.799999999813735 ], [ 43769.025000000001455, 5943511.724999999627471 ], [ 43768.94999999999709, 5943511.724999999627471 ], [ 43768.94999999999709, 5943511.575000000186265 ], [ 43768.875, 5943511.575000000186265 ], [ 43768.875, 5943511.5 ], [ 43768.724999999998545, 5943511.5 ], [ 43768.724999999998545, 5943511.424999999813735 ], [ 43768.650000000001455, 5943511.424999999813735 ], [ 43768.650000000001455, 5943511.349999999627471 ], [ 43768.57499999999709, 5943511.349999999627471 ], [ 43768.57499999999709, 5943511.275000000372529 ], [ 43768.42500000000291, 5943511.275000000372529 ], [ 43768.42500000000291, 5943511.200000000186265 ], [ 43768.275000000001455, 5943511.200000000186265 ], [ 43768.275000000001455, 5943511.125 ], [ 43768.19999999999709, 5943511.125 ], [ 43768.19999999999709, 5943511.049999999813735 ], [ 43768.05000000000291, 5943511.049999999813735 ], [ 43768.05000000000291, 5943510.974999999627471 ], [ 43767.900000000001455, 5943510.974999999627471 ], [ 43767.900000000001455, 5943510.900000000372529 ], [ 43767.67500000000291, 5943510.900000000372529 ], [ 43767.67500000000291, 5943510.825000000186265 ], [ 43767.44999999999709, 5943510.825000000186265 ], [ 43767.44999999999709, 5943510.75 ], [ 43767.30000000000291, 5943510.75 ], [ 43767.30000000000291, 5943510.674999999813735 ], [ 43767.07499999999709, 5943510.674999999813735 ], [ 43767.07499999999709, 5943510.599999999627471 ], [ 43766.775000000001455, 5943510.599999999627471 ], [ 43766.775000000001455, 5943510.525000000372529 ], [ 43766.55000000000291, 5943510.525000000372529 ], [ 43766.55000000000291, 5943510.450000000186265 ], [ 43766.25, 5943510.450000000186265 ], [ 43766.25, 5943510.375 ], [ 43765.94999999999709, 5943510.375 ], [ 43765.94999999999709, 5943510.299999999813735 ], [ 43765.57499999999709, 5943510.299999999813735 ], [ 43765.57499999999709, 5943510.224999999627471 ], [ 43765.275000000001455, 5943510.224999999627471 ], [ 43765.275000000001455, 5943510.150000000372529 ], [ 43765.05000000000291, 5943510.150000000372529 ], [ 43765.05000000000291, 5943510.075000000186265 ], [ 43764.75, 5943510.075000000186265 ], [ 43764.75, 5943510.0 ], [ 43764.44999999999709, 5943510.0 ], [ 43764.44999999999709, 5943509.924999999813735 ], [ 43764.224999999998545, 5943509.924999999813735 ], [ 43764.224999999998545, 5943509.849999999627471 ], [ 43764.0, 5943509.849999999627471 ], [ 43764.0, 5943509.775000000372529 ], [ 43763.849999999998545, 5943509.775000000372529 ], [ 43763.849999999998545, 5943509.700000000186265 ], [ 43763.69999999999709, 5943509.700000000186265 ], [ 43763.69999999999709, 5943509.625 ], [ 43763.55000000000291, 5943509.625 ], [ 43763.55000000000291, 5943509.549999999813735 ], [ 43763.400000000001455, 5943509.549999999813735 ], [ 43763.400000000001455, 5943509.474999999627471 ], [ 43763.25, 5943509.474999999627471 ], [ 43763.25, 5943509.400000000372529 ], [ 43763.099999999998545, 5943509.400000000372529 ], [ 43763.099999999998545, 5943509.325000000186265 ], [ 43762.94999999999709, 5943509.325000000186265 ], [ 43762.94999999999709, 5943509.25 ], [ 43762.80000000000291, 5943509.25 ], [ 43762.80000000000291, 5943509.174999999813735 ], [ 43762.650000000001455, 5943509.174999999813735 ], [ 43762.650000000001455, 5943509.099999999627471 ], [ 43762.5, 5943509.099999999627471 ], [ 43762.5, 5943509.025000000372529 ], [ 43762.349999999998545, 5943509.025000000372529 ], [ 43762.349999999998545, 5943508.950000000186265 ], [ 43762.125, 5943508.950000000186265 ], [ 43762.125, 5943508.875 ], [ 43761.974999999998545, 5943508.875 ], [ 43761.974999999998545, 5943508.799999999813735 ], [ 43761.82499999999709, 5943508.799999999813735 ], [ 43761.82499999999709, 5943508.724999999627471 ], [ 43761.75, 5943508.724999999627471 ], [ 43761.75, 5943508.650000000372529 ], [ 43761.599999999998545, 5943508.650000000372529 ], [ 43761.599999999998545, 5943508.575000000186265 ], [ 43761.44999999999709, 5943508.575000000186265 ], [ 43761.44999999999709, 5943508.5 ], [ 43761.375, 5943508.5 ], [ 43761.375, 5943508.424999999813735 ], [ 43761.30000000000291, 5943508.424999999813735 ], [ 43761.30000000000291, 5943508.349999999627471 ], [ 43761.150000000001455, 5943508.349999999627471 ], [ 43761.150000000001455, 5943508.275000000372529 ], [ 43761.07499999999709, 5943508.275000000372529 ], [ 43761.07499999999709, 5943508.200000000186265 ], [ 43761.0, 5943508.200000000186265 ], [ 43761.0, 5943508.125 ], [ 43760.92500000000291, 5943508.125 ], [ 43760.92500000000291, 5943508.049999999813735 ], [ 43760.849999999998545, 5943508.049999999813735 ], [ 43760.849999999998545, 5943507.974999999627471 ], [ 43760.775000000001455, 5943507.974999999627471 ], [ 43760.775000000001455, 5943507.900000000372529 ], [ 43760.69999999999709, 5943507.900000000372529 ], [ 43760.69999999999709, 5943507.825000000186265 ], [ 43760.625, 5943507.825000000186265 ], [ 43760.625, 5943507.75 ], [ 43760.55000000000291, 5943507.75 ], [ 43760.55000000000291, 5943507.674999999813735 ], [ 43760.474999999998545, 5943507.674999999813735 ], [ 43760.474999999998545, 5943507.599999999627471 ], [ 43760.400000000001455, 5943507.599999999627471 ], [ 43760.400000000001455, 5943507.525000000372529 ], [ 43760.32499999999709, 5943507.525000000372529 ], [ 43760.32499999999709, 5943507.375 ], [ 43760.25, 5943507.375 ], [ 43760.25, 5943507.299999999813735 ], [ 43760.17500000000291, 5943507.299999999813735 ], [ 43760.17500000000291, 5943507.224999999627471 ], [ 43760.099999999998545, 5943507.224999999627471 ], [ 43760.099999999998545, 5943507.150000000372529 ], [ 43760.025000000001455, 5943507.150000000372529 ], [ 43760.025000000001455, 5943507.075000000186265 ], [ 43759.94999999999709, 5943507.075000000186265 ], [ 43759.94999999999709, 5943507.0 ], [ 43759.875, 5943507.0 ], [ 43759.875, 5943506.924999999813735 ], [ 43759.80000000000291, 5943506.924999999813735 ], [ 43759.80000000000291, 5943506.775000000372529 ], [ 43759.724999999998545, 5943506.775000000372529 ], [ 43759.724999999998545, 5943506.700000000186265 ], [ 43759.650000000001455, 5943506.700000000186265 ], [ 43759.650000000001455, 5943506.625 ], [ 43759.57499999999709, 5943506.625 ], [ 43759.57499999999709, 5943506.474999999627471 ], [ 43759.5, 5943506.474999999627471 ], [ 43759.5, 5943506.325000000186265 ], [ 43759.42500000000291, 5943506.325000000186265 ], [ 43759.42500000000291, 5943506.174999999813735 ], [ 43759.349999999998545, 5943506.174999999813735 ], [ 43759.349999999998545, 5943506.025000000372529 ], [ 43759.275000000001455, 5943506.025000000372529 ], [ 43759.275000000001455, 5943505.875 ], [ 43759.19999999999709, 5943505.875 ], [ 43759.19999999999709, 5943505.724999999627471 ], [ 43759.125, 5943505.724999999627471 ], [ 43759.125, 5943505.575000000186265 ], [ 43759.05000000000291, 5943505.575000000186265 ], [ 43759.05000000000291, 5943505.5 ], [ 43758.974999999998545, 5943505.5 ], [ 43758.974999999998545, 5943505.349999999627471 ], [ 43758.900000000001455, 5943505.349999999627471 ], [ 43758.900000000001455, 5943505.275000000372529 ], [ 43758.82499999999709, 5943505.275000000372529 ], [ 43758.82499999999709, 5943505.200000000186265 ], [ 43758.75, 5943505.200000000186265 ], [ 43758.75, 5943505.049999999813735 ], [ 43758.67500000000291, 5943505.049999999813735 ], [ 43758.67500000000291, 5943504.974999999627471 ], [ 43758.599999999998545, 5943504.974999999627471 ], [ 43758.599999999998545, 5943504.900000000372529 ], [ 43758.525000000001455, 5943504.900000000372529 ], [ 43758.525000000001455, 5943504.825000000186265 ], [ 43758.44999999999709, 5943504.825000000186265 ], [ 43758.44999999999709, 5943504.75 ], [ 43758.375, 5943504.75 ], [ 43758.375, 5943504.674999999813735 ], [ 43758.30000000000291, 5943504.674999999813735 ], [ 43758.30000000000291, 5943504.599999999627471 ], [ 43758.224999999998545, 5943504.599999999627471 ], [ 43758.224999999998545, 5943504.525000000372529 ], [ 43758.150000000001455, 5943504.525000000372529 ], [ 43758.150000000001455, 5943504.450000000186265 ], [ 43758.0, 5943504.450000000186265 ], [ 43758.0, 5943504.375 ], [ 43757.92500000000291, 5943504.375 ], [ 43757.92500000000291, 5943504.299999999813735 ], [ 43757.775000000001455, 5943504.299999999813735 ], [ 43757.775000000001455, 5943504.224999999627471 ], [ 43757.69999999999709, 5943504.224999999627471 ], [ 43757.69999999999709, 5943504.150000000372529 ], [ 43757.625, 5943504.150000000372529 ], [ 43757.625, 5943504.075000000186265 ], [ 43757.474999999998545, 5943504.075000000186265 ], [ 43757.474999999998545, 5943504.0 ], [ 43757.400000000001455, 5943504.0 ], [ 43757.400000000001455, 5943503.924999999813735 ], [ 43757.32499999999709, 5943503.924999999813735 ], [ 43757.32499999999709, 5943503.849999999627471 ], [ 43757.25, 5943503.849999999627471 ], [ 43757.25, 5943503.775000000372529 ], [ 43757.099999999998545, 5943503.775000000372529 ], [ 43757.099999999998545, 5943503.700000000186265 ], [ 43757.025000000001455, 5943503.700000000186265 ], [ 43757.025000000001455, 5943503.625 ], [ 43756.875, 5943503.625 ], [ 43756.875, 5943503.549999999813735 ], [ 43756.724999999998545, 5943503.549999999813735 ], [ 43756.724999999998545, 5943503.474999999627471 ], [ 43756.57499999999709, 5943503.474999999627471 ], [ 43756.57499999999709, 5943503.400000000372529 ], [ 43756.42500000000291, 5943503.400000000372529 ], [ 43756.42500000000291, 5943503.325000000186265 ], [ 43756.275000000001455, 5943503.325000000186265 ], [ 43756.275000000001455, 5943503.25 ], [ 43755.07499999999709, 5943503.25 ], [ 43755.07499999999709, 5943503.174999999813735 ], [ 43753.875, 5943503.174999999813735 ], [ 43753.875, 5943503.099999999627471 ], [ 43752.75, 5943503.099999999627471 ], [ 43752.75, 5943503.025000000372529 ], [ 43751.69999999999709, 5943503.025000000372529 ], [ 43751.69999999999709, 5943502.950000000186265 ], [ 43750.875, 5943502.950000000186265 ], [ 43750.875, 5943502.875 ], [ 43750.125, 5943502.875 ], [ 43750.125, 5943502.799999999813735 ], [ 43749.525000000001455, 5943502.799999999813735 ], [ 43749.525000000001455, 5943502.724999999627471 ], [ 43749.07499999999709, 5943502.724999999627471 ], [ 43749.07499999999709, 5943502.650000000372529 ], [ 43748.69999999999709, 5943502.650000000372529 ], [ 43748.69999999999709, 5943502.575000000186265 ], [ 43748.32499999999709, 5943502.575000000186265 ], [ 43748.32499999999709, 5943502.5 ], [ 43748.025000000001455, 5943502.5 ], [ 43748.025000000001455, 5943502.424999999813735 ], [ 43747.724999999998545, 5943502.424999999813735 ], [ 43747.724999999998545, 5943502.349999999627471 ], [ 43747.57499999999709, 5943502.349999999627471 ], [ 43747.57499999999709, 5943502.275000000372529 ], [ 43747.42500000000291, 5943502.275000000372529 ], [ 43747.42500000000291, 5943502.200000000186265 ], [ 43747.349999999998545, 5943502.200000000186265 ], [ 43747.349999999998545, 5943502.125 ], [ 43747.275000000001455, 5943502.125 ], [ 43747.275000000001455, 5943502.049999999813735 ], [ 43747.125, 5943502.049999999813735 ], [ 43747.125, 5943501.974999999627471 ], [ 43747.05000000000291, 5943501.974999999627471 ], [ 43747.05000000000291, 5943501.900000000372529 ], [ 43746.974999999998545, 5943501.900000000372529 ], [ 43746.974999999998545, 5943501.825000000186265 ], [ 43746.900000000001455, 5943501.825000000186265 ], [ 43746.900000000001455, 5943501.75 ], [ 43746.75, 5943501.75 ], [ 43746.75, 5943501.674999999813735 ], [ 43746.599999999998545, 5943501.674999999813735 ], [ 43746.599999999998545, 5943501.599999999627471 ], [ 43746.525000000001455, 5943501.599999999627471 ], [ 43746.525000000001455, 5943501.525000000372529 ], [ 43746.375, 5943501.525000000372529 ], [ 43746.375, 5943501.450000000186265 ], [ 43746.224999999998545, 5943501.450000000186265 ], [ 43746.224999999998545, 5943501.375 ], [ 43746.07499999999709, 5943501.375 ], [ 43746.07499999999709, 5943501.299999999813735 ], [ 43745.92500000000291, 5943501.299999999813735 ], [ 43745.92500000000291, 5943501.224999999627471 ], [ 43745.849999999998545, 5943501.224999999627471 ], [ 43745.849999999998545, 5943501.150000000372529 ], [ 43745.69999999999709, 5943501.150000000372529 ], [ 43745.69999999999709, 5943501.075000000186265 ], [ 43745.625, 5943501.075000000186265 ], [ 43745.625, 5943501.0 ], [ 43745.474999999998545, 5943501.0 ], [ 43745.474999999998545, 5943500.924999999813735 ], [ 43745.400000000001455, 5943500.924999999813735 ], [ 43745.400000000001455, 5943500.849999999627471 ], [ 43745.32499999999709, 5943500.849999999627471 ], [ 43745.32499999999709, 5943500.775000000372529 ], [ 43745.17500000000291, 5943500.775000000372529 ], [ 43745.17500000000291, 5943500.700000000186265 ], [ 43745.099999999998545, 5943500.700000000186265 ], [ 43745.099999999998545, 5943500.625 ], [ 43745.025000000001455, 5943500.625 ], [ 43745.025000000001455, 5943500.549999999813735 ], [ 43744.94999999999709, 5943500.549999999813735 ], [ 43744.94999999999709, 5943500.474999999627471 ], [ 43744.875, 5943500.474999999627471 ], [ 43744.875, 5943500.400000000372529 ], [ 43744.80000000000291, 5943500.400000000372529 ], [ 43744.80000000000291, 5943500.325000000186265 ], [ 43744.724999999998545, 5943500.325000000186265 ], [ 43744.724999999998545, 5943500.25 ], [ 43744.650000000001455, 5943500.25 ], [ 43744.650000000001455, 5943500.174999999813735 ], [ 43744.57499999999709, 5943500.174999999813735 ], [ 43744.57499999999709, 5943500.099999999627471 ], [ 43744.5, 5943500.099999999627471 ], [ 43744.5, 5943500.025000000372529 ], [ 43744.42500000000291, 5943500.025000000372529 ], [ 43744.42500000000291, 5943499.950000000186265 ], [ 43744.349999999998545, 5943499.950000000186265 ], [ 43744.349999999998545, 5943499.875 ], [ 43744.275000000001455, 5943499.875 ], [ 43744.275000000001455, 5943499.799999999813735 ], [ 43744.19999999999709, 5943499.799999999813735 ], [ 43744.19999999999709, 5943499.724999999627471 ], [ 43744.125, 5943499.724999999627471 ], [ 43744.125, 5943499.650000000372529 ], [ 43743.974999999998545, 5943499.650000000372529 ], [ 43743.974999999998545, 5943499.575000000186265 ], [ 43743.900000000001455, 5943499.575000000186265 ], [ 43743.900000000001455, 5943499.5 ], [ 43743.82499999999709, 5943499.5 ], [ 43743.82499999999709, 5943499.424999999813735 ], [ 43743.75, 5943499.424999999813735 ], [ 43743.75, 5943499.349999999627471 ], [ 43743.67500000000291, 5943499.349999999627471 ], [ 43743.67500000000291, 5943499.275000000372529 ], [ 43743.599999999998545, 5943499.275000000372529 ], [ 43743.599999999998545, 5943499.200000000186265 ], [ 43743.525000000001455, 5943499.200000000186265 ], [ 43743.525000000001455, 5943499.125 ], [ 43743.44999999999709, 5943499.125 ], [ 43743.44999999999709, 5943499.049999999813735 ], [ 43743.375, 5943499.049999999813735 ], [ 43743.375, 5943498.974999999627471 ], [ 43743.30000000000291, 5943498.974999999627471 ], [ 43743.30000000000291, 5943498.900000000372529 ], [ 43743.224999999998545, 5943498.900000000372529 ], [ 43743.224999999998545, 5943498.75 ], [ 43743.150000000001455, 5943498.75 ], [ 43743.150000000001455, 5943498.674999999813735 ], [ 43743.07499999999709, 5943498.674999999813735 ], [ 43743.07499999999709, 5943498.599999999627471 ], [ 43743.0, 5943498.599999999627471 ], [ 43743.0, 5943498.525000000372529 ], [ 43742.92500000000291, 5943498.525000000372529 ], [ 43742.92500000000291, 5943498.375 ], [ 43742.849999999998545, 5943498.375 ], [ 43742.849999999998545, 5943498.299999999813735 ], [ 43742.775000000001455, 5943498.299999999813735 ], [ 43742.775000000001455, 5943498.224999999627471 ], [ 43742.69999999999709, 5943498.224999999627471 ], [ 43742.69999999999709, 5943498.075000000186265 ], [ 43742.625, 5943498.075000000186265 ], [ 43742.625, 5943498.0 ], [ 43742.55000000000291, 5943498.0 ], [ 43742.55000000000291, 5943497.25 ], [ 43742.625, 5943497.25 ], [ 43742.625, 5943495.974999999627471 ], [ 43742.69999999999709, 5943495.974999999627471 ], [ 43742.69999999999709, 5943495.825000000186265 ], [ 43742.775000000001455, 5943495.825000000186265 ], [ 43742.775000000001455, 5943495.75 ], [ 43742.849999999998545, 5943495.75 ], [ 43742.849999999998545, 5943495.674999999813735 ], [ 43742.92500000000291, 5943495.674999999813735 ], [ 43742.92500000000291, 5943495.599999999627471 ], [ 43743.0, 5943495.599999999627471 ], [ 43743.0, 5943495.525000000372529 ], [ 43743.07499999999709, 5943495.525000000372529 ], [ 43743.07499999999709, 5943495.375 ], [ 43743.150000000001455, 5943495.375 ], [ 43743.150000000001455, 5943495.299999999813735 ], [ 43743.224999999998545, 5943495.299999999813735 ], [ 43743.224999999998545, 5943495.224999999627471 ], [ 43743.30000000000291, 5943495.224999999627471 ], [ 43743.30000000000291, 5943495.150000000372529 ], [ 43743.375, 5943495.150000000372529 ], [ 43743.375, 5943495.075000000186265 ], [ 43743.44999999999709, 5943495.075000000186265 ], [ 43743.44999999999709, 5943495.0 ], [ 43743.525000000001455, 5943495.0 ], [ 43743.525000000001455, 5943494.924999999813735 ], [ 43743.599999999998545, 5943494.924999999813735 ], [ 43743.599999999998545, 5943494.775000000372529 ], [ 43743.67500000000291, 5943494.775000000372529 ], [ 43743.67500000000291, 5943494.700000000186265 ], [ 43743.75, 5943494.700000000186265 ], [ 43743.75, 5943494.625 ], [ 43743.82499999999709, 5943494.625 ], [ 43743.82499999999709, 5943494.549999999813735 ], [ 43743.900000000001455, 5943494.549999999813735 ], [ 43743.900000000001455, 5943494.474999999627471 ], [ 43743.974999999998545, 5943494.474999999627471 ], [ 43743.974999999998545, 5943494.400000000372529 ], [ 43744.05000000000291, 5943494.400000000372529 ], [ 43744.05000000000291, 5943494.325000000186265 ], [ 43744.125, 5943494.325000000186265 ], [ 43744.125, 5943494.25 ], [ 43744.19999999999709, 5943494.25 ], [ 43744.19999999999709, 5943494.099999999627471 ], [ 43744.275000000001455, 5943494.099999999627471 ], [ 43744.275000000001455, 5943494.025000000372529 ], [ 43744.349999999998545, 5943494.025000000372529 ], [ 43744.349999999998545, 5943493.950000000186265 ], [ 43744.42500000000291, 5943493.950000000186265 ], [ 43744.42500000000291, 5943493.875 ], [ 43744.5, 5943493.875 ], [ 43744.5, 5943493.799999999813735 ], [ 43744.57499999999709, 5943493.799999999813735 ], [ 43744.57499999999709, 5943493.724999999627471 ], [ 43744.650000000001455, 5943493.724999999627471 ], [ 43744.650000000001455, 5943493.650000000372529 ], [ 43744.724999999998545, 5943493.650000000372529 ], [ 43744.724999999998545, 5943493.575000000186265 ], [ 43744.80000000000291, 5943493.575000000186265 ], [ 43744.80000000000291, 5943493.5 ], [ 43744.94999999999709, 5943493.5 ], [ 43744.94999999999709, 5943493.424999999813735 ], [ 43745.025000000001455, 5943493.424999999813735 ], [ 43745.025000000001455, 5943493.349999999627471 ], [ 43745.099999999998545, 5943493.349999999627471 ], [ 43745.099999999998545, 5943493.275000000372529 ], [ 43745.17500000000291, 5943493.275000000372529 ], [ 43745.17500000000291, 5943493.200000000186265 ], [ 43745.25, 5943493.200000000186265 ], [ 43745.25, 5943493.125 ], [ 43745.32499999999709, 5943493.125 ], [ 43745.32499999999709, 5943493.049999999813735 ], [ 43745.400000000001455, 5943493.049999999813735 ], [ 43745.400000000001455, 5943492.974999999627471 ], [ 43745.474999999998545, 5943492.974999999627471 ], [ 43745.474999999998545, 5943492.900000000372529 ], [ 43745.55000000000291, 5943492.900000000372529 ], [ 43745.55000000000291, 5943492.825000000186265 ], [ 43745.625, 5943492.825000000186265 ], [ 43745.625, 5943492.75 ], [ 43745.69999999999709, 5943492.75 ], [ 43745.69999999999709, 5943492.674999999813735 ], [ 43745.775000000001455, 5943492.674999999813735 ], [ 43745.775000000001455, 5943492.599999999627471 ], [ 43745.849999999998545, 5943492.599999999627471 ], [ 43745.849999999998545, 5943492.525000000372529 ], [ 43746.0, 5943492.525000000372529 ], [ 43746.0, 5943492.450000000186265 ], [ 43746.07499999999709, 5943492.450000000186265 ], [ 43746.07499999999709, 5943492.375 ], [ 43746.150000000001455, 5943492.375 ], [ 43746.150000000001455, 5943492.299999999813735 ], [ 43746.224999999998545, 5943492.299999999813735 ], [ 43746.224999999998545, 5943492.224999999627471 ], [ 43746.30000000000291, 5943492.224999999627471 ], [ 43746.30000000000291, 5943492.150000000372529 ], [ 43746.375, 5943492.150000000372529 ], [ 43746.375, 5943492.075000000186265 ], [ 43746.44999999999709, 5943492.075000000186265 ], [ 43746.44999999999709, 5943492.0 ], [ 43746.525000000001455, 5943492.0 ], [ 43746.525000000001455, 5943491.924999999813735 ], [ 43746.599999999998545, 5943491.924999999813735 ], [ 43746.599999999998545, 5943491.849999999627471 ], [ 43746.75, 5943491.849999999627471 ], [ 43746.75, 5943491.775000000372529 ], [ 43746.82499999999709, 5943491.775000000372529 ], [ 43746.82499999999709, 5943491.700000000186265 ], [ 43746.900000000001455, 5943491.700000000186265 ], [ 43746.900000000001455, 5943491.625 ], [ 43746.974999999998545, 5943491.625 ], [ 43746.974999999998545, 5943491.549999999813735 ], [ 43747.05000000000291, 5943491.549999999813735 ], [ 43747.05000000000291, 5943491.474999999627471 ], [ 43747.125, 5943491.474999999627471 ], [ 43747.125, 5943491.400000000372529 ], [ 43747.275000000001455, 5943491.400000000372529 ], [ 43747.275000000001455, 5943491.325000000186265 ], [ 43747.349999999998545, 5943491.325000000186265 ], [ 43747.349999999998545, 5943491.25 ], [ 43747.42500000000291, 5943491.25 ], [ 43747.42500000000291, 5943491.174999999813735 ], [ 43747.57499999999709, 5943491.174999999813735 ], [ 43747.57499999999709, 5943491.099999999627471 ], [ 43747.650000000001455, 5943491.099999999627471 ], [ 43747.650000000001455, 5943491.025000000372529 ], [ 43747.724999999998545, 5943491.025000000372529 ], [ 43747.724999999998545, 5943490.950000000186265 ], [ 43747.80000000000291, 5943490.950000000186265 ], [ 43747.80000000000291, 5943490.875 ], [ 43747.94999999999709, 5943490.875 ], [ 43747.94999999999709, 5943490.799999999813735 ], [ 43748.025000000001455, 5943490.799999999813735 ], [ 43748.025000000001455, 5943490.724999999627471 ], [ 43748.17500000000291, 5943490.724999999627471 ], [ 43748.17500000000291, 5943490.650000000372529 ], [ 43748.25, 5943490.650000000372529 ], [ 43748.25, 5943490.575000000186265 ], [ 43748.32499999999709, 5943490.575000000186265 ], [ 43748.32499999999709, 5943490.5 ], [ 43748.474999999998545, 5943490.5 ], [ 43748.474999999998545, 5943490.424999999813735 ], [ 43749.82499999999709, 5943490.424999999813735 ], [ 43749.82499999999709, 5943490.349999999627471 ], [ 43751.775000000001455, 5943490.349999999627471 ], [ 43751.775000000001455, 5943490.275000000372529 ], [ 43753.94999999999709, 5943490.275000000372529 ], [ 43753.94999999999709, 5943490.200000000186265 ], [ 43758.599999999998545, 5943490.200000000186265 ], [ 43758.599999999998545, 5943490.275000000372529 ], [ 43759.650000000001455, 5943490.275000000372529 ], [ 43759.650000000001455, 5943490.349999999627471 ], [ 43760.92500000000291, 5943490.349999999627471 ], [ 43760.92500000000291, 5943490.424999999813735 ], [ 43762.349999999998545, 5943490.424999999813735 ], [ 43762.349999999998545, 5943490.5 ], [ 43764.07499999999709, 5943490.5 ], [ 43764.07499999999709, 5943490.575000000186265 ], [ 43764.974999999998545, 5943490.575000000186265 ], [ 43764.974999999998545, 5943490.650000000372529 ], [ 43765.875, 5943490.650000000372529 ], [ 43765.875, 5943490.724999999627471 ], [ 43766.400000000001455, 5943490.724999999627471 ], [ 43766.400000000001455, 5943490.799999999813735 ], [ 43766.849999999998545, 5943490.799999999813735 ], [ 43766.849999999998545, 5943490.875 ], [ 43767.30000000000291, 5943490.875 ], [ 43767.30000000000291, 5943490.950000000186265 ], [ 43767.67500000000291, 5943490.950000000186265 ], [ 43767.67500000000291, 5943491.025000000372529 ], [ 43767.974999999998545, 5943491.025000000372529 ], [ 43767.974999999998545, 5943491.099999999627471 ], [ 43768.275000000001455, 5943491.099999999627471 ], [ 43768.275000000001455, 5943491.174999999813735 ], [ 43768.5, 5943491.174999999813735 ], [ 43768.5, 5943491.25 ], [ 43768.724999999998545, 5943491.25 ], [ 43768.724999999998545, 5943491.325000000186265 ], [ 43768.875, 5943491.325000000186265 ], [ 43768.875, 5943491.400000000372529 ], [ 43769.099999999998545, 5943491.400000000372529 ], [ 43769.099999999998545, 5943491.474999999627471 ], [ 43769.25, 5943491.474999999627471 ], [ 43769.25, 5943491.549999999813735 ], [ 43769.400000000001455, 5943491.549999999813735 ], [ 43769.400000000001455, 5943491.625 ], [ 43769.55000000000291, 5943491.625 ], [ 43769.55000000000291, 5943491.700000000186265 ], [ 43769.625, 5943491.700000000186265 ], [ 43769.625, 5943491.775000000372529 ], [ 43769.775000000001455, 5943491.775000000372529 ], [ 43769.775000000001455, 5943491.849999999627471 ], [ 43769.849999999998545, 5943491.849999999627471 ], [ 43769.849999999998545, 5943491.924999999813735 ], [ 43770.0, 5943491.924999999813735 ], [ 43770.0, 5943492.0 ], [ 43770.07499999999709, 5943492.0 ], [ 43770.07499999999709, 5943492.075000000186265 ], [ 43770.224999999998545, 5943492.075000000186265 ], [ 43770.224999999998545, 5943492.150000000372529 ], [ 43770.30000000000291, 5943492.150000000372529 ], [ 43770.30000000000291, 5943492.224999999627471 ], [ 43770.375, 5943492.224999999627471 ], [ 43770.375, 5943492.299999999813735 ], [ 43770.44999999999709, 5943492.299999999813735 ], [ 43770.44999999999709, 5943492.375 ], [ 43770.525000000001455, 5943492.375 ], [ 43770.525000000001455, 5943492.450000000186265 ], [ 43770.67500000000291, 5943492.450000000186265 ], [ 43770.67500000000291, 5943492.525000000372529 ], [ 43770.75, 5943492.525000000372529 ], [ 43770.75, 5943492.599999999627471 ], [ 43770.82499999999709, 5943492.599999999627471 ], [ 43770.82499999999709, 5943492.674999999813735 ], [ 43770.900000000001455, 5943492.674999999813735 ], [ 43770.900000000001455, 5943492.75 ], [ 43770.974999999998545, 5943492.75 ], [ 43770.974999999998545, 5943492.900000000372529 ], [ 43771.05000000000291, 5943492.900000000372529 ], [ 43771.05000000000291, 5943492.974999999627471 ], [ 43771.125, 5943492.974999999627471 ], [ 43771.125, 5943493.049999999813735 ], [ 43771.19999999999709, 5943493.049999999813735 ], [ 43771.19999999999709, 5943493.125 ], [ 43771.275000000001455, 5943493.125 ], [ 43771.275000000001455, 5943493.200000000186265 ], [ 43771.349999999998545, 5943493.200000000186265 ], [ 43771.349999999998545, 5943493.349999999627471 ], [ 43771.42500000000291, 5943493.349999999627471 ], [ 43771.42500000000291, 5943493.424999999813735 ], [ 43771.5, 5943493.424999999813735 ], [ 43771.5, 5943493.5 ], [ 43771.57499999999709, 5943493.5 ], [ 43771.57499999999709, 5943493.650000000372529 ], [ 43771.650000000001455, 5943493.650000000372529 ], [ 43771.650000000001455, 5943493.724999999627471 ], [ 43771.724999999998545, 5943493.724999999627471 ], [ 43771.724999999998545, 5943493.875 ], [ 43771.80000000000291, 5943493.875 ], [ 43771.80000000000291, 5943494.025000000372529 ], [ 43771.875, 5943494.025000000372529 ], [ 43771.875, 5943494.099999999627471 ], [ 43771.94999999999709, 5943494.099999999627471 ], [ 43771.94999999999709, 5943494.174999999813735 ], [ 43772.025000000001455, 5943494.174999999813735 ], [ 43772.025000000001455, 5943494.325000000186265 ], [ 43772.099999999998545, 5943494.325000000186265 ], [ 43772.099999999998545, 5943494.400000000372529 ], [ 43772.17500000000291, 5943494.400000000372529 ], [ 43772.17500000000291, 5943494.549999999813735 ], [ 43772.25, 5943494.549999999813735 ], [ 43772.25, 5943494.625 ], [ 43772.32499999999709, 5943494.625 ], [ 43772.32499999999709, 5943494.775000000372529 ], [ 43772.400000000001455, 5943494.775000000372529 ], [ 43772.400000000001455, 5943494.849999999627471 ], [ 43772.474999999998545, 5943494.849999999627471 ], [ 43772.474999999998545, 5943495.0 ], [ 43772.55000000000291, 5943495.0 ], [ 43772.55000000000291, 5943495.150000000372529 ], [ 43772.625, 5943495.150000000372529 ], [ 43772.625, 5943495.299999999813735 ], [ 43772.69999999999709, 5943495.299999999813735 ], [ 43772.69999999999709, 5943495.450000000186265 ], [ 43772.775000000001455, 5943495.450000000186265 ], [ 43772.775000000001455, 5943495.599999999627471 ], [ 43772.849999999998545, 5943495.599999999627471 ], [ 43772.849999999998545, 5943495.75 ], [ 43772.92500000000291, 5943495.75 ], [ 43772.92500000000291, 5943495.974999999627471 ], [ 43773.0, 5943495.974999999627471 ], [ 43773.0, 5943496.275000000372529 ], [ 43773.07499999999709, 5943496.275000000372529 ], [ 43773.07499999999709, 5943496.575000000186265 ], [ 43773.150000000001455, 5943496.575000000186265 ], [ 43773.150000000001455, 5943496.950000000186265 ], [ 43773.224999999998545, 5943496.950000000186265 ], [ 43773.224999999998545, 5943497.25 ], [ 43773.30000000000291, 5943497.25 ], [ 43773.30000000000291, 5943497.625 ], [ 43773.375, 5943497.625 ], [ 43773.375, 5943498.0 ], [ 43773.44999999999709, 5943498.0 ], [ 43773.44999999999709, 5943498.599999999627471 ], [ 43773.525000000001455, 5943498.599999999627471 ], [ 43773.525000000001455, 5943499.275000000372529 ], [ 43773.599999999998545, 5943499.275000000372529 ], [ 43773.599999999998545, 5943499.950000000186265 ], [ 43773.67500000000291, 5943499.950000000186265 ], [ 43773.67500000000291, 5943500.549999999813735 ], [ 43773.75, 5943500.549999999813735 ], [ 43773.75, 5943501.224999999627471 ], [ 43773.82499999999709, 5943501.224999999627471 ], [ 43773.82499999999709, 5943501.75 ], [ 43773.900000000001455, 5943501.75 ], [ 43773.900000000001455, 5943502.349999999627471 ], [ 43773.974999999998545, 5943502.349999999627471 ], [ 43773.974999999998545, 5943503.099999999627471 ], [ 43774.05000000000291, 5943503.099999999627471 ], [ 43774.05000000000291, 5943503.849999999627471 ], [ 43774.125, 5943503.849999999627471 ], [ 43774.125, 5943504.299999999813735 ], [ 43774.19999999999709, 5943504.299999999813735 ], [ 43774.19999999999709, 5943504.825000000186265 ], [ 43774.275000000001455, 5943504.825000000186265 ], [ 43774.275000000001455, 5943505.349999999627471 ], [ 43774.349999999998545, 5943505.349999999627471 ], [ 43774.349999999998545, 5943505.875 ], [ 43774.42500000000291, 5943505.875 ], [ 43774.42500000000291, 5943506.174999999813735 ], [ 43774.5, 5943506.174999999813735 ], [ 43774.5, 5943506.474999999627471 ], [ 43774.57499999999709, 5943506.474999999627471 ], [ 43774.57499999999709, 5943506.849999999627471 ], [ 43774.650000000001455, 5943506.849999999627471 ], [ 43774.650000000001455, 5943507.150000000372529 ], [ 43774.724999999998545, 5943507.150000000372529 ], [ 43774.724999999998545, 5943507.450000000186265 ], [ 43774.80000000000291, 5943507.450000000186265 ], [ 43774.80000000000291, 5943507.75 ], [ 43774.875, 5943507.75 ], [ 43774.875, 5943507.974999999627471 ], [ 43774.94999999999709, 5943507.974999999627471 ], [ 43774.94999999999709, 5943508.200000000186265 ], [ 43775.025000000001455, 5943508.200000000186265 ], [ 43775.025000000001455, 5943508.424999999813735 ], [ 43775.099999999998545, 5943508.424999999813735 ], [ 43775.099999999998545, 5943508.650000000372529 ], [ 43775.17500000000291, 5943508.650000000372529 ], [ 43775.17500000000291, 5943508.875 ], [ 43775.25, 5943508.875 ], [ 43775.25, 5943509.099999999627471 ], [ 43775.32499999999709, 5943509.099999999627471 ], [ 43775.32499999999709, 5943509.25 ], [ 43775.400000000001455, 5943509.25 ], [ 43775.400000000001455, 5943509.400000000372529 ], [ 43775.474999999998545, 5943509.400000000372529 ], [ 43775.474999999998545, 5943509.625 ], [ 43775.55000000000291, 5943509.625 ], [ 43775.55000000000291, 5943509.775000000372529 ], [ 43775.625, 5943509.775000000372529 ], [ 43775.625, 5943509.924999999813735 ], [ 43775.69999999999709, 5943509.924999999813735 ], [ 43775.69999999999709, 5943510.0 ], [ 43775.775000000001455, 5943510.0 ], [ 43775.775000000001455, 5943510.150000000372529 ], [ 43775.849999999998545, 5943510.150000000372529 ], [ 43775.849999999998545, 5943510.299999999813735 ], [ 43775.92500000000291, 5943510.299999999813735 ], [ 43775.92500000000291, 5943510.375 ], [ 43776.0, 5943510.375 ], [ 43776.0, 5943510.525000000372529 ], [ 43776.07499999999709, 5943510.525000000372529 ], [ 43776.07499999999709, 5943510.599999999627471 ], [ 43776.150000000001455, 5943510.599999999627471 ], [ 43776.150000000001455, 5943510.75 ], [ 43776.224999999998545, 5943510.75 ], [ 43776.224999999998545, 5943510.900000000372529 ], [ 43776.30000000000291, 5943510.900000000372529 ], [ 43776.30000000000291, 5943510.974999999627471 ], [ 43776.375, 5943510.974999999627471 ], [ 43776.375, 5943511.125 ], [ 43776.44999999999709, 5943511.125 ], [ 43776.44999999999709, 5943511.200000000186265 ], [ 43776.525000000001455, 5943511.200000000186265 ], [ 43776.525000000001455, 5943511.349999999627471 ], [ 43776.599999999998545, 5943511.349999999627471 ], [ 43776.599999999998545, 5943511.424999999813735 ], [ 43776.67500000000291, 5943511.424999999813735 ], [ 43776.67500000000291, 5943511.575000000186265 ], [ 43776.75, 5943511.575000000186265 ], [ 43776.75, 5943511.724999999627471 ], [ 43776.82499999999709, 5943511.724999999627471 ], [ 43776.82499999999709, 5943511.875 ], [ 43776.900000000001455, 5943511.875 ], [ 43776.900000000001455, 5943512.025000000372529 ], [ 43776.974999999998545, 5943512.025000000372529 ], [ 43776.974999999998545, 5943512.174999999813735 ], [ 43777.05000000000291, 5943512.174999999813735 ], [ 43777.05000000000291, 5943512.325000000186265 ], [ 43777.125, 5943512.325000000186265 ], [ 43777.125, 5943512.474999999627471 ], [ 43777.19999999999709, 5943512.474999999627471 ], [ 43777.19999999999709, 5943512.549999999813735 ], [ 43777.275000000001455, 5943512.549999999813735 ], [ 43777.275000000001455, 5943512.700000000186265 ], [ 43777.349999999998545, 5943512.700000000186265 ], [ 43777.349999999998545, 5943512.775000000372529 ], [ 43777.42500000000291, 5943512.775000000372529 ], [ 43777.42500000000291, 5943512.924999999813735 ], [ 43777.5, 5943512.924999999813735 ], [ 43777.5, 5943513.0 ], [ 43777.57499999999709, 5943513.0 ], [ 43777.57499999999709, 5943513.075000000186265 ], [ 43777.650000000001455, 5943513.075000000186265 ], [ 43777.650000000001455, 5943513.150000000372529 ], [ 43777.724999999998545, 5943513.150000000372529 ], [ 43777.724999999998545, 5943513.224999999627471 ], [ 43777.80000000000291, 5943513.224999999627471 ], [ 43777.80000000000291, 5943513.299999999813735 ], [ 43777.875, 5943513.299999999813735 ], [ 43777.875, 5943513.375 ], [ 43777.94999999999709, 5943513.375 ], [ 43777.94999999999709, 5943513.450000000186265 ], [ 43778.025000000001455, 5943513.450000000186265 ], [ 43778.025000000001455, 5943513.525000000372529 ], [ 43778.099999999998545, 5943513.525000000372529 ], [ 43778.099999999998545, 5943513.599999999627471 ], [ 43778.17500000000291, 5943513.599999999627471 ], [ 43778.17500000000291, 5943513.75 ], [ 43778.25, 5943513.75 ], [ 43778.25, 5943513.825000000186265 ], [ 43778.32499999999709, 5943513.825000000186265 ], [ 43778.32499999999709, 5943513.900000000372529 ], [ 43778.400000000001455, 5943513.900000000372529 ], [ 43778.400000000001455, 5943513.974999999627471 ], [ 43778.474999999998545, 5943513.974999999627471 ], [ 43778.474999999998545, 5943514.049999999813735 ], [ 43778.55000000000291, 5943514.049999999813735 ], [ 43778.55000000000291, 5943514.125 ], [ 43778.625, 5943514.125 ], [ 43778.625, 5943514.200000000186265 ], [ 43778.69999999999709, 5943514.200000000186265 ], [ 43778.69999999999709, 5943514.275000000372529 ], [ 43778.849999999998545, 5943514.275000000372529 ], [ 43778.849999999998545, 5943514.349999999627471 ], [ 43778.92500000000291, 5943514.349999999627471 ], [ 43778.92500000000291, 5943514.424999999813735 ], [ 43779.07499999999709, 5943514.424999999813735 ], [ 43779.07499999999709, 5943514.5 ], [ 43779.224999999998545, 5943514.5 ], [ 43779.224999999998545, 5943514.575000000186265 ], [ 43779.44999999999709, 5943514.575000000186265 ], [ 43779.44999999999709, 5943514.650000000372529 ], [ 43779.67500000000291, 5943514.650000000372529 ], [ 43779.67500000000291, 5943514.724999999627471 ], [ 43779.75, 5943514.724999999627471 ], [ 43779.75, 5943514.799999999813735 ], [ 43779.82499999999709, 5943514.799999999813735 ], [ 43779.82499999999709, 5943514.875 ], [ 43779.900000000001455, 5943514.875 ], [ 43779.900000000001455, 5943514.950000000186265 ], [ 43779.974999999998545, 5943514.950000000186265 ], [ 43779.974999999998545, 5943515.025000000372529 ], [ 43780.05000000000291, 5943515.025000000372529 ], [ 43780.05000000000291, 5943515.099999999627471 ], [ 43780.125, 5943515.099999999627471 ], [ 43780.125, 5943515.174999999813735 ], [ 43780.19999999999709, 5943515.174999999813735 ], [ 43780.19999999999709, 5943515.25 ], [ 43780.275000000001455, 5943515.25 ], [ 43780.275000000001455, 5943515.325000000186265 ], [ 43780.349999999998545, 5943515.325000000186265 ], [ 43780.349999999998545, 5943515.400000000372529 ], [ 43780.42500000000291, 5943515.400000000372529 ], [ 43780.42500000000291, 5943515.474999999627471 ], [ 43780.5, 5943515.474999999627471 ], [ 43780.5, 5943515.549999999813735 ], [ 43780.57499999999709, 5943515.549999999813735 ], [ 43780.57499999999709, 5943515.625 ], [ 43780.724999999998545, 5943515.625 ], [ 43780.724999999998545, 5943515.700000000186265 ], [ 43780.80000000000291, 5943515.700000000186265 ], [ 43780.80000000000291, 5943515.775000000372529 ], [ 43780.875, 5943515.775000000372529 ], [ 43780.875, 5943515.849999999627471 ], [ 43781.025000000001455, 5943515.849999999627471 ], [ 43781.025000000001455, 5943515.924999999813735 ], [ 43781.099999999998545, 5943515.924999999813735 ], [ 43781.099999999998545, 5943516.0 ], [ 43781.25, 5943516.0 ], [ 43781.25, 5943516.075000000186265 ], [ 43781.32499999999709, 5943516.075000000186265 ], [ 43781.32499999999709, 5943516.150000000372529 ], [ 43781.474999999998545, 5943516.150000000372529 ], [ 43781.474999999998545, 5943516.224999999627471 ], [ 43781.625, 5943516.224999999627471 ], [ 43781.625, 5943516.299999999813735 ], [ 43781.69999999999709, 5943516.299999999813735 ], [ 43781.69999999999709, 5943516.375 ], [ 43781.775000000001455, 5943516.375 ], [ 43781.775000000001455, 5943516.450000000186265 ], [ 43781.849999999998545, 5943516.450000000186265 ], [ 43781.849999999998545, 5943516.525000000372529 ], [ 43781.92500000000291, 5943516.525000000372529 ], [ 43781.92500000000291, 5943516.599999999627471 ], [ 43782.0, 5943516.599999999627471 ], [ 43782.0, 5943516.674999999813735 ], [ 43782.07499999999709, 5943516.674999999813735 ], [ 43782.07499999999709, 5943516.75 ], [ 43782.150000000001455, 5943516.75 ], [ 43782.150000000001455, 5943516.825000000186265 ], [ 43782.224999999998545, 5943516.825000000186265 ], [ 43782.224999999998545, 5943516.900000000372529 ], [ 43782.30000000000291, 5943516.900000000372529 ], [ 43782.30000000000291, 5943516.974999999627471 ], [ 43782.375, 5943516.974999999627471 ], [ 43782.375, 5943517.049999999813735 ], [ 43782.44999999999709, 5943517.049999999813735 ], [ 43782.44999999999709, 5943517.200000000186265 ], [ 43782.525000000001455, 5943517.200000000186265 ], [ 43782.525000000001455, 5943517.275000000372529 ], [ 43782.599999999998545, 5943517.275000000372529 ], [ 43782.599999999998545, 5943517.349999999627471 ], [ 43782.67500000000291, 5943517.349999999627471 ], [ 43782.67500000000291, 5943517.424999999813735 ], [ 43782.75, 5943517.424999999813735 ], [ 43782.75, 5943517.5 ], [ 43782.82499999999709, 5943517.5 ], [ 43782.82499999999709, 5943517.575000000186265 ], [ 43782.900000000001455, 5943517.575000000186265 ], [ 43782.900000000001455, 5943517.724999999627471 ], [ 43782.974999999998545, 5943517.724999999627471 ], [ 43782.974999999998545, 5943517.799999999813735 ], [ 43783.05000000000291, 5943517.799999999813735 ], [ 43783.05000000000291, 5943517.875 ], [ 43783.125, 5943517.875 ], [ 43783.125, 5943517.950000000186265 ], [ 43783.275000000001455, 5943517.950000000186265 ], [ 43783.275000000001455, 5943518.025000000372529 ], [ 43783.349999999998545, 5943518.025000000372529 ], [ 43783.349999999998545, 5943518.099999999627471 ], [ 43783.42500000000291, 5943518.099999999627471 ], [ 43783.42500000000291, 5943518.174999999813735 ], [ 43783.5, 5943518.174999999813735 ], [ 43783.5, 5943518.25 ], [ 43783.650000000001455, 5943518.25 ], [ 43783.650000000001455, 5943518.325000000186265 ], [ 43783.724999999998545, 5943518.325000000186265 ], [ 43783.724999999998545, 5943518.400000000372529 ], [ 43783.80000000000291, 5943518.400000000372529 ], [ 43783.80000000000291, 5943518.474999999627471 ], [ 43783.94999999999709, 5943518.474999999627471 ], [ 43783.94999999999709, 5943518.549999999813735 ], [ 43784.025000000001455, 5943518.549999999813735 ], [ 43784.025000000001455, 5943518.625 ], [ 43784.17500000000291, 5943518.625 ], [ 43784.17500000000291, 5943518.700000000186265 ], [ 43784.25, 5943518.700000000186265 ], [ 43784.25, 5943518.775000000372529 ], [ 43784.400000000001455, 5943518.775000000372529 ], [ 43784.400000000001455, 5943518.849999999627471 ], [ 43784.474999999998545, 5943518.849999999627471 ], [ 43784.474999999998545, 5943518.924999999813735 ], [ 43784.55000000000291, 5943518.924999999813735 ], [ 43784.55000000000291, 5943519.0 ], [ 43784.69999999999709, 5943519.0 ], [ 43784.69999999999709, 5943519.075000000186265 ], [ 43784.775000000001455, 5943519.075000000186265 ], [ 43784.775000000001455, 5943519.150000000372529 ], [ 43784.92500000000291, 5943519.150000000372529 ], [ 43784.92500000000291, 5943519.224999999627471 ], [ 43785.0, 5943519.224999999627471 ], [ 43785.0, 5943519.299999999813735 ], [ 43785.07499999999709, 5943519.299999999813735 ], [ 43785.07499999999709, 5943519.375 ], [ 43785.224999999998545, 5943519.375 ], [ 43785.224999999998545, 5943519.525000000372529 ], [ 43785.30000000000291, 5943519.525000000372529 ], [ 43785.30000000000291, 5943519.674999999813735 ], [ 43785.375, 5943519.674999999813735 ], [ 43785.375, 5943519.900000000372529 ], [ 43785.44999999999709, 5943519.900000000372529 ], [ 43785.44999999999709, 5943520.049999999813735 ], [ 43785.525000000001455, 5943520.049999999813735 ], [ 43785.525000000001455, 5943520.200000000186265 ], [ 43785.599999999998545, 5943520.200000000186265 ], [ 43785.599999999998545, 5943520.424999999813735 ], [ 43785.67500000000291, 5943520.424999999813735 ], [ 43785.67500000000291, 5943520.575000000186265 ], [ 43785.75, 5943520.575000000186265 ], [ 43785.75, 5943520.724999999627471 ], [ 43785.82499999999709, 5943520.724999999627471 ], [ 43785.82499999999709, 5943520.875 ], [ 43785.900000000001455, 5943520.875 ], [ 43785.900000000001455, 5943520.950000000186265 ], [ 43785.974999999998545, 5943520.950000000186265 ], [ 43785.974999999998545, 5943521.099999999627471 ], [ 43786.05000000000291, 5943521.099999999627471 ], [ 43786.05000000000291, 5943521.25 ], [ 43786.125, 5943521.25 ], [ 43786.125, 5943521.474999999627471 ], [ 43786.05000000000291, 5943521.474999999627471 ], [ 43786.05000000000291, 5943521.549999999813735 ], [ 43785.974999999998545, 5943521.549999999813735 ], [ 43785.974999999998545, 5943521.625 ], [ 43785.900000000001455, 5943521.625 ], [ 43785.900000000001455, 5943521.700000000186265 ], [ 43785.75, 5943521.700000000186265 ], [ 43785.75, 5943521.775000000372529 ], [ 43785.67500000000291, 5943521.775000000372529 ], [ 43785.67500000000291, 5943521.849999999627471 ], [ 43785.599999999998545, 5943521.849999999627471 ], [ 43785.599999999998545, 5943521.924999999813735 ], [ 43785.44999999999709, 5943521.924999999813735 ], [ 43785.44999999999709, 5943522.0 ], [ 43785.375, 5943522.0 ], [ 43785.375, 5943522.075000000186265 ], [ 43785.224999999998545, 5943522.075000000186265 ], [ 43785.224999999998545, 5943522.150000000372529 ], [ 43785.150000000001455, 5943522.150000000372529 ], [ 43785.150000000001455, 5943522.224999999627471 ], [ 43785.0, 5943522.224999999627471 ], [ 43785.0, 5943522.299999999813735 ], [ 43784.92500000000291, 5943522.299999999813735 ], [ 43784.92500000000291, 5943522.375 ], [ 43784.775000000001455, 5943522.375 ], [ 43784.775000000001455, 5943522.450000000186265 ], [ 43784.625, 5943522.450000000186265 ], [ 43784.625, 5943522.525000000372529 ], [ 43784.474999999998545, 5943522.525000000372529 ], [ 43784.474999999998545, 5943522.599999999627471 ], [ 43784.32499999999709, 5943522.599999999627471 ], [ 43784.32499999999709, 5943522.674999999813735 ], [ 43784.17500000000291, 5943522.674999999813735 ], [ 43784.17500000000291, 5943522.75 ], [ 43784.025000000001455, 5943522.75 ], [ 43784.025000000001455, 5943522.825000000186265 ], [ 43783.875, 5943522.825000000186265 ], [ 43783.875, 5943522.900000000372529 ], [ 43783.724999999998545, 5943522.900000000372529 ], [ 43783.724999999998545, 5943522.974999999627471 ], [ 43783.57499999999709, 5943522.974999999627471 ], [ 43783.57499999999709, 5943523.049999999813735 ], [ 43783.42500000000291, 5943523.049999999813735 ], [ 43783.42500000000291, 5943523.125 ], [ 43783.19999999999709, 5943523.125 ], [ 43783.19999999999709, 5943523.200000000186265 ], [ 43783.05000000000291, 5943523.200000000186265 ], [ 43783.05000000000291, 5943523.275000000372529 ], [ 43782.900000000001455, 5943523.275000000372529 ], [ 43782.900000000001455, 5943523.349999999627471 ], [ 43782.67500000000291, 5943523.349999999627471 ], [ 43782.67500000000291, 5943523.424999999813735 ], [ 43782.44999999999709, 5943523.424999999813735 ], [ 43782.44999999999709, 5943523.5 ], [ 43782.30000000000291, 5943523.5 ], [ 43782.30000000000291, 5943523.575000000186265 ], [ 43782.0, 5943523.575000000186265 ], [ 43782.0, 5943523.650000000372529 ], [ 43781.775000000001455, 5943523.650000000372529 ], [ 43781.775000000001455, 5943523.724999999627471 ], [ 43781.55000000000291, 5943523.724999999627471 ] ] ] } },
{ "type": "Feature", "properties": { "value": 1.0, "building_id": 14, "area": 213.50812499947128 }, "geometry": { "type": "Polygon", "coordinates": [ [ [ 43833.599999999998545, 5943502.875 ], [ 43833.599999999998545, 5943502.799999999813735 ], [ 43832.849999999998545, 5943502.799999999813735 ], [ 43832.849999999998545, 5943502.724999999627471 ], [ 43832.099999999998545, 5943502.724999999627471 ], [ 43832.099999999998545, 5943502.650000000372529 ], [ 43831.5, 5943502.650000000372529 ], [ 43831.5, 5943502.575000000186265 ], [ 43830.974999999998545, 5943502.575000000186265 ], [ 43830.974999999998545, 5943502.5 ], [ 43830.525000000001455, 5943502.5 ], [ 43830.525000000001455, 5943502.424999999813735 ], [ 43830.07499999999709, 5943502.424999999813735 ], [ 43830.07499999999709, 5943502.349999999627471 ], [ 43829.69999999999709, 5943502.349999999627471 ], [ 43829.69999999999709, 5943502.275000000372529 ], [ 43829.32499999999709, 5943502.275000000372529 ], [ 43829.32499999999709, 5943502.200000000186265 ], [ 43829.025000000001455, 5943502.200000000186265 ], [ 43829.025000000001455, 5943502.125 ], [ 43828.724999999998545, 5943502.125 ], [ 43828.724999999998545, 5943502.049999999813735 ], [ 43828.42500000000291, 5943502.049999999813735 ], [ 43828.42500000000291, 5943501.974999999627471 ], [ 43828.275000000001455, 5943501.974999999627471 ], [ 43828.275000000001455, 5943501.900000000372529 ], [ 43828.125, 5943501.900000000372529 ], [ 43828.125, 5943501.825000000186265 ], [ 43827.974999999998545, 5943501.825000000186265 ], [ 43827.974999999998545, 5943501.75 ], [ 43827.82499999999709, 5943501.75 ], [ 43827.82499999999709, 5943501.674999999813735 ], [ 43827.67500000000291, 5943501.674999999813735 ], [ 43827.67500000000291, 5943501.599999999627471 ], [ 43827.525000000001455, 5943501.599999999627471 ], [ 43827.525000000001455, 5943501.525000000372529 ], [ 43827.375, 5943501.525000000372529 ], [ 43827.375, 5943501.450000000186265 ], [ 43827.224999999998545, 5943501.450000000186265 ], [ 43827.224999999998545, 5943501.375 ], [ 43827.07499999999709, 5943501.375 ], [ 43827.07499999999709, 5943501.299999999813735 ], [ 43826.92500000000291, 5943501.299999999813735 ], [ 43826.92500000000291, 5943501.224999999627471 ], [ 43826.775000000001455, 5943501.224999999627471 ], [ 43826.775000000001455, 5943501.150000000372529 ], [ 43826.625, 5943501.150000000372529 ], [ 43826.625, 5943501.075000000186265 ], [ 43826.474999999998545, 5943501.075000000186265 ], [ 43826.474999999998545, 5943501.0 ], [ 43826.400000000001455, 5943501.0 ], [ 43826.400000000001455, 5943500.924999999813735 ], [ 43826.32499999999709, 5943500.924999999813735 ], [ 43826.32499999999709, 5943500.849999999627471 ], [ 43826.17500000000291, 5943500.849999999627471 ], [ 43826.17500000000291, 5943500.775000000372529 ], [ 43826.099999999998545, 5943500.775000000372529 ], [ 43826.099999999998545, 5943500.700000000186265 ], [ 43826.025000000001455, 5943500.700000000186265 ], [ 43826.025000000001455, 5943500.625 ], [ 43825.94999999999709, 5943500.625 ], [ 43825.94999999999709, 5943500.549999999813735 ], [ 43825.875, 5943500.549999999813735 ], [ 43825.875, 5943500.474999999627471 ], [ 43825.80000000000291, 5943500.474999999627471 ], [ 43825.80000000000291, 5943500.400000000372529 ], [ 43825.724999999998545, 5943500.400000000372529 ], [ 43825.724999999998545, 5943500.325000000186265 ], [ 43825.650000000001455, 5943500.325000000186265 ], [ 43825.650000000001455, 5943500.25 ], [ 43825.57499999999709, 5943500.25 ], [ 43825.57499999999709, 5943500.174999999813735 ], [ 43825.5, 5943500.174999999813735 ], [ 43825.5, 5943500.025000000372529 ], [ 43825.42500000000291, 5943500.025000000372529 ], [ 43825.42500000000291, 5943499.950000000186265 ], [ 43825.349999999998545, 5943499.950000000186265 ], [ 43825.349999999998545, 5943499.875 ], [ 43825.275000000001455, 5943499.875 ], [ 43825.275000000001455, 5943499.724999999627471 ], [ 43825.19999999999709, 5943499.724999999627471 ], [ 43825.19999999999709, 5943499.650000000372529 ], [ 43825.125, 5943499.650000000372529 ], [ 43825.125, 5943499.575000000186265 ], [ 43825.05000000000291, 5943499.575000000186265 ], [ 43825.05000000000291, 5943499.424999999813735 ], [ 43824.974999999998545, 5943499.424999999813735 ], [ 43824.974999999998545, 5943499.349999999627471 ], [ 43824.900000000001455, 5943499.349999999627471 ], [ 43824.900000000001455, 5943499.275000000372529 ], [ 43824.82499999999709, 5943499.275000000372529 ], [ 43824.82499999999709, 5943499.200000000186265 ], [ 43824.75, 5943499.200000000186265 ], [ 43824.75, 5943499.049999999813735 ], [ 43824.67500000000291, 5943499.049999999813735 ], [ 43824.67500000000291, 5943498.974999999627471 ], [ 43824.599999999998545, 5943498.974999999627471 ], [ 43824.599999999998545, 5943498.900000000372529 ], [ 43824.525000000001455, 5943498.900000000372529 ], [ 43824.525000000001455, 5943498.825000000186265 ], [ 43824.44999999999709, 5943498.825000000186265 ], [ 43824.44999999999709, 5943498.674999999813735 ], [ 43824.375, 5943498.674999999813735 ], [ 43824.375, 5943498.599999999627471 ], [ 43824.30000000000291, 5943498.599999999627471 ], [ 43824.30000000000291, 5943498.450000000186265 ], [ 43824.224999999998545, 5943498.450000000186265 ], [ 43824.224999999998545, 5943498.375 ], [ 43824.150000000001455, 5943498.375 ], [ 43824.150000000001455, 5943498.224999999627471 ], [ 43824.07499999999709, 5943498.224999999627471 ], [ 43824.07499999999709, 5943498.075000000186265 ], [ 43824.0, 5943498.075000000186265 ], [ 43824.0, 5943497.549999999813735 ], [ 43824.07499999999709, 5943497.549999999813735 ], [ 43824.07499999999709, 5943497.099999999627471 ], [ 43824.150000000001455, 5943497.099999999627471 ], [ 43824.150000000001455, 5943496.650000000372529 ], [ 43824.224999999998545, 5943496.650000000372529 ], [ 43824.224999999998545, 5943496.200000000186265 ], [ 43824.30000000000291, 5943496.200000000186265 ], [ 43824.30000000000291, 5943495.900000000372529 ], [ 43824.375, 5943495.900000000372529 ], [ 43824.375, 5943495.825000000186265 ], [ 43824.44999999999709, 5943495.825000000186265 ], [ 43824.44999999999709, 5943495.75 ], [ 43824.525000000001455, 5943495.75 ], [ 43824.525000000001455, 5943495.674999999813735 ], [ 43824.599999999998545, 5943495.674999999813735 ], [ 43824.599999999998545, 5943495.599999999627471 ], [ 43824.67500000000291, 5943495.599999999627471 ], [ 43824.67500000000291, 5943495.525000000372529 ], [ 43824.75, 5943495.525000000372529 ], [ 43824.75, 5943495.450000000186265 ], [ 43824.82499999999709, 5943495.450000000186265 ], [ 43824.82499999999709, 5943495.375 ], [ 43824.900000000001455, 5943495.375 ], [ 43824.900000000001455, 5943495.224999999627471 ], [ 43824.974999999998545, 5943495.224999999627471 ], [ 43824.974999999998545, 5943495.150000000372529 ], [ 43825.05000000000291, 5943495.150000000372529 ], [ 43825.05000000000291, 5943495.075000000186265 ], [ 43825.125, 5943495.075000000186265 ], [ 43825.125, 5943495.0 ], [ 43825.19999999999709, 5943495.0 ], [ 43825.19999999999709, 5943494.924999999813735 ], [ 43825.275000000001455, 5943494.924999999813735 ], [ 43825.275000000001455, 5943494.849999999627471 ], [ 43825.349999999998545, 5943494.849999999627471 ], [ 43825.349999999998545, 5943494.700000000186265 ], [ 43825.42500000000291, 5943494.700000000186265 ], [ 43825.42500000000291, 5943494.625 ], [ 43825.5, 5943494.625 ], [ 43825.5, 5943494.549999999813735 ], [ 43825.57499999999709, 5943494.549999999813735 ], [ 43825.57499999999709, 5943494.400000000372529 ], [ 43825.650000000001455, 5943494.400000000372529 ], [ 43825.650000000001455, 5943494.325000000186265 ], [ 43825.724999999998545, 5943494.325000000186265 ], [ 43825.724999999998545, 5943494.25 ], [ 43825.80000000000291, 5943494.25 ], [ 43825.80000000000291, 5943494.099999999627471 ], [ 43825.875, 5943494.099999999627471 ], [ 43825.875, 5943494.025000000372529 ], [ 43825.94999999999709, 5943494.025000000372529 ], [ 43825.94999999999709, 5943493.950000000186265 ], [ 43826.025000000001455, 5943493.950000000186265 ], [ 43826.025000000001455, 5943493.799999999813735 ], [ 43826.099999999998545, 5943493.799999999813735 ], [ 43826.099999999998545, 5943493.724999999627471 ], [ 43826.17500000000291, 5943493.724999999627471 ], [ 43826.17500000000291, 5943493.650000000372529 ], [ 43826.25, 5943493.650000000372529 ], [ 43826.25, 5943493.575000000186265 ], [ 43826.32499999999709, 5943493.575000000186265 ], [ 43826.32499999999709, 5943493.5 ], [ 43826.400000000001455, 5943493.5 ], [ 43826.400000000001455, 5943493.424999999813735 ], [ 43826.474999999998545, 5943493.424999999813735 ], [ 43826.474999999998545, 5943493.349999999627471 ], [ 43826.55000000000291, 5943493.349999999627471 ], [ 43826.55000000000291, 5943493.275000000372529 ], [ 43826.69999999999709, 5943493.275000000372529 ], [ 43826.69999999999709, 5943493.200000000186265 ], [ 43826.775000000001455, 5943493.200000000186265 ], [ 43826.775000000001455, 5943493.125 ], [ 43826.849999999998545, 5943493.125 ], [ 43826.849999999998545, 5943493.049999999813735 ], [ 43826.92500000000291, 5943493.049999999813735 ], [ 43826.92500000000291, 5943492.974999999627471 ], [ 43827.07499999999709, 5943492.974999999627471 ], [ 43827.07499999999709, 5943492.900000000372529 ], [ 43827.150000000001455, 5943492.900000000372529 ], [ 43827.150000000001455, 5943492.825000000186265 ], [ 43827.224999999998545, 5943492.825000000186265 ], [ 43827.224999999998545, 5943492.75 ], [ 43827.30000000000291, 5943492.75 ], [ 43827.30000000000291, 5943492.674999999813735 ], [ 43827.375, 5943492.674999999813735 ], [ 43827.375, 5943492.599999999627471 ], [ 43827.44999999999709, 5943492.599999999627471 ], [ 43827.44999999999709, 5943492.525000000372529 ], [ 43827.525000000001455, 5943492.525000000372529 ], [ 43827.525000000001455, 5943492.450000000186265 ], [ 43827.599999999998545, 5943492.450000000186265 ], [ 43827.599999999998545, 5943492.375 ], [ 43827.67500000000291, 5943492.375 ], [ 43827.67500000000291, 5943492.299999999813735 ], [ 43827.75, 5943492.299999999813735 ], [ 43827.75, 5943492.224999999627471 ], [ 43827.82499999999709, 5943492.224999999627471 ], [ 43827.82499999999709, 5943492.150000000372529 ], [ 43827.900000000001455, 5943492.150000000372529 ], [ 43827.900000000001455, 5943492.075000000186265 ], [ 43827.974999999998545, 5943492.075000000186265 ], [ 43827.974999999998545, 5943492.0 ], [ 43828.05000000000291, 5943492.0 ], [ 43828.05000000000291, 5943491.924999999813735 ], [ 43828.125, 5943491.924999999813735 ], [ 43828.125, 5943491.849999999627471 ], [ 43828.19999999999709, 5943491.849999999627471 ], [ 43828.19999999999709, 5943491.775000000372529 ], [ 43828.349999999998545, 5943491.775000000372529 ], [ 43828.349999999998545, 5943491.700000000186265 ], [ 43828.42500000000291, 5943491.700000000186265 ], [ 43828.42500000000291, 5943491.625 ], [ 43828.5, 5943491.625 ], [ 43828.5, 5943491.549999999813735 ], [ 43828.650000000001455, 5943491.549999999813735 ], [ 43828.650000000001455, 5943491.474999999627471 ], [ 43828.724999999998545, 5943491.474999999627471 ], [ 43828.724999999998545, 5943491.400000000372529 ], [ 43828.875, 5943491.400000000372529 ], [ 43828.875, 5943491.325000000186265 ], [ 43829.025000000001455, 5943491.325000000186265 ], [ 43829.025000000001455, 5943491.25 ], [ 43829.099999999998545, 5943491.25 ], [ 43829.099999999998545, 5943491.174999999813735 ], [ 43829.25, 5943491.174999999813735 ], [ 43829.25, 5943491.099999999627471 ], [ 43829.32499999999709, 5943491.099999999627471 ], [ 43829.32499999999709, 5943491.025000000372529 ], [ 43829.474999999998545, 5943491.025000000372529 ], [ 43829.474999999998545, 5943490.950000000186265 ], [ 43829.55000000000291, 5943490.950000000186265 ], [ 43829.55000000000291, 5943490.875 ], [ 43829.69999999999709, 5943490.875 ], [ 43829.69999999999709, 5943490.799999999813735 ], [ 43829.775000000001455, 5943490.799999999813735 ], [ 43829.775000000001455, 5943490.724999999627471 ], [ 43829.92500000000291, 5943490.724999999627471 ], [ 43829.92500000000291, 5943490.650000000372529 ], [ 43830.0, 5943490.650000000372529 ], [ 43830.0, 5943490.575000000186265 ], [ 43830.150000000001455, 5943490.575000000186265 ], [ 43830.150000000001455, 5943490.5 ], [ 43830.224999999998545, 5943490.5 ], [ 43830.224999999998545, 5943490.424999999813735 ], [ 43830.375, 5943490.424999999813735 ], [ 43830.375, 5943490.349999999627471 ], [ 43830.44999999999709, 5943490.349999999627471 ], [ 43830.44999999999709, 5943490.275000000372529 ], [ 43830.599999999998545, 5943490.275000000372529 ], [ 43830.599999999998545, 5943490.200000000186265 ], [ 43830.67500000000291, 5943490.200000000186265 ], [ 43830.67500000000291, 5943490.125 ], [ 43830.75, 5943490.125 ], [ 43830.75, 5943490.049999999813735 ], [ 43830.900000000001455, 5943490.049999999813735 ], [ 43830.900000000001455, 5943489.974999999627471 ], [ 43830.974999999998545, 5943489.974999999627471 ], [ 43830.974999999998545, 5943489.900000000372529 ], [ 43831.05000000000291, 5943489.900000000372529 ], [ 43831.05000000000291, 5943489.825000000186265 ], [ 43831.125, 5943489.825000000186265 ], [ 43831.125, 5943489.75 ], [ 43831.19999999999709, 5943489.75 ], [ 43831.19999999999709, 5943489.674999999813735 ], [ 43831.275000000001455, 5943489.674999999813735 ], [ 43831.275000000001455, 5943489.599999999627471 ], [ 43831.349999999998545, 5943489.599999999627471 ], [ 43831.349999999998545, 5943489.525000000372529 ], [ 43831.42500000000291, 5943489.525000000372529 ], [ 43831.42500000000291, 5943489.450000000186265 ], [ 43831.57499999999709, 5943489.450000000186265 ], [ 43831.57499999999709, 5943489.375 ], [ 43831.650000000001455, 5943489.375 ], [ 43831.650000000001455, 5943489.299999999813735 ], [ 43831.724999999998545, 5943489.299999999813735 ], [ 43831.724999999998545, 5943489.224999999627471 ], [ 43831.80000000000291, 5943489.224999999627471 ], [ 43831.80000000000291, 5943489.150000000372529 ], [ 43831.94999999999709, 5943489.150000000372529 ], [ 43831.94999999999709, 5943489.075000000186265 ], [ 43832.025000000001455, 5943489.075000000186265 ], [ 43832.025000000001455, 5943489.0 ], [ 43832.099999999998545, 5943489.0 ], [ 43832.099999999998545, 5943488.924999999813735 ], [ 43832.17500000000291, 5943488.924999999813735 ], [ 43832.17500000000291, 5943488.849999999627471 ], [ 43832.32499999999709, 5943488.849999999627471 ], [ 43832.32499999999709, 5943488.775000000372529 ], [ 43832.400000000001455, 5943488.775000000372529 ], [ 43832.400000000001455, 5943488.700000000186265 ], [ 43832.474999999998545, 5943488.700000000186265 ], [ 43832.474999999998545, 5943488.625 ], [ 43832.625, 5943488.625 ], [ 43832.625, 5943488.549999999813735 ], [ 43832.69999999999709, 5943488.549999999813735 ], [ 43832.69999999999709, 5943488.474999999627471 ], [ 43832.775000000001455, 5943488.474999999627471 ], [ 43832.775000000001455, 5943488.400000000372529 ], [ 43832.849999999998545, 5943488.400000000372529 ], [ 43832.849999999998545, 5943488.325000000186265 ], [ 43832.92500000000291, 5943488.325000000186265 ], [ 43832.92500000000291, 5943488.25 ], [ 43833.07499999999709, 5943488.25 ], [ 43833.07499999999709, 5943488.174999999813735 ], [ 43833.150000000001455, 5943488.174999999813735 ], [ 43833.150000000001455, 5943488.025000000372529 ], [ 43833.224999999998545, 5943488.025000000372529 ], [ 43833.224999999998545, 5943487.950000000186265 ], [ 43833.30000000000291, 5943487.950000000186265 ], [ 43833.30000000000291, 5943487.875 ], [ 43833.375, 5943487.875 ], [ 43833.375, 5943487.799999999813735 ], [ 43833.44999999999709, 5943487.799999999813735 ], [ 43833.44999999999709, 5943487.650000000372529 ], [ 43833.525000000001455, 5943487.650000000372529 ], [ 43833.525000000001455, 5943487.575000000186265 ], [ 43833.599999999998545, 5943487.575000000186265 ], [ 43833.599999999998545, 5943487.5 ], [ 43833.67500000000291, 5943487.5 ], [ 43833.67500000000291, 5943487.424999999813735 ], [ 43833.75, 5943487.424999999813735 ], [ 43833.75, 5943487.349999999627471 ], [ 43833.82499999999709, 5943487.349999999627471 ], [ 43833.82499999999709, 5943487.275000000372529 ], [ 43833.900000000001455, 5943487.275000000372529 ], [ 43833.900000000001455, 5943487.200000000186265 ], [ 43833.974999999998545, 5943487.200000000186265 ], [ 43833.974999999998545, 5943487.049999999813735 ], [ 43834.05000000000291, 5943487.049999999813735 ], [ 43834.05000000000291, 5943486.974999999627471 ], [ 43834.125, 5943486.974999999627471 ], [ 43834.125, 5943486.900000000372529 ], [ 43834.19999999999709, 5943486.900000000372529 ], [ 43834.19999999999709, 5943486.825000000186265 ], [ 43834.275000000001455, 5943486.825000000186265 ], [ 43834.275000000001455, 5943486.75 ], [ 43834.349999999998545, 5943486.75 ], [ 43834.349999999998545, 5943486.674999999813735 ], [ 43834.5, 5943486.674999999813735 ], [ 43834.5, 5943486.599999999627471 ], [ 43834.57499999999709, 5943486.599999999627471 ], [ 43834.57499999999709, 5943486.525000000372529 ], [ 43834.724999999998545, 5943486.525000000372529 ], [ 43834.724999999998545, 5943486.450000000186265 ], [ 43834.80000000000291, 5943486.450000000186265 ], [ 43834.80000000000291, 5943486.375 ], [ 43834.94999999999709, 5943486.375 ], [ 43834.94999999999709, 5943486.299999999813735 ], [ 43835.17500000000291, 5943486.299999999813735 ], [ 43835.17500000000291, 5943486.375 ], [ 43835.474999999998545, 5943486.375 ], [ 43835.474999999998545, 5943486.450000000186265 ], [ 43835.775000000001455, 5943486.450000000186265 ], [ 43835.775000000001455, 5943486.525000000372529 ], [ 43836.07499999999709, 5943486.525000000372529 ], [ 43836.07499999999709, 5943486.599999999627471 ], [ 43836.375, 5943486.599999999627471 ], [ 43836.375, 5943486.674999999813735 ], [ 43836.44999999999709, 5943486.674999999813735 ], [ 43836.44999999999709, 5943486.75 ], [ 43836.599999999998545, 5943486.75 ], [ 43836.599999999998545, 5943486.825000000186265 ], [ 43836.67500000000291, 5943486.825000000186265 ], [ 43836.67500000000291, 5943486.900000000372529 ], [ 43836.82499999999709, 5943486.900000000372529 ], [ 43836.82499999999709, 5943486.974999999627471 ], [ 43836.974999999998545, 5943486.974999999627471 ], [ 43836.974999999998545, 5943487.049999999813735 ], [ 43837.125, 5943487.049999999813735 ], [ 43837.125, 5943487.125 ], [ 43837.19999999999709, 5943487.125 ], [ 43837.19999999999709, 5943487.200000000186265 ], [ 43837.349999999998545, 5943487.200000000186265 ], [ 43837.349999999998545, 5943487.275000000372529 ], [ 43837.5, 5943487.275000000372529 ], [ 43837.5, 5943487.349999999627471 ], [ 43837.724999999998545, 5943487.349999999627471 ], [ 43837.724999999998545, 5943487.424999999813735 ], [ 43837.875, 5943487.424999999813735 ], [ 43837.875, 5943487.5 ], [ 43838.025000000001455, 5943487.5 ], [ 43838.025000000001455, 5943487.575000000186265 ], [ 43838.25, 5943487.575000000186265 ], [ 43838.25, 5943487.650000000372529 ], [ 43838.400000000001455, 5943487.650000000372529 ], [ 43838.400000000001455, 5943487.724999999627471 ], [ 43838.625, 5943487.724999999627471 ], [ 43838.625, 5943487.799999999813735 ], [ 43838.849999999998545, 5943487.799999999813735 ], [ 43838.849999999998545, 5943487.875 ], [ 43839.150000000001455, 5943487.875 ], [ 43839.150000000001455, 5943487.950000000186265 ], [ 43839.375, 5943487.950000000186265 ], [ 43839.375, 5943488.025000000372529 ], [ 43839.599999999998545, 5943488.025000000372529 ], [ 43839.599999999998545, 5943488.099999999627471 ], [ 43839.900000000001455, 5943488.099999999627471 ], [ 43839.900000000001455, 5943488.174999999813735 ], [ 43840.125, 5943488.174999999813735 ], [ 43840.125, 5943488.25 ], [ 43840.275000000001455, 5943488.25 ], [ 43840.275000000001455, 5943488.325000000186265 ], [ 43840.5, 5943488.325000000186265 ], [ 43840.5, 5943488.400000000372529 ], [ 43840.650000000001455, 5943488.400000000372529 ], [ 43840.650000000001455, 5943488.474999999627471 ], [ 43840.875, 5943488.474999999627471 ], [ 43840.875, 5943488.549999999813735 ], [ 43841.025000000001455, 5943488.549999999813735 ], [ 43841.025000000001455, 5943488.625 ], [ 43841.17500000000291, 5943488.625 ], [ 43841.17500000000291, 5943488.700000000186265 ], [ 43841.32499999999709, 5943488.700000000186265 ], [ 43841.32499999999709, 5943488.775000000372529 ], [ 43841.474999999998545, 5943488.775000000372529 ], [ 43841.474999999998545, 5943488.849999999627471 ], [ 43841.625, 5943488.849999999627471 ], [ 43841.625, 5943488.924999999813735 ], [ 43841.775000000001455, 5943488.924999999813735 ], [ 43841.775000000001455, 5943489.0 ], [ 43841.849999999998545, 5943489.0 ], [ 43841.849999999998545, 5943489.075000000186265 ], [ 43842.0, 5943489.075000000186265 ], [ 43842.0, 5943489.150000000372529 ], [ 43842.150000000001455, 5943489.150000000372529 ], [ 43842.150000000001455, 5943489.224999999627471 ], [ 43842.224999999998545, 5943489.224999999627471 ], [ 43842.224999999998545, 5943489.299999999813735 ], [ 43842.30000000000291, 5943489.299999999813735 ], [ 43842.30000000000291, 5943489.450000000186265 ], [ 43842.375, 5943489.450000000186265 ], [ 43842.375, 5943489.525000000372529 ], [ 43842.44999999999709, 5943489.525000000372529 ], [ 43842.44999999999709, 5943489.599999999627471 ], [ 43842.525000000001455, 5943489.599999999627471 ], [ 43842.525000000001455, 5943489.674999999813735 ], [ 43842.599999999998545, 5943489.674999999813735 ], [ 43842.599999999998545, 5943489.825000000186265 ], [ 43842.67500000000291, 5943489.825000000186265 ], [ 43842.67500000000291, 5943489.900000000372529 ], [ 43842.75, 5943489.900000000372529 ], [ 43842.75, 5943490.049999999813735 ], [ 43842.82499999999709, 5943490.049999999813735 ], [ 43842.82499999999709, 5943490.275000000372529 ], [ 43842.75, 5943490.275000000372529 ], [ 43842.75, 5943490.349999999627471 ], [ 43842.67500000000291, 5943490.349999999627471 ], [ 43842.67500000000291, 5943490.5 ], [ 43842.599999999998545, 5943490.5 ], [ 43842.599999999998545, 5943490.575000000186265 ], [ 43842.525000000001455, 5943490.575000000186265 ], [ 43842.525000000001455, 5943490.724999999627471 ], [ 43842.44999999999709, 5943490.724999999627471 ], [ 43842.44999999999709, 5943490.875 ], [ 43842.375, 5943490.875 ], [ 43842.375, 5943490.950000000186265 ], [ 43842.30000000000291, 5943490.950000000186265 ], [ 43842.30000000000291, 5943491.099999999627471 ], [ 43842.224999999998545, 5943491.099999999627471 ], [ 43842.224999999998545, 5943491.25 ], [ 43842.150000000001455, 5943491.25 ], [ 43842.150000000001455, 5943491.400000000372529 ], [ 43842.07499999999709, 5943491.400000000372529 ], [ 43842.07499999999709, 5943491.549999999813735 ], [ 43842.0, 5943491.549999999813735 ], [ 43842.0, 5943491.700000000186265 ], [ 43841.92500000000291, 5943491.700000000186265 ], [ 43841.92500000000291, 5943491.924999999813735 ], [ 43841.849999999998545, 5943491.924999999813735 ], [ 43841.849999999998545, 5943492.150000000372529 ], [ 43841.775000000001455, 5943492.150000000372529 ], [ 43841.775000000001455, 5943492.375 ], [ 43841.69999999999709, 5943492.375 ], [ 43841.69999999999709, 5943492.674999999813735 ], [ 43841.625, 5943492.674999999813735 ], [ 43841.625, 5943493.049999999813735 ], [ 43841.55000000000291, 5943493.049999999813735 ], [ 43841.55000000000291, 5943493.5 ], [ 43841.474999999998545, 5943493.5 ], [ 43841.474999999998545, 5943493.950000000186265 ], [ 43841.400000000001455, 5943493.950000000186265 ], [ 43841.400000000001455, 5943494.700000000186265 ], [ 43841.32499999999709, 5943494.700000000186265 ], [ 43841.32499999999709, 5943495.599999999627471 ], [ 43841.25, 5943495.599999999627471 ], [ 43841.25, 5943496.724999999627471 ], [ 43841.17500000000291, 5943496.724999999627471 ], [ 43841.17500000000291, 5943497.849999999627471 ], [ 43841.099999999998545, 5943497.849999999627471 ], [ 43841.099999999998545, 5943498.525000000372529 ], [ 43841.025000000001455, 5943498.525000000372529 ], [ 43841.025000000001455, 5943499.049999999813735 ], [ 43840.94999999999709, 5943499.049999999813735 ], [ 43840.94999999999709, 5943499.5 ], [ 43840.875, 5943499.5 ], [ 43840.875, 5943499.875 ], [ 43840.80000000000291, 5943499.875 ], [ 43840.80000000000291, 5943500.174999999813735 ], [ 43840.724999999998545, 5943500.174999999813735 ], [ 43840.724999999998545, 5943500.474999999627471 ], [ 43840.650000000001455, 5943500.474999999627471 ], [ 43840.650000000001455, 5943500.700000000186265 ], [ 43840.57499999999709, 5943500.700000000186265 ], [ 43840.57499999999709, 5943500.924999999813735 ], [ 43840.5, 5943500.924999999813735 ], [ 43840.5, 5943501.150000000372529 ], [ 43840.42500000000291, 5943501.150000000372529 ], [ 43840.42500000000291, 5943501.299999999813735 ], [ 43840.349999999998545, 5943501.299999999813735 ], [ 43840.349999999998545, 5943501.525000000372529 ], [ 43840.275000000001455, 5943501.525000000372529 ], [ 43840.275000000001455, 5943501.674999999813735 ], [ 43840.19999999999709, 5943501.674999999813735 ], [ 43840.19999999999709, 5943501.75 ], [ 43840.125, 5943501.75 ], [ 43840.125, 5943501.900000000372529 ], [ 43840.05000000000291, 5943501.900000000372529 ], [ 43840.05000000000291, 5943501.974999999627471 ], [ 43839.974999999998545, 5943501.974999999627471 ], [ 43839.974999999998545, 5943502.049999999813735 ], [ 43839.75, 5943502.049999999813735 ], [ 43839.75, 5943502.125 ], [ 43839.599999999998545, 5943502.125 ], [ 43839.599999999998545, 5943502.200000000186265 ], [ 43839.375, 5943502.200000000186265 ], [ 43839.375, 5943502.275000000372529 ], [ 43839.150000000001455, 5943502.275000000372529 ], [ 43839.150000000001455, 5943502.349999999627471 ], [ 43838.92500000000291, 5943502.349999999627471 ], [ 43838.92500000000291, 5943502.424999999813735 ], [ 43838.69999999999709, 5943502.424999999813735 ], [ 43838.69999999999709, 5943502.5 ], [ 43838.32499999999709, 5943502.5 ], [ 43838.32499999999709, 5943502.575000000186265 ], [ 43838.025000000001455, 5943502.575000000186265 ], [ 43838.025000000001455, 5943502.650000000372529 ], [ 43837.650000000001455, 5943502.650000000372529 ], [ 43837.650000000001455, 5943502.724999999627471 ], [ 43837.19999999999709, 5943502.724999999627471 ], [ 43837.19999999999709, 5943502.799999999813735 ], [ 43836.67500000000291, 5943502.799999999813735 ], [ 43836.67500000000291, 5943502.875 ], [ 43833.599999999998545, 5943502.875 ] ] ] } },
{ "type": "Feature", "properties": { "value": 1.0, "building_id": 15, "area": 440.85375000077022 }, "geometry": { "type": "Polygon", "coordinates": [ [ [ 43929.900000000001455, 5943485.099999999627471 ], [ 43929.900000000001455, 5943485.025000000372529 ], [ 43929.525000000001455, 5943485.025000000372529 ], [ 43929.525000000001455, 5943484.950000000186265 ], [ 43929.150000000001455, 5943484.950000000186265 ], [ 43929.150000000001455, 5943484.875 ], [ 43928.775000000001455, 5943484.875 ], [ 43928.775000000001455, 5943484.799999999813735 ], [ 43928.474999999998545, 5943484.799999999813735 ], [ 43928.474999999998545, 5943484.724999999627471 ], [ 43928.17500000000291, 5943484.724999999627471 ], [ 43928.17500000000291, 5943484.650000000372529 ], [ 43928.025000000001455, 5943484.650000000372529 ], [ 43928.025000000001455, 5943484.575000000186265 ], [ 43927.875, 5943484.575000000186265 ], [ 43927.875, 5943484.5 ], [ 43927.724999999998545, 5943484.5 ], [ 43927.724999999998545, 5943484.424999999813735 ], [ 43927.650000000001455, 5943484.424999999813735 ], [ 43927.650000000001455, 5943484.349999999627471 ], [ 43927.5, 5943484.349999999627471 ], [ 43927.5, 5943484.275000000372529 ], [ 43927.42500000000291, 5943484.275000000372529 ], [ 43927.42500000000291, 5943484.200000000186265 ], [ 43927.349999999998545, 5943484.200000000186265 ], [ 43927.349999999998545, 5943484.125 ], [ 43927.19999999999709, 5943484.125 ], [ 43927.19999999999709, 5943484.049999999813735 ], [ 43927.125, 5943484.049999999813735 ], [ 43927.125, 5943483.974999999627471 ], [ 43927.05000000000291, 5943483.974999999627471 ], [ 43927.05000000000291, 5943483.900000000372529 ], [ 43926.900000000001455, 5943483.900000000372529 ], [ 43926.900000000001455, 5943483.825000000186265 ], [ 43926.82499999999709, 5943483.825000000186265 ], [ 43926.82499999999709, 5943483.75 ], [ 43926.75, 5943483.75 ], [ 43926.75, 5943483.674999999813735 ], [ 43926.599999999998545, 5943483.674999999813735 ], [ 43926.599999999998545, 5943483.599999999627471 ], [ 43926.525000000001455, 5943483.599999999627471 ], [ 43926.525000000001455, 5943483.525000000372529 ], [ 43926.44999999999709, 5943483.525000000372529 ], [ 43926.44999999999709, 5943483.450000000186265 ], [ 43926.375, 5943483.450000000186265 ], [ 43926.375, 5943483.375 ], [ 43926.30000000000291, 5943483.375 ], [ 43926.30000000000291, 5943483.299999999813735 ], [ 43926.150000000001455, 5943483.299999999813735 ], [ 43926.150000000001455, 5943483.224999999627471 ], [ 43926.07499999999709, 5943483.224999999627471 ], [ 43926.07499999999709, 5943483.150000000372529 ], [ 43926.0, 5943483.150000000372529 ], [ 43926.0, 5943483.075000000186265 ], [ 43925.92500000000291, 5943483.075000000186265 ], [ 43925.92500000000291, 5943483.0 ], [ 43925.849999999998545, 5943483.0 ], [ 43925.849999999998545, 5943482.924999999813735 ], [ 43925.775000000001455, 5943482.924999999813735 ], [ 43925.775000000001455, 5943482.775000000372529 ], [ 43925.69999999999709, 5943482.775000000372529 ], [ 43925.69999999999709, 5943482.700000000186265 ], [ 43925.625, 5943482.700000000186265 ], [ 43925.625, 5943482.625 ], [ 43925.55000000000291, 5943482.625 ], [ 43925.55000000000291, 5943482.474999999627471 ], [ 43925.474999999998545, 5943482.474999999627471 ], [ 43925.474999999998545, 5943482.400000000372529 ], [ 43925.400000000001455, 5943482.400000000372529 ], [ 43925.400000000001455, 5943482.25 ], [ 43925.32499999999709, 5943482.25 ], [ 43925.32499999999709, 5943482.174999999813735 ], [ 43925.25, 5943482.174999999813735 ], [ 43925.25, 5943482.025000000372529 ], [ 43925.17500000000291, 5943482.025000000372529 ], [ 43925.17500000000291, 5943481.950000000186265 ], [ 43925.099999999998545, 5943481.950000000186265 ], [ 43925.099999999998545, 5943481.799999999813735 ], [ 43925.025000000001455, 5943481.799999999813735 ], [ 43925.025000000001455, 5943481.724999999627471 ], [ 43924.94999999999709, 5943481.724999999627471 ], [ 43924.94999999999709, 5943481.575000000186265 ], [ 43924.875, 5943481.575000000186265 ], [ 43924.875, 5943481.5 ], [ 43924.80000000000291, 5943481.5 ], [ 43924.80000000000291, 5943481.349999999627471 ], [ 43924.724999999998545, 5943481.349999999627471 ], [ 43924.724999999998545, 5943481.275000000372529 ], [ 43924.650000000001455, 5943481.275000000372529 ], [ 43924.650000000001455, 5943481.125 ], [ 43924.57499999999709, 5943481.125 ], [ 43924.57499999999709, 5943480.974999999627471 ], [ 43924.5, 5943480.974999999627471 ], [ 43924.5, 5943480.900000000372529 ], [ 43924.42500000000291, 5943480.900000000372529 ], [ 43924.42500000000291, 5943480.75 ], [ 43924.349999999998545, 5943480.75 ], [ 43924.349999999998545, 5943480.674999999813735 ], [ 43924.275000000001455, 5943480.674999999813735 ], [ 43924.275000000001455, 5943480.525000000372529 ], [ 43924.19999999999709, 5943480.525000000372529 ], [ 43924.19999999999709, 5943480.450000000186265 ], [ 43924.125, 5943480.450000000186265 ], [ 43924.125, 5943480.299999999813735 ], [ 43924.05000000000291, 5943480.299999999813735 ], [ 43924.05000000000291, 5943480.224999999627471 ], [ 43923.974999999998545, 5943480.224999999627471 ], [ 43923.974999999998545, 5943480.150000000372529 ], [ 43923.900000000001455, 5943480.150000000372529 ], [ 43923.900000000001455, 5943480.075000000186265 ], [ 43923.82499999999709, 5943480.075000000186265 ], [ 43923.82499999999709, 5943479.924999999813735 ], [ 43923.75, 5943479.924999999813735 ], [ 43923.75, 5943479.849999999627471 ], [ 43923.67500000000291, 5943479.849999999627471 ], [ 43923.67500000000291, 5943479.775000000372529 ], [ 43923.599999999998545, 5943479.775000000372529 ], [ 43923.599999999998545, 5943479.700000000186265 ], [ 43923.525000000001455, 5943479.700000000186265 ], [ 43923.525000000001455, 5943479.625 ], [ 43923.44999999999709, 5943479.625 ], [ 43923.44999999999709, 5943479.474999999627471 ], [ 43923.375, 5943479.474999999627471 ], [ 43923.375, 5943479.400000000372529 ], [ 43923.30000000000291, 5943479.400000000372529 ], [ 43923.30000000000291, 5943479.325000000186265 ], [ 43923.224999999998545, 5943479.325000000186265 ], [ 43923.224999999998545, 5943479.25 ], [ 43923.150000000001455, 5943479.25 ], [ 43923.150000000001455, 5943479.099999999627471 ], [ 43923.07499999999709, 5943479.099999999627471 ], [ 43923.07499999999709, 5943479.025000000372529 ], [ 43923.0, 5943479.025000000372529 ], [ 43923.0, 5943478.950000000186265 ], [ 43922.92500000000291, 5943478.950000000186265 ], [ 43922.92500000000291, 5943478.875 ], [ 43922.849999999998545, 5943478.875 ], [ 43922.849999999998545, 5943478.724999999627471 ], [ 43922.775000000001455, 5943478.724999999627471 ], [ 43922.775000000001455, 5943478.650000000372529 ], [ 43922.69999999999709, 5943478.650000000372529 ], [ 43922.69999999999709, 5943478.575000000186265 ], [ 43922.625, 5943478.575000000186265 ], [ 43922.625, 5943478.424999999813735 ], [ 43922.55000000000291, 5943478.424999999813735 ], [ 43922.55000000000291, 5943478.349999999627471 ], [ 43922.474999999998545, 5943478.349999999627471 ], [ 43922.474999999998545, 5943478.275000000372529 ], [ 43922.400000000001455, 5943478.275000000372529 ], [ 43922.400000000001455, 5943478.200000000186265 ], [ 43922.32499999999709, 5943478.200000000186265 ], [ 43922.32499999999709, 5943478.125 ], [ 43922.25, 5943478.125 ], [ 43922.25, 5943478.049999999813735 ], [ 43922.17500000000291, 5943478.049999999813735 ], [ 43922.17500000000291, 5943477.974999999627471 ], [ 43922.099999999998545, 5943477.974999999627471 ], [ 43922.099999999998545, 5943477.900000000372529 ], [ 43922.025000000001455, 5943477.900000000372529 ], [ 43922.025000000001455, 5943477.825000000186265 ], [ 43921.875, 5943477.825000000186265 ], [ 43921.875, 5943477.75 ], [ 43921.80000000000291, 5943477.75 ], [ 43921.80000000000291, 5943477.674999999813735 ], [ 43921.724999999998545, 5943477.674999999813735 ], [ 43921.724999999998545, 5943477.599999999627471 ], [ 43921.57499999999709, 5943477.599999999627471 ], [ 43921.57499999999709, 5943477.525000000372529 ], [ 43921.5, 5943477.525000000372529 ], [ 43921.5, 5943477.450000000186265 ], [ 43921.42500000000291, 5943477.450000000186265 ], [ 43921.42500000000291, 5943477.375 ], [ 43921.349999999998545, 5943477.375 ], [ 43921.349999999998545, 5943477.299999999813735 ], [ 43921.19999999999709, 5943477.299999999813735 ], [ 43921.19999999999709, 5943477.224999999627471 ], [ 43921.125, 5943477.224999999627471 ], [ 43921.125, 5943477.150000000372529 ], [ 43921.05000000000291, 5943477.150000000372529 ], [ 43921.05000000000291, 5943477.075000000186265 ], [ 43920.974999999998545, 5943477.075000000186265 ], [ 43920.974999999998545, 5943477.0 ], [ 43920.82499999999709, 5943477.0 ], [ 43920.82499999999709, 5943476.924999999813735 ], [ 43920.75, 5943476.924999999813735 ], [ 43920.75, 5943476.849999999627471 ], [ 43920.67500000000291, 5943476.849999999627471 ], [ 43920.67500000000291, 5943476.775000000372529 ], [ 43920.599999999998545, 5943476.775000000372529 ], [ 43920.599999999998545, 5943476.700000000186265 ], [ 43920.44999999999709, 5943476.700000000186265 ], [ 43920.44999999999709, 5943476.625 ], [ 43920.375, 5943476.625 ], [ 43920.375, 5943476.549999999813735 ], [ 43920.30000000000291, 5943476.549999999813735 ], [ 43920.30000000000291, 5943476.474999999627471 ], [ 43920.224999999998545, 5943476.474999999627471 ], [ 43920.224999999998545, 5943476.400000000372529 ], [ 43920.150000000001455, 5943476.400000000372529 ], [ 43920.150000000001455, 5943476.325000000186265 ], [ 43920.0, 5943476.325000000186265 ], [ 43920.0, 5943476.25 ], [ 43919.92500000000291, 5943476.25 ], [ 43919.92500000000291, 5943476.174999999813735 ], [ 43919.849999999998545, 5943476.174999999813735 ], [ 43919.849999999998545, 5943476.099999999627471 ], [ 43919.775000000001455, 5943476.099999999627471 ], [ 43919.775000000001455, 5943476.025000000372529 ], [ 43919.69999999999709, 5943476.025000000372529 ], [ 43919.69999999999709, 5943475.950000000186265 ], [ 43919.625, 5943475.950000000186265 ], [ 43919.625, 5943475.875 ], [ 43919.55000000000291, 5943475.875 ], [ 43919.55000000000291, 5943475.799999999813735 ], [ 43919.400000000001455, 5943475.799999999813735 ], [ 43919.400000000001455, 5943475.724999999627471 ], [ 43919.32499999999709, 5943475.724999999627471 ], [ 43919.32499999999709, 5943475.650000000372529 ], [ 43919.25, 5943475.650000000372529 ], [ 43919.25, 5943475.575000000186265 ], [ 43919.17500000000291, 5943475.575000000186265 ], [ 43919.17500000000291, 5943475.5 ], [ 43919.099999999998545, 5943475.5 ], [ 43919.099999999998545, 5943475.424999999813735 ], [ 43919.025000000001455, 5943475.424999999813735 ], [ 43919.025000000001455, 5943475.349999999627471 ], [ 43918.875, 5943475.349999999627471 ], [ 43918.875, 5943475.275000000372529 ], [ 43918.80000000000291, 5943475.275000000372529 ], [ 43918.80000000000291, 5943475.200000000186265 ], [ 43918.724999999998545, 5943475.200000000186265 ], [ 43918.724999999998545, 5943475.125 ], [ 43918.650000000001455, 5943475.125 ], [ 43918.650000000001455, 5943475.049999999813735 ], [ 43918.57499999999709, 5943475.049999999813735 ], [ 43918.57499999999709, 5943474.974999999627471 ], [ 43918.5, 5943474.974999999627471 ], [ 43918.5, 5943474.900000000372529 ], [ 43918.349999999998545, 5943474.900000000372529 ], [ 43918.349999999998545, 5943474.825000000186265 ], [ 43918.275000000001455, 5943474.825000000186265 ], [ 43918.275000000001455, 5943474.674999999813735 ], [ 43918.19999999999709, 5943474.674999999813735 ], [ 43918.19999999999709, 5943474.599999999627471 ], [ 43918.125, 5943474.599999999627471 ], [ 43918.125, 5943474.525000000372529 ], [ 43918.05000000000291, 5943474.525000000372529 ], [ 43918.05000000000291, 5943474.375 ], [ 43917.974999999998545, 5943474.375 ], [ 43917.974999999998545, 5943474.150000000372529 ], [ 43917.900000000001455, 5943474.150000000372529 ], [ 43917.900000000001455, 5943473.924999999813735 ], [ 43917.82499999999709, 5943473.924999999813735 ], [ 43917.82499999999709, 5943473.700000000186265 ], [ 43917.75, 5943473.700000000186265 ], [ 43917.75, 5943473.474999999627471 ], [ 43917.67500000000291, 5943473.474999999627471 ], [ 43917.67500000000291, 5943473.25 ], [ 43917.599999999998545, 5943473.25 ], [ 43917.599999999998545, 5943472.950000000186265 ], [ 43917.525000000001455, 5943472.950000000186265 ], [ 43917.525000000001455, 5943472.724999999627471 ], [ 43917.44999999999709, 5943472.724999999627471 ], [ 43917.44999999999709, 5943467.924999999813735 ], [ 43917.599999999998545, 5943467.924999999813735 ], [ 43917.599999999998545, 5943467.849999999627471 ], [ 43917.75, 5943467.849999999627471 ], [ 43917.75, 5943467.775000000372529 ], [ 43917.900000000001455, 5943467.775000000372529 ], [ 43917.900000000001455, 5943467.700000000186265 ], [ 43918.05000000000291, 5943467.700000000186265 ], [ 43918.05000000000291, 5943467.625 ], [ 43918.19999999999709, 5943467.625 ], [ 43918.19999999999709, 5943467.549999999813735 ], [ 43918.42500000000291, 5943467.549999999813735 ], [ 43918.42500000000291, 5943467.474999999627471 ], [ 43918.5, 5943467.474999999627471 ], [ 43918.5, 5943467.400000000372529 ], [ 43918.650000000001455, 5943467.400000000372529 ], [ 43918.650000000001455, 5943467.325000000186265 ], [ 43918.80000000000291, 5943467.325000000186265 ], [ 43918.80000000000291, 5943467.25 ], [ 43918.94999999999709, 5943467.25 ], [ 43918.94999999999709, 5943467.174999999813735 ], [ 43919.099999999998545, 5943467.174999999813735 ], [ 43919.099999999998545, 5943467.099999999627471 ], [ 43919.32499999999709, 5943467.099999999627471 ], [ 43919.32499999999709, 5943467.025000000372529 ], [ 43919.474999999998545, 5943467.025000000372529 ], [ 43919.474999999998545, 5943466.950000000186265 ], [ 43919.69999999999709, 5943466.950000000186265 ], [ 43919.69999999999709, 5943466.875 ], [ 43919.849999999998545, 5943466.875 ], [ 43919.849999999998545, 5943466.799999999813735 ], [ 43920.07499999999709, 5943466.799999999813735 ], [ 43920.07499999999709, 5943466.724999999627471 ], [ 43920.30000000000291, 5943466.724999999627471 ], [ 43920.30000000000291, 5943466.650000000372529 ], [ 43920.525000000001455, 5943466.650000000372529 ], [ 43920.525000000001455, 5943466.575000000186265 ], [ 43920.67500000000291, 5943466.575000000186265 ], [ 43920.67500000000291, 5943466.5 ], [ 43920.900000000001455, 5943466.5 ], [ 43920.900000000001455, 5943466.424999999813735 ], [ 43921.05000000000291, 5943466.424999999813735 ], [ 43921.05000000000291, 5943466.349999999627471 ], [ 43921.275000000001455, 5943466.349999999627471 ], [ 43921.275000000001455, 5943466.275000000372529 ], [ 43921.5, 5943466.275000000372529 ], [ 43921.5, 5943466.200000000186265 ], [ 43921.650000000001455, 5943466.200000000186265 ], [ 43921.650000000001455, 5943466.125 ], [ 43921.875, 5943466.125 ], [ 43921.875, 5943466.049999999813735 ], [ 43922.099999999998545, 5943466.049999999813735 ], [ 43922.099999999998545, 5943465.974999999627471 ], [ 43922.32499999999709, 5943465.974999999627471 ], [ 43922.32499999999709, 5943465.900000000372529 ], [ 43922.474999999998545, 5943465.900000000372529 ], [ 43922.474999999998545, 5943465.825000000186265 ], [ 43922.69999999999709, 5943465.825000000186265 ], [ 43922.69999999999709, 5943465.75 ], [ 43922.849999999998545, 5943465.75 ], [ 43922.849999999998545, 5943465.674999999813735 ], [ 43923.07499999999709, 5943465.674999999813735 ], [ 43923.07499999999709, 5943465.599999999627471 ], [ 43923.30000000000291, 5943465.599999999627471 ], [ 43923.30000000000291, 5943465.525000000372529 ], [ 43923.525000000001455, 5943465.525000000372529 ], [ 43923.525000000001455, 5943465.450000000186265 ], [ 43923.75, 5943465.450000000186265 ], [ 43923.75, 5943465.375 ], [ 43923.974999999998545, 5943465.375 ], [ 43923.974999999998545, 5943465.299999999813735 ], [ 43924.275000000001455, 5943465.299999999813735 ], [ 43924.275000000001455, 5943465.224999999627471 ], [ 43924.42500000000291, 5943465.224999999627471 ], [ 43924.42500000000291, 5943465.150000000372529 ], [ 43924.650000000001455, 5943465.150000000372529 ], [ 43924.650000000001455, 5943465.075000000186265 ], [ 43924.875, 5943465.075000000186265 ], [ 43924.875, 5943465.0 ], [ 43925.099999999998545, 5943465.0 ], [ 43925.099999999998545, 5943464.924999999813735 ], [ 43925.32499999999709, 5943464.924999999813735 ], [ 43925.32499999999709, 5943464.849999999627471 ], [ 43925.55000000000291, 5943464.849999999627471 ], [ 43925.55000000000291, 5943464.775000000372529 ], [ 43925.775000000001455, 5943464.775000000372529 ], [ 43925.775000000001455, 5943464.700000000186265 ], [ 43925.849999999998545, 5943464.700000000186265 ], [ 43925.849999999998545, 5943464.625 ], [ 43926.0, 5943464.625 ], [ 43926.0, 5943464.549999999813735 ], [ 43926.07499999999709, 5943464.549999999813735 ], [ 43926.07499999999709, 5943464.474999999627471 ], [ 43926.224999999998545, 5943464.474999999627471 ], [ 43926.224999999998545, 5943464.400000000372529 ], [ 43926.375, 5943464.400000000372529 ], [ 43926.375, 5943464.325000000186265 ], [ 43926.525000000001455, 5943464.325000000186265 ], [ 43926.525000000001455, 5943464.25 ], [ 43926.67500000000291, 5943464.25 ], [ 43926.67500000000291, 5943464.174999999813735 ], [ 43926.82499999999709, 5943464.174999999813735 ], [ 43926.82499999999709, 5943464.099999999627471 ], [ 43926.900000000001455, 5943464.099999999627471 ], [ 43926.900000000001455, 5943464.174999999813735 ], [ 43926.974999999998545, 5943464.174999999813735 ], [ 43926.974999999998545, 5943464.25 ], [ 43927.125, 5943464.25 ], [ 43927.125, 5943464.325000000186265 ], [ 43927.275000000001455, 5943464.325000000186265 ], [ 43927.275000000001455, 5943464.400000000372529 ], [ 43927.5, 5943464.400000000372529 ], [ 43927.5, 5943464.474999999627471 ], [ 43927.650000000001455, 5943464.474999999627471 ], [ 43927.650000000001455, 5943464.549999999813735 ], [ 43927.80000000000291, 5943464.549999999813735 ], [ 43927.80000000000291, 5943464.625 ], [ 43927.94999999999709, 5943464.625 ], [ 43927.94999999999709, 5943464.700000000186265 ], [ 43928.099999999998545, 5943464.700000000186265 ], [ 43928.099999999998545, 5943464.775000000372529 ], [ 43928.32499999999709, 5943464.775000000372529 ], [ 43928.32499999999709, 5943464.849999999627471 ], [ 43928.55000000000291, 5943464.849999999627471 ], [ 43928.55000000000291, 5943464.924999999813735 ], [ 43928.849999999998545, 5943464.924999999813735 ], [ 43928.849999999998545, 5943465.0 ], [ 43929.07499999999709, 5943465.0 ], [ 43929.07499999999709, 5943465.075000000186265 ], [ 43929.375, 5943465.075000000186265 ], [ 43929.375, 5943465.150000000372529 ], [ 43929.67500000000291, 5943465.150000000372529 ], [ 43929.67500000000291, 5943465.224999999627471 ], [ 43929.974999999998545, 5943465.224999999627471 ], [ 43929.974999999998545, 5943465.299999999813735 ], [ 43930.42500000000291, 5943465.299999999813735 ], [ 43930.42500000000291, 5943465.375 ], [ 43930.94999999999709, 5943465.375 ], [ 43930.94999999999709, 5943465.450000000186265 ], [ 43931.474999999998545, 5943465.450000000186265 ], [ 43931.474999999998545, 5943465.525000000372529 ], [ 43932.07499999999709, 5943465.525000000372529 ], [ 43932.07499999999709, 5943465.599999999627471 ], [ 43932.67500000000291, 5943465.599999999627471 ], [ 43932.67500000000291, 5943465.674999999813735 ], [ 43933.349999999998545, 5943465.674999999813735 ], [ 43933.349999999998545, 5943465.75 ], [ 43934.025000000001455, 5943465.75 ], [ 43934.025000000001455, 5943465.825000000186265 ], [ 43934.775000000001455, 5943465.825000000186265 ], [ 43934.775000000001455, 5943465.900000000372529 ], [ 43935.599999999998545, 5943465.900000000372529 ], [ 43935.599999999998545, 5943465.974999999627471 ], [ 43936.19999999999709, 5943465.974999999627471 ], [ 43936.19999999999709, 5943466.049999999813735 ], [ 43936.724999999998545, 5943466.049999999813735 ], [ 43936.724999999998545, 5943466.125 ], [ 43937.25, 5943466.125 ], [ 43937.25, 5943466.200000000186265 ], [ 43937.69999999999709, 5943466.200000000186265 ], [ 43937.69999999999709, 5943466.275000000372529 ], [ 43938.07499999999709, 5943466.275000000372529 ], [ 43938.07499999999709, 5943466.349999999627471 ], [ 43938.375, 5943466.349999999627471 ], [ 43938.375, 5943466.424999999813735 ], [ 43938.599999999998545, 5943466.424999999813735 ], [ 43938.599999999998545, 5943466.5 ], [ 43938.82499999999709, 5943466.5 ], [ 43938.82499999999709, 5943466.575000000186265 ], [ 43939.05000000000291, 5943466.575000000186265 ], [ 43939.05000000000291, 5943466.650000000372529 ], [ 43939.275000000001455, 5943466.650000000372529 ], [ 43939.275000000001455, 5943466.724999999627471 ], [ 43939.5, 5943466.724999999627471 ], [ 43939.5, 5943466.799999999813735 ], [ 43939.724999999998545, 5943466.799999999813735 ], [ 43939.724999999998545, 5943466.875 ], [ 43939.94999999999709, 5943466.875 ], [ 43939.94999999999709, 5943466.950000000186265 ], [ 43940.17500000000291, 5943466.950000000186265 ], [ 43940.17500000000291, 5943467.025000000372529 ], [ 43940.400000000001455, 5943467.025000000372529 ], [ 43940.400000000001455, 5943467.099999999627471 ], [ 43940.625, 5943467.099999999627471 ], [ 43940.625, 5943467.174999999813735 ], [ 43940.775000000001455, 5943467.174999999813735 ], [ 43940.775000000001455, 5943467.25 ], [ 43941.0, 5943467.25 ], [ 43941.0, 5943467.325000000186265 ], [ 43941.224999999998545, 5943467.325000000186265 ], [ 43941.224999999998545, 5943467.400000000372529 ], [ 43941.44999999999709, 5943467.400000000372529 ], [ 43941.44999999999709, 5943467.474999999627471 ], [ 43941.67500000000291, 5943467.474999999627471 ], [ 43941.67500000000291, 5943467.549999999813735 ], [ 43941.900000000001455, 5943467.549999999813735 ], [ 43941.900000000001455, 5943467.625 ], [ 43942.05000000000291, 5943467.625 ], [ 43942.05000000000291, 5943467.700000000186265 ], [ 43942.19999999999709, 5943467.700000000186265 ], [ 43942.19999999999709, 5943467.775000000372529 ], [ 43942.42500000000291, 5943467.775000000372529 ], [ 43942.42500000000291, 5943467.849999999627471 ], [ 43942.57499999999709, 5943467.849999999627471 ], [ 43942.57499999999709, 5943467.924999999813735 ], [ 43942.724999999998545, 5943467.924999999813735 ], [ 43942.724999999998545, 5943468.0 ], [ 43942.875, 5943468.0 ], [ 43942.875, 5943468.075000000186265 ], [ 43943.025000000001455, 5943468.075000000186265 ], [ 43943.025000000001455, 5943468.150000000372529 ], [ 43943.17500000000291, 5943468.150000000372529 ], [ 43943.17500000000291, 5943468.224999999627471 ], [ 43943.25, 5943468.224999999627471 ], [ 43943.25, 5943468.299999999813735 ], [ 43943.400000000001455, 5943468.299999999813735 ], [ 43943.400000000001455, 5943468.375 ], [ 43943.55000000000291, 5943468.375 ], [ 43943.55000000000291, 5943468.450000000186265 ], [ 43943.625, 5943468.450000000186265 ], [ 43943.625, 5943468.525000000372529 ], [ 43943.775000000001455, 5943468.525000000372529 ], [ 43943.775000000001455, 5943468.599999999627471 ], [ 43943.849999999998545, 5943468.599999999627471 ], [ 43943.849999999998545, 5943468.75 ], [ 43943.92500000000291, 5943468.75 ], [ 43943.92500000000291, 5943468.825000000186265 ], [ 43944.0, 5943468.825000000186265 ], [ 43944.0, 5943468.900000000372529 ], [ 43944.07499999999709, 5943468.900000000372529 ], [ 43944.07499999999709, 5943468.974999999627471 ], [ 43944.150000000001455, 5943468.974999999627471 ], [ 43944.150000000001455, 5943469.125 ], [ 43944.224999999998545, 5943469.125 ], [ 43944.224999999998545, 5943469.200000000186265 ], [ 43944.30000000000291, 5943469.200000000186265 ], [ 43944.30000000000291, 5943469.275000000372529 ], [ 43944.375, 5943469.275000000372529 ], [ 43944.375, 5943469.424999999813735 ], [ 43944.44999999999709, 5943469.424999999813735 ], [ 43944.44999999999709, 5943469.5 ], [ 43944.525000000001455, 5943469.5 ], [ 43944.525000000001455, 5943469.575000000186265 ], [ 43944.599999999998545, 5943469.575000000186265 ], [ 43944.599999999998545, 5943469.650000000372529 ], [ 43944.67500000000291, 5943469.650000000372529 ], [ 43944.67500000000291, 5943469.799999999813735 ], [ 43944.75, 5943469.799999999813735 ], [ 43944.75, 5943469.875 ], [ 43944.82499999999709, 5943469.875 ], [ 43944.82499999999709, 5943469.950000000186265 ], [ 43944.900000000001455, 5943469.950000000186265 ], [ 43944.900000000001455, 5943470.099999999627471 ], [ 43944.974999999998545, 5943470.099999999627471 ], [ 43944.974999999998545, 5943470.174999999813735 ], [ 43945.05000000000291, 5943470.174999999813735 ], [ 43945.05000000000291, 5943470.25 ], [ 43945.125, 5943470.25 ], [ 43945.125, 5943470.325000000186265 ], [ 43945.19999999999709, 5943470.325000000186265 ], [ 43945.19999999999709, 5943470.474999999627471 ], [ 43945.275000000001455, 5943470.474999999627471 ], [ 43945.275000000001455, 5943470.549999999813735 ], [ 43945.349999999998545, 5943470.549999999813735 ], [ 43945.349999999998545, 5943470.625 ], [ 43945.42500000000291, 5943470.625 ], [ 43945.42500000000291, 5943470.775000000372529 ], [ 43945.5, 5943470.775000000372529 ], [ 43945.5, 5943470.849999999627471 ], [ 43945.57499999999709, 5943470.849999999627471 ], [ 43945.57499999999709, 5943470.924999999813735 ], [ 43945.650000000001455, 5943470.924999999813735 ], [ 43945.650000000001455, 5943471.075000000186265 ], [ 43945.724999999998545, 5943471.075000000186265 ], [ 43945.724999999998545, 5943471.150000000372529 ], [ 43945.80000000000291, 5943471.150000000372529 ], [ 43945.80000000000291, 5943471.299999999813735 ], [ 43945.875, 5943471.299999999813735 ], [ 43945.875, 5943471.375 ], [ 43945.94999999999709, 5943471.375 ], [ 43945.94999999999709, 5943471.525000000372529 ], [ 43946.025000000001455, 5943471.525000000372529 ], [ 43946.025000000001455, 5943471.599999999627471 ], [ 43946.099999999998545, 5943471.599999999627471 ], [ 43946.099999999998545, 5943471.75 ], [ 43946.17500000000291, 5943471.75 ], [ 43946.17500000000291, 5943471.900000000372529 ], [ 43946.25, 5943471.900000000372529 ], [ 43946.25, 5943471.974999999627471 ], [ 43946.32499999999709, 5943471.974999999627471 ], [ 43946.32499999999709, 5943472.125 ], [ 43946.400000000001455, 5943472.125 ], [ 43946.400000000001455, 5943472.275000000372529 ], [ 43946.474999999998545, 5943472.275000000372529 ], [ 43946.474999999998545, 5943472.424999999813735 ], [ 43946.55000000000291, 5943472.424999999813735 ], [ 43946.55000000000291, 5943472.950000000186265 ], [ 43946.625, 5943472.950000000186265 ], [ 43946.625, 5943474.599999999627471 ], [ 43946.55000000000291, 5943474.599999999627471 ], [ 43946.55000000000291, 5943474.75 ], [ 43946.474999999998545, 5943474.75 ], [ 43946.474999999998545, 5943474.900000000372529 ], [ 43946.400000000001455, 5943474.900000000372529 ], [ 43946.400000000001455, 5943474.974999999627471 ], [ 43946.32499999999709, 5943474.974999999627471 ], [ 43946.32499999999709, 5943475.125 ], [ 43946.25, 5943475.125 ], [ 43946.25, 5943475.275000000372529 ], [ 43946.17500000000291, 5943475.275000000372529 ], [ 43946.17500000000291, 5943475.424999999813735 ], [ 43946.099999999998545, 5943475.424999999813735 ], [ 43946.099999999998545, 5943475.575000000186265 ], [ 43946.025000000001455, 5943475.575000000186265 ], [ 43946.025000000001455, 5943475.650000000372529 ], [ 43945.94999999999709, 5943475.650000000372529 ], [ 43945.94999999999709, 5943475.799999999813735 ], [ 43945.875, 5943475.799999999813735 ], [ 43945.875, 5943475.950000000186265 ], [ 43945.80000000000291, 5943475.950000000186265 ], [ 43945.80000000000291, 5943476.025000000372529 ], [ 43945.724999999998545, 5943476.025000000372529 ], [ 43945.724999999998545, 5943476.174999999813735 ], [ 43945.650000000001455, 5943476.174999999813735 ], [ 43945.650000000001455, 5943476.25 ], [ 43945.57499999999709, 5943476.25 ], [ 43945.57499999999709, 5943476.400000000372529 ], [ 43945.5, 5943476.400000000372529 ], [ 43945.5, 5943476.474999999627471 ], [ 43945.42500000000291, 5943476.474999999627471 ], [ 43945.42500000000291, 5943476.625 ], [ 43945.349999999998545, 5943476.625 ], [ 43945.349999999998545, 5943476.700000000186265 ], [ 43945.275000000001455, 5943476.700000000186265 ], [ 43945.275000000001455, 5943476.849999999627471 ], [ 43945.19999999999709, 5943476.849999999627471 ], [ 43945.19999999999709, 5943476.924999999813735 ], [ 43945.125, 5943476.924999999813735 ], [ 43945.125, 5943477.075000000186265 ], [ 43945.05000000000291, 5943477.075000000186265 ], [ 43945.05000000000291, 5943477.224999999627471 ], [ 43944.974999999998545, 5943477.224999999627471 ], [ 43944.974999999998545, 5943477.299999999813735 ], [ 43944.900000000001455, 5943477.299999999813735 ], [ 43944.900000000001455, 5943477.450000000186265 ], [ 43944.82499999999709, 5943477.450000000186265 ], [ 43944.82499999999709, 5943477.599999999627471 ], [ 43944.75, 5943477.599999999627471 ], [ 43944.75, 5943477.75 ], [ 43944.67500000000291, 5943477.75 ], [ 43944.67500000000291, 5943477.900000000372529 ], [ 43944.599999999998545, 5943477.900000000372529 ], [ 43944.599999999998545, 5943477.974999999627471 ], [ 43944.525000000001455, 5943477.974999999627471 ], [ 43944.525000000001455, 5943478.125 ], [ 43944.44999999999709, 5943478.125 ], [ 43944.44999999999709, 5943478.275000000372529 ], [ 43944.375, 5943478.275000000372529 ], [ 43944.375, 5943478.424999999813735 ], [ 43944.30000000000291, 5943478.424999999813735 ], [ 43944.30000000000291, 5943478.575000000186265 ], [ 43944.224999999998545, 5943478.575000000186265 ], [ 43944.224999999998545, 5943478.724999999627471 ], [ 43944.150000000001455, 5943478.724999999627471 ], [ 43944.150000000001455, 5943478.799999999813735 ], [ 43944.07499999999709, 5943478.799999999813735 ], [ 43944.07499999999709, 5943478.950000000186265 ], [ 43944.0, 5943478.950000000186265 ], [ 43944.0, 5943479.025000000372529 ], [ 43943.92500000000291, 5943479.025000000372529 ], [ 43943.92500000000291, 5943479.174999999813735 ], [ 43943.849999999998545, 5943479.174999999813735 ], [ 43943.849999999998545, 5943479.25 ], [ 43943.775000000001455, 5943479.25 ], [ 43943.775000000001455, 5943479.325000000186265 ], [ 43943.69999999999709, 5943479.325000000186265 ], [ 43943.69999999999709, 5943479.474999999627471 ], [ 43943.625, 5943479.474999999627471 ], [ 43943.625, 5943479.549999999813735 ], [ 43943.55000000000291, 5943479.549999999813735 ], [ 43943.55000000000291, 5943479.625 ], [ 43943.474999999998545, 5943479.625 ], [ 43943.474999999998545, 5943479.700000000186265 ], [ 43943.400000000001455, 5943479.700000000186265 ], [ 43943.400000000001455, 5943479.849999999627471 ], [ 43943.32499999999709, 5943479.849999999627471 ], [ 43943.32499999999709, 5943479.924999999813735 ], [ 43943.25, 5943479.924999999813735 ], [ 43943.25, 5943480.0 ], [ 43943.17500000000291, 5943480.0 ], [ 43943.17500000000291, 5943480.150000000372529 ], [ 43943.099999999998545, 5943480.150000000372529 ], [ 43943.099999999998545, 5943480.224999999627471 ], [ 43943.025000000001455, 5943480.224999999627471 ], [ 43943.025000000001455, 5943480.375 ], [ 43942.94999999999709, 5943480.375 ], [ 43942.94999999999709, 5943480.525000000372529 ], [ 43942.875, 5943480.525000000372529 ], [ 43942.875, 5943480.599999999627471 ], [ 43942.80000000000291, 5943480.599999999627471 ], [ 43942.80000000000291, 5943480.75 ], [ 43942.724999999998545, 5943480.75 ], [ 43942.724999999998545, 5943480.900000000372529 ], [ 43942.650000000001455, 5943480.900000000372529 ], [ 43942.650000000001455, 5943481.049999999813735 ], [ 43942.57499999999709, 5943481.049999999813735 ], [ 43942.57499999999709, 5943481.125 ], [ 43942.5, 5943481.125 ], [ 43942.5, 5943481.275000000372529 ], [ 43942.42500000000291, 5943481.275000000372529 ], [ 43942.42500000000291, 5943481.424999999813735 ], [ 43942.349999999998545, 5943481.424999999813735 ], [ 43942.349999999998545, 5943481.5 ], [ 43942.275000000001455, 5943481.5 ], [ 43942.275000000001455, 5943481.650000000372529 ], [ 43942.19999999999709, 5943481.650000000372529 ], [ 43942.19999999999709, 5943481.724999999627471 ], [ 43942.125, 5943481.724999999627471 ], [ 43942.125, 5943481.799999999813735 ], [ 43942.05000000000291, 5943481.799999999813735 ], [ 43942.05000000000291, 5943481.950000000186265 ], [ 43941.974999999998545, 5943481.950000000186265 ], [ 43941.974999999998545, 5943482.025000000372529 ], [ 43941.900000000001455, 5943482.025000000372529 ], [ 43941.900000000001455, 5943482.099999999627471 ], [ 43941.82499999999709, 5943482.099999999627471 ], [ 43941.82499999999709, 5943482.25 ], [ 43941.75, 5943482.25 ], [ 43941.75, 5943482.325000000186265 ], [ 43941.67500000000291, 5943482.325000000186265 ], [ 43941.67500000000291, 5943482.400000000372529 ], [ 43941.599999999998545, 5943482.400000000372529 ], [ 43941.599999999998545, 5943482.474999999627471 ], [ 43941.525000000001455, 5943482.474999999627471 ], [ 43941.525000000001455, 5943482.549999999813735 ], [ 43941.44999999999709, 5943482.549999999813735 ], [ 43941.44999999999709, 5943482.625 ], [ 43941.375, 5943482.625 ], [ 43941.375, 5943482.700000000186265 ], [ 43941.30000000000291, 5943482.700000000186265 ], [ 43941.30000000000291, 5943482.775000000372529 ], [ 43941.224999999998545, 5943482.775000000372529 ], [ 43941.224999999998545, 5943482.849999999627471 ], [ 43941.150000000001455, 5943482.849999999627471 ], [ 43941.150000000001455, 5943482.924999999813735 ], [ 43941.07499999999709, 5943482.924999999813735 ], [ 43941.07499999999709, 5943483.0 ], [ 43941.0, 5943483.0 ], [ 43941.0, 5943483.075000000186265 ], [ 43940.92500000000291, 5943483.075000000186265 ], [ 43940.92500000000291, 5943483.150000000372529 ], [ 43940.775000000001455, 5943483.150000000372529 ], [ 43940.775000000001455, 5943483.224999999627471 ], [ 43940.69999999999709, 5943483.224999999627471 ], [ 43940.69999999999709, 5943483.299999999813735 ], [ 43940.625, 5943483.299999999813735 ], [ 43940.625, 5943483.375 ], [ 43940.55000000000291, 5943483.375 ], [ 43940.55000000000291, 5943483.450000000186265 ], [ 43940.400000000001455, 5943483.450000000186265 ], [ 43940.400000000001455, 5943483.525000000372529 ], [ 43940.32499999999709, 5943483.525000000372529 ], [ 43940.32499999999709, 5943483.599999999627471 ], [ 43940.17500000000291, 5943483.599999999627471 ], [ 43940.17500000000291, 5943483.674999999813735 ], [ 43940.099999999998545, 5943483.674999999813735 ], [ 43940.099999999998545, 5943483.75 ], [ 43939.94999999999709, 5943483.75 ], [ 43939.94999999999709, 5943483.825000000186265 ], [ 43939.80000000000291, 5943483.825000000186265 ], [ 43939.80000000000291, 5943483.900000000372529 ], [ 43939.650000000001455, 5943483.900000000372529 ], [ 43939.650000000001455, 5943483.974999999627471 ], [ 43939.5, 5943483.974999999627471 ], [ 43939.5, 5943484.049999999813735 ], [ 43939.42500000000291, 5943484.049999999813735 ], [ 43939.42500000000291, 5943484.125 ], [ 43939.275000000001455, 5943484.125 ], [ 43939.275000000001455, 5943484.200000000186265 ], [ 43939.125, 5943484.200000000186265 ], [ 43939.125, 5943484.275000000372529 ], [ 43938.974999999998545, 5943484.275000000372529 ], [ 43938.974999999998545, 5943484.349999999627471 ], [ 43938.82499999999709, 5943484.349999999627471 ], [ 43938.82499999999709, 5943484.424999999813735 ], [ 43938.67500000000291, 5943484.424999999813735 ], [ 43938.67500000000291, 5943484.5 ], [ 43938.525000000001455, 5943484.5 ], [ 43938.525000000001455, 5943484.575000000186265 ], [ 43938.30000000000291, 5943484.575000000186265 ], [ 43938.30000000000291, 5943484.650000000372529 ], [ 43938.07499999999709, 5943484.650000000372529 ], [ 43938.07499999999709, 5943484.724999999627471 ], [ 43937.849999999998545, 5943484.724999999627471 ], [ 43937.849999999998545, 5943484.799999999813735 ], [ 43937.25, 5943484.799999999813735 ], [ 43937.25, 5943484.875 ], [ 43936.650000000001455, 5943484.875 ], [ 43936.650000000001455, 5943484.950000000186265 ], [ 43935.974999999998545, 5943484.950000000186265 ], [ 43935.974999999998545, 5943485.025000000372529 ], [ 43931.92500000000291, 5943485.025000000372529 ], [ 43931.92500000000291, 5943485.099999999627471 ], [ 43929.900000000001455, 5943485.099999999627471 ] ] ] } },
{ "type": "Feature", "properties": { "value": 1.0, "building_id": 16, "area": 527.33250000003909 }, "geometry": { "type": "Polygon", "coordinates": [ [ [ 43898.775000000001455, 5943486.075000000186265 ], [ 43898.775000000001455, 5943486.0 ], [ 43898.400000000001455, 5943486.0 ], [ 43898.400000000001455, 5943485.924999999813735 ], [ 43898.025000000001455, 5943485.924999999813735 ], [ 43898.025000000001455, 5943485.849999999627471 ], [ 43897.57499999999709, 5943485.849999999627471 ], [ 43897.57499999999709, 5943485.775000000372529 ], [ 43897.125, 5943485.775000000372529 ], [ 43897.125, 5943485.700000000186265 ], [ 43896.82499999999709, 5943485.700000000186265 ], [ 43896.82499999999709, 5943485.625 ], [ 43896.599999999998545, 5943485.625 ], [ 43896.599999999998545, 5943485.549999999813735 ], [ 43896.375, 5943485.549999999813735 ], [ 43896.375, 5943485.474999999627471 ], [ 43896.224999999998545, 5943485.474999999627471 ], [ 43896.224999999998545, 5943485.400000000372529 ], [ 43896.07499999999709, 5943485.400000000372529 ], [ 43896.07499999999709, 5943485.325000000186265 ], [ 43895.849999999998545, 5943485.325000000186265 ], [ 43895.849999999998545, 5943485.25 ], [ 43895.69999999999709, 5943485.25 ], [ 43895.69999999999709, 5943485.174999999813735 ], [ 43895.55000000000291, 5943485.174999999813735 ], [ 43895.55000000000291, 5943485.099999999627471 ], [ 43895.400000000001455, 5943485.099999999627471 ], [ 43895.400000000001455, 5943485.025000000372529 ], [ 43895.25, 5943485.025000000372529 ], [ 43895.25, 5943484.950000000186265 ], [ 43895.099999999998545, 5943484.950000000186265 ], [ 43895.099999999998545, 5943484.875 ], [ 43894.94999999999709, 5943484.875 ], [ 43894.94999999999709, 5943484.799999999813735 ], [ 43894.80000000000291, 5943484.799999999813735 ], [ 43894.80000000000291, 5943484.724999999627471 ], [ 43894.724999999998545, 5943484.724999999627471 ], [ 43894.724999999998545, 5943484.650000000372529 ], [ 43894.57499999999709, 5943484.650000000372529 ], [ 43894.57499999999709, 5943484.575000000186265 ], [ 43894.5, 5943484.575000000186265 ], [ 43894.5, 5943484.5 ], [ 43894.42500000000291, 5943484.5 ], [ 43894.42500000000291, 5943484.424999999813735 ], [ 43894.349999999998545, 5943484.424999999813735 ], [ 43894.349999999998545, 5943484.349999999627471 ], [ 43894.275000000001455, 5943484.349999999627471 ], [ 43894.275000000001455, 5943484.275000000372529 ], [ 43894.19999999999709, 5943484.275000000372529 ], [ 43894.19999999999709, 5943484.200000000186265 ], [ 43894.125, 5943484.200000000186265 ], [ 43894.125, 5943484.125 ], [ 43894.05000000000291, 5943484.125 ], [ 43894.05000000000291, 5943483.974999999627471 ], [ 43893.974999999998545, 5943483.974999999627471 ], [ 43893.974999999998545, 5943483.900000000372529 ], [ 43893.900000000001455, 5943483.900000000372529 ], [ 43893.900000000001455, 5943483.825000000186265 ], [ 43893.82499999999709, 5943483.825000000186265 ], [ 43893.82499999999709, 5943483.75 ], [ 43893.75, 5943483.75 ], [ 43893.75, 5943483.599999999627471 ], [ 43893.67500000000291, 5943483.599999999627471 ], [ 43893.67500000000291, 5943483.525000000372529 ], [ 43893.599999999998545, 5943483.525000000372529 ], [ 43893.599999999998545, 5943483.450000000186265 ], [ 43893.525000000001455, 5943483.450000000186265 ], [ 43893.525000000001455, 5943483.299999999813735 ], [ 43893.44999999999709, 5943483.299999999813735 ], [ 43893.44999999999709, 5943483.224999999627471 ], [ 43893.375, 5943483.224999999627471 ], [ 43893.375, 5943483.150000000372529 ], [ 43893.30000000000291, 5943483.150000000372529 ], [ 43893.30000000000291, 5943483.0 ], [ 43893.224999999998545, 5943483.0 ], [ 43893.224999999998545, 5943482.924999999813735 ], [ 43893.150000000001455, 5943482.924999999813735 ], [ 43893.150000000001455, 5943482.775000000372529 ], [ 43893.07499999999709, 5943482.775000000372529 ], [ 43893.07499999999709, 5943482.700000000186265 ], [ 43893.0, 5943482.700000000186265 ], [ 43893.0, 5943482.549999999813735 ], [ 43892.92500000000291, 5943482.549999999813735 ], [ 43892.92500000000291, 5943482.474999999627471 ], [ 43892.849999999998545, 5943482.474999999627471 ], [ 43892.849999999998545, 5943482.325000000186265 ], [ 43892.775000000001455, 5943482.325000000186265 ], [ 43892.775000000001455, 5943482.174999999813735 ], [ 43892.69999999999709, 5943482.174999999813735 ], [ 43892.69999999999709, 5943481.950000000186265 ], [ 43892.625, 5943481.950000000186265 ], [ 43892.625, 5943481.724999999627471 ], [ 43892.55000000000291, 5943481.724999999627471 ], [ 43892.55000000000291, 5943481.424999999813735 ], [ 43892.474999999998545, 5943481.424999999813735 ], [ 43892.474999999998545, 5943481.200000000186265 ], [ 43892.400000000001455, 5943481.200000000186265 ], [ 43892.400000000001455, 5943480.900000000372529 ], [ 43892.32499999999709, 5943480.900000000372529 ], [ 43892.32499999999709, 5943480.599999999627471 ], [ 43892.25, 5943480.599999999627471 ], [ 43892.25, 5943479.924999999813735 ], [ 43892.17500000000291, 5943479.924999999813735 ], [ 43892.17500000000291, 5943478.875 ], [ 43892.099999999998545, 5943478.875 ], [ 43892.099999999998545, 5943477.674999999813735 ], [ 43892.025000000001455, 5943477.674999999813735 ], [ 43892.025000000001455, 5943476.474999999627471 ], [ 43891.94999999999709, 5943476.474999999627471 ], [ 43891.94999999999709, 5943475.200000000186265 ], [ 43891.875, 5943475.200000000186265 ], [ 43891.875, 5943474.150000000372529 ], [ 43891.80000000000291, 5943474.150000000372529 ], [ 43891.80000000000291, 5943473.25 ], [ 43891.724999999998545, 5943473.25 ], [ 43891.724999999998545, 5943472.424999999813735 ], [ 43891.650000000001455, 5943472.424999999813735 ], [ 43891.650000000001455, 5943471.825000000186265 ], [ 43891.57499999999709, 5943471.825000000186265 ], [ 43891.57499999999709, 5943471.224999999627471 ], [ 43891.5, 5943471.224999999627471 ], [ 43891.5, 5943470.549999999813735 ], [ 43891.42500000000291, 5943470.549999999813735 ], [ 43891.42500000000291, 5943470.025000000372529 ], [ 43891.349999999998545, 5943470.025000000372529 ], [ 43891.349999999998545, 5943469.424999999813735 ], [ 43891.275000000001455, 5943469.424999999813735 ], [ 43891.275000000001455, 5943468.974999999627471 ], [ 43891.19999999999709, 5943468.974999999627471 ], [ 43891.19999999999709, 5943468.450000000186265 ], [ 43891.125, 5943468.450000000186265 ], [ 43891.125, 5943468.0 ], [ 43891.05000000000291, 5943468.0 ], [ 43891.05000000000291, 5943467.625 ], [ 43890.974999999998545, 5943467.625 ], [ 43890.974999999998545, 5943467.325000000186265 ], [ 43890.900000000001455, 5943467.325000000186265 ], [ 43890.900000000001455, 5943467.099999999627471 ], [ 43890.82499999999709, 5943467.099999999627471 ], [ 43890.82499999999709, 5943466.724999999627471 ], [ 43890.75, 5943466.724999999627471 ], [ 43890.75, 5943466.424999999813735 ], [ 43890.67500000000291, 5943466.424999999813735 ], [ 43890.67500000000291, 5943466.049999999813735 ], [ 43890.599999999998545, 5943466.049999999813735 ], [ 43890.599999999998545, 5943465.75 ], [ 43890.525000000001455, 5943465.75 ], [ 43890.525000000001455, 5943465.375 ], [ 43890.44999999999709, 5943465.375 ], [ 43890.44999999999709, 5943465.075000000186265 ], [ 43890.375, 5943465.075000000186265 ], [ 43890.375, 5943464.700000000186265 ], [ 43890.30000000000291, 5943464.700000000186265 ], [ 43890.30000000000291, 5943464.400000000372529 ], [ 43890.224999999998545, 5943464.400000000372529 ], [ 43890.224999999998545, 5943464.025000000372529 ], [ 43890.150000000001455, 5943464.025000000372529 ], [ 43890.150000000001455, 5943463.799999999813735 ], [ 43890.07499999999709, 5943463.799999999813735 ], [ 43890.07499999999709, 5943463.5 ], [ 43890.0, 5943463.5 ], [ 43890.0, 5943463.275000000372529 ], [ 43889.92500000000291, 5943463.275000000372529 ], [ 43889.92500000000291, 5943462.974999999627471 ], [ 43889.849999999998545, 5943462.974999999627471 ], [ 43889.849999999998545, 5943462.75 ], [ 43889.775000000001455, 5943462.75 ], [ 43889.775000000001455, 5943462.525000000372529 ], [ 43889.69999999999709, 5943462.525000000372529 ], [ 43889.69999999999709, 5943462.299999999813735 ], [ 43889.625, 5943462.299999999813735 ], [ 43889.625, 5943462.150000000372529 ], [ 43889.55000000000291, 5943462.150000000372529 ], [ 43889.55000000000291, 5943461.924999999813735 ], [ 43889.474999999998545, 5943461.924999999813735 ], [ 43889.474999999998545, 5943461.775000000372529 ], [ 43889.400000000001455, 5943461.775000000372529 ], [ 43889.400000000001455, 5943461.625 ], [ 43889.32499999999709, 5943461.625 ], [ 43889.32499999999709, 5943461.474999999627471 ], [ 43889.25, 5943461.474999999627471 ], [ 43889.25, 5943461.325000000186265 ], [ 43889.17500000000291, 5943461.325000000186265 ], [ 43889.17500000000291, 5943461.174999999813735 ], [ 43889.099999999998545, 5943461.174999999813735 ], [ 43889.099999999998545, 5943461.025000000372529 ], [ 43889.025000000001455, 5943461.025000000372529 ], [ 43889.025000000001455, 5943460.950000000186265 ], [ 43888.94999999999709, 5943460.950000000186265 ], [ 43888.94999999999709, 5943460.875 ], [ 43888.875, 5943460.875 ], [ 43888.875, 5943460.724999999627471 ], [ 43888.80000000000291, 5943460.724999999627471 ], [ 43888.80000000000291, 5943460.650000000372529 ], [ 43888.724999999998545, 5943460.650000000372529 ], [ 43888.724999999998545, 5943460.575000000186265 ], [ 43888.650000000001455, 5943460.575000000186265 ], [ 43888.650000000001455, 5943460.5 ], [ 43888.57499999999709, 5943460.5 ], [ 43888.57499999999709, 5943460.424999999813735 ], [ 43888.5, 5943460.424999999813735 ], [ 43888.5, 5943460.275000000372529 ], [ 43888.42500000000291, 5943460.275000000372529 ], [ 43888.42500000000291, 5943460.200000000186265 ], [ 43888.349999999998545, 5943460.200000000186265 ], [ 43888.349999999998545, 5943460.125 ], [ 43888.275000000001455, 5943460.125 ], [ 43888.275000000001455, 5943460.049999999813735 ], [ 43888.19999999999709, 5943460.049999999813735 ], [ 43888.19999999999709, 5943459.974999999627471 ], [ 43888.125, 5943459.974999999627471 ], [ 43888.125, 5943459.825000000186265 ], [ 43888.05000000000291, 5943459.825000000186265 ], [ 43888.05000000000291, 5943459.75 ], [ 43887.974999999998545, 5943459.75 ], [ 43887.974999999998545, 5943459.674999999813735 ], [ 43887.900000000001455, 5943459.674999999813735 ], [ 43887.900000000001455, 5943459.599999999627471 ], [ 43887.82499999999709, 5943459.599999999627471 ], [ 43887.82499999999709, 5943459.450000000186265 ], [ 43887.75, 5943459.450000000186265 ], [ 43887.75, 5943459.375 ], [ 43887.67500000000291, 5943459.375 ], [ 43887.67500000000291, 5943459.299999999813735 ], [ 43887.599999999998545, 5943459.299999999813735 ], [ 43887.599999999998545, 5943459.224999999627471 ], [ 43887.525000000001455, 5943459.224999999627471 ], [ 43887.525000000001455, 5943459.150000000372529 ], [ 43887.44999999999709, 5943459.150000000372529 ], [ 43887.44999999999709, 5943459.0 ], [ 43887.375, 5943459.0 ], [ 43887.375, 5943458.924999999813735 ], [ 43887.30000000000291, 5943458.924999999813735 ], [ 43887.30000000000291, 5943457.875 ], [ 43887.375, 5943457.875 ], [ 43887.375, 5943456.900000000372529 ], [ 43887.44999999999709, 5943456.900000000372529 ], [ 43887.44999999999709, 5943456.825000000186265 ], [ 43887.525000000001455, 5943456.825000000186265 ], [ 43887.525000000001455, 5943456.75 ], [ 43887.599999999998545, 5943456.75 ], [ 43887.599999999998545, 5943456.674999999813735 ], [ 43887.67500000000291, 5943456.674999999813735 ], [ 43887.67500000000291, 5943456.599999999627471 ], [ 43887.82499999999709, 5943456.599999999627471 ], [ 43887.82499999999709, 5943456.525000000372529 ], [ 43887.900000000001455, 5943456.525000000372529 ], [ 43887.900000000001455, 5943456.450000000186265 ], [ 43887.974999999998545, 5943456.450000000186265 ], [ 43887.974999999998545, 5943456.375 ], [ 43888.05000000000291, 5943456.375 ], [ 43888.05000000000291, 5943456.299999999813735 ], [ 43888.125, 5943456.299999999813735 ], [ 43888.125, 5943456.224999999627471 ], [ 43888.275000000001455, 5943456.224999999627471 ], [ 43888.275000000001455, 5943456.150000000372529 ], [ 43888.349999999998545, 5943456.150000000372529 ], [ 43888.349999999998545, 5943456.075000000186265 ], [ 43888.42500000000291, 5943456.075000000186265 ], [ 43888.42500000000291, 5943456.0 ], [ 43888.57499999999709, 5943456.0 ], [ 43888.57499999999709, 5943455.924999999813735 ], [ 43888.650000000001455, 5943455.924999999813735 ], [ 43888.650000000001455, 5943455.849999999627471 ], [ 43888.80000000000291, 5943455.849999999627471 ], [ 43888.80000000000291, 5943455.775000000372529 ], [ 43888.875, 5943455.775000000372529 ], [ 43888.875, 5943455.700000000186265 ], [ 43889.025000000001455, 5943455.700000000186265 ], [ 43889.025000000001455, 5943455.625 ], [ 43889.099999999998545, 5943455.625 ], [ 43889.099999999998545, 5943455.549999999813735 ], [ 43889.25, 5943455.549999999813735 ], [ 43889.25, 5943455.474999999627471 ], [ 43889.474999999998545, 5943455.474999999627471 ], [ 43889.474999999998545, 5943455.400000000372529 ], [ 43889.625, 5943455.400000000372529 ], [ 43889.625, 5943455.325000000186265 ], [ 43889.775000000001455, 5943455.325000000186265 ], [ 43889.775000000001455, 5943455.25 ], [ 43889.92500000000291, 5943455.25 ], [ 43889.92500000000291, 5943455.174999999813735 ], [ 43890.150000000001455, 5943455.174999999813735 ], [ 43890.150000000001455, 5943455.099999999627471 ], [ 43890.30000000000291, 5943455.099999999627471 ], [ 43890.30000000000291, 5943455.025000000372529 ], [ 43890.44999999999709, 5943455.025000000372529 ], [ 43890.44999999999709, 5943454.950000000186265 ], [ 43890.67500000000291, 5943454.950000000186265 ], [ 43890.67500000000291, 5943454.875 ], [ 43890.900000000001455, 5943454.875 ], [ 43890.900000000001455, 5943454.799999999813735 ], [ 43891.05000000000291, 5943454.799999999813735 ], [ 43891.05000000000291, 5943454.724999999627471 ], [ 43891.275000000001455, 5943454.724999999627471 ], [ 43891.275000000001455, 5943454.650000000372529 ], [ 43891.5, 5943454.650000000372529 ], [ 43891.5, 5943454.575000000186265 ], [ 43891.724999999998545, 5943454.575000000186265 ], [ 43891.724999999998545, 5943454.5 ], [ 43891.94999999999709, 5943454.5 ], [ 43891.94999999999709, 5943454.424999999813735 ], [ 43892.17500000000291, 5943454.424999999813735 ], [ 43892.17500000000291, 5943454.349999999627471 ], [ 43892.400000000001455, 5943454.349999999627471 ], [ 43892.400000000001455, 5943454.275000000372529 ], [ 43892.625, 5943454.275000000372529 ], [ 43892.625, 5943454.200000000186265 ], [ 43892.849999999998545, 5943454.200000000186265 ], [ 43892.849999999998545, 5943454.125 ], [ 43893.07499999999709, 5943454.125 ], [ 43893.07499999999709, 5943454.049999999813735 ], [ 43893.30000000000291, 5943454.049999999813735 ], [ 43893.30000000000291, 5943453.974999999627471 ], [ 43893.525000000001455, 5943453.974999999627471 ], [ 43893.525000000001455, 5943453.900000000372529 ], [ 43893.75, 5943453.900000000372529 ], [ 43893.75, 5943453.825000000186265 ], [ 43893.974999999998545, 5943453.825000000186265 ], [ 43893.974999999998545, 5943453.75 ], [ 43894.19999999999709, 5943453.75 ], [ 43894.19999999999709, 5943453.674999999813735 ], [ 43894.42500000000291, 5943453.674999999813735 ], [ 43894.42500000000291, 5943453.599999999627471 ], [ 43894.724999999998545, 5943453.599999999627471 ], [ 43894.724999999998545, 5943453.525000000372529 ], [ 43894.94999999999709, 5943453.525000000372529 ], [ 43894.94999999999709, 5943453.450000000186265 ], [ 43895.17500000000291, 5943453.450000000186265 ], [ 43895.17500000000291, 5943453.375 ], [ 43895.400000000001455, 5943453.375 ], [ 43895.400000000001455, 5943453.299999999813735 ], [ 43895.625, 5943453.299999999813735 ], [ 43895.625, 5943453.224999999627471 ], [ 43895.849999999998545, 5943453.224999999627471 ], [ 43895.849999999998545, 5943453.150000000372529 ], [ 43896.07499999999709, 5943453.150000000372529 ], [ 43896.07499999999709, 5943453.075000000186265 ], [ 43896.30000000000291, 5943453.075000000186265 ], [ 43896.30000000000291, 5943453.0 ], [ 43896.525000000001455, 5943453.0 ], [ 43896.525000000001455, 5943452.924999999813735 ], [ 43896.75, 5943452.924999999813735 ], [ 43896.75, 5943452.849999999627471 ], [ 43896.82499999999709, 5943452.849999999627471 ], [ 43896.82499999999709, 5943452.924999999813735 ], [ 43897.05000000000291, 5943452.924999999813735 ], [ 43897.05000000000291, 5943453.0 ], [ 43897.19999999999709, 5943453.0 ], [ 43897.19999999999709, 5943453.075000000186265 ], [ 43897.349999999998545, 5943453.075000000186265 ], [ 43897.349999999998545, 5943453.150000000372529 ], [ 43897.42500000000291, 5943453.150000000372529 ], [ 43897.42500000000291, 5943453.224999999627471 ], [ 43897.57499999999709, 5943453.224999999627471 ], [ 43897.57499999999709, 5943453.299999999813735 ], [ 43897.724999999998545, 5943453.299999999813735 ], [ 43897.724999999998545, 5943453.375 ], [ 43897.875, 5943453.375 ], [ 43897.875, 5943453.450000000186265 ], [ 43897.94999999999709, 5943453.450000000186265 ], [ 43897.94999999999709, 5943453.525000000372529 ], [ 43898.099999999998545, 5943453.525000000372529 ], [ 43898.099999999998545, 5943453.599999999627471 ], [ 43898.25, 5943453.599999999627471 ], [ 43898.25, 5943453.674999999813735 ], [ 43898.400000000001455, 5943453.674999999813735 ], [ 43898.400000000001455, 5943453.75 ], [ 43898.55000000000291, 5943453.75 ], [ 43898.55000000000291, 5943453.825000000186265 ], [ 43898.69999999999709, 5943453.825000000186265 ], [ 43898.69999999999709, 5943453.900000000372529 ], [ 43898.775000000001455, 5943453.900000000372529 ], [ 43898.775000000001455, 5943453.974999999627471 ], [ 43898.849999999998545, 5943453.974999999627471 ], [ 43898.849999999998545, 5943454.049999999813735 ], [ 43898.92500000000291, 5943454.049999999813735 ], [ 43898.92500000000291, 5943454.125 ], [ 43899.0, 5943454.125 ], [ 43899.0, 5943454.200000000186265 ], [ 43899.07499999999709, 5943454.200000000186265 ], [ 43899.07499999999709, 5943454.275000000372529 ], [ 43899.150000000001455, 5943454.275000000372529 ], [ 43899.150000000001455, 5943454.424999999813735 ], [ 43899.224999999998545, 5943454.424999999813735 ], [ 43899.224999999998545, 5943454.5 ], [ 43899.30000000000291, 5943454.5 ], [ 43899.30000000000291, 5943454.650000000372529 ], [ 43899.375, 5943454.650000000372529 ], [ 43899.375, 5943454.724999999627471 ], [ 43899.44999999999709, 5943454.724999999627471 ], [ 43899.44999999999709, 5943454.875 ], [ 43899.525000000001455, 5943454.875 ], [ 43899.525000000001455, 5943454.950000000186265 ], [ 43899.599999999998545, 5943454.950000000186265 ], [ 43899.599999999998545, 5943455.099999999627471 ], [ 43899.67500000000291, 5943455.099999999627471 ], [ 43899.67500000000291, 5943455.174999999813735 ], [ 43899.75, 5943455.174999999813735 ], [ 43899.75, 5943455.325000000186265 ], [ 43899.82499999999709, 5943455.325000000186265 ], [ 43899.82499999999709, 5943455.400000000372529 ], [ 43899.900000000001455, 5943455.400000000372529 ], [ 43899.900000000001455, 5943455.549999999813735 ], [ 43899.974999999998545, 5943455.549999999813735 ], [ 43899.974999999998545, 5943455.625 ], [ 43900.05000000000291, 5943455.625 ], [ 43900.05000000000291, 5943455.775000000372529 ], [ 43900.125, 5943455.775000000372529 ], [ 43900.125, 5943455.849999999627471 ], [ 43900.19999999999709, 5943455.849999999627471 ], [ 43900.19999999999709, 5943456.0 ], [ 43900.275000000001455, 5943456.0 ], [ 43900.275000000001455, 5943456.075000000186265 ], [ 43900.349999999998545, 5943456.075000000186265 ], [ 43900.349999999998545, 5943456.224999999627471 ], [ 43900.42500000000291, 5943456.224999999627471 ], [ 43900.42500000000291, 5943456.299999999813735 ], [ 43900.5, 5943456.299999999813735 ], [ 43900.5, 5943456.450000000186265 ], [ 43900.57499999999709, 5943456.450000000186265 ], [ 43900.57499999999709, 5943456.525000000372529 ], [ 43900.650000000001455, 5943456.525000000372529 ], [ 43900.650000000001455, 5943456.599999999627471 ], [ 43900.724999999998545, 5943456.599999999627471 ], [ 43900.724999999998545, 5943456.75 ], [ 43900.80000000000291, 5943456.75 ], [ 43900.80000000000291, 5943456.825000000186265 ], [ 43900.875, 5943456.825000000186265 ], [ 43900.875, 5943456.900000000372529 ], [ 43900.94999999999709, 5943456.900000000372529 ], [ 43900.94999999999709, 5943456.974999999627471 ], [ 43901.025000000001455, 5943456.974999999627471 ], [ 43901.025000000001455, 5943457.049999999813735 ], [ 43901.099999999998545, 5943457.049999999813735 ], [ 43901.099999999998545, 5943457.125 ], [ 43901.17500000000291, 5943457.125 ], [ 43901.17500000000291, 5943457.200000000186265 ], [ 43901.25, 5943457.200000000186265 ], [ 43901.25, 5943457.275000000372529 ], [ 43901.32499999999709, 5943457.275000000372529 ], [ 43901.32499999999709, 5943457.349999999627471 ], [ 43901.400000000001455, 5943457.349999999627471 ], [ 43901.400000000001455, 5943457.424999999813735 ], [ 43901.474999999998545, 5943457.424999999813735 ], [ 43901.474999999998545, 5943457.5 ], [ 43901.55000000000291, 5943457.5 ], [ 43901.55000000000291, 5943457.575000000186265 ], [ 43901.625, 5943457.575000000186265 ], [ 43901.625, 5943457.650000000372529 ], [ 43901.69999999999709, 5943457.650000000372529 ], [ 43901.69999999999709, 5943457.724999999627471 ], [ 43901.775000000001455, 5943457.724999999627471 ], [ 43901.775000000001455, 5943457.799999999813735 ], [ 43901.849999999998545, 5943457.799999999813735 ], [ 43901.849999999998545, 5943457.875 ], [ 43901.92500000000291, 5943457.875 ], [ 43901.92500000000291, 5943457.950000000186265 ], [ 43902.0, 5943457.950000000186265 ], [ 43902.0, 5943458.025000000372529 ], [ 43902.07499999999709, 5943458.025000000372529 ], [ 43902.07499999999709, 5943458.099999999627471 ], [ 43902.150000000001455, 5943458.099999999627471 ], [ 43902.150000000001455, 5943458.174999999813735 ], [ 43902.224999999998545, 5943458.174999999813735 ], [ 43902.224999999998545, 5943458.25 ], [ 43902.30000000000291, 5943458.25 ], [ 43902.30000000000291, 5943458.400000000372529 ], [ 43902.375, 5943458.400000000372529 ], [ 43902.375, 5943458.474999999627471 ], [ 43902.44999999999709, 5943458.474999999627471 ], [ 43902.44999999999709, 5943458.549999999813735 ], [ 43902.525000000001455, 5943458.549999999813735 ], [ 43902.525000000001455, 5943458.625 ], [ 43902.599999999998545, 5943458.625 ], [ 43902.599999999998545, 5943458.700000000186265 ], [ 43902.67500000000291, 5943458.700000000186265 ], [ 43902.67500000000291, 5943458.775000000372529 ], [ 43902.75, 5943458.775000000372529 ], [ 43902.75, 5943458.849999999627471 ], [ 43902.82499999999709, 5943458.849999999627471 ], [ 43902.82499999999709, 5943458.924999999813735 ], [ 43902.900000000001455, 5943458.924999999813735 ], [ 43902.900000000001455, 5943459.0 ], [ 43902.974999999998545, 5943459.0 ], [ 43902.974999999998545, 5943459.075000000186265 ], [ 43903.05000000000291, 5943459.075000000186265 ], [ 43903.05000000000291, 5943459.150000000372529 ], [ 43903.125, 5943459.150000000372529 ], [ 43903.125, 5943459.224999999627471 ], [ 43903.19999999999709, 5943459.224999999627471 ], [ 43903.19999999999709, 5943459.299999999813735 ], [ 43903.275000000001455, 5943459.299999999813735 ], [ 43903.275000000001455, 5943459.375 ], [ 43903.349999999998545, 5943459.375 ], [ 43903.349999999998545, 5943459.450000000186265 ], [ 43903.5, 5943459.450000000186265 ], [ 43903.5, 5943459.525000000372529 ], [ 43903.57499999999709, 5943459.525000000372529 ], [ 43903.57499999999709, 5943459.599999999627471 ], [ 43903.650000000001455, 5943459.599999999627471 ], [ 43903.650000000001455, 5943459.674999999813735 ], [ 43903.724999999998545, 5943459.674999999813735 ], [ 43903.724999999998545, 5943459.75 ], [ 43903.80000000000291, 5943459.75 ], [ 43903.80000000000291, 5943459.825000000186265 ], [ 43903.875, 5943459.825000000186265 ], [ 43903.875, 5943459.900000000372529 ], [ 43903.94999999999709, 5943459.900000000372529 ], [ 43903.94999999999709, 5943459.974999999627471 ], [ 43904.025000000001455, 5943459.974999999627471 ], [ 43904.025000000001455, 5943460.049999999813735 ], [ 43904.099999999998545, 5943460.049999999813735 ], [ 43904.099999999998545, 5943460.125 ], [ 43904.17500000000291, 5943460.125 ], [ 43904.17500000000291, 5943460.200000000186265 ], [ 43904.25, 5943460.200000000186265 ], [ 43904.25, 5943460.275000000372529 ], [ 43904.32499999999709, 5943460.275000000372529 ], [ 43904.32499999999709, 5943460.349999999627471 ], [ 43904.400000000001455, 5943460.349999999627471 ], [ 43904.400000000001455, 5943460.5 ], [ 43904.474999999998545, 5943460.5 ], [ 43904.474999999998545, 5943460.575000000186265 ], [ 43904.55000000000291, 5943460.575000000186265 ], [ 43904.55000000000291, 5943460.650000000372529 ], [ 43904.625, 5943460.650000000372529 ], [ 43904.625, 5943460.724999999627471 ], [ 43904.69999999999709, 5943460.724999999627471 ], [ 43904.69999999999709, 5943460.799999999813735 ], [ 43904.849999999998545, 5943460.799999999813735 ], [ 43904.849999999998545, 5943460.875 ], [ 43904.92500000000291, 5943460.875 ], [ 43904.92500000000291, 5943460.950000000186265 ], [ 43905.0, 5943460.950000000186265 ], [ 43905.0, 5943461.025000000372529 ], [ 43905.07499999999709, 5943461.025000000372529 ], [ 43905.07499999999709, 5943461.099999999627471 ], [ 43905.150000000001455, 5943461.099999999627471 ], [ 43905.150000000001455, 5943461.174999999813735 ], [ 43905.30000000000291, 5943461.174999999813735 ], [ 43905.30000000000291, 5943461.25 ], [ 43905.375, 5943461.25 ], [ 43905.375, 5943461.325000000186265 ], [ 43905.44999999999709, 5943461.325000000186265 ], [ 43905.44999999999709, 5943461.400000000372529 ], [ 43905.525000000001455, 5943461.400000000372529 ], [ 43905.525000000001455, 5943461.474999999627471 ], [ 43905.599999999998545, 5943461.474999999627471 ], [ 43905.599999999998545, 5943461.549999999813735 ], [ 43905.67500000000291, 5943461.549999999813735 ], [ 43905.67500000000291, 5943461.625 ], [ 43905.75, 5943461.625 ], [ 43905.75, 5943461.700000000186265 ], [ 43905.82499999999709, 5943461.700000000186265 ], [ 43905.82499999999709, 5943461.775000000372529 ], [ 43905.974999999998545, 5943461.775000000372529 ], [ 43905.974999999998545, 5943461.849999999627471 ], [ 43906.05000000000291, 5943461.849999999627471 ], [ 43906.05000000000291, 5943461.924999999813735 ], [ 43906.125, 5943461.924999999813735 ], [ 43906.125, 5943462.0 ], [ 43906.19999999999709, 5943462.0 ], [ 43906.19999999999709, 5943462.075000000186265 ], [ 43906.275000000001455, 5943462.075000000186265 ], [ 43906.275000000001455, 5943462.150000000372529 ], [ 43906.349999999998545, 5943462.150000000372529 ], [ 43906.349999999998545, 5943462.224999999627471 ], [ 43906.42500000000291, 5943462.224999999627471 ], [ 43906.42500000000291, 5943462.299999999813735 ], [ 43906.5, 5943462.299999999813735 ], [ 43906.5, 5943462.375 ], [ 43906.57499999999709, 5943462.375 ], [ 43906.57499999999709, 5943462.450000000186265 ], [ 43906.650000000001455, 5943462.450000000186265 ], [ 43906.650000000001455, 5943462.525000000372529 ], [ 43906.724999999998545, 5943462.525000000372529 ], [ 43906.724999999998545, 5943462.599999999627471 ], [ 43906.875, 5943462.599999999627471 ], [ 43906.875, 5943462.674999999813735 ], [ 43906.94999999999709, 5943462.674999999813735 ], [ 43906.94999999999709, 5943462.75 ], [ 43907.025000000001455, 5943462.75 ], [ 43907.025000000001455, 5943462.825000000186265 ], [ 43907.099999999998545, 5943462.825000000186265 ], [ 43907.099999999998545, 5943462.900000000372529 ], [ 43907.17500000000291, 5943462.900000000372529 ], [ 43907.17500000000291, 5943462.974999999627471 ], [ 43907.25, 5943462.974999999627471 ], [ 43907.25, 5943463.049999999813735 ], [ 43907.400000000001455, 5943463.049999999813735 ], [ 43907.400000000001455, 5943463.125 ], [ 43907.474999999998545, 5943463.125 ], [ 43907.474999999998545, 5943463.200000000186265 ], [ 43907.55000000000291, 5943463.200000000186265 ], [ 43907.55000000000291, 5943463.275000000372529 ], [ 43907.625, 5943463.275000000372529 ], [ 43907.625, 5943463.349999999627471 ], [ 43907.69999999999709, 5943463.349999999627471 ], [ 43907.69999999999709, 5943463.424999999813735 ], [ 43907.775000000001455, 5943463.424999999813735 ], [ 43907.775000000001455, 5943463.5 ], [ 43907.849999999998545, 5943463.5 ], [ 43907.849999999998545, 5943463.575000000186265 ], [ 43907.92500000000291, 5943463.575000000186265 ], [ 43907.92500000000291, 5943463.650000000372529 ], [ 43908.0, 5943463.650000000372529 ], [ 43908.0, 5943463.799999999813735 ], [ 43908.07499999999709, 5943463.799999999813735 ], [ 43908.07499999999709, 5943463.875 ], [ 43908.150000000001455, 5943463.875 ], [ 43908.150000000001455, 5943463.950000000186265 ], [ 43908.224999999998545, 5943463.950000000186265 ], [ 43908.224999999998545, 5943464.025000000372529 ], [ 43908.30000000000291, 5943464.025000000372529 ], [ 43908.30000000000291, 5943464.099999999627471 ], [ 43908.375, 5943464.099999999627471 ], [ 43908.375, 5943464.174999999813735 ], [ 43908.44999999999709, 5943464.174999999813735 ], [ 43908.44999999999709, 5943464.325000000186265 ], [ 43908.525000000001455, 5943464.325000000186265 ], [ 43908.525000000001455, 5943464.400000000372529 ], [ 43908.599999999998545, 5943464.400000000372529 ], [ 43908.599999999998545, 5943464.474999999627471 ], [ 43908.67500000000291, 5943464.474999999627471 ], [ 43908.67500000000291, 5943464.549999999813735 ], [ 43908.75, 5943464.549999999813735 ], [ 43908.75, 5943464.700000000186265 ], [ 43908.82499999999709, 5943464.700000000186265 ], [ 43908.82499999999709, 5943464.849999999627471 ], [ 43908.900000000001455, 5943464.849999999627471 ], [ 43908.900000000001455, 5943465.0 ], [ 43908.974999999998545, 5943465.0 ], [ 43908.974999999998545, 5943465.150000000372529 ], [ 43909.05000000000291, 5943465.150000000372529 ], [ 43909.05000000000291, 5943465.299999999813735 ], [ 43909.125, 5943465.299999999813735 ], [ 43909.125, 5943465.525000000372529 ], [ 43909.19999999999709, 5943465.525000000372529 ], [ 43909.19999999999709, 5943465.674999999813735 ], [ 43909.275000000001455, 5943465.674999999813735 ], [ 43909.275000000001455, 5943465.900000000372529 ], [ 43909.349999999998545, 5943465.900000000372529 ], [ 43909.349999999998545, 5943466.125 ], [ 43909.42500000000291, 5943466.125 ], [ 43909.42500000000291, 5943466.349999999627471 ], [ 43909.5, 5943466.349999999627471 ], [ 43909.5, 5943466.575000000186265 ], [ 43909.57499999999709, 5943466.575000000186265 ], [ 43909.57499999999709, 5943466.875 ], [ 43909.650000000001455, 5943466.875 ], [ 43909.650000000001455, 5943467.325000000186265 ], [ 43909.724999999998545, 5943467.325000000186265 ], [ 43909.724999999998545, 5943467.849999999627471 ], [ 43909.80000000000291, 5943467.849999999627471 ], [ 43909.80000000000291, 5943468.375 ], [ 43909.875, 5943468.375 ], [ 43909.875, 5943468.900000000372529 ], [ 43909.94999999999709, 5943468.900000000372529 ], [ 43909.94999999999709, 5943469.424999999813735 ], [ 43910.025000000001455, 5943469.424999999813735 ], [ 43910.025000000001455, 5943469.950000000186265 ], [ 43910.099999999998545, 5943469.950000000186265 ], [ 43910.099999999998545, 5943470.474999999627471 ], [ 43910.17500000000291, 5943470.474999999627471 ], [ 43910.17500000000291, 5943471.075000000186265 ], [ 43910.25, 5943471.075000000186265 ], [ 43910.25, 5943471.599999999627471 ], [ 43910.32499999999709, 5943471.599999999627471 ], [ 43910.32499999999709, 5943472.125 ], [ 43910.400000000001455, 5943472.125 ], [ 43910.400000000001455, 5943474.224999999627471 ], [ 43910.474999999998545, 5943474.224999999627471 ], [ 43910.474999999998545, 5943474.525000000372529 ], [ 43910.400000000001455, 5943474.525000000372529 ], [ 43910.400000000001455, 5943475.200000000186265 ], [ 43910.32499999999709, 5943475.200000000186265 ], [ 43910.32499999999709, 5943475.875 ], [ 43910.25, 5943475.875 ], [ 43910.25, 5943476.549999999813735 ], [ 43910.17500000000291, 5943476.549999999813735 ], [ 43910.17500000000291, 5943477.299999999813735 ], [ 43910.099999999998545, 5943477.299999999813735 ], [ 43910.099999999998545, 5943477.974999999627471 ], [ 43910.025000000001455, 5943477.974999999627471 ], [ 43910.025000000001455, 5943478.724999999627471 ], [ 43909.94999999999709, 5943478.724999999627471 ], [ 43909.94999999999709, 5943479.474999999627471 ], [ 43909.875, 5943479.474999999627471 ], [ 43909.875, 5943480.150000000372529 ], [ 43909.80000000000291, 5943480.150000000372529 ], [ 43909.80000000000291, 5943480.525000000372529 ], [ 43909.724999999998545, 5943480.525000000372529 ], [ 43909.724999999998545, 5943480.75 ], [ 43909.650000000001455, 5943480.75 ], [ 43909.650000000001455, 5943480.900000000372529 ], [ 43909.57499999999709, 5943480.900000000372529 ], [ 43909.57499999999709, 5943481.125 ], [ 43909.5, 5943481.125 ], [ 43909.5, 5943481.275000000372529 ], [ 43909.42500000000291, 5943481.275000000372529 ], [ 43909.42500000000291, 5943481.5 ], [ 43909.349999999998545, 5943481.5 ], [ 43909.349999999998545, 5943481.650000000372529 ], [ 43909.275000000001455, 5943481.650000000372529 ], [ 43909.275000000001455, 5943481.875 ], [ 43909.19999999999709, 5943481.875 ], [ 43909.19999999999709, 5943482.025000000372529 ], [ 43909.125, 5943482.025000000372529 ], [ 43909.125, 5943482.174999999813735 ], [ 43909.05000000000291, 5943482.174999999813735 ], [ 43909.05000000000291, 5943482.325000000186265 ], [ 43908.974999999998545, 5943482.325000000186265 ], [ 43908.974999999998545, 5943482.474999999627471 ], [ 43908.900000000001455, 5943482.474999999627471 ], [ 43908.900000000001455, 5943482.549999999813735 ], [ 43908.82499999999709, 5943482.549999999813735 ], [ 43908.82499999999709, 5943482.625 ], [ 43908.75, 5943482.625 ], [ 43908.75, 5943482.700000000186265 ], [ 43908.67500000000291, 5943482.700000000186265 ], [ 43908.67500000000291, 5943482.775000000372529 ], [ 43908.599999999998545, 5943482.775000000372529 ], [ 43908.599999999998545, 5943482.849999999627471 ], [ 43908.525000000001455, 5943482.849999999627471 ], [ 43908.525000000001455, 5943482.924999999813735 ], [ 43908.44999999999709, 5943482.924999999813735 ], [ 43908.44999999999709, 5943483.0 ], [ 43908.375, 5943483.0 ], [ 43908.375, 5943483.075000000186265 ], [ 43908.30000000000291, 5943483.075000000186265 ], [ 43908.30000000000291, 5943483.224999999627471 ], [ 43908.224999999998545, 5943483.224999999627471 ], [ 43908.224999999998545, 5943483.299999999813735 ], [ 43908.150000000001455, 5943483.299999999813735 ], [ 43908.150000000001455, 5943483.375 ], [ 43908.07499999999709, 5943483.375 ], [ 43908.07499999999709, 5943483.450000000186265 ], [ 43908.0, 5943483.450000000186265 ], [ 43908.0, 5943483.525000000372529 ], [ 43907.92500000000291, 5943483.525000000372529 ], [ 43907.92500000000291, 5943483.599999999627471 ], [ 43907.849999999998545, 5943483.599999999627471 ], [ 43907.849999999998545, 5943483.674999999813735 ], [ 43907.775000000001455, 5943483.674999999813735 ], [ 43907.775000000001455, 5943483.825000000186265 ], [ 43907.69999999999709, 5943483.825000000186265 ], [ 43907.69999999999709, 5943483.900000000372529 ], [ 43907.625, 5943483.900000000372529 ], [ 43907.625, 5943483.974999999627471 ], [ 43907.55000000000291, 5943483.974999999627471 ], [ 43907.55000000000291, 5943484.049999999813735 ], [ 43907.474999999998545, 5943484.049999999813735 ], [ 43907.474999999998545, 5943484.200000000186265 ], [ 43907.400000000001455, 5943484.200000000186265 ], [ 43907.400000000001455, 5943484.275000000372529 ], [ 43907.32499999999709, 5943484.275000000372529 ], [ 43907.32499999999709, 5943484.349999999627471 ], [ 43907.25, 5943484.349999999627471 ], [ 43907.25, 5943484.424999999813735 ], [ 43907.17500000000291, 5943484.424999999813735 ], [ 43907.17500000000291, 5943484.5 ], [ 43907.099999999998545, 5943484.5 ], [ 43907.099999999998545, 5943484.575000000186265 ], [ 43907.025000000001455, 5943484.575000000186265 ], [ 43907.025000000001455, 5943484.650000000372529 ], [ 43906.94999999999709, 5943484.650000000372529 ], [ 43906.94999999999709, 5943484.724999999627471 ], [ 43906.875, 5943484.724999999627471 ], [ 43906.875, 5943484.799999999813735 ], [ 43906.80000000000291, 5943484.799999999813735 ], [ 43906.80000000000291, 5943484.875 ], [ 43906.724999999998545, 5943484.875 ], [ 43906.724999999998545, 5943484.950000000186265 ], [ 43906.650000000001455, 5943484.950000000186265 ], [ 43906.650000000001455, 5943485.025000000372529 ], [ 43906.5, 5943485.025000000372529 ], [ 43906.5, 5943485.099999999627471 ], [ 43906.349999999998545, 5943485.099999999627471 ], [ 43906.349999999998545, 5943485.174999999813735 ], [ 43906.19999999999709, 5943485.174999999813735 ], [ 43906.19999999999709, 5943485.25 ], [ 43906.05000000000291, 5943485.25 ], [ 43906.05000000000291, 5943485.325000000186265 ], [ 43905.900000000001455, 5943485.325000000186265 ], [ 43905.900000000001455, 5943485.400000000372529 ], [ 43905.75, 5943485.400000000372529 ], [ 43905.75, 5943485.474999999627471 ], [ 43905.599999999998545, 5943485.474999999627471 ], [ 43905.599999999998545, 5943485.549999999813735 ], [ 43905.375, 5943485.549999999813735 ], [ 43905.375, 5943485.625 ], [ 43905.224999999998545, 5943485.625 ], [ 43905.224999999998545, 5943485.700000000186265 ], [ 43905.07499999999709, 5943485.700000000186265 ], [ 43905.07499999999709, 5943485.775000000372529 ], [ 43904.92500000000291, 5943485.775000000372529 ], [ 43904.92500000000291, 5943485.849999999627471 ], [ 43904.775000000001455, 5943485.849999999627471 ], [ 43904.775000000001455, 5943485.924999999813735 ], [ 43903.125, 5943485.924999999813735 ], [ 43903.125, 5943486.0 ], [ 43899.525000000001455, 5943486.0 ], [ 43899.525000000001455, 5943486.075000000186265 ], [ 43898.775000000001455, 5943486.075000000186265 ] ] ] } },
{ "type": "Feature", "properties": { "value": 1.0, "building_id": 17, "area": 118.37812499818283 }, "geometry": { "type": "Polygon", "coordinates": [ [ [ 43683.0, 5943467.474999999627471 ], [ 43683.0, 5943452.775000000372529 ], [ 43686.30000000000291, 5943452.775000000372529 ], [ 43686.30000000000291, 5943452.849999999627471 ], [ 43687.125, 5943452.849999999627471 ], [ 43687.125, 5943452.924999999813735 ], [ 43687.875, 5943452.924999999813735 ], [ 43687.875, 5943453.0 ], [ 43688.25, 5943453.0 ], [ 43688.25, 5943453.075000000186265 ], [ 43688.55000000000291, 5943453.075000000186265 ], [ 43688.55000000000291, 5943453.150000000372529 ], [ 43688.849999999998545, 5943453.150000000372529 ], [ 43688.849999999998545, 5943453.224999999627471 ], [ 43689.150000000001455, 5943453.224999999627471 ], [ 43689.150000000001455, 5943453.299999999813735 ], [ 43689.44999999999709, 5943453.299999999813735 ], [ 43689.44999999999709, 5943453.375 ], [ 43689.67500000000291, 5943453.375 ], [ 43689.67500000000291, 5943453.450000000186265 ], [ 43689.974999999998545, 5943453.450000000186265 ], [ 43689.974999999998545, 5943453.525000000372529 ], [ 43690.19999999999709, 5943453.525000000372529 ], [ 43690.19999999999709, 5943453.599999999627471 ], [ 43690.5, 5943453.599999999627471 ], [ 43690.5, 5943453.674999999813735 ], [ 43690.724999999998545, 5943453.674999999813735 ], [ 43690.724999999998545, 5943453.75 ], [ 43690.94999999999709, 5943453.75 ], [ 43690.94999999999709, 5943453.825000000186265 ], [ 43691.17500000000291, 5943453.825000000186265 ], [ 43691.17500000000291, 5943453.974999999627471 ], [ 43691.25, 5943453.974999999627471 ], [ 43691.25, 5943454.125 ], [ 43691.32499999999709, 5943454.125 ], [ 43691.32499999999709, 5943454.275000000372529 ], [ 43691.400000000001455, 5943454.275000000372529 ], [ 43691.400000000001455, 5943454.349999999627471 ], [ 43691.474999999998545, 5943454.349999999627471 ], [ 43691.474999999998545, 5943454.5 ], [ 43691.55000000000291, 5943454.5 ], [ 43691.55000000000291, 5943454.650000000372529 ], [ 43691.625, 5943454.650000000372529 ], [ 43691.625, 5943454.799999999813735 ], [ 43691.69999999999709, 5943454.799999999813735 ], [ 43691.69999999999709, 5943454.950000000186265 ], [ 43691.775000000001455, 5943454.950000000186265 ], [ 43691.775000000001455, 5943455.099999999627471 ], [ 43691.849999999998545, 5943455.099999999627471 ], [ 43691.849999999998545, 5943455.325000000186265 ], [ 43691.92500000000291, 5943455.325000000186265 ], [ 43691.92500000000291, 5943455.549999999813735 ], [ 43692.0, 5943455.549999999813735 ], [ 43692.0, 5943455.775000000372529 ], [ 43692.07499999999709, 5943455.775000000372529 ], [ 43692.07499999999709, 5943456.0 ], [ 43692.150000000001455, 5943456.0 ], [ 43692.150000000001455, 5943456.224999999627471 ], [ 43692.224999999998545, 5943456.224999999627471 ], [ 43692.224999999998545, 5943456.525000000372529 ], [ 43692.30000000000291, 5943456.525000000372529 ], [ 43692.30000000000291, 5943456.825000000186265 ], [ 43692.375, 5943456.825000000186265 ], [ 43692.375, 5943457.200000000186265 ], [ 43692.44999999999709, 5943457.200000000186265 ], [ 43692.44999999999709, 5943457.724999999627471 ], [ 43692.525000000001455, 5943457.724999999627471 ], [ 43692.525000000001455, 5943458.25 ], [ 43692.599999999998545, 5943458.25 ], [ 43692.599999999998545, 5943458.700000000186265 ], [ 43692.67500000000291, 5943458.700000000186265 ], [ 43692.67500000000291, 5943459.375 ], [ 43692.75, 5943459.375 ], [ 43692.75, 5943459.974999999627471 ], [ 43692.82499999999709, 5943459.974999999627471 ], [ 43692.82499999999709, 5943460.424999999813735 ], [ 43692.900000000001455, 5943460.424999999813735 ], [ 43692.900000000001455, 5943460.799999999813735 ], [ 43692.974999999998545, 5943460.799999999813735 ], [ 43692.974999999998545, 5943461.025000000372529 ], [ 43692.900000000001455, 5943461.025000000372529 ], [ 43692.900000000001455, 5943461.099999999627471 ], [ 43692.75, 5943461.099999999627471 ], [ 43692.75, 5943461.174999999813735 ], [ 43692.67500000000291, 5943461.174999999813735 ], [ 43692.67500000000291, 5943461.25 ], [ 43692.599999999998545, 5943461.25 ], [ 43692.599999999998545, 5943461.325000000186265 ], [ 43692.44999999999709, 5943461.325000000186265 ], [ 43692.44999999999709, 5943461.400000000372529 ], [ 43692.375, 5943461.400000000372529 ], [ 43692.375, 5943461.474999999627471 ], [ 43692.30000000000291, 5943461.474999999627471 ], [ 43692.30000000000291, 5943461.549999999813735 ], [ 43692.224999999998545, 5943461.549999999813735 ], [ 43692.224999999998545, 5943461.625 ], [ 43692.150000000001455, 5943461.625 ], [ 43692.150000000001455, 5943461.700000000186265 ], [ 43692.0, 5943461.700000000186265 ], [ 43692.0, 5943461.775000000372529 ], [ 43691.92500000000291, 5943461.775000000372529 ], [ 43691.92500000000291, 5943461.849999999627471 ], [ 43691.849999999998545, 5943461.849999999627471 ], [ 43691.849999999998545, 5943461.924999999813735 ], [ 43691.775000000001455, 5943461.924999999813735 ], [ 43691.775000000001455, 5943462.0 ], [ 43691.69999999999709, 5943462.0 ], [ 43691.69999999999709, 5943462.075000000186265 ], [ 43691.625, 5943462.075000000186265 ], [ 43691.625, 5943462.224999999627471 ], [ 43691.55000000000291, 5943462.224999999627471 ], [ 43691.55000000000291, 5943462.299999999813735 ], [ 43691.474999999998545, 5943462.299999999813735 ], [ 43691.474999999998545, 5943462.375 ], [ 43691.400000000001455, 5943462.375 ], [ 43691.400000000001455, 5943462.525000000372529 ], [ 43691.32499999999709, 5943462.525000000372529 ], [ 43691.32499999999709, 5943462.599999999627471 ], [ 43691.25, 5943462.599999999627471 ], [ 43691.25, 5943462.75 ], [ 43691.17500000000291, 5943462.75 ], [ 43691.17500000000291, 5943462.825000000186265 ], [ 43691.099999999998545, 5943462.825000000186265 ], [ 43691.099999999998545, 5943462.900000000372529 ], [ 43691.025000000001455, 5943462.900000000372529 ], [ 43691.025000000001455, 5943462.974999999627471 ], [ 43690.94999999999709, 5943462.974999999627471 ], [ 43690.94999999999709, 5943463.125 ], [ 43690.875, 5943463.125 ], [ 43690.875, 5943463.200000000186265 ], [ 43690.80000000000291, 5943463.200000000186265 ], [ 43690.80000000000291, 5943463.275000000372529 ], [ 43690.724999999998545, 5943463.275000000372529 ], [ 43690.724999999998545, 5943463.349999999627471 ], [ 43690.650000000001455, 5943463.349999999627471 ], [ 43690.650000000001455, 5943463.5 ], [ 43690.57499999999709, 5943463.5 ], [ 43690.57499999999709, 5943463.575000000186265 ], [ 43690.5, 5943463.575000000186265 ], [ 43690.5, 5943463.650000000372529 ], [ 43690.42500000000291, 5943463.650000000372529 ], [ 43690.42500000000291, 5943463.799999999813735 ], [ 43690.349999999998545, 5943463.799999999813735 ], [ 43690.349999999998545, 5943463.875 ], [ 43690.275000000001455, 5943463.875 ], [ 43690.275000000001455, 5943463.950000000186265 ], [ 43690.19999999999709, 5943463.950000000186265 ], [ 43690.19999999999709, 5943464.099999999627471 ], [ 43690.125, 5943464.099999999627471 ], [ 43690.125, 5943464.174999999813735 ], [ 43690.05000000000291, 5943464.174999999813735 ], [ 43690.05000000000291, 5943464.25 ], [ 43689.974999999998545, 5943464.25 ], [ 43689.974999999998545, 5943464.400000000372529 ], [ 43689.900000000001455, 5943464.400000000372529 ], [ 43689.900000000001455, 5943464.474999999627471 ], [ 43689.82499999999709, 5943464.474999999627471 ], [ 43689.82499999999709, 5943464.625 ], [ 43689.75, 5943464.625 ], [ 43689.75, 5943464.700000000186265 ], [ 43689.67500000000291, 5943464.700000000186265 ], [ 43689.67500000000291, 5943464.775000000372529 ], [ 43689.599999999998545, 5943464.775000000372529 ], [ 43689.599999999998545, 5943464.924999999813735 ], [ 43689.525000000001455, 5943464.924999999813735 ], [ 43689.525000000001455, 5943465.0 ], [ 43689.44999999999709, 5943465.0 ], [ 43689.44999999999709, 5943465.075000000186265 ], [ 43689.375, 5943465.075000000186265 ], [ 43689.375, 5943465.150000000372529 ], [ 43689.30000000000291, 5943465.150000000372529 ], [ 43689.30000000000291, 5943465.224999999627471 ], [ 43689.224999999998545, 5943465.224999999627471 ], [ 43689.224999999998545, 5943465.375 ], [ 43689.150000000001455, 5943465.375 ], [ 43689.150000000001455, 5943465.450000000186265 ], [ 43689.07499999999709, 5943465.450000000186265 ], [ 43689.07499999999709, 5943465.525000000372529 ], [ 43689.0, 5943465.525000000372529 ], [ 43689.0, 5943465.599999999627471 ], [ 43688.92500000000291, 5943465.599999999627471 ], [ 43688.92500000000291, 5943465.674999999813735 ], [ 43688.849999999998545, 5943465.674999999813735 ], [ 43688.849999999998545, 5943465.825000000186265 ], [ 43688.775000000001455, 5943465.825000000186265 ], [ 43688.775000000001455, 5943465.900000000372529 ], [ 43688.69999999999709, 5943465.900000000372529 ], [ 43688.69999999999709, 5943465.974999999627471 ], [ 43688.625, 5943465.974999999627471 ], [ 43688.625, 5943466.049999999813735 ], [ 43688.55000000000291, 5943466.049999999813735 ], [ 43688.55000000000291, 5943466.125 ], [ 43688.474999999998545, 5943466.125 ], [ 43688.474999999998545, 5943466.275000000372529 ], [ 43688.400000000001455, 5943466.275000000372529 ], [ 43688.400000000001455, 5943466.349999999627471 ], [ 43688.32499999999709, 5943466.349999999627471 ], [ 43688.32499999999709, 5943466.424999999813735 ], [ 43688.25, 5943466.424999999813735 ], [ 43688.25, 5943466.5 ], [ 43688.17500000000291, 5943466.5 ], [ 43688.17500000000291, 5943466.575000000186265 ], [ 43688.099999999998545, 5943466.575000000186265 ], [ 43688.099999999998545, 5943466.724999999627471 ], [ 43687.94999999999709, 5943466.724999999627471 ], [ 43687.94999999999709, 5943466.799999999813735 ], [ 43687.875, 5943466.799999999813735 ], [ 43687.875, 5943466.875 ], [ 43687.724999999998545, 5943466.875 ], [ 43687.724999999998545, 5943466.950000000186265 ], [ 43687.5, 5943466.950000000186265 ], [ 43687.5, 5943467.025000000372529 ], [ 43687.275000000001455, 5943467.025000000372529 ], [ 43687.275000000001455, 5943467.099999999627471 ], [ 43687.05000000000291, 5943467.099999999627471 ], [ 43687.05000000000291, 5943467.174999999813735 ], [ 43686.82499999999709, 5943467.174999999813735 ], [ 43686.82499999999709, 5943467.25 ], [ 43686.599999999998545, 5943467.25 ], [ 43686.599999999998545, 5943467.325000000186265 ], [ 43686.30000000000291, 5943467.325000000186265 ], [ 43686.30000000000291, 5943467.400000000372529 ], [ 43686.07499999999709, 5943467.400000000372529 ], [ 43686.07499999999709, 5943467.474999999627471 ], [ 43683.0, 5943467.474999999627471 ] ] ] } },
{ "type": "Feature", "properties": { "value": 1.0, "building_id": 18, "area": 359.70187500127827 }, "geometry": { "type": "Polygon", "coordinates": [ [ [ 43951.125, 5943455.775000000372529 ], [ 43951.125, 5943455.700000000186265 ], [ 43950.67500000000291, 5943455.700000000186265 ], [ 43950.67500000000291, 5943455.625 ], [ 43950.30000000000291, 5943455.625 ], [ 43950.30000000000291, 5943455.549999999813735 ], [ 43949.92500000000291, 5943455.549999999813735 ], [ 43949.92500000000291, 5943455.474999999627471 ], [ 43949.625, 5943455.474999999627471 ], [ 43949.625, 5943455.400000000372529 ], [ 43949.32499999999709, 5943455.400000000372529 ], [ 43949.32499999999709, 5943455.325000000186265 ], [ 43948.94999999999709, 5943455.325000000186265 ], [ 43948.94999999999709, 5943455.25 ], [ 43948.724999999998545, 5943455.25 ], [ 43948.724999999998545, 5943455.174999999813735 ], [ 43948.42500000000291, 5943455.174999999813735 ], [ 43948.42500000000291, 5943455.099999999627471 ], [ 43948.19999999999709, 5943455.099999999627471 ], [ 43948.19999999999709, 5943455.025000000372529 ], [ 43947.974999999998545, 5943455.025000000372529 ], [ 43947.974999999998545, 5943454.950000000186265 ], [ 43947.75, 5943454.950000000186265 ], [ 43947.75, 5943454.875 ], [ 43947.599999999998545, 5943454.875 ], [ 43947.599999999998545, 5943454.799999999813735 ], [ 43947.44999999999709, 5943454.799999999813735 ], [ 43947.44999999999709, 5943454.724999999627471 ], [ 43947.375, 5943454.724999999627471 ], [ 43947.375, 5943454.650000000372529 ], [ 43947.30000000000291, 5943454.650000000372529 ], [ 43947.30000000000291, 5943454.5 ], [ 43947.224999999998545, 5943454.5 ], [ 43947.224999999998545, 5943454.424999999813735 ], [ 43947.150000000001455, 5943454.424999999813735 ], [ 43947.150000000001455, 5943454.349999999627471 ], [ 43947.07499999999709, 5943454.349999999627471 ], [ 43947.07499999999709, 5943454.275000000372529 ], [ 43947.0, 5943454.275000000372529 ], [ 43947.0, 5943454.125 ], [ 43946.92500000000291, 5943454.125 ], [ 43946.92500000000291, 5943453.974999999627471 ], [ 43946.849999999998545, 5943453.974999999627471 ], [ 43946.849999999998545, 5943453.900000000372529 ], [ 43946.775000000001455, 5943453.900000000372529 ], [ 43946.775000000001455, 5943453.75 ], [ 43946.69999999999709, 5943453.75 ], [ 43946.69999999999709, 5943453.599999999627471 ], [ 43946.625, 5943453.599999999627471 ], [ 43946.625, 5943453.375 ], [ 43946.55000000000291, 5943453.375 ], [ 43946.55000000000291, 5943453.224999999627471 ], [ 43946.474999999998545, 5943453.224999999627471 ], [ 43946.474999999998545, 5943453.0 ], [ 43946.400000000001455, 5943453.0 ], [ 43946.400000000001455, 5943452.775000000372529 ], [ 43946.32499999999709, 5943452.775000000372529 ], [ 43946.32499999999709, 5943452.549999999813735 ], [ 43946.25, 5943452.549999999813735 ], [ 43946.25, 5943452.325000000186265 ], [ 43946.17500000000291, 5943452.325000000186265 ], [ 43946.17500000000291, 5943452.174999999813735 ], [ 43946.099999999998545, 5943452.174999999813735 ], [ 43946.099999999998545, 5943451.950000000186265 ], [ 43946.025000000001455, 5943451.950000000186265 ], [ 43946.025000000001455, 5943451.724999999627471 ], [ 43945.94999999999709, 5943451.724999999627471 ], [ 43945.94999999999709, 5943451.5 ], [ 43945.875, 5943451.5 ], [ 43945.875, 5943451.275000000372529 ], [ 43945.80000000000291, 5943451.275000000372529 ], [ 43945.80000000000291, 5943448.950000000186265 ], [ 43945.875, 5943448.950000000186265 ], [ 43945.875, 5943448.724999999627471 ], [ 43945.94999999999709, 5943448.724999999627471 ], [ 43945.94999999999709, 5943448.5 ], [ 43946.025000000001455, 5943448.5 ], [ 43946.025000000001455, 5943448.275000000372529 ], [ 43946.099999999998545, 5943448.275000000372529 ], [ 43946.099999999998545, 5943448.049999999813735 ], [ 43946.17500000000291, 5943448.049999999813735 ], [ 43946.17500000000291, 5943447.825000000186265 ], [ 43946.25, 5943447.825000000186265 ], [ 43946.25, 5943447.599999999627471 ], [ 43946.32499999999709, 5943447.599999999627471 ], [ 43946.32499999999709, 5943447.375 ], [ 43946.400000000001455, 5943447.375 ], [ 43946.400000000001455, 5943447.150000000372529 ], [ 43946.474999999998545, 5943447.150000000372529 ], [ 43946.474999999998545, 5943446.924999999813735 ], [ 43946.55000000000291, 5943446.924999999813735 ], [ 43946.55000000000291, 5943446.775000000372529 ], [ 43946.625, 5943446.775000000372529 ], [ 43946.625, 5943446.625 ], [ 43946.69999999999709, 5943446.625 ], [ 43946.69999999999709, 5943446.474999999627471 ], [ 43946.775000000001455, 5943446.474999999627471 ], [ 43946.775000000001455, 5943446.325000000186265 ], [ 43946.849999999998545, 5943446.325000000186265 ], [ 43946.849999999998545, 5943446.174999999813735 ], [ 43946.92500000000291, 5943446.174999999813735 ], [ 43946.92500000000291, 5943446.025000000372529 ], [ 43947.0, 5943446.025000000372529 ], [ 43947.0, 5943445.875 ], [ 43947.07499999999709, 5943445.875 ], [ 43947.07499999999709, 5943445.799999999813735 ], [ 43947.150000000001455, 5943445.799999999813735 ], [ 43947.150000000001455, 5943445.650000000372529 ], [ 43947.224999999998545, 5943445.650000000372529 ], [ 43947.224999999998545, 5943445.5 ], [ 43947.30000000000291, 5943445.5 ], [ 43947.30000000000291, 5943445.424999999813735 ], [ 43947.375, 5943445.424999999813735 ], [ 43947.375, 5943445.275000000372529 ], [ 43947.44999999999709, 5943445.275000000372529 ], [ 43947.44999999999709, 5943445.200000000186265 ], [ 43947.525000000001455, 5943445.200000000186265 ], [ 43947.525000000001455, 5943445.125 ], [ 43947.599999999998545, 5943445.125 ], [ 43947.599999999998545, 5943444.974999999627471 ], [ 43947.67500000000291, 5943444.974999999627471 ], [ 43947.67500000000291, 5943444.900000000372529 ], [ 43947.75, 5943444.900000000372529 ], [ 43947.75, 5943444.75 ], [ 43947.82499999999709, 5943444.75 ], [ 43947.82499999999709, 5943444.674999999813735 ], [ 43947.900000000001455, 5943444.674999999813735 ], [ 43947.900000000001455, 5943444.599999999627471 ], [ 43947.974999999998545, 5943444.599999999627471 ], [ 43947.974999999998545, 5943444.525000000372529 ], [ 43948.05000000000291, 5943444.525000000372529 ], [ 43948.05000000000291, 5943444.450000000186265 ], [ 43948.125, 5943444.450000000186265 ], [ 43948.125, 5943444.375 ], [ 43948.19999999999709, 5943444.375 ], [ 43948.19999999999709, 5943444.299999999813735 ], [ 43948.42500000000291, 5943444.299999999813735 ], [ 43948.42500000000291, 5943444.224999999627471 ], [ 43948.80000000000291, 5943444.224999999627471 ], [ 43948.80000000000291, 5943444.150000000372529 ], [ 43949.17500000000291, 5943444.150000000372529 ], [ 43949.17500000000291, 5943444.075000000186265 ], [ 43949.55000000000291, 5943444.075000000186265 ], [ 43949.55000000000291, 5943444.0 ], [ 43950.07499999999709, 5943444.0 ], [ 43950.07499999999709, 5943443.924999999813735 ], [ 43950.525000000001455, 5943443.924999999813735 ], [ 43950.525000000001455, 5943443.849999999627471 ], [ 43951.05000000000291, 5943443.849999999627471 ], [ 43951.05000000000291, 5943443.775000000372529 ], [ 43951.57499999999709, 5943443.775000000372529 ], [ 43951.57499999999709, 5943443.700000000186265 ], [ 43951.80000000000291, 5943443.700000000186265 ], [ 43951.80000000000291, 5943443.625 ], [ 43952.099999999998545, 5943443.625 ], [ 43952.099999999998545, 5943443.549999999813735 ], [ 43952.32499999999709, 5943443.549999999813735 ], [ 43952.32499999999709, 5943443.474999999627471 ], [ 43952.55000000000291, 5943443.474999999627471 ], [ 43952.55000000000291, 5943443.400000000372529 ], [ 43952.775000000001455, 5943443.400000000372529 ], [ 43952.775000000001455, 5943443.325000000186265 ], [ 43952.92500000000291, 5943443.325000000186265 ], [ 43952.92500000000291, 5943443.25 ], [ 43953.150000000001455, 5943443.25 ], [ 43953.150000000001455, 5943443.174999999813735 ], [ 43953.30000000000291, 5943443.174999999813735 ], [ 43953.30000000000291, 5943443.099999999627471 ], [ 43953.44999999999709, 5943443.099999999627471 ], [ 43953.44999999999709, 5943443.025000000372529 ], [ 43953.599999999998545, 5943443.025000000372529 ], [ 43953.599999999998545, 5943442.950000000186265 ], [ 43953.75, 5943442.950000000186265 ], [ 43953.75, 5943442.875 ], [ 43953.82499999999709, 5943442.875 ], [ 43953.82499999999709, 5943442.799999999813735 ], [ 43953.974999999998545, 5943442.799999999813735 ], [ 43953.974999999998545, 5943442.724999999627471 ], [ 43954.125, 5943442.724999999627471 ], [ 43954.125, 5943442.650000000372529 ], [ 43954.19999999999709, 5943442.650000000372529 ], [ 43954.19999999999709, 5943442.575000000186265 ], [ 43954.349999999998545, 5943442.575000000186265 ], [ 43954.349999999998545, 5943442.5 ], [ 43954.5, 5943442.5 ], [ 43954.5, 5943442.424999999813735 ], [ 43954.650000000001455, 5943442.424999999813735 ], [ 43954.650000000001455, 5943442.349999999627471 ], [ 43954.724999999998545, 5943442.349999999627471 ], [ 43954.724999999998545, 5943442.275000000372529 ], [ 43954.875, 5943442.275000000372529 ], [ 43954.875, 5943442.200000000186265 ], [ 43955.025000000001455, 5943442.200000000186265 ], [ 43955.025000000001455, 5943442.125 ], [ 43955.17500000000291, 5943442.125 ], [ 43955.17500000000291, 5943442.049999999813735 ], [ 43955.25, 5943442.049999999813735 ], [ 43955.25, 5943441.974999999627471 ], [ 43955.400000000001455, 5943441.974999999627471 ], [ 43955.400000000001455, 5943441.900000000372529 ], [ 43955.55000000000291, 5943441.900000000372529 ], [ 43955.55000000000291, 5943441.825000000186265 ], [ 43955.625, 5943441.825000000186265 ], [ 43955.625, 5943441.75 ], [ 43955.775000000001455, 5943441.75 ], [ 43955.775000000001455, 5943441.674999999813735 ], [ 43955.92500000000291, 5943441.674999999813735 ], [ 43955.92500000000291, 5943441.599999999627471 ], [ 43956.0, 5943441.599999999627471 ], [ 43956.0, 5943441.525000000372529 ], [ 43956.150000000001455, 5943441.525000000372529 ], [ 43956.150000000001455, 5943441.450000000186265 ], [ 43956.224999999998545, 5943441.450000000186265 ], [ 43956.224999999998545, 5943441.375 ], [ 43956.30000000000291, 5943441.375 ], [ 43956.30000000000291, 5943441.299999999813735 ], [ 43956.44999999999709, 5943441.299999999813735 ], [ 43956.44999999999709, 5943441.224999999627471 ], [ 43956.525000000001455, 5943441.224999999627471 ], [ 43956.525000000001455, 5943441.150000000372529 ], [ 43956.67500000000291, 5943441.150000000372529 ], [ 43956.67500000000291, 5943441.075000000186265 ], [ 43956.75, 5943441.075000000186265 ], [ 43956.75, 5943441.0 ], [ 43956.900000000001455, 5943441.0 ], [ 43956.900000000001455, 5943440.924999999813735 ], [ 43957.05000000000291, 5943440.924999999813735 ], [ 43957.05000000000291, 5943440.849999999627471 ], [ 43957.125, 5943440.849999999627471 ], [ 43957.125, 5943440.775000000372529 ], [ 43957.275000000001455, 5943440.775000000372529 ], [ 43957.275000000001455, 5943440.700000000186265 ], [ 43957.5, 5943440.700000000186265 ], [ 43957.5, 5943440.625 ], [ 43957.650000000001455, 5943440.625 ], [ 43957.650000000001455, 5943440.549999999813735 ], [ 43957.80000000000291, 5943440.549999999813735 ], [ 43957.80000000000291, 5943440.474999999627471 ], [ 43958.025000000001455, 5943440.474999999627471 ], [ 43958.025000000001455, 5943440.400000000372529 ], [ 43958.25, 5943440.400000000372529 ], [ 43958.25, 5943440.325000000186265 ], [ 43958.400000000001455, 5943440.325000000186265 ], [ 43958.400000000001455, 5943440.25 ], [ 43958.625, 5943440.25 ], [ 43958.625, 5943440.174999999813735 ], [ 43958.849999999998545, 5943440.174999999813735 ], [ 43958.849999999998545, 5943440.099999999627471 ], [ 43959.07499999999709, 5943440.099999999627471 ], [ 43959.07499999999709, 5943440.025000000372529 ], [ 43959.375, 5943440.025000000372529 ], [ 43959.375, 5943439.950000000186265 ], [ 43959.900000000001455, 5943439.950000000186265 ], [ 43959.900000000001455, 5943439.875 ], [ 43960.5, 5943439.875 ], [ 43960.5, 5943439.799999999813735 ], [ 43961.099999999998545, 5943439.799999999813735 ], [ 43961.099999999998545, 5943439.724999999627471 ], [ 43962.150000000001455, 5943439.724999999627471 ], [ 43962.150000000001455, 5943439.799999999813735 ], [ 43964.625, 5943439.799999999813735 ], [ 43964.625, 5943439.875 ], [ 43967.25, 5943439.875 ], [ 43967.25, 5943439.950000000186265 ], [ 43968.150000000001455, 5943439.950000000186265 ], [ 43968.150000000001455, 5943440.025000000372529 ], [ 43969.05000000000291, 5943440.025000000372529 ], [ 43969.05000000000291, 5943440.099999999627471 ], [ 43969.57499999999709, 5943440.099999999627471 ], [ 43969.57499999999709, 5943440.174999999813735 ], [ 43970.025000000001455, 5943440.174999999813735 ], [ 43970.025000000001455, 5943440.25 ], [ 43970.55000000000291, 5943440.25 ], [ 43970.55000000000291, 5943440.325000000186265 ], [ 43971.0, 5943440.325000000186265 ], [ 43971.0, 5943440.400000000372529 ], [ 43971.44999999999709, 5943440.400000000372529 ], [ 43971.44999999999709, 5943440.474999999627471 ], [ 43971.900000000001455, 5943440.474999999627471 ], [ 43971.900000000001455, 5943440.549999999813735 ], [ 43972.275000000001455, 5943440.549999999813735 ], [ 43972.275000000001455, 5943440.625 ], [ 43972.650000000001455, 5943440.625 ], [ 43972.650000000001455, 5943440.700000000186265 ], [ 43973.025000000001455, 5943440.700000000186265 ], [ 43973.025000000001455, 5943440.775000000372529 ], [ 43973.32499999999709, 5943440.775000000372529 ], [ 43973.32499999999709, 5943440.849999999627471 ], [ 43973.69999999999709, 5943440.849999999627471 ], [ 43973.69999999999709, 5943440.924999999813735 ], [ 43974.0, 5943440.924999999813735 ], [ 43974.0, 5943441.0 ], [ 43974.224999999998545, 5943441.0 ], [ 43974.224999999998545, 5943441.075000000186265 ], [ 43974.525000000001455, 5943441.075000000186265 ], [ 43974.525000000001455, 5943441.150000000372529 ], [ 43974.75, 5943441.150000000372529 ], [ 43974.75, 5943441.224999999627471 ], [ 43974.974999999998545, 5943441.224999999627471 ], [ 43974.974999999998545, 5943441.299999999813735 ], [ 43975.05000000000291, 5943441.299999999813735 ], [ 43975.05000000000291, 5943441.375 ], [ 43975.125, 5943441.375 ], [ 43975.125, 5943441.525000000372529 ], [ 43975.19999999999709, 5943441.525000000372529 ], [ 43975.19999999999709, 5943441.674999999813735 ], [ 43975.275000000001455, 5943441.674999999813735 ], [ 43975.275000000001455, 5943441.825000000186265 ], [ 43975.349999999998545, 5943441.825000000186265 ], [ 43975.349999999998545, 5943441.974999999627471 ], [ 43975.42500000000291, 5943441.974999999627471 ], [ 43975.42500000000291, 5943442.125 ], [ 43975.5, 5943442.125 ], [ 43975.5, 5943442.275000000372529 ], [ 43975.57499999999709, 5943442.275000000372529 ], [ 43975.57499999999709, 5943442.424999999813735 ], [ 43975.650000000001455, 5943442.424999999813735 ], [ 43975.650000000001455, 5943442.650000000372529 ], [ 43975.724999999998545, 5943442.650000000372529 ], [ 43975.724999999998545, 5943442.799999999813735 ], [ 43975.80000000000291, 5943442.799999999813735 ], [ 43975.80000000000291, 5943443.025000000372529 ], [ 43975.875, 5943443.025000000372529 ], [ 43975.875, 5943443.174999999813735 ], [ 43975.94999999999709, 5943443.174999999813735 ], [ 43975.94999999999709, 5943443.400000000372529 ], [ 43975.875, 5943443.400000000372529 ], [ 43975.875, 5943443.700000000186265 ], [ 43975.80000000000291, 5943443.700000000186265 ], [ 43975.80000000000291, 5943444.0 ], [ 43975.724999999998545, 5943444.0 ], [ 43975.724999999998545, 5943444.299999999813735 ], [ 43975.650000000001455, 5943444.299999999813735 ], [ 43975.650000000001455, 5943444.674999999813735 ], [ 43975.57499999999709, 5943444.674999999813735 ], [ 43975.57499999999709, 5943444.974999999627471 ], [ 43975.5, 5943444.974999999627471 ], [ 43975.5, 5943445.349999999627471 ], [ 43975.42500000000291, 5943445.349999999627471 ], [ 43975.42500000000291, 5943445.650000000372529 ], [ 43975.349999999998545, 5943445.650000000372529 ], [ 43975.349999999998545, 5943446.025000000372529 ], [ 43975.275000000001455, 5943446.025000000372529 ], [ 43975.275000000001455, 5943446.325000000186265 ], [ 43975.19999999999709, 5943446.325000000186265 ], [ 43975.19999999999709, 5943446.625 ], [ 43975.125, 5943446.625 ], [ 43975.125, 5943447.0 ], [ 43975.05000000000291, 5943447.0 ], [ 43975.05000000000291, 5943447.299999999813735 ], [ 43974.974999999998545, 5943447.299999999813735 ], [ 43974.974999999998545, 5943447.525000000372529 ], [ 43974.900000000001455, 5943447.525000000372529 ], [ 43974.900000000001455, 5943447.674999999813735 ], [ 43974.82499999999709, 5943447.674999999813735 ], [ 43974.82499999999709, 5943447.825000000186265 ], [ 43974.75, 5943447.825000000186265 ], [ 43974.75, 5943448.049999999813735 ], [ 43974.67500000000291, 5943448.049999999813735 ], [ 43974.67500000000291, 5943448.275000000372529 ], [ 43974.599999999998545, 5943448.275000000372529 ], [ 43974.599999999998545, 5943448.5 ], [ 43974.525000000001455, 5943448.5 ], [ 43974.525000000001455, 5943448.724999999627471 ], [ 43974.44999999999709, 5943448.724999999627471 ], [ 43974.44999999999709, 5943448.950000000186265 ], [ 43974.375, 5943448.950000000186265 ], [ 43974.375, 5943449.099999999627471 ], [ 43974.30000000000291, 5943449.099999999627471 ], [ 43974.30000000000291, 5943449.174999999813735 ], [ 43974.224999999998545, 5943449.174999999813735 ], [ 43974.224999999998545, 5943449.25 ], [ 43974.150000000001455, 5943449.25 ], [ 43974.150000000001455, 5943449.325000000186265 ], [ 43974.07499999999709, 5943449.325000000186265 ], [ 43974.07499999999709, 5943449.400000000372529 ], [ 43974.0, 5943449.400000000372529 ], [ 43974.0, 5943449.549999999813735 ], [ 43973.92500000000291, 5943449.549999999813735 ], [ 43973.92500000000291, 5943449.625 ], [ 43973.849999999998545, 5943449.625 ], [ 43973.849999999998545, 5943449.700000000186265 ], [ 43973.775000000001455, 5943449.700000000186265 ], [ 43973.775000000001455, 5943449.775000000372529 ], [ 43973.69999999999709, 5943449.775000000372529 ], [ 43973.69999999999709, 5943449.849999999627471 ], [ 43973.625, 5943449.849999999627471 ], [ 43973.625, 5943449.924999999813735 ], [ 43973.55000000000291, 5943449.924999999813735 ], [ 43973.55000000000291, 5943450.0 ], [ 43973.474999999998545, 5943450.0 ], [ 43973.474999999998545, 5943450.075000000186265 ], [ 43973.400000000001455, 5943450.075000000186265 ], [ 43973.400000000001455, 5943450.150000000372529 ], [ 43973.32499999999709, 5943450.150000000372529 ], [ 43973.32499999999709, 5943450.224999999627471 ], [ 43973.17500000000291, 5943450.224999999627471 ], [ 43973.17500000000291, 5943450.299999999813735 ], [ 43973.099999999998545, 5943450.299999999813735 ], [ 43973.099999999998545, 5943450.375 ], [ 43973.025000000001455, 5943450.375 ], [ 43973.025000000001455, 5943450.450000000186265 ], [ 43972.94999999999709, 5943450.450000000186265 ], [ 43972.94999999999709, 5943450.525000000372529 ], [ 43972.875, 5943450.525000000372529 ], [ 43972.875, 5943450.599999999627471 ], [ 43972.80000000000291, 5943450.599999999627471 ], [ 43972.80000000000291, 5943450.75 ], [ 43972.724999999998545, 5943450.75 ], [ 43972.724999999998545, 5943450.825000000186265 ], [ 43972.650000000001455, 5943450.825000000186265 ], [ 43972.650000000001455, 5943450.900000000372529 ], [ 43972.57499999999709, 5943450.900000000372529 ], [ 43972.57499999999709, 5943450.974999999627471 ], [ 43972.5, 5943450.974999999627471 ], [ 43972.5, 5943451.049999999813735 ], [ 43972.42500000000291, 5943451.049999999813735 ], [ 43972.42500000000291, 5943451.125 ], [ 43972.349999999998545, 5943451.125 ], [ 43972.349999999998545, 5943451.200000000186265 ], [ 43972.19999999999709, 5943451.200000000186265 ], [ 43972.19999999999709, 5943451.275000000372529 ], [ 43972.125, 5943451.275000000372529 ], [ 43972.125, 5943451.349999999627471 ], [ 43971.974999999998545, 5943451.349999999627471 ], [ 43971.974999999998545, 5943451.424999999813735 ], [ 43971.900000000001455, 5943451.424999999813735 ], [ 43971.900000000001455, 5943451.5 ], [ 43971.75, 5943451.5 ], [ 43971.75, 5943451.575000000186265 ], [ 43971.599999999998545, 5943451.575000000186265 ], [ 43971.599999999998545, 5943451.650000000372529 ], [ 43971.44999999999709, 5943451.650000000372529 ], [ 43971.44999999999709, 5943451.724999999627471 ], [ 43971.30000000000291, 5943451.724999999627471 ], [ 43971.30000000000291, 5943451.799999999813735 ], [ 43971.150000000001455, 5943451.799999999813735 ], [ 43971.150000000001455, 5943451.875 ], [ 43971.0, 5943451.875 ], [ 43971.0, 5943451.950000000186265 ], [ 43970.849999999998545, 5943451.950000000186265 ], [ 43970.849999999998545, 5943452.025000000372529 ], [ 43970.69999999999709, 5943452.025000000372529 ], [ 43970.69999999999709, 5943452.099999999627471 ], [ 43970.55000000000291, 5943452.099999999627471 ], [ 43970.55000000000291, 5943452.174999999813735 ], [ 43970.400000000001455, 5943452.174999999813735 ], [ 43970.400000000001455, 5943452.25 ], [ 43970.25, 5943452.25 ], [ 43970.25, 5943452.325000000186265 ], [ 43970.099999999998545, 5943452.325000000186265 ], [ 43970.099999999998545, 5943452.400000000372529 ], [ 43969.94999999999709, 5943452.400000000372529 ], [ 43969.94999999999709, 5943452.474999999627471 ], [ 43969.80000000000291, 5943452.474999999627471 ], [ 43969.80000000000291, 5943452.549999999813735 ], [ 43969.650000000001455, 5943452.549999999813735 ], [ 43969.650000000001455, 5943452.625 ], [ 43969.57499999999709, 5943452.625 ], [ 43969.57499999999709, 5943452.700000000186265 ], [ 43969.42500000000291, 5943452.700000000186265 ], [ 43969.42500000000291, 5943452.775000000372529 ], [ 43969.275000000001455, 5943452.775000000372529 ], [ 43969.275000000001455, 5943452.849999999627471 ], [ 43969.19999999999709, 5943452.849999999627471 ], [ 43969.19999999999709, 5943452.924999999813735 ], [ 43969.05000000000291, 5943452.924999999813735 ], [ 43969.05000000000291, 5943453.0 ], [ 43968.82499999999709, 5943453.0 ], [ 43968.82499999999709, 5943453.075000000186265 ], [ 43968.67500000000291, 5943453.075000000186265 ], [ 43968.67500000000291, 5943453.150000000372529 ], [ 43968.525000000001455, 5943453.150000000372529 ], [ 43968.525000000001455, 5943453.224999999627471 ], [ 43968.30000000000291, 5943453.224999999627471 ], [ 43968.30000000000291, 5943453.299999999813735 ], [ 43968.07499999999709, 5943453.299999999813735 ], [ 43968.07499999999709, 5943453.375 ], [ 43967.92500000000291, 5943453.375 ], [ 43967.92500000000291, 5943453.450000000186265 ], [ 43967.69999999999709, 5943453.450000000186265 ], [ 43967.69999999999709, 5943453.525000000372529 ], [ 43967.400000000001455, 5943453.525000000372529 ], [ 43967.400000000001455, 5943453.599999999627471 ], [ 43967.17500000000291, 5943453.599999999627471 ], [ 43967.17500000000291, 5943453.674999999813735 ], [ 43966.125, 5943453.674999999813735 ], [ 43966.125, 5943453.75 ], [ 43964.92500000000291, 5943453.75 ], [ 43964.92500000000291, 5943453.825000000186265 ], [ 43963.724999999998545, 5943453.825000000186265 ], [ 43963.724999999998545, 5943453.900000000372529 ], [ 43962.375, 5943453.900000000372529 ], [ 43962.375, 5943453.974999999627471 ], [ 43961.099999999998545, 5943453.974999999627471 ], [ 43961.099999999998545, 5943454.049999999813735 ], [ 43960.42500000000291, 5943454.049999999813735 ], [ 43960.42500000000291, 5943454.125 ], [ 43959.67500000000291, 5943454.125 ], [ 43959.67500000000291, 5943454.200000000186265 ], [ 43959.150000000001455, 5943454.200000000186265 ], [ 43959.150000000001455, 5943454.275000000372529 ], [ 43958.69999999999709, 5943454.275000000372529 ], [ 43958.69999999999709, 5943454.349999999627471 ], [ 43958.25, 5943454.349999999627471 ], [ 43958.25, 5943454.424999999813735 ], [ 43957.875, 5943454.424999999813735 ], [ 43957.875, 5943454.5 ], [ 43957.5, 5943454.5 ], [ 43957.5, 5943454.575000000186265 ], [ 43957.125, 5943454.575000000186265 ], [ 43957.125, 5943454.650000000372529 ], [ 43956.900000000001455, 5943454.650000000372529 ], [ 43956.900000000001455, 5943454.724999999627471 ], [ 43956.599999999998545, 5943454.724999999627471 ], [ 43956.599999999998545, 5943454.799999999813735 ], [ 43956.30000000000291, 5943454.799999999813735 ], [ 43956.30000000000291, 5943454.875 ], [ 43956.07499999999709, 5943454.875 ], [ 43956.07499999999709, 5943454.950000000186265 ], [ 43955.849999999998545, 5943454.950000000186265 ], [ 43955.849999999998545, 5943455.025000000372529 ], [ 43955.625, 5943455.025000000372529 ], [ 43955.625, 5943455.099999999627471 ], [ 43955.400000000001455, 5943455.099999999627471 ], [ 43955.400000000001455, 5943455.174999999813735 ], [ 43955.17500000000291, 5943455.174999999813735 ], [ 43955.17500000000291, 5943455.25 ], [ 43955.025000000001455, 5943455.25 ], [ 43955.025000000001455, 5943455.325000000186265 ], [ 43954.724999999998545, 5943455.325000000186265 ], [ 43954.724999999998545, 5943455.400000000372529 ], [ 43954.5, 5943455.400000000372529 ], [ 43954.5, 5943455.474999999627471 ], [ 43954.275000000001455, 5943455.474999999627471 ], [ 43954.275000000001455, 5943455.549999999813735 ], [ 43953.974999999998545, 5943455.549999999813735 ], [ 43953.974999999998545, 5943455.625 ], [ 43953.67500000000291, 5943455.625 ], [ 43953.67500000000291, 5943455.700000000186265 ], [ 43953.0, 5943455.700000000186265 ], [ 43953.0, 5943455.775000000372529 ], [ 43951.125, 5943455.775000000372529 ] ] ] } },
{ "type": "Feature", "properties": { "value": 1.0, "building_id": 19, "area": 558.26999999927034 }, "geometry": { "type": "Polygon", "coordinates": [ [ [ 43741.125, 5943462.375 ], [ 43741.125, 5943462.299999999813735 ], [ 43740.44999999999709, 5943462.299999999813735 ], [ 43740.44999999999709, 5943462.224999999627471 ], [ 43740.150000000001455, 5943462.224999999627471 ], [ 43740.150000000001455, 5943462.150000000372529 ], [ 43739.92500000000291, 5943462.150000000372529 ], [ 43739.92500000000291, 5943462.075000000186265 ], [ 43739.69999999999709, 5943462.075000000186265 ], [ 43739.69999999999709, 5943462.0 ], [ 43739.474999999998545, 5943462.0 ], [ 43739.474999999998545, 5943461.924999999813735 ], [ 43739.25, 5943461.924999999813735 ], [ 43739.25, 5943461.849999999627471 ], [ 43739.025000000001455, 5943461.849999999627471 ], [ 43739.025000000001455, 5943461.775000000372529 ], [ 43738.875, 5943461.775000000372529 ], [ 43738.875, 5943461.700000000186265 ], [ 43738.724999999998545, 5943461.700000000186265 ], [ 43738.724999999998545, 5943461.625 ], [ 43738.57499999999709, 5943461.625 ], [ 43738.57499999999709, 5943461.549999999813735 ], [ 43738.42500000000291, 5943461.549999999813735 ], [ 43738.42500000000291, 5943461.474999999627471 ], [ 43738.275000000001455, 5943461.474999999627471 ], [ 43738.275000000001455, 5943461.400000000372529 ], [ 43738.125, 5943461.400000000372529 ], [ 43738.125, 5943461.325000000186265 ], [ 43738.05000000000291, 5943461.325000000186265 ], [ 43738.05000000000291, 5943461.25 ], [ 43737.900000000001455, 5943461.25 ], [ 43737.900000000001455, 5943461.174999999813735 ], [ 43737.82499999999709, 5943461.174999999813735 ], [ 43737.82499999999709, 5943461.099999999627471 ], [ 43737.75, 5943461.099999999627471 ], [ 43737.75, 5943461.025000000372529 ], [ 43737.67500000000291, 5943461.025000000372529 ], [ 43737.67500000000291, 5943460.950000000186265 ], [ 43737.525000000001455, 5943460.950000000186265 ], [ 43737.525000000001455, 5943460.875 ], [ 43737.44999999999709, 5943460.875 ], [ 43737.44999999999709, 5943460.799999999813735 ], [ 43737.375, 5943460.799999999813735 ], [ 43737.375, 5943460.724999999627471 ], [ 43737.30000000000291, 5943460.724999999627471 ], [ 43737.30000000000291, 5943460.650000000372529 ], [ 43737.224999999998545, 5943460.650000000372529 ], [ 43737.224999999998545, 5943460.575000000186265 ], [ 43737.07499999999709, 5943460.575000000186265 ], [ 43737.07499999999709, 5943460.5 ], [ 43737.0, 5943460.5 ], [ 43737.0, 5943460.424999999813735 ], [ 43736.92500000000291, 5943460.424999999813735 ], [ 43736.92500000000291, 5943460.349999999627471 ], [ 43736.775000000001455, 5943460.349999999627471 ], [ 43736.775000000001455, 5943460.275000000372529 ], [ 43736.69999999999709, 5943460.275000000372529 ], [ 43736.69999999999709, 5943460.200000000186265 ], [ 43736.625, 5943460.200000000186265 ], [ 43736.625, 5943460.125 ], [ 43736.55000000000291, 5943460.125 ], [ 43736.55000000000291, 5943460.049999999813735 ], [ 43736.400000000001455, 5943460.049999999813735 ], [ 43736.400000000001455, 5943459.974999999627471 ], [ 43736.32499999999709, 5943459.974999999627471 ], [ 43736.32499999999709, 5943459.900000000372529 ], [ 43736.25, 5943459.900000000372529 ], [ 43736.25, 5943459.825000000186265 ], [ 43736.17500000000291, 5943459.825000000186265 ], [ 43736.17500000000291, 5943459.674999999813735 ], [ 43736.099999999998545, 5943459.674999999813735 ], [ 43736.099999999998545, 5943459.599999999627471 ], [ 43736.025000000001455, 5943459.599999999627471 ], [ 43736.025000000001455, 5943459.525000000372529 ], [ 43735.94999999999709, 5943459.525000000372529 ], [ 43735.94999999999709, 5943459.450000000186265 ], [ 43735.875, 5943459.450000000186265 ], [ 43735.875, 5943459.299999999813735 ], [ 43735.80000000000291, 5943459.299999999813735 ], [ 43735.80000000000291, 5943459.224999999627471 ], [ 43735.724999999998545, 5943459.224999999627471 ], [ 43735.724999999998545, 5943459.075000000186265 ], [ 43735.650000000001455, 5943459.075000000186265 ], [ 43735.650000000001455, 5943458.924999999813735 ], [ 43735.57499999999709, 5943458.924999999813735 ], [ 43735.57499999999709, 5943458.849999999627471 ], [ 43735.5, 5943458.849999999627471 ], [ 43735.5, 5943458.700000000186265 ], [ 43735.42500000000291, 5943458.700000000186265 ], [ 43735.42500000000291, 5943458.625 ], [ 43735.349999999998545, 5943458.625 ], [ 43735.349999999998545, 5943458.474999999627471 ], [ 43735.275000000001455, 5943458.474999999627471 ], [ 43735.275000000001455, 5943458.400000000372529 ], [ 43735.19999999999709, 5943458.400000000372529 ], [ 43735.19999999999709, 5943458.325000000186265 ], [ 43735.125, 5943458.325000000186265 ], [ 43735.125, 5943458.174999999813735 ], [ 43735.05000000000291, 5943458.174999999813735 ], [ 43735.05000000000291, 5943458.099999999627471 ], [ 43734.974999999998545, 5943458.099999999627471 ], [ 43734.974999999998545, 5943458.025000000372529 ], [ 43734.900000000001455, 5943458.025000000372529 ], [ 43734.900000000001455, 5943457.950000000186265 ], [ 43734.82499999999709, 5943457.950000000186265 ], [ 43734.82499999999709, 5943457.875 ], [ 43734.75, 5943457.875 ], [ 43734.75, 5943457.799999999813735 ], [ 43734.67500000000291, 5943457.799999999813735 ], [ 43734.67500000000291, 5943457.724999999627471 ], [ 43734.599999999998545, 5943457.724999999627471 ], [ 43734.599999999998545, 5943457.575000000186265 ], [ 43734.525000000001455, 5943457.575000000186265 ], [ 43734.525000000001455, 5943457.5 ], [ 43734.44999999999709, 5943457.5 ], [ 43734.44999999999709, 5943457.424999999813735 ], [ 43734.375, 5943457.424999999813735 ], [ 43734.375, 5943457.349999999627471 ], [ 43734.30000000000291, 5943457.349999999627471 ], [ 43734.30000000000291, 5943457.275000000372529 ], [ 43734.224999999998545, 5943457.275000000372529 ], [ 43734.224999999998545, 5943457.125 ], [ 43734.150000000001455, 5943457.125 ], [ 43734.150000000001455, 5943457.049999999813735 ], [ 43734.07499999999709, 5943457.049999999813735 ], [ 43734.07499999999709, 5943456.900000000372529 ], [ 43734.0, 5943456.900000000372529 ], [ 43734.0, 5943456.825000000186265 ], [ 43733.92500000000291, 5943456.825000000186265 ], [ 43733.92500000000291, 5943456.75 ], [ 43733.849999999998545, 5943456.75 ], [ 43733.849999999998545, 5943456.674999999813735 ], [ 43733.775000000001455, 5943456.674999999813735 ], [ 43733.775000000001455, 5943456.599999999627471 ], [ 43733.625, 5943456.599999999627471 ], [ 43733.625, 5943456.525000000372529 ], [ 43733.55000000000291, 5943456.525000000372529 ], [ 43733.55000000000291, 5943456.450000000186265 ], [ 43733.474999999998545, 5943456.450000000186265 ], [ 43733.474999999998545, 5943456.375 ], [ 43733.400000000001455, 5943456.375 ], [ 43733.400000000001455, 5943456.299999999813735 ], [ 43733.32499999999709, 5943456.299999999813735 ], [ 43733.32499999999709, 5943456.224999999627471 ], [ 43733.17500000000291, 5943456.224999999627471 ], [ 43733.17500000000291, 5943456.150000000372529 ], [ 43733.099999999998545, 5943456.150000000372529 ], [ 43733.099999999998545, 5943456.075000000186265 ], [ 43732.94999999999709, 5943456.075000000186265 ], [ 43732.94999999999709, 5943456.0 ], [ 43732.875, 5943456.0 ], [ 43732.875, 5943455.924999999813735 ], [ 43732.724999999998545, 5943455.924999999813735 ], [ 43732.724999999998545, 5943455.849999999627471 ], [ 43732.650000000001455, 5943455.849999999627471 ], [ 43732.650000000001455, 5943455.775000000372529 ], [ 43732.5, 5943455.775000000372529 ], [ 43732.5, 5943455.700000000186265 ], [ 43732.42500000000291, 5943455.700000000186265 ], [ 43732.42500000000291, 5943455.625 ], [ 43732.349999999998545, 5943455.625 ], [ 43732.349999999998545, 5943455.549999999813735 ], [ 43732.19999999999709, 5943455.549999999813735 ], [ 43732.19999999999709, 5943455.474999999627471 ], [ 43732.125, 5943455.474999999627471 ], [ 43732.125, 5943455.400000000372529 ], [ 43732.05000000000291, 5943455.400000000372529 ], [ 43732.05000000000291, 5943455.325000000186265 ], [ 43731.974999999998545, 5943455.325000000186265 ], [ 43731.974999999998545, 5943455.25 ], [ 43731.900000000001455, 5943455.25 ], [ 43731.900000000001455, 5943455.174999999813735 ], [ 43731.75, 5943455.174999999813735 ], [ 43731.75, 5943455.099999999627471 ], [ 43731.67500000000291, 5943455.099999999627471 ], [ 43731.67500000000291, 5943455.025000000372529 ], [ 43731.599999999998545, 5943455.025000000372529 ], [ 43731.599999999998545, 5943454.950000000186265 ], [ 43731.525000000001455, 5943454.950000000186265 ], [ 43731.525000000001455, 5943454.875 ], [ 43731.44999999999709, 5943454.875 ], [ 43731.44999999999709, 5943454.799999999813735 ], [ 43731.375, 5943454.799999999813735 ], [ 43731.375, 5943454.724999999627471 ], [ 43731.30000000000291, 5943454.724999999627471 ], [ 43731.30000000000291, 5943454.650000000372529 ], [ 43731.224999999998545, 5943454.650000000372529 ], [ 43731.224999999998545, 5943454.575000000186265 ], [ 43731.150000000001455, 5943454.575000000186265 ], [ 43731.150000000001455, 5943454.5 ], [ 43731.0, 5943454.5 ], [ 43731.0, 5943454.424999999813735 ], [ 43730.92500000000291, 5943454.424999999813735 ], [ 43730.92500000000291, 5943454.349999999627471 ], [ 43730.849999999998545, 5943454.349999999627471 ], [ 43730.849999999998545, 5943454.275000000372529 ], [ 43730.69999999999709, 5943454.275000000372529 ], [ 43730.69999999999709, 5943454.200000000186265 ], [ 43730.625, 5943454.200000000186265 ], [ 43730.625, 5943454.125 ], [ 43730.474999999998545, 5943454.125 ], [ 43730.474999999998545, 5943454.049999999813735 ], [ 43730.400000000001455, 5943454.049999999813735 ], [ 43730.400000000001455, 5943453.974999999627471 ], [ 43730.32499999999709, 5943453.974999999627471 ], [ 43730.32499999999709, 5943453.900000000372529 ], [ 43730.17500000000291, 5943453.900000000372529 ], [ 43730.17500000000291, 5943453.825000000186265 ], [ 43730.099999999998545, 5943453.825000000186265 ], [ 43730.099999999998545, 5943453.75 ], [ 43730.025000000001455, 5943453.75 ], [ 43730.025000000001455, 5943453.674999999813735 ], [ 43729.94999999999709, 5943453.674999999813735 ], [ 43729.94999999999709, 5943453.599999999627471 ], [ 43729.875, 5943453.599999999627471 ], [ 43729.875, 5943453.525000000372529 ], [ 43729.724999999998545, 5943453.525000000372529 ], [ 43729.724999999998545, 5943453.450000000186265 ], [ 43729.650000000001455, 5943453.450000000186265 ], [ 43729.650000000001455, 5943453.375 ], [ 43729.57499999999709, 5943453.375 ], [ 43729.57499999999709, 5943453.299999999813735 ], [ 43729.5, 5943453.299999999813735 ], [ 43729.5, 5943453.224999999627471 ], [ 43729.42500000000291, 5943453.224999999627471 ], [ 43729.42500000000291, 5943453.150000000372529 ], [ 43729.349999999998545, 5943453.150000000372529 ], [ 43729.349999999998545, 5943453.075000000186265 ], [ 43729.275000000001455, 5943453.075000000186265 ], [ 43729.275000000001455, 5943453.0 ], [ 43729.19999999999709, 5943453.0 ], [ 43729.19999999999709, 5943452.924999999813735 ], [ 43729.125, 5943452.924999999813735 ], [ 43729.125, 5943452.849999999627471 ], [ 43728.974999999998545, 5943452.849999999627471 ], [ 43728.974999999998545, 5943452.775000000372529 ], [ 43728.900000000001455, 5943452.775000000372529 ], [ 43728.900000000001455, 5943452.700000000186265 ], [ 43728.82499999999709, 5943452.700000000186265 ], [ 43728.82499999999709, 5943452.625 ], [ 43728.75, 5943452.625 ], [ 43728.75, 5943452.549999999813735 ], [ 43728.67500000000291, 5943452.549999999813735 ], [ 43728.67500000000291, 5943452.474999999627471 ], [ 43728.525000000001455, 5943452.474999999627471 ], [ 43728.525000000001455, 5943452.400000000372529 ], [ 43728.44999999999709, 5943452.400000000372529 ], [ 43728.44999999999709, 5943452.325000000186265 ], [ 43728.375, 5943452.325000000186265 ], [ 43728.375, 5943452.25 ], [ 43728.30000000000291, 5943452.25 ], [ 43728.30000000000291, 5943452.174999999813735 ], [ 43728.150000000001455, 5943452.174999999813735 ], [ 43728.150000000001455, 5943452.099999999627471 ], [ 43728.07499999999709, 5943452.099999999627471 ], [ 43728.07499999999709, 5943452.025000000372529 ], [ 43728.0, 5943452.025000000372529 ], [ 43728.0, 5943451.950000000186265 ], [ 43727.92500000000291, 5943451.950000000186265 ], [ 43727.92500000000291, 5943451.875 ], [ 43727.849999999998545, 5943451.875 ], [ 43727.849999999998545, 5943451.799999999813735 ], [ 43727.69999999999709, 5943451.799999999813735 ], [ 43727.69999999999709, 5943451.724999999627471 ], [ 43727.625, 5943451.724999999627471 ], [ 43727.625, 5943451.650000000372529 ], [ 43727.55000000000291, 5943451.650000000372529 ], [ 43727.55000000000291, 5943451.575000000186265 ], [ 43727.474999999998545, 5943451.575000000186265 ], [ 43727.474999999998545, 5943451.5 ], [ 43727.400000000001455, 5943451.5 ], [ 43727.400000000001455, 5943451.424999999813735 ], [ 43727.32499999999709, 5943451.424999999813735 ], [ 43727.32499999999709, 5943451.349999999627471 ], [ 43727.25, 5943451.349999999627471 ], [ 43727.25, 5943451.275000000372529 ], [ 43727.17500000000291, 5943451.275000000372529 ], [ 43727.17500000000291, 5943451.200000000186265 ], [ 43727.025000000001455, 5943451.200000000186265 ], [ 43727.025000000001455, 5943451.125 ], [ 43726.94999999999709, 5943451.125 ], [ 43726.94999999999709, 5943451.049999999813735 ], [ 43726.875, 5943451.049999999813735 ], [ 43726.875, 5943450.900000000372529 ], [ 43726.80000000000291, 5943450.900000000372529 ], [ 43726.80000000000291, 5943450.825000000186265 ], [ 43726.724999999998545, 5943450.825000000186265 ], [ 43726.724999999998545, 5943450.75 ], [ 43726.650000000001455, 5943450.75 ], [ 43726.650000000001455, 5943450.674999999813735 ], [ 43726.57499999999709, 5943450.674999999813735 ], [ 43726.57499999999709, 5943450.599999999627471 ], [ 43726.5, 5943450.599999999627471 ], [ 43726.5, 5943450.525000000372529 ], [ 43726.42500000000291, 5943450.525000000372529 ], [ 43726.42500000000291, 5943450.375 ], [ 43726.349999999998545, 5943450.375 ], [ 43726.349999999998545, 5943450.299999999813735 ], [ 43726.275000000001455, 5943450.299999999813735 ], [ 43726.275000000001455, 5943450.224999999627471 ], [ 43726.19999999999709, 5943450.224999999627471 ], [ 43726.19999999999709, 5943450.150000000372529 ], [ 43726.125, 5943450.150000000372529 ], [ 43726.125, 5943450.0 ], [ 43726.05000000000291, 5943450.0 ], [ 43726.05000000000291, 5943449.924999999813735 ], [ 43725.974999999998545, 5943449.924999999813735 ], [ 43725.974999999998545, 5943449.849999999627471 ], [ 43725.900000000001455, 5943449.849999999627471 ], [ 43725.900000000001455, 5943449.025000000372529 ], [ 43725.974999999998545, 5943449.025000000372529 ], [ 43725.974999999998545, 5943448.650000000372529 ], [ 43726.05000000000291, 5943448.650000000372529 ], [ 43726.05000000000291, 5943448.349999999627471 ], [ 43726.125, 5943448.349999999627471 ], [ 43726.125, 5943448.049999999813735 ], [ 43726.19999999999709, 5943448.049999999813735 ], [ 43726.19999999999709, 5943447.825000000186265 ], [ 43726.275000000001455, 5943447.825000000186265 ], [ 43726.275000000001455, 5943447.525000000372529 ], [ 43726.349999999998545, 5943447.525000000372529 ], [ 43726.349999999998545, 5943447.299999999813735 ], [ 43726.42500000000291, 5943447.299999999813735 ], [ 43726.42500000000291, 5943447.0 ], [ 43726.5, 5943447.0 ], [ 43726.5, 5943446.775000000372529 ], [ 43726.57499999999709, 5943446.775000000372529 ], [ 43726.57499999999709, 5943446.549999999813735 ], [ 43726.650000000001455, 5943446.549999999813735 ], [ 43726.650000000001455, 5943446.400000000372529 ], [ 43726.724999999998545, 5943446.400000000372529 ], [ 43726.724999999998545, 5943446.174999999813735 ], [ 43726.80000000000291, 5943446.174999999813735 ], [ 43726.80000000000291, 5943446.025000000372529 ], [ 43726.875, 5943446.025000000372529 ], [ 43726.875, 5943445.799999999813735 ], [ 43726.94999999999709, 5943445.799999999813735 ], [ 43726.94999999999709, 5943445.650000000372529 ], [ 43727.025000000001455, 5943445.650000000372529 ], [ 43727.025000000001455, 5943445.575000000186265 ], [ 43727.099999999998545, 5943445.575000000186265 ], [ 43727.099999999998545, 5943445.424999999813735 ], [ 43727.17500000000291, 5943445.424999999813735 ], [ 43727.17500000000291, 5943445.349999999627471 ], [ 43727.25, 5943445.349999999627471 ], [ 43727.25, 5943445.200000000186265 ], [ 43727.32499999999709, 5943445.200000000186265 ], [ 43727.32499999999709, 5943445.125 ], [ 43727.400000000001455, 5943445.125 ], [ 43727.400000000001455, 5943444.974999999627471 ], [ 43727.474999999998545, 5943444.974999999627471 ], [ 43727.474999999998545, 5943444.900000000372529 ], [ 43727.55000000000291, 5943444.900000000372529 ], [ 43727.55000000000291, 5943444.825000000186265 ], [ 43727.625, 5943444.825000000186265 ], [ 43727.625, 5943444.674999999813735 ], [ 43727.69999999999709, 5943444.674999999813735 ], [ 43727.69999999999709, 5943444.599999999627471 ], [ 43727.775000000001455, 5943444.599999999627471 ], [ 43727.775000000001455, 5943444.525000000372529 ], [ 43727.849999999998545, 5943444.525000000372529 ], [ 43727.849999999998545, 5943444.375 ], [ 43727.92500000000291, 5943444.375 ], [ 43727.92500000000291, 5943444.299999999813735 ], [ 43728.0, 5943444.299999999813735 ], [ 43728.0, 5943444.224999999627471 ], [ 43728.07499999999709, 5943444.224999999627471 ], [ 43728.07499999999709, 5943444.150000000372529 ], [ 43728.150000000001455, 5943444.150000000372529 ], [ 43728.150000000001455, 5943444.075000000186265 ], [ 43728.224999999998545, 5943444.075000000186265 ], [ 43728.224999999998545, 5943444.0 ], [ 43728.30000000000291, 5943444.0 ], [ 43728.30000000000291, 5943443.924999999813735 ], [ 43728.375, 5943443.924999999813735 ], [ 43728.375, 5943443.849999999627471 ], [ 43728.44999999999709, 5943443.849999999627471 ], [ 43728.44999999999709, 5943443.775000000372529 ], [ 43728.525000000001455, 5943443.775000000372529 ], [ 43728.525000000001455, 5943443.700000000186265 ], [ 43728.599999999998545, 5943443.700000000186265 ], [ 43728.599999999998545, 5943443.625 ], [ 43728.67500000000291, 5943443.625 ], [ 43728.67500000000291, 5943443.549999999813735 ], [ 43728.75, 5943443.549999999813735 ], [ 43728.75, 5943443.474999999627471 ], [ 43728.900000000001455, 5943443.474999999627471 ], [ 43728.900000000001455, 5943443.400000000372529 ], [ 43728.974999999998545, 5943443.400000000372529 ], [ 43728.974999999998545, 5943443.325000000186265 ], [ 43729.05000000000291, 5943443.325000000186265 ], [ 43729.05000000000291, 5943443.25 ], [ 43729.19999999999709, 5943443.25 ], [ 43729.19999999999709, 5943443.174999999813735 ], [ 43729.349999999998545, 5943443.174999999813735 ], [ 43729.349999999998545, 5943443.099999999627471 ], [ 43729.5, 5943443.099999999627471 ], [ 43729.5, 5943443.025000000372529 ], [ 43729.724999999998545, 5943443.025000000372529 ], [ 43729.724999999998545, 5943442.950000000186265 ], [ 43729.875, 5943442.950000000186265 ], [ 43729.875, 5943442.875 ], [ 43730.025000000001455, 5943442.875 ], [ 43730.025000000001455, 5943442.799999999813735 ], [ 43730.25, 5943442.799999999813735 ], [ 43730.25, 5943442.724999999627471 ], [ 43730.474999999998545, 5943442.724999999627471 ], [ 43730.474999999998545, 5943442.650000000372529 ], [ 43730.69999999999709, 5943442.650000000372529 ], [ 43730.69999999999709, 5943442.575000000186265 ], [ 43730.92500000000291, 5943442.575000000186265 ], [ 43730.92500000000291, 5943442.5 ], [ 43731.150000000001455, 5943442.5 ], [ 43731.150000000001455, 5943442.424999999813735 ], [ 43731.375, 5943442.424999999813735 ], [ 43731.375, 5943442.349999999627471 ], [ 43731.67500000000291, 5943442.349999999627471 ], [ 43731.67500000000291, 5943442.275000000372529 ], [ 43731.974999999998545, 5943442.275000000372529 ], [ 43731.974999999998545, 5943442.200000000186265 ], [ 43732.19999999999709, 5943442.200000000186265 ], [ 43732.19999999999709, 5943442.125 ], [ 43732.5, 5943442.125 ], [ 43732.5, 5943442.049999999813735 ], [ 43732.80000000000291, 5943442.049999999813735 ], [ 43732.80000000000291, 5943441.974999999627471 ], [ 43733.474999999998545, 5943441.974999999627471 ], [ 43733.474999999998545, 5943441.900000000372529 ], [ 43734.07499999999709, 5943441.900000000372529 ], [ 43734.07499999999709, 5943441.825000000186265 ], [ 43734.67500000000291, 5943441.825000000186265 ], [ 43734.67500000000291, 5943441.75 ], [ 43740.67500000000291, 5943441.75 ], [ 43740.67500000000291, 5943441.674999999813735 ], [ 43740.75, 5943441.674999999813735 ], [ 43740.75, 5943441.599999999627471 ], [ 43740.82499999999709, 5943441.599999999627471 ], [ 43740.82499999999709, 5943441.525000000372529 ], [ 43740.900000000001455, 5943441.525000000372529 ], [ 43740.900000000001455, 5943441.375 ], [ 43740.974999999998545, 5943441.375 ], [ 43740.974999999998545, 5943441.299999999813735 ], [ 43741.05000000000291, 5943441.299999999813735 ], [ 43741.05000000000291, 5943441.224999999627471 ], [ 43741.125, 5943441.224999999627471 ], [ 43741.125, 5943441.150000000372529 ], [ 43741.19999999999709, 5943441.150000000372529 ], [ 43741.19999999999709, 5943441.0 ], [ 43741.275000000001455, 5943441.0 ], [ 43741.275000000001455, 5943440.924999999813735 ], [ 43741.349999999998545, 5943440.924999999813735 ], [ 43741.349999999998545, 5943440.849999999627471 ], [ 43741.42500000000291, 5943440.849999999627471 ], [ 43741.42500000000291, 5943440.775000000372529 ], [ 43741.5, 5943440.775000000372529 ], [ 43741.5, 5943440.700000000186265 ], [ 43741.57499999999709, 5943440.700000000186265 ], [ 43741.57499999999709, 5943440.549999999813735 ], [ 43741.650000000001455, 5943440.549999999813735 ], [ 43741.650000000001455, 5943440.474999999627471 ], [ 43741.724999999998545, 5943440.474999999627471 ], [ 43741.724999999998545, 5943440.400000000372529 ], [ 43741.80000000000291, 5943440.400000000372529 ], [ 43741.80000000000291, 5943440.325000000186265 ], [ 43741.875, 5943440.325000000186265 ], [ 43741.875, 5943440.25 ], [ 43741.94999999999709, 5943440.25 ], [ 43741.94999999999709, 5943440.174999999813735 ], [ 43742.025000000001455, 5943440.174999999813735 ], [ 43742.025000000001455, 5943440.025000000372529 ], [ 43742.099999999998545, 5943440.025000000372529 ], [ 43742.099999999998545, 5943439.950000000186265 ], [ 43742.17500000000291, 5943439.950000000186265 ], [ 43742.17500000000291, 5943439.875 ], [ 43742.25, 5943439.875 ], [ 43742.25, 5943439.799999999813735 ], [ 43742.32499999999709, 5943439.799999999813735 ], [ 43742.32499999999709, 5943439.724999999627471 ], [ 43742.400000000001455, 5943439.724999999627471 ], [ 43742.400000000001455, 5943439.650000000372529 ], [ 43742.474999999998545, 5943439.650000000372529 ], [ 43742.474999999998545, 5943439.575000000186265 ], [ 43742.55000000000291, 5943439.575000000186265 ], [ 43742.55000000000291, 5943439.424999999813735 ], [ 43742.625, 5943439.424999999813735 ], [ 43742.625, 5943439.349999999627471 ], [ 43742.69999999999709, 5943439.349999999627471 ], [ 43742.69999999999709, 5943439.200000000186265 ], [ 43742.775000000001455, 5943439.200000000186265 ], [ 43742.775000000001455, 5943439.125 ], [ 43742.849999999998545, 5943439.125 ], [ 43742.849999999998545, 5943438.974999999627471 ], [ 43742.92500000000291, 5943438.974999999627471 ], [ 43742.92500000000291, 5943438.900000000372529 ], [ 43743.0, 5943438.900000000372529 ], [ 43743.0, 5943438.75 ], [ 43743.07499999999709, 5943438.75 ], [ 43743.07499999999709, 5943438.674999999813735 ], [ 43743.150000000001455, 5943438.674999999813735 ], [ 43743.150000000001455, 5943438.525000000372529 ], [ 43743.224999999998545, 5943438.525000000372529 ], [ 43743.224999999998545, 5943438.450000000186265 ], [ 43743.30000000000291, 5943438.450000000186265 ], [ 43743.30000000000291, 5943438.299999999813735 ], [ 43743.375, 5943438.299999999813735 ], [ 43743.375, 5943438.224999999627471 ], [ 43743.44999999999709, 5943438.224999999627471 ], [ 43743.44999999999709, 5943438.150000000372529 ], [ 43743.525000000001455, 5943438.150000000372529 ], [ 43743.525000000001455, 5943438.0 ], [ 43743.599999999998545, 5943438.0 ], [ 43743.599999999998545, 5943437.924999999813735 ], [ 43743.67500000000291, 5943437.924999999813735 ], [ 43743.67500000000291, 5943437.849999999627471 ], [ 43743.75, 5943437.849999999627471 ], [ 43743.75, 5943437.700000000186265 ], [ 43743.82499999999709, 5943437.700000000186265 ], [ 43743.82499999999709, 5943437.625 ], [ 43743.900000000001455, 5943437.625 ], [ 43743.900000000001455, 5943437.549999999813735 ], [ 43743.974999999998545, 5943437.549999999813735 ], [ 43743.974999999998545, 5943437.474999999627471 ], [ 43744.05000000000291, 5943437.474999999627471 ], [ 43744.05000000000291, 5943437.400000000372529 ], [ 43744.125, 5943437.400000000372529 ], [ 43744.125, 5943437.325000000186265 ], [ 43744.19999999999709, 5943437.325000000186265 ], [ 43744.19999999999709, 5943437.25 ], [ 43744.275000000001455, 5943437.25 ], [ 43744.275000000001455, 5943437.174999999813735 ], [ 43744.349999999998545, 5943437.174999999813735 ], [ 43744.349999999998545, 5943437.099999999627471 ], [ 43744.42500000000291, 5943437.099999999627471 ], [ 43744.42500000000291, 5943437.025000000372529 ], [ 43744.5, 5943437.025000000372529 ], [ 43744.5, 5943436.950000000186265 ], [ 43744.57499999999709, 5943436.950000000186265 ], [ 43744.57499999999709, 5943436.875 ], [ 43744.650000000001455, 5943436.875 ], [ 43744.650000000001455, 5943436.799999999813735 ], [ 43744.80000000000291, 5943436.799999999813735 ], [ 43744.80000000000291, 5943436.724999999627471 ], [ 43744.875, 5943436.724999999627471 ], [ 43744.875, 5943436.650000000372529 ], [ 43745.025000000001455, 5943436.650000000372529 ], [ 43745.025000000001455, 5943436.575000000186265 ], [ 43745.099999999998545, 5943436.575000000186265 ], [ 43745.099999999998545, 5943436.5 ], [ 43745.25, 5943436.5 ], [ 43745.25, 5943436.424999999813735 ], [ 43745.32499999999709, 5943436.424999999813735 ], [ 43745.32499999999709, 5943436.349999999627471 ], [ 43745.474999999998545, 5943436.349999999627471 ], [ 43745.474999999998545, 5943436.275000000372529 ], [ 43745.55000000000291, 5943436.275000000372529 ], [ 43745.55000000000291, 5943436.200000000186265 ], [ 43745.69999999999709, 5943436.200000000186265 ], [ 43745.69999999999709, 5943436.125 ], [ 43745.849999999998545, 5943436.125 ], [ 43745.849999999998545, 5943436.049999999813735 ], [ 43746.0, 5943436.049999999813735 ], [ 43746.0, 5943435.974999999627471 ], [ 43746.150000000001455, 5943435.974999999627471 ], [ 43746.150000000001455, 5943435.900000000372529 ], [ 43746.224999999998545, 5943435.900000000372529 ], [ 43746.224999999998545, 5943435.825000000186265 ], [ 43746.375, 5943435.825000000186265 ], [ 43746.375, 5943435.75 ], [ 43746.525000000001455, 5943435.75 ], [ 43746.525000000001455, 5943435.674999999813735 ], [ 43746.67500000000291, 5943435.674999999813735 ], [ 43746.67500000000291, 5943435.599999999627471 ], [ 43746.82499999999709, 5943435.599999999627471 ], [ 43746.82499999999709, 5943435.525000000372529 ], [ 43746.974999999998545, 5943435.525000000372529 ], [ 43746.974999999998545, 5943435.450000000186265 ], [ 43747.125, 5943435.450000000186265 ], [ 43747.125, 5943435.375 ], [ 43747.19999999999709, 5943435.375 ], [ 43747.19999999999709, 5943435.299999999813735 ], [ 43747.275000000001455, 5943435.299999999813735 ], [ 43747.275000000001455, 5943435.224999999627471 ], [ 43747.42500000000291, 5943435.224999999627471 ], [ 43747.42500000000291, 5943435.150000000372529 ], [ 43747.5, 5943435.150000000372529 ], [ 43747.5, 5943435.075000000186265 ], [ 43747.650000000001455, 5943435.075000000186265 ], [ 43747.650000000001455, 5943435.0 ], [ 43747.80000000000291, 5943435.0 ], [ 43747.80000000000291, 5943434.924999999813735 ], [ 43747.875, 5943434.924999999813735 ], [ 43747.875, 5943434.849999999627471 ], [ 43748.025000000001455, 5943434.849999999627471 ], [ 43748.025000000001455, 5943434.775000000372529 ], [ 43748.17500000000291, 5943434.775000000372529 ], [ 43748.17500000000291, 5943434.700000000186265 ], [ 43748.32499999999709, 5943434.700000000186265 ], [ 43748.32499999999709, 5943434.625 ], [ 43748.849999999998545, 5943434.625 ], [ 43748.849999999998545, 5943434.700000000186265 ], [ 43749.974999999998545, 5943434.700000000186265 ], [ 43749.974999999998545, 5943434.775000000372529 ], [ 43750.5, 5943434.775000000372529 ], [ 43750.5, 5943434.849999999627471 ], [ 43750.57499999999709, 5943434.849999999627471 ], [ 43750.57499999999709, 5943434.924999999813735 ], [ 43750.724999999998545, 5943434.924999999813735 ], [ 43750.724999999998545, 5943435.0 ], [ 43750.80000000000291, 5943435.0 ], [ 43750.80000000000291, 5943435.075000000186265 ], [ 43750.94999999999709, 5943435.075000000186265 ], [ 43750.94999999999709, 5943435.150000000372529 ], [ 43751.025000000001455, 5943435.150000000372529 ], [ 43751.025000000001455, 5943435.224999999627471 ], [ 43751.17500000000291, 5943435.224999999627471 ], [ 43751.17500000000291, 5943435.299999999813735 ], [ 43751.25, 5943435.299999999813735 ], [ 43751.25, 5943435.375 ], [ 43751.32499999999709, 5943435.375 ], [ 43751.32499999999709, 5943435.450000000186265 ], [ 43751.474999999998545, 5943435.450000000186265 ], [ 43751.474999999998545, 5943435.525000000372529 ], [ 43751.55000000000291, 5943435.525000000372529 ], [ 43751.55000000000291, 5943435.599999999627471 ], [ 43751.69999999999709, 5943435.599999999627471 ], [ 43751.69999999999709, 5943435.674999999813735 ], [ 43751.849999999998545, 5943435.674999999813735 ], [ 43751.849999999998545, 5943435.75 ], [ 43751.92500000000291, 5943435.75 ], [ 43751.92500000000291, 5943435.825000000186265 ], [ 43752.07499999999709, 5943435.825000000186265 ], [ 43752.07499999999709, 5943435.900000000372529 ], [ 43752.224999999998545, 5943435.900000000372529 ], [ 43752.224999999998545, 5943435.974999999627471 ], [ 43752.375, 5943435.974999999627471 ], [ 43752.375, 5943436.049999999813735 ], [ 43752.525000000001455, 5943436.049999999813735 ], [ 43752.525000000001455, 5943436.125 ], [ 43752.67500000000291, 5943436.125 ], [ 43752.67500000000291, 5943436.200000000186265 ], [ 43752.82499999999709, 5943436.200000000186265 ], [ 43752.82499999999709, 5943436.275000000372529 ], [ 43752.974999999998545, 5943436.275000000372529 ], [ 43752.974999999998545, 5943436.349999999627471 ], [ 43753.05000000000291, 5943436.349999999627471 ], [ 43753.05000000000291, 5943436.424999999813735 ], [ 43753.19999999999709, 5943436.424999999813735 ], [ 43753.19999999999709, 5943436.5 ], [ 43753.349999999998545, 5943436.5 ], [ 43753.349999999998545, 5943436.575000000186265 ], [ 43753.42500000000291, 5943436.575000000186265 ], [ 43753.42500000000291, 5943436.650000000372529 ], [ 43753.57499999999709, 5943436.650000000372529 ], [ 43753.57499999999709, 5943436.724999999627471 ], [ 43753.650000000001455, 5943436.724999999627471 ], [ 43753.650000000001455, 5943436.799999999813735 ], [ 43753.80000000000291, 5943436.799999999813735 ], [ 43753.80000000000291, 5943436.875 ], [ 43753.875, 5943436.875 ], [ 43753.875, 5943436.950000000186265 ], [ 43753.94999999999709, 5943436.950000000186265 ], [ 43753.94999999999709, 5943437.025000000372529 ], [ 43754.099999999998545, 5943437.025000000372529 ], [ 43754.099999999998545, 5943437.099999999627471 ], [ 43754.17500000000291, 5943437.099999999627471 ], [ 43754.17500000000291, 5943437.174999999813735 ], [ 43754.25, 5943437.174999999813735 ], [ 43754.25, 5943437.25 ], [ 43754.32499999999709, 5943437.25 ], [ 43754.32499999999709, 5943437.325000000186265 ], [ 43754.474999999998545, 5943437.325000000186265 ], [ 43754.474999999998545, 5943437.400000000372529 ], [ 43754.55000000000291, 5943437.400000000372529 ], [ 43754.55000000000291, 5943437.474999999627471 ], [ 43754.625, 5943437.474999999627471 ], [ 43754.625, 5943437.549999999813735 ], [ 43754.69999999999709, 5943437.549999999813735 ], [ 43754.69999999999709, 5943437.625 ], [ 43754.775000000001455, 5943437.625 ], [ 43754.775000000001455, 5943437.700000000186265 ], [ 43754.849999999998545, 5943437.700000000186265 ], [ 43754.849999999998545, 5943437.775000000372529 ], [ 43754.92500000000291, 5943437.775000000372529 ], [ 43754.92500000000291, 5943437.924999999813735 ], [ 43755.0, 5943437.924999999813735 ], [ 43755.0, 5943438.0 ], [ 43755.07499999999709, 5943438.0 ], [ 43755.07499999999709, 5943438.075000000186265 ], [ 43755.150000000001455, 5943438.075000000186265 ], [ 43755.150000000001455, 5943438.150000000372529 ], [ 43755.224999999998545, 5943438.150000000372529 ], [ 43755.224999999998545, 5943438.224999999627471 ], [ 43755.30000000000291, 5943438.224999999627471 ], [ 43755.30000000000291, 5943438.299999999813735 ], [ 43755.375, 5943438.299999999813735 ], [ 43755.375, 5943438.375 ], [ 43755.44999999999709, 5943438.375 ], [ 43755.44999999999709, 5943438.450000000186265 ], [ 43755.525000000001455, 5943438.450000000186265 ], [ 43755.525000000001455, 5943438.525000000372529 ], [ 43755.599999999998545, 5943438.525000000372529 ], [ 43755.599999999998545, 5943438.599999999627471 ], [ 43755.67500000000291, 5943438.599999999627471 ], [ 43755.67500000000291, 5943438.674999999813735 ], [ 43755.75, 5943438.674999999813735 ], [ 43755.75, 5943438.75 ], [ 43755.82499999999709, 5943438.75 ], [ 43755.82499999999709, 5943438.825000000186265 ], [ 43755.900000000001455, 5943438.825000000186265 ], [ 43755.900000000001455, 5943438.974999999627471 ], [ 43755.974999999998545, 5943438.974999999627471 ], [ 43755.974999999998545, 5943439.049999999813735 ], [ 43756.05000000000291, 5943439.049999999813735 ], [ 43756.05000000000291, 5943439.125 ], [ 43756.125, 5943439.125 ], [ 43756.125, 5943439.200000000186265 ], [ 43756.19999999999709, 5943439.200000000186265 ], [ 43756.19999999999709, 5943439.275000000372529 ], [ 43756.275000000001455, 5943439.275000000372529 ], [ 43756.275000000001455, 5943439.349999999627471 ], [ 43756.349999999998545, 5943439.349999999627471 ], [ 43756.349999999998545, 5943439.424999999813735 ], [ 43756.42500000000291, 5943439.424999999813735 ], [ 43756.42500000000291, 5943439.575000000186265 ], [ 43756.5, 5943439.575000000186265 ], [ 43756.5, 5943439.650000000372529 ], [ 43756.57499999999709, 5943439.650000000372529 ], [ 43756.57499999999709, 5943439.724999999627471 ], [ 43756.650000000001455, 5943439.724999999627471 ], [ 43756.650000000001455, 5943439.875 ], [ 43756.724999999998545, 5943439.875 ], [ 43756.724999999998545, 5943439.950000000186265 ], [ 43756.80000000000291, 5943439.950000000186265 ], [ 43756.80000000000291, 5943440.099999999627471 ], [ 43756.875, 5943440.099999999627471 ], [ 43756.875, 5943440.174999999813735 ], [ 43756.94999999999709, 5943440.174999999813735 ], [ 43756.94999999999709, 5943440.325000000186265 ], [ 43757.025000000001455, 5943440.325000000186265 ], [ 43757.025000000001455, 5943440.400000000372529 ], [ 43757.099999999998545, 5943440.400000000372529 ], [ 43757.099999999998545, 5943440.549999999813735 ], [ 43757.17500000000291, 5943440.549999999813735 ], [ 43757.17500000000291, 5943440.625 ], [ 43757.25, 5943440.625 ], [ 43757.25, 5943440.775000000372529 ], [ 43757.32499999999709, 5943440.775000000372529 ], [ 43757.32499999999709, 5943440.924999999813735 ], [ 43757.400000000001455, 5943440.924999999813735 ], [ 43757.400000000001455, 5943441.0 ], [ 43757.474999999998545, 5943441.0 ], [ 43757.474999999998545, 5943441.150000000372529 ], [ 43757.55000000000291, 5943441.150000000372529 ], [ 43757.55000000000291, 5943441.299999999813735 ], [ 43757.625, 5943441.299999999813735 ], [ 43757.625, 5943441.674999999813735 ], [ 43757.69999999999709, 5943441.674999999813735 ], [ 43757.69999999999709, 5943442.049999999813735 ], [ 43757.775000000001455, 5943442.049999999813735 ], [ 43757.775000000001455, 5943442.424999999813735 ], [ 43757.849999999998545, 5943442.424999999813735 ], [ 43757.849999999998545, 5943442.799999999813735 ], [ 43757.92500000000291, 5943442.799999999813735 ], [ 43757.92500000000291, 5943443.099999999627471 ], [ 43758.0, 5943443.099999999627471 ], [ 43758.0, 5943443.400000000372529 ], [ 43757.92500000000291, 5943443.400000000372529 ], [ 43757.92500000000291, 5943443.849999999627471 ], [ 43757.849999999998545, 5943443.849999999627471 ], [ 43757.849999999998545, 5943444.299999999813735 ], [ 43757.775000000001455, 5943444.299999999813735 ], [ 43757.775000000001455, 5943444.75 ], [ 43757.69999999999709, 5943444.75 ], [ 43757.69999999999709, 5943445.275000000372529 ], [ 43757.625, 5943445.275000000372529 ], [ 43757.625, 5943445.799999999813735 ], [ 43757.55000000000291, 5943445.799999999813735 ], [ 43757.55000000000291, 5943446.325000000186265 ], [ 43757.474999999998545, 5943446.325000000186265 ], [ 43757.474999999998545, 5943446.849999999627471 ], [ 43757.400000000001455, 5943446.849999999627471 ], [ 43757.400000000001455, 5943447.375 ], [ 43757.32499999999709, 5943447.375 ], [ 43757.32499999999709, 5943447.974999999627471 ], [ 43757.25, 5943447.974999999627471 ], [ 43757.25, 5943448.575000000186265 ], [ 43757.17500000000291, 5943448.575000000186265 ], [ 43757.17500000000291, 5943449.099999999627471 ], [ 43757.099999999998545, 5943449.099999999627471 ], [ 43757.099999999998545, 5943449.325000000186265 ], [ 43757.025000000001455, 5943449.325000000186265 ], [ 43757.025000000001455, 5943449.549999999813735 ], [ 43756.94999999999709, 5943449.549999999813735 ], [ 43756.94999999999709, 5943449.775000000372529 ], [ 43756.875, 5943449.775000000372529 ], [ 43756.875, 5943449.924999999813735 ], [ 43756.80000000000291, 5943449.924999999813735 ], [ 43756.80000000000291, 5943450.150000000372529 ], [ 43756.724999999998545, 5943450.150000000372529 ], [ 43756.724999999998545, 5943450.375 ], [ 43756.650000000001455, 5943450.375 ], [ 43756.650000000001455, 5943450.525000000372529 ], [ 43756.57499999999709, 5943450.525000000372529 ], [ 43756.57499999999709, 5943450.75 ], [ 43756.5, 5943450.75 ], [ 43756.5, 5943450.900000000372529 ], [ 43756.42500000000291, 5943450.900000000372529 ], [ 43756.42500000000291, 5943451.049999999813735 ], [ 43756.349999999998545, 5943451.049999999813735 ], [ 43756.349999999998545, 5943451.200000000186265 ], [ 43756.275000000001455, 5943451.200000000186265 ], [ 43756.275000000001455, 5943451.275000000372529 ], [ 43756.19999999999709, 5943451.275000000372529 ], [ 43756.19999999999709, 5943451.349999999627471 ], [ 43756.125, 5943451.349999999627471 ], [ 43756.125, 5943451.424999999813735 ], [ 43756.05000000000291, 5943451.424999999813735 ], [ 43756.05000000000291, 5943451.5 ], [ 43755.974999999998545, 5943451.5 ], [ 43755.974999999998545, 5943451.575000000186265 ], [ 43755.900000000001455, 5943451.575000000186265 ], [ 43755.900000000001455, 5943451.650000000372529 ], [ 43755.82499999999709, 5943451.650000000372529 ], [ 43755.82499999999709, 5943451.724999999627471 ], [ 43755.75, 5943451.724999999627471 ], [ 43755.75, 5943451.799999999813735 ], [ 43755.67500000000291, 5943451.799999999813735 ], [ 43755.67500000000291, 5943451.950000000186265 ], [ 43755.599999999998545, 5943451.950000000186265 ], [ 43755.599999999998545, 5943452.025000000372529 ], [ 43755.525000000001455, 5943452.025000000372529 ], [ 43755.525000000001455, 5943452.099999999627471 ], [ 43755.44999999999709, 5943452.099999999627471 ], [ 43755.44999999999709, 5943452.174999999813735 ], [ 43755.375, 5943452.174999999813735 ], [ 43755.375, 5943452.25 ], [ 43755.30000000000291, 5943452.25 ], [ 43755.30000000000291, 5943452.400000000372529 ], [ 43755.224999999998545, 5943452.400000000372529 ], [ 43755.224999999998545, 5943452.474999999627471 ], [ 43755.150000000001455, 5943452.474999999627471 ], [ 43755.150000000001455, 5943452.549999999813735 ], [ 43755.07499999999709, 5943452.549999999813735 ], [ 43755.07499999999709, 5943452.700000000186265 ], [ 43755.0, 5943452.700000000186265 ], [ 43755.0, 5943452.775000000372529 ], [ 43754.92500000000291, 5943452.775000000372529 ], [ 43754.92500000000291, 5943452.924999999813735 ], [ 43754.849999999998545, 5943452.924999999813735 ], [ 43754.849999999998545, 5943453.0 ], [ 43754.775000000001455, 5943453.0 ], [ 43754.775000000001455, 5943453.075000000186265 ], [ 43754.69999999999709, 5943453.075000000186265 ], [ 43754.69999999999709, 5943453.224999999627471 ], [ 43754.625, 5943453.224999999627471 ], [ 43754.625, 5943453.299999999813735 ], [ 43754.55000000000291, 5943453.299999999813735 ], [ 43754.55000000000291, 5943453.375 ], [ 43754.474999999998545, 5943453.375 ], [ 43754.474999999998545, 5943453.450000000186265 ], [ 43754.400000000001455, 5943453.450000000186265 ], [ 43754.400000000001455, 5943453.525000000372529 ], [ 43754.32499999999709, 5943453.525000000372529 ], [ 43754.32499999999709, 5943453.599999999627471 ], [ 43754.25, 5943453.599999999627471 ], [ 43754.25, 5943453.674999999813735 ], [ 43754.17500000000291, 5943453.674999999813735 ], [ 43754.17500000000291, 5943453.75 ], [ 43754.025000000001455, 5943453.75 ], [ 43754.025000000001455, 5943453.825000000186265 ], [ 43753.94999999999709, 5943453.825000000186265 ], [ 43753.94999999999709, 5943453.900000000372529 ], [ 43753.875, 5943453.900000000372529 ], [ 43753.875, 5943453.974999999627471 ], [ 43753.80000000000291, 5943453.974999999627471 ], [ 43753.80000000000291, 5943454.049999999813735 ], [ 43753.724999999998545, 5943454.049999999813735 ], [ 43753.724999999998545, 5943454.125 ], [ 43753.650000000001455, 5943454.125 ], [ 43753.650000000001455, 5943454.275000000372529 ], [ 43753.57499999999709, 5943454.275000000372529 ], [ 43753.57499999999709, 5943454.349999999627471 ], [ 43753.5, 5943454.349999999627471 ], [ 43753.5, 5943454.424999999813735 ], [ 43753.42500000000291, 5943454.424999999813735 ], [ 43753.42500000000291, 5943454.5 ], [ 43753.349999999998545, 5943454.5 ], [ 43753.349999999998545, 5943454.575000000186265 ], [ 43753.275000000001455, 5943454.575000000186265 ], [ 43753.275000000001455, 5943454.650000000372529 ], [ 43753.19999999999709, 5943454.650000000372529 ], [ 43753.19999999999709, 5943454.799999999813735 ], [ 43753.125, 5943454.799999999813735 ], [ 43753.125, 5943454.875 ], [ 43753.05000000000291, 5943454.875 ], [ 43753.05000000000291, 5943454.950000000186265 ], [ 43752.974999999998545, 5943454.950000000186265 ], [ 43752.974999999998545, 5943455.099999999627471 ], [ 43752.900000000001455, 5943455.099999999627471 ], [ 43752.900000000001455, 5943455.174999999813735 ], [ 43752.82499999999709, 5943455.174999999813735 ], [ 43752.82499999999709, 5943455.25 ], [ 43752.75, 5943455.25 ], [ 43752.75, 5943455.325000000186265 ], [ 43752.67500000000291, 5943455.325000000186265 ], [ 43752.67500000000291, 5943455.400000000372529 ], [ 43752.599999999998545, 5943455.400000000372529 ], [ 43752.599999999998545, 5943455.474999999627471 ], [ 43752.525000000001455, 5943455.474999999627471 ], [ 43752.525000000001455, 5943455.549999999813735 ], [ 43752.44999999999709, 5943455.549999999813735 ], [ 43752.44999999999709, 5943455.625 ], [ 43752.375, 5943455.625 ], [ 43752.375, 5943455.700000000186265 ], [ 43752.224999999998545, 5943455.700000000186265 ], [ 43752.224999999998545, 5943455.775000000372529 ], [ 43752.150000000001455, 5943455.775000000372529 ], [ 43752.150000000001455, 5943455.849999999627471 ], [ 43752.07499999999709, 5943455.849999999627471 ], [ 43752.07499999999709, 5943455.924999999813735 ], [ 43752.0, 5943455.924999999813735 ], [ 43752.0, 5943456.0 ], [ 43751.92500000000291, 5943456.0 ], [ 43751.92500000000291, 5943456.075000000186265 ], [ 43751.775000000001455, 5943456.075000000186265 ], [ 43751.775000000001455, 5943456.150000000372529 ], [ 43751.69999999999709, 5943456.150000000372529 ], [ 43751.69999999999709, 5943456.224999999627471 ], [ 43751.625, 5943456.224999999627471 ], [ 43751.625, 5943456.299999999813735 ], [ 43751.55000000000291, 5943456.299999999813735 ], [ 43751.55000000000291, 5943456.375 ], [ 43751.474999999998545, 5943456.375 ], [ 43751.474999999998545, 5943456.450000000186265 ], [ 43751.400000000001455, 5943456.450000000186265 ], [ 43751.400000000001455, 5943456.525000000372529 ], [ 43751.32499999999709, 5943456.525000000372529 ], [ 43751.32499999999709, 5943456.674999999813735 ], [ 43751.25, 5943456.674999999813735 ], [ 43751.25, 5943456.75 ], [ 43751.17500000000291, 5943456.75 ], [ 43751.17500000000291, 5943456.825000000186265 ], [ 43751.099999999998545, 5943456.825000000186265 ], [ 43751.099999999998545, 5943456.900000000372529 ], [ 43751.025000000001455, 5943456.900000000372529 ], [ 43751.025000000001455, 5943457.049999999813735 ], [ 43750.94999999999709, 5943457.049999999813735 ], [ 43750.94999999999709, 5943457.125 ], [ 43750.875, 5943457.125 ], [ 43750.875, 5943457.275000000372529 ], [ 43750.80000000000291, 5943457.275000000372529 ], [ 43750.80000000000291, 5943457.349999999627471 ], [ 43750.724999999998545, 5943457.349999999627471 ], [ 43750.724999999998545, 5943457.424999999813735 ], [ 43750.650000000001455, 5943457.424999999813735 ], [ 43750.650000000001455, 5943457.5 ], [ 43750.57499999999709, 5943457.5 ], [ 43750.57499999999709, 5943457.650000000372529 ], [ 43750.5, 5943457.650000000372529 ], [ 43750.5, 5943457.724999999627471 ], [ 43750.42500000000291, 5943457.724999999627471 ], [ 43750.42500000000291, 5943457.799999999813735 ], [ 43750.349999999998545, 5943457.799999999813735 ], [ 43750.349999999998545, 5943457.875 ], [ 43750.275000000001455, 5943457.875 ], [ 43750.275000000001455, 5943457.950000000186265 ], [ 43750.19999999999709, 5943457.950000000186265 ], [ 43750.19999999999709, 5943458.025000000372529 ], [ 43750.125, 5943458.025000000372529 ], [ 43750.125, 5943458.099999999627471 ], [ 43750.05000000000291, 5943458.099999999627471 ], [ 43750.05000000000291, 5943458.174999999813735 ], [ 43749.974999999998545, 5943458.174999999813735 ], [ 43749.974999999998545, 5943458.25 ], [ 43749.900000000001455, 5943458.25 ], [ 43749.900000000001455, 5943458.325000000186265 ], [ 43749.82499999999709, 5943458.325000000186265 ], [ 43749.82499999999709, 5943458.400000000372529 ], [ 43749.75, 5943458.400000000372529 ], [ 43749.75, 5943458.474999999627471 ], [ 43749.67500000000291, 5943458.474999999627471 ], [ 43749.67500000000291, 5943458.549999999813735 ], [ 43749.599999999998545, 5943458.549999999813735 ], [ 43749.599999999998545, 5943458.625 ], [ 43749.525000000001455, 5943458.625 ], [ 43749.525000000001455, 5943458.700000000186265 ], [ 43749.44999999999709, 5943458.700000000186265 ], [ 43749.44999999999709, 5943458.849999999627471 ], [ 43749.375, 5943458.849999999627471 ], [ 43749.375, 5943458.924999999813735 ], [ 43749.30000000000291, 5943458.924999999813735 ], [ 43749.30000000000291, 5943459.075000000186265 ], [ 43749.224999999998545, 5943459.075000000186265 ], [ 43749.224999999998545, 5943459.224999999627471 ], [ 43749.150000000001455, 5943459.224999999627471 ], [ 43749.150000000001455, 5943459.299999999813735 ], [ 43749.07499999999709, 5943459.299999999813735 ], [ 43749.07499999999709, 5943459.450000000186265 ], [ 43749.0, 5943459.450000000186265 ], [ 43749.0, 5943459.525000000372529 ], [ 43748.92500000000291, 5943459.525000000372529 ], [ 43748.92500000000291, 5943459.599999999627471 ], [ 43748.849999999998545, 5943459.599999999627471 ], [ 43748.849999999998545, 5943459.75 ], [ 43748.775000000001455, 5943459.75 ], [ 43748.775000000001455, 5943459.825000000186265 ], [ 43748.69999999999709, 5943459.825000000186265 ], [ 43748.69999999999709, 5943459.900000000372529 ], [ 43748.625, 5943459.900000000372529 ], [ 43748.625, 5943459.974999999627471 ], [ 43748.55000000000291, 5943459.974999999627471 ], [ 43748.55000000000291, 5943460.049999999813735 ], [ 43748.474999999998545, 5943460.049999999813735 ], [ 43748.474999999998545, 5943460.125 ], [ 43748.400000000001455, 5943460.125 ], [ 43748.400000000001455, 5943460.200000000186265 ], [ 43748.32499999999709, 5943460.200000000186265 ], [ 43748.32499999999709, 5943460.275000000372529 ], [ 43748.17500000000291, 5943460.275000000372529 ], [ 43748.17500000000291, 5943460.349999999627471 ], [ 43748.099999999998545, 5943460.349999999627471 ], [ 43748.099999999998545, 5943460.424999999813735 ], [ 43747.94999999999709, 5943460.424999999813735 ], [ 43747.94999999999709, 5943460.5 ], [ 43747.875, 5943460.5 ], [ 43747.875, 5943460.575000000186265 ], [ 43747.724999999998545, 5943460.575000000186265 ], [ 43747.724999999998545, 5943460.650000000372529 ], [ 43747.57499999999709, 5943460.650000000372529 ], [ 43747.57499999999709, 5943460.724999999627471 ], [ 43747.5, 5943460.724999999627471 ], [ 43747.5, 5943460.799999999813735 ], [ 43747.349999999998545, 5943460.799999999813735 ], [ 43747.349999999998545, 5943460.875 ], [ 43747.275000000001455, 5943460.875 ], [ 43747.275000000001455, 5943460.950000000186265 ], [ 43747.125, 5943460.950000000186265 ], [ 43747.125, 5943461.025000000372529 ], [ 43747.05000000000291, 5943461.025000000372529 ], [ 43747.05000000000291, 5943461.099999999627471 ], [ 43746.974999999998545, 5943461.099999999627471 ], [ 43746.974999999998545, 5943461.174999999813735 ], [ 43746.82499999999709, 5943461.174999999813735 ], [ 43746.82499999999709, 5943461.25 ], [ 43746.67500000000291, 5943461.25 ], [ 43746.67500000000291, 5943461.325000000186265 ], [ 43746.599999999998545, 5943461.325000000186265 ], [ 43746.599999999998545, 5943461.400000000372529 ], [ 43746.44999999999709, 5943461.400000000372529 ], [ 43746.44999999999709, 5943461.474999999627471 ], [ 43746.30000000000291, 5943461.474999999627471 ], [ 43746.30000000000291, 5943461.549999999813735 ], [ 43746.07499999999709, 5943461.549999999813735 ], [ 43746.07499999999709, 5943461.625 ], [ 43745.92500000000291, 5943461.625 ], [ 43745.92500000000291, 5943461.700000000186265 ], [ 43745.69999999999709, 5943461.700000000186265 ], [ 43745.69999999999709, 5943461.775000000372529 ], [ 43745.474999999998545, 5943461.775000000372529 ], [ 43745.474999999998545, 5943461.849999999627471 ], [ 43745.25, 5943461.849999999627471 ], [ 43745.25, 5943461.924999999813735 ], [ 43744.94999999999709, 5943461.924999999813735 ], [ 43744.94999999999709, 5943462.0 ], [ 43744.650000000001455, 5943462.0 ], [ 43744.650000000001455, 5943462.075000000186265 ], [ 43744.349999999998545, 5943462.075000000186265 ], [ 43744.349999999998545, 5943462.150000000372529 ], [ 43743.900000000001455, 5943462.150000000372529 ], [ 43743.900000000001455, 5943462.224999999627471 ], [ 43743.525000000001455, 5943462.224999999627471 ], [ 43743.525000000001455, 5943462.299999999813735 ], [ 43743.0, 5943462.299999999813735 ], [ 43743.0, 5943462.375 ], [ 43741.125, 5943462.375 ] ] ] } },
{ "type": "Feature", "properties": { "value": 1.0, "building_id": 20, "area": 215.09999999972322 }, "geometry": { "type": "Polygon", "coordinates": [ [ [ 43820.25, 5943441.674999999813735 ], [ 43820.25, 5943441.599999999627471 ], [ 43819.57499999999709, 5943441.599999999627471 ], [ 43819.57499999999709, 5943441.525000000372529 ], [ 43818.974999999998545, 5943441.525000000372529 ], [ 43818.974999999998545, 5943441.450000000186265 ], [ 43818.67500000000291, 5943441.450000000186265 ], [ 43818.67500000000291, 5943441.375 ], [ 43818.525000000001455, 5943441.375 ], [ 43818.525000000001455, 5943441.299999999813735 ], [ 43818.375, 5943441.299999999813735 ], [ 43818.375, 5943441.224999999627471 ], [ 43818.224999999998545, 5943441.224999999627471 ], [ 43818.224999999998545, 5943441.150000000372529 ], [ 43818.07499999999709, 5943441.150000000372529 ], [ 43818.07499999999709, 5943441.075000000186265 ], [ 43817.92500000000291, 5943441.075000000186265 ], [ 43817.92500000000291, 5943441.0 ], [ 43817.775000000001455, 5943441.0 ], [ 43817.775000000001455, 5943440.924999999813735 ], [ 43817.625, 5943440.924999999813735 ], [ 43817.625, 5943440.849999999627471 ], [ 43817.474999999998545, 5943440.849999999627471 ], [ 43817.474999999998545, 5943440.775000000372529 ], [ 43817.25, 5943440.775000000372529 ], [ 43817.25, 5943440.700000000186265 ], [ 43817.025000000001455, 5943440.700000000186265 ], [ 43817.025000000001455, 5943440.625 ], [ 43816.875, 5943440.625 ], [ 43816.875, 5943440.549999999813735 ], [ 43816.650000000001455, 5943440.549999999813735 ], [ 43816.650000000001455, 5943440.474999999627471 ], [ 43816.42500000000291, 5943440.474999999627471 ], [ 43816.42500000000291, 5943440.400000000372529 ], [ 43816.275000000001455, 5943440.400000000372529 ], [ 43816.275000000001455, 5943440.325000000186265 ], [ 43816.125, 5943440.325000000186265 ], [ 43816.125, 5943440.25 ], [ 43815.974999999998545, 5943440.25 ], [ 43815.974999999998545, 5943440.174999999813735 ], [ 43815.82499999999709, 5943440.174999999813735 ], [ 43815.82499999999709, 5943440.099999999627471 ], [ 43815.67500000000291, 5943440.099999999627471 ], [ 43815.67500000000291, 5943440.025000000372529 ], [ 43815.525000000001455, 5943440.025000000372529 ], [ 43815.525000000001455, 5943439.950000000186265 ], [ 43815.44999999999709, 5943439.950000000186265 ], [ 43815.44999999999709, 5943439.875 ], [ 43815.30000000000291, 5943439.875 ], [ 43815.30000000000291, 5943439.799999999813735 ], [ 43815.224999999998545, 5943439.799999999813735 ], [ 43815.224999999998545, 5943439.724999999627471 ], [ 43815.07499999999709, 5943439.724999999627471 ], [ 43815.07499999999709, 5943439.650000000372529 ], [ 43815.0, 5943439.650000000372529 ], [ 43815.0, 5943439.575000000186265 ], [ 43814.92500000000291, 5943439.575000000186265 ], [ 43814.92500000000291, 5943439.5 ], [ 43814.775000000001455, 5943439.5 ], [ 43814.775000000001455, 5943439.424999999813735 ], [ 43814.69999999999709, 5943439.424999999813735 ], [ 43814.69999999999709, 5943439.349999999627471 ], [ 43814.625, 5943439.349999999627471 ], [ 43814.625, 5943439.275000000372529 ], [ 43814.474999999998545, 5943439.275000000372529 ], [ 43814.474999999998545, 5943439.200000000186265 ], [ 43814.400000000001455, 5943439.200000000186265 ], [ 43814.400000000001455, 5943439.125 ], [ 43814.32499999999709, 5943439.125 ], [ 43814.32499999999709, 5943439.049999999813735 ], [ 43814.17500000000291, 5943439.049999999813735 ], [ 43814.17500000000291, 5943438.974999999627471 ], [ 43814.099999999998545, 5943438.974999999627471 ], [ 43814.099999999998545, 5943438.900000000372529 ], [ 43814.025000000001455, 5943438.900000000372529 ], [ 43814.025000000001455, 5943438.825000000186265 ], [ 43813.875, 5943438.825000000186265 ], [ 43813.875, 5943438.75 ], [ 43813.80000000000291, 5943438.75 ], [ 43813.80000000000291, 5943438.674999999813735 ], [ 43813.724999999998545, 5943438.674999999813735 ], [ 43813.724999999998545, 5943438.599999999627471 ], [ 43813.57499999999709, 5943438.599999999627471 ], [ 43813.57499999999709, 5943438.525000000372529 ], [ 43813.5, 5943438.525000000372529 ], [ 43813.5, 5943438.450000000186265 ], [ 43813.42500000000291, 5943438.450000000186265 ], [ 43813.42500000000291, 5943438.375 ], [ 43813.349999999998545, 5943438.375 ], [ 43813.349999999998545, 5943438.299999999813735 ], [ 43813.19999999999709, 5943438.299999999813735 ], [ 43813.19999999999709, 5943438.224999999627471 ], [ 43813.125, 5943438.224999999627471 ], [ 43813.125, 5943438.150000000372529 ], [ 43813.05000000000291, 5943438.150000000372529 ], [ 43813.05000000000291, 5943438.075000000186265 ], [ 43812.900000000001455, 5943438.075000000186265 ], [ 43812.900000000001455, 5943438.0 ], [ 43812.82499999999709, 5943438.0 ], [ 43812.82499999999709, 5943437.924999999813735 ], [ 43812.75, 5943437.924999999813735 ], [ 43812.75, 5943437.849999999627471 ], [ 43812.599999999998545, 5943437.849999999627471 ], [ 43812.599999999998545, 5943437.775000000372529 ], [ 43812.525000000001455, 5943437.775000000372529 ], [ 43812.525000000001455, 5943437.700000000186265 ], [ 43812.44999999999709, 5943437.700000000186265 ], [ 43812.44999999999709, 5943437.625 ], [ 43812.375, 5943437.625 ], [ 43812.375, 5943437.549999999813735 ], [ 43812.30000000000291, 5943437.549999999813735 ], [ 43812.30000000000291, 5943437.474999999627471 ], [ 43812.224999999998545, 5943437.474999999627471 ], [ 43812.224999999998545, 5943437.325000000186265 ], [ 43812.150000000001455, 5943437.325000000186265 ], [ 43812.150000000001455, 5943437.25 ], [ 43812.07499999999709, 5943437.25 ], [ 43812.07499999999709, 5943437.174999999813735 ], [ 43812.0, 5943437.174999999813735 ], [ 43812.0, 5943437.099999999627471 ], [ 43811.92500000000291, 5943437.099999999627471 ], [ 43811.92500000000291, 5943437.025000000372529 ], [ 43811.849999999998545, 5943437.025000000372529 ], [ 43811.849999999998545, 5943436.950000000186265 ], [ 43811.775000000001455, 5943436.950000000186265 ], [ 43811.775000000001455, 5943436.875 ], [ 43811.69999999999709, 5943436.875 ], [ 43811.69999999999709, 5943436.799999999813735 ], [ 43811.625, 5943436.799999999813735 ], [ 43811.625, 5943436.724999999627471 ], [ 43811.55000000000291, 5943436.724999999627471 ], [ 43811.55000000000291, 5943436.650000000372529 ], [ 43811.474999999998545, 5943436.650000000372529 ], [ 43811.474999999998545, 5943436.575000000186265 ], [ 43811.400000000001455, 5943436.575000000186265 ], [ 43811.400000000001455, 5943436.5 ], [ 43811.32499999999709, 5943436.5 ], [ 43811.32499999999709, 5943436.424999999813735 ], [ 43811.25, 5943436.424999999813735 ], [ 43811.25, 5943436.349999999627471 ], [ 43811.099999999998545, 5943436.349999999627471 ], [ 43811.099999999998545, 5943436.275000000372529 ], [ 43811.025000000001455, 5943436.275000000372529 ], [ 43811.025000000001455, 5943436.200000000186265 ], [ 43810.94999999999709, 5943436.200000000186265 ], [ 43810.94999999999709, 5943436.125 ], [ 43810.875, 5943436.125 ], [ 43810.875, 5943436.049999999813735 ], [ 43810.724999999998545, 5943436.049999999813735 ], [ 43810.724999999998545, 5943435.974999999627471 ], [ 43810.650000000001455, 5943435.974999999627471 ], [ 43810.650000000001455, 5943435.900000000372529 ], [ 43810.57499999999709, 5943435.900000000372529 ], [ 43810.57499999999709, 5943435.825000000186265 ], [ 43810.5, 5943435.825000000186265 ], [ 43810.5, 5943435.75 ], [ 43810.42500000000291, 5943435.75 ], [ 43810.42500000000291, 5943435.674999999813735 ], [ 43810.349999999998545, 5943435.674999999813735 ], [ 43810.349999999998545, 5943435.599999999627471 ], [ 43810.275000000001455, 5943435.599999999627471 ], [ 43810.275000000001455, 5943435.525000000372529 ], [ 43810.19999999999709, 5943435.525000000372529 ], [ 43810.19999999999709, 5943435.450000000186265 ], [ 43810.125, 5943435.450000000186265 ], [ 43810.125, 5943435.224999999627471 ], [ 43810.05000000000291, 5943435.224999999627471 ], [ 43810.05000000000291, 5943434.924999999813735 ], [ 43809.974999999998545, 5943434.924999999813735 ], [ 43809.974999999998545, 5943434.625 ], [ 43809.900000000001455, 5943434.625 ], [ 43809.900000000001455, 5943434.325000000186265 ], [ 43809.82499999999709, 5943434.325000000186265 ], [ 43809.82499999999709, 5943434.025000000372529 ], [ 43809.75, 5943434.025000000372529 ], [ 43809.75, 5943433.650000000372529 ], [ 43809.67500000000291, 5943433.650000000372529 ], [ 43809.67500000000291, 5943433.424999999813735 ], [ 43809.75, 5943433.424999999813735 ], [ 43809.75, 5943433.200000000186265 ], [ 43809.82499999999709, 5943433.200000000186265 ], [ 43809.82499999999709, 5943433.049999999813735 ], [ 43809.900000000001455, 5943433.049999999813735 ], [ 43809.900000000001455, 5943432.825000000186265 ], [ 43809.974999999998545, 5943432.825000000186265 ], [ 43809.974999999998545, 5943432.674999999813735 ], [ 43810.05000000000291, 5943432.674999999813735 ], [ 43810.05000000000291, 5943432.450000000186265 ], [ 43810.125, 5943432.450000000186265 ], [ 43810.125, 5943432.299999999813735 ], [ 43810.19999999999709, 5943432.299999999813735 ], [ 43810.19999999999709, 5943432.150000000372529 ], [ 43810.275000000001455, 5943432.150000000372529 ], [ 43810.275000000001455, 5943431.924999999813735 ], [ 43810.349999999998545, 5943431.924999999813735 ], [ 43810.349999999998545, 5943431.775000000372529 ], [ 43810.42500000000291, 5943431.775000000372529 ], [ 43810.42500000000291, 5943431.625 ], [ 43810.5, 5943431.625 ], [ 43810.5, 5943431.474999999627471 ], [ 43810.57499999999709, 5943431.474999999627471 ], [ 43810.57499999999709, 5943431.25 ], [ 43810.650000000001455, 5943431.25 ], [ 43810.650000000001455, 5943431.099999999627471 ], [ 43810.724999999998545, 5943431.099999999627471 ], [ 43810.724999999998545, 5943430.950000000186265 ], [ 43810.80000000000291, 5943430.950000000186265 ], [ 43810.80000000000291, 5943430.875 ], [ 43810.875, 5943430.875 ], [ 43810.875, 5943430.724999999627471 ], [ 43810.94999999999709, 5943430.724999999627471 ], [ 43810.94999999999709, 5943430.575000000186265 ], [ 43811.025000000001455, 5943430.575000000186265 ], [ 43811.025000000001455, 5943430.424999999813735 ], [ 43811.099999999998545, 5943430.424999999813735 ], [ 43811.099999999998545, 5943430.275000000372529 ], [ 43811.17500000000291, 5943430.275000000372529 ], [ 43811.17500000000291, 5943430.125 ], [ 43811.25, 5943430.125 ], [ 43811.25, 5943429.974999999627471 ], [ 43811.32499999999709, 5943429.974999999627471 ], [ 43811.32499999999709, 5943429.825000000186265 ], [ 43811.400000000001455, 5943429.825000000186265 ], [ 43811.400000000001455, 5943429.674999999813735 ], [ 43811.474999999998545, 5943429.674999999813735 ], [ 43811.474999999998545, 5943429.525000000372529 ], [ 43811.55000000000291, 5943429.525000000372529 ], [ 43811.55000000000291, 5943429.375 ], [ 43811.625, 5943429.375 ], [ 43811.625, 5943429.224999999627471 ], [ 43811.69999999999709, 5943429.224999999627471 ], [ 43811.69999999999709, 5943429.075000000186265 ], [ 43811.775000000001455, 5943429.075000000186265 ], [ 43811.775000000001455, 5943428.924999999813735 ], [ 43811.849999999998545, 5943428.924999999813735 ], [ 43811.849999999998545, 5943428.775000000372529 ], [ 43811.92500000000291, 5943428.775000000372529 ], [ 43811.92500000000291, 5943428.625 ], [ 43812.0, 5943428.625 ], [ 43812.0, 5943428.549999999813735 ], [ 43812.07499999999709, 5943428.549999999813735 ], [ 43812.07499999999709, 5943428.400000000372529 ], [ 43812.150000000001455, 5943428.400000000372529 ], [ 43812.150000000001455, 5943428.325000000186265 ], [ 43812.224999999998545, 5943428.325000000186265 ], [ 43812.224999999998545, 5943428.174999999813735 ], [ 43812.30000000000291, 5943428.174999999813735 ], [ 43812.30000000000291, 5943428.099999999627471 ], [ 43812.375, 5943428.099999999627471 ], [ 43812.375, 5943427.950000000186265 ], [ 43812.44999999999709, 5943427.950000000186265 ], [ 43812.44999999999709, 5943427.875 ], [ 43812.525000000001455, 5943427.875 ], [ 43812.525000000001455, 5943427.799999999813735 ], [ 43812.599999999998545, 5943427.799999999813735 ], [ 43812.599999999998545, 5943427.724999999627471 ], [ 43812.67500000000291, 5943427.724999999627471 ], [ 43812.67500000000291, 5943427.650000000372529 ], [ 43812.900000000001455, 5943427.650000000372529 ], [ 43812.900000000001455, 5943427.575000000186265 ], [ 43812.974999999998545, 5943427.575000000186265 ], [ 43812.974999999998545, 5943427.5 ], [ 43813.125, 5943427.5 ], [ 43813.125, 5943427.424999999813735 ], [ 43813.19999999999709, 5943427.424999999813735 ], [ 43813.19999999999709, 5943427.349999999627471 ], [ 43813.349999999998545, 5943427.349999999627471 ], [ 43813.349999999998545, 5943427.275000000372529 ], [ 43813.42500000000291, 5943427.275000000372529 ], [ 43813.42500000000291, 5943427.200000000186265 ], [ 43813.57499999999709, 5943427.200000000186265 ], [ 43813.57499999999709, 5943427.125 ], [ 43813.724999999998545, 5943427.125 ], [ 43813.724999999998545, 5943427.049999999813735 ], [ 43813.875, 5943427.049999999813735 ], [ 43813.875, 5943426.974999999627471 ], [ 43814.025000000001455, 5943426.974999999627471 ], [ 43814.025000000001455, 5943426.900000000372529 ], [ 43814.25, 5943426.900000000372529 ], [ 43814.25, 5943426.825000000186265 ], [ 43814.474999999998545, 5943426.825000000186265 ], [ 43814.474999999998545, 5943426.75 ], [ 43814.69999999999709, 5943426.75 ], [ 43814.69999999999709, 5943426.674999999813735 ], [ 43814.92500000000291, 5943426.674999999813735 ], [ 43814.92500000000291, 5943426.599999999627471 ], [ 43815.150000000001455, 5943426.599999999627471 ], [ 43815.150000000001455, 5943426.525000000372529 ], [ 43815.44999999999709, 5943426.525000000372529 ], [ 43815.44999999999709, 5943426.450000000186265 ], [ 43815.82499999999709, 5943426.450000000186265 ], [ 43815.82499999999709, 5943426.375 ], [ 43816.19999999999709, 5943426.375 ], [ 43816.19999999999709, 5943426.299999999813735 ], [ 43816.57499999999709, 5943426.299999999813735 ], [ 43816.57499999999709, 5943426.224999999627471 ], [ 43817.025000000001455, 5943426.224999999627471 ], [ 43817.025000000001455, 5943426.150000000372529 ], [ 43817.474999999998545, 5943426.150000000372529 ], [ 43817.474999999998545, 5943426.075000000186265 ], [ 43818.07499999999709, 5943426.075000000186265 ], [ 43818.07499999999709, 5943426.0 ], [ 43818.599999999998545, 5943426.0 ], [ 43818.599999999998545, 5943425.924999999813735 ], [ 43818.974999999998545, 5943425.924999999813735 ], [ 43818.974999999998545, 5943426.0 ], [ 43819.94999999999709, 5943426.0 ], [ 43819.94999999999709, 5943426.075000000186265 ], [ 43820.69999999999709, 5943426.075000000186265 ], [ 43820.69999999999709, 5943426.150000000372529 ], [ 43820.92500000000291, 5943426.150000000372529 ], [ 43820.92500000000291, 5943426.224999999627471 ], [ 43821.150000000001455, 5943426.224999999627471 ], [ 43821.150000000001455, 5943426.299999999813735 ], [ 43821.30000000000291, 5943426.299999999813735 ], [ 43821.30000000000291, 5943426.375 ], [ 43821.525000000001455, 5943426.375 ], [ 43821.525000000001455, 5943426.450000000186265 ], [ 43821.67500000000291, 5943426.450000000186265 ], [ 43821.67500000000291, 5943426.525000000372529 ], [ 43821.75, 5943426.525000000372529 ], [ 43821.75, 5943426.599999999627471 ], [ 43821.900000000001455, 5943426.599999999627471 ], [ 43821.900000000001455, 5943426.674999999813735 ], [ 43822.05000000000291, 5943426.674999999813735 ], [ 43822.05000000000291, 5943426.75 ], [ 43822.125, 5943426.75 ], [ 43822.125, 5943426.825000000186265 ], [ 43822.275000000001455, 5943426.825000000186265 ], [ 43822.275000000001455, 5943426.900000000372529 ], [ 43822.349999999998545, 5943426.900000000372529 ], [ 43822.349999999998545, 5943426.974999999627471 ], [ 43822.5, 5943426.974999999627471 ], [ 43822.5, 5943427.049999999813735 ], [ 43822.57499999999709, 5943427.049999999813735 ], [ 43822.57499999999709, 5943427.125 ], [ 43822.650000000001455, 5943427.125 ], [ 43822.650000000001455, 5943427.200000000186265 ], [ 43822.724999999998545, 5943427.200000000186265 ], [ 43822.724999999998545, 5943427.275000000372529 ], [ 43822.80000000000291, 5943427.275000000372529 ], [ 43822.80000000000291, 5943427.349999999627471 ], [ 43822.875, 5943427.349999999627471 ], [ 43822.875, 5943427.424999999813735 ], [ 43822.94999999999709, 5943427.424999999813735 ], [ 43822.94999999999709, 5943427.575000000186265 ], [ 43823.025000000001455, 5943427.575000000186265 ], [ 43823.025000000001455, 5943427.650000000372529 ], [ 43823.099999999998545, 5943427.650000000372529 ], [ 43823.099999999998545, 5943427.724999999627471 ], [ 43823.25, 5943427.724999999627471 ], [ 43823.25, 5943427.799999999813735 ], [ 43823.32499999999709, 5943427.799999999813735 ], [ 43823.32499999999709, 5943427.875 ], [ 43823.474999999998545, 5943427.875 ], [ 43823.474999999998545, 5943427.950000000186265 ], [ 43823.625, 5943427.950000000186265 ], [ 43823.625, 5943428.025000000372529 ], [ 43823.69999999999709, 5943428.025000000372529 ], [ 43823.69999999999709, 5943428.099999999627471 ], [ 43823.849999999998545, 5943428.099999999627471 ], [ 43823.849999999998545, 5943428.174999999813735 ], [ 43823.92500000000291, 5943428.174999999813735 ], [ 43823.92500000000291, 5943428.25 ], [ 43824.07499999999709, 5943428.25 ], [ 43824.07499999999709, 5943428.325000000186265 ], [ 43824.224999999998545, 5943428.325000000186265 ], [ 43824.224999999998545, 5943428.400000000372529 ], [ 43824.30000000000291, 5943428.400000000372529 ], [ 43824.30000000000291, 5943428.474999999627471 ], [ 43824.44999999999709, 5943428.474999999627471 ], [ 43824.44999999999709, 5943428.549999999813735 ], [ 43824.599999999998545, 5943428.549999999813735 ], [ 43824.599999999998545, 5943428.625 ], [ 43824.67500000000291, 5943428.625 ], [ 43824.67500000000291, 5943428.700000000186265 ], [ 43824.82499999999709, 5943428.700000000186265 ], [ 43824.82499999999709, 5943428.775000000372529 ], [ 43824.900000000001455, 5943428.775000000372529 ], [ 43824.900000000001455, 5943428.849999999627471 ], [ 43824.974999999998545, 5943428.849999999627471 ], [ 43824.974999999998545, 5943428.924999999813735 ], [ 43825.125, 5943428.924999999813735 ], [ 43825.125, 5943429.0 ], [ 43825.19999999999709, 5943429.0 ], [ 43825.19999999999709, 5943429.075000000186265 ], [ 43825.275000000001455, 5943429.075000000186265 ], [ 43825.275000000001455, 5943429.150000000372529 ], [ 43825.349999999998545, 5943429.150000000372529 ], [ 43825.349999999998545, 5943429.224999999627471 ], [ 43825.42500000000291, 5943429.224999999627471 ], [ 43825.42500000000291, 5943429.299999999813735 ], [ 43825.5, 5943429.299999999813735 ], [ 43825.5, 5943429.450000000186265 ], [ 43825.57499999999709, 5943429.450000000186265 ], [ 43825.57499999999709, 5943429.525000000372529 ], [ 43825.650000000001455, 5943429.525000000372529 ], [ 43825.650000000001455, 5943429.599999999627471 ], [ 43825.724999999998545, 5943429.599999999627471 ], [ 43825.724999999998545, 5943429.75 ], [ 43825.80000000000291, 5943429.75 ], [ 43825.80000000000291, 5943429.825000000186265 ], [ 43825.875, 5943429.825000000186265 ], [ 43825.875, 5943429.974999999627471 ], [ 43825.94999999999709, 5943429.974999999627471 ], [ 43825.94999999999709, 5943430.049999999813735 ], [ 43826.025000000001455, 5943430.049999999813735 ], [ 43826.025000000001455, 5943430.125 ], [ 43826.099999999998545, 5943430.125 ], [ 43826.099999999998545, 5943430.275000000372529 ], [ 43826.17500000000291, 5943430.275000000372529 ], [ 43826.17500000000291, 5943430.349999999627471 ], [ 43826.25, 5943430.349999999627471 ], [ 43826.25, 5943430.424999999813735 ], [ 43826.32499999999709, 5943430.424999999813735 ], [ 43826.32499999999709, 5943430.5 ], [ 43826.400000000001455, 5943430.5 ], [ 43826.400000000001455, 5943430.650000000372529 ], [ 43826.474999999998545, 5943430.650000000372529 ], [ 43826.474999999998545, 5943430.724999999627471 ], [ 43826.55000000000291, 5943430.724999999627471 ], [ 43826.55000000000291, 5943430.799999999813735 ], [ 43826.625, 5943430.799999999813735 ], [ 43826.625, 5943430.875 ], [ 43826.69999999999709, 5943430.875 ], [ 43826.69999999999709, 5943430.950000000186265 ], [ 43826.775000000001455, 5943430.950000000186265 ], [ 43826.775000000001455, 5943431.025000000372529 ], [ 43826.849999999998545, 5943431.025000000372529 ], [ 43826.849999999998545, 5943431.099999999627471 ], [ 43826.92500000000291, 5943431.099999999627471 ], [ 43826.92500000000291, 5943431.174999999813735 ], [ 43827.0, 5943431.174999999813735 ], [ 43827.0, 5943431.25 ], [ 43827.07499999999709, 5943431.25 ], [ 43827.07499999999709, 5943431.325000000186265 ], [ 43827.150000000001455, 5943431.325000000186265 ], [ 43827.150000000001455, 5943431.474999999627471 ], [ 43827.224999999998545, 5943431.474999999627471 ], [ 43827.224999999998545, 5943431.549999999813735 ], [ 43827.30000000000291, 5943431.549999999813735 ], [ 43827.30000000000291, 5943431.700000000186265 ], [ 43827.375, 5943431.700000000186265 ], [ 43827.375, 5943431.775000000372529 ], [ 43827.44999999999709, 5943431.775000000372529 ], [ 43827.44999999999709, 5943431.924999999813735 ], [ 43827.525000000001455, 5943431.924999999813735 ], [ 43827.525000000001455, 5943432.075000000186265 ], [ 43827.599999999998545, 5943432.075000000186265 ], [ 43827.599999999998545, 5943432.150000000372529 ], [ 43827.67500000000291, 5943432.150000000372529 ], [ 43827.67500000000291, 5943432.299999999813735 ], [ 43827.75, 5943432.299999999813735 ], [ 43827.75, 5943432.375 ], [ 43827.82499999999709, 5943432.375 ], [ 43827.82499999999709, 5943432.525000000372529 ], [ 43827.900000000001455, 5943432.525000000372529 ], [ 43827.900000000001455, 5943432.599999999627471 ], [ 43827.974999999998545, 5943432.599999999627471 ], [ 43827.974999999998545, 5943432.75 ], [ 43828.05000000000291, 5943432.75 ], [ 43828.05000000000291, 5943432.825000000186265 ], [ 43828.125, 5943432.825000000186265 ], [ 43828.125, 5943432.974999999627471 ], [ 43828.19999999999709, 5943432.974999999627471 ], [ 43828.19999999999709, 5943433.049999999813735 ], [ 43828.275000000001455, 5943433.049999999813735 ], [ 43828.275000000001455, 5943433.125 ], [ 43828.349999999998545, 5943433.125 ], [ 43828.349999999998545, 5943433.200000000186265 ], [ 43828.42500000000291, 5943433.200000000186265 ], [ 43828.42500000000291, 5943433.349999999627471 ], [ 43828.5, 5943433.349999999627471 ], [ 43828.5, 5943433.424999999813735 ], [ 43828.650000000001455, 5943433.424999999813735 ], [ 43828.650000000001455, 5943433.650000000372529 ], [ 43828.724999999998545, 5943433.650000000372529 ], [ 43828.724999999998545, 5943433.950000000186265 ], [ 43828.80000000000291, 5943433.950000000186265 ], [ 43828.80000000000291, 5943434.174999999813735 ], [ 43828.875, 5943434.174999999813735 ], [ 43828.875, 5943434.474999999627471 ], [ 43828.94999999999709, 5943434.474999999627471 ], [ 43828.94999999999709, 5943434.700000000186265 ], [ 43829.025000000001455, 5943434.700000000186265 ], [ 43829.025000000001455, 5943434.924999999813735 ], [ 43829.099999999998545, 5943434.924999999813735 ], [ 43829.099999999998545, 5943435.150000000372529 ], [ 43829.17500000000291, 5943435.150000000372529 ], [ 43829.17500000000291, 5943435.375 ], [ 43829.25, 5943435.375 ], [ 43829.25, 5943435.450000000186265 ], [ 43829.17500000000291, 5943435.450000000186265 ], [ 43829.17500000000291, 5943435.525000000372529 ], [ 43829.099999999998545, 5943435.525000000372529 ], [ 43829.099999999998545, 5943435.599999999627471 ], [ 43829.025000000001455, 5943435.599999999627471 ], [ 43829.025000000001455, 5943435.674999999813735 ], [ 43828.94999999999709, 5943435.674999999813735 ], [ 43828.94999999999709, 5943435.75 ], [ 43828.875, 5943435.75 ], [ 43828.875, 5943435.825000000186265 ], [ 43828.80000000000291, 5943435.825000000186265 ], [ 43828.80000000000291, 5943435.900000000372529 ], [ 43828.724999999998545, 5943435.900000000372529 ], [ 43828.724999999998545, 5943435.974999999627471 ], [ 43828.650000000001455, 5943435.974999999627471 ], [ 43828.650000000001455, 5943436.049999999813735 ], [ 43828.5, 5943436.049999999813735 ], [ 43828.5, 5943436.200000000186265 ], [ 43828.42500000000291, 5943436.200000000186265 ], [ 43828.42500000000291, 5943436.349999999627471 ], [ 43828.349999999998545, 5943436.349999999627471 ], [ 43828.349999999998545, 5943436.5 ], [ 43828.275000000001455, 5943436.5 ], [ 43828.275000000001455, 5943436.575000000186265 ], [ 43828.19999999999709, 5943436.575000000186265 ], [ 43828.19999999999709, 5943436.724999999627471 ], [ 43828.125, 5943436.724999999627471 ], [ 43828.125, 5943436.875 ], [ 43828.05000000000291, 5943436.875 ], [ 43828.05000000000291, 5943437.025000000372529 ], [ 43827.974999999998545, 5943437.025000000372529 ], [ 43827.974999999998545, 5943437.174999999813735 ], [ 43827.900000000001455, 5943437.174999999813735 ], [ 43827.900000000001455, 5943437.325000000186265 ], [ 43827.82499999999709, 5943437.325000000186265 ], [ 43827.82499999999709, 5943437.474999999627471 ], [ 43827.75, 5943437.474999999627471 ], [ 43827.75, 5943437.625 ], [ 43827.67500000000291, 5943437.625 ], [ 43827.67500000000291, 5943437.775000000372529 ], [ 43827.599999999998545, 5943437.775000000372529 ], [ 43827.599999999998545, 5943437.849999999627471 ], [ 43827.525000000001455, 5943437.849999999627471 ], [ 43827.525000000001455, 5943437.924999999813735 ], [ 43827.44999999999709, 5943437.924999999813735 ], [ 43827.44999999999709, 5943438.075000000186265 ], [ 43827.375, 5943438.075000000186265 ], [ 43827.375, 5943438.150000000372529 ], [ 43827.30000000000291, 5943438.150000000372529 ], [ 43827.30000000000291, 5943438.224999999627471 ], [ 43827.224999999998545, 5943438.224999999627471 ], [ 43827.224999999998545, 5943438.299999999813735 ], [ 43827.150000000001455, 5943438.299999999813735 ], [ 43827.150000000001455, 5943438.375 ], [ 43827.07499999999709, 5943438.375 ], [ 43827.07499999999709, 5943438.450000000186265 ], [ 43827.0, 5943438.450000000186265 ], [ 43827.0, 5943438.525000000372529 ], [ 43826.92500000000291, 5943438.525000000372529 ], [ 43826.92500000000291, 5943438.599999999627471 ], [ 43826.849999999998545, 5943438.599999999627471 ], [ 43826.849999999998545, 5943438.674999999813735 ], [ 43826.775000000001455, 5943438.674999999813735 ], [ 43826.775000000001455, 5943438.75 ], [ 43826.625, 5943438.75 ], [ 43826.625, 5943438.825000000186265 ], [ 43826.55000000000291, 5943438.825000000186265 ], [ 43826.55000000000291, 5943438.900000000372529 ], [ 43826.474999999998545, 5943438.900000000372529 ], [ 43826.474999999998545, 5943438.974999999627471 ], [ 43826.400000000001455, 5943438.974999999627471 ], [ 43826.400000000001455, 5943439.125 ], [ 43826.32499999999709, 5943439.125 ], [ 43826.32499999999709, 5943439.200000000186265 ], [ 43826.25, 5943439.200000000186265 ], [ 43826.25, 5943439.275000000372529 ], [ 43826.17500000000291, 5943439.275000000372529 ], [ 43826.17500000000291, 5943439.349999999627471 ], [ 43826.099999999998545, 5943439.349999999627471 ], [ 43826.099999999998545, 5943439.5 ], [ 43826.025000000001455, 5943439.5 ], [ 43826.025000000001455, 5943439.650000000372529 ], [ 43825.875, 5943439.650000000372529 ], [ 43825.875, 5943439.724999999627471 ], [ 43825.80000000000291, 5943439.724999999627471 ], [ 43825.80000000000291, 5943439.799999999813735 ], [ 43825.650000000001455, 5943439.799999999813735 ], [ 43825.650000000001455, 5943439.875 ], [ 43825.57499999999709, 5943439.875 ], [ 43825.57499999999709, 5943439.950000000186265 ], [ 43825.42500000000291, 5943439.950000000186265 ], [ 43825.42500000000291, 5943440.025000000372529 ], [ 43825.275000000001455, 5943440.025000000372529 ], [ 43825.275000000001455, 5943440.099999999627471 ], [ 43825.125, 5943440.099999999627471 ], [ 43825.125, 5943440.174999999813735 ], [ 43824.974999999998545, 5943440.174999999813735 ], [ 43824.974999999998545, 5943440.25 ], [ 43824.82499999999709, 5943440.25 ], [ 43824.82499999999709, 5943440.325000000186265 ], [ 43824.67500000000291, 5943440.325000000186265 ], [ 43824.67500000000291, 5943440.400000000372529 ], [ 43824.44999999999709, 5943440.400000000372529 ], [ 43824.44999999999709, 5943440.474999999627471 ], [ 43824.150000000001455, 5943440.474999999627471 ], [ 43824.150000000001455, 5943440.549999999813735 ], [ 43823.92500000000291, 5943440.549999999813735 ], [ 43823.92500000000291, 5943440.625 ], [ 43823.69999999999709, 5943440.625 ], [ 43823.69999999999709, 5943440.700000000186265 ], [ 43823.474999999998545, 5943440.700000000186265 ], [ 43823.474999999998545, 5943440.775000000372529 ], [ 43823.25, 5943440.775000000372529 ], [ 43823.25, 5943440.849999999627471 ], [ 43822.94999999999709, 5943440.849999999627471 ], [ 43822.94999999999709, 5943440.924999999813735 ], [ 43822.724999999998545, 5943440.924999999813735 ], [ 43822.724999999998545, 5943441.0 ], [ 43822.5, 5943441.0 ], [ 43822.5, 5943441.075000000186265 ], [ 43822.275000000001455, 5943441.075000000186265 ], [ 43822.275000000001455, 5943441.150000000372529 ], [ 43822.05000000000291, 5943441.150000000372529 ], [ 43822.05000000000291, 5943441.224999999627471 ], [ 43821.82499999999709, 5943441.224999999627471 ], [ 43821.82499999999709, 5943441.299999999813735 ], [ 43821.67500000000291, 5943441.299999999813735 ], [ 43821.67500000000291, 5943441.375 ], [ 43821.525000000001455, 5943441.375 ], [ 43821.525000000001455, 5943441.450000000186265 ], [ 43821.30000000000291, 5943441.450000000186265 ], [ 43821.30000000000291, 5943441.525000000372529 ], [ 43821.07499999999709, 5943441.525000000372529 ], [ 43821.07499999999709, 5943441.599999999627471 ], [ 43820.849999999998545, 5943441.599999999627471 ], [ 43820.849999999998545, 5943441.674999999813735 ], [ 43820.25, 5943441.674999999813735 ] ] ] } },
{ "type": "Feature", "properties": { "value": 1.0, "building_id": 21, "area": 342.1012500005325 }, "geometry": { "type": "Polygon", "coordinates": [ [ [ 43953.224999999998545, 5943431.775000000372529 ], [ 43953.224999999998545, 5943431.700000000186265 ], [ 43952.92500000000291, 5943431.700000000186265 ], [ 43952.92500000000291, 5943431.625 ], [ 43952.625, 5943431.625 ], [ 43952.625, 5943431.549999999813735 ], [ 43952.400000000001455, 5943431.549999999813735 ], [ 43952.400000000001455, 5943431.474999999627471 ], [ 43952.099999999998545, 5943431.474999999627471 ], [ 43952.099999999998545, 5943431.400000000372529 ], [ 43951.80000000000291, 5943431.400000000372529 ], [ 43951.80000000000291, 5943431.325000000186265 ], [ 43951.5, 5943431.325000000186265 ], [ 43951.5, 5943431.25 ], [ 43951.275000000001455, 5943431.25 ], [ 43951.275000000001455, 5943431.174999999813735 ], [ 43951.05000000000291, 5943431.174999999813735 ], [ 43951.05000000000291, 5943431.099999999627471 ], [ 43950.82499999999709, 5943431.099999999627471 ], [ 43950.82499999999709, 5943431.025000000372529 ], [ 43950.599999999998545, 5943431.025000000372529 ], [ 43950.599999999998545, 5943430.950000000186265 ], [ 43950.375, 5943430.950000000186265 ], [ 43950.375, 5943430.875 ], [ 43950.150000000001455, 5943430.875 ], [ 43950.150000000001455, 5943430.799999999813735 ], [ 43949.92500000000291, 5943430.799999999813735 ], [ 43949.92500000000291, 5943430.724999999627471 ], [ 43949.69999999999709, 5943430.724999999627471 ], [ 43949.69999999999709, 5943430.650000000372529 ], [ 43949.474999999998545, 5943430.650000000372529 ], [ 43949.474999999998545, 5943430.575000000186265 ], [ 43949.25, 5943430.575000000186265 ], [ 43949.25, 5943430.5 ], [ 43949.099999999998545, 5943430.5 ], [ 43949.099999999998545, 5943430.424999999813735 ], [ 43948.94999999999709, 5943430.424999999813735 ], [ 43948.94999999999709, 5943430.349999999627471 ], [ 43948.80000000000291, 5943430.349999999627471 ], [ 43948.80000000000291, 5943430.275000000372529 ], [ 43948.650000000001455, 5943430.275000000372529 ], [ 43948.650000000001455, 5943430.200000000186265 ], [ 43948.5, 5943430.200000000186265 ], [ 43948.5, 5943430.125 ], [ 43948.42500000000291, 5943430.125 ], [ 43948.42500000000291, 5943430.049999999813735 ], [ 43948.275000000001455, 5943430.049999999813735 ], [ 43948.275000000001455, 5943429.974999999627471 ], [ 43948.19999999999709, 5943429.974999999627471 ], [ 43948.19999999999709, 5943429.900000000372529 ], [ 43948.05000000000291, 5943429.900000000372529 ], [ 43948.05000000000291, 5943429.825000000186265 ], [ 43947.974999999998545, 5943429.825000000186265 ], [ 43947.974999999998545, 5943429.75 ], [ 43947.900000000001455, 5943429.75 ], [ 43947.900000000001455, 5943429.674999999813735 ], [ 43947.82499999999709, 5943429.674999999813735 ], [ 43947.82499999999709, 5943429.599999999627471 ], [ 43947.67500000000291, 5943429.599999999627471 ], [ 43947.67500000000291, 5943429.525000000372529 ], [ 43947.525000000001455, 5943429.525000000372529 ], [ 43947.525000000001455, 5943429.450000000186265 ], [ 43947.375, 5943429.450000000186265 ], [ 43947.375, 5943429.375 ], [ 43947.224999999998545, 5943429.375 ], [ 43947.224999999998545, 5943429.299999999813735 ], [ 43947.07499999999709, 5943429.299999999813735 ], [ 43947.07499999999709, 5943429.224999999627471 ], [ 43946.92500000000291, 5943429.224999999627471 ], [ 43946.92500000000291, 5943429.150000000372529 ], [ 43946.775000000001455, 5943429.150000000372529 ], [ 43946.775000000001455, 5943429.075000000186265 ], [ 43946.625, 5943429.075000000186265 ], [ 43946.625, 5943429.0 ], [ 43946.474999999998545, 5943429.0 ], [ 43946.474999999998545, 5943428.924999999813735 ], [ 43946.400000000001455, 5943428.924999999813735 ], [ 43946.400000000001455, 5943428.849999999627471 ], [ 43946.32499999999709, 5943428.849999999627471 ], [ 43946.32499999999709, 5943428.775000000372529 ], [ 43946.25, 5943428.775000000372529 ], [ 43946.25, 5943428.625 ], [ 43946.17500000000291, 5943428.625 ], [ 43946.17500000000291, 5943428.400000000372529 ], [ 43946.099999999998545, 5943428.400000000372529 ], [ 43946.099999999998545, 5943428.099999999627471 ], [ 43946.025000000001455, 5943428.099999999627471 ], [ 43946.025000000001455, 5943427.650000000372529 ], [ 43945.94999999999709, 5943427.650000000372529 ], [ 43945.94999999999709, 5943427.424999999813735 ], [ 43945.875, 5943427.424999999813735 ], [ 43945.875, 5943427.275000000372529 ], [ 43945.80000000000291, 5943427.275000000372529 ], [ 43945.80000000000291, 5943427.125 ], [ 43945.724999999998545, 5943427.125 ], [ 43945.724999999998545, 5943426.900000000372529 ], [ 43945.650000000001455, 5943426.900000000372529 ], [ 43945.650000000001455, 5943426.825000000186265 ], [ 43945.57499999999709, 5943426.825000000186265 ], [ 43945.57499999999709, 5943426.674999999813735 ], [ 43945.5, 5943426.674999999813735 ], [ 43945.5, 5943426.525000000372529 ], [ 43945.42500000000291, 5943426.525000000372529 ], [ 43945.42500000000291, 5943426.375 ], [ 43945.349999999998545, 5943426.375 ], [ 43945.349999999998545, 5943426.224999999627471 ], [ 43945.275000000001455, 5943426.224999999627471 ], [ 43945.275000000001455, 5943426.075000000186265 ], [ 43945.19999999999709, 5943426.075000000186265 ], [ 43945.19999999999709, 5943425.924999999813735 ], [ 43945.125, 5943425.924999999813735 ], [ 43945.125, 5943425.700000000186265 ], [ 43945.05000000000291, 5943425.700000000186265 ], [ 43945.05000000000291, 5943425.474999999627471 ], [ 43944.974999999998545, 5943425.474999999627471 ], [ 43944.974999999998545, 5943425.325000000186265 ], [ 43944.900000000001455, 5943425.325000000186265 ], [ 43944.900000000001455, 5943425.099999999627471 ], [ 43944.82499999999709, 5943425.099999999627471 ], [ 43944.82499999999709, 5943424.875 ], [ 43944.75, 5943424.875 ], [ 43944.75, 5943424.650000000372529 ], [ 43944.67500000000291, 5943424.650000000372529 ], [ 43944.67500000000291, 5943424.5 ], [ 43944.599999999998545, 5943424.5 ], [ 43944.599999999998545, 5943424.275000000372529 ], [ 43944.525000000001455, 5943424.275000000372529 ], [ 43944.525000000001455, 5943424.125 ], [ 43944.44999999999709, 5943424.125 ], [ 43944.44999999999709, 5943423.900000000372529 ], [ 43944.375, 5943423.900000000372529 ], [ 43944.375, 5943423.674999999813735 ], [ 43944.30000000000291, 5943423.674999999813735 ], [ 43944.30000000000291, 5943423.450000000186265 ], [ 43944.224999999998545, 5943423.450000000186265 ], [ 43944.224999999998545, 5943423.224999999627471 ], [ 43944.150000000001455, 5943423.224999999627471 ], [ 43944.150000000001455, 5943423.0 ], [ 43944.07499999999709, 5943423.0 ], [ 43944.07499999999709, 5943422.25 ], [ 43944.150000000001455, 5943422.25 ], [ 43944.150000000001455, 5943421.799999999813735 ], [ 43944.224999999998545, 5943421.799999999813735 ], [ 43944.224999999998545, 5943421.424999999813735 ], [ 43944.30000000000291, 5943421.424999999813735 ], [ 43944.30000000000291, 5943421.049999999813735 ], [ 43944.375, 5943421.049999999813735 ], [ 43944.375, 5943420.674999999813735 ], [ 43944.44999999999709, 5943420.674999999813735 ], [ 43944.44999999999709, 5943420.224999999627471 ], [ 43944.525000000001455, 5943420.224999999627471 ], [ 43944.525000000001455, 5943419.775000000372529 ], [ 43944.599999999998545, 5943419.775000000372529 ], [ 43944.599999999998545, 5943419.625 ], [ 43944.67500000000291, 5943419.625 ], [ 43944.67500000000291, 5943419.400000000372529 ], [ 43944.75, 5943419.400000000372529 ], [ 43944.75, 5943419.25 ], [ 43944.82499999999709, 5943419.25 ], [ 43944.82499999999709, 5943419.099999999627471 ], [ 43944.900000000001455, 5943419.099999999627471 ], [ 43944.900000000001455, 5943418.950000000186265 ], [ 43944.974999999998545, 5943418.950000000186265 ], [ 43944.974999999998545, 5943418.724999999627471 ], [ 43945.05000000000291, 5943418.724999999627471 ], [ 43945.05000000000291, 5943418.575000000186265 ], [ 43945.125, 5943418.575000000186265 ], [ 43945.125, 5943418.424999999813735 ], [ 43945.19999999999709, 5943418.424999999813735 ], [ 43945.19999999999709, 5943418.275000000372529 ], [ 43945.275000000001455, 5943418.275000000372529 ], [ 43945.275000000001455, 5943418.200000000186265 ], [ 43945.349999999998545, 5943418.200000000186265 ], [ 43945.349999999998545, 5943418.049999999813735 ], [ 43945.42500000000291, 5943418.049999999813735 ], [ 43945.42500000000291, 5943417.900000000372529 ], [ 43945.5, 5943417.900000000372529 ], [ 43945.5, 5943417.825000000186265 ], [ 43945.57499999999709, 5943417.825000000186265 ], [ 43945.57499999999709, 5943417.75 ], [ 43945.650000000001455, 5943417.75 ], [ 43945.650000000001455, 5943417.674999999813735 ], [ 43945.724999999998545, 5943417.674999999813735 ], [ 43945.724999999998545, 5943417.599999999627471 ], [ 43945.80000000000291, 5943417.599999999627471 ], [ 43945.80000000000291, 5943417.525000000372529 ], [ 43945.875, 5943417.525000000372529 ], [ 43945.875, 5943417.450000000186265 ], [ 43945.94999999999709, 5943417.450000000186265 ], [ 43945.94999999999709, 5943417.375 ], [ 43946.025000000001455, 5943417.375 ], [ 43946.025000000001455, 5943417.299999999813735 ], [ 43946.099999999998545, 5943417.299999999813735 ], [ 43946.099999999998545, 5943417.224999999627471 ], [ 43946.17500000000291, 5943417.224999999627471 ], [ 43946.17500000000291, 5943417.150000000372529 ], [ 43946.25, 5943417.150000000372529 ], [ 43946.25, 5943417.075000000186265 ], [ 43946.32499999999709, 5943417.075000000186265 ], [ 43946.32499999999709, 5943417.0 ], [ 43946.474999999998545, 5943417.0 ], [ 43946.474999999998545, 5943416.924999999813735 ], [ 43946.55000000000291, 5943416.924999999813735 ], [ 43946.55000000000291, 5943416.849999999627471 ], [ 43946.625, 5943416.849999999627471 ], [ 43946.625, 5943416.775000000372529 ], [ 43946.69999999999709, 5943416.775000000372529 ], [ 43946.69999999999709, 5943416.700000000186265 ], [ 43946.775000000001455, 5943416.700000000186265 ], [ 43946.775000000001455, 5943416.625 ], [ 43946.849999999998545, 5943416.625 ], [ 43946.849999999998545, 5943416.549999999813735 ], [ 43946.92500000000291, 5943416.549999999813735 ], [ 43946.92500000000291, 5943416.474999999627471 ], [ 43947.0, 5943416.474999999627471 ], [ 43947.0, 5943416.400000000372529 ], [ 43947.07499999999709, 5943416.400000000372529 ], [ 43947.07499999999709, 5943416.325000000186265 ], [ 43947.224999999998545, 5943416.325000000186265 ], [ 43947.224999999998545, 5943416.25 ], [ 43947.30000000000291, 5943416.25 ], [ 43947.30000000000291, 5943416.174999999813735 ], [ 43947.375, 5943416.174999999813735 ], [ 43947.375, 5943416.099999999627471 ], [ 43947.44999999999709, 5943416.099999999627471 ], [ 43947.44999999999709, 5943416.025000000372529 ], [ 43947.525000000001455, 5943416.025000000372529 ], [ 43947.525000000001455, 5943415.950000000186265 ], [ 43947.599999999998545, 5943415.950000000186265 ], [ 43947.599999999998545, 5943415.875 ], [ 43947.67500000000291, 5943415.875 ], [ 43947.67500000000291, 5943415.799999999813735 ], [ 43947.75, 5943415.799999999813735 ], [ 43947.75, 5943415.724999999627471 ], [ 43947.82499999999709, 5943415.724999999627471 ], [ 43947.82499999999709, 5943415.650000000372529 ], [ 43947.900000000001455, 5943415.650000000372529 ], [ 43947.900000000001455, 5943415.575000000186265 ], [ 43947.974999999998545, 5943415.575000000186265 ], [ 43947.974999999998545, 5943415.5 ], [ 43948.05000000000291, 5943415.5 ], [ 43948.05000000000291, 5943415.424999999813735 ], [ 43948.125, 5943415.424999999813735 ], [ 43948.125, 5943415.349999999627471 ], [ 43948.19999999999709, 5943415.349999999627471 ], [ 43948.19999999999709, 5943415.275000000372529 ], [ 43948.275000000001455, 5943415.275000000372529 ], [ 43948.275000000001455, 5943415.200000000186265 ], [ 43948.349999999998545, 5943415.200000000186265 ], [ 43948.349999999998545, 5943415.125 ], [ 43948.42500000000291, 5943415.125 ], [ 43948.42500000000291, 5943415.049999999813735 ], [ 43948.5, 5943415.049999999813735 ], [ 43948.5, 5943414.974999999627471 ], [ 43948.650000000001455, 5943414.974999999627471 ], [ 43948.650000000001455, 5943414.900000000372529 ], [ 43948.724999999998545, 5943414.900000000372529 ], [ 43948.724999999998545, 5943414.825000000186265 ], [ 43948.80000000000291, 5943414.825000000186265 ], [ 43948.80000000000291, 5943414.75 ], [ 43948.94999999999709, 5943414.75 ], [ 43948.94999999999709, 5943414.674999999813735 ], [ 43949.025000000001455, 5943414.674999999813735 ], [ 43949.025000000001455, 5943414.599999999627471 ], [ 43949.099999999998545, 5943414.599999999627471 ], [ 43949.099999999998545, 5943414.525000000372529 ], [ 43949.25, 5943414.525000000372529 ], [ 43949.25, 5943414.450000000186265 ], [ 43949.32499999999709, 5943414.450000000186265 ], [ 43949.32499999999709, 5943414.375 ], [ 43949.474999999998545, 5943414.375 ], [ 43949.474999999998545, 5943414.299999999813735 ], [ 43949.625, 5943414.299999999813735 ], [ 43949.625, 5943414.224999999627471 ], [ 43949.69999999999709, 5943414.224999999627471 ], [ 43949.69999999999709, 5943414.150000000372529 ], [ 43949.775000000001455, 5943414.150000000372529 ], [ 43949.775000000001455, 5943414.075000000186265 ], [ 43949.849999999998545, 5943414.075000000186265 ], [ 43949.849999999998545, 5943414.0 ], [ 43949.92500000000291, 5943414.0 ], [ 43949.92500000000291, 5943413.924999999813735 ], [ 43950.0, 5943413.924999999813735 ], [ 43950.0, 5943413.849999999627471 ], [ 43950.07499999999709, 5943413.849999999627471 ], [ 43950.07499999999709, 5943413.775000000372529 ], [ 43950.150000000001455, 5943413.775000000372529 ], [ 43950.150000000001455, 5943413.700000000186265 ], [ 43950.224999999998545, 5943413.700000000186265 ], [ 43950.224999999998545, 5943413.625 ], [ 43950.30000000000291, 5943413.625 ], [ 43950.30000000000291, 5943413.549999999813735 ], [ 43950.375, 5943413.549999999813735 ], [ 43950.375, 5943413.474999999627471 ], [ 43950.44999999999709, 5943413.474999999627471 ], [ 43950.44999999999709, 5943413.400000000372529 ], [ 43950.525000000001455, 5943413.400000000372529 ], [ 43950.525000000001455, 5943413.325000000186265 ], [ 43950.599999999998545, 5943413.325000000186265 ], [ 43950.599999999998545, 5943413.25 ], [ 43950.67500000000291, 5943413.25 ], [ 43950.67500000000291, 5943413.174999999813735 ], [ 43950.75, 5943413.174999999813735 ], [ 43950.75, 5943413.099999999627471 ], [ 43950.900000000001455, 5943413.099999999627471 ], [ 43950.900000000001455, 5943413.025000000372529 ], [ 43950.974999999998545, 5943413.025000000372529 ], [ 43950.974999999998545, 5943412.950000000186265 ], [ 43951.05000000000291, 5943412.950000000186265 ], [ 43951.05000000000291, 5943412.875 ], [ 43951.19999999999709, 5943412.875 ], [ 43951.19999999999709, 5943412.799999999813735 ], [ 43951.349999999998545, 5943412.799999999813735 ], [ 43951.349999999998545, 5943412.724999999627471 ], [ 43951.42500000000291, 5943412.724999999627471 ], [ 43951.42500000000291, 5943412.650000000372529 ], [ 43951.650000000001455, 5943412.650000000372529 ], [ 43951.650000000001455, 5943412.575000000186265 ], [ 43951.94999999999709, 5943412.575000000186265 ], [ 43951.94999999999709, 5943412.5 ], [ 43952.25, 5943412.5 ], [ 43952.25, 5943412.424999999813735 ], [ 43952.625, 5943412.424999999813735 ], [ 43952.625, 5943412.349999999627471 ], [ 43952.92500000000291, 5943412.349999999627471 ], [ 43952.92500000000291, 5943412.275000000372529 ], [ 43953.30000000000291, 5943412.275000000372529 ], [ 43953.30000000000291, 5943412.200000000186265 ], [ 43953.974999999998545, 5943412.200000000186265 ], [ 43953.974999999998545, 5943412.275000000372529 ], [ 43954.5, 5943412.275000000372529 ], [ 43954.5, 5943412.349999999627471 ], [ 43955.17500000000291, 5943412.349999999627471 ], [ 43955.17500000000291, 5943412.424999999813735 ], [ 43955.775000000001455, 5943412.424999999813735 ], [ 43955.775000000001455, 5943412.5 ], [ 43956.30000000000291, 5943412.5 ], [ 43956.30000000000291, 5943412.575000000186265 ], [ 43956.900000000001455, 5943412.575000000186265 ], [ 43956.900000000001455, 5943412.650000000372529 ], [ 43957.5, 5943412.650000000372529 ], [ 43957.5, 5943412.724999999627471 ], [ 43958.025000000001455, 5943412.724999999627471 ], [ 43958.025000000001455, 5943412.799999999813735 ], [ 43958.625, 5943412.799999999813735 ], [ 43958.625, 5943412.875 ], [ 43959.150000000001455, 5943412.875 ], [ 43959.150000000001455, 5943412.950000000186265 ], [ 43959.44999999999709, 5943412.950000000186265 ], [ 43959.44999999999709, 5943413.025000000372529 ], [ 43959.599999999998545, 5943413.025000000372529 ], [ 43959.599999999998545, 5943413.099999999627471 ], [ 43959.75, 5943413.099999999627471 ], [ 43959.75, 5943413.174999999813735 ], [ 43959.900000000001455, 5943413.174999999813735 ], [ 43959.900000000001455, 5943413.25 ], [ 43959.974999999998545, 5943413.25 ], [ 43959.974999999998545, 5943413.325000000186265 ], [ 43960.125, 5943413.325000000186265 ], [ 43960.125, 5943413.400000000372529 ], [ 43960.19999999999709, 5943413.400000000372529 ], [ 43960.19999999999709, 5943413.474999999627471 ], [ 43960.349999999998545, 5943413.474999999627471 ], [ 43960.349999999998545, 5943413.549999999813735 ], [ 43960.42500000000291, 5943413.549999999813735 ], [ 43960.42500000000291, 5943413.625 ], [ 43960.57499999999709, 5943413.625 ], [ 43960.57499999999709, 5943413.700000000186265 ], [ 43960.650000000001455, 5943413.700000000186265 ], [ 43960.650000000001455, 5943413.775000000372529 ], [ 43960.724999999998545, 5943413.775000000372529 ], [ 43960.724999999998545, 5943413.849999999627471 ], [ 43960.80000000000291, 5943413.849999999627471 ], [ 43960.80000000000291, 5943413.924999999813735 ], [ 43960.875, 5943413.924999999813735 ], [ 43960.875, 5943414.0 ], [ 43960.94999999999709, 5943414.0 ], [ 43960.94999999999709, 5943414.075000000186265 ], [ 43961.099999999998545, 5943414.075000000186265 ], [ 43961.099999999998545, 5943414.150000000372529 ], [ 43961.17500000000291, 5943414.150000000372529 ], [ 43961.17500000000291, 5943414.224999999627471 ], [ 43961.25, 5943414.224999999627471 ], [ 43961.25, 5943414.299999999813735 ], [ 43961.32499999999709, 5943414.299999999813735 ], [ 43961.32499999999709, 5943414.375 ], [ 43961.400000000001455, 5943414.375 ], [ 43961.400000000001455, 5943414.450000000186265 ], [ 43961.474999999998545, 5943414.450000000186265 ], [ 43961.474999999998545, 5943414.525000000372529 ], [ 43961.55000000000291, 5943414.525000000372529 ], [ 43961.55000000000291, 5943414.599999999627471 ], [ 43961.625, 5943414.599999999627471 ], [ 43961.625, 5943414.674999999813735 ], [ 43961.69999999999709, 5943414.674999999813735 ], [ 43961.69999999999709, 5943414.75 ], [ 43961.775000000001455, 5943414.75 ], [ 43961.775000000001455, 5943414.825000000186265 ], [ 43961.849999999998545, 5943414.825000000186265 ], [ 43961.849999999998545, 5943414.900000000372529 ], [ 43961.92500000000291, 5943414.900000000372529 ], [ 43961.92500000000291, 5943414.974999999627471 ], [ 43962.0, 5943414.974999999627471 ], [ 43962.0, 5943415.125 ], [ 43962.07499999999709, 5943415.125 ], [ 43962.07499999999709, 5943415.200000000186265 ], [ 43962.150000000001455, 5943415.200000000186265 ], [ 43962.150000000001455, 5943415.275000000372529 ], [ 43962.224999999998545, 5943415.275000000372529 ], [ 43962.224999999998545, 5943415.424999999813735 ], [ 43962.30000000000291, 5943415.424999999813735 ], [ 43962.30000000000291, 5943415.5 ], [ 43962.375, 5943415.5 ], [ 43962.375, 5943415.650000000372529 ], [ 43962.44999999999709, 5943415.650000000372529 ], [ 43962.44999999999709, 5943415.724999999627471 ], [ 43962.525000000001455, 5943415.724999999627471 ], [ 43962.525000000001455, 5943415.875 ], [ 43962.599999999998545, 5943415.875 ], [ 43962.599999999998545, 5943416.025000000372529 ], [ 43962.67500000000291, 5943416.025000000372529 ], [ 43962.67500000000291, 5943416.099999999627471 ], [ 43962.75, 5943416.099999999627471 ], [ 43962.75, 5943416.174999999813735 ], [ 43962.82499999999709, 5943416.174999999813735 ], [ 43962.82499999999709, 5943416.325000000186265 ], [ 43962.900000000001455, 5943416.325000000186265 ], [ 43962.900000000001455, 5943416.400000000372529 ], [ 43962.974999999998545, 5943416.400000000372529 ], [ 43962.974999999998545, 5943416.474999999627471 ], [ 43963.05000000000291, 5943416.474999999627471 ], [ 43963.05000000000291, 5943416.549999999813735 ], [ 43963.125, 5943416.549999999813735 ], [ 43963.125, 5943416.625 ], [ 43963.19999999999709, 5943416.625 ], [ 43963.19999999999709, 5943416.700000000186265 ], [ 43963.275000000001455, 5943416.700000000186265 ], [ 43963.275000000001455, 5943416.775000000372529 ], [ 43963.349999999998545, 5943416.775000000372529 ], [ 43963.349999999998545, 5943416.849999999627471 ], [ 43963.42500000000291, 5943416.849999999627471 ], [ 43963.42500000000291, 5943416.924999999813735 ], [ 43963.5, 5943416.924999999813735 ], [ 43963.5, 5943417.0 ], [ 43963.57499999999709, 5943417.0 ], [ 43963.57499999999709, 5943417.075000000186265 ], [ 43963.650000000001455, 5943417.075000000186265 ], [ 43963.650000000001455, 5943417.224999999627471 ], [ 43963.724999999998545, 5943417.224999999627471 ], [ 43963.724999999998545, 5943417.299999999813735 ], [ 43963.80000000000291, 5943417.299999999813735 ], [ 43963.80000000000291, 5943417.375 ], [ 43963.875, 5943417.375 ], [ 43963.875, 5943417.525000000372529 ], [ 43963.94999999999709, 5943417.525000000372529 ], [ 43963.94999999999709, 5943417.599999999627471 ], [ 43964.025000000001455, 5943417.599999999627471 ], [ 43964.025000000001455, 5943417.75 ], [ 43964.099999999998545, 5943417.75 ], [ 43964.099999999998545, 5943417.900000000372529 ], [ 43964.17500000000291, 5943417.900000000372529 ], [ 43964.17500000000291, 5943418.125 ], [ 43964.25, 5943418.125 ], [ 43964.25, 5943418.275000000372529 ], [ 43964.32499999999709, 5943418.275000000372529 ], [ 43964.32499999999709, 5943418.5 ], [ 43964.400000000001455, 5943418.5 ], [ 43964.400000000001455, 5943418.650000000372529 ], [ 43964.474999999998545, 5943418.650000000372529 ], [ 43964.474999999998545, 5943418.799999999813735 ], [ 43964.55000000000291, 5943418.799999999813735 ], [ 43964.55000000000291, 5943418.950000000186265 ], [ 43964.625, 5943418.950000000186265 ], [ 43964.625, 5943419.099999999627471 ], [ 43964.69999999999709, 5943419.099999999627471 ], [ 43964.69999999999709, 5943419.25 ], [ 43964.775000000001455, 5943419.25 ], [ 43964.775000000001455, 5943419.400000000372529 ], [ 43964.849999999998545, 5943419.400000000372529 ], [ 43964.849999999998545, 5943419.549999999813735 ], [ 43964.92500000000291, 5943419.549999999813735 ], [ 43964.92500000000291, 5943419.700000000186265 ], [ 43965.0, 5943419.700000000186265 ], [ 43965.0, 5943419.775000000372529 ], [ 43965.07499999999709, 5943419.775000000372529 ], [ 43965.07499999999709, 5943419.924999999813735 ], [ 43965.150000000001455, 5943419.924999999813735 ], [ 43965.150000000001455, 5943420.075000000186265 ], [ 43965.224999999998545, 5943420.075000000186265 ], [ 43965.224999999998545, 5943420.224999999627471 ], [ 43965.30000000000291, 5943420.224999999627471 ], [ 43965.30000000000291, 5943420.375 ], [ 43965.375, 5943420.375 ], [ 43965.375, 5943420.599999999627471 ], [ 43965.44999999999709, 5943420.599999999627471 ], [ 43965.44999999999709, 5943420.75 ], [ 43965.525000000001455, 5943420.75 ], [ 43965.525000000001455, 5943420.900000000372529 ], [ 43965.599999999998545, 5943420.900000000372529 ], [ 43965.599999999998545, 5943421.125 ], [ 43965.67500000000291, 5943421.125 ], [ 43965.67500000000291, 5943421.349999999627471 ], [ 43965.75, 5943421.349999999627471 ], [ 43965.75, 5943421.575000000186265 ], [ 43965.82499999999709, 5943421.575000000186265 ], [ 43965.82499999999709, 5943421.799999999813735 ], [ 43965.900000000001455, 5943421.799999999813735 ], [ 43965.900000000001455, 5943422.099999999627471 ], [ 43965.974999999998545, 5943422.099999999627471 ], [ 43965.974999999998545, 5943422.325000000186265 ], [ 43966.05000000000291, 5943422.325000000186265 ], [ 43966.05000000000291, 5943422.625 ], [ 43966.125, 5943422.625 ], [ 43966.125, 5943422.849999999627471 ], [ 43966.19999999999709, 5943422.849999999627471 ], [ 43966.19999999999709, 5943423.150000000372529 ], [ 43966.275000000001455, 5943423.150000000372529 ], [ 43966.275000000001455, 5943423.375 ], [ 43966.349999999998545, 5943423.375 ], [ 43966.349999999998545, 5943423.674999999813735 ], [ 43966.42500000000291, 5943423.674999999813735 ], [ 43966.42500000000291, 5943423.900000000372529 ], [ 43966.5, 5943423.900000000372529 ], [ 43966.5, 5943424.125 ], [ 43966.57499999999709, 5943424.125 ], [ 43966.57499999999709, 5943424.349999999627471 ], [ 43966.650000000001455, 5943424.349999999627471 ], [ 43966.650000000001455, 5943424.5 ], [ 43966.724999999998545, 5943424.5 ], [ 43966.724999999998545, 5943424.724999999627471 ], [ 43966.80000000000291, 5943424.724999999627471 ], [ 43966.80000000000291, 5943424.875 ], [ 43966.875, 5943424.875 ], [ 43966.875, 5943425.025000000372529 ], [ 43966.94999999999709, 5943425.025000000372529 ], [ 43966.94999999999709, 5943425.174999999813735 ], [ 43967.025000000001455, 5943425.174999999813735 ], [ 43967.025000000001455, 5943425.325000000186265 ], [ 43967.099999999998545, 5943425.325000000186265 ], [ 43967.099999999998545, 5943425.474999999627471 ], [ 43967.17500000000291, 5943425.474999999627471 ], [ 43967.17500000000291, 5943425.625 ], [ 43967.25, 5943425.625 ], [ 43967.25, 5943425.849999999627471 ], [ 43967.17500000000291, 5943425.849999999627471 ], [ 43967.17500000000291, 5943426.075000000186265 ], [ 43967.099999999998545, 5943426.075000000186265 ], [ 43967.099999999998545, 5943426.375 ], [ 43967.025000000001455, 5943426.375 ], [ 43967.025000000001455, 5943426.674999999813735 ], [ 43966.94999999999709, 5943426.674999999813735 ], [ 43966.94999999999709, 5943426.974999999627471 ], [ 43966.875, 5943426.974999999627471 ], [ 43966.875, 5943427.349999999627471 ], [ 43966.80000000000291, 5943427.349999999627471 ], [ 43966.80000000000291, 5943427.650000000372529 ], [ 43966.724999999998545, 5943427.650000000372529 ], [ 43966.724999999998545, 5943427.724999999627471 ], [ 43966.650000000001455, 5943427.724999999627471 ], [ 43966.650000000001455, 5943427.799999999813735 ], [ 43966.57499999999709, 5943427.799999999813735 ], [ 43966.57499999999709, 5943427.950000000186265 ], [ 43966.5, 5943427.950000000186265 ], [ 43966.5, 5943428.025000000372529 ], [ 43966.42500000000291, 5943428.025000000372529 ], [ 43966.42500000000291, 5943428.099999999627471 ], [ 43966.349999999998545, 5943428.099999999627471 ], [ 43966.349999999998545, 5943428.174999999813735 ], [ 43966.275000000001455, 5943428.174999999813735 ], [ 43966.275000000001455, 5943428.25 ], [ 43966.19999999999709, 5943428.25 ], [ 43966.19999999999709, 5943428.325000000186265 ], [ 43966.125, 5943428.325000000186265 ], [ 43966.125, 5943428.400000000372529 ], [ 43966.05000000000291, 5943428.400000000372529 ], [ 43966.05000000000291, 5943428.474999999627471 ], [ 43965.900000000001455, 5943428.474999999627471 ], [ 43965.900000000001455, 5943428.549999999813735 ], [ 43965.82499999999709, 5943428.549999999813735 ], [ 43965.82499999999709, 5943428.625 ], [ 43965.75, 5943428.625 ], [ 43965.75, 5943428.700000000186265 ], [ 43965.599999999998545, 5943428.700000000186265 ], [ 43965.599999999998545, 5943428.775000000372529 ], [ 43965.525000000001455, 5943428.775000000372529 ], [ 43965.525000000001455, 5943428.849999999627471 ], [ 43965.375, 5943428.849999999627471 ], [ 43965.375, 5943428.924999999813735 ], [ 43965.30000000000291, 5943428.924999999813735 ], [ 43965.30000000000291, 5943429.0 ], [ 43965.150000000001455, 5943429.0 ], [ 43965.150000000001455, 5943429.075000000186265 ], [ 43965.07499999999709, 5943429.075000000186265 ], [ 43965.07499999999709, 5943429.150000000372529 ], [ 43964.92500000000291, 5943429.150000000372529 ], [ 43964.92500000000291, 5943429.224999999627471 ], [ 43964.849999999998545, 5943429.224999999627471 ], [ 43964.849999999998545, 5943429.299999999813735 ], [ 43964.775000000001455, 5943429.299999999813735 ], [ 43964.775000000001455, 5943429.375 ], [ 43964.625, 5943429.375 ], [ 43964.625, 5943429.450000000186265 ], [ 43964.55000000000291, 5943429.450000000186265 ], [ 43964.55000000000291, 5943429.525000000372529 ], [ 43964.474999999998545, 5943429.525000000372529 ], [ 43964.474999999998545, 5943429.599999999627471 ], [ 43964.400000000001455, 5943429.599999999627471 ], [ 43964.400000000001455, 5943429.674999999813735 ], [ 43964.32499999999709, 5943429.674999999813735 ], [ 43964.32499999999709, 5943429.75 ], [ 43964.25, 5943429.75 ], [ 43964.25, 5943429.825000000186265 ], [ 43964.099999999998545, 5943429.825000000186265 ], [ 43964.099999999998545, 5943429.900000000372529 ], [ 43964.025000000001455, 5943429.900000000372529 ], [ 43964.025000000001455, 5943429.974999999627471 ], [ 43963.875, 5943429.974999999627471 ], [ 43963.875, 5943430.049999999813735 ], [ 43963.80000000000291, 5943430.049999999813735 ], [ 43963.80000000000291, 5943430.125 ], [ 43963.650000000001455, 5943430.125 ], [ 43963.650000000001455, 5943430.200000000186265 ], [ 43963.5, 5943430.200000000186265 ], [ 43963.5, 5943430.275000000372529 ], [ 43963.349999999998545, 5943430.275000000372529 ], [ 43963.349999999998545, 5943430.349999999627471 ], [ 43963.125, 5943430.349999999627471 ], [ 43963.125, 5943430.424999999813735 ], [ 43962.900000000001455, 5943430.424999999813735 ], [ 43962.900000000001455, 5943430.5 ], [ 43962.67500000000291, 5943430.5 ], [ 43962.67500000000291, 5943430.575000000186265 ], [ 43962.375, 5943430.575000000186265 ], [ 43962.375, 5943430.650000000372529 ], [ 43962.150000000001455, 5943430.650000000372529 ], [ 43962.150000000001455, 5943430.724999999627471 ], [ 43961.849999999998545, 5943430.724999999627471 ], [ 43961.849999999998545, 5943430.799999999813735 ], [ 43961.625, 5943430.799999999813735 ], [ 43961.625, 5943430.875 ], [ 43961.400000000001455, 5943430.875 ], [ 43961.400000000001455, 5943430.950000000186265 ], [ 43961.025000000001455, 5943430.950000000186265 ], [ 43961.025000000001455, 5943431.025000000372529 ], [ 43960.650000000001455, 5943431.025000000372529 ], [ 43960.650000000001455, 5943431.099999999627471 ], [ 43960.349999999998545, 5943431.099999999627471 ], [ 43960.349999999998545, 5943431.174999999813735 ], [ 43959.974999999998545, 5943431.174999999813735 ], [ 43959.974999999998545, 5943431.25 ], [ 43959.67500000000291, 5943431.25 ], [ 43959.67500000000291, 5943431.325000000186265 ], [ 43959.44999999999709, 5943431.325000000186265 ], [ 43959.44999999999709, 5943431.400000000372529 ], [ 43958.55000000000291, 5943431.400000000372529 ], [ 43958.55000000000291, 5943431.474999999627471 ], [ 43957.57499999999709, 5943431.474999999627471 ], [ 43957.57499999999709, 5943431.549999999813735 ], [ 43956.599999999998545, 5943431.549999999813735 ], [ 43956.599999999998545, 5943431.625 ], [ 43955.625, 5943431.625 ], [ 43955.625, 5943431.700000000186265 ], [ 43954.57499999999709, 5943431.700000000186265 ], [ 43954.57499999999709, 5943431.775000000372529 ], [ 43953.224999999998545, 5943431.775000000372529 ] ] ] } },
{ "type": "Feature", "properties": { "value": 1.0, "building_id": 22, "area": 403.22249999984655 }, "geometry": { "type": "Polygon", "coordinates": [ [ [ 43732.724999999998545, 5943430.049999999813735 ], [ 43732.724999999998545, 5943429.974999999627471 ], [ 43732.42500000000291, 5943429.974999999627471 ], [ 43732.42500000000291, 5943429.900000000372529 ], [ 43732.19999999999709, 5943429.900000000372529 ], [ 43732.19999999999709, 5943429.825000000186265 ], [ 43731.900000000001455, 5943429.825000000186265 ], [ 43731.900000000001455, 5943429.75 ], [ 43731.67500000000291, 5943429.75 ], [ 43731.67500000000291, 5943429.674999999813735 ], [ 43731.44999999999709, 5943429.674999999813735 ], [ 43731.44999999999709, 5943429.599999999627471 ], [ 43731.30000000000291, 5943429.599999999627471 ], [ 43731.30000000000291, 5943429.525000000372529 ], [ 43731.07499999999709, 5943429.525000000372529 ], [ 43731.07499999999709, 5943429.450000000186265 ], [ 43730.775000000001455, 5943429.450000000186265 ], [ 43730.775000000001455, 5943429.375 ], [ 43730.32499999999709, 5943429.375 ], [ 43730.32499999999709, 5943429.299999999813735 ], [ 43730.025000000001455, 5943429.299999999813735 ], [ 43730.025000000001455, 5943429.224999999627471 ], [ 43729.94999999999709, 5943429.224999999627471 ], [ 43729.94999999999709, 5943429.150000000372529 ], [ 43729.875, 5943429.150000000372529 ], [ 43729.875, 5943429.075000000186265 ], [ 43729.80000000000291, 5943429.075000000186265 ], [ 43729.80000000000291, 5943428.924999999813735 ], [ 43729.724999999998545, 5943428.924999999813735 ], [ 43729.724999999998545, 5943428.700000000186265 ], [ 43729.650000000001455, 5943428.700000000186265 ], [ 43729.650000000001455, 5943428.474999999627471 ], [ 43729.57499999999709, 5943428.474999999627471 ], [ 43729.57499999999709, 5943428.174999999813735 ], [ 43729.5, 5943428.174999999813735 ], [ 43729.5, 5943427.724999999627471 ], [ 43729.42500000000291, 5943427.724999999627471 ], [ 43729.42500000000291, 5943427.349999999627471 ], [ 43729.349999999998545, 5943427.349999999627471 ], [ 43729.349999999998545, 5943426.974999999627471 ], [ 43729.275000000001455, 5943426.974999999627471 ], [ 43729.275000000001455, 5943426.674999999813735 ], [ 43729.19999999999709, 5943426.674999999813735 ], [ 43729.19999999999709, 5943426.375 ], [ 43729.125, 5943426.375 ], [ 43729.125, 5943426.075000000186265 ], [ 43729.05000000000291, 5943426.075000000186265 ], [ 43729.05000000000291, 5943425.775000000372529 ], [ 43728.974999999998545, 5943425.775000000372529 ], [ 43728.974999999998545, 5943425.549999999813735 ], [ 43728.900000000001455, 5943425.549999999813735 ], [ 43728.900000000001455, 5943425.25 ], [ 43728.82499999999709, 5943425.25 ], [ 43728.82499999999709, 5943424.950000000186265 ], [ 43728.75, 5943424.950000000186265 ], [ 43728.75, 5943424.650000000372529 ], [ 43728.67500000000291, 5943424.650000000372529 ], [ 43728.67500000000291, 5943424.275000000372529 ], [ 43728.599999999998545, 5943424.275000000372529 ], [ 43728.599999999998545, 5943423.974999999627471 ], [ 43728.525000000001455, 5943423.974999999627471 ], [ 43728.525000000001455, 5943423.599999999627471 ], [ 43728.44999999999709, 5943423.599999999627471 ], [ 43728.44999999999709, 5943423.150000000372529 ], [ 43728.375, 5943423.150000000372529 ], [ 43728.375, 5943422.775000000372529 ], [ 43728.30000000000291, 5943422.775000000372529 ], [ 43728.30000000000291, 5943422.325000000186265 ], [ 43728.224999999998545, 5943422.325000000186265 ], [ 43728.224999999998545, 5943421.875 ], [ 43728.150000000001455, 5943421.875 ], [ 43728.150000000001455, 5943421.349999999627471 ], [ 43728.07499999999709, 5943421.349999999627471 ], [ 43728.07499999999709, 5943420.825000000186265 ], [ 43728.0, 5943420.825000000186265 ], [ 43728.0, 5943420.224999999627471 ], [ 43727.92500000000291, 5943420.224999999627471 ], [ 43727.92500000000291, 5943419.775000000372529 ], [ 43727.849999999998545, 5943419.775000000372529 ], [ 43727.849999999998545, 5943419.549999999813735 ], [ 43727.775000000001455, 5943419.549999999813735 ], [ 43727.775000000001455, 5943419.25 ], [ 43727.69999999999709, 5943419.25 ], [ 43727.69999999999709, 5943419.025000000372529 ], [ 43727.625, 5943419.025000000372529 ], [ 43727.625, 5943418.799999999813735 ], [ 43727.55000000000291, 5943418.799999999813735 ], [ 43727.55000000000291, 5943418.575000000186265 ], [ 43727.474999999998545, 5943418.575000000186265 ], [ 43727.474999999998545, 5943418.349999999627471 ], [ 43727.400000000001455, 5943418.349999999627471 ], [ 43727.400000000001455, 5943418.125 ], [ 43727.32499999999709, 5943418.125 ], [ 43727.32499999999709, 5943417.825000000186265 ], [ 43727.25, 5943417.825000000186265 ], [ 43727.25, 5943417.75 ], [ 43727.17500000000291, 5943417.75 ], [ 43727.17500000000291, 5943417.599999999627471 ], [ 43727.099999999998545, 5943417.599999999627471 ], [ 43727.099999999998545, 5943417.525000000372529 ], [ 43727.025000000001455, 5943417.525000000372529 ], [ 43727.025000000001455, 5943417.375 ], [ 43726.94999999999709, 5943417.375 ], [ 43726.94999999999709, 5943417.299999999813735 ], [ 43726.875, 5943417.299999999813735 ], [ 43726.875, 5943417.224999999627471 ], [ 43726.80000000000291, 5943417.224999999627471 ], [ 43726.80000000000291, 5943417.150000000372529 ], [ 43726.724999999998545, 5943417.150000000372529 ], [ 43726.724999999998545, 5943417.075000000186265 ], [ 43726.650000000001455, 5943417.075000000186265 ], [ 43726.650000000001455, 5943417.0 ], [ 43726.57499999999709, 5943417.0 ], [ 43726.57499999999709, 5943416.924999999813735 ], [ 43726.5, 5943416.924999999813735 ], [ 43726.5, 5943416.775000000372529 ], [ 43726.42500000000291, 5943416.775000000372529 ], [ 43726.42500000000291, 5943416.700000000186265 ], [ 43726.349999999998545, 5943416.700000000186265 ], [ 43726.349999999998545, 5943416.625 ], [ 43726.275000000001455, 5943416.625 ], [ 43726.275000000001455, 5943416.474999999627471 ], [ 43726.19999999999709, 5943416.474999999627471 ], [ 43726.19999999999709, 5943416.400000000372529 ], [ 43726.125, 5943416.400000000372529 ], [ 43726.125, 5943416.25 ], [ 43726.05000000000291, 5943416.25 ], [ 43726.05000000000291, 5943416.099999999627471 ], [ 43725.974999999998545, 5943416.099999999627471 ], [ 43725.974999999998545, 5943415.950000000186265 ], [ 43725.900000000001455, 5943415.950000000186265 ], [ 43725.900000000001455, 5943415.875 ], [ 43725.82499999999709, 5943415.875 ], [ 43725.82499999999709, 5943415.724999999627471 ], [ 43725.75, 5943415.724999999627471 ], [ 43725.75, 5943415.575000000186265 ], [ 43725.67500000000291, 5943415.575000000186265 ], [ 43725.67500000000291, 5943415.5 ], [ 43725.599999999998545, 5943415.5 ], [ 43725.599999999998545, 5943415.349999999627471 ], [ 43725.525000000001455, 5943415.349999999627471 ], [ 43725.525000000001455, 5943415.275000000372529 ], [ 43725.44999999999709, 5943415.275000000372529 ], [ 43725.44999999999709, 5943415.125 ], [ 43725.375, 5943415.125 ], [ 43725.375, 5943415.049999999813735 ], [ 43725.30000000000291, 5943415.049999999813735 ], [ 43725.30000000000291, 5943414.974999999627471 ], [ 43725.224999999998545, 5943414.974999999627471 ], [ 43725.224999999998545, 5943414.825000000186265 ], [ 43725.150000000001455, 5943414.825000000186265 ], [ 43725.150000000001455, 5943414.75 ], [ 43725.07499999999709, 5943414.75 ], [ 43725.07499999999709, 5943414.674999999813735 ], [ 43725.0, 5943414.674999999813735 ], [ 43725.0, 5943414.599999999627471 ], [ 43724.92500000000291, 5943414.599999999627471 ], [ 43724.92500000000291, 5943414.525000000372529 ], [ 43724.849999999998545, 5943414.525000000372529 ], [ 43724.849999999998545, 5943414.450000000186265 ], [ 43724.775000000001455, 5943414.450000000186265 ], [ 43724.775000000001455, 5943414.375 ], [ 43724.69999999999709, 5943414.375 ], [ 43724.69999999999709, 5943414.299999999813735 ], [ 43724.625, 5943414.299999999813735 ], [ 43724.625, 5943414.224999999627471 ], [ 43724.55000000000291, 5943414.224999999627471 ], [ 43724.55000000000291, 5943414.150000000372529 ], [ 43724.474999999998545, 5943414.150000000372529 ], [ 43724.474999999998545, 5943414.0 ], [ 43724.400000000001455, 5943414.0 ], [ 43724.400000000001455, 5943413.924999999813735 ], [ 43724.32499999999709, 5943413.924999999813735 ], [ 43724.32499999999709, 5943413.849999999627471 ], [ 43724.25, 5943413.849999999627471 ], [ 43724.25, 5943413.700000000186265 ], [ 43724.17500000000291, 5943413.700000000186265 ], [ 43724.17500000000291, 5943413.625 ], [ 43724.099999999998545, 5943413.625 ], [ 43724.099999999998545, 5943413.549999999813735 ], [ 43724.025000000001455, 5943413.549999999813735 ], [ 43724.025000000001455, 5943413.400000000372529 ], [ 43723.94999999999709, 5943413.400000000372529 ], [ 43723.94999999999709, 5943413.325000000186265 ], [ 43723.875, 5943413.325000000186265 ], [ 43723.875, 5943413.174999999813735 ], [ 43723.80000000000291, 5943413.174999999813735 ], [ 43723.80000000000291, 5943413.099999999627471 ], [ 43723.724999999998545, 5943413.099999999627471 ], [ 43723.724999999998545, 5943413.025000000372529 ], [ 43723.650000000001455, 5943413.025000000372529 ], [ 43723.650000000001455, 5943412.875 ], [ 43723.57499999999709, 5943412.875 ], [ 43723.57499999999709, 5943412.799999999813735 ], [ 43723.5, 5943412.799999999813735 ], [ 43723.5, 5943412.650000000372529 ], [ 43723.42500000000291, 5943412.650000000372529 ], [ 43723.42500000000291, 5943412.575000000186265 ], [ 43723.349999999998545, 5943412.575000000186265 ], [ 43723.349999999998545, 5943412.5 ], [ 43723.275000000001455, 5943412.5 ], [ 43723.275000000001455, 5943412.349999999627471 ], [ 43723.19999999999709, 5943412.349999999627471 ], [ 43723.19999999999709, 5943412.275000000372529 ], [ 43723.125, 5943412.275000000372529 ], [ 43723.125, 5943412.125 ], [ 43723.05000000000291, 5943412.125 ], [ 43723.05000000000291, 5943412.049999999813735 ], [ 43722.974999999998545, 5943412.049999999813735 ], [ 43722.974999999998545, 5943411.825000000186265 ], [ 43722.900000000001455, 5943411.825000000186265 ], [ 43722.900000000001455, 5943411.224999999627471 ], [ 43722.82499999999709, 5943411.224999999627471 ], [ 43722.82499999999709, 5943410.700000000186265 ], [ 43722.75, 5943410.700000000186265 ], [ 43722.75, 5943410.174999999813735 ], [ 43722.67500000000291, 5943410.174999999813735 ], [ 43722.67500000000291, 5943410.025000000372529 ], [ 43722.75, 5943410.025000000372529 ], [ 43722.75, 5943409.950000000186265 ], [ 43722.82499999999709, 5943409.950000000186265 ], [ 43722.82499999999709, 5943409.799999999813735 ], [ 43722.900000000001455, 5943409.799999999813735 ], [ 43722.900000000001455, 5943409.724999999627471 ], [ 43722.974999999998545, 5943409.724999999627471 ], [ 43722.974999999998545, 5943409.650000000372529 ], [ 43723.05000000000291, 5943409.650000000372529 ], [ 43723.05000000000291, 5943409.5 ], [ 43723.125, 5943409.5 ], [ 43723.125, 5943409.424999999813735 ], [ 43723.19999999999709, 5943409.424999999813735 ], [ 43723.19999999999709, 5943409.349999999627471 ], [ 43723.275000000001455, 5943409.349999999627471 ], [ 43723.275000000001455, 5943409.275000000372529 ], [ 43723.349999999998545, 5943409.275000000372529 ], [ 43723.349999999998545, 5943409.125 ], [ 43723.42500000000291, 5943409.125 ], [ 43723.42500000000291, 5943409.049999999813735 ], [ 43723.5, 5943409.049999999813735 ], [ 43723.5, 5943408.974999999627471 ], [ 43723.57499999999709, 5943408.974999999627471 ], [ 43723.57499999999709, 5943408.900000000372529 ], [ 43723.650000000001455, 5943408.900000000372529 ], [ 43723.650000000001455, 5943408.75 ], [ 43723.724999999998545, 5943408.75 ], [ 43723.724999999998545, 5943408.674999999813735 ], [ 43723.80000000000291, 5943408.674999999813735 ], [ 43723.80000000000291, 5943408.599999999627471 ], [ 43723.875, 5943408.599999999627471 ], [ 43723.875, 5943408.525000000372529 ], [ 43723.94999999999709, 5943408.525000000372529 ], [ 43723.94999999999709, 5943408.450000000186265 ], [ 43724.025000000001455, 5943408.450000000186265 ], [ 43724.025000000001455, 5943408.375 ], [ 43724.099999999998545, 5943408.375 ], [ 43724.099999999998545, 5943408.299999999813735 ], [ 43724.17500000000291, 5943408.299999999813735 ], [ 43724.17500000000291, 5943408.150000000372529 ], [ 43724.25, 5943408.150000000372529 ], [ 43724.25, 5943408.075000000186265 ], [ 43724.32499999999709, 5943408.075000000186265 ], [ 43724.32499999999709, 5943408.0 ], [ 43724.474999999998545, 5943408.0 ], [ 43724.474999999998545, 5943407.924999999813735 ], [ 43724.55000000000291, 5943407.924999999813735 ], [ 43724.55000000000291, 5943407.849999999627471 ], [ 43724.625, 5943407.849999999627471 ], [ 43724.625, 5943407.775000000372529 ], [ 43724.69999999999709, 5943407.775000000372529 ], [ 43724.69999999999709, 5943407.700000000186265 ], [ 43724.849999999998545, 5943407.700000000186265 ], [ 43724.849999999998545, 5943407.625 ], [ 43725.0, 5943407.625 ], [ 43725.0, 5943407.549999999813735 ], [ 43725.07499999999709, 5943407.549999999813735 ], [ 43725.07499999999709, 5943407.474999999627471 ], [ 43725.150000000001455, 5943407.474999999627471 ], [ 43725.150000000001455, 5943407.400000000372529 ], [ 43725.224999999998545, 5943407.400000000372529 ], [ 43725.224999999998545, 5943407.325000000186265 ], [ 43725.375, 5943407.325000000186265 ], [ 43725.375, 5943407.25 ], [ 43725.44999999999709, 5943407.25 ], [ 43725.44999999999709, 5943407.174999999813735 ], [ 43725.525000000001455, 5943407.174999999813735 ], [ 43725.525000000001455, 5943407.099999999627471 ], [ 43725.599999999998545, 5943407.099999999627471 ], [ 43725.599999999998545, 5943407.025000000372529 ], [ 43725.67500000000291, 5943407.025000000372529 ], [ 43725.67500000000291, 5943406.950000000186265 ], [ 43725.82499999999709, 5943406.950000000186265 ], [ 43725.82499999999709, 5943406.875 ], [ 43725.900000000001455, 5943406.875 ], [ 43725.900000000001455, 5943406.799999999813735 ], [ 43725.974999999998545, 5943406.799999999813735 ], [ 43725.974999999998545, 5943406.724999999627471 ], [ 43726.05000000000291, 5943406.724999999627471 ], [ 43726.05000000000291, 5943406.650000000372529 ], [ 43726.125, 5943406.650000000372529 ], [ 43726.125, 5943406.575000000186265 ], [ 43726.19999999999709, 5943406.575000000186265 ], [ 43726.19999999999709, 5943406.5 ], [ 43726.275000000001455, 5943406.5 ], [ 43726.275000000001455, 5943406.424999999813735 ], [ 43726.42500000000291, 5943406.424999999813735 ], [ 43726.42500000000291, 5943406.349999999627471 ], [ 43726.5, 5943406.349999999627471 ], [ 43726.5, 5943406.275000000372529 ], [ 43726.57499999999709, 5943406.275000000372529 ], [ 43726.57499999999709, 5943406.200000000186265 ], [ 43726.650000000001455, 5943406.200000000186265 ], [ 43726.650000000001455, 5943406.125 ], [ 43726.724999999998545, 5943406.125 ], [ 43726.724999999998545, 5943406.049999999813735 ], [ 43726.80000000000291, 5943406.049999999813735 ], [ 43726.80000000000291, 5943405.974999999627471 ], [ 43726.94999999999709, 5943405.974999999627471 ], [ 43726.94999999999709, 5943405.900000000372529 ], [ 43727.025000000001455, 5943405.900000000372529 ], [ 43727.025000000001455, 5943405.825000000186265 ], [ 43727.099999999998545, 5943405.825000000186265 ], [ 43727.099999999998545, 5943405.75 ], [ 43727.17500000000291, 5943405.75 ], [ 43727.17500000000291, 5943405.674999999813735 ], [ 43727.25, 5943405.674999999813735 ], [ 43727.25, 5943405.599999999627471 ], [ 43727.32499999999709, 5943405.599999999627471 ], [ 43727.32499999999709, 5943405.525000000372529 ], [ 43727.400000000001455, 5943405.525000000372529 ], [ 43727.400000000001455, 5943405.450000000186265 ], [ 43727.55000000000291, 5943405.450000000186265 ], [ 43727.55000000000291, 5943405.375 ], [ 43727.625, 5943405.375 ], [ 43727.625, 5943405.299999999813735 ], [ 43727.69999999999709, 5943405.299999999813735 ], [ 43727.69999999999709, 5943405.224999999627471 ], [ 43727.775000000001455, 5943405.224999999627471 ], [ 43727.775000000001455, 5943405.150000000372529 ], [ 43727.849999999998545, 5943405.150000000372529 ], [ 43727.849999999998545, 5943405.075000000186265 ], [ 43727.92500000000291, 5943405.075000000186265 ], [ 43727.92500000000291, 5943405.0 ], [ 43728.0, 5943405.0 ], [ 43728.0, 5943404.924999999813735 ], [ 43728.07499999999709, 5943404.924999999813735 ], [ 43728.07499999999709, 5943404.849999999627471 ], [ 43728.150000000001455, 5943404.849999999627471 ], [ 43728.150000000001455, 5943404.775000000372529 ], [ 43728.224999999998545, 5943404.775000000372529 ], [ 43728.224999999998545, 5943404.700000000186265 ], [ 43728.30000000000291, 5943404.700000000186265 ], [ 43728.30000000000291, 5943404.625 ], [ 43728.375, 5943404.625 ], [ 43728.375, 5943404.549999999813735 ], [ 43728.44999999999709, 5943404.549999999813735 ], [ 43728.44999999999709, 5943404.474999999627471 ], [ 43728.525000000001455, 5943404.474999999627471 ], [ 43728.525000000001455, 5943404.400000000372529 ], [ 43728.599999999998545, 5943404.400000000372529 ], [ 43728.599999999998545, 5943404.325000000186265 ], [ 43728.67500000000291, 5943404.325000000186265 ], [ 43728.67500000000291, 5943404.25 ], [ 43728.75, 5943404.25 ], [ 43728.75, 5943404.174999999813735 ], [ 43728.82499999999709, 5943404.174999999813735 ], [ 43728.82499999999709, 5943404.099999999627471 ], [ 43728.900000000001455, 5943404.099999999627471 ], [ 43728.900000000001455, 5943404.025000000372529 ], [ 43728.974999999998545, 5943404.025000000372529 ], [ 43728.974999999998545, 5943403.950000000186265 ], [ 43729.05000000000291, 5943403.950000000186265 ], [ 43729.05000000000291, 5943403.875 ], [ 43729.125, 5943403.875 ], [ 43729.125, 5943403.799999999813735 ], [ 43729.19999999999709, 5943403.799999999813735 ], [ 43729.19999999999709, 5943403.724999999627471 ], [ 43729.275000000001455, 5943403.724999999627471 ], [ 43729.275000000001455, 5943403.650000000372529 ], [ 43729.349999999998545, 5943403.650000000372529 ], [ 43729.349999999998545, 5943403.575000000186265 ], [ 43729.5, 5943403.575000000186265 ], [ 43729.5, 5943403.5 ], [ 43729.57499999999709, 5943403.5 ], [ 43729.57499999999709, 5943403.424999999813735 ], [ 43729.650000000001455, 5943403.424999999813735 ], [ 43729.650000000001455, 5943403.349999999627471 ], [ 43729.724999999998545, 5943403.349999999627471 ], [ 43729.724999999998545, 5943403.275000000372529 ], [ 43729.80000000000291, 5943403.275000000372529 ], [ 43729.80000000000291, 5943403.200000000186265 ], [ 43729.94999999999709, 5943403.200000000186265 ], [ 43729.94999999999709, 5943403.125 ], [ 43730.025000000001455, 5943403.125 ], [ 43730.025000000001455, 5943403.049999999813735 ], [ 43730.099999999998545, 5943403.049999999813735 ], [ 43730.099999999998545, 5943402.974999999627471 ], [ 43730.17500000000291, 5943402.974999999627471 ], [ 43730.17500000000291, 5943402.900000000372529 ], [ 43730.32499999999709, 5943402.900000000372529 ], [ 43730.32499999999709, 5943402.825000000186265 ], [ 43730.400000000001455, 5943402.825000000186265 ], [ 43730.400000000001455, 5943402.75 ], [ 43730.474999999998545, 5943402.75 ], [ 43730.474999999998545, 5943402.674999999813735 ], [ 43730.625, 5943402.674999999813735 ], [ 43730.625, 5943402.599999999627471 ], [ 43730.69999999999709, 5943402.599999999627471 ], [ 43730.69999999999709, 5943402.525000000372529 ], [ 43730.775000000001455, 5943402.525000000372529 ], [ 43730.775000000001455, 5943402.450000000186265 ], [ 43730.849999999998545, 5943402.450000000186265 ], [ 43730.849999999998545, 5943402.375 ], [ 43731.0, 5943402.375 ], [ 43731.0, 5943402.299999999813735 ], [ 43731.07499999999709, 5943402.299999999813735 ], [ 43731.07499999999709, 5943402.224999999627471 ], [ 43731.150000000001455, 5943402.224999999627471 ], [ 43731.150000000001455, 5943402.150000000372529 ], [ 43731.224999999998545, 5943402.150000000372529 ], [ 43731.224999999998545, 5943402.075000000186265 ], [ 43731.375, 5943402.075000000186265 ], [ 43731.375, 5943402.0 ], [ 43731.44999999999709, 5943402.0 ], [ 43731.44999999999709, 5943401.924999999813735 ], [ 43731.525000000001455, 5943401.924999999813735 ], [ 43731.525000000001455, 5943401.849999999627471 ], [ 43731.67500000000291, 5943401.849999999627471 ], [ 43731.67500000000291, 5943401.775000000372529 ], [ 43731.82499999999709, 5943401.775000000372529 ], [ 43731.82499999999709, 5943401.700000000186265 ], [ 43731.900000000001455, 5943401.700000000186265 ], [ 43731.900000000001455, 5943401.625 ], [ 43732.05000000000291, 5943401.625 ], [ 43732.05000000000291, 5943401.549999999813735 ], [ 43732.19999999999709, 5943401.549999999813735 ], [ 43732.19999999999709, 5943401.474999999627471 ], [ 43732.349999999998545, 5943401.474999999627471 ], [ 43732.349999999998545, 5943401.400000000372529 ], [ 43732.5, 5943401.400000000372529 ], [ 43732.5, 5943401.325000000186265 ], [ 43732.724999999998545, 5943401.325000000186265 ], [ 43732.724999999998545, 5943401.25 ], [ 43733.17500000000291, 5943401.25 ], [ 43733.17500000000291, 5943401.174999999813735 ], [ 43734.150000000001455, 5943401.174999999813735 ], [ 43734.150000000001455, 5943401.099999999627471 ], [ 43735.125, 5943401.099999999627471 ], [ 43735.125, 5943401.174999999813735 ], [ 43735.650000000001455, 5943401.174999999813735 ], [ 43735.650000000001455, 5943401.25 ], [ 43736.17500000000291, 5943401.25 ], [ 43736.17500000000291, 5943401.325000000186265 ], [ 43736.69999999999709, 5943401.325000000186265 ], [ 43736.69999999999709, 5943401.400000000372529 ], [ 43737.150000000001455, 5943401.400000000372529 ], [ 43737.150000000001455, 5943401.474999999627471 ], [ 43737.67500000000291, 5943401.474999999627471 ], [ 43737.67500000000291, 5943401.549999999813735 ], [ 43738.125, 5943401.549999999813735 ], [ 43738.125, 5943401.625 ], [ 43738.5, 5943401.625 ], [ 43738.5, 5943401.700000000186265 ], [ 43738.875, 5943401.700000000186265 ], [ 43738.875, 5943401.775000000372529 ], [ 43739.25, 5943401.775000000372529 ], [ 43739.25, 5943401.849999999627471 ], [ 43739.55000000000291, 5943401.849999999627471 ], [ 43739.55000000000291, 5943401.924999999813735 ], [ 43739.775000000001455, 5943401.924999999813735 ], [ 43739.775000000001455, 5943402.0 ], [ 43740.07499999999709, 5943402.0 ], [ 43740.07499999999709, 5943402.075000000186265 ], [ 43740.30000000000291, 5943402.075000000186265 ], [ 43740.30000000000291, 5943402.150000000372529 ], [ 43740.599999999998545, 5943402.150000000372529 ], [ 43740.599999999998545, 5943402.224999999627471 ], [ 43740.67500000000291, 5943402.224999999627471 ], [ 43740.67500000000291, 5943402.299999999813735 ], [ 43740.82499999999709, 5943402.299999999813735 ], [ 43740.82499999999709, 5943402.375 ], [ 43740.900000000001455, 5943402.375 ], [ 43740.900000000001455, 5943402.450000000186265 ], [ 43740.974999999998545, 5943402.450000000186265 ], [ 43740.974999999998545, 5943402.525000000372529 ], [ 43741.05000000000291, 5943402.525000000372529 ], [ 43741.05000000000291, 5943402.599999999627471 ], [ 43741.125, 5943402.599999999627471 ], [ 43741.125, 5943402.674999999813735 ], [ 43741.275000000001455, 5943402.674999999813735 ], [ 43741.275000000001455, 5943402.75 ], [ 43741.349999999998545, 5943402.75 ], [ 43741.349999999998545, 5943402.825000000186265 ], [ 43741.42500000000291, 5943402.825000000186265 ], [ 43741.42500000000291, 5943402.900000000372529 ], [ 43741.5, 5943402.900000000372529 ], [ 43741.5, 5943402.974999999627471 ], [ 43741.57499999999709, 5943402.974999999627471 ], [ 43741.57499999999709, 5943403.049999999813735 ], [ 43741.650000000001455, 5943403.049999999813735 ], [ 43741.650000000001455, 5943403.125 ], [ 43741.80000000000291, 5943403.125 ], [ 43741.80000000000291, 5943403.200000000186265 ], [ 43741.875, 5943403.200000000186265 ], [ 43741.875, 5943403.275000000372529 ], [ 43741.94999999999709, 5943403.275000000372529 ], [ 43741.94999999999709, 5943403.349999999627471 ], [ 43742.025000000001455, 5943403.349999999627471 ], [ 43742.025000000001455, 5943403.424999999813735 ], [ 43742.099999999998545, 5943403.424999999813735 ], [ 43742.099999999998545, 5943403.5 ], [ 43742.17500000000291, 5943403.5 ], [ 43742.17500000000291, 5943403.575000000186265 ], [ 43742.25, 5943403.575000000186265 ], [ 43742.25, 5943403.650000000372529 ], [ 43742.32499999999709, 5943403.650000000372529 ], [ 43742.32499999999709, 5943403.724999999627471 ], [ 43742.400000000001455, 5943403.724999999627471 ], [ 43742.400000000001455, 5943403.799999999813735 ], [ 43742.474999999998545, 5943403.799999999813735 ], [ 43742.474999999998545, 5943403.875 ], [ 43742.55000000000291, 5943403.875 ], [ 43742.55000000000291, 5943403.950000000186265 ], [ 43742.625, 5943403.950000000186265 ], [ 43742.625, 5943404.025000000372529 ], [ 43742.69999999999709, 5943404.025000000372529 ], [ 43742.69999999999709, 5943404.099999999627471 ], [ 43742.775000000001455, 5943404.099999999627471 ], [ 43742.775000000001455, 5943404.474999999627471 ], [ 43742.849999999998545, 5943404.474999999627471 ], [ 43742.849999999998545, 5943405.150000000372529 ], [ 43742.92500000000291, 5943405.150000000372529 ], [ 43742.92500000000291, 5943405.825000000186265 ], [ 43743.0, 5943405.825000000186265 ], [ 43743.0, 5943406.5 ], [ 43743.07499999999709, 5943406.5 ], [ 43743.07499999999709, 5943407.25 ], [ 43743.150000000001455, 5943407.25 ], [ 43743.150000000001455, 5943407.924999999813735 ], [ 43743.224999999998545, 5943407.924999999813735 ], [ 43743.224999999998545, 5943408.674999999813735 ], [ 43743.30000000000291, 5943408.674999999813735 ], [ 43743.30000000000291, 5943409.424999999813735 ], [ 43743.375, 5943409.424999999813735 ], [ 43743.375, 5943411.0 ], [ 43743.30000000000291, 5943411.0 ], [ 43743.30000000000291, 5943411.900000000372529 ], [ 43743.224999999998545, 5943411.900000000372529 ], [ 43743.224999999998545, 5943412.200000000186265 ], [ 43743.150000000001455, 5943412.200000000186265 ], [ 43743.150000000001455, 5943412.424999999813735 ], [ 43743.07499999999709, 5943412.424999999813735 ], [ 43743.07499999999709, 5943412.575000000186265 ], [ 43743.0, 5943412.575000000186265 ], [ 43743.0, 5943412.799999999813735 ], [ 43742.92500000000291, 5943412.799999999813735 ], [ 43742.92500000000291, 5943412.950000000186265 ], [ 43742.849999999998545, 5943412.950000000186265 ], [ 43742.849999999998545, 5943413.099999999627471 ], [ 43742.775000000001455, 5943413.099999999627471 ], [ 43742.775000000001455, 5943413.25 ], [ 43742.69999999999709, 5943413.25 ], [ 43742.69999999999709, 5943413.400000000372529 ], [ 43742.625, 5943413.400000000372529 ], [ 43742.625, 5943413.549999999813735 ], [ 43742.55000000000291, 5943413.549999999813735 ], [ 43742.55000000000291, 5943413.700000000186265 ], [ 43742.474999999998545, 5943413.700000000186265 ], [ 43742.474999999998545, 5943413.849999999627471 ], [ 43742.400000000001455, 5943413.849999999627471 ], [ 43742.400000000001455, 5943414.075000000186265 ], [ 43742.32499999999709, 5943414.075000000186265 ], [ 43742.32499999999709, 5943414.299999999813735 ], [ 43742.25, 5943414.299999999813735 ], [ 43742.25, 5943414.450000000186265 ], [ 43742.17500000000291, 5943414.450000000186265 ], [ 43742.17500000000291, 5943414.674999999813735 ], [ 43742.099999999998545, 5943414.674999999813735 ], [ 43742.099999999998545, 5943414.825000000186265 ], [ 43742.025000000001455, 5943414.825000000186265 ], [ 43742.025000000001455, 5943415.049999999813735 ], [ 43741.94999999999709, 5943415.049999999813735 ], [ 43741.94999999999709, 5943415.200000000186265 ], [ 43741.875, 5943415.200000000186265 ], [ 43741.875, 5943415.424999999813735 ], [ 43741.80000000000291, 5943415.424999999813735 ], [ 43741.80000000000291, 5943415.650000000372529 ], [ 43741.724999999998545, 5943415.650000000372529 ], [ 43741.724999999998545, 5943415.799999999813735 ], [ 43741.650000000001455, 5943415.799999999813735 ], [ 43741.650000000001455, 5943416.025000000372529 ], [ 43741.57499999999709, 5943416.025000000372529 ], [ 43741.57499999999709, 5943416.174999999813735 ], [ 43741.5, 5943416.174999999813735 ], [ 43741.5, 5943416.325000000186265 ], [ 43741.42500000000291, 5943416.325000000186265 ], [ 43741.42500000000291, 5943416.474999999627471 ], [ 43741.349999999998545, 5943416.474999999627471 ], [ 43741.349999999998545, 5943416.625 ], [ 43741.275000000001455, 5943416.625 ], [ 43741.275000000001455, 5943416.775000000372529 ], [ 43741.19999999999709, 5943416.775000000372529 ], [ 43741.19999999999709, 5943416.924999999813735 ], [ 43741.125, 5943416.924999999813735 ], [ 43741.125, 5943417.075000000186265 ], [ 43741.05000000000291, 5943417.075000000186265 ], [ 43741.05000000000291, 5943417.224999999627471 ], [ 43740.974999999998545, 5943417.224999999627471 ], [ 43740.974999999998545, 5943417.299999999813735 ], [ 43740.900000000001455, 5943417.299999999813735 ], [ 43740.900000000001455, 5943417.450000000186265 ], [ 43740.82499999999709, 5943417.450000000186265 ], [ 43740.82499999999709, 5943417.525000000372529 ], [ 43740.75, 5943417.525000000372529 ], [ 43740.75, 5943417.674999999813735 ], [ 43740.67500000000291, 5943417.674999999813735 ], [ 43740.67500000000291, 5943417.75 ], [ 43740.599999999998545, 5943417.75 ], [ 43740.599999999998545, 5943417.974999999627471 ], [ 43740.525000000001455, 5943417.974999999627471 ], [ 43740.525000000001455, 5943418.200000000186265 ], [ 43740.44999999999709, 5943418.200000000186265 ], [ 43740.44999999999709, 5943418.5 ], [ 43740.375, 5943418.5 ], [ 43740.375, 5943418.799999999813735 ], [ 43740.30000000000291, 5943418.799999999813735 ], [ 43740.30000000000291, 5943419.174999999813735 ], [ 43740.224999999998545, 5943419.174999999813735 ], [ 43740.224999999998545, 5943419.474999999627471 ], [ 43740.150000000001455, 5943419.474999999627471 ], [ 43740.150000000001455, 5943419.924999999813735 ], [ 43740.07499999999709, 5943419.924999999813735 ], [ 43740.07499999999709, 5943422.474999999627471 ], [ 43740.0, 5943422.474999999627471 ], [ 43740.0, 5943425.474999999627471 ], [ 43739.92500000000291, 5943425.474999999627471 ], [ 43739.92500000000291, 5943426.0 ], [ 43739.849999999998545, 5943426.0 ], [ 43739.849999999998545, 5943426.299999999813735 ], [ 43739.775000000001455, 5943426.299999999813735 ], [ 43739.775000000001455, 5943426.599999999627471 ], [ 43739.69999999999709, 5943426.599999999627471 ], [ 43739.69999999999709, 5943426.825000000186265 ], [ 43739.625, 5943426.825000000186265 ], [ 43739.625, 5943427.049999999813735 ], [ 43739.55000000000291, 5943427.049999999813735 ], [ 43739.55000000000291, 5943427.275000000372529 ], [ 43739.474999999998545, 5943427.275000000372529 ], [ 43739.474999999998545, 5943427.5 ], [ 43739.400000000001455, 5943427.5 ], [ 43739.400000000001455, 5943427.650000000372529 ], [ 43739.32499999999709, 5943427.650000000372529 ], [ 43739.32499999999709, 5943427.724999999627471 ], [ 43739.25, 5943427.724999999627471 ], [ 43739.25, 5943427.875 ], [ 43739.17500000000291, 5943427.875 ], [ 43739.17500000000291, 5943427.950000000186265 ], [ 43739.099999999998545, 5943427.950000000186265 ], [ 43739.099999999998545, 5943428.025000000372529 ], [ 43739.025000000001455, 5943428.025000000372529 ], [ 43739.025000000001455, 5943428.099999999627471 ], [ 43738.94999999999709, 5943428.099999999627471 ], [ 43738.94999999999709, 5943428.174999999813735 ], [ 43738.80000000000291, 5943428.174999999813735 ], [ 43738.80000000000291, 5943428.25 ], [ 43738.724999999998545, 5943428.25 ], [ 43738.724999999998545, 5943428.325000000186265 ], [ 43738.650000000001455, 5943428.325000000186265 ], [ 43738.650000000001455, 5943428.400000000372529 ], [ 43738.5, 5943428.400000000372529 ], [ 43738.5, 5943428.474999999627471 ], [ 43738.42500000000291, 5943428.474999999627471 ], [ 43738.42500000000291, 5943428.549999999813735 ], [ 43738.275000000001455, 5943428.549999999813735 ], [ 43738.275000000001455, 5943428.625 ], [ 43738.19999999999709, 5943428.625 ], [ 43738.19999999999709, 5943428.700000000186265 ], [ 43738.05000000000291, 5943428.700000000186265 ], [ 43738.05000000000291, 5943428.775000000372529 ], [ 43737.900000000001455, 5943428.775000000372529 ], [ 43737.900000000001455, 5943428.849999999627471 ], [ 43737.75, 5943428.849999999627471 ], [ 43737.75, 5943428.924999999813735 ], [ 43737.599999999998545, 5943428.924999999813735 ], [ 43737.599999999998545, 5943429.0 ], [ 43737.44999999999709, 5943429.0 ], [ 43737.44999999999709, 5943429.075000000186265 ], [ 43737.224999999998545, 5943429.075000000186265 ], [ 43737.224999999998545, 5943429.150000000372529 ], [ 43737.07499999999709, 5943429.150000000372529 ], [ 43737.07499999999709, 5943429.224999999627471 ], [ 43736.849999999998545, 5943429.224999999627471 ], [ 43736.849999999998545, 5943429.299999999813735 ], [ 43736.625, 5943429.299999999813735 ], [ 43736.625, 5943429.375 ], [ 43736.474999999998545, 5943429.375 ], [ 43736.474999999998545, 5943429.450000000186265 ], [ 43736.25, 5943429.450000000186265 ], [ 43736.25, 5943429.525000000372529 ], [ 43736.099999999998545, 5943429.525000000372529 ], [ 43736.099999999998545, 5943429.599999999627471 ], [ 43735.94999999999709, 5943429.599999999627471 ], [ 43735.94999999999709, 5943429.674999999813735 ], [ 43735.724999999998545, 5943429.674999999813735 ], [ 43735.724999999998545, 5943429.75 ], [ 43735.57499999999709, 5943429.75 ], [ 43735.57499999999709, 5943429.825000000186265 ], [ 43735.349999999998545, 5943429.825000000186265 ], [ 43735.349999999998545, 5943429.900000000372529 ], [ 43735.125, 5943429.900000000372529 ], [ 43735.125, 5943429.974999999627471 ], [ 43734.900000000001455, 5943429.974999999627471 ], [ 43734.900000000001455, 5943430.049999999813735 ], [ 43732.724999999998545, 5943430.049999999813735 ] ] ] } },
{ "type": "Feature", "properties": { "value": 1.0, "building_id": 23, "area": 383.04000000043061 }, "geometry": { "type": "Polygon", "coordinates": [ [ [ 43826.32499999999709, 5943424.275000000372529 ], [ 43826.32499999999709, 5943424.200000000186265 ], [ 43825.875, 5943424.200000000186265 ], [ 43825.875, 5943424.125 ], [ 43825.42500000000291, 5943424.125 ], [ 43825.42500000000291, 5943424.049999999813735 ], [ 43825.125, 5943424.049999999813735 ], [ 43825.125, 5943423.974999999627471 ], [ 43824.82499999999709, 5943423.974999999627471 ], [ 43824.82499999999709, 5943423.900000000372529 ], [ 43824.599999999998545, 5943423.900000000372529 ], [ 43824.599999999998545, 5943423.825000000186265 ], [ 43824.30000000000291, 5943423.825000000186265 ], [ 43824.30000000000291, 5943423.75 ], [ 43824.150000000001455, 5943423.75 ], [ 43824.150000000001455, 5943423.674999999813735 ], [ 43823.92500000000291, 5943423.674999999813735 ], [ 43823.92500000000291, 5943423.599999999627471 ], [ 43823.775000000001455, 5943423.599999999627471 ], [ 43823.775000000001455, 5943423.525000000372529 ], [ 43823.625, 5943423.525000000372529 ], [ 43823.625, 5943423.450000000186265 ], [ 43823.55000000000291, 5943423.450000000186265 ], [ 43823.55000000000291, 5943423.375 ], [ 43823.400000000001455, 5943423.375 ], [ 43823.400000000001455, 5943423.299999999813735 ], [ 43823.32499999999709, 5943423.299999999813735 ], [ 43823.32499999999709, 5943423.224999999627471 ], [ 43823.25, 5943423.224999999627471 ], [ 43823.25, 5943423.150000000372529 ], [ 43823.17500000000291, 5943423.150000000372529 ], [ 43823.17500000000291, 5943423.075000000186265 ], [ 43823.099999999998545, 5943423.075000000186265 ], [ 43823.099999999998545, 5943423.0 ], [ 43823.025000000001455, 5943423.0 ], [ 43823.025000000001455, 5943422.924999999813735 ], [ 43822.94999999999709, 5943422.924999999813735 ], [ 43822.94999999999709, 5943422.775000000372529 ], [ 43822.875, 5943422.775000000372529 ], [ 43822.875, 5943422.700000000186265 ], [ 43822.80000000000291, 5943422.700000000186265 ], [ 43822.80000000000291, 5943422.549999999813735 ], [ 43822.724999999998545, 5943422.549999999813735 ], [ 43822.724999999998545, 5943422.400000000372529 ], [ 43822.650000000001455, 5943422.400000000372529 ], [ 43822.650000000001455, 5943422.25 ], [ 43822.57499999999709, 5943422.25 ], [ 43822.57499999999709, 5943422.099999999627471 ], [ 43822.5, 5943422.099999999627471 ], [ 43822.5, 5943421.950000000186265 ], [ 43822.42500000000291, 5943421.950000000186265 ], [ 43822.42500000000291, 5943421.799999999813735 ], [ 43822.349999999998545, 5943421.799999999813735 ], [ 43822.349999999998545, 5943421.575000000186265 ], [ 43822.275000000001455, 5943421.575000000186265 ], [ 43822.275000000001455, 5943419.474999999627471 ], [ 43822.19999999999709, 5943419.474999999627471 ], [ 43822.19999999999709, 5943419.025000000372529 ], [ 43822.125, 5943419.025000000372529 ], [ 43822.125, 5943418.575000000186265 ], [ 43822.05000000000291, 5943418.575000000186265 ], [ 43822.05000000000291, 5943417.974999999627471 ], [ 43821.974999999998545, 5943417.974999999627471 ], [ 43821.974999999998545, 5943417.674999999813735 ], [ 43821.900000000001455, 5943417.674999999813735 ], [ 43821.900000000001455, 5943417.299999999813735 ], [ 43821.82499999999709, 5943417.299999999813735 ], [ 43821.82499999999709, 5943417.0 ], [ 43821.75, 5943417.0 ], [ 43821.75, 5943416.700000000186265 ], [ 43821.67500000000291, 5943416.700000000186265 ], [ 43821.67500000000291, 5943416.325000000186265 ], [ 43821.599999999998545, 5943416.325000000186265 ], [ 43821.599999999998545, 5943415.950000000186265 ], [ 43821.525000000001455, 5943415.950000000186265 ], [ 43821.525000000001455, 5943415.5 ], [ 43821.44999999999709, 5943415.5 ], [ 43821.44999999999709, 5943415.049999999813735 ], [ 43821.375, 5943415.049999999813735 ], [ 43821.375, 5943414.599999999627471 ], [ 43821.30000000000291, 5943414.599999999627471 ], [ 43821.30000000000291, 5943414.150000000372529 ], [ 43821.224999999998545, 5943414.150000000372529 ], [ 43821.224999999998545, 5943413.700000000186265 ], [ 43821.150000000001455, 5943413.700000000186265 ], [ 43821.150000000001455, 5943413.25 ], [ 43821.07499999999709, 5943413.25 ], [ 43821.07499999999709, 5943412.799999999813735 ], [ 43821.0, 5943412.799999999813735 ], [ 43821.0, 5943412.349999999627471 ], [ 43820.92500000000291, 5943412.349999999627471 ], [ 43820.92500000000291, 5943411.974999999627471 ], [ 43820.849999999998545, 5943411.974999999627471 ], [ 43820.849999999998545, 5943411.825000000186265 ], [ 43820.775000000001455, 5943411.825000000186265 ], [ 43820.775000000001455, 5943411.674999999813735 ], [ 43820.69999999999709, 5943411.674999999813735 ], [ 43820.69999999999709, 5943411.525000000372529 ], [ 43820.625, 5943411.525000000372529 ], [ 43820.625, 5943411.450000000186265 ], [ 43820.55000000000291, 5943411.450000000186265 ], [ 43820.55000000000291, 5943411.375 ], [ 43820.474999999998545, 5943411.375 ], [ 43820.474999999998545, 5943411.224999999627471 ], [ 43820.400000000001455, 5943411.224999999627471 ], [ 43820.400000000001455, 5943411.150000000372529 ], [ 43820.32499999999709, 5943411.150000000372529 ], [ 43820.32499999999709, 5943411.075000000186265 ], [ 43820.25, 5943411.075000000186265 ], [ 43820.25, 5943410.924999999813735 ], [ 43820.17500000000291, 5943410.924999999813735 ], [ 43820.17500000000291, 5943410.849999999627471 ], [ 43820.099999999998545, 5943410.849999999627471 ], [ 43820.099999999998545, 5943410.700000000186265 ], [ 43820.025000000001455, 5943410.700000000186265 ], [ 43820.025000000001455, 5943410.549999999813735 ], [ 43819.94999999999709, 5943410.549999999813735 ], [ 43819.94999999999709, 5943410.474999999627471 ], [ 43819.875, 5943410.474999999627471 ], [ 43819.875, 5943410.325000000186265 ], [ 43819.80000000000291, 5943410.325000000186265 ], [ 43819.80000000000291, 5943410.174999999813735 ], [ 43819.724999999998545, 5943410.174999999813735 ], [ 43819.724999999998545, 5943410.025000000372529 ], [ 43819.650000000001455, 5943410.025000000372529 ], [ 43819.650000000001455, 5943409.950000000186265 ], [ 43819.57499999999709, 5943409.950000000186265 ], [ 43819.57499999999709, 5943409.875 ], [ 43819.5, 5943409.875 ], [ 43819.5, 5943409.724999999627471 ], [ 43819.42500000000291, 5943409.724999999627471 ], [ 43819.42500000000291, 5943409.650000000372529 ], [ 43819.349999999998545, 5943409.650000000372529 ], [ 43819.349999999998545, 5943409.575000000186265 ], [ 43819.275000000001455, 5943409.575000000186265 ], [ 43819.275000000001455, 5943409.5 ], [ 43819.19999999999709, 5943409.5 ], [ 43819.19999999999709, 5943409.424999999813735 ], [ 43819.125, 5943409.424999999813735 ], [ 43819.125, 5943409.349999999627471 ], [ 43819.05000000000291, 5943409.349999999627471 ], [ 43819.05000000000291, 5943409.200000000186265 ], [ 43818.974999999998545, 5943409.200000000186265 ], [ 43818.974999999998545, 5943409.125 ], [ 43818.900000000001455, 5943409.125 ], [ 43818.900000000001455, 5943409.049999999813735 ], [ 43818.82499999999709, 5943409.049999999813735 ], [ 43818.82499999999709, 5943408.974999999627471 ], [ 43818.75, 5943408.974999999627471 ], [ 43818.75, 5943408.900000000372529 ], [ 43818.599999999998545, 5943408.900000000372529 ], [ 43818.599999999998545, 5943408.825000000186265 ], [ 43818.525000000001455, 5943408.825000000186265 ], [ 43818.525000000001455, 5943408.75 ], [ 43818.375, 5943408.75 ], [ 43818.375, 5943408.674999999813735 ], [ 43818.30000000000291, 5943408.674999999813735 ], [ 43818.30000000000291, 5943408.599999999627471 ], [ 43818.150000000001455, 5943408.599999999627471 ], [ 43818.150000000001455, 5943408.525000000372529 ], [ 43818.07499999999709, 5943408.525000000372529 ], [ 43818.07499999999709, 5943408.450000000186265 ], [ 43818.0, 5943408.450000000186265 ], [ 43818.0, 5943408.375 ], [ 43817.92500000000291, 5943408.375 ], [ 43817.92500000000291, 5943408.299999999813735 ], [ 43817.849999999998545, 5943408.299999999813735 ], [ 43817.849999999998545, 5943408.224999999627471 ], [ 43817.775000000001455, 5943408.224999999627471 ], [ 43817.775000000001455, 5943408.150000000372529 ], [ 43817.69999999999709, 5943408.150000000372529 ], [ 43817.69999999999709, 5943408.075000000186265 ], [ 43817.625, 5943408.075000000186265 ], [ 43817.625, 5943408.0 ], [ 43817.55000000000291, 5943408.0 ], [ 43817.55000000000291, 5943407.924999999813735 ], [ 43817.474999999998545, 5943407.924999999813735 ], [ 43817.474999999998545, 5943407.849999999627471 ], [ 43817.400000000001455, 5943407.849999999627471 ], [ 43817.400000000001455, 5943407.775000000372529 ], [ 43817.32499999999709, 5943407.775000000372529 ], [ 43817.32499999999709, 5943407.700000000186265 ], [ 43817.25, 5943407.700000000186265 ], [ 43817.25, 5943407.625 ], [ 43817.17500000000291, 5943407.625 ], [ 43817.17500000000291, 5943407.549999999813735 ], [ 43817.099999999998545, 5943407.549999999813735 ], [ 43817.099999999998545, 5943407.474999999627471 ], [ 43817.025000000001455, 5943407.474999999627471 ], [ 43817.025000000001455, 5943407.400000000372529 ], [ 43816.94999999999709, 5943407.400000000372529 ], [ 43816.94999999999709, 5943407.325000000186265 ], [ 43816.875, 5943407.325000000186265 ], [ 43816.875, 5943407.174999999813735 ], [ 43816.80000000000291, 5943407.174999999813735 ], [ 43816.80000000000291, 5943407.099999999627471 ], [ 43816.724999999998545, 5943407.099999999627471 ], [ 43816.724999999998545, 5943407.025000000372529 ], [ 43816.650000000001455, 5943407.025000000372529 ], [ 43816.650000000001455, 5943406.950000000186265 ], [ 43816.57499999999709, 5943406.950000000186265 ], [ 43816.57499999999709, 5943406.875 ], [ 43816.5, 5943406.875 ], [ 43816.5, 5943406.799999999813735 ], [ 43816.42500000000291, 5943406.799999999813735 ], [ 43816.42500000000291, 5943406.650000000372529 ], [ 43816.349999999998545, 5943406.650000000372529 ], [ 43816.349999999998545, 5943406.575000000186265 ], [ 43816.275000000001455, 5943406.575000000186265 ], [ 43816.275000000001455, 5943406.424999999813735 ], [ 43816.19999999999709, 5943406.424999999813735 ], [ 43816.19999999999709, 5943406.275000000372529 ], [ 43816.125, 5943406.275000000372529 ], [ 43816.125, 5943406.125 ], [ 43816.05000000000291, 5943406.125 ], [ 43816.05000000000291, 5943406.049999999813735 ], [ 43815.974999999998545, 5943406.049999999813735 ], [ 43815.974999999998545, 5943405.900000000372529 ], [ 43815.900000000001455, 5943405.900000000372529 ], [ 43815.900000000001455, 5943405.75 ], [ 43815.82499999999709, 5943405.75 ], [ 43815.82499999999709, 5943405.525000000372529 ], [ 43815.75, 5943405.525000000372529 ], [ 43815.75, 5943405.375 ], [ 43815.67500000000291, 5943405.375 ], [ 43815.67500000000291, 5943405.150000000372529 ], [ 43815.599999999998545, 5943405.150000000372529 ], [ 43815.599999999998545, 5943405.0 ], [ 43815.525000000001455, 5943405.0 ], [ 43815.525000000001455, 5943404.775000000372529 ], [ 43815.44999999999709, 5943404.775000000372529 ], [ 43815.44999999999709, 5943404.549999999813735 ], [ 43815.375, 5943404.549999999813735 ], [ 43815.375, 5943404.25 ], [ 43815.30000000000291, 5943404.25 ], [ 43815.30000000000291, 5943404.025000000372529 ], [ 43815.375, 5943404.025000000372529 ], [ 43815.375, 5943403.575000000186265 ], [ 43815.44999999999709, 5943403.575000000186265 ], [ 43815.44999999999709, 5943403.125 ], [ 43815.525000000001455, 5943403.125 ], [ 43815.525000000001455, 5943402.674999999813735 ], [ 43815.599999999998545, 5943402.674999999813735 ], [ 43815.599999999998545, 5943402.224999999627471 ], [ 43815.67500000000291, 5943402.224999999627471 ], [ 43815.67500000000291, 5943402.075000000186265 ], [ 43815.75, 5943402.075000000186265 ], [ 43815.75, 5943402.0 ], [ 43815.82499999999709, 5943402.0 ], [ 43815.82499999999709, 5943401.849999999627471 ], [ 43815.900000000001455, 5943401.849999999627471 ], [ 43815.900000000001455, 5943401.775000000372529 ], [ 43815.974999999998545, 5943401.775000000372529 ], [ 43815.974999999998545, 5943401.625 ], [ 43816.05000000000291, 5943401.625 ], [ 43816.05000000000291, 5943401.549999999813735 ], [ 43816.125, 5943401.549999999813735 ], [ 43816.125, 5943401.474999999627471 ], [ 43816.19999999999709, 5943401.474999999627471 ], [ 43816.19999999999709, 5943401.400000000372529 ], [ 43816.275000000001455, 5943401.400000000372529 ], [ 43816.275000000001455, 5943401.25 ], [ 43816.349999999998545, 5943401.25 ], [ 43816.349999999998545, 5943401.174999999813735 ], [ 43816.42500000000291, 5943401.174999999813735 ], [ 43816.42500000000291, 5943401.099999999627471 ], [ 43816.5, 5943401.099999999627471 ], [ 43816.5, 5943401.025000000372529 ], [ 43816.57499999999709, 5943401.025000000372529 ], [ 43816.57499999999709, 5943400.950000000186265 ], [ 43816.724999999998545, 5943400.950000000186265 ], [ 43816.724999999998545, 5943400.875 ], [ 43816.80000000000291, 5943400.875 ], [ 43816.80000000000291, 5943400.799999999813735 ], [ 43816.875, 5943400.799999999813735 ], [ 43816.875, 5943400.724999999627471 ], [ 43816.94999999999709, 5943400.724999999627471 ], [ 43816.94999999999709, 5943400.650000000372529 ], [ 43817.025000000001455, 5943400.650000000372529 ], [ 43817.025000000001455, 5943400.575000000186265 ], [ 43817.099999999998545, 5943400.575000000186265 ], [ 43817.099999999998545, 5943400.5 ], [ 43817.17500000000291, 5943400.5 ], [ 43817.17500000000291, 5943400.349999999627471 ], [ 43817.25, 5943400.349999999627471 ], [ 43817.25, 5943400.275000000372529 ], [ 43817.32499999999709, 5943400.275000000372529 ], [ 43817.32499999999709, 5943400.200000000186265 ], [ 43817.400000000001455, 5943400.200000000186265 ], [ 43817.400000000001455, 5943400.125 ], [ 43817.474999999998545, 5943400.125 ], [ 43817.474999999998545, 5943399.974999999627471 ], [ 43817.55000000000291, 5943399.974999999627471 ], [ 43817.55000000000291, 5943399.900000000372529 ], [ 43817.625, 5943399.900000000372529 ], [ 43817.625, 5943399.825000000186265 ], [ 43817.69999999999709, 5943399.825000000186265 ], [ 43817.69999999999709, 5943399.75 ], [ 43817.775000000001455, 5943399.75 ], [ 43817.775000000001455, 5943399.674999999813735 ], [ 43817.849999999998545, 5943399.674999999813735 ], [ 43817.849999999998545, 5943399.599999999627471 ], [ 43817.92500000000291, 5943399.599999999627471 ], [ 43817.92500000000291, 5943399.525000000372529 ], [ 43818.0, 5943399.525000000372529 ], [ 43818.0, 5943399.450000000186265 ], [ 43818.07499999999709, 5943399.450000000186265 ], [ 43818.07499999999709, 5943399.375 ], [ 43818.150000000001455, 5943399.375 ], [ 43818.150000000001455, 5943399.299999999813735 ], [ 43818.30000000000291, 5943399.299999999813735 ], [ 43818.30000000000291, 5943399.224999999627471 ], [ 43818.375, 5943399.224999999627471 ], [ 43818.375, 5943399.150000000372529 ], [ 43818.44999999999709, 5943399.150000000372529 ], [ 43818.44999999999709, 5943399.075000000186265 ], [ 43818.599999999998545, 5943399.075000000186265 ], [ 43818.599999999998545, 5943399.0 ], [ 43818.67500000000291, 5943399.0 ], [ 43818.67500000000291, 5943398.924999999813735 ], [ 43818.82499999999709, 5943398.924999999813735 ], [ 43818.82499999999709, 5943398.849999999627471 ], [ 43818.974999999998545, 5943398.849999999627471 ], [ 43818.974999999998545, 5943398.775000000372529 ], [ 43819.05000000000291, 5943398.775000000372529 ], [ 43819.05000000000291, 5943398.700000000186265 ], [ 43819.19999999999709, 5943398.700000000186265 ], [ 43819.19999999999709, 5943398.625 ], [ 43819.275000000001455, 5943398.625 ], [ 43819.275000000001455, 5943398.549999999813735 ], [ 43819.42500000000291, 5943398.549999999813735 ], [ 43819.42500000000291, 5943398.474999999627471 ], [ 43819.5, 5943398.474999999627471 ], [ 43819.5, 5943398.400000000372529 ], [ 43819.650000000001455, 5943398.400000000372529 ], [ 43819.650000000001455, 5943398.325000000186265 ], [ 43819.724999999998545, 5943398.325000000186265 ], [ 43819.724999999998545, 5943398.25 ], [ 43819.80000000000291, 5943398.25 ], [ 43819.80000000000291, 5943398.174999999813735 ], [ 43819.94999999999709, 5943398.174999999813735 ], [ 43819.94999999999709, 5943398.099999999627471 ], [ 43820.025000000001455, 5943398.099999999627471 ], [ 43820.025000000001455, 5943398.025000000372529 ], [ 43820.17500000000291, 5943398.025000000372529 ], [ 43820.17500000000291, 5943397.950000000186265 ], [ 43820.32499999999709, 5943397.950000000186265 ], [ 43820.32499999999709, 5943397.875 ], [ 43820.474999999998545, 5943397.875 ], [ 43820.474999999998545, 5943397.799999999813735 ], [ 43820.625, 5943397.799999999813735 ], [ 43820.625, 5943397.724999999627471 ], [ 43820.849999999998545, 5943397.724999999627471 ], [ 43820.849999999998545, 5943397.650000000372529 ], [ 43821.150000000001455, 5943397.650000000372529 ], [ 43821.150000000001455, 5943397.575000000186265 ], [ 43821.44999999999709, 5943397.575000000186265 ], [ 43821.44999999999709, 5943397.5 ], [ 43821.75, 5943397.5 ], [ 43821.75, 5943397.424999999813735 ], [ 43822.125, 5943397.424999999813735 ], [ 43822.125, 5943397.349999999627471 ], [ 43822.42500000000291, 5943397.349999999627471 ], [ 43822.42500000000291, 5943397.275000000372529 ], [ 43822.875, 5943397.275000000372529 ], [ 43822.875, 5943397.200000000186265 ], [ 43823.32499999999709, 5943397.200000000186265 ], [ 43823.32499999999709, 5943397.125 ], [ 43823.69999999999709, 5943397.125 ], [ 43823.69999999999709, 5943397.049999999813735 ], [ 43824.150000000001455, 5943397.049999999813735 ], [ 43824.150000000001455, 5943396.974999999627471 ], [ 43824.599999999998545, 5943396.974999999627471 ], [ 43824.599999999998545, 5943396.900000000372529 ], [ 43824.974999999998545, 5943396.900000000372529 ], [ 43824.974999999998545, 5943396.825000000186265 ], [ 43825.42500000000291, 5943396.825000000186265 ], [ 43825.42500000000291, 5943396.75 ], [ 43825.724999999998545, 5943396.75 ], [ 43825.724999999998545, 5943396.674999999813735 ], [ 43826.099999999998545, 5943396.674999999813735 ], [ 43826.099999999998545, 5943396.599999999627471 ], [ 43826.474999999998545, 5943396.599999999627471 ], [ 43826.474999999998545, 5943396.525000000372529 ], [ 43826.625, 5943396.525000000372529 ], [ 43826.625, 5943396.599999999627471 ], [ 43826.92500000000291, 5943396.599999999627471 ], [ 43826.92500000000291, 5943396.674999999813735 ], [ 43827.224999999998545, 5943396.674999999813735 ], [ 43827.224999999998545, 5943396.75 ], [ 43827.525000000001455, 5943396.75 ], [ 43827.525000000001455, 5943396.825000000186265 ], [ 43827.900000000001455, 5943396.825000000186265 ], [ 43827.900000000001455, 5943396.900000000372529 ], [ 43828.19999999999709, 5943396.900000000372529 ], [ 43828.19999999999709, 5943396.974999999627471 ], [ 43828.57499999999709, 5943396.974999999627471 ], [ 43828.57499999999709, 5943397.049999999813735 ], [ 43828.724999999998545, 5943397.049999999813735 ], [ 43828.724999999998545, 5943397.125 ], [ 43828.875, 5943397.125 ], [ 43828.875, 5943397.200000000186265 ], [ 43829.025000000001455, 5943397.200000000186265 ], [ 43829.025000000001455, 5943397.275000000372529 ], [ 43829.17500000000291, 5943397.275000000372529 ], [ 43829.17500000000291, 5943397.349999999627471 ], [ 43829.25, 5943397.349999999627471 ], [ 43829.25, 5943397.424999999813735 ], [ 43829.400000000001455, 5943397.424999999813735 ], [ 43829.400000000001455, 5943397.5 ], [ 43829.55000000000291, 5943397.5 ], [ 43829.55000000000291, 5943397.575000000186265 ], [ 43829.625, 5943397.575000000186265 ], [ 43829.625, 5943397.650000000372529 ], [ 43829.775000000001455, 5943397.650000000372529 ], [ 43829.775000000001455, 5943397.724999999627471 ], [ 43829.849999999998545, 5943397.724999999627471 ], [ 43829.849999999998545, 5943397.799999999813735 ], [ 43830.0, 5943397.799999999813735 ], [ 43830.0, 5943397.875 ], [ 43830.07499999999709, 5943397.875 ], [ 43830.07499999999709, 5943397.950000000186265 ], [ 43830.150000000001455, 5943397.950000000186265 ], [ 43830.150000000001455, 5943398.025000000372529 ], [ 43830.30000000000291, 5943398.025000000372529 ], [ 43830.30000000000291, 5943398.099999999627471 ], [ 43830.375, 5943398.099999999627471 ], [ 43830.375, 5943398.174999999813735 ], [ 43830.44999999999709, 5943398.174999999813735 ], [ 43830.44999999999709, 5943398.25 ], [ 43830.525000000001455, 5943398.25 ], [ 43830.525000000001455, 5943398.325000000186265 ], [ 43830.599999999998545, 5943398.325000000186265 ], [ 43830.599999999998545, 5943398.400000000372529 ], [ 43830.67500000000291, 5943398.400000000372529 ], [ 43830.67500000000291, 5943398.474999999627471 ], [ 43830.75, 5943398.474999999627471 ], [ 43830.75, 5943398.549999999813735 ], [ 43830.82499999999709, 5943398.549999999813735 ], [ 43830.82499999999709, 5943398.625 ], [ 43830.900000000001455, 5943398.625 ], [ 43830.900000000001455, 5943398.700000000186265 ], [ 43830.974999999998545, 5943398.700000000186265 ], [ 43830.974999999998545, 5943398.775000000372529 ], [ 43831.05000000000291, 5943398.775000000372529 ], [ 43831.05000000000291, 5943398.849999999627471 ], [ 43831.125, 5943398.849999999627471 ], [ 43831.125, 5943398.924999999813735 ], [ 43831.19999999999709, 5943398.924999999813735 ], [ 43831.19999999999709, 5943399.0 ], [ 43831.275000000001455, 5943399.0 ], [ 43831.275000000001455, 5943399.075000000186265 ], [ 43831.349999999998545, 5943399.075000000186265 ], [ 43831.349999999998545, 5943399.150000000372529 ], [ 43831.42500000000291, 5943399.150000000372529 ], [ 43831.42500000000291, 5943399.224999999627471 ], [ 43831.5, 5943399.224999999627471 ], [ 43831.5, 5943399.299999999813735 ], [ 43831.57499999999709, 5943399.299999999813735 ], [ 43831.57499999999709, 5943399.375 ], [ 43831.650000000001455, 5943399.375 ], [ 43831.650000000001455, 5943399.450000000186265 ], [ 43831.724999999998545, 5943399.450000000186265 ], [ 43831.724999999998545, 5943399.525000000372529 ], [ 43831.80000000000291, 5943399.525000000372529 ], [ 43831.80000000000291, 5943399.674999999813735 ], [ 43831.875, 5943399.674999999813735 ], [ 43831.875, 5943399.75 ], [ 43831.94999999999709, 5943399.75 ], [ 43831.94999999999709, 5943399.825000000186265 ], [ 43832.025000000001455, 5943399.825000000186265 ], [ 43832.025000000001455, 5943399.900000000372529 ], [ 43832.099999999998545, 5943399.900000000372529 ], [ 43832.099999999998545, 5943399.974999999627471 ], [ 43832.17500000000291, 5943399.974999999627471 ], [ 43832.17500000000291, 5943400.125 ], [ 43832.25, 5943400.125 ], [ 43832.25, 5943400.200000000186265 ], [ 43832.32499999999709, 5943400.200000000186265 ], [ 43832.32499999999709, 5943400.275000000372529 ], [ 43832.400000000001455, 5943400.275000000372529 ], [ 43832.400000000001455, 5943400.349999999627471 ], [ 43832.474999999998545, 5943400.349999999627471 ], [ 43832.474999999998545, 5943400.424999999813735 ], [ 43832.55000000000291, 5943400.424999999813735 ], [ 43832.55000000000291, 5943400.5 ], [ 43832.625, 5943400.5 ], [ 43832.625, 5943400.650000000372529 ], [ 43832.69999999999709, 5943400.650000000372529 ], [ 43832.69999999999709, 5943400.724999999627471 ], [ 43832.775000000001455, 5943400.724999999627471 ], [ 43832.775000000001455, 5943400.799999999813735 ], [ 43832.849999999998545, 5943400.799999999813735 ], [ 43832.849999999998545, 5943400.950000000186265 ], [ 43832.92500000000291, 5943400.950000000186265 ], [ 43832.92500000000291, 5943401.025000000372529 ], [ 43833.0, 5943401.025000000372529 ], [ 43833.0, 5943401.099999999627471 ], [ 43833.07499999999709, 5943401.099999999627471 ], [ 43833.07499999999709, 5943401.25 ], [ 43833.150000000001455, 5943401.25 ], [ 43833.150000000001455, 5943401.400000000372529 ], [ 43833.224999999998545, 5943401.400000000372529 ], [ 43833.224999999998545, 5943401.549999999813735 ], [ 43833.30000000000291, 5943401.549999999813735 ], [ 43833.30000000000291, 5943401.700000000186265 ], [ 43833.375, 5943401.700000000186265 ], [ 43833.375, 5943401.849999999627471 ], [ 43833.44999999999709, 5943401.849999999627471 ], [ 43833.44999999999709, 5943402.0 ], [ 43833.525000000001455, 5943402.0 ], [ 43833.525000000001455, 5943402.150000000372529 ], [ 43833.599999999998545, 5943402.150000000372529 ], [ 43833.599999999998545, 5943402.450000000186265 ], [ 43833.67500000000291, 5943402.450000000186265 ], [ 43833.67500000000291, 5943402.674999999813735 ], [ 43833.75, 5943402.674999999813735 ], [ 43833.75, 5943402.974999999627471 ], [ 43833.82499999999709, 5943402.974999999627471 ], [ 43833.82499999999709, 5943403.200000000186265 ], [ 43833.900000000001455, 5943403.200000000186265 ], [ 43833.900000000001455, 5943403.424999999813735 ], [ 43833.974999999998545, 5943403.424999999813735 ], [ 43833.974999999998545, 5943403.650000000372529 ], [ 43834.05000000000291, 5943403.650000000372529 ], [ 43834.05000000000291, 5943403.799999999813735 ], [ 43834.125, 5943403.799999999813735 ], [ 43834.125, 5943404.025000000372529 ], [ 43834.19999999999709, 5943404.025000000372529 ], [ 43834.19999999999709, 5943404.174999999813735 ], [ 43834.275000000001455, 5943404.174999999813735 ], [ 43834.275000000001455, 5943404.474999999627471 ], [ 43834.349999999998545, 5943404.474999999627471 ], [ 43834.349999999998545, 5943404.625 ], [ 43834.42500000000291, 5943404.625 ], [ 43834.42500000000291, 5943404.775000000372529 ], [ 43834.5, 5943404.775000000372529 ], [ 43834.5, 5943405.0 ], [ 43834.57499999999709, 5943405.0 ], [ 43834.57499999999709, 5943405.150000000372529 ], [ 43834.650000000001455, 5943405.150000000372529 ], [ 43834.650000000001455, 5943405.299999999813735 ], [ 43834.724999999998545, 5943405.299999999813735 ], [ 43834.724999999998545, 5943405.450000000186265 ], [ 43834.80000000000291, 5943405.450000000186265 ], [ 43834.80000000000291, 5943405.674999999813735 ], [ 43834.875, 5943405.674999999813735 ], [ 43834.875, 5943405.825000000186265 ], [ 43834.94999999999709, 5943405.825000000186265 ], [ 43834.94999999999709, 5943406.049999999813735 ], [ 43835.025000000001455, 5943406.049999999813735 ], [ 43835.025000000001455, 5943406.275000000372529 ], [ 43835.099999999998545, 5943406.275000000372529 ], [ 43835.099999999998545, 5943406.5 ], [ 43835.17500000000291, 5943406.5 ], [ 43835.17500000000291, 5943406.724999999627471 ], [ 43835.25, 5943406.724999999627471 ], [ 43835.25, 5943406.950000000186265 ], [ 43835.32499999999709, 5943406.950000000186265 ], [ 43835.32499999999709, 5943407.174999999813735 ], [ 43835.400000000001455, 5943407.174999999813735 ], [ 43835.400000000001455, 5943407.400000000372529 ], [ 43835.474999999998545, 5943407.400000000372529 ], [ 43835.474999999998545, 5943407.700000000186265 ], [ 43835.55000000000291, 5943407.700000000186265 ], [ 43835.55000000000291, 5943407.924999999813735 ], [ 43835.625, 5943407.924999999813735 ], [ 43835.625, 5943408.150000000372529 ], [ 43835.69999999999709, 5943408.150000000372529 ], [ 43835.69999999999709, 5943408.450000000186265 ], [ 43835.775000000001455, 5943408.450000000186265 ], [ 43835.775000000001455, 5943408.75 ], [ 43835.849999999998545, 5943408.75 ], [ 43835.849999999998545, 5943408.974999999627471 ], [ 43835.92500000000291, 5943408.974999999627471 ], [ 43835.92500000000291, 5943409.200000000186265 ], [ 43836.0, 5943409.200000000186265 ], [ 43836.0, 5943409.5 ], [ 43836.07499999999709, 5943409.5 ], [ 43836.07499999999709, 5943409.724999999627471 ], [ 43836.150000000001455, 5943409.724999999627471 ], [ 43836.150000000001455, 5943409.950000000186265 ], [ 43836.224999999998545, 5943409.950000000186265 ], [ 43836.224999999998545, 5943410.474999999627471 ], [ 43836.30000000000291, 5943410.474999999627471 ], [ 43836.30000000000291, 5943410.924999999813735 ], [ 43836.375, 5943410.924999999813735 ], [ 43836.375, 5943411.299999999813735 ], [ 43836.44999999999709, 5943411.299999999813735 ], [ 43836.44999999999709, 5943411.599999999627471 ], [ 43836.525000000001455, 5943411.599999999627471 ], [ 43836.525000000001455, 5943412.125 ], [ 43836.375, 5943412.125 ], [ 43836.375, 5943412.200000000186265 ], [ 43836.30000000000291, 5943412.200000000186265 ], [ 43836.30000000000291, 5943412.349999999627471 ], [ 43836.224999999998545, 5943412.349999999627471 ], [ 43836.224999999998545, 5943412.575000000186265 ], [ 43836.150000000001455, 5943412.575000000186265 ], [ 43836.150000000001455, 5943412.724999999627471 ], [ 43836.07499999999709, 5943412.724999999627471 ], [ 43836.07499999999709, 5943412.950000000186265 ], [ 43836.0, 5943412.950000000186265 ], [ 43836.0, 5943413.174999999813735 ], [ 43835.92500000000291, 5943413.174999999813735 ], [ 43835.92500000000291, 5943413.325000000186265 ], [ 43835.849999999998545, 5943413.325000000186265 ], [ 43835.849999999998545, 5943413.549999999813735 ], [ 43835.775000000001455, 5943413.549999999813735 ], [ 43835.775000000001455, 5943413.775000000372529 ], [ 43835.69999999999709, 5943413.775000000372529 ], [ 43835.69999999999709, 5943413.924999999813735 ], [ 43835.625, 5943413.924999999813735 ], [ 43835.625, 5943414.150000000372529 ], [ 43835.55000000000291, 5943414.150000000372529 ], [ 43835.55000000000291, 5943414.375 ], [ 43835.474999999998545, 5943414.375 ], [ 43835.474999999998545, 5943414.525000000372529 ], [ 43835.400000000001455, 5943414.525000000372529 ], [ 43835.400000000001455, 5943414.75 ], [ 43835.32499999999709, 5943414.75 ], [ 43835.32499999999709, 5943414.900000000372529 ], [ 43835.25, 5943414.900000000372529 ], [ 43835.25, 5943415.125 ], [ 43835.17500000000291, 5943415.125 ], [ 43835.17500000000291, 5943415.275000000372529 ], [ 43835.099999999998545, 5943415.275000000372529 ], [ 43835.099999999998545, 5943415.5 ], [ 43835.025000000001455, 5943415.5 ], [ 43835.025000000001455, 5943415.650000000372529 ], [ 43834.94999999999709, 5943415.650000000372529 ], [ 43834.94999999999709, 5943415.875 ], [ 43834.875, 5943415.875 ], [ 43834.875, 5943416.025000000372529 ], [ 43834.80000000000291, 5943416.025000000372529 ], [ 43834.80000000000291, 5943416.174999999813735 ], [ 43834.724999999998545, 5943416.174999999813735 ], [ 43834.724999999998545, 5943416.400000000372529 ], [ 43834.650000000001455, 5943416.400000000372529 ], [ 43834.650000000001455, 5943416.549999999813735 ], [ 43834.57499999999709, 5943416.549999999813735 ], [ 43834.57499999999709, 5943416.700000000186265 ], [ 43834.5, 5943416.700000000186265 ], [ 43834.5, 5943416.849999999627471 ], [ 43834.42500000000291, 5943416.849999999627471 ], [ 43834.42500000000291, 5943417.0 ], [ 43834.349999999998545, 5943417.0 ], [ 43834.349999999998545, 5943417.150000000372529 ], [ 43834.275000000001455, 5943417.150000000372529 ], [ 43834.275000000001455, 5943417.375 ], [ 43834.19999999999709, 5943417.375 ], [ 43834.19999999999709, 5943417.599999999627471 ], [ 43834.125, 5943417.599999999627471 ], [ 43834.125, 5943417.825000000186265 ], [ 43834.05000000000291, 5943417.825000000186265 ], [ 43834.05000000000291, 5943417.974999999627471 ], [ 43833.974999999998545, 5943417.974999999627471 ], [ 43833.974999999998545, 5943418.125 ], [ 43833.900000000001455, 5943418.125 ], [ 43833.900000000001455, 5943418.275000000372529 ], [ 43833.82499999999709, 5943418.275000000372529 ], [ 43833.82499999999709, 5943418.5 ], [ 43833.75, 5943418.5 ], [ 43833.75, 5943418.650000000372529 ], [ 43833.67500000000291, 5943418.650000000372529 ], [ 43833.67500000000291, 5943418.799999999813735 ], [ 43833.599999999998545, 5943418.799999999813735 ], [ 43833.599999999998545, 5943418.950000000186265 ], [ 43833.525000000001455, 5943418.950000000186265 ], [ 43833.525000000001455, 5943419.099999999627471 ], [ 43833.44999999999709, 5943419.099999999627471 ], [ 43833.44999999999709, 5943419.325000000186265 ], [ 43833.375, 5943419.325000000186265 ], [ 43833.375, 5943419.474999999627471 ], [ 43833.30000000000291, 5943419.474999999627471 ], [ 43833.30000000000291, 5943419.625 ], [ 43833.224999999998545, 5943419.625 ], [ 43833.224999999998545, 5943419.849999999627471 ], [ 43833.150000000001455, 5943419.849999999627471 ], [ 43833.150000000001455, 5943419.924999999813735 ], [ 43833.07499999999709, 5943419.924999999813735 ], [ 43833.07499999999709, 5943420.075000000186265 ], [ 43833.0, 5943420.075000000186265 ], [ 43833.0, 5943420.150000000372529 ], [ 43832.92500000000291, 5943420.150000000372529 ], [ 43832.92500000000291, 5943420.224999999627471 ], [ 43832.849999999998545, 5943420.224999999627471 ], [ 43832.849999999998545, 5943420.299999999813735 ], [ 43832.775000000001455, 5943420.299999999813735 ], [ 43832.775000000001455, 5943420.450000000186265 ], [ 43832.69999999999709, 5943420.450000000186265 ], [ 43832.69999999999709, 5943420.525000000372529 ], [ 43832.625, 5943420.525000000372529 ], [ 43832.625, 5943420.599999999627471 ], [ 43832.55000000000291, 5943420.599999999627471 ], [ 43832.55000000000291, 5943420.674999999813735 ], [ 43832.474999999998545, 5943420.674999999813735 ], [ 43832.474999999998545, 5943420.75 ], [ 43832.32499999999709, 5943420.75 ], [ 43832.32499999999709, 5943420.825000000186265 ], [ 43832.25, 5943420.825000000186265 ], [ 43832.25, 5943420.900000000372529 ], [ 43832.17500000000291, 5943420.900000000372529 ], [ 43832.17500000000291, 5943420.974999999627471 ], [ 43832.099999999998545, 5943420.974999999627471 ], [ 43832.099999999998545, 5943421.049999999813735 ], [ 43832.025000000001455, 5943421.049999999813735 ], [ 43832.025000000001455, 5943421.125 ], [ 43831.94999999999709, 5943421.125 ], [ 43831.94999999999709, 5943421.200000000186265 ], [ 43831.875, 5943421.200000000186265 ], [ 43831.875, 5943421.275000000372529 ], [ 43831.80000000000291, 5943421.275000000372529 ], [ 43831.80000000000291, 5943421.349999999627471 ], [ 43831.724999999998545, 5943421.349999999627471 ], [ 43831.724999999998545, 5943421.424999999813735 ], [ 43831.650000000001455, 5943421.424999999813735 ], [ 43831.650000000001455, 5943421.5 ], [ 43831.57499999999709, 5943421.5 ], [ 43831.57499999999709, 5943421.575000000186265 ], [ 43831.5, 5943421.575000000186265 ], [ 43831.5, 5943421.650000000372529 ], [ 43831.42500000000291, 5943421.650000000372529 ], [ 43831.42500000000291, 5943421.799999999813735 ], [ 43831.349999999998545, 5943421.799999999813735 ], [ 43831.349999999998545, 5943421.875 ], [ 43831.275000000001455, 5943421.875 ], [ 43831.275000000001455, 5943421.950000000186265 ], [ 43831.19999999999709, 5943421.950000000186265 ], [ 43831.19999999999709, 5943422.025000000372529 ], [ 43831.125, 5943422.025000000372529 ], [ 43831.125, 5943422.099999999627471 ], [ 43831.05000000000291, 5943422.099999999627471 ], [ 43831.05000000000291, 5943422.174999999813735 ], [ 43830.974999999998545, 5943422.174999999813735 ], [ 43830.974999999998545, 5943422.25 ], [ 43830.900000000001455, 5943422.25 ], [ 43830.900000000001455, 5943422.325000000186265 ], [ 43830.75, 5943422.325000000186265 ], [ 43830.75, 5943422.400000000372529 ], [ 43830.67500000000291, 5943422.400000000372529 ], [ 43830.67500000000291, 5943422.474999999627471 ], [ 43830.599999999998545, 5943422.474999999627471 ], [ 43830.599999999998545, 5943422.549999999813735 ], [ 43830.44999999999709, 5943422.549999999813735 ], [ 43830.44999999999709, 5943422.625 ], [ 43830.30000000000291, 5943422.625 ], [ 43830.30000000000291, 5943422.700000000186265 ], [ 43830.224999999998545, 5943422.700000000186265 ], [ 43830.224999999998545, 5943422.775000000372529 ], [ 43830.07499999999709, 5943422.775000000372529 ], [ 43830.07499999999709, 5943422.849999999627471 ], [ 43829.92500000000291, 5943422.849999999627471 ], [ 43829.92500000000291, 5943422.924999999813735 ], [ 43829.775000000001455, 5943422.924999999813735 ], [ 43829.775000000001455, 5943423.0 ], [ 43829.69999999999709, 5943423.0 ], [ 43829.69999999999709, 5943423.075000000186265 ], [ 43829.55000000000291, 5943423.075000000186265 ], [ 43829.55000000000291, 5943423.150000000372529 ], [ 43829.474999999998545, 5943423.150000000372529 ], [ 43829.474999999998545, 5943423.224999999627471 ], [ 43829.32499999999709, 5943423.224999999627471 ], [ 43829.32499999999709, 5943423.299999999813735 ], [ 43829.17500000000291, 5943423.299999999813735 ], [ 43829.17500000000291, 5943423.375 ], [ 43829.099999999998545, 5943423.375 ], [ 43829.099999999998545, 5943423.450000000186265 ], [ 43828.94999999999709, 5943423.450000000186265 ], [ 43828.94999999999709, 5943423.525000000372529 ], [ 43828.875, 5943423.525000000372529 ], [ 43828.875, 5943423.599999999627471 ], [ 43828.724999999998545, 5943423.599999999627471 ], [ 43828.724999999998545, 5943423.674999999813735 ], [ 43828.650000000001455, 5943423.674999999813735 ], [ 43828.650000000001455, 5943423.75 ], [ 43828.5, 5943423.75 ], [ 43828.5, 5943423.825000000186265 ], [ 43828.19999999999709, 5943423.825000000186265 ], [ 43828.19999999999709, 5943423.900000000372529 ], [ 43827.900000000001455, 5943423.900000000372529 ], [ 43827.900000000001455, 5943423.974999999627471 ], [ 43827.599999999998545, 5943423.974999999627471 ], [ 43827.599999999998545, 5943424.049999999813735 ], [ 43827.30000000000291, 5943424.049999999813735 ], [ 43827.30000000000291, 5943424.125 ], [ 43827.0, 5943424.125 ], [ 43827.0, 5943424.200000000186265 ], [ 43826.69999999999709, 5943424.200000000186265 ], [ 43826.69999999999709, 5943424.275000000372529 ], [ 43826.32499999999709, 5943424.275000000372529 ] ] ] } },
{ "type": "Feature", "properties": { "value": 1.0, "building_id": 24, "area": 393.05250000002201 }, "geometry": { "type": "Polygon", "coordinates": [ [ [ 43859.69999999999709, 5943416.775000000372529 ], [ 43859.69999999999709, 5943416.700000000186265 ], [ 43858.724999999998545, 5943416.700000000186265 ], [ 43858.724999999998545, 5943416.625 ], [ 43857.525000000001455, 5943416.625 ], [ 43857.525000000001455, 5943416.549999999813735 ], [ 43856.775000000001455, 5943416.549999999813735 ], [ 43856.775000000001455, 5943416.474999999627471 ], [ 43855.5, 5943416.474999999627471 ], [ 43855.5, 5943416.400000000372529 ], [ 43854.82499999999709, 5943416.400000000372529 ], [ 43854.82499999999709, 5943416.25 ], [ 43854.75, 5943416.25 ], [ 43854.75, 5943416.174999999813735 ], [ 43854.67500000000291, 5943416.174999999813735 ], [ 43854.67500000000291, 5943416.025000000372529 ], [ 43854.599999999998545, 5943416.025000000372529 ], [ 43854.599999999998545, 5943415.875 ], [ 43854.44999999999709, 5943415.875 ], [ 43854.44999999999709, 5943415.799999999813735 ], [ 43854.375, 5943415.799999999813735 ], [ 43854.375, 5943415.724999999627471 ], [ 43854.30000000000291, 5943415.724999999627471 ], [ 43854.30000000000291, 5943415.650000000372529 ], [ 43854.150000000001455, 5943415.650000000372529 ], [ 43854.150000000001455, 5943415.575000000186265 ], [ 43854.07499999999709, 5943415.575000000186265 ], [ 43854.07499999999709, 5943415.5 ], [ 43853.92500000000291, 5943415.5 ], [ 43853.92500000000291, 5943415.424999999813735 ], [ 43853.775000000001455, 5943415.424999999813735 ], [ 43853.775000000001455, 5943415.349999999627471 ], [ 43853.625, 5943415.349999999627471 ], [ 43853.625, 5943415.275000000372529 ], [ 43853.55000000000291, 5943415.275000000372529 ], [ 43853.55000000000291, 5943415.200000000186265 ], [ 43853.400000000001455, 5943415.200000000186265 ], [ 43853.400000000001455, 5943415.125 ], [ 43853.25, 5943415.125 ], [ 43853.25, 5943415.049999999813735 ], [ 43853.099999999998545, 5943415.049999999813735 ], [ 43853.099999999998545, 5943414.974999999627471 ], [ 43852.875, 5943414.974999999627471 ], [ 43852.875, 5943414.900000000372529 ], [ 43852.724999999998545, 5943414.900000000372529 ], [ 43852.724999999998545, 5943414.825000000186265 ], [ 43852.57499999999709, 5943414.825000000186265 ], [ 43852.57499999999709, 5943414.75 ], [ 43852.349999999998545, 5943414.75 ], [ 43852.349999999998545, 5943414.674999999813735 ], [ 43852.125, 5943414.674999999813735 ], [ 43852.125, 5943414.599999999627471 ], [ 43851.974999999998545, 5943414.599999999627471 ], [ 43851.974999999998545, 5943414.525000000372529 ], [ 43851.82499999999709, 5943414.525000000372529 ], [ 43851.82499999999709, 5943414.450000000186265 ], [ 43851.67500000000291, 5943414.450000000186265 ], [ 43851.67500000000291, 5943414.375 ], [ 43851.525000000001455, 5943414.375 ], [ 43851.525000000001455, 5943414.299999999813735 ], [ 43851.375, 5943414.299999999813735 ], [ 43851.375, 5943414.224999999627471 ], [ 43851.224999999998545, 5943414.224999999627471 ], [ 43851.224999999998545, 5943414.150000000372529 ], [ 43851.07499999999709, 5943414.150000000372529 ], [ 43851.07499999999709, 5943414.075000000186265 ], [ 43851.0, 5943414.075000000186265 ], [ 43851.0, 5943414.0 ], [ 43850.849999999998545, 5943414.0 ], [ 43850.849999999998545, 5943413.924999999813735 ], [ 43850.775000000001455, 5943413.924999999813735 ], [ 43850.775000000001455, 5943413.849999999627471 ], [ 43850.625, 5943413.849999999627471 ], [ 43850.625, 5943413.775000000372529 ], [ 43850.474999999998545, 5943413.775000000372529 ], [ 43850.474999999998545, 5943413.700000000186265 ], [ 43850.32499999999709, 5943413.700000000186265 ], [ 43850.32499999999709, 5943413.625 ], [ 43850.17500000000291, 5943413.625 ], [ 43850.17500000000291, 5943413.549999999813735 ], [ 43850.025000000001455, 5943413.549999999813735 ], [ 43850.025000000001455, 5943413.474999999627471 ], [ 43849.94999999999709, 5943413.474999999627471 ], [ 43849.94999999999709, 5943413.400000000372529 ], [ 43849.80000000000291, 5943413.400000000372529 ], [ 43849.80000000000291, 5943413.325000000186265 ], [ 43849.650000000001455, 5943413.325000000186265 ], [ 43849.650000000001455, 5943413.25 ], [ 43849.57499999999709, 5943413.25 ], [ 43849.57499999999709, 5943413.174999999813735 ], [ 43849.42500000000291, 5943413.174999999813735 ], [ 43849.42500000000291, 5943413.099999999627471 ], [ 43849.349999999998545, 5943413.099999999627471 ], [ 43849.349999999998545, 5943413.025000000372529 ], [ 43849.275000000001455, 5943413.025000000372529 ], [ 43849.275000000001455, 5943412.950000000186265 ], [ 43849.125, 5943412.950000000186265 ], [ 43849.125, 5943412.875 ], [ 43849.05000000000291, 5943412.875 ], [ 43849.05000000000291, 5943412.799999999813735 ], [ 43848.974999999998545, 5943412.799999999813735 ], [ 43848.974999999998545, 5943412.724999999627471 ], [ 43848.900000000001455, 5943412.724999999627471 ], [ 43848.900000000001455, 5943412.650000000372529 ], [ 43848.82499999999709, 5943412.650000000372529 ], [ 43848.82499999999709, 5943412.575000000186265 ], [ 43848.67500000000291, 5943412.575000000186265 ], [ 43848.67500000000291, 5943412.5 ], [ 43848.599999999998545, 5943412.5 ], [ 43848.599999999998545, 5943412.424999999813735 ], [ 43848.525000000001455, 5943412.424999999813735 ], [ 43848.525000000001455, 5943412.349999999627471 ], [ 43848.44999999999709, 5943412.349999999627471 ], [ 43848.44999999999709, 5943412.275000000372529 ], [ 43848.375, 5943412.275000000372529 ], [ 43848.375, 5943412.200000000186265 ], [ 43848.30000000000291, 5943412.200000000186265 ], [ 43848.30000000000291, 5943412.125 ], [ 43848.224999999998545, 5943412.125 ], [ 43848.224999999998545, 5943412.049999999813735 ], [ 43848.150000000001455, 5943412.049999999813735 ], [ 43848.150000000001455, 5943411.900000000372529 ], [ 43848.07499999999709, 5943411.900000000372529 ], [ 43848.07499999999709, 5943411.825000000186265 ], [ 43848.0, 5943411.825000000186265 ], [ 43848.0, 5943411.75 ], [ 43847.92500000000291, 5943411.75 ], [ 43847.92500000000291, 5943411.674999999813735 ], [ 43847.849999999998545, 5943411.674999999813735 ], [ 43847.849999999998545, 5943411.525000000372529 ], [ 43847.775000000001455, 5943411.525000000372529 ], [ 43847.775000000001455, 5943411.450000000186265 ], [ 43847.69999999999709, 5943411.450000000186265 ], [ 43847.69999999999709, 5943411.299999999813735 ], [ 43847.625, 5943411.299999999813735 ], [ 43847.625, 5943411.224999999627471 ], [ 43847.55000000000291, 5943411.224999999627471 ], [ 43847.55000000000291, 5943411.075000000186265 ], [ 43847.474999999998545, 5943411.075000000186265 ], [ 43847.474999999998545, 5943411.0 ], [ 43847.400000000001455, 5943411.0 ], [ 43847.400000000001455, 5943410.849999999627471 ], [ 43847.32499999999709, 5943410.849999999627471 ], [ 43847.32499999999709, 5943410.700000000186265 ], [ 43847.25, 5943410.700000000186265 ], [ 43847.25, 5943410.549999999813735 ], [ 43847.17500000000291, 5943410.549999999813735 ], [ 43847.17500000000291, 5943410.400000000372529 ], [ 43847.099999999998545, 5943410.400000000372529 ], [ 43847.099999999998545, 5943410.25 ], [ 43847.025000000001455, 5943410.25 ], [ 43847.025000000001455, 5943410.099999999627471 ], [ 43846.94999999999709, 5943410.099999999627471 ], [ 43846.94999999999709, 5943409.950000000186265 ], [ 43846.875, 5943409.950000000186265 ], [ 43846.875, 5943409.724999999627471 ], [ 43846.80000000000291, 5943409.724999999627471 ], [ 43846.80000000000291, 5943409.575000000186265 ], [ 43846.724999999998545, 5943409.575000000186265 ], [ 43846.724999999998545, 5943409.424999999813735 ], [ 43846.650000000001455, 5943409.424999999813735 ], [ 43846.650000000001455, 5943409.275000000372529 ], [ 43846.57499999999709, 5943409.275000000372529 ], [ 43846.57499999999709, 5943409.125 ], [ 43846.5, 5943409.125 ], [ 43846.5, 5943408.974999999627471 ], [ 43846.42500000000291, 5943408.974999999627471 ], [ 43846.42500000000291, 5943408.825000000186265 ], [ 43846.349999999998545, 5943408.825000000186265 ], [ 43846.349999999998545, 5943408.75 ], [ 43846.275000000001455, 5943408.75 ], [ 43846.275000000001455, 5943408.599999999627471 ], [ 43846.19999999999709, 5943408.599999999627471 ], [ 43846.19999999999709, 5943408.450000000186265 ], [ 43846.125, 5943408.450000000186265 ], [ 43846.125, 5943408.375 ], [ 43846.05000000000291, 5943408.375 ], [ 43846.05000000000291, 5943408.224999999627471 ], [ 43845.974999999998545, 5943408.224999999627471 ], [ 43845.974999999998545, 5943408.150000000372529 ], [ 43845.900000000001455, 5943408.150000000372529 ], [ 43845.900000000001455, 5943408.0 ], [ 43845.82499999999709, 5943408.0 ], [ 43845.82499999999709, 5943407.849999999627471 ], [ 43845.75, 5943407.849999999627471 ], [ 43845.75, 5943407.700000000186265 ], [ 43845.67500000000291, 5943407.700000000186265 ], [ 43845.67500000000291, 5943407.625 ], [ 43845.599999999998545, 5943407.625 ], [ 43845.599999999998545, 5943407.474999999627471 ], [ 43845.525000000001455, 5943407.474999999627471 ], [ 43845.525000000001455, 5943407.325000000186265 ], [ 43845.44999999999709, 5943407.325000000186265 ], [ 43845.44999999999709, 5943407.174999999813735 ], [ 43845.375, 5943407.174999999813735 ], [ 43845.375, 5943406.950000000186265 ], [ 43845.30000000000291, 5943406.950000000186265 ], [ 43845.30000000000291, 5943406.799999999813735 ], [ 43845.224999999998545, 5943406.799999999813735 ], [ 43845.224999999998545, 5943406.650000000372529 ], [ 43845.150000000001455, 5943406.650000000372529 ], [ 43845.150000000001455, 5943406.5 ], [ 43845.07499999999709, 5943406.5 ], [ 43845.07499999999709, 5943406.275000000372529 ], [ 43845.0, 5943406.275000000372529 ], [ 43845.0, 5943406.125 ], [ 43844.92500000000291, 5943406.125 ], [ 43844.92500000000291, 5943405.900000000372529 ], [ 43844.849999999998545, 5943405.900000000372529 ], [ 43844.849999999998545, 5943405.75 ], [ 43844.775000000001455, 5943405.75 ], [ 43844.775000000001455, 5943405.599999999627471 ], [ 43844.69999999999709, 5943405.599999999627471 ], [ 43844.69999999999709, 5943405.450000000186265 ], [ 43844.625, 5943405.450000000186265 ], [ 43844.625, 5943405.224999999627471 ], [ 43844.55000000000291, 5943405.224999999627471 ], [ 43844.55000000000291, 5943405.075000000186265 ], [ 43844.474999999998545, 5943405.075000000186265 ], [ 43844.474999999998545, 5943405.0 ], [ 43844.400000000001455, 5943405.0 ], [ 43844.400000000001455, 5943404.849999999627471 ], [ 43844.32499999999709, 5943404.849999999627471 ], [ 43844.32499999999709, 5943404.700000000186265 ], [ 43844.25, 5943404.700000000186265 ], [ 43844.25, 5943404.549999999813735 ], [ 43844.17500000000291, 5943404.549999999813735 ], [ 43844.17500000000291, 5943404.400000000372529 ], [ 43844.099999999998545, 5943404.400000000372529 ], [ 43844.099999999998545, 5943404.325000000186265 ], [ 43844.025000000001455, 5943404.325000000186265 ], [ 43844.025000000001455, 5943404.25 ], [ 43843.94999999999709, 5943404.25 ], [ 43843.94999999999709, 5943402.224999999627471 ], [ 43844.025000000001455, 5943402.224999999627471 ], [ 43844.025000000001455, 5943402.150000000372529 ], [ 43844.099999999998545, 5943402.150000000372529 ], [ 43844.099999999998545, 5943402.075000000186265 ], [ 43844.17500000000291, 5943402.075000000186265 ], [ 43844.17500000000291, 5943401.924999999813735 ], [ 43844.25, 5943401.924999999813735 ], [ 43844.25, 5943401.849999999627471 ], [ 43844.32499999999709, 5943401.849999999627471 ], [ 43844.32499999999709, 5943401.700000000186265 ], [ 43844.400000000001455, 5943401.700000000186265 ], [ 43844.400000000001455, 5943401.625 ], [ 43844.474999999998545, 5943401.625 ], [ 43844.474999999998545, 5943401.474999999627471 ], [ 43844.55000000000291, 5943401.474999999627471 ], [ 43844.55000000000291, 5943401.325000000186265 ], [ 43844.625, 5943401.325000000186265 ], [ 43844.625, 5943401.174999999813735 ], [ 43844.69999999999709, 5943401.174999999813735 ], [ 43844.69999999999709, 5943401.099999999627471 ], [ 43844.775000000001455, 5943401.099999999627471 ], [ 43844.775000000001455, 5943400.950000000186265 ], [ 43844.849999999998545, 5943400.950000000186265 ], [ 43844.849999999998545, 5943400.799999999813735 ], [ 43844.92500000000291, 5943400.799999999813735 ], [ 43844.92500000000291, 5943400.650000000372529 ], [ 43845.0, 5943400.650000000372529 ], [ 43845.0, 5943400.5 ], [ 43845.07499999999709, 5943400.5 ], [ 43845.07499999999709, 5943400.349999999627471 ], [ 43845.150000000001455, 5943400.349999999627471 ], [ 43845.150000000001455, 5943400.200000000186265 ], [ 43845.224999999998545, 5943400.200000000186265 ], [ 43845.224999999998545, 5943400.049999999813735 ], [ 43845.30000000000291, 5943400.049999999813735 ], [ 43845.30000000000291, 5943399.900000000372529 ], [ 43845.375, 5943399.900000000372529 ], [ 43845.375, 5943399.825000000186265 ], [ 43845.44999999999709, 5943399.825000000186265 ], [ 43845.44999999999709, 5943399.674999999813735 ], [ 43845.525000000001455, 5943399.674999999813735 ], [ 43845.525000000001455, 5943399.599999999627471 ], [ 43845.599999999998545, 5943399.599999999627471 ], [ 43845.599999999998545, 5943399.450000000186265 ], [ 43845.67500000000291, 5943399.450000000186265 ], [ 43845.67500000000291, 5943399.375 ], [ 43845.75, 5943399.375 ], [ 43845.75, 5943399.224999999627471 ], [ 43845.82499999999709, 5943399.224999999627471 ], [ 43845.82499999999709, 5943399.150000000372529 ], [ 43845.900000000001455, 5943399.150000000372529 ], [ 43845.900000000001455, 5943399.075000000186265 ], [ 43845.974999999998545, 5943399.075000000186265 ], [ 43845.974999999998545, 5943399.0 ], [ 43846.05000000000291, 5943399.0 ], [ 43846.05000000000291, 5943398.924999999813735 ], [ 43846.125, 5943398.924999999813735 ], [ 43846.125, 5943398.775000000372529 ], [ 43846.19999999999709, 5943398.775000000372529 ], [ 43846.19999999999709, 5943398.700000000186265 ], [ 43846.275000000001455, 5943398.700000000186265 ], [ 43846.275000000001455, 5943398.625 ], [ 43846.349999999998545, 5943398.625 ], [ 43846.349999999998545, 5943398.474999999627471 ], [ 43846.42500000000291, 5943398.474999999627471 ], [ 43846.42500000000291, 5943398.400000000372529 ], [ 43846.5, 5943398.400000000372529 ], [ 43846.5, 5943398.25 ], [ 43846.57499999999709, 5943398.25 ], [ 43846.57499999999709, 5943398.174999999813735 ], [ 43846.650000000001455, 5943398.174999999813735 ], [ 43846.650000000001455, 5943398.025000000372529 ], [ 43846.724999999998545, 5943398.025000000372529 ], [ 43846.724999999998545, 5943397.950000000186265 ], [ 43846.80000000000291, 5943397.950000000186265 ], [ 43846.80000000000291, 5943397.799999999813735 ], [ 43846.875, 5943397.799999999813735 ], [ 43846.875, 5943397.724999999627471 ], [ 43846.94999999999709, 5943397.724999999627471 ], [ 43846.94999999999709, 5943397.575000000186265 ], [ 43847.025000000001455, 5943397.575000000186265 ], [ 43847.025000000001455, 5943397.5 ], [ 43847.099999999998545, 5943397.5 ], [ 43847.099999999998545, 5943397.349999999627471 ], [ 43847.17500000000291, 5943397.349999999627471 ], [ 43847.17500000000291, 5943397.275000000372529 ], [ 43847.25, 5943397.275000000372529 ], [ 43847.25, 5943397.125 ], [ 43847.32499999999709, 5943397.125 ], [ 43847.32499999999709, 5943397.049999999813735 ], [ 43847.400000000001455, 5943397.049999999813735 ], [ 43847.400000000001455, 5943396.900000000372529 ], [ 43847.474999999998545, 5943396.900000000372529 ], [ 43847.474999999998545, 5943396.825000000186265 ], [ 43847.55000000000291, 5943396.825000000186265 ], [ 43847.55000000000291, 5943396.674999999813735 ], [ 43847.625, 5943396.674999999813735 ], [ 43847.625, 5943396.599999999627471 ], [ 43847.69999999999709, 5943396.599999999627471 ], [ 43847.69999999999709, 5943396.450000000186265 ], [ 43847.775000000001455, 5943396.450000000186265 ], [ 43847.775000000001455, 5943396.375 ], [ 43847.849999999998545, 5943396.375 ], [ 43847.849999999998545, 5943396.299999999813735 ], [ 43847.92500000000291, 5943396.299999999813735 ], [ 43847.92500000000291, 5943396.224999999627471 ], [ 43848.0, 5943396.224999999627471 ], [ 43848.0, 5943396.150000000372529 ], [ 43848.07499999999709, 5943396.150000000372529 ], [ 43848.07499999999709, 5943396.075000000186265 ], [ 43848.224999999998545, 5943396.075000000186265 ], [ 43848.224999999998545, 5943396.0 ], [ 43848.30000000000291, 5943396.0 ], [ 43848.30000000000291, 5943395.924999999813735 ], [ 43848.375, 5943395.924999999813735 ], [ 43848.375, 5943395.849999999627471 ], [ 43848.44999999999709, 5943395.849999999627471 ], [ 43848.44999999999709, 5943395.775000000372529 ], [ 43848.599999999998545, 5943395.775000000372529 ], [ 43848.599999999998545, 5943395.700000000186265 ], [ 43848.67500000000291, 5943395.700000000186265 ], [ 43848.67500000000291, 5943395.625 ], [ 43848.75, 5943395.625 ], [ 43848.75, 5943395.549999999813735 ], [ 43848.82499999999709, 5943395.549999999813735 ], [ 43848.82499999999709, 5943395.474999999627471 ], [ 43848.900000000001455, 5943395.474999999627471 ], [ 43848.900000000001455, 5943395.400000000372529 ], [ 43849.05000000000291, 5943395.400000000372529 ], [ 43849.05000000000291, 5943395.325000000186265 ], [ 43849.125, 5943395.325000000186265 ], [ 43849.125, 5943395.25 ], [ 43849.19999999999709, 5943395.25 ], [ 43849.19999999999709, 5943395.174999999813735 ], [ 43849.275000000001455, 5943395.174999999813735 ], [ 43849.275000000001455, 5943395.099999999627471 ], [ 43849.349999999998545, 5943395.099999999627471 ], [ 43849.349999999998545, 5943395.025000000372529 ], [ 43849.42500000000291, 5943395.025000000372529 ], [ 43849.42500000000291, 5943394.950000000186265 ], [ 43849.57499999999709, 5943394.950000000186265 ], [ 43849.57499999999709, 5943394.875 ], [ 43849.650000000001455, 5943394.875 ], [ 43849.650000000001455, 5943394.799999999813735 ], [ 43849.724999999998545, 5943394.799999999813735 ], [ 43849.724999999998545, 5943394.724999999627471 ], [ 43849.80000000000291, 5943394.724999999627471 ], [ 43849.80000000000291, 5943394.650000000372529 ], [ 43849.875, 5943394.650000000372529 ], [ 43849.875, 5943394.575000000186265 ], [ 43849.94999999999709, 5943394.575000000186265 ], [ 43849.94999999999709, 5943394.5 ], [ 43850.17500000000291, 5943394.5 ], [ 43850.17500000000291, 5943394.424999999813735 ], [ 43850.400000000001455, 5943394.424999999813735 ], [ 43850.400000000001455, 5943394.349999999627471 ], [ 43850.69999999999709, 5943394.349999999627471 ], [ 43850.69999999999709, 5943394.275000000372529 ], [ 43851.0, 5943394.275000000372529 ], [ 43851.0, 5943394.200000000186265 ], [ 43851.375, 5943394.200000000186265 ], [ 43851.375, 5943394.125 ], [ 43851.75, 5943394.125 ], [ 43851.75, 5943394.049999999813735 ], [ 43852.125, 5943394.049999999813735 ], [ 43852.125, 5943394.125 ], [ 43852.349999999998545, 5943394.125 ], [ 43852.349999999998545, 5943394.200000000186265 ], [ 43852.650000000001455, 5943394.200000000186265 ], [ 43852.650000000001455, 5943394.275000000372529 ], [ 43852.875, 5943394.275000000372529 ], [ 43852.875, 5943394.349999999627471 ], [ 43853.025000000001455, 5943394.349999999627471 ], [ 43853.025000000001455, 5943394.424999999813735 ], [ 43853.25, 5943394.424999999813735 ], [ 43853.25, 5943394.5 ], [ 43853.400000000001455, 5943394.5 ], [ 43853.400000000001455, 5943394.575000000186265 ], [ 43853.55000000000291, 5943394.575000000186265 ], [ 43853.55000000000291, 5943394.650000000372529 ], [ 43853.69999999999709, 5943394.650000000372529 ], [ 43853.69999999999709, 5943394.724999999627471 ], [ 43853.92500000000291, 5943394.724999999627471 ], [ 43853.92500000000291, 5943394.799999999813735 ], [ 43854.07499999999709, 5943394.799999999813735 ], [ 43854.07499999999709, 5943394.875 ], [ 43854.224999999998545, 5943394.875 ], [ 43854.224999999998545, 5943394.950000000186265 ], [ 43854.375, 5943394.950000000186265 ], [ 43854.375, 5943395.025000000372529 ], [ 43854.525000000001455, 5943395.025000000372529 ], [ 43854.525000000001455, 5943395.099999999627471 ], [ 43854.75, 5943395.099999999627471 ], [ 43854.75, 5943395.174999999813735 ], [ 43854.900000000001455, 5943395.174999999813735 ], [ 43854.900000000001455, 5943395.25 ], [ 43855.05000000000291, 5943395.25 ], [ 43855.05000000000291, 5943395.325000000186265 ], [ 43855.19999999999709, 5943395.325000000186265 ], [ 43855.19999999999709, 5943395.400000000372529 ], [ 43855.349999999998545, 5943395.400000000372529 ], [ 43855.349999999998545, 5943395.474999999627471 ], [ 43855.5, 5943395.474999999627471 ], [ 43855.5, 5943395.549999999813735 ], [ 43855.650000000001455, 5943395.549999999813735 ], [ 43855.650000000001455, 5943395.625 ], [ 43855.80000000000291, 5943395.625 ], [ 43855.80000000000291, 5943395.700000000186265 ], [ 43855.875, 5943395.700000000186265 ], [ 43855.875, 5943395.775000000372529 ], [ 43856.025000000001455, 5943395.775000000372529 ], [ 43856.025000000001455, 5943395.849999999627471 ], [ 43856.099999999998545, 5943395.849999999627471 ], [ 43856.099999999998545, 5943395.924999999813735 ], [ 43856.25, 5943395.924999999813735 ], [ 43856.25, 5943396.0 ], [ 43856.32499999999709, 5943396.0 ], [ 43856.32499999999709, 5943396.075000000186265 ], [ 43856.474999999998545, 5943396.075000000186265 ], [ 43856.474999999998545, 5943396.150000000372529 ], [ 43856.55000000000291, 5943396.150000000372529 ], [ 43856.55000000000291, 5943396.224999999627471 ], [ 43856.625, 5943396.224999999627471 ], [ 43856.625, 5943396.299999999813735 ], [ 43856.69999999999709, 5943396.299999999813735 ], [ 43856.69999999999709, 5943396.375 ], [ 43856.775000000001455, 5943396.375 ], [ 43856.775000000001455, 5943396.450000000186265 ], [ 43856.849999999998545, 5943396.450000000186265 ], [ 43856.849999999998545, 5943396.525000000372529 ], [ 43856.92500000000291, 5943396.525000000372529 ], [ 43856.92500000000291, 5943396.599999999627471 ], [ 43857.07499999999709, 5943396.599999999627471 ], [ 43857.07499999999709, 5943396.674999999813735 ], [ 43857.150000000001455, 5943396.674999999813735 ], [ 43857.150000000001455, 5943396.75 ], [ 43857.224999999998545, 5943396.75 ], [ 43857.224999999998545, 5943396.825000000186265 ], [ 43857.30000000000291, 5943396.825000000186265 ], [ 43857.30000000000291, 5943396.900000000372529 ], [ 43857.375, 5943396.900000000372529 ], [ 43857.375, 5943396.974999999627471 ], [ 43857.44999999999709, 5943396.974999999627471 ], [ 43857.44999999999709, 5943397.049999999813735 ], [ 43857.599999999998545, 5943397.049999999813735 ], [ 43857.599999999998545, 5943397.125 ], [ 43857.67500000000291, 5943397.125 ], [ 43857.67500000000291, 5943397.200000000186265 ], [ 43857.75, 5943397.200000000186265 ], [ 43857.75, 5943397.275000000372529 ], [ 43857.82499999999709, 5943397.275000000372529 ], [ 43857.82499999999709, 5943397.349999999627471 ], [ 43857.974999999998545, 5943397.349999999627471 ], [ 43857.974999999998545, 5943397.424999999813735 ], [ 43858.05000000000291, 5943397.424999999813735 ], [ 43858.05000000000291, 5943397.5 ], [ 43858.125, 5943397.5 ], [ 43858.125, 5943397.575000000186265 ], [ 43858.275000000001455, 5943397.575000000186265 ], [ 43858.275000000001455, 5943397.650000000372529 ], [ 43858.349999999998545, 5943397.650000000372529 ], [ 43858.349999999998545, 5943397.724999999627471 ], [ 43858.42500000000291, 5943397.724999999627471 ], [ 43858.42500000000291, 5943397.799999999813735 ], [ 43858.5, 5943397.799999999813735 ], [ 43858.5, 5943397.875 ], [ 43858.57499999999709, 5943397.875 ], [ 43858.57499999999709, 5943397.950000000186265 ], [ 43858.650000000001455, 5943397.950000000186265 ], [ 43858.650000000001455, 5943398.025000000372529 ], [ 43858.724999999998545, 5943398.025000000372529 ], [ 43858.724999999998545, 5943398.099999999627471 ], [ 43858.80000000000291, 5943398.099999999627471 ], [ 43858.80000000000291, 5943398.174999999813735 ], [ 43858.875, 5943398.174999999813735 ], [ 43858.875, 5943398.25 ], [ 43858.94999999999709, 5943398.25 ], [ 43858.94999999999709, 5943398.325000000186265 ], [ 43859.025000000001455, 5943398.325000000186265 ], [ 43859.025000000001455, 5943398.400000000372529 ], [ 43859.099999999998545, 5943398.400000000372529 ], [ 43859.099999999998545, 5943398.474999999627471 ], [ 43859.17500000000291, 5943398.474999999627471 ], [ 43859.17500000000291, 5943398.549999999813735 ], [ 43859.25, 5943398.549999999813735 ], [ 43859.25, 5943398.625 ], [ 43859.32499999999709, 5943398.625 ], [ 43859.32499999999709, 5943398.700000000186265 ], [ 43859.400000000001455, 5943398.700000000186265 ], [ 43859.400000000001455, 5943398.775000000372529 ], [ 43859.474999999998545, 5943398.775000000372529 ], [ 43859.474999999998545, 5943398.849999999627471 ], [ 43859.55000000000291, 5943398.849999999627471 ], [ 43859.55000000000291, 5943398.924999999813735 ], [ 43859.625, 5943398.924999999813735 ], [ 43859.625, 5943399.0 ], [ 43859.69999999999709, 5943399.0 ], [ 43859.69999999999709, 5943399.075000000186265 ], [ 43859.849999999998545, 5943399.075000000186265 ], [ 43859.849999999998545, 5943399.150000000372529 ], [ 43859.92500000000291, 5943399.150000000372529 ], [ 43859.92500000000291, 5943399.224999999627471 ], [ 43860.0, 5943399.224999999627471 ], [ 43860.0, 5943399.299999999813735 ], [ 43860.150000000001455, 5943399.299999999813735 ], [ 43860.150000000001455, 5943399.375 ], [ 43860.224999999998545, 5943399.375 ], [ 43860.224999999998545, 5943399.450000000186265 ], [ 43860.30000000000291, 5943399.450000000186265 ], [ 43860.30000000000291, 5943399.525000000372529 ], [ 43860.375, 5943399.525000000372529 ], [ 43860.375, 5943399.599999999627471 ], [ 43860.44999999999709, 5943399.599999999627471 ], [ 43860.44999999999709, 5943399.674999999813735 ], [ 43860.525000000001455, 5943399.674999999813735 ], [ 43860.525000000001455, 5943399.75 ], [ 43860.67500000000291, 5943399.75 ], [ 43860.67500000000291, 5943399.825000000186265 ], [ 43860.75, 5943399.825000000186265 ], [ 43860.75, 5943399.900000000372529 ], [ 43860.82499999999709, 5943399.900000000372529 ], [ 43860.82499999999709, 5943399.974999999627471 ], [ 43860.900000000001455, 5943399.974999999627471 ], [ 43860.900000000001455, 5943400.049999999813735 ], [ 43860.974999999998545, 5943400.049999999813735 ], [ 43860.974999999998545, 5943400.125 ], [ 43861.05000000000291, 5943400.125 ], [ 43861.05000000000291, 5943400.200000000186265 ], [ 43861.125, 5943400.200000000186265 ], [ 43861.125, 5943400.275000000372529 ], [ 43861.19999999999709, 5943400.275000000372529 ], [ 43861.19999999999709, 5943400.349999999627471 ], [ 43861.275000000001455, 5943400.349999999627471 ], [ 43861.275000000001455, 5943400.424999999813735 ], [ 43861.349999999998545, 5943400.424999999813735 ], [ 43861.349999999998545, 5943400.5 ], [ 43861.5, 5943400.5 ], [ 43861.5, 5943400.575000000186265 ], [ 43861.57499999999709, 5943400.575000000186265 ], [ 43861.57499999999709, 5943400.650000000372529 ], [ 43861.650000000001455, 5943400.650000000372529 ], [ 43861.650000000001455, 5943400.724999999627471 ], [ 43861.724999999998545, 5943400.724999999627471 ], [ 43861.724999999998545, 5943400.799999999813735 ], [ 43861.875, 5943400.799999999813735 ], [ 43861.875, 5943400.875 ], [ 43861.94999999999709, 5943400.875 ], [ 43861.94999999999709, 5943400.950000000186265 ], [ 43862.025000000001455, 5943400.950000000186265 ], [ 43862.025000000001455, 5943401.025000000372529 ], [ 43862.099999999998545, 5943401.025000000372529 ], [ 43862.099999999998545, 5943401.099999999627471 ], [ 43862.25, 5943401.099999999627471 ], [ 43862.25, 5943401.174999999813735 ], [ 43862.32499999999709, 5943401.174999999813735 ], [ 43862.32499999999709, 5943401.25 ], [ 43862.400000000001455, 5943401.25 ], [ 43862.400000000001455, 5943401.325000000186265 ], [ 43862.474999999998545, 5943401.325000000186265 ], [ 43862.474999999998545, 5943401.400000000372529 ], [ 43862.625, 5943401.400000000372529 ], [ 43862.625, 5943401.474999999627471 ], [ 43862.69999999999709, 5943401.474999999627471 ], [ 43862.69999999999709, 5943401.549999999813735 ], [ 43862.775000000001455, 5943401.549999999813735 ], [ 43862.775000000001455, 5943401.625 ], [ 43862.849999999998545, 5943401.625 ], [ 43862.849999999998545, 5943401.700000000186265 ], [ 43862.92500000000291, 5943401.700000000186265 ], [ 43862.92500000000291, 5943401.775000000372529 ], [ 43863.0, 5943401.775000000372529 ], [ 43863.0, 5943401.849999999627471 ], [ 43863.150000000001455, 5943401.849999999627471 ], [ 43863.150000000001455, 5943401.924999999813735 ], [ 43863.224999999998545, 5943401.924999999813735 ], [ 43863.224999999998545, 5943402.0 ], [ 43863.30000000000291, 5943402.0 ], [ 43863.30000000000291, 5943402.075000000186265 ], [ 43863.375, 5943402.075000000186265 ], [ 43863.375, 5943402.150000000372529 ], [ 43863.44999999999709, 5943402.150000000372529 ], [ 43863.44999999999709, 5943402.224999999627471 ], [ 43863.525000000001455, 5943402.224999999627471 ], [ 43863.525000000001455, 5943402.299999999813735 ], [ 43863.599999999998545, 5943402.299999999813735 ], [ 43863.599999999998545, 5943402.375 ], [ 43863.67500000000291, 5943402.375 ], [ 43863.67500000000291, 5943402.450000000186265 ], [ 43863.75, 5943402.450000000186265 ], [ 43863.75, 5943402.525000000372529 ], [ 43863.82499999999709, 5943402.525000000372529 ], [ 43863.82499999999709, 5943402.599999999627471 ], [ 43863.900000000001455, 5943402.599999999627471 ], [ 43863.900000000001455, 5943402.674999999813735 ], [ 43863.974999999998545, 5943402.674999999813735 ], [ 43863.974999999998545, 5943402.75 ], [ 43864.05000000000291, 5943402.75 ], [ 43864.05000000000291, 5943402.825000000186265 ], [ 43864.125, 5943402.825000000186265 ], [ 43864.125, 5943402.900000000372529 ], [ 43864.19999999999709, 5943402.900000000372529 ], [ 43864.19999999999709, 5943403.049999999813735 ], [ 43864.275000000001455, 5943403.049999999813735 ], [ 43864.275000000001455, 5943403.125 ], [ 43864.349999999998545, 5943403.125 ], [ 43864.349999999998545, 5943403.200000000186265 ], [ 43864.42500000000291, 5943403.200000000186265 ], [ 43864.42500000000291, 5943403.275000000372529 ], [ 43864.5, 5943403.275000000372529 ], [ 43864.5, 5943403.349999999627471 ], [ 43864.57499999999709, 5943403.349999999627471 ], [ 43864.57499999999709, 5943403.424999999813735 ], [ 43864.650000000001455, 5943403.424999999813735 ], [ 43864.650000000001455, 5943403.5 ], [ 43864.724999999998545, 5943403.5 ], [ 43864.724999999998545, 5943403.575000000186265 ], [ 43864.80000000000291, 5943403.575000000186265 ], [ 43864.80000000000291, 5943403.650000000372529 ], [ 43864.875, 5943403.650000000372529 ], [ 43864.875, 5943403.724999999627471 ], [ 43865.025000000001455, 5943403.724999999627471 ], [ 43865.025000000001455, 5943403.799999999813735 ], [ 43865.099999999998545, 5943403.799999999813735 ], [ 43865.099999999998545, 5943403.875 ], [ 43865.17500000000291, 5943403.875 ], [ 43865.17500000000291, 5943403.950000000186265 ], [ 43865.25, 5943403.950000000186265 ], [ 43865.25, 5943404.025000000372529 ], [ 43865.32499999999709, 5943404.025000000372529 ], [ 43865.32499999999709, 5943404.099999999627471 ], [ 43865.400000000001455, 5943404.099999999627471 ], [ 43865.400000000001455, 5943404.174999999813735 ], [ 43865.474999999998545, 5943404.174999999813735 ], [ 43865.474999999998545, 5943404.25 ], [ 43865.55000000000291, 5943404.25 ], [ 43865.55000000000291, 5943404.325000000186265 ], [ 43865.625, 5943404.325000000186265 ], [ 43865.625, 5943404.400000000372529 ], [ 43865.69999999999709, 5943404.400000000372529 ], [ 43865.69999999999709, 5943404.474999999627471 ], [ 43865.775000000001455, 5943404.474999999627471 ], [ 43865.775000000001455, 5943404.549999999813735 ], [ 43865.849999999998545, 5943404.549999999813735 ], [ 43865.849999999998545, 5943404.625 ], [ 43865.92500000000291, 5943404.625 ], [ 43865.92500000000291, 5943404.700000000186265 ], [ 43866.07499999999709, 5943404.700000000186265 ], [ 43866.07499999999709, 5943404.775000000372529 ], [ 43866.150000000001455, 5943404.775000000372529 ], [ 43866.150000000001455, 5943404.849999999627471 ], [ 43866.224999999998545, 5943404.849999999627471 ], [ 43866.224999999998545, 5943404.924999999813735 ], [ 43866.30000000000291, 5943404.924999999813735 ], [ 43866.30000000000291, 5943405.0 ], [ 43866.44999999999709, 5943405.0 ], [ 43866.44999999999709, 5943405.075000000186265 ], [ 43866.525000000001455, 5943405.075000000186265 ], [ 43866.525000000001455, 5943405.150000000372529 ], [ 43866.599999999998545, 5943405.150000000372529 ], [ 43866.599999999998545, 5943405.224999999627471 ], [ 43866.67500000000291, 5943405.224999999627471 ], [ 43866.67500000000291, 5943405.299999999813735 ], [ 43866.82499999999709, 5943405.299999999813735 ], [ 43866.82499999999709, 5943405.375 ], [ 43866.900000000001455, 5943405.375 ], [ 43866.900000000001455, 5943405.450000000186265 ], [ 43866.974999999998545, 5943405.450000000186265 ], [ 43866.974999999998545, 5943405.525000000372529 ], [ 43867.125, 5943405.525000000372529 ], [ 43867.125, 5943405.599999999627471 ], [ 43867.19999999999709, 5943405.599999999627471 ], [ 43867.19999999999709, 5943405.674999999813735 ], [ 43867.275000000001455, 5943405.674999999813735 ], [ 43867.275000000001455, 5943405.75 ], [ 43867.349999999998545, 5943405.75 ], [ 43867.349999999998545, 5943405.825000000186265 ], [ 43867.5, 5943405.825000000186265 ], [ 43867.5, 5943405.900000000372529 ], [ 43867.57499999999709, 5943405.900000000372529 ], [ 43867.57499999999709, 5943405.974999999627471 ], [ 43867.724999999998545, 5943405.974999999627471 ], [ 43867.724999999998545, 5943406.049999999813735 ], [ 43867.80000000000291, 5943406.049999999813735 ], [ 43867.80000000000291, 5943406.125 ], [ 43867.875, 5943406.125 ], [ 43867.875, 5943406.200000000186265 ], [ 43868.025000000001455, 5943406.200000000186265 ], [ 43868.025000000001455, 5943406.275000000372529 ], [ 43868.099999999998545, 5943406.275000000372529 ], [ 43868.099999999998545, 5943406.349999999627471 ], [ 43868.17500000000291, 5943406.349999999627471 ], [ 43868.17500000000291, 5943406.424999999813735 ], [ 43868.32499999999709, 5943406.424999999813735 ], [ 43868.32499999999709, 5943406.5 ], [ 43868.400000000001455, 5943406.5 ], [ 43868.400000000001455, 5943406.575000000186265 ], [ 43868.474999999998545, 5943406.575000000186265 ], [ 43868.474999999998545, 5943406.650000000372529 ], [ 43868.55000000000291, 5943406.650000000372529 ], [ 43868.55000000000291, 5943406.724999999627471 ], [ 43868.69999999999709, 5943406.724999999627471 ], [ 43868.69999999999709, 5943406.799999999813735 ], [ 43868.775000000001455, 5943406.799999999813735 ], [ 43868.775000000001455, 5943406.875 ], [ 43868.849999999998545, 5943406.875 ], [ 43868.849999999998545, 5943406.950000000186265 ], [ 43868.92500000000291, 5943406.950000000186265 ], [ 43868.92500000000291, 5943407.025000000372529 ], [ 43869.0, 5943407.025000000372529 ], [ 43869.0, 5943407.099999999627471 ], [ 43869.07499999999709, 5943407.099999999627471 ], [ 43869.07499999999709, 5943407.174999999813735 ], [ 43869.150000000001455, 5943407.174999999813735 ], [ 43869.150000000001455, 5943407.25 ], [ 43869.224999999998545, 5943407.25 ], [ 43869.224999999998545, 5943407.325000000186265 ], [ 43869.30000000000291, 5943407.325000000186265 ], [ 43869.30000000000291, 5943407.400000000372529 ], [ 43869.375, 5943407.400000000372529 ], [ 43869.375, 5943407.474999999627471 ], [ 43869.44999999999709, 5943407.474999999627471 ], [ 43869.44999999999709, 5943407.549999999813735 ], [ 43869.525000000001455, 5943407.549999999813735 ], [ 43869.525000000001455, 5943407.625 ], [ 43869.599999999998545, 5943407.625 ], [ 43869.599999999998545, 5943407.700000000186265 ], [ 43869.67500000000291, 5943407.700000000186265 ], [ 43869.67500000000291, 5943407.775000000372529 ], [ 43869.75, 5943407.775000000372529 ], [ 43869.75, 5943407.849999999627471 ], [ 43869.82499999999709, 5943407.849999999627471 ], [ 43869.82499999999709, 5943407.924999999813735 ], [ 43869.900000000001455, 5943407.924999999813735 ], [ 43869.900000000001455, 5943408.0 ], [ 43869.974999999998545, 5943408.0 ], [ 43869.974999999998545, 5943408.150000000372529 ], [ 43870.05000000000291, 5943408.150000000372529 ], [ 43870.05000000000291, 5943408.224999999627471 ], [ 43870.125, 5943408.224999999627471 ], [ 43870.125, 5943408.299999999813735 ], [ 43870.19999999999709, 5943408.299999999813735 ], [ 43870.19999999999709, 5943408.375 ], [ 43870.275000000001455, 5943408.375 ], [ 43870.275000000001455, 5943408.450000000186265 ], [ 43870.349999999998545, 5943408.450000000186265 ], [ 43870.349999999998545, 5943408.525000000372529 ], [ 43870.42500000000291, 5943408.525000000372529 ], [ 43870.42500000000291, 5943408.674999999813735 ], [ 43870.5, 5943408.674999999813735 ], [ 43870.5, 5943408.75 ], [ 43870.57499999999709, 5943408.75 ], [ 43870.57499999999709, 5943408.825000000186265 ], [ 43870.650000000001455, 5943408.825000000186265 ], [ 43870.650000000001455, 5943408.974999999627471 ], [ 43870.724999999998545, 5943408.974999999627471 ], [ 43870.724999999998545, 5943409.049999999813735 ], [ 43870.80000000000291, 5943409.049999999813735 ], [ 43870.80000000000291, 5943409.200000000186265 ], [ 43870.875, 5943409.200000000186265 ], [ 43870.875, 5943409.275000000372529 ], [ 43870.94999999999709, 5943409.275000000372529 ], [ 43870.94999999999709, 5943409.424999999813735 ], [ 43871.025000000001455, 5943409.424999999813735 ], [ 43871.025000000001455, 5943409.5 ], [ 43871.099999999998545, 5943409.5 ], [ 43871.099999999998545, 5943409.650000000372529 ], [ 43871.17500000000291, 5943409.650000000372529 ], [ 43871.17500000000291, 5943409.799999999813735 ], [ 43871.25, 5943409.799999999813735 ], [ 43871.25, 5943409.875 ], [ 43871.32499999999709, 5943409.875 ], [ 43871.32499999999709, 5943410.025000000372529 ], [ 43871.400000000001455, 5943410.025000000372529 ], [ 43871.400000000001455, 5943410.099999999627471 ], [ 43871.32499999999709, 5943410.099999999627471 ], [ 43871.32499999999709, 5943410.25 ], [ 43871.25, 5943410.25 ], [ 43871.25, 5943410.325000000186265 ], [ 43871.17500000000291, 5943410.325000000186265 ], [ 43871.17500000000291, 5943410.474999999627471 ], [ 43871.099999999998545, 5943410.474999999627471 ], [ 43871.099999999998545, 5943410.625 ], [ 43871.025000000001455, 5943410.625 ], [ 43871.025000000001455, 5943410.775000000372529 ], [ 43870.94999999999709, 5943410.775000000372529 ], [ 43870.94999999999709, 5943411.0 ], [ 43870.875, 5943411.0 ], [ 43870.875, 5943411.150000000372529 ], [ 43870.80000000000291, 5943411.150000000372529 ], [ 43870.80000000000291, 5943411.299999999813735 ], [ 43870.724999999998545, 5943411.299999999813735 ], [ 43870.724999999998545, 5943411.450000000186265 ], [ 43870.650000000001455, 5943411.450000000186265 ], [ 43870.650000000001455, 5943411.599999999627471 ], [ 43870.57499999999709, 5943411.599999999627471 ], [ 43870.57499999999709, 5943411.825000000186265 ], [ 43870.5, 5943411.825000000186265 ], [ 43870.5, 5943411.974999999627471 ], [ 43870.42500000000291, 5943411.974999999627471 ], [ 43870.42500000000291, 5943412.049999999813735 ], [ 43870.349999999998545, 5943412.049999999813735 ], [ 43870.349999999998545, 5943412.125 ], [ 43870.275000000001455, 5943412.125 ], [ 43870.275000000001455, 5943412.200000000186265 ], [ 43870.19999999999709, 5943412.200000000186265 ], [ 43870.19999999999709, 5943412.275000000372529 ], [ 43870.125, 5943412.275000000372529 ], [ 43870.125, 5943412.349999999627471 ], [ 43869.974999999998545, 5943412.349999999627471 ], [ 43869.974999999998545, 5943412.424999999813735 ], [ 43869.900000000001455, 5943412.424999999813735 ], [ 43869.900000000001455, 5943412.5 ], [ 43869.82499999999709, 5943412.5 ], [ 43869.82499999999709, 5943412.575000000186265 ], [ 43869.75, 5943412.575000000186265 ], [ 43869.75, 5943412.650000000372529 ], [ 43869.599999999998545, 5943412.650000000372529 ], [ 43869.599999999998545, 5943412.724999999627471 ], [ 43869.525000000001455, 5943412.724999999627471 ], [ 43869.525000000001455, 5943412.799999999813735 ], [ 43869.44999999999709, 5943412.799999999813735 ], [ 43869.44999999999709, 5943412.875 ], [ 43869.375, 5943412.875 ], [ 43869.375, 5943412.950000000186265 ], [ 43869.30000000000291, 5943412.950000000186265 ], [ 43869.30000000000291, 5943413.025000000372529 ], [ 43869.224999999998545, 5943413.025000000372529 ], [ 43869.224999999998545, 5943413.099999999627471 ], [ 43869.150000000001455, 5943413.099999999627471 ], [ 43869.150000000001455, 5943413.174999999813735 ], [ 43869.07499999999709, 5943413.174999999813735 ], [ 43869.07499999999709, 5943413.25 ], [ 43869.0, 5943413.25 ], [ 43869.0, 5943413.325000000186265 ], [ 43868.92500000000291, 5943413.325000000186265 ], [ 43868.92500000000291, 5943413.400000000372529 ], [ 43868.849999999998545, 5943413.400000000372529 ], [ 43868.849999999998545, 5943413.474999999627471 ], [ 43868.775000000001455, 5943413.474999999627471 ], [ 43868.775000000001455, 5943413.549999999813735 ], [ 43868.69999999999709, 5943413.549999999813735 ], [ 43868.69999999999709, 5943413.625 ], [ 43868.625, 5943413.625 ], [ 43868.625, 5943413.700000000186265 ], [ 43868.55000000000291, 5943413.700000000186265 ], [ 43868.55000000000291, 5943413.775000000372529 ], [ 43868.474999999998545, 5943413.775000000372529 ], [ 43868.474999999998545, 5943413.849999999627471 ], [ 43868.400000000001455, 5943413.849999999627471 ], [ 43868.400000000001455, 5943413.924999999813735 ], [ 43868.32499999999709, 5943413.924999999813735 ], [ 43868.32499999999709, 5943414.0 ], [ 43868.25, 5943414.0 ], [ 43868.25, 5943414.075000000186265 ], [ 43868.17500000000291, 5943414.075000000186265 ], [ 43868.17500000000291, 5943414.224999999627471 ], [ 43868.099999999998545, 5943414.224999999627471 ], [ 43868.099999999998545, 5943414.299999999813735 ], [ 43868.025000000001455, 5943414.299999999813735 ], [ 43868.025000000001455, 5943414.375 ], [ 43867.94999999999709, 5943414.375 ], [ 43867.94999999999709, 5943414.450000000186265 ], [ 43867.875, 5943414.450000000186265 ], [ 43867.875, 5943414.525000000372529 ], [ 43867.80000000000291, 5943414.525000000372529 ], [ 43867.80000000000291, 5943414.599999999627471 ], [ 43867.724999999998545, 5943414.599999999627471 ], [ 43867.724999999998545, 5943414.75 ], [ 43867.650000000001455, 5943414.75 ], [ 43867.650000000001455, 5943414.825000000186265 ], [ 43867.57499999999709, 5943414.825000000186265 ], [ 43867.57499999999709, 5943414.900000000372529 ], [ 43867.5, 5943414.900000000372529 ], [ 43867.5, 5943414.974999999627471 ], [ 43867.42500000000291, 5943414.974999999627471 ], [ 43867.42500000000291, 5943415.049999999813735 ], [ 43867.349999999998545, 5943415.049999999813735 ], [ 43867.349999999998545, 5943415.125 ], [ 43867.275000000001455, 5943415.125 ], [ 43867.275000000001455, 5943415.200000000186265 ], [ 43867.19999999999709, 5943415.200000000186265 ], [ 43867.19999999999709, 5943415.275000000372529 ], [ 43867.125, 5943415.275000000372529 ], [ 43867.125, 5943415.349999999627471 ], [ 43867.05000000000291, 5943415.349999999627471 ], [ 43867.05000000000291, 5943415.424999999813735 ], [ 43866.974999999998545, 5943415.424999999813735 ], [ 43866.974999999998545, 5943415.5 ], [ 43866.900000000001455, 5943415.5 ], [ 43866.900000000001455, 5943415.575000000186265 ], [ 43866.82499999999709, 5943415.575000000186265 ], [ 43866.82499999999709, 5943415.650000000372529 ], [ 43866.75, 5943415.650000000372529 ], [ 43866.75, 5943415.724999999627471 ], [ 43866.67500000000291, 5943415.724999999627471 ], [ 43866.67500000000291, 5943415.799999999813735 ], [ 43866.599999999998545, 5943415.799999999813735 ], [ 43866.599999999998545, 5943415.875 ], [ 43866.44999999999709, 5943415.875 ], [ 43866.44999999999709, 5943415.950000000186265 ], [ 43866.30000000000291, 5943415.950000000186265 ], [ 43866.30000000000291, 5943416.025000000372529 ], [ 43866.150000000001455, 5943416.025000000372529 ], [ 43866.150000000001455, 5943416.099999999627471 ], [ 43865.92500000000291, 5943416.099999999627471 ], [ 43865.92500000000291, 5943416.174999999813735 ], [ 43865.69999999999709, 5943416.174999999813735 ], [ 43865.69999999999709, 5943416.25 ], [ 43865.025000000001455, 5943416.25 ], [ 43865.025000000001455, 5943416.325000000186265 ], [ 43863.974999999998545, 5943416.325000000186265 ], [ 43863.974999999998545, 5943416.400000000372529 ], [ 43863.0, 5943416.400000000372529 ], [ 43863.0, 5943416.474999999627471 ], [ 43862.099999999998545, 5943416.474999999627471 ], [ 43862.099999999998545, 5943416.549999999813735 ], [ 43861.275000000001455, 5943416.549999999813735 ], [ 43861.275000000001455, 5943416.625 ], [ 43860.525000000001455, 5943416.625 ], [ 43860.525000000001455, 5943416.700000000186265 ], [ 43859.849999999998545, 5943416.700000000186265 ], [ 43859.849999999998545, 5943416.775000000372529 ], [ 43859.69999999999709, 5943416.775000000372529 ] ] ] } },
{ "type": "Feature", "properties": { "value": 1.0, "building_id": 25, "area": 316.87312499948803 }, "geometry": { "type": "Polygon", "coordinates": [ [ [ 43896.44999999999709, 5943419.099999999627471 ], [ 43896.44999999999709, 5943419.025000000372529 ], [ 43896.375, 5943419.025000000372529 ], [ 43896.375, 5943418.875 ], [ 43896.30000000000291, 5943418.875 ], [ 43896.30000000000291, 5943418.799999999813735 ], [ 43896.224999999998545, 5943418.799999999813735 ], [ 43896.224999999998545, 5943418.724999999627471 ], [ 43896.150000000001455, 5943418.724999999627471 ], [ 43896.150000000001455, 5943418.575000000186265 ], [ 43896.07499999999709, 5943418.575000000186265 ], [ 43896.07499999999709, 5943418.5 ], [ 43896.0, 5943418.5 ], [ 43896.0, 5943418.349999999627471 ], [ 43895.92500000000291, 5943418.349999999627471 ], [ 43895.92500000000291, 5943418.275000000372529 ], [ 43895.849999999998545, 5943418.275000000372529 ], [ 43895.849999999998545, 5943418.125 ], [ 43895.775000000001455, 5943418.125 ], [ 43895.775000000001455, 5943417.974999999627471 ], [ 43895.69999999999709, 5943417.974999999627471 ], [ 43895.69999999999709, 5943417.825000000186265 ], [ 43895.625, 5943417.825000000186265 ], [ 43895.625, 5943417.75 ], [ 43895.55000000000291, 5943417.75 ], [ 43895.55000000000291, 5943417.674999999813735 ], [ 43895.474999999998545, 5943417.674999999813735 ], [ 43895.474999999998545, 5943417.599999999627471 ], [ 43895.400000000001455, 5943417.599999999627471 ], [ 43895.400000000001455, 5943417.525000000372529 ], [ 43895.25, 5943417.525000000372529 ], [ 43895.25, 5943417.450000000186265 ], [ 43895.17500000000291, 5943417.450000000186265 ], [ 43895.17500000000291, 5943417.375 ], [ 43895.099999999998545, 5943417.375 ], [ 43895.099999999998545, 5943417.299999999813735 ], [ 43894.94999999999709, 5943417.299999999813735 ], [ 43894.94999999999709, 5943417.224999999627471 ], [ 43894.875, 5943417.224999999627471 ], [ 43894.875, 5943417.150000000372529 ], [ 43894.724999999998545, 5943417.150000000372529 ], [ 43894.724999999998545, 5943417.075000000186265 ], [ 43894.650000000001455, 5943417.075000000186265 ], [ 43894.650000000001455, 5943417.0 ], [ 43894.5, 5943417.0 ], [ 43894.5, 5943416.924999999813735 ], [ 43894.42500000000291, 5943416.924999999813735 ], [ 43894.42500000000291, 5943416.849999999627471 ], [ 43894.275000000001455, 5943416.849999999627471 ], [ 43894.275000000001455, 5943416.775000000372529 ], [ 43894.19999999999709, 5943416.775000000372529 ], [ 43894.19999999999709, 5943416.700000000186265 ], [ 43894.125, 5943416.700000000186265 ], [ 43894.125, 5943416.625 ], [ 43894.05000000000291, 5943416.625 ], [ 43894.05000000000291, 5943416.549999999813735 ], [ 43893.974999999998545, 5943416.549999999813735 ], [ 43893.974999999998545, 5943416.474999999627471 ], [ 43893.900000000001455, 5943416.474999999627471 ], [ 43893.900000000001455, 5943416.400000000372529 ], [ 43893.82499999999709, 5943416.400000000372529 ], [ 43893.82499999999709, 5943416.325000000186265 ], [ 43893.75, 5943416.325000000186265 ], [ 43893.75, 5943416.25 ], [ 43893.67500000000291, 5943416.25 ], [ 43893.67500000000291, 5943416.174999999813735 ], [ 43893.599999999998545, 5943416.174999999813735 ], [ 43893.599999999998545, 5943416.099999999627471 ], [ 43893.525000000001455, 5943416.099999999627471 ], [ 43893.525000000001455, 5943416.025000000372529 ], [ 43893.44999999999709, 5943416.025000000372529 ], [ 43893.44999999999709, 5943415.875 ], [ 43893.375, 5943415.875 ], [ 43893.375, 5943415.799999999813735 ], [ 43893.30000000000291, 5943415.799999999813735 ], [ 43893.30000000000291, 5943415.724999999627471 ], [ 43893.224999999998545, 5943415.724999999627471 ], [ 43893.224999999998545, 5943415.650000000372529 ], [ 43893.150000000001455, 5943415.650000000372529 ], [ 43893.150000000001455, 5943415.575000000186265 ], [ 43893.0, 5943415.575000000186265 ], [ 43893.0, 5943415.5 ], [ 43892.92500000000291, 5943415.5 ], [ 43892.92500000000291, 5943415.424999999813735 ], [ 43892.849999999998545, 5943415.424999999813735 ], [ 43892.849999999998545, 5943415.349999999627471 ], [ 43892.69999999999709, 5943415.349999999627471 ], [ 43892.69999999999709, 5943415.275000000372529 ], [ 43892.625, 5943415.275000000372529 ], [ 43892.625, 5943415.200000000186265 ], [ 43892.55000000000291, 5943415.200000000186265 ], [ 43892.55000000000291, 5943415.125 ], [ 43892.474999999998545, 5943415.125 ], [ 43892.474999999998545, 5943415.049999999813735 ], [ 43892.32499999999709, 5943415.049999999813735 ], [ 43892.32499999999709, 5943414.974999999627471 ], [ 43892.25, 5943414.974999999627471 ], [ 43892.25, 5943414.900000000372529 ], [ 43892.17500000000291, 5943414.900000000372529 ], [ 43892.17500000000291, 5943414.825000000186265 ], [ 43892.099999999998545, 5943414.825000000186265 ], [ 43892.099999999998545, 5943414.75 ], [ 43892.025000000001455, 5943414.75 ], [ 43892.025000000001455, 5943414.674999999813735 ], [ 43891.94999999999709, 5943414.674999999813735 ], [ 43891.94999999999709, 5943414.599999999627471 ], [ 43891.875, 5943414.599999999627471 ], [ 43891.875, 5943414.525000000372529 ], [ 43891.80000000000291, 5943414.525000000372529 ], [ 43891.80000000000291, 5943414.450000000186265 ], [ 43891.724999999998545, 5943414.450000000186265 ], [ 43891.724999999998545, 5943414.375 ], [ 43891.650000000001455, 5943414.375 ], [ 43891.650000000001455, 5943414.299999999813735 ], [ 43891.57499999999709, 5943414.299999999813735 ], [ 43891.57499999999709, 5943414.224999999627471 ], [ 43891.5, 5943414.224999999627471 ], [ 43891.5, 5943414.075000000186265 ], [ 43891.42500000000291, 5943414.075000000186265 ], [ 43891.42500000000291, 5943414.0 ], [ 43891.349999999998545, 5943414.0 ], [ 43891.349999999998545, 5943413.924999999813735 ], [ 43891.275000000001455, 5943413.924999999813735 ], [ 43891.275000000001455, 5943413.849999999627471 ], [ 43891.19999999999709, 5943413.849999999627471 ], [ 43891.19999999999709, 5943413.775000000372529 ], [ 43891.125, 5943413.775000000372529 ], [ 43891.125, 5943413.700000000186265 ], [ 43891.05000000000291, 5943413.700000000186265 ], [ 43891.05000000000291, 5943413.625 ], [ 43890.974999999998545, 5943413.625 ], [ 43890.974999999998545, 5943413.549999999813735 ], [ 43890.82499999999709, 5943413.549999999813735 ], [ 43890.82499999999709, 5943413.474999999627471 ], [ 43890.75, 5943413.474999999627471 ], [ 43890.75, 5943413.400000000372529 ], [ 43890.67500000000291, 5943413.400000000372529 ], [ 43890.67500000000291, 5943413.325000000186265 ], [ 43890.525000000001455, 5943413.325000000186265 ], [ 43890.525000000001455, 5943413.25 ], [ 43890.44999999999709, 5943413.25 ], [ 43890.44999999999709, 5943413.174999999813735 ], [ 43890.30000000000291, 5943413.174999999813735 ], [ 43890.30000000000291, 5943413.099999999627471 ], [ 43890.224999999998545, 5943413.099999999627471 ], [ 43890.224999999998545, 5943413.025000000372529 ], [ 43890.150000000001455, 5943413.025000000372529 ], [ 43890.150000000001455, 5943412.950000000186265 ], [ 43890.0, 5943412.950000000186265 ], [ 43890.0, 5943412.875 ], [ 43889.92500000000291, 5943412.875 ], [ 43889.92500000000291, 5943412.799999999813735 ], [ 43889.849999999998545, 5943412.799999999813735 ], [ 43889.849999999998545, 5943412.724999999627471 ], [ 43889.69999999999709, 5943412.724999999627471 ], [ 43889.69999999999709, 5943412.650000000372529 ], [ 43889.625, 5943412.650000000372529 ], [ 43889.625, 5943412.575000000186265 ], [ 43889.55000000000291, 5943412.575000000186265 ], [ 43889.55000000000291, 5943412.5 ], [ 43889.400000000001455, 5943412.5 ], [ 43889.400000000001455, 5943412.424999999813735 ], [ 43889.32499999999709, 5943412.424999999813735 ], [ 43889.32499999999709, 5943412.349999999627471 ], [ 43889.25, 5943412.349999999627471 ], [ 43889.25, 5943412.275000000372529 ], [ 43889.17500000000291, 5943412.275000000372529 ], [ 43889.17500000000291, 5943412.200000000186265 ], [ 43889.099999999998545, 5943412.200000000186265 ], [ 43889.099999999998545, 5943412.125 ], [ 43888.94999999999709, 5943412.125 ], [ 43888.94999999999709, 5943412.049999999813735 ], [ 43888.875, 5943412.049999999813735 ], [ 43888.875, 5943411.974999999627471 ], [ 43888.80000000000291, 5943411.974999999627471 ], [ 43888.80000000000291, 5943411.825000000186265 ], [ 43888.724999999998545, 5943411.825000000186265 ], [ 43888.724999999998545, 5943411.75 ], [ 43888.650000000001455, 5943411.75 ], [ 43888.650000000001455, 5943411.599999999627471 ], [ 43888.57499999999709, 5943411.599999999627471 ], [ 43888.57499999999709, 5943411.450000000186265 ], [ 43888.5, 5943411.450000000186265 ], [ 43888.5, 5943411.299999999813735 ], [ 43888.42500000000291, 5943411.299999999813735 ], [ 43888.42500000000291, 5943411.150000000372529 ], [ 43888.349999999998545, 5943411.150000000372529 ], [ 43888.349999999998545, 5943411.0 ], [ 43888.275000000001455, 5943411.0 ], [ 43888.275000000001455, 5943410.775000000372529 ], [ 43888.19999999999709, 5943410.775000000372529 ], [ 43888.19999999999709, 5943410.625 ], [ 43888.125, 5943410.625 ], [ 43888.125, 5943410.400000000372529 ], [ 43888.05000000000291, 5943410.400000000372529 ], [ 43888.05000000000291, 5943410.25 ], [ 43887.974999999998545, 5943410.25 ], [ 43887.974999999998545, 5943409.424999999813735 ], [ 43888.05000000000291, 5943409.424999999813735 ], [ 43888.05000000000291, 5943408.299999999813735 ], [ 43888.125, 5943408.299999999813735 ], [ 43888.125, 5943406.275000000372529 ], [ 43888.19999999999709, 5943406.275000000372529 ], [ 43888.19999999999709, 5943403.424999999813735 ], [ 43888.275000000001455, 5943403.424999999813735 ], [ 43888.275000000001455, 5943402.224999999627471 ], [ 43888.349999999998545, 5943402.224999999627471 ], [ 43888.349999999998545, 5943401.775000000372529 ], [ 43888.42500000000291, 5943401.775000000372529 ], [ 43888.42500000000291, 5943401.325000000186265 ], [ 43888.5, 5943401.325000000186265 ], [ 43888.5, 5943400.875 ], [ 43888.57499999999709, 5943400.875 ], [ 43888.57499999999709, 5943400.5 ], [ 43888.650000000001455, 5943400.5 ], [ 43888.650000000001455, 5943400.200000000186265 ], [ 43888.724999999998545, 5943400.200000000186265 ], [ 43888.724999999998545, 5943399.900000000372529 ], [ 43888.80000000000291, 5943399.900000000372529 ], [ 43888.80000000000291, 5943399.674999999813735 ], [ 43888.875, 5943399.674999999813735 ], [ 43888.875, 5943399.450000000186265 ], [ 43888.94999999999709, 5943399.450000000186265 ], [ 43888.94999999999709, 5943399.224999999627471 ], [ 43889.025000000001455, 5943399.224999999627471 ], [ 43889.025000000001455, 5943399.0 ], [ 43889.099999999998545, 5943399.0 ], [ 43889.099999999998545, 5943398.849999999627471 ], [ 43889.17500000000291, 5943398.849999999627471 ], [ 43889.17500000000291, 5943398.625 ], [ 43889.25, 5943398.625 ], [ 43889.25, 5943398.474999999627471 ], [ 43889.32499999999709, 5943398.474999999627471 ], [ 43889.32499999999709, 5943398.25 ], [ 43889.400000000001455, 5943398.25 ], [ 43889.400000000001455, 5943398.099999999627471 ], [ 43889.474999999998545, 5943398.099999999627471 ], [ 43889.474999999998545, 5943397.875 ], [ 43889.55000000000291, 5943397.875 ], [ 43889.55000000000291, 5943397.650000000372529 ], [ 43889.625, 5943397.650000000372529 ], [ 43889.625, 5943397.424999999813735 ], [ 43889.69999999999709, 5943397.424999999813735 ], [ 43889.69999999999709, 5943397.200000000186265 ], [ 43889.775000000001455, 5943397.200000000186265 ], [ 43889.775000000001455, 5943396.974999999627471 ], [ 43889.849999999998545, 5943396.974999999627471 ], [ 43889.849999999998545, 5943396.674999999813735 ], [ 43889.92500000000291, 5943396.674999999813735 ], [ 43889.92500000000291, 5943396.450000000186265 ], [ 43890.0, 5943396.450000000186265 ], [ 43890.0, 5943396.299999999813735 ], [ 43890.07499999999709, 5943396.299999999813735 ], [ 43890.07499999999709, 5943396.150000000372529 ], [ 43890.150000000001455, 5943396.150000000372529 ], [ 43890.150000000001455, 5943396.0 ], [ 43890.224999999998545, 5943396.0 ], [ 43890.224999999998545, 5943395.849999999627471 ], [ 43890.30000000000291, 5943395.849999999627471 ], [ 43890.30000000000291, 5943395.775000000372529 ], [ 43890.375, 5943395.775000000372529 ], [ 43890.375, 5943395.625 ], [ 43890.44999999999709, 5943395.625 ], [ 43890.44999999999709, 5943395.549999999813735 ], [ 43890.525000000001455, 5943395.549999999813735 ], [ 43890.525000000001455, 5943395.474999999627471 ], [ 43890.599999999998545, 5943395.474999999627471 ], [ 43890.599999999998545, 5943395.325000000186265 ], [ 43890.67500000000291, 5943395.325000000186265 ], [ 43890.67500000000291, 5943395.25 ], [ 43890.75, 5943395.25 ], [ 43890.75, 5943395.174999999813735 ], [ 43890.82499999999709, 5943395.174999999813735 ], [ 43890.82499999999709, 5943395.099999999627471 ], [ 43890.900000000001455, 5943395.099999999627471 ], [ 43890.900000000001455, 5943395.025000000372529 ], [ 43890.974999999998545, 5943395.025000000372529 ], [ 43890.974999999998545, 5943394.950000000186265 ], [ 43891.05000000000291, 5943394.950000000186265 ], [ 43891.05000000000291, 5943394.875 ], [ 43891.19999999999709, 5943394.875 ], [ 43891.19999999999709, 5943394.799999999813735 ], [ 43891.42500000000291, 5943394.799999999813735 ], [ 43891.42500000000291, 5943394.724999999627471 ], [ 43891.57499999999709, 5943394.724999999627471 ], [ 43891.57499999999709, 5943394.650000000372529 ], [ 43891.724999999998545, 5943394.650000000372529 ], [ 43891.724999999998545, 5943394.575000000186265 ], [ 43891.875, 5943394.575000000186265 ], [ 43891.875, 5943394.5 ], [ 43892.025000000001455, 5943394.5 ], [ 43892.025000000001455, 5943394.424999999813735 ], [ 43892.17500000000291, 5943394.424999999813735 ], [ 43892.17500000000291, 5943394.349999999627471 ], [ 43892.400000000001455, 5943394.349999999627471 ], [ 43892.400000000001455, 5943394.275000000372529 ], [ 43892.625, 5943394.275000000372529 ], [ 43892.625, 5943394.200000000186265 ], [ 43892.849999999998545, 5943394.200000000186265 ], [ 43892.849999999998545, 5943394.125 ], [ 43893.07499999999709, 5943394.125 ], [ 43893.07499999999709, 5943394.049999999813735 ], [ 43893.375, 5943394.049999999813735 ], [ 43893.375, 5943393.974999999627471 ], [ 43893.67500000000291, 5943393.974999999627471 ], [ 43893.67500000000291, 5943393.900000000372529 ], [ 43893.974999999998545, 5943393.900000000372529 ], [ 43893.974999999998545, 5943393.825000000186265 ], [ 43894.275000000001455, 5943393.825000000186265 ], [ 43894.275000000001455, 5943393.75 ], [ 43894.650000000001455, 5943393.75 ], [ 43894.650000000001455, 5943393.674999999813735 ], [ 43895.099999999998545, 5943393.674999999813735 ], [ 43895.099999999998545, 5943393.599999999627471 ], [ 43895.55000000000291, 5943393.599999999627471 ], [ 43895.55000000000291, 5943393.525000000372529 ], [ 43896.07499999999709, 5943393.525000000372529 ], [ 43896.07499999999709, 5943393.450000000186265 ], [ 43896.67500000000291, 5943393.450000000186265 ], [ 43896.67500000000291, 5943393.375 ], [ 43897.05000000000291, 5943393.375 ], [ 43897.05000000000291, 5943393.450000000186265 ], [ 43897.57499999999709, 5943393.450000000186265 ], [ 43897.57499999999709, 5943393.525000000372529 ], [ 43898.025000000001455, 5943393.525000000372529 ], [ 43898.025000000001455, 5943393.599999999627471 ], [ 43898.474999999998545, 5943393.599999999627471 ], [ 43898.474999999998545, 5943393.674999999813735 ], [ 43898.849999999998545, 5943393.674999999813735 ], [ 43898.849999999998545, 5943393.75 ], [ 43899.0, 5943393.75 ], [ 43899.0, 5943393.825000000186265 ], [ 43899.07499999999709, 5943393.825000000186265 ], [ 43899.07499999999709, 5943393.900000000372529 ], [ 43899.150000000001455, 5943393.900000000372529 ], [ 43899.150000000001455, 5943393.974999999627471 ], [ 43899.30000000000291, 5943393.974999999627471 ], [ 43899.30000000000291, 5943394.049999999813735 ], [ 43899.375, 5943394.049999999813735 ], [ 43899.375, 5943394.125 ], [ 43899.44999999999709, 5943394.125 ], [ 43899.44999999999709, 5943394.200000000186265 ], [ 43899.525000000001455, 5943394.200000000186265 ], [ 43899.525000000001455, 5943394.275000000372529 ], [ 43899.599999999998545, 5943394.275000000372529 ], [ 43899.599999999998545, 5943394.349999999627471 ], [ 43899.67500000000291, 5943394.349999999627471 ], [ 43899.67500000000291, 5943394.424999999813735 ], [ 43899.75, 5943394.424999999813735 ], [ 43899.75, 5943394.575000000186265 ], [ 43899.82499999999709, 5943394.575000000186265 ], [ 43899.82499999999709, 5943394.650000000372529 ], [ 43899.900000000001455, 5943394.650000000372529 ], [ 43899.900000000001455, 5943394.799999999813735 ], [ 43899.974999999998545, 5943394.799999999813735 ], [ 43899.974999999998545, 5943394.875 ], [ 43900.05000000000291, 5943394.875 ], [ 43900.05000000000291, 5943395.025000000372529 ], [ 43900.125, 5943395.025000000372529 ], [ 43900.125, 5943395.099999999627471 ], [ 43900.19999999999709, 5943395.099999999627471 ], [ 43900.19999999999709, 5943395.174999999813735 ], [ 43900.275000000001455, 5943395.174999999813735 ], [ 43900.275000000001455, 5943395.325000000186265 ], [ 43900.349999999998545, 5943395.325000000186265 ], [ 43900.349999999998545, 5943395.400000000372529 ], [ 43900.42500000000291, 5943395.400000000372529 ], [ 43900.42500000000291, 5943395.474999999627471 ], [ 43900.5, 5943395.474999999627471 ], [ 43900.5, 5943395.625 ], [ 43900.57499999999709, 5943395.625 ], [ 43900.57499999999709, 5943395.700000000186265 ], [ 43900.650000000001455, 5943395.700000000186265 ], [ 43900.650000000001455, 5943395.775000000372529 ], [ 43900.724999999998545, 5943395.775000000372529 ], [ 43900.724999999998545, 5943395.924999999813735 ], [ 43900.80000000000291, 5943395.924999999813735 ], [ 43900.80000000000291, 5943396.0 ], [ 43900.875, 5943396.0 ], [ 43900.875, 5943396.075000000186265 ], [ 43900.94999999999709, 5943396.075000000186265 ], [ 43900.94999999999709, 5943396.150000000372529 ], [ 43901.025000000001455, 5943396.150000000372529 ], [ 43901.025000000001455, 5943396.299999999813735 ], [ 43901.099999999998545, 5943396.299999999813735 ], [ 43901.099999999998545, 5943396.450000000186265 ], [ 43901.17500000000291, 5943396.450000000186265 ], [ 43901.17500000000291, 5943396.525000000372529 ], [ 43901.25, 5943396.525000000372529 ], [ 43901.25, 5943396.674999999813735 ], [ 43901.32499999999709, 5943396.674999999813735 ], [ 43901.32499999999709, 5943396.900000000372529 ], [ 43901.400000000001455, 5943396.900000000372529 ], [ 43901.400000000001455, 5943397.049999999813735 ], [ 43901.474999999998545, 5943397.049999999813735 ], [ 43901.474999999998545, 5943397.200000000186265 ], [ 43901.55000000000291, 5943397.200000000186265 ], [ 43901.55000000000291, 5943397.424999999813735 ], [ 43901.625, 5943397.424999999813735 ], [ 43901.625, 5943397.650000000372529 ], [ 43901.69999999999709, 5943397.650000000372529 ], [ 43901.69999999999709, 5943397.875 ], [ 43901.775000000001455, 5943397.875 ], [ 43901.775000000001455, 5943398.099999999627471 ], [ 43901.849999999998545, 5943398.099999999627471 ], [ 43901.849999999998545, 5943398.400000000372529 ], [ 43901.92500000000291, 5943398.400000000372529 ], [ 43901.92500000000291, 5943398.700000000186265 ], [ 43902.0, 5943398.700000000186265 ], [ 43902.0, 5943399.0 ], [ 43902.07499999999709, 5943399.0 ], [ 43902.07499999999709, 5943399.299999999813735 ], [ 43902.150000000001455, 5943399.299999999813735 ], [ 43902.150000000001455, 5943399.599999999627471 ], [ 43902.224999999998545, 5943399.599999999627471 ], [ 43902.224999999998545, 5943399.900000000372529 ], [ 43902.30000000000291, 5943399.900000000372529 ], [ 43902.30000000000291, 5943400.200000000186265 ], [ 43902.375, 5943400.200000000186265 ], [ 43902.375, 5943400.424999999813735 ], [ 43902.44999999999709, 5943400.424999999813735 ], [ 43902.44999999999709, 5943400.650000000372529 ], [ 43902.525000000001455, 5943400.650000000372529 ], [ 43902.525000000001455, 5943400.799999999813735 ], [ 43902.599999999998545, 5943400.799999999813735 ], [ 43902.599999999998545, 5943401.025000000372529 ], [ 43902.67500000000291, 5943401.025000000372529 ], [ 43902.67500000000291, 5943401.174999999813735 ], [ 43902.75, 5943401.174999999813735 ], [ 43902.75, 5943401.325000000186265 ], [ 43902.82499999999709, 5943401.325000000186265 ], [ 43902.82499999999709, 5943401.474999999627471 ], [ 43902.900000000001455, 5943401.474999999627471 ], [ 43902.900000000001455, 5943401.625 ], [ 43902.974999999998545, 5943401.625 ], [ 43902.974999999998545, 5943401.849999999627471 ], [ 43903.05000000000291, 5943401.849999999627471 ], [ 43903.05000000000291, 5943402.0 ], [ 43903.125, 5943402.0 ], [ 43903.125, 5943402.224999999627471 ], [ 43903.19999999999709, 5943402.224999999627471 ], [ 43903.19999999999709, 5943402.674999999813735 ], [ 43903.275000000001455, 5943402.674999999813735 ], [ 43903.275000000001455, 5943403.125 ], [ 43903.349999999998545, 5943403.125 ], [ 43903.349999999998545, 5943403.575000000186265 ], [ 43903.42500000000291, 5943403.575000000186265 ], [ 43903.42500000000291, 5943404.174999999813735 ], [ 43903.5, 5943404.174999999813735 ], [ 43903.5, 5943405.75 ], [ 43903.57499999999709, 5943405.75 ], [ 43903.57499999999709, 5943407.775000000372529 ], [ 43903.650000000001455, 5943407.775000000372529 ], [ 43903.650000000001455, 5943412.049999999813735 ], [ 43903.57499999999709, 5943412.049999999813735 ], [ 43903.57499999999709, 5943412.5 ], [ 43903.5, 5943412.5 ], [ 43903.5, 5943412.950000000186265 ], [ 43903.42500000000291, 5943412.950000000186265 ], [ 43903.42500000000291, 5943413.325000000186265 ], [ 43903.349999999998545, 5943413.325000000186265 ], [ 43903.349999999998545, 5943413.625 ], [ 43903.275000000001455, 5943413.625 ], [ 43903.275000000001455, 5943413.924999999813735 ], [ 43903.19999999999709, 5943413.924999999813735 ], [ 43903.19999999999709, 5943414.150000000372529 ], [ 43903.125, 5943414.150000000372529 ], [ 43903.125, 5943414.375 ], [ 43903.05000000000291, 5943414.375 ], [ 43903.05000000000291, 5943414.599999999627471 ], [ 43902.974999999998545, 5943414.599999999627471 ], [ 43902.974999999998545, 5943414.75 ], [ 43902.900000000001455, 5943414.75 ], [ 43902.900000000001455, 5943414.900000000372529 ], [ 43902.82499999999709, 5943414.900000000372529 ], [ 43902.82499999999709, 5943415.049999999813735 ], [ 43902.75, 5943415.049999999813735 ], [ 43902.75, 5943415.200000000186265 ], [ 43902.67500000000291, 5943415.200000000186265 ], [ 43902.67500000000291, 5943415.349999999627471 ], [ 43902.599999999998545, 5943415.349999999627471 ], [ 43902.599999999998545, 5943415.5 ], [ 43902.525000000001455, 5943415.5 ], [ 43902.525000000001455, 5943415.650000000372529 ], [ 43902.44999999999709, 5943415.650000000372529 ], [ 43902.44999999999709, 5943415.799999999813735 ], [ 43902.375, 5943415.799999999813735 ], [ 43902.375, 5943416.025000000372529 ], [ 43902.30000000000291, 5943416.025000000372529 ], [ 43902.30000000000291, 5943416.174999999813735 ], [ 43902.224999999998545, 5943416.174999999813735 ], [ 43902.224999999998545, 5943416.325000000186265 ], [ 43902.150000000001455, 5943416.325000000186265 ], [ 43902.150000000001455, 5943416.474999999627471 ], [ 43902.07499999999709, 5943416.474999999627471 ], [ 43902.07499999999709, 5943416.549999999813735 ], [ 43902.0, 5943416.549999999813735 ], [ 43902.0, 5943416.700000000186265 ], [ 43901.92500000000291, 5943416.700000000186265 ], [ 43901.92500000000291, 5943416.849999999627471 ], [ 43901.849999999998545, 5943416.849999999627471 ], [ 43901.849999999998545, 5943416.924999999813735 ], [ 43901.775000000001455, 5943416.924999999813735 ], [ 43901.775000000001455, 5943417.075000000186265 ], [ 43901.69999999999709, 5943417.075000000186265 ], [ 43901.69999999999709, 5943417.150000000372529 ], [ 43901.625, 5943417.150000000372529 ], [ 43901.625, 5943417.224999999627471 ], [ 43901.55000000000291, 5943417.224999999627471 ], [ 43901.55000000000291, 5943417.375 ], [ 43901.474999999998545, 5943417.375 ], [ 43901.474999999998545, 5943417.450000000186265 ], [ 43901.400000000001455, 5943417.450000000186265 ], [ 43901.400000000001455, 5943417.525000000372529 ], [ 43901.32499999999709, 5943417.525000000372529 ], [ 43901.32499999999709, 5943417.599999999627471 ], [ 43901.25, 5943417.599999999627471 ], [ 43901.25, 5943417.674999999813735 ], [ 43901.17500000000291, 5943417.674999999813735 ], [ 43901.17500000000291, 5943417.75 ], [ 43901.099999999998545, 5943417.75 ], [ 43901.099999999998545, 5943417.825000000186265 ], [ 43901.025000000001455, 5943417.825000000186265 ], [ 43901.025000000001455, 5943417.900000000372529 ], [ 43900.94999999999709, 5943417.900000000372529 ], [ 43900.94999999999709, 5943418.049999999813735 ], [ 43900.875, 5943418.049999999813735 ], [ 43900.875, 5943418.125 ], [ 43900.80000000000291, 5943418.125 ], [ 43900.80000000000291, 5943418.275000000372529 ], [ 43900.724999999998545, 5943418.275000000372529 ], [ 43900.724999999998545, 5943418.349999999627471 ], [ 43900.650000000001455, 5943418.349999999627471 ], [ 43900.650000000001455, 5943418.424999999813735 ], [ 43900.57499999999709, 5943418.424999999813735 ], [ 43900.57499999999709, 5943418.575000000186265 ], [ 43900.5, 5943418.575000000186265 ], [ 43900.5, 5943418.650000000372529 ], [ 43900.42500000000291, 5943418.650000000372529 ], [ 43900.42500000000291, 5943418.724999999627471 ], [ 43900.349999999998545, 5943418.724999999627471 ], [ 43900.349999999998545, 5943418.799999999813735 ], [ 43900.275000000001455, 5943418.799999999813735 ], [ 43900.275000000001455, 5943418.875 ], [ 43900.125, 5943418.875 ], [ 43900.125, 5943418.950000000186265 ], [ 43899.599999999998545, 5943418.950000000186265 ], [ 43899.599999999998545, 5943419.025000000372529 ], [ 43898.625, 5943419.025000000372529 ], [ 43898.625, 5943419.099999999627471 ], [ 43896.44999999999709, 5943419.099999999627471 ] ] ] } },
{ "type": "Feature", "properties": { "value": 1.0, "building_id": 26, "area": 436.70249999987828 }, "geometry": { "type": "Polygon", "coordinates": [ [ [ 43927.94999999999709, 5943411.525000000372529 ], [ 43927.94999999999709, 5943411.450000000186265 ], [ 43927.650000000001455, 5943411.450000000186265 ], [ 43927.650000000001455, 5943411.375 ], [ 43927.275000000001455, 5943411.375 ], [ 43927.275000000001455, 5943411.299999999813735 ], [ 43926.974999999998545, 5943411.299999999813735 ], [ 43926.974999999998545, 5943411.224999999627471 ], [ 43926.67500000000291, 5943411.224999999627471 ], [ 43926.67500000000291, 5943411.150000000372529 ], [ 43926.375, 5943411.150000000372529 ], [ 43926.375, 5943411.075000000186265 ], [ 43926.07499999999709, 5943411.075000000186265 ], [ 43926.07499999999709, 5943411.0 ], [ 43925.849999999998545, 5943411.0 ], [ 43925.849999999998545, 5943410.924999999813735 ], [ 43925.625, 5943410.924999999813735 ], [ 43925.625, 5943410.849999999627471 ], [ 43925.474999999998545, 5943410.849999999627471 ], [ 43925.474999999998545, 5943410.775000000372529 ], [ 43925.32499999999709, 5943410.775000000372529 ], [ 43925.32499999999709, 5943410.700000000186265 ], [ 43925.099999999998545, 5943410.700000000186265 ], [ 43925.099999999998545, 5943410.625 ], [ 43924.94999999999709, 5943410.625 ], [ 43924.94999999999709, 5943410.549999999813735 ], [ 43924.875, 5943410.549999999813735 ], [ 43924.875, 5943410.474999999627471 ], [ 43924.724999999998545, 5943410.474999999627471 ], [ 43924.724999999998545, 5943410.400000000372529 ], [ 43924.57499999999709, 5943410.400000000372529 ], [ 43924.57499999999709, 5943410.325000000186265 ], [ 43924.5, 5943410.325000000186265 ], [ 43924.5, 5943410.25 ], [ 43924.349999999998545, 5943410.25 ], [ 43924.349999999998545, 5943410.174999999813735 ], [ 43924.275000000001455, 5943410.174999999813735 ], [ 43924.275000000001455, 5943410.099999999627471 ], [ 43924.19999999999709, 5943410.099999999627471 ], [ 43924.19999999999709, 5943410.025000000372529 ], [ 43924.05000000000291, 5943410.025000000372529 ], [ 43924.05000000000291, 5943409.950000000186265 ], [ 43923.900000000001455, 5943409.950000000186265 ], [ 43923.900000000001455, 5943409.875 ], [ 43923.82499999999709, 5943409.875 ], [ 43923.82499999999709, 5943409.799999999813735 ], [ 43923.67500000000291, 5943409.799999999813735 ], [ 43923.67500000000291, 5943409.724999999627471 ], [ 43923.599999999998545, 5943409.724999999627471 ], [ 43923.599999999998545, 5943409.650000000372529 ], [ 43923.525000000001455, 5943409.650000000372529 ], [ 43923.525000000001455, 5943409.575000000186265 ], [ 43923.375, 5943409.575000000186265 ], [ 43923.375, 5943409.5 ], [ 43923.30000000000291, 5943409.5 ], [ 43923.30000000000291, 5943409.424999999813735 ], [ 43923.224999999998545, 5943409.424999999813735 ], [ 43923.224999999998545, 5943409.349999999627471 ], [ 43923.150000000001455, 5943409.349999999627471 ], [ 43923.150000000001455, 5943409.275000000372529 ], [ 43923.07499999999709, 5943409.275000000372529 ], [ 43923.07499999999709, 5943409.200000000186265 ], [ 43923.0, 5943409.200000000186265 ], [ 43923.0, 5943409.125 ], [ 43922.92500000000291, 5943409.125 ], [ 43922.92500000000291, 5943409.049999999813735 ], [ 43922.849999999998545, 5943409.049999999813735 ], [ 43922.849999999998545, 5943408.974999999627471 ], [ 43922.775000000001455, 5943408.974999999627471 ], [ 43922.775000000001455, 5943408.900000000372529 ], [ 43922.69999999999709, 5943408.900000000372529 ], [ 43922.69999999999709, 5943408.825000000186265 ], [ 43922.625, 5943408.825000000186265 ], [ 43922.625, 5943408.674999999813735 ], [ 43922.55000000000291, 5943408.674999999813735 ], [ 43922.55000000000291, 5943408.599999999627471 ], [ 43922.474999999998545, 5943408.599999999627471 ], [ 43922.474999999998545, 5943408.525000000372529 ], [ 43922.400000000001455, 5943408.525000000372529 ], [ 43922.400000000001455, 5943408.375 ], [ 43922.32499999999709, 5943408.375 ], [ 43922.32499999999709, 5943408.299999999813735 ], [ 43922.25, 5943408.299999999813735 ], [ 43922.25, 5943408.224999999627471 ], [ 43922.025000000001455, 5943408.224999999627471 ], [ 43922.025000000001455, 5943408.150000000372529 ], [ 43921.80000000000291, 5943408.150000000372529 ], [ 43921.80000000000291, 5943408.075000000186265 ], [ 43921.57499999999709, 5943408.075000000186265 ], [ 43921.57499999999709, 5943408.0 ], [ 43921.349999999998545, 5943408.0 ], [ 43921.349999999998545, 5943407.924999999813735 ], [ 43921.19999999999709, 5943407.924999999813735 ], [ 43921.19999999999709, 5943407.849999999627471 ], [ 43921.125, 5943407.849999999627471 ], [ 43921.125, 5943407.775000000372529 ], [ 43921.05000000000291, 5943407.775000000372529 ], [ 43921.05000000000291, 5943407.700000000186265 ], [ 43920.974999999998545, 5943407.700000000186265 ], [ 43920.974999999998545, 5943407.625 ], [ 43920.900000000001455, 5943407.625 ], [ 43920.900000000001455, 5943407.549999999813735 ], [ 43920.82499999999709, 5943407.549999999813735 ], [ 43920.82499999999709, 5943407.474999999627471 ], [ 43920.75, 5943407.474999999627471 ], [ 43920.75, 5943407.400000000372529 ], [ 43920.67500000000291, 5943407.400000000372529 ], [ 43920.67500000000291, 5943407.325000000186265 ], [ 43920.599999999998545, 5943407.325000000186265 ], [ 43920.599999999998545, 5943407.25 ], [ 43920.525000000001455, 5943407.25 ], [ 43920.525000000001455, 5943407.174999999813735 ], [ 43920.44999999999709, 5943407.174999999813735 ], [ 43920.44999999999709, 5943407.099999999627471 ], [ 43920.375, 5943407.099999999627471 ], [ 43920.375, 5943407.025000000372529 ], [ 43920.30000000000291, 5943407.025000000372529 ], [ 43920.30000000000291, 5943406.950000000186265 ], [ 43920.0, 5943406.950000000186265 ], [ 43920.0, 5943406.875 ], [ 43919.625, 5943406.875 ], [ 43919.625, 5943406.799999999813735 ], [ 43919.32499999999709, 5943406.799999999813735 ], [ 43919.32499999999709, 5943406.724999999627471 ], [ 43919.025000000001455, 5943406.724999999627471 ], [ 43919.025000000001455, 5943406.650000000372529 ], [ 43918.724999999998545, 5943406.650000000372529 ], [ 43918.724999999998545, 5943406.575000000186265 ], [ 43918.42500000000291, 5943406.575000000186265 ], [ 43918.42500000000291, 5943406.5 ], [ 43918.125, 5943406.5 ], [ 43918.125, 5943406.424999999813735 ], [ 43917.900000000001455, 5943406.424999999813735 ], [ 43917.900000000001455, 5943406.349999999627471 ], [ 43917.67500000000291, 5943406.349999999627471 ], [ 43917.67500000000291, 5943406.275000000372529 ], [ 43917.44999999999709, 5943406.275000000372529 ], [ 43917.44999999999709, 5943406.200000000186265 ], [ 43917.30000000000291, 5943406.200000000186265 ], [ 43917.30000000000291, 5943406.125 ], [ 43917.07499999999709, 5943406.125 ], [ 43917.07499999999709, 5943406.049999999813735 ], [ 43916.849999999998545, 5943406.049999999813735 ], [ 43916.849999999998545, 5943405.974999999627471 ], [ 43916.69999999999709, 5943405.974999999627471 ], [ 43916.69999999999709, 5943405.900000000372529 ], [ 43916.55000000000291, 5943405.900000000372529 ], [ 43916.55000000000291, 5943405.825000000186265 ], [ 43916.400000000001455, 5943405.825000000186265 ], [ 43916.400000000001455, 5943405.75 ], [ 43916.17500000000291, 5943405.75 ], [ 43916.17500000000291, 5943405.674999999813735 ], [ 43916.025000000001455, 5943405.674999999813735 ], [ 43916.025000000001455, 5943405.599999999627471 ], [ 43915.875, 5943405.599999999627471 ], [ 43915.875, 5943405.525000000372529 ], [ 43915.724999999998545, 5943405.525000000372529 ], [ 43915.724999999998545, 5943405.450000000186265 ], [ 43915.57499999999709, 5943405.450000000186265 ], [ 43915.57499999999709, 5943405.375 ], [ 43915.5, 5943405.375 ], [ 43915.5, 5943405.299999999813735 ], [ 43915.349999999998545, 5943405.299999999813735 ], [ 43915.349999999998545, 5943405.224999999627471 ], [ 43915.19999999999709, 5943405.224999999627471 ], [ 43915.19999999999709, 5943405.150000000372529 ], [ 43915.125, 5943405.150000000372529 ], [ 43915.125, 5943405.075000000186265 ], [ 43914.974999999998545, 5943405.075000000186265 ], [ 43914.974999999998545, 5943405.0 ], [ 43914.900000000001455, 5943405.0 ], [ 43914.900000000001455, 5943404.924999999813735 ], [ 43914.82499999999709, 5943404.924999999813735 ], [ 43914.82499999999709, 5943404.849999999627471 ], [ 43914.67500000000291, 5943404.849999999627471 ], [ 43914.67500000000291, 5943404.775000000372529 ], [ 43914.599999999998545, 5943404.775000000372529 ], [ 43914.599999999998545, 5943404.700000000186265 ], [ 43914.525000000001455, 5943404.700000000186265 ], [ 43914.525000000001455, 5943404.625 ], [ 43914.44999999999709, 5943404.625 ], [ 43914.44999999999709, 5943404.549999999813735 ], [ 43914.375, 5943404.549999999813735 ], [ 43914.375, 5943404.474999999627471 ], [ 43914.30000000000291, 5943404.474999999627471 ], [ 43914.30000000000291, 5943404.400000000372529 ], [ 43914.224999999998545, 5943404.400000000372529 ], [ 43914.224999999998545, 5943404.325000000186265 ], [ 43914.150000000001455, 5943404.325000000186265 ], [ 43914.150000000001455, 5943404.174999999813735 ], [ 43914.0, 5943404.174999999813735 ], [ 43914.0, 5943404.099999999627471 ], [ 43913.92500000000291, 5943404.099999999627471 ], [ 43913.92500000000291, 5943404.025000000372529 ], [ 43913.849999999998545, 5943404.025000000372529 ], [ 43913.849999999998545, 5943403.950000000186265 ], [ 43913.69999999999709, 5943403.950000000186265 ], [ 43913.69999999999709, 5943403.875 ], [ 43913.625, 5943403.875 ], [ 43913.625, 5943403.799999999813735 ], [ 43913.55000000000291, 5943403.799999999813735 ], [ 43913.55000000000291, 5943403.724999999627471 ], [ 43913.400000000001455, 5943403.724999999627471 ], [ 43913.400000000001455, 5943403.650000000372529 ], [ 43913.32499999999709, 5943403.650000000372529 ], [ 43913.32499999999709, 5943403.575000000186265 ], [ 43913.25, 5943403.575000000186265 ], [ 43913.25, 5943403.5 ], [ 43913.099999999998545, 5943403.5 ], [ 43913.099999999998545, 5943403.424999999813735 ], [ 43913.025000000001455, 5943403.424999999813735 ], [ 43913.025000000001455, 5943403.349999999627471 ], [ 43912.94999999999709, 5943403.349999999627471 ], [ 43912.94999999999709, 5943403.275000000372529 ], [ 43912.875, 5943403.275000000372529 ], [ 43912.875, 5943403.200000000186265 ], [ 43912.724999999998545, 5943403.200000000186265 ], [ 43912.724999999998545, 5943403.125 ], [ 43912.650000000001455, 5943403.125 ], [ 43912.650000000001455, 5943403.049999999813735 ], [ 43912.57499999999709, 5943403.049999999813735 ], [ 43912.57499999999709, 5943402.974999999627471 ], [ 43912.5, 5943402.974999999627471 ], [ 43912.5, 5943402.900000000372529 ], [ 43912.42500000000291, 5943402.900000000372529 ], [ 43912.42500000000291, 5943402.825000000186265 ], [ 43912.349999999998545, 5943402.825000000186265 ], [ 43912.349999999998545, 5943402.75 ], [ 43912.275000000001455, 5943402.75 ], [ 43912.275000000001455, 5943402.674999999813735 ], [ 43912.19999999999709, 5943402.674999999813735 ], [ 43912.19999999999709, 5943402.599999999627471 ], [ 43912.125, 5943402.599999999627471 ], [ 43912.125, 5943402.525000000372529 ], [ 43912.05000000000291, 5943402.525000000372529 ], [ 43912.05000000000291, 5943402.375 ], [ 43911.974999999998545, 5943402.375 ], [ 43911.974999999998545, 5943402.299999999813735 ], [ 43911.900000000001455, 5943402.299999999813735 ], [ 43911.900000000001455, 5943402.224999999627471 ], [ 43911.82499999999709, 5943402.224999999627471 ], [ 43911.82499999999709, 5943402.150000000372529 ], [ 43911.75, 5943402.150000000372529 ], [ 43911.75, 5943402.075000000186265 ], [ 43911.67500000000291, 5943402.075000000186265 ], [ 43911.67500000000291, 5943402.0 ], [ 43911.599999999998545, 5943402.0 ], [ 43911.599999999998545, 5943401.924999999813735 ], [ 43911.525000000001455, 5943401.924999999813735 ], [ 43911.525000000001455, 5943401.849999999627471 ], [ 43911.44999999999709, 5943401.849999999627471 ], [ 43911.44999999999709, 5943401.775000000372529 ], [ 43911.375, 5943401.775000000372529 ], [ 43911.375, 5943401.700000000186265 ], [ 43911.30000000000291, 5943401.700000000186265 ], [ 43911.30000000000291, 5943401.625 ], [ 43911.224999999998545, 5943401.625 ], [ 43911.224999999998545, 5943401.549999999813735 ], [ 43911.150000000001455, 5943401.549999999813735 ], [ 43911.150000000001455, 5943401.025000000372529 ], [ 43911.224999999998545, 5943401.025000000372529 ], [ 43911.224999999998545, 5943400.200000000186265 ], [ 43911.30000000000291, 5943400.200000000186265 ], [ 43911.30000000000291, 5943399.525000000372529 ], [ 43911.375, 5943399.525000000372529 ], [ 43911.375, 5943398.775000000372529 ], [ 43911.44999999999709, 5943398.775000000372529 ], [ 43911.44999999999709, 5943398.025000000372529 ], [ 43911.525000000001455, 5943398.025000000372529 ], [ 43911.525000000001455, 5943397.349999999627471 ], [ 43911.599999999998545, 5943397.349999999627471 ], [ 43911.599999999998545, 5943396.674999999813735 ], [ 43911.67500000000291, 5943396.674999999813735 ], [ 43911.67500000000291, 5943396.224999999627471 ], [ 43911.75, 5943396.224999999627471 ], [ 43911.75, 5943395.924999999813735 ], [ 43911.82499999999709, 5943395.924999999813735 ], [ 43911.82499999999709, 5943395.625 ], [ 43911.900000000001455, 5943395.625 ], [ 43911.900000000001455, 5943395.325000000186265 ], [ 43911.974999999998545, 5943395.325000000186265 ], [ 43911.974999999998545, 5943395.099999999627471 ], [ 43912.05000000000291, 5943395.099999999627471 ], [ 43912.05000000000291, 5943394.799999999813735 ], [ 43912.125, 5943394.799999999813735 ], [ 43912.125, 5943394.575000000186265 ], [ 43912.19999999999709, 5943394.575000000186265 ], [ 43912.19999999999709, 5943394.349999999627471 ], [ 43912.275000000001455, 5943394.349999999627471 ], [ 43912.275000000001455, 5943394.275000000372529 ], [ 43912.349999999998545, 5943394.275000000372529 ], [ 43912.349999999998545, 5943394.125 ], [ 43912.42500000000291, 5943394.125 ], [ 43912.42500000000291, 5943394.049999999813735 ], [ 43912.5, 5943394.049999999813735 ], [ 43912.5, 5943393.974999999627471 ], [ 43912.57499999999709, 5943393.974999999627471 ], [ 43912.57499999999709, 5943393.900000000372529 ], [ 43912.650000000001455, 5943393.900000000372529 ], [ 43912.650000000001455, 5943393.825000000186265 ], [ 43912.724999999998545, 5943393.825000000186265 ], [ 43912.724999999998545, 5943393.75 ], [ 43912.875, 5943393.75 ], [ 43912.875, 5943393.674999999813735 ], [ 43912.94999999999709, 5943393.674999999813735 ], [ 43912.94999999999709, 5943393.599999999627471 ], [ 43913.025000000001455, 5943393.599999999627471 ], [ 43913.025000000001455, 5943393.525000000372529 ], [ 43913.099999999998545, 5943393.525000000372529 ], [ 43913.099999999998545, 5943393.450000000186265 ], [ 43913.17500000000291, 5943393.450000000186265 ], [ 43913.17500000000291, 5943393.375 ], [ 43913.25, 5943393.375 ], [ 43913.25, 5943393.299999999813735 ], [ 43913.32499999999709, 5943393.299999999813735 ], [ 43913.32499999999709, 5943393.224999999627471 ], [ 43913.400000000001455, 5943393.224999999627471 ], [ 43913.400000000001455, 5943393.150000000372529 ], [ 43913.474999999998545, 5943393.150000000372529 ], [ 43913.474999999998545, 5943393.075000000186265 ], [ 43913.55000000000291, 5943393.075000000186265 ], [ 43913.55000000000291, 5943393.0 ], [ 43913.625, 5943393.0 ], [ 43913.625, 5943392.924999999813735 ], [ 43913.69999999999709, 5943392.924999999813735 ], [ 43913.69999999999709, 5943392.849999999627471 ], [ 43913.775000000001455, 5943392.849999999627471 ], [ 43913.775000000001455, 5943392.775000000372529 ], [ 43913.849999999998545, 5943392.775000000372529 ], [ 43913.849999999998545, 5943392.700000000186265 ], [ 43913.92500000000291, 5943392.700000000186265 ], [ 43913.92500000000291, 5943392.549999999813735 ], [ 43914.0, 5943392.549999999813735 ], [ 43914.0, 5943392.474999999627471 ], [ 43914.07499999999709, 5943392.474999999627471 ], [ 43914.07499999999709, 5943392.400000000372529 ], [ 43914.150000000001455, 5943392.400000000372529 ], [ 43914.150000000001455, 5943392.325000000186265 ], [ 43914.30000000000291, 5943392.325000000186265 ], [ 43914.30000000000291, 5943392.25 ], [ 43914.375, 5943392.25 ], [ 43914.375, 5943392.174999999813735 ], [ 43914.44999999999709, 5943392.174999999813735 ], [ 43914.44999999999709, 5943392.099999999627471 ], [ 43914.599999999998545, 5943392.099999999627471 ], [ 43914.599999999998545, 5943392.025000000372529 ], [ 43914.75, 5943392.025000000372529 ], [ 43914.75, 5943391.950000000186265 ], [ 43914.974999999998545, 5943391.950000000186265 ], [ 43914.974999999998545, 5943391.875 ], [ 43915.125, 5943391.875 ], [ 43915.125, 5943391.799999999813735 ], [ 43915.275000000001455, 5943391.799999999813735 ], [ 43915.275000000001455, 5943391.724999999627471 ], [ 43915.42500000000291, 5943391.724999999627471 ], [ 43915.42500000000291, 5943391.650000000372529 ], [ 43915.650000000001455, 5943391.650000000372529 ], [ 43915.650000000001455, 5943391.575000000186265 ], [ 43915.80000000000291, 5943391.575000000186265 ], [ 43915.80000000000291, 5943391.5 ], [ 43916.025000000001455, 5943391.5 ], [ 43916.025000000001455, 5943391.424999999813735 ], [ 43916.25, 5943391.424999999813735 ], [ 43916.25, 5943391.349999999627471 ], [ 43916.400000000001455, 5943391.349999999627471 ], [ 43916.400000000001455, 5943391.275000000372529 ], [ 43916.625, 5943391.275000000372529 ], [ 43916.625, 5943391.200000000186265 ], [ 43916.849999999998545, 5943391.200000000186265 ], [ 43916.849999999998545, 5943391.125 ], [ 43917.07499999999709, 5943391.125 ], [ 43917.07499999999709, 5943391.049999999813735 ], [ 43917.224999999998545, 5943391.049999999813735 ], [ 43917.224999999998545, 5943390.974999999627471 ], [ 43917.44999999999709, 5943390.974999999627471 ], [ 43917.44999999999709, 5943390.900000000372529 ], [ 43917.67500000000291, 5943390.900000000372529 ], [ 43917.67500000000291, 5943390.825000000186265 ], [ 43917.82499999999709, 5943390.825000000186265 ], [ 43917.82499999999709, 5943390.75 ], [ 43918.05000000000291, 5943390.75 ], [ 43918.05000000000291, 5943390.674999999813735 ], [ 43918.275000000001455, 5943390.674999999813735 ], [ 43918.275000000001455, 5943390.599999999627471 ], [ 43918.42500000000291, 5943390.599999999627471 ], [ 43918.42500000000291, 5943390.525000000372529 ], [ 43918.57499999999709, 5943390.525000000372529 ], [ 43918.57499999999709, 5943390.450000000186265 ], [ 43918.80000000000291, 5943390.450000000186265 ], [ 43918.80000000000291, 5943390.375 ], [ 43918.94999999999709, 5943390.375 ], [ 43918.94999999999709, 5943390.299999999813735 ], [ 43919.17500000000291, 5943390.299999999813735 ], [ 43919.17500000000291, 5943390.224999999627471 ], [ 43919.400000000001455, 5943390.224999999627471 ], [ 43919.400000000001455, 5943390.150000000372529 ], [ 43919.625, 5943390.150000000372529 ], [ 43919.625, 5943390.075000000186265 ], [ 43919.849999999998545, 5943390.075000000186265 ], [ 43919.849999999998545, 5943390.0 ], [ 43920.150000000001455, 5943390.0 ], [ 43920.150000000001455, 5943389.924999999813735 ], [ 43920.525000000001455, 5943389.924999999813735 ], [ 43920.525000000001455, 5943389.849999999627471 ], [ 43921.125, 5943389.849999999627471 ], [ 43921.125, 5943389.775000000372529 ], [ 43921.80000000000291, 5943389.775000000372529 ], [ 43921.80000000000291, 5943389.700000000186265 ], [ 43923.82499999999709, 5943389.700000000186265 ], [ 43923.82499999999709, 5943389.625 ], [ 43928.474999999998545, 5943389.625 ], [ 43928.474999999998545, 5943389.700000000186265 ], [ 43928.849999999998545, 5943389.700000000186265 ], [ 43928.849999999998545, 5943389.775000000372529 ], [ 43929.224999999998545, 5943389.775000000372529 ], [ 43929.224999999998545, 5943389.849999999627471 ], [ 43929.599999999998545, 5943389.849999999627471 ], [ 43929.599999999998545, 5943389.924999999813735 ], [ 43929.900000000001455, 5943389.924999999813735 ], [ 43929.900000000001455, 5943390.0 ], [ 43930.125, 5943390.0 ], [ 43930.125, 5943390.075000000186265 ], [ 43930.275000000001455, 5943390.075000000186265 ], [ 43930.275000000001455, 5943390.150000000372529 ], [ 43930.42500000000291, 5943390.150000000372529 ], [ 43930.42500000000291, 5943390.224999999627471 ], [ 43930.57499999999709, 5943390.224999999627471 ], [ 43930.57499999999709, 5943390.299999999813735 ], [ 43930.650000000001455, 5943390.299999999813735 ], [ 43930.650000000001455, 5943390.375 ], [ 43930.80000000000291, 5943390.375 ], [ 43930.80000000000291, 5943390.450000000186265 ], [ 43930.875, 5943390.450000000186265 ], [ 43930.875, 5943390.525000000372529 ], [ 43931.025000000001455, 5943390.525000000372529 ], [ 43931.025000000001455, 5943390.599999999627471 ], [ 43931.099999999998545, 5943390.599999999627471 ], [ 43931.099999999998545, 5943390.674999999813735 ], [ 43931.25, 5943390.674999999813735 ], [ 43931.25, 5943390.75 ], [ 43931.32499999999709, 5943390.75 ], [ 43931.32499999999709, 5943390.825000000186265 ], [ 43931.474999999998545, 5943390.825000000186265 ], [ 43931.474999999998545, 5943390.900000000372529 ], [ 43931.625, 5943390.900000000372529 ], [ 43931.625, 5943390.974999999627471 ], [ 43931.69999999999709, 5943390.974999999627471 ], [ 43931.69999999999709, 5943391.049999999813735 ], [ 43931.849999999998545, 5943391.049999999813735 ], [ 43931.849999999998545, 5943391.125 ], [ 43932.0, 5943391.125 ], [ 43932.0, 5943391.200000000186265 ], [ 43932.150000000001455, 5943391.200000000186265 ], [ 43932.150000000001455, 5943391.275000000372529 ], [ 43932.224999999998545, 5943391.275000000372529 ], [ 43932.224999999998545, 5943391.349999999627471 ], [ 43932.375, 5943391.349999999627471 ], [ 43932.375, 5943391.424999999813735 ], [ 43932.44999999999709, 5943391.424999999813735 ], [ 43932.44999999999709, 5943391.5 ], [ 43932.599999999998545, 5943391.5 ], [ 43932.599999999998545, 5943391.575000000186265 ], [ 43932.67500000000291, 5943391.575000000186265 ], [ 43932.67500000000291, 5943391.650000000372529 ], [ 43932.82499999999709, 5943391.650000000372529 ], [ 43932.82499999999709, 5943391.724999999627471 ], [ 43932.900000000001455, 5943391.724999999627471 ], [ 43932.900000000001455, 5943391.799999999813735 ], [ 43932.974999999998545, 5943391.799999999813735 ], [ 43932.974999999998545, 5943391.875 ], [ 43933.05000000000291, 5943391.875 ], [ 43933.05000000000291, 5943391.950000000186265 ], [ 43933.125, 5943391.950000000186265 ], [ 43933.125, 5943392.025000000372529 ], [ 43933.19999999999709, 5943392.025000000372529 ], [ 43933.19999999999709, 5943392.099999999627471 ], [ 43933.275000000001455, 5943392.099999999627471 ], [ 43933.275000000001455, 5943392.174999999813735 ], [ 43933.349999999998545, 5943392.174999999813735 ], [ 43933.349999999998545, 5943392.25 ], [ 43933.42500000000291, 5943392.25 ], [ 43933.42500000000291, 5943392.325000000186265 ], [ 43933.5, 5943392.325000000186265 ], [ 43933.5, 5943392.400000000372529 ], [ 43933.57499999999709, 5943392.400000000372529 ], [ 43933.57499999999709, 5943392.474999999627471 ], [ 43933.650000000001455, 5943392.474999999627471 ], [ 43933.650000000001455, 5943392.549999999813735 ], [ 43933.724999999998545, 5943392.549999999813735 ], [ 43933.724999999998545, 5943392.625 ], [ 43933.80000000000291, 5943392.625 ], [ 43933.80000000000291, 5943392.700000000186265 ], [ 43933.875, 5943392.700000000186265 ], [ 43933.875, 5943392.775000000372529 ], [ 43933.94999999999709, 5943392.775000000372529 ], [ 43933.94999999999709, 5943392.849999999627471 ], [ 43934.025000000001455, 5943392.849999999627471 ], [ 43934.025000000001455, 5943392.924999999813735 ], [ 43934.099999999998545, 5943392.924999999813735 ], [ 43934.099999999998545, 5943393.0 ], [ 43934.17500000000291, 5943393.0 ], [ 43934.17500000000291, 5943393.075000000186265 ], [ 43934.32499999999709, 5943393.075000000186265 ], [ 43934.32499999999709, 5943393.150000000372529 ], [ 43934.400000000001455, 5943393.150000000372529 ], [ 43934.400000000001455, 5943393.224999999627471 ], [ 43934.474999999998545, 5943393.224999999627471 ], [ 43934.474999999998545, 5943393.375 ], [ 43934.55000000000291, 5943393.375 ], [ 43934.55000000000291, 5943393.450000000186265 ], [ 43934.625, 5943393.450000000186265 ], [ 43934.625, 5943393.525000000372529 ], [ 43934.69999999999709, 5943393.525000000372529 ], [ 43934.69999999999709, 5943393.599999999627471 ], [ 43934.775000000001455, 5943393.599999999627471 ], [ 43934.775000000001455, 5943393.674999999813735 ], [ 43934.849999999998545, 5943393.674999999813735 ], [ 43934.849999999998545, 5943393.825000000186265 ], [ 43934.92500000000291, 5943393.825000000186265 ], [ 43934.92500000000291, 5943393.900000000372529 ], [ 43935.0, 5943393.900000000372529 ], [ 43935.0, 5943393.974999999627471 ], [ 43935.07499999999709, 5943393.974999999627471 ], [ 43935.07499999999709, 5943394.125 ], [ 43935.150000000001455, 5943394.125 ], [ 43935.150000000001455, 5943394.200000000186265 ], [ 43935.224999999998545, 5943394.200000000186265 ], [ 43935.224999999998545, 5943394.349999999627471 ], [ 43935.30000000000291, 5943394.349999999627471 ], [ 43935.30000000000291, 5943394.5 ], [ 43935.375, 5943394.5 ], [ 43935.375, 5943394.650000000372529 ], [ 43935.44999999999709, 5943394.650000000372529 ], [ 43935.44999999999709, 5943394.799999999813735 ], [ 43935.525000000001455, 5943394.799999999813735 ], [ 43935.525000000001455, 5943394.950000000186265 ], [ 43935.599999999998545, 5943394.950000000186265 ], [ 43935.599999999998545, 5943395.099999999627471 ], [ 43935.67500000000291, 5943395.099999999627471 ], [ 43935.67500000000291, 5943395.25 ], [ 43935.75, 5943395.25 ], [ 43935.75, 5943395.325000000186265 ], [ 43935.82499999999709, 5943395.325000000186265 ], [ 43935.82499999999709, 5943395.474999999627471 ], [ 43935.900000000001455, 5943395.474999999627471 ], [ 43935.900000000001455, 5943395.625 ], [ 43935.974999999998545, 5943395.625 ], [ 43935.974999999998545, 5943395.700000000186265 ], [ 43936.05000000000291, 5943395.700000000186265 ], [ 43936.05000000000291, 5943395.849999999627471 ], [ 43936.125, 5943395.849999999627471 ], [ 43936.125, 5943395.924999999813735 ], [ 43936.19999999999709, 5943395.924999999813735 ], [ 43936.19999999999709, 5943396.075000000186265 ], [ 43936.275000000001455, 5943396.075000000186265 ], [ 43936.275000000001455, 5943396.224999999627471 ], [ 43936.349999999998545, 5943396.224999999627471 ], [ 43936.349999999998545, 5943396.299999999813735 ], [ 43936.42500000000291, 5943396.299999999813735 ], [ 43936.42500000000291, 5943396.525000000372529 ], [ 43936.5, 5943396.525000000372529 ], [ 43936.5, 5943396.75 ], [ 43936.57499999999709, 5943396.75 ], [ 43936.57499999999709, 5943396.974999999627471 ], [ 43936.650000000001455, 5943396.974999999627471 ], [ 43936.650000000001455, 5943397.200000000186265 ], [ 43936.724999999998545, 5943397.200000000186265 ], [ 43936.724999999998545, 5943397.424999999813735 ], [ 43936.80000000000291, 5943397.424999999813735 ], [ 43936.80000000000291, 5943397.724999999627471 ], [ 43936.875, 5943397.724999999627471 ], [ 43936.875, 5943397.950000000186265 ], [ 43936.94999999999709, 5943397.950000000186265 ], [ 43936.94999999999709, 5943398.25 ], [ 43937.025000000001455, 5943398.25 ], [ 43937.025000000001455, 5943398.549999999813735 ], [ 43937.099999999998545, 5943398.549999999813735 ], [ 43937.099999999998545, 5943398.849999999627471 ], [ 43937.17500000000291, 5943398.849999999627471 ], [ 43937.17500000000291, 5943399.150000000372529 ], [ 43937.25, 5943399.150000000372529 ], [ 43937.25, 5943399.450000000186265 ], [ 43937.32499999999709, 5943399.450000000186265 ], [ 43937.32499999999709, 5943399.75 ], [ 43937.400000000001455, 5943399.75 ], [ 43937.400000000001455, 5943400.125 ], [ 43937.474999999998545, 5943400.125 ], [ 43937.474999999998545, 5943400.424999999813735 ], [ 43937.55000000000291, 5943400.424999999813735 ], [ 43937.55000000000291, 5943400.724999999627471 ], [ 43937.625, 5943400.724999999627471 ], [ 43937.625, 5943401.025000000372529 ], [ 43937.69999999999709, 5943401.025000000372529 ], [ 43937.69999999999709, 5943401.325000000186265 ], [ 43937.775000000001455, 5943401.325000000186265 ], [ 43937.775000000001455, 5943401.625 ], [ 43937.849999999998545, 5943401.625 ], [ 43937.849999999998545, 5943401.924999999813735 ], [ 43937.92500000000291, 5943401.924999999813735 ], [ 43937.92500000000291, 5943402.150000000372529 ], [ 43938.0, 5943402.150000000372529 ], [ 43938.0, 5943402.375 ], [ 43937.92500000000291, 5943402.375 ], [ 43937.92500000000291, 5943402.974999999627471 ], [ 43937.849999999998545, 5943402.974999999627471 ], [ 43937.849999999998545, 5943403.5 ], [ 43937.775000000001455, 5943403.5 ], [ 43937.775000000001455, 5943404.174999999813735 ], [ 43937.69999999999709, 5943404.174999999813735 ], [ 43937.69999999999709, 5943404.325000000186265 ], [ 43937.625, 5943404.325000000186265 ], [ 43937.625, 5943404.474999999627471 ], [ 43937.55000000000291, 5943404.474999999627471 ], [ 43937.55000000000291, 5943404.700000000186265 ], [ 43937.474999999998545, 5943404.700000000186265 ], [ 43937.474999999998545, 5943404.849999999627471 ], [ 43937.400000000001455, 5943404.849999999627471 ], [ 43937.400000000001455, 5943405.0 ], [ 43937.32499999999709, 5943405.0 ], [ 43937.32499999999709, 5943405.150000000372529 ], [ 43937.25, 5943405.150000000372529 ], [ 43937.25, 5943405.375 ], [ 43937.17500000000291, 5943405.375 ], [ 43937.17500000000291, 5943405.525000000372529 ], [ 43937.099999999998545, 5943405.525000000372529 ], [ 43937.099999999998545, 5943405.674999999813735 ], [ 43937.025000000001455, 5943405.674999999813735 ], [ 43937.025000000001455, 5943405.900000000372529 ], [ 43936.94999999999709, 5943405.900000000372529 ], [ 43936.94999999999709, 5943406.049999999813735 ], [ 43936.875, 5943406.049999999813735 ], [ 43936.875, 5943406.275000000372529 ], [ 43936.80000000000291, 5943406.275000000372529 ], [ 43936.80000000000291, 5943406.424999999813735 ], [ 43936.724999999998545, 5943406.424999999813735 ], [ 43936.724999999998545, 5943406.575000000186265 ], [ 43936.650000000001455, 5943406.575000000186265 ], [ 43936.650000000001455, 5943406.724999999627471 ], [ 43936.57499999999709, 5943406.724999999627471 ], [ 43936.57499999999709, 5943406.875 ], [ 43936.5, 5943406.875 ], [ 43936.5, 5943407.025000000372529 ], [ 43936.42500000000291, 5943407.025000000372529 ], [ 43936.42500000000291, 5943407.174999999813735 ], [ 43936.349999999998545, 5943407.174999999813735 ], [ 43936.349999999998545, 5943407.325000000186265 ], [ 43936.275000000001455, 5943407.325000000186265 ], [ 43936.275000000001455, 5943407.474999999627471 ], [ 43936.19999999999709, 5943407.474999999627471 ], [ 43936.19999999999709, 5943407.625 ], [ 43936.125, 5943407.625 ], [ 43936.125, 5943407.700000000186265 ], [ 43936.05000000000291, 5943407.700000000186265 ], [ 43936.05000000000291, 5943407.849999999627471 ], [ 43935.974999999998545, 5943407.849999999627471 ], [ 43935.974999999998545, 5943408.0 ], [ 43935.900000000001455, 5943408.0 ], [ 43935.900000000001455, 5943408.075000000186265 ], [ 43935.82499999999709, 5943408.075000000186265 ], [ 43935.82499999999709, 5943408.150000000372529 ], [ 43935.75, 5943408.150000000372529 ], [ 43935.75, 5943408.224999999627471 ], [ 43935.67500000000291, 5943408.224999999627471 ], [ 43935.67500000000291, 5943408.375 ], [ 43935.599999999998545, 5943408.375 ], [ 43935.599999999998545, 5943408.450000000186265 ], [ 43935.525000000001455, 5943408.450000000186265 ], [ 43935.525000000001455, 5943408.525000000372529 ], [ 43935.44999999999709, 5943408.525000000372529 ], [ 43935.44999999999709, 5943408.599999999627471 ], [ 43935.375, 5943408.599999999627471 ], [ 43935.375, 5943408.674999999813735 ], [ 43935.30000000000291, 5943408.674999999813735 ], [ 43935.30000000000291, 5943408.75 ], [ 43935.224999999998545, 5943408.75 ], [ 43935.224999999998545, 5943408.825000000186265 ], [ 43935.150000000001455, 5943408.825000000186265 ], [ 43935.150000000001455, 5943408.900000000372529 ], [ 43935.07499999999709, 5943408.900000000372529 ], [ 43935.07499999999709, 5943408.974999999627471 ], [ 43935.0, 5943408.974999999627471 ], [ 43935.0, 5943409.049999999813735 ], [ 43934.92500000000291, 5943409.049999999813735 ], [ 43934.92500000000291, 5943409.125 ], [ 43934.849999999998545, 5943409.125 ], [ 43934.849999999998545, 5943409.200000000186265 ], [ 43934.775000000001455, 5943409.200000000186265 ], [ 43934.775000000001455, 5943409.275000000372529 ], [ 43934.69999999999709, 5943409.275000000372529 ], [ 43934.69999999999709, 5943409.349999999627471 ], [ 43934.55000000000291, 5943409.349999999627471 ], [ 43934.55000000000291, 5943409.424999999813735 ], [ 43934.474999999998545, 5943409.424999999813735 ], [ 43934.474999999998545, 5943409.5 ], [ 43934.400000000001455, 5943409.5 ], [ 43934.400000000001455, 5943409.575000000186265 ], [ 43934.32499999999709, 5943409.575000000186265 ], [ 43934.32499999999709, 5943409.650000000372529 ], [ 43934.17500000000291, 5943409.650000000372529 ], [ 43934.17500000000291, 5943409.724999999627471 ], [ 43934.099999999998545, 5943409.724999999627471 ], [ 43934.099999999998545, 5943409.799999999813735 ], [ 43934.025000000001455, 5943409.799999999813735 ], [ 43934.025000000001455, 5943409.875 ], [ 43933.875, 5943409.875 ], [ 43933.875, 5943409.950000000186265 ], [ 43933.80000000000291, 5943409.950000000186265 ], [ 43933.80000000000291, 5943410.025000000372529 ], [ 43933.650000000001455, 5943410.025000000372529 ], [ 43933.650000000001455, 5943410.099999999627471 ], [ 43933.5, 5943410.099999999627471 ], [ 43933.5, 5943410.174999999813735 ], [ 43933.349999999998545, 5943410.174999999813735 ], [ 43933.349999999998545, 5943410.25 ], [ 43933.19999999999709, 5943410.25 ], [ 43933.19999999999709, 5943410.325000000186265 ], [ 43933.05000000000291, 5943410.325000000186265 ], [ 43933.05000000000291, 5943410.400000000372529 ], [ 43932.900000000001455, 5943410.400000000372529 ], [ 43932.900000000001455, 5943410.474999999627471 ], [ 43932.67500000000291, 5943410.474999999627471 ], [ 43932.67500000000291, 5943410.549999999813735 ], [ 43932.525000000001455, 5943410.549999999813735 ], [ 43932.525000000001455, 5943410.625 ], [ 43932.30000000000291, 5943410.625 ], [ 43932.30000000000291, 5943410.700000000186265 ], [ 43932.07499999999709, 5943410.700000000186265 ], [ 43932.07499999999709, 5943410.775000000372529 ], [ 43931.849999999998545, 5943410.775000000372529 ], [ 43931.849999999998545, 5943410.849999999627471 ], [ 43931.625, 5943410.849999999627471 ], [ 43931.625, 5943410.924999999813735 ], [ 43931.400000000001455, 5943410.924999999813735 ], [ 43931.400000000001455, 5943411.0 ], [ 43931.17500000000291, 5943411.0 ], [ 43931.17500000000291, 5943411.075000000186265 ], [ 43930.875, 5943411.075000000186265 ], [ 43930.875, 5943411.150000000372529 ], [ 43930.650000000001455, 5943411.150000000372529 ], [ 43930.650000000001455, 5943411.224999999627471 ], [ 43930.42500000000291, 5943411.224999999627471 ], [ 43930.42500000000291, 5943411.299999999813735 ], [ 43930.19999999999709, 5943411.299999999813735 ], [ 43930.19999999999709, 5943411.375 ], [ 43929.525000000001455, 5943411.375 ], [ 43929.525000000001455, 5943411.450000000186265 ], [ 43928.55000000000291, 5943411.450000000186265 ], [ 43928.55000000000291, 5943411.525000000372529 ], [ 43927.94999999999709, 5943411.525000000372529 ] ] ] } },
{ "type": "Feature", "properties": { "value": 1.0, "building_id": 27, "area": 378.88312499954009 }, "geometry": { "type": "Polygon", "coordinates": [ [ [ 43703.32499999999709, 5943411.0 ], [ 43703.32499999999709, 5943410.924999999813735 ], [ 43702.80000000000291, 5943410.924999999813735 ], [ 43702.80000000000291, 5943410.849999999627471 ], [ 43702.275000000001455, 5943410.849999999627471 ], [ 43702.275000000001455, 5943410.775000000372529 ], [ 43701.75, 5943410.775000000372529 ], [ 43701.75, 5943410.700000000186265 ], [ 43701.44999999999709, 5943410.700000000186265 ], [ 43701.44999999999709, 5943410.625 ], [ 43701.375, 5943410.625 ], [ 43701.375, 5943410.549999999813735 ], [ 43701.30000000000291, 5943410.549999999813735 ], [ 43701.30000000000291, 5943410.474999999627471 ], [ 43701.150000000001455, 5943410.474999999627471 ], [ 43701.150000000001455, 5943410.400000000372529 ], [ 43701.07499999999709, 5943410.400000000372529 ], [ 43701.07499999999709, 5943410.325000000186265 ], [ 43701.0, 5943410.325000000186265 ], [ 43701.0, 5943410.25 ], [ 43700.92500000000291, 5943410.25 ], [ 43700.92500000000291, 5943410.174999999813735 ], [ 43700.849999999998545, 5943410.174999999813735 ], [ 43700.849999999998545, 5943410.099999999627471 ], [ 43700.69999999999709, 5943410.099999999627471 ], [ 43700.69999999999709, 5943410.025000000372529 ], [ 43700.625, 5943410.025000000372529 ], [ 43700.625, 5943409.950000000186265 ], [ 43700.55000000000291, 5943409.950000000186265 ], [ 43700.55000000000291, 5943409.875 ], [ 43700.474999999998545, 5943409.875 ], [ 43700.474999999998545, 5943409.799999999813735 ], [ 43700.400000000001455, 5943409.799999999813735 ], [ 43700.400000000001455, 5943409.724999999627471 ], [ 43700.32499999999709, 5943409.724999999627471 ], [ 43700.32499999999709, 5943409.650000000372529 ], [ 43700.25, 5943409.650000000372529 ], [ 43700.25, 5943409.575000000186265 ], [ 43700.17500000000291, 5943409.575000000186265 ], [ 43700.17500000000291, 5943409.5 ], [ 43700.025000000001455, 5943409.5 ], [ 43700.025000000001455, 5943409.424999999813735 ], [ 43699.94999999999709, 5943409.424999999813735 ], [ 43699.94999999999709, 5943409.349999999627471 ], [ 43699.875, 5943409.349999999627471 ], [ 43699.875, 5943409.275000000372529 ], [ 43699.724999999998545, 5943409.275000000372529 ], [ 43699.724999999998545, 5943409.200000000186265 ], [ 43699.650000000001455, 5943409.200000000186265 ], [ 43699.650000000001455, 5943409.125 ], [ 43699.57499999999709, 5943409.125 ], [ 43699.57499999999709, 5943409.049999999813735 ], [ 43699.5, 5943409.049999999813735 ], [ 43699.5, 5943408.974999999627471 ], [ 43699.349999999998545, 5943408.974999999627471 ], [ 43699.349999999998545, 5943408.900000000372529 ], [ 43699.275000000001455, 5943408.900000000372529 ], [ 43699.275000000001455, 5943408.825000000186265 ], [ 43699.19999999999709, 5943408.825000000186265 ], [ 43699.19999999999709, 5943408.75 ], [ 43699.125, 5943408.75 ], [ 43699.125, 5943408.674999999813735 ], [ 43699.05000000000291, 5943408.674999999813735 ], [ 43699.05000000000291, 5943408.599999999627471 ], [ 43698.974999999998545, 5943408.599999999627471 ], [ 43698.974999999998545, 5943408.450000000186265 ], [ 43698.900000000001455, 5943408.450000000186265 ], [ 43698.900000000001455, 5943408.375 ], [ 43698.82499999999709, 5943408.375 ], [ 43698.82499999999709, 5943408.299999999813735 ], [ 43698.75, 5943408.299999999813735 ], [ 43698.75, 5943408.224999999627471 ], [ 43698.67500000000291, 5943408.224999999627471 ], [ 43698.67500000000291, 5943408.075000000186265 ], [ 43698.599999999998545, 5943408.075000000186265 ], [ 43698.599999999998545, 5943408.0 ], [ 43698.525000000001455, 5943408.0 ], [ 43698.525000000001455, 5943407.849999999627471 ], [ 43698.44999999999709, 5943407.849999999627471 ], [ 43698.44999999999709, 5943407.775000000372529 ], [ 43698.375, 5943407.775000000372529 ], [ 43698.375, 5943407.625 ], [ 43698.30000000000291, 5943407.625 ], [ 43698.30000000000291, 5943407.549999999813735 ], [ 43698.224999999998545, 5943407.549999999813735 ], [ 43698.224999999998545, 5943407.474999999627471 ], [ 43698.150000000001455, 5943407.474999999627471 ], [ 43698.150000000001455, 5943407.325000000186265 ], [ 43698.07499999999709, 5943407.325000000186265 ], [ 43698.07499999999709, 5943407.25 ], [ 43698.0, 5943407.25 ], [ 43698.0, 5943407.174999999813735 ], [ 43697.92500000000291, 5943407.174999999813735 ], [ 43697.92500000000291, 5943407.099999999627471 ], [ 43697.849999999998545, 5943407.099999999627471 ], [ 43697.849999999998545, 5943407.025000000372529 ], [ 43697.775000000001455, 5943407.025000000372529 ], [ 43697.775000000001455, 5943406.875 ], [ 43697.69999999999709, 5943406.875 ], [ 43697.69999999999709, 5943406.799999999813735 ], [ 43697.625, 5943406.799999999813735 ], [ 43697.625, 5943406.724999999627471 ], [ 43697.55000000000291, 5943406.724999999627471 ], [ 43697.55000000000291, 5943406.650000000372529 ], [ 43697.474999999998545, 5943406.650000000372529 ], [ 43697.474999999998545, 5943406.575000000186265 ], [ 43697.400000000001455, 5943406.575000000186265 ], [ 43697.400000000001455, 5943406.5 ], [ 43697.32499999999709, 5943406.5 ], [ 43697.32499999999709, 5943406.424999999813735 ], [ 43697.25, 5943406.424999999813735 ], [ 43697.25, 5943406.275000000372529 ], [ 43697.17500000000291, 5943406.275000000372529 ], [ 43697.17500000000291, 5943406.200000000186265 ], [ 43697.099999999998545, 5943406.200000000186265 ], [ 43697.099999999998545, 5943406.049999999813735 ], [ 43697.025000000001455, 5943406.049999999813735 ], [ 43697.025000000001455, 5943405.900000000372529 ], [ 43696.94999999999709, 5943405.900000000372529 ], [ 43696.94999999999709, 5943405.825000000186265 ], [ 43696.875, 5943405.825000000186265 ], [ 43696.875, 5943405.674999999813735 ], [ 43696.80000000000291, 5943405.674999999813735 ], [ 43696.80000000000291, 5943405.525000000372529 ], [ 43696.724999999998545, 5943405.525000000372529 ], [ 43696.724999999998545, 5943405.375 ], [ 43696.650000000001455, 5943405.375 ], [ 43696.650000000001455, 5943405.224999999627471 ], [ 43696.57499999999709, 5943405.224999999627471 ], [ 43696.57499999999709, 5943405.075000000186265 ], [ 43696.5, 5943405.075000000186265 ], [ 43696.5, 5943404.924999999813735 ], [ 43696.42500000000291, 5943404.924999999813735 ], [ 43696.42500000000291, 5943404.849999999627471 ], [ 43696.349999999998545, 5943404.849999999627471 ], [ 43696.349999999998545, 5943404.700000000186265 ], [ 43696.275000000001455, 5943404.700000000186265 ], [ 43696.275000000001455, 5943404.549999999813735 ], [ 43696.19999999999709, 5943404.549999999813735 ], [ 43696.19999999999709, 5943403.950000000186265 ], [ 43696.275000000001455, 5943403.950000000186265 ], [ 43696.275000000001455, 5943403.049999999813735 ], [ 43696.349999999998545, 5943403.049999999813735 ], [ 43696.349999999998545, 5943402.0 ], [ 43696.42500000000291, 5943402.0 ], [ 43696.42500000000291, 5943401.25 ], [ 43696.5, 5943401.25 ], [ 43696.5, 5943400.349999999627471 ], [ 43696.57499999999709, 5943400.349999999627471 ], [ 43696.57499999999709, 5943399.299999999813735 ], [ 43696.650000000001455, 5943399.299999999813735 ], [ 43696.650000000001455, 5943398.174999999813735 ], [ 43696.724999999998545, 5943398.174999999813735 ], [ 43696.724999999998545, 5943396.75 ], [ 43696.80000000000291, 5943396.75 ], [ 43696.80000000000291, 5943396.075000000186265 ], [ 43696.875, 5943396.075000000186265 ], [ 43696.875, 5943395.625 ], [ 43696.94999999999709, 5943395.625 ], [ 43696.94999999999709, 5943395.25 ], [ 43697.025000000001455, 5943395.25 ], [ 43697.025000000001455, 5943394.875 ], [ 43697.099999999998545, 5943394.875 ], [ 43697.099999999998545, 5943394.575000000186265 ], [ 43697.17500000000291, 5943394.575000000186265 ], [ 43697.17500000000291, 5943394.349999999627471 ], [ 43697.25, 5943394.349999999627471 ], [ 43697.25, 5943394.200000000186265 ], [ 43697.32499999999709, 5943394.200000000186265 ], [ 43697.32499999999709, 5943394.125 ], [ 43697.400000000001455, 5943394.125 ], [ 43697.400000000001455, 5943393.974999999627471 ], [ 43697.474999999998545, 5943393.974999999627471 ], [ 43697.474999999998545, 5943393.900000000372529 ], [ 43697.55000000000291, 5943393.900000000372529 ], [ 43697.55000000000291, 5943393.825000000186265 ], [ 43697.625, 5943393.825000000186265 ], [ 43697.625, 5943393.75 ], [ 43697.69999999999709, 5943393.75 ], [ 43697.69999999999709, 5943393.599999999627471 ], [ 43697.775000000001455, 5943393.599999999627471 ], [ 43697.775000000001455, 5943393.525000000372529 ], [ 43697.849999999998545, 5943393.525000000372529 ], [ 43697.849999999998545, 5943393.450000000186265 ], [ 43697.92500000000291, 5943393.450000000186265 ], [ 43697.92500000000291, 5943393.299999999813735 ], [ 43698.0, 5943393.299999999813735 ], [ 43698.0, 5943393.224999999627471 ], [ 43698.07499999999709, 5943393.224999999627471 ], [ 43698.07499999999709, 5943393.075000000186265 ], [ 43698.150000000001455, 5943393.075000000186265 ], [ 43698.150000000001455, 5943393.0 ], [ 43698.224999999998545, 5943393.0 ], [ 43698.224999999998545, 5943392.849999999627471 ], [ 43698.30000000000291, 5943392.849999999627471 ], [ 43698.30000000000291, 5943392.700000000186265 ], [ 43698.375, 5943392.700000000186265 ], [ 43698.375, 5943392.549999999813735 ], [ 43698.44999999999709, 5943392.549999999813735 ], [ 43698.44999999999709, 5943392.325000000186265 ], [ 43698.525000000001455, 5943392.325000000186265 ], [ 43698.525000000001455, 5943392.174999999813735 ], [ 43698.599999999998545, 5943392.174999999813735 ], [ 43698.599999999998545, 5943392.025000000372529 ], [ 43698.67500000000291, 5943392.025000000372529 ], [ 43698.67500000000291, 5943391.875 ], [ 43698.75, 5943391.875 ], [ 43698.75, 5943391.799999999813735 ], [ 43698.82499999999709, 5943391.799999999813735 ], [ 43698.82499999999709, 5943391.650000000372529 ], [ 43698.900000000001455, 5943391.650000000372529 ], [ 43698.900000000001455, 5943391.575000000186265 ], [ 43698.974999999998545, 5943391.575000000186265 ], [ 43698.974999999998545, 5943391.424999999813735 ], [ 43699.05000000000291, 5943391.424999999813735 ], [ 43699.05000000000291, 5943391.349999999627471 ], [ 43699.125, 5943391.349999999627471 ], [ 43699.125, 5943391.275000000372529 ], [ 43699.19999999999709, 5943391.275000000372529 ], [ 43699.19999999999709, 5943391.200000000186265 ], [ 43699.275000000001455, 5943391.200000000186265 ], [ 43699.275000000001455, 5943391.049999999813735 ], [ 43699.349999999998545, 5943391.049999999813735 ], [ 43699.349999999998545, 5943390.974999999627471 ], [ 43699.42500000000291, 5943390.974999999627471 ], [ 43699.42500000000291, 5943390.900000000372529 ], [ 43699.5, 5943390.900000000372529 ], [ 43699.5, 5943390.825000000186265 ], [ 43699.57499999999709, 5943390.825000000186265 ], [ 43699.57499999999709, 5943390.75 ], [ 43699.724999999998545, 5943390.75 ], [ 43699.724999999998545, 5943390.599999999627471 ], [ 43699.80000000000291, 5943390.599999999627471 ], [ 43699.80000000000291, 5943390.525000000372529 ], [ 43699.875, 5943390.525000000372529 ], [ 43699.875, 5943390.450000000186265 ], [ 43699.94999999999709, 5943390.450000000186265 ], [ 43699.94999999999709, 5943390.375 ], [ 43700.025000000001455, 5943390.375 ], [ 43700.025000000001455, 5943390.299999999813735 ], [ 43700.099999999998545, 5943390.299999999813735 ], [ 43700.099999999998545, 5943390.224999999627471 ], [ 43700.17500000000291, 5943390.224999999627471 ], [ 43700.17500000000291, 5943390.150000000372529 ], [ 43700.25, 5943390.150000000372529 ], [ 43700.25, 5943390.075000000186265 ], [ 43700.32499999999709, 5943390.075000000186265 ], [ 43700.32499999999709, 5943390.0 ], [ 43700.400000000001455, 5943390.0 ], [ 43700.400000000001455, 5943389.924999999813735 ], [ 43700.474999999998545, 5943389.924999999813735 ], [ 43700.474999999998545, 5943389.849999999627471 ], [ 43700.55000000000291, 5943389.849999999627471 ], [ 43700.55000000000291, 5943389.775000000372529 ], [ 43700.625, 5943389.775000000372529 ], [ 43700.625, 5943389.700000000186265 ], [ 43700.69999999999709, 5943389.700000000186265 ], [ 43700.69999999999709, 5943389.625 ], [ 43700.775000000001455, 5943389.625 ], [ 43700.775000000001455, 5943389.549999999813735 ], [ 43700.849999999998545, 5943389.549999999813735 ], [ 43700.849999999998545, 5943389.474999999627471 ], [ 43700.92500000000291, 5943389.474999999627471 ], [ 43700.92500000000291, 5943389.400000000372529 ], [ 43701.07499999999709, 5943389.400000000372529 ], [ 43701.07499999999709, 5943389.325000000186265 ], [ 43701.150000000001455, 5943389.325000000186265 ], [ 43701.150000000001455, 5943389.25 ], [ 43701.224999999998545, 5943389.25 ], [ 43701.224999999998545, 5943389.174999999813735 ], [ 43701.375, 5943389.174999999813735 ], [ 43701.375, 5943389.099999999627471 ], [ 43701.44999999999709, 5943389.099999999627471 ], [ 43701.44999999999709, 5943389.025000000372529 ], [ 43701.599999999998545, 5943389.025000000372529 ], [ 43701.599999999998545, 5943388.950000000186265 ], [ 43701.82499999999709, 5943388.950000000186265 ], [ 43701.82499999999709, 5943388.875 ], [ 43701.974999999998545, 5943388.875 ], [ 43701.974999999998545, 5943388.799999999813735 ], [ 43702.19999999999709, 5943388.799999999813735 ], [ 43702.19999999999709, 5943388.724999999627471 ], [ 43702.349999999998545, 5943388.724999999627471 ], [ 43702.349999999998545, 5943388.650000000372529 ], [ 43702.5, 5943388.650000000372529 ], [ 43702.5, 5943388.575000000186265 ], [ 43702.650000000001455, 5943388.575000000186265 ], [ 43702.650000000001455, 5943388.5 ], [ 43702.724999999998545, 5943388.5 ], [ 43702.724999999998545, 5943388.424999999813735 ], [ 43702.875, 5943388.424999999813735 ], [ 43702.875, 5943388.349999999627471 ], [ 43703.025000000001455, 5943388.349999999627471 ], [ 43703.025000000001455, 5943388.275000000372529 ], [ 43703.25, 5943388.275000000372529 ], [ 43703.25, 5943388.200000000186265 ], [ 43703.400000000001455, 5943388.200000000186265 ], [ 43703.400000000001455, 5943388.125 ], [ 43703.92500000000291, 5943388.125 ], [ 43703.92500000000291, 5943388.200000000186265 ], [ 43704.67500000000291, 5943388.200000000186265 ], [ 43704.67500000000291, 5943388.275000000372529 ], [ 43705.349999999998545, 5943388.275000000372529 ], [ 43705.349999999998545, 5943388.349999999627471 ], [ 43706.025000000001455, 5943388.349999999627471 ], [ 43706.025000000001455, 5943388.424999999813735 ], [ 43706.625, 5943388.424999999813735 ], [ 43706.625, 5943388.5 ], [ 43707.150000000001455, 5943388.5 ], [ 43707.150000000001455, 5943388.575000000186265 ], [ 43707.75, 5943388.575000000186265 ], [ 43707.75, 5943388.650000000372529 ], [ 43708.42500000000291, 5943388.650000000372529 ], [ 43708.42500000000291, 5943388.724999999627471 ], [ 43709.17500000000291, 5943388.724999999627471 ], [ 43709.17500000000291, 5943388.799999999813735 ], [ 43709.69999999999709, 5943388.799999999813735 ], [ 43709.69999999999709, 5943388.875 ], [ 43710.224999999998545, 5943388.875 ], [ 43710.224999999998545, 5943388.950000000186265 ], [ 43710.75, 5943388.950000000186265 ], [ 43710.75, 5943389.025000000372529 ], [ 43711.275000000001455, 5943389.025000000372529 ], [ 43711.275000000001455, 5943389.099999999627471 ], [ 43711.724999999998545, 5943389.099999999627471 ], [ 43711.724999999998545, 5943389.174999999813735 ], [ 43712.17500000000291, 5943389.174999999813735 ], [ 43712.17500000000291, 5943389.25 ], [ 43712.625, 5943389.25 ], [ 43712.625, 5943389.325000000186265 ], [ 43713.07499999999709, 5943389.325000000186265 ], [ 43713.07499999999709, 5943389.400000000372529 ], [ 43713.44999999999709, 5943389.400000000372529 ], [ 43713.44999999999709, 5943389.474999999627471 ], [ 43713.82499999999709, 5943389.474999999627471 ], [ 43713.82499999999709, 5943389.549999999813735 ], [ 43714.125, 5943389.549999999813735 ], [ 43714.125, 5943389.625 ], [ 43714.42500000000291, 5943389.625 ], [ 43714.42500000000291, 5943389.700000000186265 ], [ 43714.724999999998545, 5943389.700000000186265 ], [ 43714.724999999998545, 5943389.775000000372529 ], [ 43714.94999999999709, 5943389.775000000372529 ], [ 43714.94999999999709, 5943389.849999999627471 ], [ 43715.17500000000291, 5943389.849999999627471 ], [ 43715.17500000000291, 5943389.924999999813735 ], [ 43715.400000000001455, 5943389.924999999813735 ], [ 43715.400000000001455, 5943390.0 ], [ 43715.55000000000291, 5943390.0 ], [ 43715.55000000000291, 5943390.075000000186265 ], [ 43715.69999999999709, 5943390.075000000186265 ], [ 43715.69999999999709, 5943390.150000000372529 ], [ 43715.849999999998545, 5943390.150000000372529 ], [ 43715.849999999998545, 5943390.224999999627471 ], [ 43715.92500000000291, 5943390.224999999627471 ], [ 43715.92500000000291, 5943390.299999999813735 ], [ 43716.07499999999709, 5943390.299999999813735 ], [ 43716.07499999999709, 5943390.375 ], [ 43716.150000000001455, 5943390.375 ], [ 43716.150000000001455, 5943390.450000000186265 ], [ 43716.224999999998545, 5943390.450000000186265 ], [ 43716.224999999998545, 5943390.525000000372529 ], [ 43716.375, 5943390.525000000372529 ], [ 43716.375, 5943390.599999999627471 ], [ 43716.44999999999709, 5943390.599999999627471 ], [ 43716.44999999999709, 5943390.674999999813735 ], [ 43716.525000000001455, 5943390.674999999813735 ], [ 43716.525000000001455, 5943390.75 ], [ 43716.599999999998545, 5943390.75 ], [ 43716.599999999998545, 5943390.825000000186265 ], [ 43716.75, 5943390.825000000186265 ], [ 43716.75, 5943390.900000000372529 ], [ 43716.82499999999709, 5943390.900000000372529 ], [ 43716.82499999999709, 5943390.974999999627471 ], [ 43716.974999999998545, 5943390.974999999627471 ], [ 43716.974999999998545, 5943391.049999999813735 ], [ 43717.05000000000291, 5943391.049999999813735 ], [ 43717.05000000000291, 5943391.125 ], [ 43717.19999999999709, 5943391.125 ], [ 43717.19999999999709, 5943391.200000000186265 ], [ 43717.349999999998545, 5943391.200000000186265 ], [ 43717.349999999998545, 5943391.275000000372529 ], [ 43717.5, 5943391.275000000372529 ], [ 43717.5, 5943391.349999999627471 ], [ 43717.57499999999709, 5943391.349999999627471 ], [ 43717.57499999999709, 5943391.424999999813735 ], [ 43717.724999999998545, 5943391.424999999813735 ], [ 43717.724999999998545, 5943391.5 ], [ 43717.875, 5943391.5 ], [ 43717.875, 5943391.575000000186265 ], [ 43717.94999999999709, 5943391.575000000186265 ], [ 43717.94999999999709, 5943391.650000000372529 ], [ 43718.099999999998545, 5943391.650000000372529 ], [ 43718.099999999998545, 5943391.724999999627471 ], [ 43718.17500000000291, 5943391.724999999627471 ], [ 43718.17500000000291, 5943391.799999999813735 ], [ 43718.25, 5943391.799999999813735 ], [ 43718.25, 5943391.875 ], [ 43718.400000000001455, 5943391.875 ], [ 43718.400000000001455, 5943391.950000000186265 ], [ 43718.474999999998545, 5943391.950000000186265 ], [ 43718.474999999998545, 5943392.025000000372529 ], [ 43718.55000000000291, 5943392.025000000372529 ], [ 43718.55000000000291, 5943392.099999999627471 ], [ 43718.625, 5943392.099999999627471 ], [ 43718.625, 5943392.174999999813735 ], [ 43718.775000000001455, 5943392.174999999813735 ], [ 43718.775000000001455, 5943392.25 ], [ 43718.849999999998545, 5943392.25 ], [ 43718.849999999998545, 5943392.325000000186265 ], [ 43718.92500000000291, 5943392.325000000186265 ], [ 43718.92500000000291, 5943392.400000000372529 ], [ 43719.0, 5943392.400000000372529 ], [ 43719.0, 5943392.474999999627471 ], [ 43719.07499999999709, 5943392.474999999627471 ], [ 43719.07499999999709, 5943392.549999999813735 ], [ 43719.150000000001455, 5943392.549999999813735 ], [ 43719.150000000001455, 5943392.625 ], [ 43719.224999999998545, 5943392.625 ], [ 43719.224999999998545, 5943392.700000000186265 ], [ 43719.30000000000291, 5943392.700000000186265 ], [ 43719.30000000000291, 5943392.849999999627471 ], [ 43719.375, 5943392.849999999627471 ], [ 43719.375, 5943392.924999999813735 ], [ 43719.44999999999709, 5943392.924999999813735 ], [ 43719.44999999999709, 5943393.0 ], [ 43719.525000000001455, 5943393.0 ], [ 43719.525000000001455, 5943393.075000000186265 ], [ 43719.599999999998545, 5943393.075000000186265 ], [ 43719.599999999998545, 5943393.150000000372529 ], [ 43719.67500000000291, 5943393.150000000372529 ], [ 43719.67500000000291, 5943393.299999999813735 ], [ 43719.75, 5943393.299999999813735 ], [ 43719.75, 5943393.375 ], [ 43719.82499999999709, 5943393.375 ], [ 43719.82499999999709, 5943393.450000000186265 ], [ 43719.900000000001455, 5943393.450000000186265 ], [ 43719.900000000001455, 5943393.599999999627471 ], [ 43719.974999999998545, 5943393.599999999627471 ], [ 43719.974999999998545, 5943393.674999999813735 ], [ 43720.05000000000291, 5943393.674999999813735 ], [ 43720.05000000000291, 5943393.825000000186265 ], [ 43720.125, 5943393.825000000186265 ], [ 43720.125, 5943393.900000000372529 ], [ 43720.19999999999709, 5943393.900000000372529 ], [ 43720.19999999999709, 5943394.049999999813735 ], [ 43720.275000000001455, 5943394.049999999813735 ], [ 43720.275000000001455, 5943394.200000000186265 ], [ 43720.349999999998545, 5943394.200000000186265 ], [ 43720.349999999998545, 5943394.275000000372529 ], [ 43720.42500000000291, 5943394.275000000372529 ], [ 43720.42500000000291, 5943394.575000000186265 ], [ 43720.5, 5943394.575000000186265 ], [ 43720.5, 5943395.549999999813735 ], [ 43720.57499999999709, 5943395.549999999813735 ], [ 43720.57499999999709, 5943396.525000000372529 ], [ 43720.5, 5943396.525000000372529 ], [ 43720.5, 5943396.75 ], [ 43720.42500000000291, 5943396.75 ], [ 43720.42500000000291, 5943396.900000000372529 ], [ 43720.349999999998545, 5943396.900000000372529 ], [ 43720.349999999998545, 5943397.049999999813735 ], [ 43720.275000000001455, 5943397.049999999813735 ], [ 43720.275000000001455, 5943397.275000000372529 ], [ 43720.19999999999709, 5943397.275000000372529 ], [ 43720.19999999999709, 5943397.424999999813735 ], [ 43720.125, 5943397.424999999813735 ], [ 43720.125, 5943397.575000000186265 ], [ 43720.05000000000291, 5943397.575000000186265 ], [ 43720.05000000000291, 5943397.724999999627471 ], [ 43719.974999999998545, 5943397.724999999627471 ], [ 43719.974999999998545, 5943397.875 ], [ 43719.900000000001455, 5943397.875 ], [ 43719.900000000001455, 5943398.025000000372529 ], [ 43719.82499999999709, 5943398.025000000372529 ], [ 43719.82499999999709, 5943398.25 ], [ 43719.75, 5943398.25 ], [ 43719.75, 5943398.400000000372529 ], [ 43719.67500000000291, 5943398.400000000372529 ], [ 43719.67500000000291, 5943398.474999999627471 ], [ 43719.599999999998545, 5943398.474999999627471 ], [ 43719.599999999998545, 5943398.549999999813735 ], [ 43719.525000000001455, 5943398.549999999813735 ], [ 43719.525000000001455, 5943398.700000000186265 ], [ 43719.44999999999709, 5943398.700000000186265 ], [ 43719.44999999999709, 5943398.775000000372529 ], [ 43719.375, 5943398.775000000372529 ], [ 43719.375, 5943398.849999999627471 ], [ 43719.30000000000291, 5943398.849999999627471 ], [ 43719.30000000000291, 5943398.924999999813735 ], [ 43719.224999999998545, 5943398.924999999813735 ], [ 43719.224999999998545, 5943399.0 ], [ 43719.150000000001455, 5943399.0 ], [ 43719.150000000001455, 5943399.075000000186265 ], [ 43719.07499999999709, 5943399.075000000186265 ], [ 43719.07499999999709, 5943399.150000000372529 ], [ 43719.0, 5943399.150000000372529 ], [ 43719.0, 5943399.299999999813735 ], [ 43718.92500000000291, 5943399.299999999813735 ], [ 43718.92500000000291, 5943399.375 ], [ 43718.849999999998545, 5943399.375 ], [ 43718.849999999998545, 5943399.450000000186265 ], [ 43718.775000000001455, 5943399.450000000186265 ], [ 43718.775000000001455, 5943399.525000000372529 ], [ 43718.69999999999709, 5943399.525000000372529 ], [ 43718.69999999999709, 5943399.599999999627471 ], [ 43718.625, 5943399.599999999627471 ], [ 43718.625, 5943399.674999999813735 ], [ 43718.55000000000291, 5943399.674999999813735 ], [ 43718.55000000000291, 5943399.825000000186265 ], [ 43718.474999999998545, 5943399.825000000186265 ], [ 43718.474999999998545, 5943399.900000000372529 ], [ 43718.400000000001455, 5943399.900000000372529 ], [ 43718.400000000001455, 5943399.974999999627471 ], [ 43718.32499999999709, 5943399.974999999627471 ], [ 43718.32499999999709, 5943400.125 ], [ 43718.25, 5943400.125 ], [ 43718.25, 5943400.200000000186265 ], [ 43718.17500000000291, 5943400.200000000186265 ], [ 43718.17500000000291, 5943400.275000000372529 ], [ 43718.099999999998545, 5943400.275000000372529 ], [ 43718.099999999998545, 5943400.349999999627471 ], [ 43718.025000000001455, 5943400.349999999627471 ], [ 43718.025000000001455, 5943400.5 ], [ 43717.94999999999709, 5943400.5 ], [ 43717.94999999999709, 5943400.575000000186265 ], [ 43717.875, 5943400.575000000186265 ], [ 43717.875, 5943400.650000000372529 ], [ 43717.80000000000291, 5943400.650000000372529 ], [ 43717.80000000000291, 5943400.724999999627471 ], [ 43717.724999999998545, 5943400.724999999627471 ], [ 43717.724999999998545, 5943400.799999999813735 ], [ 43717.57499999999709, 5943400.799999999813735 ], [ 43717.57499999999709, 5943400.875 ], [ 43717.5, 5943400.875 ], [ 43717.5, 5943400.950000000186265 ], [ 43717.42500000000291, 5943400.950000000186265 ], [ 43717.42500000000291, 5943401.025000000372529 ], [ 43717.349999999998545, 5943401.025000000372529 ], [ 43717.349999999998545, 5943401.099999999627471 ], [ 43717.19999999999709, 5943401.099999999627471 ], [ 43717.19999999999709, 5943401.174999999813735 ], [ 43717.125, 5943401.174999999813735 ], [ 43717.125, 5943401.25 ], [ 43716.974999999998545, 5943401.25 ], [ 43716.974999999998545, 5943401.325000000186265 ], [ 43716.900000000001455, 5943401.325000000186265 ], [ 43716.900000000001455, 5943401.400000000372529 ], [ 43716.82499999999709, 5943401.400000000372529 ], [ 43716.82499999999709, 5943401.474999999627471 ], [ 43716.75, 5943401.474999999627471 ], [ 43716.75, 5943401.549999999813735 ], [ 43716.67500000000291, 5943401.549999999813735 ], [ 43716.67500000000291, 5943401.625 ], [ 43716.599999999998545, 5943401.625 ], [ 43716.599999999998545, 5943401.700000000186265 ], [ 43716.44999999999709, 5943401.700000000186265 ], [ 43716.44999999999709, 5943401.775000000372529 ], [ 43716.375, 5943401.775000000372529 ], [ 43716.375, 5943401.849999999627471 ], [ 43716.30000000000291, 5943401.849999999627471 ], [ 43716.30000000000291, 5943401.924999999813735 ], [ 43716.224999999998545, 5943401.924999999813735 ], [ 43716.224999999998545, 5943402.0 ], [ 43716.150000000001455, 5943402.0 ], [ 43716.150000000001455, 5943402.075000000186265 ], [ 43716.07499999999709, 5943402.075000000186265 ], [ 43716.07499999999709, 5943402.150000000372529 ], [ 43716.0, 5943402.150000000372529 ], [ 43716.0, 5943402.224999999627471 ], [ 43715.92500000000291, 5943402.224999999627471 ], [ 43715.92500000000291, 5943402.299999999813735 ], [ 43715.849999999998545, 5943402.299999999813735 ], [ 43715.849999999998545, 5943402.450000000186265 ], [ 43715.775000000001455, 5943402.450000000186265 ], [ 43715.775000000001455, 5943402.525000000372529 ], [ 43715.69999999999709, 5943402.525000000372529 ], [ 43715.69999999999709, 5943402.599999999627471 ], [ 43715.625, 5943402.599999999627471 ], [ 43715.625, 5943402.674999999813735 ], [ 43715.474999999998545, 5943402.674999999813735 ], [ 43715.474999999998545, 5943402.75 ], [ 43715.400000000001455, 5943402.75 ], [ 43715.400000000001455, 5943402.825000000186265 ], [ 43715.32499999999709, 5943402.825000000186265 ], [ 43715.32499999999709, 5943402.900000000372529 ], [ 43715.25, 5943402.900000000372529 ], [ 43715.25, 5943402.974999999627471 ], [ 43715.099999999998545, 5943402.974999999627471 ], [ 43715.099999999998545, 5943403.049999999813735 ], [ 43715.025000000001455, 5943403.049999999813735 ], [ 43715.025000000001455, 5943403.125 ], [ 43714.875, 5943403.125 ], [ 43714.875, 5943403.200000000186265 ], [ 43714.724999999998545, 5943403.200000000186265 ], [ 43714.724999999998545, 5943403.275000000372529 ], [ 43714.650000000001455, 5943403.275000000372529 ], [ 43714.650000000001455, 5943403.349999999627471 ], [ 43714.5, 5943403.349999999627471 ], [ 43714.5, 5943403.424999999813735 ], [ 43714.349999999998545, 5943403.424999999813735 ], [ 43714.349999999998545, 5943403.5 ], [ 43714.19999999999709, 5943403.5 ], [ 43714.19999999999709, 5943403.575000000186265 ], [ 43714.05000000000291, 5943403.575000000186265 ], [ 43714.05000000000291, 5943403.650000000372529 ], [ 43713.974999999998545, 5943403.650000000372529 ], [ 43713.974999999998545, 5943403.724999999627471 ], [ 43713.82499999999709, 5943403.724999999627471 ], [ 43713.82499999999709, 5943403.799999999813735 ], [ 43713.67500000000291, 5943403.799999999813735 ], [ 43713.67500000000291, 5943403.875 ], [ 43713.525000000001455, 5943403.875 ], [ 43713.525000000001455, 5943403.950000000186265 ], [ 43713.375, 5943403.950000000186265 ], [ 43713.375, 5943404.025000000372529 ], [ 43713.224999999998545, 5943404.025000000372529 ], [ 43713.224999999998545, 5943404.099999999627471 ], [ 43713.07499999999709, 5943404.099999999627471 ], [ 43713.07499999999709, 5943404.174999999813735 ], [ 43713.0, 5943404.174999999813735 ], [ 43713.0, 5943404.25 ], [ 43712.849999999998545, 5943404.25 ], [ 43712.849999999998545, 5943404.325000000186265 ], [ 43712.775000000001455, 5943404.325000000186265 ], [ 43712.775000000001455, 5943404.400000000372529 ], [ 43712.625, 5943404.400000000372529 ], [ 43712.625, 5943404.474999999627471 ], [ 43712.474999999998545, 5943404.474999999627471 ], [ 43712.474999999998545, 5943404.549999999813735 ], [ 43712.400000000001455, 5943404.549999999813735 ], [ 43712.400000000001455, 5943404.625 ], [ 43712.25, 5943404.625 ], [ 43712.25, 5943404.700000000186265 ], [ 43712.099999999998545, 5943404.700000000186265 ], [ 43712.099999999998545, 5943404.775000000372529 ], [ 43711.875, 5943404.775000000372529 ], [ 43711.875, 5943404.849999999627471 ], [ 43711.724999999998545, 5943404.849999999627471 ], [ 43711.724999999998545, 5943404.924999999813735 ], [ 43711.5, 5943404.924999999813735 ], [ 43711.5, 5943405.0 ], [ 43711.275000000001455, 5943405.0 ], [ 43711.275000000001455, 5943405.075000000186265 ], [ 43711.125, 5943405.075000000186265 ], [ 43711.125, 5943405.150000000372529 ], [ 43710.974999999998545, 5943405.150000000372529 ], [ 43710.974999999998545, 5943405.224999999627471 ], [ 43710.75, 5943405.224999999627471 ], [ 43710.75, 5943405.299999999813735 ], [ 43710.599999999998545, 5943405.299999999813735 ], [ 43710.599999999998545, 5943405.375 ], [ 43710.44999999999709, 5943405.375 ], [ 43710.44999999999709, 5943405.450000000186265 ], [ 43710.30000000000291, 5943405.450000000186265 ], [ 43710.30000000000291, 5943405.525000000372529 ], [ 43710.07499999999709, 5943405.525000000372529 ], [ 43710.07499999999709, 5943405.599999999627471 ], [ 43709.92500000000291, 5943405.599999999627471 ], [ 43709.92500000000291, 5943405.674999999813735 ], [ 43709.775000000001455, 5943405.674999999813735 ], [ 43709.775000000001455, 5943405.75 ], [ 43709.625, 5943405.75 ], [ 43709.625, 5943405.825000000186265 ], [ 43709.474999999998545, 5943405.825000000186265 ], [ 43709.474999999998545, 5943405.900000000372529 ], [ 43709.32499999999709, 5943405.900000000372529 ], [ 43709.32499999999709, 5943405.974999999627471 ], [ 43709.25, 5943405.974999999627471 ], [ 43709.25, 5943406.049999999813735 ], [ 43709.17500000000291, 5943406.049999999813735 ], [ 43709.17500000000291, 5943406.125 ], [ 43709.099999999998545, 5943406.125 ], [ 43709.099999999998545, 5943406.200000000186265 ], [ 43709.025000000001455, 5943406.200000000186265 ], [ 43709.025000000001455, 5943406.275000000372529 ], [ 43708.94999999999709, 5943406.275000000372529 ], [ 43708.94999999999709, 5943406.349999999627471 ], [ 43708.875, 5943406.349999999627471 ], [ 43708.875, 5943406.424999999813735 ], [ 43708.80000000000291, 5943406.424999999813735 ], [ 43708.80000000000291, 5943406.5 ], [ 43708.724999999998545, 5943406.5 ], [ 43708.724999999998545, 5943406.575000000186265 ], [ 43708.650000000001455, 5943406.575000000186265 ], [ 43708.650000000001455, 5943406.650000000372529 ], [ 43708.57499999999709, 5943406.650000000372529 ], [ 43708.57499999999709, 5943406.724999999627471 ], [ 43708.5, 5943406.724999999627471 ], [ 43708.5, 5943406.799999999813735 ], [ 43708.42500000000291, 5943406.799999999813735 ], [ 43708.42500000000291, 5943406.875 ], [ 43708.275000000001455, 5943406.875 ], [ 43708.275000000001455, 5943406.950000000186265 ], [ 43708.19999999999709, 5943406.950000000186265 ], [ 43708.19999999999709, 5943407.025000000372529 ], [ 43708.125, 5943407.025000000372529 ], [ 43708.125, 5943407.099999999627471 ], [ 43708.05000000000291, 5943407.099999999627471 ], [ 43708.05000000000291, 5943407.174999999813735 ], [ 43707.900000000001455, 5943407.174999999813735 ], [ 43707.900000000001455, 5943407.25 ], [ 43707.82499999999709, 5943407.25 ], [ 43707.82499999999709, 5943407.325000000186265 ], [ 43707.75, 5943407.325000000186265 ], [ 43707.75, 5943407.400000000372529 ], [ 43707.599999999998545, 5943407.400000000372529 ], [ 43707.599999999998545, 5943407.474999999627471 ], [ 43707.525000000001455, 5943407.474999999627471 ], [ 43707.525000000001455, 5943407.549999999813735 ], [ 43707.375, 5943407.549999999813735 ], [ 43707.375, 5943407.625 ], [ 43707.30000000000291, 5943407.625 ], [ 43707.30000000000291, 5943407.700000000186265 ], [ 43707.224999999998545, 5943407.700000000186265 ], [ 43707.224999999998545, 5943407.775000000372529 ], [ 43707.07499999999709, 5943407.775000000372529 ], [ 43707.07499999999709, 5943407.849999999627471 ], [ 43707.0, 5943407.849999999627471 ], [ 43707.0, 5943407.924999999813735 ], [ 43706.92500000000291, 5943407.924999999813735 ], [ 43706.92500000000291, 5943408.0 ], [ 43706.849999999998545, 5943408.0 ], [ 43706.849999999998545, 5943408.075000000186265 ], [ 43706.775000000001455, 5943408.075000000186265 ], [ 43706.775000000001455, 5943408.224999999627471 ], [ 43706.69999999999709, 5943408.224999999627471 ], [ 43706.69999999999709, 5943408.299999999813735 ], [ 43706.625, 5943408.299999999813735 ], [ 43706.625, 5943408.375 ], [ 43706.55000000000291, 5943408.375 ], [ 43706.55000000000291, 5943408.450000000186265 ], [ 43706.474999999998545, 5943408.450000000186265 ], [ 43706.474999999998545, 5943408.525000000372529 ], [ 43706.400000000001455, 5943408.525000000372529 ], [ 43706.400000000001455, 5943408.599999999627471 ], [ 43706.32499999999709, 5943408.599999999627471 ], [ 43706.32499999999709, 5943408.674999999813735 ], [ 43706.25, 5943408.674999999813735 ], [ 43706.25, 5943408.75 ], [ 43706.17500000000291, 5943408.75 ], [ 43706.17500000000291, 5943408.825000000186265 ], [ 43706.099999999998545, 5943408.825000000186265 ], [ 43706.099999999998545, 5943408.900000000372529 ], [ 43706.025000000001455, 5943408.900000000372529 ], [ 43706.025000000001455, 5943408.974999999627471 ], [ 43705.94999999999709, 5943408.974999999627471 ], [ 43705.94999999999709, 5943409.049999999813735 ], [ 43705.875, 5943409.049999999813735 ], [ 43705.875, 5943409.125 ], [ 43705.80000000000291, 5943409.125 ], [ 43705.80000000000291, 5943409.200000000186265 ], [ 43705.650000000001455, 5943409.200000000186265 ], [ 43705.650000000001455, 5943409.275000000372529 ], [ 43705.57499999999709, 5943409.275000000372529 ], [ 43705.57499999999709, 5943409.349999999627471 ], [ 43705.5, 5943409.349999999627471 ], [ 43705.5, 5943409.424999999813735 ], [ 43705.349999999998545, 5943409.424999999813735 ], [ 43705.349999999998545, 5943409.5 ], [ 43705.275000000001455, 5943409.5 ], [ 43705.275000000001455, 5943409.575000000186265 ], [ 43705.19999999999709, 5943409.575000000186265 ], [ 43705.19999999999709, 5943409.650000000372529 ], [ 43705.125, 5943409.650000000372529 ], [ 43705.125, 5943409.724999999627471 ], [ 43705.05000000000291, 5943409.724999999627471 ], [ 43705.05000000000291, 5943409.799999999813735 ], [ 43704.974999999998545, 5943409.799999999813735 ], [ 43704.974999999998545, 5943409.875 ], [ 43704.900000000001455, 5943409.875 ], [ 43704.900000000001455, 5943409.950000000186265 ], [ 43704.82499999999709, 5943409.950000000186265 ], [ 43704.82499999999709, 5943410.025000000372529 ], [ 43704.75, 5943410.025000000372529 ], [ 43704.75, 5943410.174999999813735 ], [ 43704.67500000000291, 5943410.174999999813735 ], [ 43704.67500000000291, 5943410.325000000186265 ], [ 43704.599999999998545, 5943410.325000000186265 ], [ 43704.599999999998545, 5943410.474999999627471 ], [ 43704.525000000001455, 5943410.474999999627471 ], [ 43704.525000000001455, 5943410.625 ], [ 43704.44999999999709, 5943410.625 ], [ 43704.44999999999709, 5943410.700000000186265 ], [ 43704.375, 5943410.700000000186265 ], [ 43704.375, 5943410.775000000372529 ], [ 43704.150000000001455, 5943410.775000000372529 ], [ 43704.150000000001455, 5943410.849999999627471 ], [ 43703.92500000000291, 5943410.849999999627471 ], [ 43703.92500000000291, 5943410.924999999813735 ], [ 43703.625, 5943410.924999999813735 ], [ 43703.625, 5943411.0 ], [ 43703.32499999999709, 5943411.0 ] ] ] } },
{ "type": "Feature", "properties": { "value": 1.0, "building_id": 28, "area": 32.264999999944443 }, "geometry": { "type": "Polygon", "coordinates": [ [ [ 44123.25, 5942897.849999999627471 ], [ 44123.25, 5942897.775000000372529 ], [ 44123.025000000001455, 5942897.775000000372529 ], [ 44123.025000000001455, 5942897.700000000186265 ], [ 44122.80000000000291, 5942897.700000000186265 ], [ 44122.80000000000291, 5942897.625 ], [ 44122.5, 5942897.625 ], [ 44122.5, 5942897.549999999813735 ], [ 44122.275000000001455, 5942897.549999999813735 ], [ 44122.275000000001455, 5942897.474999999627471 ], [ 44121.974999999998545, 5942897.474999999627471 ], [ 44121.974999999998545, 5942897.400000000372529 ], [ 44121.67500000000291, 5942897.400000000372529 ], [ 44121.67500000000291, 5942897.325000000186265 ], [ 44121.44999999999709, 5942897.325000000186265 ], [ 44121.44999999999709, 5942897.25 ], [ 44121.07499999999709, 5942897.25 ], [ 44121.07499999999709, 5942897.174999999813735 ], [ 44120.775000000001455, 5942897.174999999813735 ], [ 44120.775000000001455, 5942897.099999999627471 ], [ 44120.474999999998545, 5942897.099999999627471 ], [ 44120.474999999998545, 5942897.025000000372529 ], [ 44120.17500000000291, 5942897.025000000372529 ], [ 44120.17500000000291, 5942896.950000000186265 ], [ 44119.875, 5942896.950000000186265 ], [ 44119.875, 5942896.875 ], [ 44119.57499999999709, 5942896.875 ], [ 44119.57499999999709, 5942896.799999999813735 ], [ 44119.275000000001455, 5942896.799999999813735 ], [ 44119.275000000001455, 5942896.724999999627471 ], [ 44119.05000000000291, 5942896.724999999627471 ], [ 44119.05000000000291, 5942896.650000000372529 ], [ 44118.75, 5942896.650000000372529 ], [ 44118.75, 5942896.575000000186265 ], [ 44118.525000000001455, 5942896.575000000186265 ], [ 44118.525000000001455, 5942896.5 ], [ 44118.30000000000291, 5942896.5 ], [ 44118.30000000000291, 5942896.424999999813735 ], [ 44118.07499999999709, 5942896.424999999813735 ], [ 44118.07499999999709, 5942896.349999999627471 ], [ 44117.92500000000291, 5942896.349999999627471 ], [ 44117.92500000000291, 5942896.275000000372529 ], [ 44117.849999999998545, 5942896.275000000372529 ], [ 44117.849999999998545, 5942896.200000000186265 ], [ 44117.775000000001455, 5942896.200000000186265 ], [ 44117.775000000001455, 5942896.125 ], [ 44117.625, 5942896.125 ], [ 44117.625, 5942896.049999999813735 ], [ 44117.55000000000291, 5942896.049999999813735 ], [ 44117.55000000000291, 5942895.974999999627471 ], [ 44117.474999999998545, 5942895.974999999627471 ], [ 44117.474999999998545, 5942895.825000000186265 ], [ 44117.400000000001455, 5942895.825000000186265 ], [ 44117.400000000001455, 5942895.674999999813735 ], [ 44117.32499999999709, 5942895.674999999813735 ], [ 44117.32499999999709, 5942895.525000000372529 ], [ 44117.25, 5942895.525000000372529 ], [ 44117.25, 5942895.375 ], [ 44117.17500000000291, 5942895.375 ], [ 44117.17500000000291, 5942895.224999999627471 ], [ 44117.099999999998545, 5942895.224999999627471 ], [ 44117.099999999998545, 5942895.075000000186265 ], [ 44117.025000000001455, 5942895.075000000186265 ], [ 44117.025000000001455, 5942894.924999999813735 ], [ 44116.94999999999709, 5942894.924999999813735 ], [ 44116.94999999999709, 5942894.775000000372529 ], [ 44116.875, 5942894.775000000372529 ], [ 44116.875, 5942894.549999999813735 ], [ 44116.80000000000291, 5942894.549999999813735 ], [ 44116.80000000000291, 5942894.325000000186265 ], [ 44116.875, 5942894.325000000186265 ], [ 44116.875, 5942894.25 ], [ 44116.94999999999709, 5942894.25 ], [ 44116.94999999999709, 5942894.174999999813735 ], [ 44117.025000000001455, 5942894.174999999813735 ], [ 44117.025000000001455, 5942894.025000000372529 ], [ 44117.099999999998545, 5942894.025000000372529 ], [ 44117.099999999998545, 5942893.950000000186265 ], [ 44117.17500000000291, 5942893.950000000186265 ], [ 44117.17500000000291, 5942893.875 ], [ 44117.25, 5942893.875 ], [ 44117.25, 5942893.799999999813735 ], [ 44117.32499999999709, 5942893.799999999813735 ], [ 44117.32499999999709, 5942893.724999999627471 ], [ 44117.400000000001455, 5942893.724999999627471 ], [ 44117.400000000001455, 5942893.650000000372529 ], [ 44117.474999999998545, 5942893.650000000372529 ], [ 44117.474999999998545, 5942893.575000000186265 ], [ 44117.55000000000291, 5942893.575000000186265 ], [ 44117.55000000000291, 5942893.5 ], [ 44117.92500000000291, 5942893.5 ], [ 44117.92500000000291, 5942893.424999999813735 ], [ 44118.44999999999709, 5942893.424999999813735 ], [ 44118.44999999999709, 5942893.349999999627471 ], [ 44118.974999999998545, 5942893.349999999627471 ], [ 44118.974999999998545, 5942893.275000000372529 ], [ 44119.57499999999709, 5942893.275000000372529 ], [ 44119.57499999999709, 5942893.200000000186265 ], [ 44120.25, 5942893.200000000186265 ], [ 44120.25, 5942893.125 ], [ 44120.849999999998545, 5942893.125 ], [ 44120.849999999998545, 5942893.049999999813735 ], [ 44121.599999999998545, 5942893.049999999813735 ], [ 44121.599999999998545, 5942892.974999999627471 ], [ 44122.275000000001455, 5942892.974999999627471 ], [ 44122.275000000001455, 5942892.900000000372529 ], [ 44123.025000000001455, 5942892.900000000372529 ], [ 44123.025000000001455, 5942892.825000000186265 ], [ 44123.474999999998545, 5942892.825000000186265 ], [ 44123.474999999998545, 5942892.900000000372529 ], [ 44123.625, 5942892.900000000372529 ], [ 44123.625, 5942892.974999999627471 ], [ 44123.775000000001455, 5942892.974999999627471 ], [ 44123.775000000001455, 5942893.049999999813735 ], [ 44123.92500000000291, 5942893.049999999813735 ], [ 44123.92500000000291, 5942893.125 ], [ 44124.0, 5942893.125 ], [ 44124.0, 5942893.200000000186265 ], [ 44124.150000000001455, 5942893.200000000186265 ], [ 44124.150000000001455, 5942893.275000000372529 ], [ 44124.224999999998545, 5942893.275000000372529 ], [ 44124.224999999998545, 5942893.349999999627471 ], [ 44124.375, 5942893.349999999627471 ], [ 44124.375, 5942893.424999999813735 ], [ 44124.44999999999709, 5942893.424999999813735 ], [ 44124.44999999999709, 5942893.5 ], [ 44124.599999999998545, 5942893.5 ], [ 44124.599999999998545, 5942893.575000000186265 ], [ 44124.67500000000291, 5942893.575000000186265 ], [ 44124.67500000000291, 5942893.650000000372529 ], [ 44124.82499999999709, 5942893.650000000372529 ], [ 44124.82499999999709, 5942893.724999999627471 ], [ 44124.900000000001455, 5942893.724999999627471 ], [ 44124.900000000001455, 5942893.799999999813735 ], [ 44124.974999999998545, 5942893.799999999813735 ], [ 44124.974999999998545, 5942893.875 ], [ 44125.125, 5942893.875 ], [ 44125.125, 5942893.950000000186265 ], [ 44125.19999999999709, 5942893.950000000186265 ], [ 44125.19999999999709, 5942894.025000000372529 ], [ 44125.275000000001455, 5942894.025000000372529 ], [ 44125.275000000001455, 5942894.099999999627471 ], [ 44125.349999999998545, 5942894.099999999627471 ], [ 44125.349999999998545, 5942894.174999999813735 ], [ 44125.42500000000291, 5942894.174999999813735 ], [ 44125.42500000000291, 5942894.25 ], [ 44125.5, 5942894.25 ], [ 44125.5, 5942894.325000000186265 ], [ 44125.57499999999709, 5942894.325000000186265 ], [ 44125.57499999999709, 5942894.549999999813735 ], [ 44125.650000000001455, 5942894.549999999813735 ], [ 44125.650000000001455, 5942896.424999999813735 ], [ 44125.57499999999709, 5942896.424999999813735 ], [ 44125.57499999999709, 5942896.575000000186265 ], [ 44125.5, 5942896.575000000186265 ], [ 44125.5, 5942896.650000000372529 ], [ 44125.42500000000291, 5942896.650000000372529 ], [ 44125.42500000000291, 5942896.724999999627471 ], [ 44125.349999999998545, 5942896.724999999627471 ], [ 44125.349999999998545, 5942896.799999999813735 ], [ 44125.275000000001455, 5942896.799999999813735 ], [ 44125.275000000001455, 5942896.875 ], [ 44125.19999999999709, 5942896.875 ], [ 44125.19999999999709, 5942896.950000000186265 ], [ 44125.05000000000291, 5942896.950000000186265 ], [ 44125.05000000000291, 5942897.025000000372529 ], [ 44124.974999999998545, 5942897.025000000372529 ], [ 44124.974999999998545, 5942897.099999999627471 ], [ 44124.82499999999709, 5942897.099999999627471 ], [ 44124.82499999999709, 5942897.174999999813735 ], [ 44124.75, 5942897.174999999813735 ], [ 44124.75, 5942897.25 ], [ 44124.599999999998545, 5942897.25 ], [ 44124.599999999998545, 5942897.325000000186265 ], [ 44124.44999999999709, 5942897.325000000186265 ], [ 44124.44999999999709, 5942897.400000000372529 ], [ 44124.375, 5942897.400000000372529 ], [ 44124.375, 5942897.474999999627471 ], [ 44124.224999999998545, 5942897.474999999627471 ], [ 44124.224999999998545, 5942897.549999999813735 ], [ 44124.07499999999709, 5942897.549999999813735 ], [ 44124.07499999999709, 5942897.625 ], [ 44123.92500000000291, 5942897.625 ], [ 44123.92500000000291, 5942897.700000000186265 ], [ 44123.775000000001455, 5942897.700000000186265 ], [ 44123.775000000001455, 5942897.775000000372529 ], [ 44123.55000000000291, 5942897.775000000372529 ], [ 44123.55000000000291, 5942897.849999999627471 ], [ 44123.25, 5942897.849999999627471 ] ] ] } }
]
}
