{
"type": "FeatureCollection",
"name": "44433E594132N_buildings",
"crs": { "type": "name", "properties": { "name": "urn:ogc:def:crs:EPSG::3776" } },
"features": [
{ "type": "Feature", "properties": { "value": 1.0, "building_id": 0, "area": 3634.8018750000087 }, "geometry": { "type": "Polygon", "coordinates": [ [ [ 44578.05000000000291, 5942079.0 ], [ 44578.05000000000291, 5942075.924999999813735 ], [ 44578.125, 5942075.924999999813735 ], [ 44578.125, 5942075.549999999813735 ], [ 44578.19999999999709, 5942075.549999999813735 ], [ 44578.19999999999709, 5942075.174999999813735 ], [ 44578.275000000001455, 5942075.174999999813735 ], [ 44578.275000000001455, 5942074.724999999627471 ], [ 44578.349999999998545, 5942074.724999999627471 ], [ 44578.349999999998545, 5942074.275000000372529 ], [ 44578.42500000000291, 5942074.275000000372529 ], [ 44578.42500000000291, 5942073.974999999627471 ], [ 44578.5, 5942073.974999999627471 ], [ 44578.5, 5942073.825000000186265 ], [ 44578.57499999999709, 5942073.825000000186265 ], [ 44578.57499999999709, 5942073.599999999627471 ], [ 44578.650000000001455, 5942073.599999999627471 ], [ 44578.650000000001455, 5942073.375 ], [ 44578.724999999998545, 5942073.375 ], [ 44578.724999999998545, 5942073.0 ], [ 44578.80000000000291, 5942073.0 ], [ 44578.80000000000291, 5942072.474999999627471 ], [ 44578.875, 5942072.474999999627471 ], [ 44578.875, 5942071.950000000186265 ], [ 44578.94999999999709, 5942071.950000000186265 ], [ 44578.94999999999709, 5942071.349999999627471 ], [ 44579.025000000001455, 5942071.349999999627471 ], [ 44579.025000000001455, 5942070.674999999813735 ], [ 44579.099999999998545, 5942070.674999999813735 ], [ 44579.099999999998545, 5942069.849999999627471 ], [ 44579.17500000000291, 5942069.849999999627471 ], [ 44579.17500000000291, 5942068.875 ], [ 44579.25, 5942068.875 ], [ 44579.25, 5942067.974999999627471 ], [ 44579.32499999999709, 5942067.974999999627471 ], [ 44579.32499999999709, 5942067.375 ], [ 44579.400000000001455, 5942067.375 ], [ 44579.400000000001455, 5942066.625 ], [ 44579.474999999998545, 5942066.625 ], [ 44579.474999999998545, 5942066.099999999627471 ], [ 44579.55000000000291, 5942066.099999999627471 ], [ 44579.55000000000291, 5942065.799999999813735 ], [ 44579.625, 5942065.799999999813735 ], [ 44579.625, 5942065.424999999813735 ], [ 44579.69999999999709, 5942065.424999999813735 ], [ 44579.69999999999709, 5942065.200000000186265 ], [ 44579.775000000001455, 5942065.200000000186265 ], [ 44579.775000000001455, 5942064.900000000372529 ], [ 44579.849999999998545, 5942064.900000000372529 ], [ 44579.849999999998545, 5942064.674999999813735 ], [ 44579.92500000000291, 5942064.674999999813735 ], [ 44579.92500000000291, 5942064.450000000186265 ], [ 44580.0, 5942064.450000000186265 ], [ 44580.0, 5942064.299999999813735 ], [ 44580.07499999999709, 5942064.299999999813735 ], [ 44580.07499999999709, 5942064.224999999627471 ], [ 44580.150000000001455, 5942064.224999999627471 ], [ 44580.150000000001455, 5942064.075000000186265 ], [ 44580.224999999998545, 5942064.075000000186265 ], [ 44580.224999999998545, 5942064.0 ], [ 44580.30000000000291, 5942064.0 ], [ 44580.30000000000291, 5942063.924999999813735 ], [ 44580.375, 5942063.924999999813735 ], [ 44580.375, 5942063.849999999627471 ], [ 44580.44999999999709, 5942063.849999999627471 ], [ 44580.44999999999709, 5942063.775000000372529 ], [ 44580.525000000001455, 5942063.775000000372529 ], [ 44580.525000000001455, 5942063.700000000186265 ], [ 44580.599999999998545, 5942063.700000000186265 ], [ 44580.599999999998545, 5942063.625 ], [ 44580.67500000000291, 5942063.625 ], [ 44580.67500000000291, 5942063.549999999813735 ], [ 44580.75, 5942063.549999999813735 ], [ 44580.75, 5942063.400000000372529 ], [ 44580.82499999999709, 5942063.400000000372529 ], [ 44580.82499999999709, 5942063.325000000186265 ], [ 44580.900000000001455, 5942063.325000000186265 ], [ 44580.900000000001455, 5942063.174999999813735 ], [ 44580.974999999998545, 5942063.174999999813735 ], [ 44580.974999999998545, 5942063.099999999627471 ], [ 44581.05000000000291, 5942063.099999999627471 ], [ 44581.05000000000291, 5942062.950000000186265 ], [ 44581.125, 5942062.950000000186265 ], [ 44581.125, 5942062.799999999813735 ], [ 44581.19999999999709, 5942062.799999999813735 ], [ 44581.19999999999709, 5942062.650000000372529 ], [ 44581.275000000001455, 5942062.650000000372529 ], [ 44581.275000000001455, 5942062.424999999813735 ], [ 44581.349999999998545, 5942062.424999999813735 ], [ 44581.349999999998545, 5942062.275000000372529 ], [ 44581.42500000000291, 5942062.275000000372529 ], [ 44581.42500000000291, 5942062.049999999813735 ], [ 44581.5, 5942062.049999999813735 ], [ 44581.5, 5942061.900000000372529 ], [ 44581.57499999999709, 5942061.900000000372529 ], [ 44581.57499999999709, 5942061.75 ], [ 44581.650000000001455, 5942061.75 ], [ 44581.650000000001455, 5942061.674999999813735 ], [ 44581.724999999998545, 5942061.674999999813735 ], [ 44581.724999999998545, 5942061.525000000372529 ], [ 44581.80000000000291, 5942061.525000000372529 ], [ 44581.80000000000291, 5942061.450000000186265 ], [ 44581.875, 5942061.450000000186265 ], [ 44581.875, 5942061.299999999813735 ], [ 44581.94999999999709, 5942061.299999999813735 ], [ 44581.94999999999709, 5942061.224999999627471 ], [ 44582.025000000001455, 5942061.224999999627471 ], [ 44582.025000000001455, 5942061.150000000372529 ], [ 44582.099999999998545, 5942061.150000000372529 ], [ 44582.099999999998545, 5942061.075000000186265 ], [ 44582.17500000000291, 5942061.075000000186265 ], [ 44582.17500000000291, 5942061.0 ], [ 44582.25, 5942061.0 ], [ 44582.25, 5942060.924999999813735 ], [ 44582.32499999999709, 5942060.924999999813735 ], [ 44582.32499999999709, 5942060.849999999627471 ], [ 44582.400000000001455, 5942060.849999999627471 ], [ 44582.400000000001455, 5942060.775000000372529 ], [ 44582.474999999998545, 5942060.775000000372529 ], [ 44582.474999999998545, 5942060.700000000186265 ], [ 44582.55000000000291, 5942060.700000000186265 ], [ 44582.55000000000291, 5942060.625 ], [ 44582.625, 5942060.625 ], [ 44582.625, 5942060.549999999813735 ], [ 44582.69999999999709, 5942060.549999999813735 ], [ 44582.69999999999709, 5942060.474999999627471 ], [ 44582.775000000001455, 5942060.474999999627471 ], [ 44582.775000000001455, 5942060.325000000186265 ], [ 44582.849999999998545, 5942060.325000000186265 ], [ 44582.849999999998545, 5942060.099999999627471 ], [ 44582.92500000000291, 5942060.099999999627471 ], [ 44582.92500000000291, 5942059.799999999813735 ], [ 44583.0, 5942059.799999999813735 ], [ 44583.0, 5942059.575000000186265 ], [ 44583.07499999999709, 5942059.575000000186265 ], [ 44583.07499999999709, 5942059.349999999627471 ], [ 44583.150000000001455, 5942059.349999999627471 ], [ 44583.150000000001455, 5942059.049999999813735 ], [ 44583.224999999998545, 5942059.049999999813735 ], [ 44583.224999999998545, 5942058.825000000186265 ], [ 44583.30000000000291, 5942058.825000000186265 ], [ 44583.30000000000291, 5942058.525000000372529 ], [ 44583.375, 5942058.525000000372529 ], [ 44583.375, 5942057.849999999627471 ], [ 44583.44999999999709, 5942057.849999999627471 ], [ 44583.44999999999709, 5942057.099999999627471 ], [ 44583.525000000001455, 5942057.099999999627471 ], [ 44583.525000000001455, 5942056.424999999813735 ], [ 44583.599999999998545, 5942056.424999999813735 ], [ 44583.599999999998545, 5942055.900000000372529 ], [ 44583.67500000000291, 5942055.900000000372529 ], [ 44583.67500000000291, 5942055.299999999813735 ], [ 44583.75, 5942055.299999999813735 ], [ 44583.75, 5942054.775000000372529 ], [ 44583.82499999999709, 5942054.775000000372529 ], [ 44583.82499999999709, 5942054.325000000186265 ], [ 44583.900000000001455, 5942054.325000000186265 ], [ 44583.900000000001455, 5942053.799999999813735 ], [ 44583.974999999998545, 5942053.799999999813735 ], [ 44583.974999999998545, 5942053.349999999627471 ], [ 44584.05000000000291, 5942053.349999999627471 ], [ 44584.05000000000291, 5942052.900000000372529 ], [ 44584.125, 5942052.900000000372529 ], [ 44584.125, 5942052.375 ], [ 44584.19999999999709, 5942052.375 ], [ 44584.19999999999709, 5942051.700000000186265 ], [ 44584.275000000001455, 5942051.700000000186265 ], [ 44584.275000000001455, 5942051.025000000372529 ], [ 44584.349999999998545, 5942051.025000000372529 ], [ 44584.349999999998545, 5942049.375 ], [ 44584.42500000000291, 5942049.375 ], [ 44584.42500000000291, 5942048.625 ], [ 44584.5, 5942048.625 ], [ 44584.5, 5942047.875 ], [ 44584.57499999999709, 5942047.875 ], [ 44584.57499999999709, 5942047.049999999813735 ], [ 44584.650000000001455, 5942047.049999999813735 ], [ 44584.650000000001455, 5942046.224999999627471 ], [ 44584.724999999998545, 5942046.224999999627471 ], [ 44584.724999999998545, 5942045.325000000186265 ], [ 44584.80000000000291, 5942045.325000000186265 ], [ 44584.80000000000291, 5942042.924999999813735 ], [ 44584.875, 5942042.924999999813735 ], [ 44584.875, 5942042.849999999627471 ], [ 44584.80000000000291, 5942042.849999999627471 ], [ 44584.80000000000291, 5942042.549999999813735 ], [ 44584.724999999998545, 5942042.549999999813735 ], [ 44584.724999999998545, 5942042.25 ], [ 44584.650000000001455, 5942042.25 ], [ 44584.650000000001455, 5942041.950000000186265 ], [ 44584.57499999999709, 5942041.950000000186265 ], [ 44584.57499999999709, 5942041.650000000372529 ], [ 44584.5, 5942041.650000000372529 ], [ 44584.5, 5942041.424999999813735 ], [ 44584.42500000000291, 5942041.424999999813735 ], [ 44584.42500000000291, 5942041.200000000186265 ], [ 44584.349999999998545, 5942041.200000000186265 ], [ 44584.349999999998545, 5942041.125 ], [ 44584.19999999999709, 5942041.125 ], [ 44584.19999999999709, 5942041.049999999813735 ], [ 44583.82499999999709, 5942041.049999999813735 ], [ 44583.82499999999709, 5942040.974999999627471 ], [ 44583.525000000001455, 5942040.974999999627471 ], [ 44583.525000000001455, 5942040.900000000372529 ], [ 44583.44999999999709, 5942040.900000000372529 ], [ 44583.44999999999709, 5942040.825000000186265 ], [ 44583.375, 5942040.825000000186265 ], [ 44583.375, 5942040.674999999813735 ], [ 44583.30000000000291, 5942040.674999999813735 ], [ 44583.30000000000291, 5942040.525000000372529 ], [ 44583.224999999998545, 5942040.525000000372529 ], [ 44583.224999999998545, 5942040.375 ], [ 44583.150000000001455, 5942040.375 ], [ 44583.150000000001455, 5942040.150000000372529 ], [ 44583.07499999999709, 5942040.150000000372529 ], [ 44583.07499999999709, 5942040.0 ], [ 44583.0, 5942040.0 ], [ 44583.0, 5942039.775000000372529 ], [ 44582.92500000000291, 5942039.775000000372529 ], [ 44582.92500000000291, 5942039.549999999813735 ], [ 44582.849999999998545, 5942039.549999999813735 ], [ 44582.849999999998545, 5942039.325000000186265 ], [ 44582.775000000001455, 5942039.325000000186265 ], [ 44582.775000000001455, 5942039.099999999627471 ], [ 44582.69999999999709, 5942039.099999999627471 ], [ 44582.69999999999709, 5942038.875 ], [ 44582.625, 5942038.875 ], [ 44582.625, 5942038.724999999627471 ], [ 44582.55000000000291, 5942038.724999999627471 ], [ 44582.55000000000291, 5942038.575000000186265 ], [ 44582.474999999998545, 5942038.575000000186265 ], [ 44582.474999999998545, 5942038.5 ], [ 44582.400000000001455, 5942038.5 ], [ 44582.400000000001455, 5942038.349999999627471 ], [ 44582.32499999999709, 5942038.349999999627471 ], [ 44582.32499999999709, 5942038.200000000186265 ], [ 44582.25, 5942038.200000000186265 ], [ 44582.25, 5942038.125 ], [ 44582.17500000000291, 5942038.125 ], [ 44582.17500000000291, 5942037.974999999627471 ], [ 44582.099999999998545, 5942037.974999999627471 ], [ 44582.099999999998545, 5942037.825000000186265 ], [ 44582.025000000001455, 5942037.825000000186265 ], [ 44582.025000000001455, 5942037.75 ], [ 44581.94999999999709, 5942037.75 ], [ 44581.94999999999709, 5942037.599999999627471 ], [ 44581.875, 5942037.599999999627471 ], [ 44581.875, 5942037.450000000186265 ], [ 44581.80000000000291, 5942037.450000000186265 ], [ 44581.80000000000291, 5942037.299999999813735 ], [ 44581.724999999998545, 5942037.299999999813735 ], [ 44581.724999999998545, 5942037.150000000372529 ], [ 44581.650000000001455, 5942037.150000000372529 ], [ 44581.650000000001455, 5942037.0 ], [ 44581.57499999999709, 5942037.0 ], [ 44581.57499999999709, 5942036.849999999627471 ], [ 44581.5, 5942036.849999999627471 ], [ 44581.5, 5942036.775000000372529 ], [ 44581.42500000000291, 5942036.775000000372529 ], [ 44581.42500000000291, 5942036.700000000186265 ], [ 44581.349999999998545, 5942036.700000000186265 ], [ 44581.349999999998545, 5942036.549999999813735 ], [ 44581.275000000001455, 5942036.549999999813735 ], [ 44581.275000000001455, 5942036.474999999627471 ], [ 44581.19999999999709, 5942036.474999999627471 ], [ 44581.19999999999709, 5942036.325000000186265 ], [ 44581.125, 5942036.325000000186265 ], [ 44581.125, 5942036.25 ], [ 44581.05000000000291, 5942036.25 ], [ 44581.05000000000291, 5942036.099999999627471 ], [ 44580.974999999998545, 5942036.099999999627471 ], [ 44580.974999999998545, 5942036.025000000372529 ], [ 44580.900000000001455, 5942036.025000000372529 ], [ 44580.900000000001455, 5942035.875 ], [ 44580.82499999999709, 5942035.875 ], [ 44580.82499999999709, 5942035.799999999813735 ], [ 44580.75, 5942035.799999999813735 ], [ 44580.75, 5942035.724999999627471 ], [ 44580.67500000000291, 5942035.724999999627471 ], [ 44580.67500000000291, 5942035.575000000186265 ], [ 44580.599999999998545, 5942035.575000000186265 ], [ 44580.599999999998545, 5942035.5 ], [ 44580.525000000001455, 5942035.5 ], [ 44580.525000000001455, 5942035.349999999627471 ], [ 44580.44999999999709, 5942035.349999999627471 ], [ 44580.44999999999709, 5942035.275000000372529 ], [ 44580.375, 5942035.275000000372529 ], [ 44580.375, 5942035.200000000186265 ], [ 44580.30000000000291, 5942035.200000000186265 ], [ 44580.30000000000291, 5942035.049999999813735 ], [ 44580.224999999998545, 5942035.049999999813735 ], [ 44580.224999999998545, 5942034.974999999627471 ], [ 44580.150000000001455, 5942034.974999999627471 ], [ 44580.150000000001455, 5942034.825000000186265 ], [ 44580.07499999999709, 5942034.825000000186265 ], [ 44580.07499999999709, 5942034.75 ], [ 44580.0, 5942034.75 ], [ 44580.0, 5942034.599999999627471 ], [ 44579.92500000000291, 5942034.599999999627471 ], [ 44579.92500000000291, 5942034.450000000186265 ], [ 44579.849999999998545, 5942034.450000000186265 ], [ 44579.849999999998545, 5942034.375 ], [ 44579.775000000001455, 5942034.375 ], [ 44579.775000000001455, 5942034.224999999627471 ], [ 44579.69999999999709, 5942034.224999999627471 ], [ 44579.69999999999709, 5942034.075000000186265 ], [ 44579.625, 5942034.075000000186265 ], [ 44579.625, 5942033.924999999813735 ], [ 44579.55000000000291, 5942033.924999999813735 ], [ 44579.55000000000291, 5942033.775000000372529 ], [ 44579.474999999998545, 5942033.775000000372529 ], [ 44579.474999999998545, 5942033.549999999813735 ], [ 44579.400000000001455, 5942033.549999999813735 ], [ 44579.400000000001455, 5942033.400000000372529 ], [ 44579.32499999999709, 5942033.400000000372529 ], [ 44579.32499999999709, 5942033.174999999813735 ], [ 44579.25, 5942033.174999999813735 ], [ 44579.25, 5942032.950000000186265 ], [ 44579.17500000000291, 5942032.950000000186265 ], [ 44579.17500000000291, 5942032.724999999627471 ], [ 44579.099999999998545, 5942032.724999999627471 ], [ 44579.099999999998545, 5942032.424999999813735 ], [ 44579.025000000001455, 5942032.424999999813735 ], [ 44579.025000000001455, 5942032.200000000186265 ], [ 44578.94999999999709, 5942032.200000000186265 ], [ 44578.94999999999709, 5942031.974999999627471 ], [ 44578.875, 5942031.974999999627471 ], [ 44578.875, 5942031.224999999627471 ], [ 44578.80000000000291, 5942031.224999999627471 ], [ 44578.80000000000291, 5942030.775000000372529 ], [ 44578.724999999998545, 5942030.775000000372529 ], [ 44578.724999999998545, 5942030.474999999627471 ], [ 44578.650000000001455, 5942030.474999999627471 ], [ 44578.650000000001455, 5942030.099999999627471 ], [ 44578.57499999999709, 5942030.099999999627471 ], [ 44578.57499999999709, 5942029.799999999813735 ], [ 44578.5, 5942029.799999999813735 ], [ 44578.5, 5942029.575000000186265 ], [ 44578.42500000000291, 5942029.575000000186265 ], [ 44578.42500000000291, 5942029.424999999813735 ], [ 44578.349999999998545, 5942029.424999999813735 ], [ 44578.349999999998545, 5942029.200000000186265 ], [ 44578.275000000001455, 5942029.200000000186265 ], [ 44578.275000000001455, 5942029.049999999813735 ], [ 44578.19999999999709, 5942029.049999999813735 ], [ 44578.19999999999709, 5942028.974999999627471 ], [ 44578.125, 5942028.974999999627471 ], [ 44578.125, 5942028.825000000186265 ], [ 44578.05000000000291, 5942028.825000000186265 ], [ 44578.05000000000291, 5942028.674999999813735 ], [ 44577.974999999998545, 5942028.674999999813735 ], [ 44577.974999999998545, 5942028.525000000372529 ], [ 44577.900000000001455, 5942028.525000000372529 ], [ 44577.900000000001455, 5942028.375 ], [ 44577.82499999999709, 5942028.375 ], [ 44577.82499999999709, 5942028.150000000372529 ], [ 44577.75, 5942028.150000000372529 ], [ 44577.75, 5942027.924999999813735 ], [ 44577.67500000000291, 5942027.924999999813735 ], [ 44577.67500000000291, 5942027.700000000186265 ], [ 44577.599999999998545, 5942027.700000000186265 ], [ 44577.599999999998545, 5942027.474999999627471 ], [ 44577.525000000001455, 5942027.474999999627471 ], [ 44577.525000000001455, 5942027.25 ], [ 44577.44999999999709, 5942027.25 ], [ 44577.44999999999709, 5942027.099999999627471 ], [ 44577.375, 5942027.099999999627471 ], [ 44577.375, 5942026.950000000186265 ], [ 44577.30000000000291, 5942026.950000000186265 ], [ 44577.30000000000291, 5942026.799999999813735 ], [ 44577.224999999998545, 5942026.799999999813735 ], [ 44577.224999999998545, 5942026.724999999627471 ], [ 44577.150000000001455, 5942026.724999999627471 ], [ 44577.150000000001455, 5942026.650000000372529 ], [ 44577.07499999999709, 5942026.650000000372529 ], [ 44577.07499999999709, 5942026.5 ], [ 44577.0, 5942026.5 ], [ 44577.0, 5942026.424999999813735 ], [ 44576.92500000000291, 5942026.424999999813735 ], [ 44576.92500000000291, 5942026.349999999627471 ], [ 44576.849999999998545, 5942026.349999999627471 ], [ 44576.849999999998545, 5942026.275000000372529 ], [ 44576.775000000001455, 5942026.275000000372529 ], [ 44576.775000000001455, 5942026.200000000186265 ], [ 44576.69999999999709, 5942026.200000000186265 ], [ 44576.69999999999709, 5942026.125 ], [ 44576.625, 5942026.125 ], [ 44576.625, 5942026.049999999813735 ], [ 44576.55000000000291, 5942026.049999999813735 ], [ 44576.55000000000291, 5942025.974999999627471 ], [ 44576.32499999999709, 5942025.974999999627471 ], [ 44576.32499999999709, 5942025.900000000372529 ], [ 44576.099999999998545, 5942025.900000000372529 ], [ 44576.099999999998545, 5942025.825000000186265 ], [ 44575.94999999999709, 5942025.825000000186265 ], [ 44575.94999999999709, 5942025.75 ], [ 44575.80000000000291, 5942025.75 ], [ 44575.80000000000291, 5942025.674999999813735 ], [ 44575.650000000001455, 5942025.674999999813735 ], [ 44575.650000000001455, 5942025.599999999627471 ], [ 44575.57499999999709, 5942025.599999999627471 ], [ 44575.57499999999709, 5942025.525000000372529 ], [ 44575.42500000000291, 5942025.525000000372529 ], [ 44575.42500000000291, 5942025.450000000186265 ], [ 44575.349999999998545, 5942025.450000000186265 ], [ 44575.349999999998545, 5942025.375 ], [ 44575.275000000001455, 5942025.375 ], [ 44575.275000000001455, 5942025.224999999627471 ], [ 44575.19999999999709, 5942025.224999999627471 ], [ 44575.19999999999709, 5942025.150000000372529 ], [ 44575.125, 5942025.150000000372529 ], [ 44575.125, 5942025.075000000186265 ], [ 44575.05000000000291, 5942025.075000000186265 ], [ 44575.05000000000291, 5942025.0 ], [ 44574.974999999998545, 5942025.0 ], [ 44574.974999999998545, 5942024.924999999813735 ], [ 44574.900000000001455, 5942024.924999999813735 ], [ 44574.900000000001455, 5942024.849999999627471 ], [ 44574.82499999999709, 5942024.849999999627471 ], [ 44574.82499999999709, 5942024.700000000186265 ], [ 44574.75, 5942024.700000000186265 ], [ 44574.75, 5942024.625 ], [ 44574.67500000000291, 5942024.625 ], [ 44574.67500000000291, 5942024.549999999813735 ], [ 44574.599999999998545, 5942024.549999999813735 ], [ 44574.599999999998545, 5942024.474999999627471 ], [ 44574.525000000001455, 5942024.474999999627471 ], [ 44574.525000000001455, 5942024.400000000372529 ], [ 44574.44999999999709, 5942024.400000000372529 ], [ 44574.44999999999709, 5942024.25 ], [ 44574.375, 5942024.25 ], [ 44574.375, 5942024.174999999813735 ], [ 44574.30000000000291, 5942024.174999999813735 ], [ 44574.30000000000291, 5942024.099999999627471 ], [ 44574.224999999998545, 5942024.099999999627471 ], [ 44574.224999999998545, 5942024.025000000372529 ], [ 44574.150000000001455, 5942024.025000000372529 ], [ 44574.150000000001455, 5942023.950000000186265 ], [ 44574.07499999999709, 5942023.950000000186265 ], [ 44574.07499999999709, 5942023.799999999813735 ], [ 44574.0, 5942023.799999999813735 ], [ 44574.0, 5942023.724999999627471 ], [ 44573.92500000000291, 5942023.724999999627471 ], [ 44573.92500000000291, 5942023.575000000186265 ], [ 44573.849999999998545, 5942023.575000000186265 ], [ 44573.849999999998545, 5942023.5 ], [ 44573.775000000001455, 5942023.5 ], [ 44573.775000000001455, 5942023.349999999627471 ], [ 44573.69999999999709, 5942023.349999999627471 ], [ 44573.69999999999709, 5942023.275000000372529 ], [ 44573.625, 5942023.275000000372529 ], [ 44573.625, 5942023.200000000186265 ], [ 44573.55000000000291, 5942023.200000000186265 ], [ 44573.55000000000291, 5942023.049999999813735 ], [ 44573.474999999998545, 5942023.049999999813735 ], [ 44573.474999999998545, 5942022.974999999627471 ], [ 44573.400000000001455, 5942022.974999999627471 ], [ 44573.400000000001455, 5942022.900000000372529 ], [ 44573.32499999999709, 5942022.900000000372529 ], [ 44573.32499999999709, 5942022.75 ], [ 44573.25, 5942022.75 ], [ 44573.25, 5942022.674999999813735 ], [ 44573.17500000000291, 5942022.674999999813735 ], [ 44573.17500000000291, 5942022.599999999627471 ], [ 44573.099999999998545, 5942022.599999999627471 ], [ 44573.099999999998545, 5942022.450000000186265 ], [ 44573.025000000001455, 5942022.450000000186265 ], [ 44573.025000000001455, 5942022.375 ], [ 44572.94999999999709, 5942022.375 ], [ 44572.94999999999709, 5942022.224999999627471 ], [ 44572.875, 5942022.224999999627471 ], [ 44572.875, 5942022.150000000372529 ], [ 44572.80000000000291, 5942022.150000000372529 ], [ 44572.80000000000291, 5942022.0 ], [ 44572.724999999998545, 5942022.0 ], [ 44572.724999999998545, 5942021.924999999813735 ], [ 44572.650000000001455, 5942021.924999999813735 ], [ 44572.650000000001455, 5942021.849999999627471 ], [ 44572.57499999999709, 5942021.849999999627471 ], [ 44572.57499999999709, 5942021.700000000186265 ], [ 44572.5, 5942021.700000000186265 ], [ 44572.5, 5942021.625 ], [ 44572.42500000000291, 5942021.625 ], [ 44572.42500000000291, 5942021.474999999627471 ], [ 44572.349999999998545, 5942021.474999999627471 ], [ 44572.349999999998545, 5942021.400000000372529 ], [ 44572.275000000001455, 5942021.400000000372529 ], [ 44572.275000000001455, 5942021.25 ], [ 44572.19999999999709, 5942021.25 ], [ 44572.19999999999709, 5942021.025000000372529 ], [ 44572.125, 5942021.025000000372529 ], [ 44572.125, 5942020.875 ], [ 44572.05000000000291, 5942020.875 ], [ 44572.05000000000291, 5942020.724999999627471 ], [ 44571.974999999998545, 5942020.724999999627471 ], [ 44571.974999999998545, 5942020.5 ], [ 44571.900000000001455, 5942020.5 ], [ 44571.900000000001455, 5942020.275000000372529 ], [ 44571.82499999999709, 5942020.275000000372529 ], [ 44571.82499999999709, 5942020.049999999813735 ], [ 44571.75, 5942020.049999999813735 ], [ 44571.75, 5942019.825000000186265 ], [ 44571.67500000000291, 5942019.825000000186265 ], [ 44571.67500000000291, 5942019.599999999627471 ], [ 44571.599999999998545, 5942019.599999999627471 ], [ 44571.599999999998545, 5942018.700000000186265 ], [ 44571.67500000000291, 5942018.700000000186265 ], [ 44571.67500000000291, 5942017.724999999627471 ], [ 44571.75, 5942017.724999999627471 ], [ 44571.75, 5942016.974999999627471 ], [ 44571.82499999999709, 5942016.974999999627471 ], [ 44571.82499999999709, 5942016.224999999627471 ], [ 44571.900000000001455, 5942016.224999999627471 ], [ 44571.900000000001455, 5942015.625 ], [ 44571.974999999998545, 5942015.625 ], [ 44571.974999999998545, 5942015.099999999627471 ], [ 44572.05000000000291, 5942015.099999999627471 ], [ 44572.05000000000291, 5942014.575000000186265 ], [ 44572.125, 5942014.575000000186265 ], [ 44572.125, 5942014.125 ], [ 44572.19999999999709, 5942014.125 ], [ 44572.19999999999709, 5942013.75 ], [ 44572.275000000001455, 5942013.75 ], [ 44572.275000000001455, 5942013.150000000372529 ], [ 44572.349999999998545, 5942013.150000000372529 ], [ 44572.349999999998545, 5942012.549999999813735 ], [ 44572.42500000000291, 5942012.549999999813735 ], [ 44572.42500000000291, 5942012.099999999627471 ], [ 44572.5, 5942012.099999999627471 ], [ 44572.5, 5942011.875 ], [ 44572.57499999999709, 5942011.875 ], [ 44572.57499999999709, 5942011.724999999627471 ], [ 44572.650000000001455, 5942011.724999999627471 ], [ 44572.650000000001455, 5942011.575000000186265 ], [ 44572.724999999998545, 5942011.575000000186265 ], [ 44572.724999999998545, 5942011.349999999627471 ], [ 44572.80000000000291, 5942011.349999999627471 ], [ 44572.80000000000291, 5942011.125 ], [ 44572.875, 5942011.125 ], [ 44572.875, 5942010.900000000372529 ], [ 44572.94999999999709, 5942010.900000000372529 ], [ 44572.94999999999709, 5942010.674999999813735 ], [ 44573.025000000001455, 5942010.674999999813735 ], [ 44573.025000000001455, 5942010.450000000186265 ], [ 44573.099999999998545, 5942010.450000000186265 ], [ 44573.099999999998545, 5942010.299999999813735 ], [ 44573.17500000000291, 5942010.299999999813735 ], [ 44573.17500000000291, 5942010.075000000186265 ], [ 44573.25, 5942010.075000000186265 ], [ 44573.25, 5942009.924999999813735 ], [ 44573.32499999999709, 5942009.924999999813735 ], [ 44573.32499999999709, 5942009.775000000372529 ], [ 44573.400000000001455, 5942009.775000000372529 ], [ 44573.400000000001455, 5942009.549999999813735 ], [ 44573.474999999998545, 5942009.549999999813735 ], [ 44573.474999999998545, 5942009.400000000372529 ], [ 44573.55000000000291, 5942009.400000000372529 ], [ 44573.55000000000291, 5942009.25 ], [ 44573.625, 5942009.25 ], [ 44573.625, 5942009.099999999627471 ], [ 44573.69999999999709, 5942009.099999999627471 ], [ 44573.69999999999709, 5942008.950000000186265 ], [ 44573.775000000001455, 5942008.950000000186265 ], [ 44573.775000000001455, 5942008.799999999813735 ], [ 44573.849999999998545, 5942008.799999999813735 ], [ 44573.849999999998545, 5942008.724999999627471 ], [ 44573.92500000000291, 5942008.724999999627471 ], [ 44573.92500000000291, 5942008.575000000186265 ], [ 44574.0, 5942008.575000000186265 ], [ 44574.0, 5942008.424999999813735 ], [ 44574.07499999999709, 5942008.424999999813735 ], [ 44574.07499999999709, 5942008.349999999627471 ], [ 44574.150000000001455, 5942008.349999999627471 ], [ 44574.150000000001455, 5942008.200000000186265 ], [ 44574.224999999998545, 5942008.200000000186265 ], [ 44574.224999999998545, 5942008.049999999813735 ], [ 44574.30000000000291, 5942008.049999999813735 ], [ 44574.30000000000291, 5942007.974999999627471 ], [ 44574.375, 5942007.974999999627471 ], [ 44574.375, 5942007.900000000372529 ], [ 44574.44999999999709, 5942007.900000000372529 ], [ 44574.44999999999709, 5942007.75 ], [ 44574.525000000001455, 5942007.75 ], [ 44574.525000000001455, 5942007.674999999813735 ], [ 44574.599999999998545, 5942007.674999999813735 ], [ 44574.599999999998545, 5942007.525000000372529 ], [ 44574.67500000000291, 5942007.525000000372529 ], [ 44574.67500000000291, 5942007.375 ], [ 44574.75, 5942007.375 ], [ 44574.75, 5942007.299999999813735 ], [ 44574.82499999999709, 5942007.299999999813735 ], [ 44574.82499999999709, 5942007.150000000372529 ], [ 44574.900000000001455, 5942007.150000000372529 ], [ 44574.900000000001455, 5942007.075000000186265 ], [ 44574.974999999998545, 5942007.075000000186265 ], [ 44574.974999999998545, 5942006.924999999813735 ], [ 44575.05000000000291, 5942006.924999999813735 ], [ 44575.05000000000291, 5942006.775000000372529 ], [ 44575.125, 5942006.775000000372529 ], [ 44575.125, 5942006.700000000186265 ], [ 44575.19999999999709, 5942006.700000000186265 ], [ 44575.19999999999709, 5942006.549999999813735 ], [ 44575.275000000001455, 5942006.549999999813735 ], [ 44575.275000000001455, 5942006.474999999627471 ], [ 44575.349999999998545, 5942006.474999999627471 ], [ 44575.349999999998545, 5942006.400000000372529 ], [ 44575.42500000000291, 5942006.400000000372529 ], [ 44575.42500000000291, 5942006.25 ], [ 44575.5, 5942006.25 ], [ 44575.5, 5942006.174999999813735 ], [ 44575.57499999999709, 5942006.174999999813735 ], [ 44575.57499999999709, 5942006.025000000372529 ], [ 44575.650000000001455, 5942006.025000000372529 ], [ 44575.650000000001455, 5942005.950000000186265 ], [ 44575.724999999998545, 5942005.950000000186265 ], [ 44575.724999999998545, 5942005.875 ], [ 44575.80000000000291, 5942005.875 ], [ 44575.80000000000291, 5942005.799999999813735 ], [ 44575.875, 5942005.799999999813735 ], [ 44575.875, 5942005.650000000372529 ], [ 44575.94999999999709, 5942005.650000000372529 ], [ 44575.94999999999709, 5942005.575000000186265 ], [ 44576.025000000001455, 5942005.575000000186265 ], [ 44576.025000000001455, 5942005.424999999813735 ], [ 44576.099999999998545, 5942005.424999999813735 ], [ 44576.099999999998545, 5942005.349999999627471 ], [ 44576.17500000000291, 5942005.349999999627471 ], [ 44576.17500000000291, 5942005.275000000372529 ], [ 44576.25, 5942005.275000000372529 ], [ 44576.25, 5942005.125 ], [ 44576.32499999999709, 5942005.125 ], [ 44576.32499999999709, 5942005.049999999813735 ], [ 44576.400000000001455, 5942005.049999999813735 ], [ 44576.400000000001455, 5942004.974999999627471 ], [ 44576.474999999998545, 5942004.974999999627471 ], [ 44576.474999999998545, 5942004.900000000372529 ], [ 44576.55000000000291, 5942004.900000000372529 ], [ 44576.55000000000291, 5942004.75 ], [ 44576.625, 5942004.75 ], [ 44576.625, 5942004.525000000372529 ], [ 44576.69999999999709, 5942004.525000000372529 ], [ 44576.69999999999709, 5942004.375 ], [ 44576.775000000001455, 5942004.375 ], [ 44576.775000000001455, 5942004.150000000372529 ], [ 44576.849999999998545, 5942004.150000000372529 ], [ 44576.849999999998545, 5942004.0 ], [ 44576.92500000000291, 5942004.0 ], [ 44576.92500000000291, 5942003.775000000372529 ], [ 44577.0, 5942003.775000000372529 ], [ 44577.0, 5942003.549999999813735 ], [ 44577.07499999999709, 5942003.549999999813735 ], [ 44577.07499999999709, 5942003.325000000186265 ], [ 44577.150000000001455, 5942003.325000000186265 ], [ 44577.150000000001455, 5942003.099999999627471 ], [ 44577.224999999998545, 5942003.099999999627471 ], [ 44577.224999999998545, 5942002.950000000186265 ], [ 44577.30000000000291, 5942002.950000000186265 ], [ 44577.30000000000291, 5942002.724999999627471 ], [ 44577.375, 5942002.724999999627471 ], [ 44577.375, 5942002.5 ], [ 44577.44999999999709, 5942002.5 ], [ 44577.44999999999709, 5942002.275000000372529 ], [ 44577.525000000001455, 5942002.275000000372529 ], [ 44577.525000000001455, 5942002.125 ], [ 44577.599999999998545, 5942002.125 ], [ 44577.599999999998545, 5942001.900000000372529 ], [ 44577.67500000000291, 5942001.900000000372529 ], [ 44577.67500000000291, 5942001.75 ], [ 44577.75, 5942001.75 ], [ 44577.75, 5942001.525000000372529 ], [ 44577.82499999999709, 5942001.525000000372529 ], [ 44577.82499999999709, 5942001.375 ], [ 44577.900000000001455, 5942001.375 ], [ 44577.900000000001455, 5942001.224999999627471 ], [ 44577.974999999998545, 5942001.224999999627471 ], [ 44577.974999999998545, 5942001.075000000186265 ], [ 44578.05000000000291, 5942001.075000000186265 ], [ 44578.05000000000291, 5942000.924999999813735 ], [ 44578.125, 5942000.924999999813735 ], [ 44578.125, 5942000.700000000186265 ], [ 44578.19999999999709, 5942000.700000000186265 ], [ 44578.19999999999709, 5942000.625 ], [ 44578.275000000001455, 5942000.625 ], [ 44578.275000000001455, 5942000.474999999627471 ], [ 44578.349999999998545, 5942000.474999999627471 ], [ 44578.349999999998545, 5942000.325000000186265 ], [ 44578.42500000000291, 5942000.325000000186265 ], [ 44578.42500000000291, 5942000.174999999813735 ], [ 44578.5, 5942000.174999999813735 ], [ 44578.5, 5942000.025000000372529 ], [ 44578.57499999999709, 5942000.025000000372529 ], [ 44578.57499999999709, 5941999.950000000186265 ], [ 44578.650000000001455, 5941999.950000000186265 ], [ 44578.650000000001455, 5941999.875 ], [ 44578.724999999998545, 5941999.875 ], [ 44578.724999999998545, 5941999.724999999627471 ], [ 44578.80000000000291, 5941999.724999999627471 ], [ 44578.80000000000291, 5941999.650000000372529 ], [ 44578.875, 5941999.650000000372529 ], [ 44578.875, 5941999.575000000186265 ], [ 44578.94999999999709, 5941999.575000000186265 ], [ 44578.94999999999709, 5941999.5 ], [ 44579.025000000001455, 5941999.5 ], [ 44579.025000000001455, 5941999.424999999813735 ], [ 44579.099999999998545, 5941999.424999999813735 ], [ 44579.099999999998545, 5941999.349999999627471 ], [ 44579.17500000000291, 5941999.349999999627471 ], [ 44579.17500000000291, 5941999.275000000372529 ], [ 44579.25, 5941999.275000000372529 ], [ 44579.25, 5941999.200000000186265 ], [ 44579.32499999999709, 5941999.200000000186265 ], [ 44579.32499999999709, 5941999.125 ], [ 44579.400000000001455, 5941999.125 ], [ 44579.400000000001455, 5941999.049999999813735 ], [ 44579.55000000000291, 5941999.049999999813735 ], [ 44579.55000000000291, 5941998.974999999627471 ], [ 44579.625, 5941998.974999999627471 ], [ 44579.625, 5941998.900000000372529 ], [ 44579.69999999999709, 5941998.900000000372529 ], [ 44579.69999999999709, 5941998.825000000186265 ], [ 44579.849999999998545, 5941998.825000000186265 ], [ 44579.849999999998545, 5941998.75 ], [ 44579.92500000000291, 5941998.75 ], [ 44579.92500000000291, 5941998.674999999813735 ], [ 44580.07499999999709, 5941998.674999999813735 ], [ 44580.07499999999709, 5941998.599999999627471 ], [ 44580.150000000001455, 5941998.599999999627471 ], [ 44580.150000000001455, 5941998.525000000372529 ], [ 44580.30000000000291, 5941998.525000000372529 ], [ 44580.30000000000291, 5941998.450000000186265 ], [ 44580.44999999999709, 5941998.450000000186265 ], [ 44580.44999999999709, 5941998.375 ], [ 44580.67500000000291, 5941998.375 ], [ 44580.67500000000291, 5941998.299999999813735 ], [ 44580.900000000001455, 5941998.299999999813735 ], [ 44580.900000000001455, 5941998.224999999627471 ], [ 44581.125, 5941998.224999999627471 ], [ 44581.125, 5941998.150000000372529 ], [ 44581.349999999998545, 5941998.150000000372529 ], [ 44581.349999999998545, 5941998.075000000186265 ], [ 44581.57499999999709, 5941998.075000000186265 ], [ 44581.57499999999709, 5941998.0 ], [ 44581.80000000000291, 5941998.0 ], [ 44581.80000000000291, 5941997.924999999813735 ], [ 44582.099999999998545, 5941997.924999999813735 ], [ 44582.099999999998545, 5941997.849999999627471 ], [ 44582.625, 5941997.849999999627471 ], [ 44582.625, 5941997.775000000372529 ], [ 44583.30000000000291, 5941997.775000000372529 ], [ 44583.30000000000291, 5941997.700000000186265 ], [ 44584.05000000000291, 5941997.700000000186265 ], [ 44584.05000000000291, 5941997.625 ], [ 44584.5, 5941997.625 ], [ 44584.5, 5941997.549999999813735 ], [ 44584.724999999998545, 5941997.549999999813735 ], [ 44584.724999999998545, 5941997.474999999627471 ], [ 44584.94999999999709, 5941997.474999999627471 ], [ 44584.94999999999709, 5941997.400000000372529 ], [ 44585.099999999998545, 5941997.400000000372529 ], [ 44585.099999999998545, 5941997.325000000186265 ], [ 44585.25, 5941997.325000000186265 ], [ 44585.25, 5941997.25 ], [ 44585.400000000001455, 5941997.25 ], [ 44585.400000000001455, 5941997.174999999813735 ], [ 44585.55000000000291, 5941997.174999999813735 ], [ 44585.55000000000291, 5941997.099999999627471 ], [ 44585.69999999999709, 5941997.099999999627471 ], [ 44585.69999999999709, 5941997.025000000372529 ], [ 44585.849999999998545, 5941997.025000000372529 ], [ 44585.849999999998545, 5941996.950000000186265 ], [ 44586.0, 5941996.950000000186265 ], [ 44586.0, 5941996.875 ], [ 44586.07499999999709, 5941996.875 ], [ 44586.07499999999709, 5941996.799999999813735 ], [ 44586.224999999998545, 5941996.799999999813735 ], [ 44586.224999999998545, 5941996.724999999627471 ], [ 44586.30000000000291, 5941996.724999999627471 ], [ 44586.30000000000291, 5941996.650000000372529 ], [ 44586.375, 5941996.650000000372529 ], [ 44586.375, 5941996.575000000186265 ], [ 44586.44999999999709, 5941996.575000000186265 ], [ 44586.44999999999709, 5941996.5 ], [ 44586.525000000001455, 5941996.5 ], [ 44586.525000000001455, 5941996.349999999627471 ], [ 44586.599999999998545, 5941996.349999999627471 ], [ 44586.599999999998545, 5941996.275000000372529 ], [ 44586.67500000000291, 5941996.275000000372529 ], [ 44586.67500000000291, 5941996.200000000186265 ], [ 44586.75, 5941996.200000000186265 ], [ 44586.75, 5941996.049999999813735 ], [ 44586.82499999999709, 5941996.049999999813735 ], [ 44586.82499999999709, 5941995.900000000372529 ], [ 44586.900000000001455, 5941995.900000000372529 ], [ 44586.900000000001455, 5941995.75 ], [ 44586.974999999998545, 5941995.75 ], [ 44586.974999999998545, 5941995.674999999813735 ], [ 44587.05000000000291, 5941995.674999999813735 ], [ 44587.05000000000291, 5941995.525000000372529 ], [ 44587.125, 5941995.525000000372529 ], [ 44587.125, 5941995.450000000186265 ], [ 44587.19999999999709, 5941995.450000000186265 ], [ 44587.19999999999709, 5941995.299999999813735 ], [ 44587.275000000001455, 5941995.299999999813735 ], [ 44587.275000000001455, 5941995.224999999627471 ], [ 44587.349999999998545, 5941995.224999999627471 ], [ 44587.349999999998545, 5941995.150000000372529 ], [ 44587.42500000000291, 5941995.150000000372529 ], [ 44587.42500000000291, 5941995.075000000186265 ], [ 44587.5, 5941995.075000000186265 ], [ 44587.5, 5941995.0 ], [ 44587.650000000001455, 5941995.0 ], [ 44587.650000000001455, 5941994.924999999813735 ], [ 44587.724999999998545, 5941994.924999999813735 ], [ 44587.724999999998545, 5941994.849999999627471 ], [ 44587.875, 5941994.849999999627471 ], [ 44587.875, 5941994.775000000372529 ], [ 44587.94999999999709, 5941994.775000000372529 ], [ 44587.94999999999709, 5941994.700000000186265 ], [ 44588.099999999998545, 5941994.700000000186265 ], [ 44588.099999999998545, 5941994.625 ], [ 44588.25, 5941994.625 ], [ 44588.25, 5941994.549999999813735 ], [ 44588.400000000001455, 5941994.549999999813735 ], [ 44588.400000000001455, 5941994.474999999627471 ], [ 44588.55000000000291, 5941994.474999999627471 ], [ 44588.55000000000291, 5941994.400000000372529 ], [ 44588.625, 5941994.400000000372529 ], [ 44588.625, 5941994.325000000186265 ], [ 44588.775000000001455, 5941994.325000000186265 ], [ 44588.775000000001455, 5941994.25 ], [ 44588.849999999998545, 5941994.25 ], [ 44588.849999999998545, 5941994.174999999813735 ], [ 44589.0, 5941994.174999999813735 ], [ 44589.0, 5941994.099999999627471 ], [ 44589.150000000001455, 5941994.099999999627471 ], [ 44589.150000000001455, 5941993.950000000186265 ], [ 44589.224999999998545, 5941993.950000000186265 ], [ 44589.224999999998545, 5941993.724999999627471 ], [ 44589.30000000000291, 5941993.724999999627471 ], [ 44589.30000000000291, 5941993.575000000186265 ], [ 44589.44999999999709, 5941993.575000000186265 ], [ 44589.44999999999709, 5941993.5 ], [ 44589.67500000000291, 5941993.5 ], [ 44589.67500000000291, 5941993.424999999813735 ], [ 44589.974999999998545, 5941993.424999999813735 ], [ 44589.974999999998545, 5941993.349999999627471 ], [ 44590.19999999999709, 5941993.349999999627471 ], [ 44590.19999999999709, 5941993.275000000372529 ], [ 44590.42500000000291, 5941993.275000000372529 ], [ 44590.42500000000291, 5941993.200000000186265 ], [ 44590.650000000001455, 5941993.200000000186265 ], [ 44590.650000000001455, 5941993.125 ], [ 44590.875, 5941993.125 ], [ 44590.875, 5941993.049999999813735 ], [ 44591.099999999998545, 5941993.049999999813735 ], [ 44591.099999999998545, 5941992.974999999627471 ], [ 44591.32499999999709, 5941992.974999999627471 ], [ 44591.32499999999709, 5941992.900000000372529 ], [ 44591.625, 5941992.900000000372529 ], [ 44591.625, 5941992.825000000186265 ], [ 44591.92500000000291, 5941992.825000000186265 ], [ 44591.92500000000291, 5941992.75 ], [ 44592.224999999998545, 5941992.75 ], [ 44592.224999999998545, 5941992.674999999813735 ], [ 44593.19999999999709, 5941992.674999999813735 ], [ 44593.19999999999709, 5941992.599999999627471 ], [ 44594.099999999998545, 5941992.599999999627471 ], [ 44594.099999999998545, 5941992.525000000372529 ], [ 44594.17500000000291, 5941992.525000000372529 ], [ 44594.17500000000291, 5941992.599999999627471 ], [ 44595.375, 5941992.599999999627471 ], [ 44595.375, 5941992.674999999813735 ], [ 44596.42500000000291, 5941992.674999999813735 ], [ 44596.42500000000291, 5941992.75 ], [ 44597.025000000001455, 5941992.75 ], [ 44597.025000000001455, 5941992.825000000186265 ], [ 44597.32499999999709, 5941992.825000000186265 ], [ 44597.32499999999709, 5941992.900000000372529 ], [ 44597.625, 5941992.900000000372529 ], [ 44597.625, 5941992.974999999627471 ], [ 44597.849999999998545, 5941992.974999999627471 ], [ 44597.849999999998545, 5941993.049999999813735 ], [ 44598.07499999999709, 5941993.049999999813735 ], [ 44598.07499999999709, 5941993.125 ], [ 44598.30000000000291, 5941993.125 ], [ 44598.30000000000291, 5941993.200000000186265 ], [ 44598.44999999999709, 5941993.200000000186265 ], [ 44598.44999999999709, 5941993.275000000372529 ], [ 44598.67500000000291, 5941993.275000000372529 ], [ 44598.67500000000291, 5941993.349999999627471 ], [ 44598.82499999999709, 5941993.349999999627471 ], [ 44598.82499999999709, 5941993.424999999813735 ], [ 44598.974999999998545, 5941993.424999999813735 ], [ 44598.974999999998545, 5941993.5 ], [ 44599.05000000000291, 5941993.5 ], [ 44599.05000000000291, 5941993.575000000186265 ], [ 44599.19999999999709, 5941993.575000000186265 ], [ 44599.19999999999709, 5941993.650000000372529 ], [ 44599.275000000001455, 5941993.650000000372529 ], [ 44599.275000000001455, 5941993.724999999627471 ], [ 44599.42500000000291, 5941993.724999999627471 ], [ 44599.42500000000291, 5941993.799999999813735 ], [ 44599.5, 5941993.799999999813735 ], [ 44599.5, 5941993.875 ], [ 44599.57499999999709, 5941993.875 ], [ 44599.57499999999709, 5941993.950000000186265 ], [ 44599.650000000001455, 5941993.950000000186265 ], [ 44599.650000000001455, 5941994.025000000372529 ], [ 44599.80000000000291, 5941994.025000000372529 ], [ 44599.80000000000291, 5941994.099999999627471 ], [ 44599.875, 5941994.099999999627471 ], [ 44599.875, 5941994.174999999813735 ], [ 44600.025000000001455, 5941994.174999999813735 ], [ 44600.025000000001455, 5941994.25 ], [ 44600.099999999998545, 5941994.25 ], [ 44600.099999999998545, 5941994.325000000186265 ], [ 44600.17500000000291, 5941994.325000000186265 ], [ 44600.17500000000291, 5941994.400000000372529 ], [ 44600.32499999999709, 5941994.400000000372529 ], [ 44600.32499999999709, 5941994.474999999627471 ], [ 44600.400000000001455, 5941994.474999999627471 ], [ 44600.400000000001455, 5941994.549999999813735 ], [ 44600.474999999998545, 5941994.549999999813735 ], [ 44600.474999999998545, 5941994.625 ], [ 44600.625, 5941994.625 ], [ 44600.625, 5941994.700000000186265 ], [ 44600.69999999999709, 5941994.700000000186265 ], [ 44600.69999999999709, 5941994.775000000372529 ], [ 44600.775000000001455, 5941994.775000000372529 ], [ 44600.775000000001455, 5941994.849999999627471 ], [ 44600.92500000000291, 5941994.849999999627471 ], [ 44600.92500000000291, 5941994.924999999813735 ], [ 44601.0, 5941994.924999999813735 ], [ 44601.0, 5941995.0 ], [ 44601.150000000001455, 5941995.0 ], [ 44601.150000000001455, 5941995.075000000186265 ], [ 44601.224999999998545, 5941995.075000000186265 ], [ 44601.224999999998545, 5941995.150000000372529 ], [ 44601.30000000000291, 5941995.150000000372529 ], [ 44601.30000000000291, 5941995.224999999627471 ], [ 44601.44999999999709, 5941995.224999999627471 ], [ 44601.44999999999709, 5941995.299999999813735 ], [ 44601.525000000001455, 5941995.299999999813735 ], [ 44601.525000000001455, 5941995.375 ], [ 44601.67500000000291, 5941995.375 ], [ 44601.67500000000291, 5941995.450000000186265 ], [ 44601.75, 5941995.450000000186265 ], [ 44601.75, 5941995.525000000372529 ], [ 44601.900000000001455, 5941995.525000000372529 ], [ 44601.900000000001455, 5941995.599999999627471 ], [ 44601.974999999998545, 5941995.599999999627471 ], [ 44601.974999999998545, 5941995.674999999813735 ], [ 44602.05000000000291, 5941995.674999999813735 ], [ 44602.05000000000291, 5941995.75 ], [ 44602.125, 5941995.75 ], [ 44602.125, 5941995.900000000372529 ], [ 44602.19999999999709, 5941995.900000000372529 ], [ 44602.19999999999709, 5941995.974999999627471 ], [ 44602.275000000001455, 5941995.974999999627471 ], [ 44602.275000000001455, 5941996.049999999813735 ], [ 44602.349999999998545, 5941996.049999999813735 ], [ 44602.349999999998545, 5941996.125 ], [ 44602.42500000000291, 5941996.125 ], [ 44602.42500000000291, 5941996.200000000186265 ], [ 44602.5, 5941996.200000000186265 ], [ 44602.5, 5941996.275000000372529 ], [ 44602.57499999999709, 5941996.275000000372529 ], [ 44602.57499999999709, 5941996.349999999627471 ], [ 44602.650000000001455, 5941996.349999999627471 ], [ 44602.650000000001455, 5941996.424999999813735 ], [ 44602.724999999998545, 5941996.424999999813735 ], [ 44602.724999999998545, 5941996.5 ], [ 44602.80000000000291, 5941996.5 ], [ 44602.80000000000291, 5941996.575000000186265 ], [ 44602.875, 5941996.575000000186265 ], [ 44602.875, 5941996.650000000372529 ], [ 44603.025000000001455, 5941996.650000000372529 ], [ 44603.025000000001455, 5941996.724999999627471 ], [ 44603.099999999998545, 5941996.724999999627471 ], [ 44603.099999999998545, 5941996.799999999813735 ], [ 44603.25, 5941996.799999999813735 ], [ 44603.25, 5941996.875 ], [ 44603.32499999999709, 5941996.875 ], [ 44603.32499999999709, 5941996.950000000186265 ], [ 44603.474999999998545, 5941996.950000000186265 ], [ 44603.474999999998545, 5941997.025000000372529 ], [ 44603.625, 5941997.025000000372529 ], [ 44603.625, 5941997.099999999627471 ], [ 44603.69999999999709, 5941997.099999999627471 ], [ 44603.69999999999709, 5941997.174999999813735 ], [ 44603.849999999998545, 5941997.174999999813735 ], [ 44603.849999999998545, 5941997.25 ], [ 44604.07499999999709, 5941997.25 ], [ 44604.07499999999709, 5941997.325000000186265 ], [ 44604.224999999998545, 5941997.325000000186265 ], [ 44604.224999999998545, 5941997.400000000372529 ], [ 44604.375, 5941997.400000000372529 ], [ 44604.375, 5941997.474999999627471 ], [ 44604.525000000001455, 5941997.474999999627471 ], [ 44604.525000000001455, 5941997.549999999813735 ], [ 44604.67500000000291, 5941997.549999999813735 ], [ 44604.67500000000291, 5941997.625 ], [ 44604.82499999999709, 5941997.625 ], [ 44604.82499999999709, 5941997.700000000186265 ], [ 44604.974999999998545, 5941997.700000000186265 ], [ 44604.974999999998545, 5941997.775000000372529 ], [ 44605.125, 5941997.775000000372529 ], [ 44605.125, 5941997.849999999627471 ], [ 44605.275000000001455, 5941997.849999999627471 ], [ 44605.275000000001455, 5941997.924999999813735 ], [ 44605.42500000000291, 5941997.924999999813735 ], [ 44605.42500000000291, 5941998.0 ], [ 44605.57499999999709, 5941998.0 ], [ 44605.57499999999709, 5941998.075000000186265 ], [ 44605.80000000000291, 5941998.075000000186265 ], [ 44605.80000000000291, 5941998.150000000372529 ], [ 44605.94999999999709, 5941998.150000000372529 ], [ 44605.94999999999709, 5941998.224999999627471 ], [ 44606.025000000001455, 5941998.224999999627471 ], [ 44606.025000000001455, 5941998.299999999813735 ], [ 44606.17500000000291, 5941998.299999999813735 ], [ 44606.17500000000291, 5941998.375 ], [ 44606.32499999999709, 5941998.375 ], [ 44606.32499999999709, 5941998.450000000186265 ], [ 44606.474999999998545, 5941998.450000000186265 ], [ 44606.474999999998545, 5941998.525000000372529 ], [ 44606.625, 5941998.525000000372529 ], [ 44606.625, 5941998.599999999627471 ], [ 44606.775000000001455, 5941998.599999999627471 ], [ 44606.775000000001455, 5941998.674999999813735 ], [ 44606.92500000000291, 5941998.674999999813735 ], [ 44606.92500000000291, 5941998.75 ], [ 44607.07499999999709, 5941998.75 ], [ 44607.07499999999709, 5941998.825000000186265 ], [ 44607.30000000000291, 5941998.825000000186265 ], [ 44607.30000000000291, 5941998.900000000372529 ], [ 44607.44999999999709, 5941998.900000000372529 ], [ 44607.44999999999709, 5941998.974999999627471 ], [ 44607.67500000000291, 5941998.974999999627471 ], [ 44607.67500000000291, 5941999.049999999813735 ], [ 44607.974999999998545, 5941999.049999999813735 ], [ 44607.974999999998545, 5941999.125 ], [ 44608.42500000000291, 5941999.125 ], [ 44608.42500000000291, 5941999.200000000186265 ], [ 44608.80000000000291, 5941999.200000000186265 ], [ 44608.80000000000291, 5941999.275000000372529 ], [ 44609.17500000000291, 5941999.275000000372529 ], [ 44609.17500000000291, 5941999.349999999627471 ], [ 44609.55000000000291, 5941999.349999999627471 ], [ 44609.55000000000291, 5941999.424999999813735 ], [ 44609.849999999998545, 5941999.424999999813735 ], [ 44609.849999999998545, 5941999.5 ], [ 44610.150000000001455, 5941999.5 ], [ 44610.150000000001455, 5941999.575000000186265 ], [ 44610.375, 5941999.575000000186265 ], [ 44610.375, 5941999.650000000372529 ], [ 44610.599999999998545, 5941999.650000000372529 ], [ 44610.599999999998545, 5941999.724999999627471 ], [ 44610.75, 5941999.724999999627471 ], [ 44610.75, 5941999.799999999813735 ], [ 44610.974999999998545, 5941999.799999999813735 ], [ 44610.974999999998545, 5941999.875 ], [ 44611.125, 5941999.875 ], [ 44611.125, 5941999.950000000186265 ], [ 44611.275000000001455, 5941999.950000000186265 ], [ 44611.275000000001455, 5942000.025000000372529 ], [ 44611.5, 5942000.025000000372529 ], [ 44611.5, 5942000.099999999627471 ], [ 44611.650000000001455, 5942000.099999999627471 ], [ 44611.650000000001455, 5942000.174999999813735 ], [ 44611.80000000000291, 5942000.174999999813735 ], [ 44611.80000000000291, 5942000.25 ], [ 44611.94999999999709, 5942000.25 ], [ 44611.94999999999709, 5942000.325000000186265 ], [ 44612.099999999998545, 5942000.325000000186265 ], [ 44612.099999999998545, 5942000.400000000372529 ], [ 44612.32499999999709, 5942000.400000000372529 ], [ 44612.32499999999709, 5942000.474999999627471 ], [ 44612.474999999998545, 5942000.474999999627471 ], [ 44612.474999999998545, 5942000.549999999813735 ], [ 44612.625, 5942000.549999999813735 ], [ 44612.625, 5942000.625 ], [ 44612.775000000001455, 5942000.625 ], [ 44612.775000000001455, 5942000.700000000186265 ], [ 44612.92500000000291, 5942000.700000000186265 ], [ 44612.92500000000291, 5942000.775000000372529 ], [ 44613.150000000001455, 5942000.775000000372529 ], [ 44613.150000000001455, 5942000.849999999627471 ], [ 44613.30000000000291, 5942000.849999999627471 ], [ 44613.30000000000291, 5942000.924999999813735 ], [ 44613.44999999999709, 5942000.924999999813735 ], [ 44613.44999999999709, 5942001.0 ], [ 44613.599999999998545, 5942001.0 ], [ 44613.599999999998545, 5942001.075000000186265 ], [ 44613.82499999999709, 5942001.075000000186265 ], [ 44613.82499999999709, 5942001.150000000372529 ], [ 44613.974999999998545, 5942001.150000000372529 ], [ 44613.974999999998545, 5942001.224999999627471 ], [ 44614.125, 5942001.224999999627471 ], [ 44614.125, 5942001.299999999813735 ], [ 44614.275000000001455, 5942001.299999999813735 ], [ 44614.275000000001455, 5942001.375 ], [ 44614.42500000000291, 5942001.375 ], [ 44614.42500000000291, 5942001.450000000186265 ], [ 44614.5, 5942001.450000000186265 ], [ 44614.5, 5942001.525000000372529 ], [ 44614.650000000001455, 5942001.525000000372529 ], [ 44614.650000000001455, 5942001.599999999627471 ], [ 44614.724999999998545, 5942001.599999999627471 ], [ 44614.724999999998545, 5942001.674999999813735 ], [ 44614.875, 5942001.674999999813735 ], [ 44614.875, 5942001.75 ], [ 44614.94999999999709, 5942001.75 ], [ 44614.94999999999709, 5942001.825000000186265 ], [ 44615.025000000001455, 5942001.825000000186265 ], [ 44615.025000000001455, 5942001.900000000372529 ], [ 44615.099999999998545, 5942001.900000000372529 ], [ 44615.099999999998545, 5942002.5 ], [ 44615.025000000001455, 5942002.5 ], [ 44615.025000000001455, 5942003.625 ], [ 44614.94999999999709, 5942003.625 ], [ 44614.94999999999709, 5942003.849999999627471 ], [ 44615.025000000001455, 5942003.849999999627471 ], [ 44615.025000000001455, 5942004.075000000186265 ], [ 44615.099999999998545, 5942004.075000000186265 ], [ 44615.099999999998545, 5942004.375 ], [ 44615.17500000000291, 5942004.375 ], [ 44615.17500000000291, 5942004.599999999627471 ], [ 44615.25, 5942004.599999999627471 ], [ 44615.25, 5942004.75 ], [ 44615.32499999999709, 5942004.75 ], [ 44615.32499999999709, 5942004.974999999627471 ], [ 44615.400000000001455, 5942004.974999999627471 ], [ 44615.400000000001455, 5942005.125 ], [ 44615.474999999998545, 5942005.125 ], [ 44615.474999999998545, 5942005.349999999627471 ], [ 44615.55000000000291, 5942005.349999999627471 ], [ 44615.55000000000291, 5942005.5 ], [ 44615.625, 5942005.5 ], [ 44615.625, 5942005.575000000186265 ], [ 44615.69999999999709, 5942005.575000000186265 ], [ 44615.69999999999709, 5942005.724999999627471 ], [ 44615.775000000001455, 5942005.724999999627471 ], [ 44615.775000000001455, 5942005.799999999813735 ], [ 44615.849999999998545, 5942005.799999999813735 ], [ 44615.849999999998545, 5942005.875 ], [ 44615.92500000000291, 5942005.875 ], [ 44615.92500000000291, 5942005.950000000186265 ], [ 44616.0, 5942005.950000000186265 ], [ 44616.0, 5942006.025000000372529 ], [ 44616.07499999999709, 5942006.025000000372529 ], [ 44616.07499999999709, 5942006.099999999627471 ], [ 44616.150000000001455, 5942006.099999999627471 ], [ 44616.150000000001455, 5942006.174999999813735 ], [ 44616.224999999998545, 5942006.174999999813735 ], [ 44616.224999999998545, 5942006.25 ], [ 44616.30000000000291, 5942006.25 ], [ 44616.30000000000291, 5942006.325000000186265 ], [ 44616.375, 5942006.325000000186265 ], [ 44616.375, 5942006.474999999627471 ], [ 44616.44999999999709, 5942006.474999999627471 ], [ 44616.44999999999709, 5942006.549999999813735 ], [ 44616.525000000001455, 5942006.549999999813735 ], [ 44616.525000000001455, 5942006.625 ], [ 44616.599999999998545, 5942006.625 ], [ 44616.599999999998545, 5942006.700000000186265 ], [ 44616.67500000000291, 5942006.700000000186265 ], [ 44616.67500000000291, 5942006.775000000372529 ], [ 44616.75, 5942006.775000000372529 ], [ 44616.75, 5942006.849999999627471 ], [ 44616.82499999999709, 5942006.849999999627471 ], [ 44616.82499999999709, 5942006.924999999813735 ], [ 44616.900000000001455, 5942006.924999999813735 ], [ 44616.900000000001455, 5942007.0 ], [ 44616.974999999998545, 5942007.0 ], [ 44616.974999999998545, 5942007.150000000372529 ], [ 44617.05000000000291, 5942007.150000000372529 ], [ 44617.05000000000291, 5942007.224999999627471 ], [ 44617.125, 5942007.224999999627471 ], [ 44617.125, 5942007.299999999813735 ], [ 44617.19999999999709, 5942007.299999999813735 ], [ 44617.19999999999709, 5942007.375 ], [ 44617.275000000001455, 5942007.375 ], [ 44617.275000000001455, 5942007.450000000186265 ], [ 44617.349999999998545, 5942007.450000000186265 ], [ 44617.349999999998545, 5942007.525000000372529 ], [ 44617.42500000000291, 5942007.525000000372529 ], [ 44617.42500000000291, 5942007.674999999813735 ], [ 44617.5, 5942007.674999999813735 ], [ 44617.5, 5942007.75 ], [ 44617.57499999999709, 5942007.75 ], [ 44617.57499999999709, 5942007.825000000186265 ], [ 44617.724999999998545, 5942007.825000000186265 ], [ 44617.724999999998545, 5942007.900000000372529 ], [ 44617.80000000000291, 5942007.900000000372529 ], [ 44617.80000000000291, 5942007.974999999627471 ], [ 44617.94999999999709, 5942007.974999999627471 ], [ 44617.94999999999709, 5942008.049999999813735 ], [ 44618.025000000001455, 5942008.049999999813735 ], [ 44618.025000000001455, 5942008.125 ], [ 44618.099999999998545, 5942008.125 ], [ 44618.099999999998545, 5942008.200000000186265 ], [ 44618.17500000000291, 5942008.200000000186265 ], [ 44618.17500000000291, 5942008.275000000372529 ], [ 44618.25, 5942008.275000000372529 ], [ 44618.25, 5942008.349999999627471 ], [ 44618.32499999999709, 5942008.349999999627471 ], [ 44618.32499999999709, 5942008.424999999813735 ], [ 44618.400000000001455, 5942008.424999999813735 ], [ 44618.400000000001455, 5942008.5 ], [ 44618.474999999998545, 5942008.5 ], [ 44618.474999999998545, 5942008.575000000186265 ], [ 44618.55000000000291, 5942008.575000000186265 ], [ 44618.55000000000291, 5942008.650000000372529 ], [ 44618.625, 5942008.650000000372529 ], [ 44618.625, 5942008.799999999813735 ], [ 44618.69999999999709, 5942008.799999999813735 ], [ 44618.69999999999709, 5942008.875 ], [ 44618.775000000001455, 5942008.875 ], [ 44618.775000000001455, 5942009.025000000372529 ], [ 44618.849999999998545, 5942009.025000000372529 ], [ 44618.849999999998545, 5942009.099999999627471 ], [ 44618.92500000000291, 5942009.099999999627471 ], [ 44618.92500000000291, 5942009.25 ], [ 44619.0, 5942009.25 ], [ 44619.0, 5942009.400000000372529 ], [ 44619.07499999999709, 5942009.400000000372529 ], [ 44619.07499999999709, 5942009.549999999813735 ], [ 44619.150000000001455, 5942009.549999999813735 ], [ 44619.150000000001455, 5942009.700000000186265 ], [ 44619.224999999998545, 5942009.700000000186265 ], [ 44619.224999999998545, 5942009.849999999627471 ], [ 44619.30000000000291, 5942009.849999999627471 ], [ 44619.30000000000291, 5942010.0 ], [ 44619.375, 5942010.0 ], [ 44619.375, 5942010.150000000372529 ], [ 44619.44999999999709, 5942010.150000000372529 ], [ 44619.44999999999709, 5942010.224999999627471 ], [ 44619.525000000001455, 5942010.224999999627471 ], [ 44619.525000000001455, 5942010.375 ], [ 44619.599999999998545, 5942010.375 ], [ 44619.599999999998545, 5942010.450000000186265 ], [ 44619.67500000000291, 5942010.450000000186265 ], [ 44619.67500000000291, 5942010.599999999627471 ], [ 44619.75, 5942010.599999999627471 ], [ 44619.75, 5942010.75 ], [ 44619.82499999999709, 5942010.75 ], [ 44619.82499999999709, 5942010.974999999627471 ], [ 44619.900000000001455, 5942010.974999999627471 ], [ 44619.900000000001455, 5942011.200000000186265 ], [ 44619.974999999998545, 5942011.200000000186265 ], [ 44619.974999999998545, 5942011.424999999813735 ], [ 44620.05000000000291, 5942011.424999999813735 ], [ 44620.05000000000291, 5942011.650000000372529 ], [ 44620.125, 5942011.650000000372529 ], [ 44620.125, 5942011.875 ], [ 44620.19999999999709, 5942011.875 ], [ 44620.19999999999709, 5942012.174999999813735 ], [ 44620.275000000001455, 5942012.174999999813735 ], [ 44620.275000000001455, 5942012.400000000372529 ], [ 44620.349999999998545, 5942012.400000000372529 ], [ 44620.349999999998545, 5942012.700000000186265 ], [ 44620.42500000000291, 5942012.700000000186265 ], [ 44620.42500000000291, 5942013.0 ], [ 44620.5, 5942013.0 ], [ 44620.5, 5942013.299999999813735 ], [ 44620.57499999999709, 5942013.299999999813735 ], [ 44620.57499999999709, 5942013.599999999627471 ], [ 44620.650000000001455, 5942013.599999999627471 ], [ 44620.650000000001455, 5942013.75 ], [ 44620.724999999998545, 5942013.75 ], [ 44620.724999999998545, 5942013.900000000372529 ], [ 44620.80000000000291, 5942013.900000000372529 ], [ 44620.80000000000291, 5942014.049999999813735 ], [ 44620.875, 5942014.049999999813735 ], [ 44620.875, 5942014.125 ], [ 44620.94999999999709, 5942014.125 ], [ 44620.94999999999709, 5942014.275000000372529 ], [ 44621.025000000001455, 5942014.275000000372529 ], [ 44621.025000000001455, 5942014.349999999627471 ], [ 44621.099999999998545, 5942014.349999999627471 ], [ 44621.099999999998545, 5942014.424999999813735 ], [ 44621.17500000000291, 5942014.424999999813735 ], [ 44621.17500000000291, 5942014.5 ], [ 44621.25, 5942014.5 ], [ 44621.25, 5942014.650000000372529 ], [ 44621.32499999999709, 5942014.650000000372529 ], [ 44621.32499999999709, 5942014.724999999627471 ], [ 44621.400000000001455, 5942014.724999999627471 ], [ 44621.400000000001455, 5942014.799999999813735 ], [ 44621.55000000000291, 5942014.799999999813735 ], [ 44621.55000000000291, 5942014.950000000186265 ], [ 44621.625, 5942014.950000000186265 ], [ 44621.625, 5942015.025000000372529 ], [ 44621.69999999999709, 5942015.025000000372529 ], [ 44621.69999999999709, 5942015.099999999627471 ], [ 44621.775000000001455, 5942015.099999999627471 ], [ 44621.775000000001455, 5942015.174999999813735 ], [ 44621.849999999998545, 5942015.174999999813735 ], [ 44621.849999999998545, 5942015.325000000186265 ], [ 44621.92500000000291, 5942015.325000000186265 ], [ 44621.92500000000291, 5942015.400000000372529 ], [ 44622.0, 5942015.400000000372529 ], [ 44622.0, 5942015.549999999813735 ], [ 44622.07499999999709, 5942015.549999999813735 ], [ 44622.07499999999709, 5942015.775000000372529 ], [ 44622.150000000001455, 5942015.775000000372529 ], [ 44622.150000000001455, 5942016.0 ], [ 44622.224999999998545, 5942016.0 ], [ 44622.224999999998545, 5942016.299999999813735 ], [ 44622.30000000000291, 5942016.299999999813735 ], [ 44622.30000000000291, 5942016.525000000372529 ], [ 44622.375, 5942016.525000000372529 ], [ 44622.375, 5942016.825000000186265 ], [ 44622.44999999999709, 5942016.825000000186265 ], [ 44622.44999999999709, 5942017.125 ], [ 44622.525000000001455, 5942017.125 ], [ 44622.525000000001455, 5942017.424999999813735 ], [ 44622.599999999998545, 5942017.424999999813735 ], [ 44622.599999999998545, 5942017.650000000372529 ], [ 44622.67500000000291, 5942017.650000000372529 ], [ 44622.67500000000291, 5942017.875 ], [ 44622.75, 5942017.875 ], [ 44622.75, 5942018.025000000372529 ], [ 44622.82499999999709, 5942018.025000000372529 ], [ 44622.82499999999709, 5942018.174999999813735 ], [ 44622.900000000001455, 5942018.174999999813735 ], [ 44622.900000000001455, 5942018.400000000372529 ], [ 44622.974999999998545, 5942018.400000000372529 ], [ 44622.974999999998545, 5942018.474999999627471 ], [ 44623.05000000000291, 5942018.474999999627471 ], [ 44623.05000000000291, 5942018.625 ], [ 44623.125, 5942018.625 ], [ 44623.125, 5942018.775000000372529 ], [ 44623.19999999999709, 5942018.775000000372529 ], [ 44623.19999999999709, 5942018.849999999627471 ], [ 44623.275000000001455, 5942018.849999999627471 ], [ 44623.275000000001455, 5942019.0 ], [ 44623.349999999998545, 5942019.0 ], [ 44623.349999999998545, 5942019.075000000186265 ], [ 44623.42500000000291, 5942019.075000000186265 ], [ 44623.42500000000291, 5942019.150000000372529 ], [ 44623.5, 5942019.150000000372529 ], [ 44623.5, 5942019.299999999813735 ], [ 44623.57499999999709, 5942019.299999999813735 ], [ 44623.57499999999709, 5942019.375 ], [ 44623.650000000001455, 5942019.375 ], [ 44623.650000000001455, 5942019.525000000372529 ], [ 44623.724999999998545, 5942019.525000000372529 ], [ 44623.724999999998545, 5942019.599999999627471 ], [ 44623.80000000000291, 5942019.599999999627471 ], [ 44623.80000000000291, 5942019.674999999813735 ], [ 44623.875, 5942019.674999999813735 ], [ 44623.875, 5942019.825000000186265 ], [ 44623.94999999999709, 5942019.825000000186265 ], [ 44623.94999999999709, 5942019.900000000372529 ], [ 44624.025000000001455, 5942019.900000000372529 ], [ 44624.025000000001455, 5942019.974999999627471 ], [ 44624.099999999998545, 5942019.974999999627471 ], [ 44624.099999999998545, 5942020.125 ], [ 44624.17500000000291, 5942020.125 ], [ 44624.17500000000291, 5942020.200000000186265 ], [ 44624.25, 5942020.200000000186265 ], [ 44624.25, 5942020.275000000372529 ], [ 44624.32499999999709, 5942020.275000000372529 ], [ 44624.32499999999709, 5942020.349999999627471 ], [ 44624.400000000001455, 5942020.349999999627471 ], [ 44624.400000000001455, 5942020.424999999813735 ], [ 44624.474999999998545, 5942020.424999999813735 ], [ 44624.474999999998545, 5942020.575000000186265 ], [ 44624.55000000000291, 5942020.575000000186265 ], [ 44624.55000000000291, 5942020.650000000372529 ], [ 44624.625, 5942020.650000000372529 ], [ 44624.625, 5942020.724999999627471 ], [ 44624.69999999999709, 5942020.724999999627471 ], [ 44624.69999999999709, 5942020.799999999813735 ], [ 44624.775000000001455, 5942020.799999999813735 ], [ 44624.775000000001455, 5942020.875 ], [ 44624.849999999998545, 5942020.875 ], [ 44624.849999999998545, 5942020.950000000186265 ], [ 44624.92500000000291, 5942020.950000000186265 ], [ 44624.92500000000291, 5942021.025000000372529 ], [ 44625.0, 5942021.025000000372529 ], [ 44625.0, 5942021.099999999627471 ], [ 44625.07499999999709, 5942021.099999999627471 ], [ 44625.07499999999709, 5942021.174999999813735 ], [ 44625.150000000001455, 5942021.174999999813735 ], [ 44625.150000000001455, 5942021.25 ], [ 44625.224999999998545, 5942021.25 ], [ 44625.224999999998545, 5942021.325000000186265 ], [ 44625.30000000000291, 5942021.325000000186265 ], [ 44625.30000000000291, 5942021.400000000372529 ], [ 44625.375, 5942021.400000000372529 ], [ 44625.375, 5942021.474999999627471 ], [ 44625.525000000001455, 5942021.474999999627471 ], [ 44625.525000000001455, 5942021.549999999813735 ], [ 44625.599999999998545, 5942021.549999999813735 ], [ 44625.599999999998545, 5942021.625 ], [ 44625.67500000000291, 5942021.625 ], [ 44625.67500000000291, 5942021.700000000186265 ], [ 44625.82499999999709, 5942021.700000000186265 ], [ 44625.82499999999709, 5942021.775000000372529 ], [ 44625.974999999998545, 5942021.775000000372529 ], [ 44625.974999999998545, 5942021.849999999627471 ], [ 44626.05000000000291, 5942021.849999999627471 ], [ 44626.05000000000291, 5942021.924999999813735 ], [ 44626.19999999999709, 5942021.924999999813735 ], [ 44626.19999999999709, 5942022.0 ], [ 44626.349999999998545, 5942022.0 ], [ 44626.349999999998545, 5942022.075000000186265 ], [ 44626.5, 5942022.075000000186265 ], [ 44626.5, 5942022.150000000372529 ], [ 44626.724999999998545, 5942022.150000000372529 ], [ 44626.724999999998545, 5942022.224999999627471 ], [ 44626.875, 5942022.224999999627471 ], [ 44626.875, 5942022.299999999813735 ], [ 44627.099999999998545, 5942022.299999999813735 ], [ 44627.099999999998545, 5942022.375 ], [ 44627.32499999999709, 5942022.375 ], [ 44627.32499999999709, 5942022.450000000186265 ], [ 44627.474999999998545, 5942022.450000000186265 ], [ 44627.474999999998545, 5942022.525000000372529 ], [ 44627.69999999999709, 5942022.525000000372529 ], [ 44627.69999999999709, 5942022.599999999627471 ], [ 44627.775000000001455, 5942022.599999999627471 ], [ 44627.775000000001455, 5942022.674999999813735 ], [ 44627.92500000000291, 5942022.674999999813735 ], [ 44627.92500000000291, 5942022.75 ], [ 44628.07499999999709, 5942022.75 ], [ 44628.07499999999709, 5942022.825000000186265 ], [ 44628.150000000001455, 5942022.825000000186265 ], [ 44628.150000000001455, 5942022.900000000372529 ], [ 44628.30000000000291, 5942022.900000000372529 ], [ 44628.30000000000291, 5942022.974999999627471 ], [ 44628.375, 5942022.974999999627471 ], [ 44628.375, 5942023.049999999813735 ], [ 44628.44999999999709, 5942023.049999999813735 ], [ 44628.44999999999709, 5942023.125 ], [ 44628.525000000001455, 5942023.125 ], [ 44628.525000000001455, 5942023.200000000186265 ], [ 44628.599999999998545, 5942023.200000000186265 ], [ 44628.599999999998545, 5942023.275000000372529 ], [ 44628.67500000000291, 5942023.275000000372529 ], [ 44628.67500000000291, 5942023.349999999627471 ], [ 44628.75, 5942023.349999999627471 ], [ 44628.75, 5942023.424999999813735 ], [ 44628.82499999999709, 5942023.424999999813735 ], [ 44628.82499999999709, 5942023.5 ], [ 44628.900000000001455, 5942023.5 ], [ 44628.900000000001455, 5942023.575000000186265 ], [ 44628.974999999998545, 5942023.575000000186265 ], [ 44628.974999999998545, 5942023.650000000372529 ], [ 44629.125, 5942023.650000000372529 ], [ 44629.125, 5942023.724999999627471 ], [ 44629.19999999999709, 5942023.724999999627471 ], [ 44629.19999999999709, 5942023.799999999813735 ], [ 44629.275000000001455, 5942023.799999999813735 ], [ 44629.275000000001455, 5942023.875 ], [ 44629.5, 5942023.875 ], [ 44629.5, 5942023.950000000186265 ], [ 44629.650000000001455, 5942023.950000000186265 ], [ 44629.650000000001455, 5942024.025000000372529 ], [ 44629.80000000000291, 5942024.025000000372529 ], [ 44629.80000000000291, 5942024.099999999627471 ], [ 44629.94999999999709, 5942024.099999999627471 ], [ 44629.94999999999709, 5942024.174999999813735 ], [ 44630.099999999998545, 5942024.174999999813735 ], [ 44630.099999999998545, 5942024.25 ], [ 44630.25, 5942024.25 ], [ 44630.25, 5942024.325000000186265 ], [ 44630.400000000001455, 5942024.325000000186265 ], [ 44630.400000000001455, 5942024.400000000372529 ], [ 44630.55000000000291, 5942024.400000000372529 ], [ 44630.55000000000291, 5942024.474999999627471 ], [ 44630.625, 5942024.474999999627471 ], [ 44630.625, 5942024.549999999813735 ], [ 44630.775000000001455, 5942024.549999999813735 ], [ 44630.775000000001455, 5942024.625 ], [ 44630.92500000000291, 5942024.625 ], [ 44630.92500000000291, 5942024.700000000186265 ], [ 44631.07499999999709, 5942024.700000000186265 ], [ 44631.07499999999709, 5942024.775000000372529 ], [ 44631.224999999998545, 5942024.775000000372529 ], [ 44631.224999999998545, 5942024.849999999627471 ], [ 44631.375, 5942024.849999999627471 ], [ 44631.375, 5942024.924999999813735 ], [ 44631.525000000001455, 5942024.924999999813735 ], [ 44631.525000000001455, 5942025.0 ], [ 44631.599999999998545, 5942025.0 ], [ 44631.599999999998545, 5942025.075000000186265 ], [ 44631.75, 5942025.075000000186265 ], [ 44631.75, 5942025.150000000372529 ], [ 44631.900000000001455, 5942025.150000000372529 ], [ 44631.900000000001455, 5942025.224999999627471 ], [ 44631.974999999998545, 5942025.224999999627471 ], [ 44631.974999999998545, 5942025.299999999813735 ], [ 44632.05000000000291, 5942025.299999999813735 ], [ 44632.05000000000291, 5942025.375 ], [ 44632.19999999999709, 5942025.375 ], [ 44632.19999999999709, 5942025.450000000186265 ], [ 44632.275000000001455, 5942025.450000000186265 ], [ 44632.275000000001455, 5942025.525000000372529 ], [ 44632.42500000000291, 5942025.525000000372529 ], [ 44632.42500000000291, 5942025.599999999627471 ], [ 44632.5, 5942025.599999999627471 ], [ 44632.5, 5942025.674999999813735 ], [ 44632.650000000001455, 5942025.674999999813735 ], [ 44632.650000000001455, 5942025.75 ], [ 44632.80000000000291, 5942025.75 ], [ 44632.80000000000291, 5942025.825000000186265 ], [ 44632.94999999999709, 5942025.825000000186265 ], [ 44632.94999999999709, 5942025.900000000372529 ], [ 44633.099999999998545, 5942025.900000000372529 ], [ 44633.099999999998545, 5942025.974999999627471 ], [ 44634.150000000001455, 5942025.974999999627471 ], [ 44634.150000000001455, 5942025.900000000372529 ], [ 44635.724999999998545, 5942025.900000000372529 ], [ 44635.724999999998545, 5942025.974999999627471 ], [ 44636.25, 5942025.974999999627471 ], [ 44636.25, 5942026.049999999813735 ], [ 44636.400000000001455, 5942026.049999999813735 ], [ 44636.400000000001455, 5942026.125 ], [ 44636.474999999998545, 5942026.125 ], [ 44636.474999999998545, 5942026.200000000186265 ], [ 44636.55000000000291, 5942026.200000000186265 ], [ 44636.55000000000291, 5942026.275000000372529 ], [ 44636.625, 5942026.275000000372529 ], [ 44636.625, 5942026.349999999627471 ], [ 44636.69999999999709, 5942026.349999999627471 ], [ 44636.69999999999709, 5942026.424999999813735 ], [ 44636.775000000001455, 5942026.424999999813735 ], [ 44636.775000000001455, 5942026.575000000186265 ], [ 44636.849999999998545, 5942026.575000000186265 ], [ 44636.849999999998545, 5942026.650000000372529 ], [ 44636.92500000000291, 5942026.650000000372529 ], [ 44636.92500000000291, 5942026.724999999627471 ], [ 44637.0, 5942026.724999999627471 ], [ 44637.0, 5942026.875 ], [ 44637.07499999999709, 5942026.875 ], [ 44637.07499999999709, 5942026.950000000186265 ], [ 44637.150000000001455, 5942026.950000000186265 ], [ 44637.150000000001455, 5942027.099999999627471 ], [ 44637.224999999998545, 5942027.099999999627471 ], [ 44637.224999999998545, 5942027.174999999813735 ], [ 44637.30000000000291, 5942027.174999999813735 ], [ 44637.30000000000291, 5942027.25 ], [ 44637.375, 5942027.25 ], [ 44637.375, 5942027.325000000186265 ], [ 44637.44999999999709, 5942027.325000000186265 ], [ 44637.44999999999709, 5942027.400000000372529 ], [ 44637.525000000001455, 5942027.400000000372529 ], [ 44637.525000000001455, 5942027.474999999627471 ], [ 44637.599999999998545, 5942027.474999999627471 ], [ 44637.599999999998545, 5942027.549999999813735 ], [ 44637.67500000000291, 5942027.549999999813735 ], [ 44637.67500000000291, 5942027.625 ], [ 44637.82499999999709, 5942027.625 ], [ 44637.82499999999709, 5942027.700000000186265 ], [ 44637.900000000001455, 5942027.700000000186265 ], [ 44637.900000000001455, 5942027.775000000372529 ], [ 44637.974999999998545, 5942027.775000000372529 ], [ 44637.974999999998545, 5942027.849999999627471 ], [ 44638.05000000000291, 5942027.849999999627471 ], [ 44638.05000000000291, 5942027.924999999813735 ], [ 44638.125, 5942027.924999999813735 ], [ 44638.125, 5942028.0 ], [ 44638.19999999999709, 5942028.0 ], [ 44638.19999999999709, 5942028.075000000186265 ], [ 44638.275000000001455, 5942028.075000000186265 ], [ 44638.275000000001455, 5942028.150000000372529 ], [ 44638.349999999998545, 5942028.150000000372529 ], [ 44638.349999999998545, 5942028.224999999627471 ], [ 44638.42500000000291, 5942028.224999999627471 ], [ 44638.42500000000291, 5942028.299999999813735 ], [ 44638.5, 5942028.299999999813735 ], [ 44638.5, 5942028.375 ], [ 44638.57499999999709, 5942028.375 ], [ 44638.57499999999709, 5942028.450000000186265 ], [ 44638.650000000001455, 5942028.450000000186265 ], [ 44638.650000000001455, 5942028.599999999627471 ], [ 44638.724999999998545, 5942028.599999999627471 ], [ 44638.724999999998545, 5942028.674999999813735 ], [ 44638.80000000000291, 5942028.674999999813735 ], [ 44638.80000000000291, 5942028.75 ], [ 44638.875, 5942028.75 ], [ 44638.875, 5942028.825000000186265 ], [ 44638.94999999999709, 5942028.825000000186265 ], [ 44638.94999999999709, 5942028.900000000372529 ], [ 44639.025000000001455, 5942028.900000000372529 ], [ 44639.025000000001455, 5942029.049999999813735 ], [ 44639.099999999998545, 5942029.049999999813735 ], [ 44639.099999999998545, 5942029.125 ], [ 44639.25, 5942029.125 ], [ 44639.25, 5942029.200000000186265 ], [ 44639.32499999999709, 5942029.200000000186265 ], [ 44639.32499999999709, 5942029.275000000372529 ], [ 44639.474999999998545, 5942029.275000000372529 ], [ 44639.474999999998545, 5942029.349999999627471 ], [ 44639.55000000000291, 5942029.349999999627471 ], [ 44639.55000000000291, 5942029.424999999813735 ], [ 44639.69999999999709, 5942029.424999999813735 ], [ 44639.69999999999709, 5942029.5 ], [ 44639.775000000001455, 5942029.5 ], [ 44639.775000000001455, 5942029.575000000186265 ], [ 44639.92500000000291, 5942029.575000000186265 ], [ 44639.92500000000291, 5942029.650000000372529 ], [ 44640.0, 5942029.650000000372529 ], [ 44640.0, 5942029.724999999627471 ], [ 44640.07499999999709, 5942029.724999999627471 ], [ 44640.07499999999709, 5942029.799999999813735 ], [ 44640.224999999998545, 5942029.799999999813735 ], [ 44640.224999999998545, 5942029.875 ], [ 44640.30000000000291, 5942029.875 ], [ 44640.30000000000291, 5942029.950000000186265 ], [ 44640.44999999999709, 5942029.950000000186265 ], [ 44640.44999999999709, 5942030.025000000372529 ], [ 44640.525000000001455, 5942030.025000000372529 ], [ 44640.525000000001455, 5942030.099999999627471 ], [ 44640.599999999998545, 5942030.099999999627471 ], [ 44640.599999999998545, 5942030.174999999813735 ], [ 44640.75, 5942030.174999999813735 ], [ 44640.75, 5942030.25 ], [ 44640.82499999999709, 5942030.25 ], [ 44640.82499999999709, 5942030.325000000186265 ], [ 44640.900000000001455, 5942030.325000000186265 ], [ 44640.900000000001455, 5942030.400000000372529 ], [ 44640.974999999998545, 5942030.400000000372529 ], [ 44640.974999999998545, 5942030.474999999627471 ], [ 44641.125, 5942030.474999999627471 ], [ 44641.125, 5942030.549999999813735 ], [ 44641.19999999999709, 5942030.549999999813735 ], [ 44641.19999999999709, 5942030.625 ], [ 44641.349999999998545, 5942030.625 ], [ 44641.349999999998545, 5942030.700000000186265 ], [ 44641.42500000000291, 5942030.700000000186265 ], [ 44641.42500000000291, 5942030.775000000372529 ], [ 44641.5, 5942030.775000000372529 ], [ 44641.5, 5942030.849999999627471 ], [ 44641.57499999999709, 5942030.849999999627471 ], [ 44641.57499999999709, 5942030.924999999813735 ], [ 44641.650000000001455, 5942030.924999999813735 ], [ 44641.650000000001455, 5942031.0 ], [ 44641.724999999998545, 5942031.0 ], [ 44641.724999999998545, 5942031.075000000186265 ], [ 44641.80000000000291, 5942031.075000000186265 ], [ 44641.80000000000291, 5942031.150000000372529 ], [ 44641.875, 5942031.150000000372529 ], [ 44641.875, 5942031.224999999627471 ], [ 44641.94999999999709, 5942031.224999999627471 ], [ 44641.94999999999709, 5942031.299999999813735 ], [ 44642.025000000001455, 5942031.299999999813735 ], [ 44642.025000000001455, 5942031.375 ], [ 44642.099999999998545, 5942031.375 ], [ 44642.099999999998545, 5942031.450000000186265 ], [ 44642.17500000000291, 5942031.450000000186265 ], [ 44642.17500000000291, 5942031.525000000372529 ], [ 44642.25, 5942031.525000000372529 ], [ 44642.25, 5942031.599999999627471 ], [ 44642.32499999999709, 5942031.599999999627471 ], [ 44642.32499999999709, 5942031.674999999813735 ], [ 44642.400000000001455, 5942031.674999999813735 ], [ 44642.400000000001455, 5942031.75 ], [ 44642.474999999998545, 5942031.75 ], [ 44642.474999999998545, 5942031.825000000186265 ], [ 44642.55000000000291, 5942031.825000000186265 ], [ 44642.55000000000291, 5942031.900000000372529 ], [ 44642.625, 5942031.900000000372529 ], [ 44642.625, 5942031.974999999627471 ], [ 44642.69999999999709, 5942031.974999999627471 ], [ 44642.69999999999709, 5942032.049999999813735 ], [ 44642.775000000001455, 5942032.049999999813735 ], [ 44642.775000000001455, 5942032.125 ], [ 44642.849999999998545, 5942032.125 ], [ 44642.849999999998545, 5942032.200000000186265 ], [ 44642.92500000000291, 5942032.200000000186265 ], [ 44642.92500000000291, 5942032.275000000372529 ], [ 44643.0, 5942032.275000000372529 ], [ 44643.0, 5942032.349999999627471 ], [ 44643.07499999999709, 5942032.349999999627471 ], [ 44643.07499999999709, 5942032.424999999813735 ], [ 44643.150000000001455, 5942032.424999999813735 ], [ 44643.150000000001455, 5942032.5 ], [ 44643.224999999998545, 5942032.5 ], [ 44643.224999999998545, 5942032.575000000186265 ], [ 44643.30000000000291, 5942032.575000000186265 ], [ 44643.30000000000291, 5942032.650000000372529 ], [ 44643.375, 5942032.650000000372529 ], [ 44643.375, 5942032.724999999627471 ], [ 44643.44999999999709, 5942032.724999999627471 ], [ 44643.44999999999709, 5942032.875 ], [ 44643.525000000001455, 5942032.875 ], [ 44643.525000000001455, 5942033.025000000372529 ], [ 44643.599999999998545, 5942033.025000000372529 ], [ 44643.599999999998545, 5942033.099999999627471 ], [ 44643.67500000000291, 5942033.099999999627471 ], [ 44643.67500000000291, 5942033.25 ], [ 44643.75, 5942033.25 ], [ 44643.75, 5942033.400000000372529 ], [ 44643.82499999999709, 5942033.400000000372529 ], [ 44643.82499999999709, 5942033.549999999813735 ], [ 44643.900000000001455, 5942033.549999999813735 ], [ 44643.900000000001455, 5942033.775000000372529 ], [ 44643.974999999998545, 5942033.775000000372529 ], [ 44643.974999999998545, 5942033.924999999813735 ], [ 44644.05000000000291, 5942033.924999999813735 ], [ 44644.05000000000291, 5942034.075000000186265 ], [ 44644.125, 5942034.075000000186265 ], [ 44644.125, 5942034.299999999813735 ], [ 44644.19999999999709, 5942034.299999999813735 ], [ 44644.19999999999709, 5942034.525000000372529 ], [ 44644.275000000001455, 5942034.525000000372529 ], [ 44644.275000000001455, 5942034.674999999813735 ], [ 44644.349999999998545, 5942034.674999999813735 ], [ 44644.349999999998545, 5942034.900000000372529 ], [ 44644.42500000000291, 5942034.900000000372529 ], [ 44644.42500000000291, 5942035.125 ], [ 44644.5, 5942035.125 ], [ 44644.5, 5942035.349999999627471 ], [ 44644.57499999999709, 5942035.349999999627471 ], [ 44644.57499999999709, 5942035.575000000186265 ], [ 44644.650000000001455, 5942035.575000000186265 ], [ 44644.650000000001455, 5942035.799999999813735 ], [ 44644.724999999998545, 5942035.799999999813735 ], [ 44644.724999999998545, 5942035.950000000186265 ], [ 44644.80000000000291, 5942035.950000000186265 ], [ 44644.80000000000291, 5942036.174999999813735 ], [ 44644.875, 5942036.174999999813735 ], [ 44644.875, 5942036.325000000186265 ], [ 44644.94999999999709, 5942036.325000000186265 ], [ 44644.94999999999709, 5942036.474999999627471 ], [ 44645.025000000001455, 5942036.474999999627471 ], [ 44645.025000000001455, 5942036.625 ], [ 44645.099999999998545, 5942036.625 ], [ 44645.099999999998545, 5942036.849999999627471 ], [ 44645.17500000000291, 5942036.849999999627471 ], [ 44645.17500000000291, 5942037.075000000186265 ], [ 44645.25, 5942037.075000000186265 ], [ 44645.25, 5942037.299999999813735 ], [ 44645.32499999999709, 5942037.299999999813735 ], [ 44645.32499999999709, 5942037.599999999627471 ], [ 44645.400000000001455, 5942037.599999999627471 ], [ 44645.400000000001455, 5942037.900000000372529 ], [ 44645.474999999998545, 5942037.900000000372529 ], [ 44645.474999999998545, 5942038.275000000372529 ], [ 44645.55000000000291, 5942038.275000000372529 ], [ 44645.55000000000291, 5942038.650000000372529 ], [ 44645.625, 5942038.650000000372529 ], [ 44645.625, 5942039.025000000372529 ], [ 44645.69999999999709, 5942039.025000000372529 ], [ 44645.69999999999709, 5942039.549999999813735 ], [ 44645.775000000001455, 5942039.549999999813735 ], [ 44645.775000000001455, 5942040.0 ], [ 44645.849999999998545, 5942040.0 ], [ 44645.849999999998545, 5942040.599999999627471 ], [ 44645.92500000000291, 5942040.599999999627471 ], [ 44645.92500000000291, 5942041.125 ], [ 44646.0, 5942041.125 ], [ 44646.0, 5942041.724999999627471 ], [ 44646.07499999999709, 5942041.724999999627471 ], [ 44646.07499999999709, 5942042.25 ], [ 44646.150000000001455, 5942042.25 ], [ 44646.150000000001455, 5942042.775000000372529 ], [ 44646.224999999998545, 5942042.775000000372529 ], [ 44646.224999999998545, 5942045.400000000372529 ], [ 44646.150000000001455, 5942045.400000000372529 ], [ 44646.150000000001455, 5942046.0 ], [ 44646.07499999999709, 5942046.0 ], [ 44646.07499999999709, 5942046.599999999627471 ], [ 44646.0, 5942046.599999999627471 ], [ 44646.0, 5942047.125 ], [ 44645.92500000000291, 5942047.125 ], [ 44645.92500000000291, 5942047.650000000372529 ], [ 44645.849999999998545, 5942047.650000000372529 ], [ 44645.849999999998545, 5942048.025000000372529 ], [ 44645.775000000001455, 5942048.025000000372529 ], [ 44645.775000000001455, 5942048.474999999627471 ], [ 44645.69999999999709, 5942048.474999999627471 ], [ 44645.69999999999709, 5942048.775000000372529 ], [ 44645.625, 5942048.775000000372529 ], [ 44645.625, 5942049.075000000186265 ], [ 44645.55000000000291, 5942049.075000000186265 ], [ 44645.55000000000291, 5942049.375 ], [ 44645.474999999998545, 5942049.375 ], [ 44645.474999999998545, 5942049.599999999627471 ], [ 44645.400000000001455, 5942049.599999999627471 ], [ 44645.400000000001455, 5942049.825000000186265 ], [ 44645.32499999999709, 5942049.825000000186265 ], [ 44645.32499999999709, 5942049.974999999627471 ], [ 44645.25, 5942049.974999999627471 ], [ 44645.25, 5942050.200000000186265 ], [ 44645.17500000000291, 5942050.200000000186265 ], [ 44645.17500000000291, 5942050.349999999627471 ], [ 44645.099999999998545, 5942050.349999999627471 ], [ 44645.099999999998545, 5942050.5 ], [ 44645.025000000001455, 5942050.5 ], [ 44645.025000000001455, 5942050.650000000372529 ], [ 44644.94999999999709, 5942050.650000000372529 ], [ 44644.94999999999709, 5942050.724999999627471 ], [ 44644.875, 5942050.724999999627471 ], [ 44644.875, 5942050.799999999813735 ], [ 44644.80000000000291, 5942050.799999999813735 ], [ 44644.80000000000291, 5942050.875 ], [ 44644.724999999998545, 5942050.875 ], [ 44644.724999999998545, 5942050.950000000186265 ], [ 44644.650000000001455, 5942050.950000000186265 ], [ 44644.650000000001455, 5942051.025000000372529 ], [ 44644.5, 5942051.025000000372529 ], [ 44644.5, 5942051.099999999627471 ], [ 44644.42500000000291, 5942051.099999999627471 ], [ 44644.42500000000291, 5942051.174999999813735 ], [ 44644.349999999998545, 5942051.174999999813735 ], [ 44644.349999999998545, 5942051.25 ], [ 44644.275000000001455, 5942051.25 ], [ 44644.275000000001455, 5942051.325000000186265 ], [ 44644.125, 5942051.325000000186265 ], [ 44644.125, 5942051.400000000372529 ], [ 44644.05000000000291, 5942051.400000000372529 ], [ 44644.05000000000291, 5942051.474999999627471 ], [ 44643.900000000001455, 5942051.474999999627471 ], [ 44643.900000000001455, 5942051.549999999813735 ], [ 44643.82499999999709, 5942051.549999999813735 ], [ 44643.82499999999709, 5942051.625 ], [ 44643.67500000000291, 5942051.625 ], [ 44643.67500000000291, 5942051.700000000186265 ], [ 44643.599999999998545, 5942051.700000000186265 ], [ 44643.599999999998545, 5942051.775000000372529 ], [ 44643.44999999999709, 5942051.775000000372529 ], [ 44643.44999999999709, 5942051.849999999627471 ], [ 44643.30000000000291, 5942051.849999999627471 ], [ 44643.30000000000291, 5942051.924999999813735 ], [ 44643.224999999998545, 5942051.924999999813735 ], [ 44643.224999999998545, 5942052.0 ], [ 44643.07499999999709, 5942052.0 ], [ 44643.07499999999709, 5942052.075000000186265 ], [ 44642.92500000000291, 5942052.075000000186265 ], [ 44642.92500000000291, 5942052.150000000372529 ], [ 44642.849999999998545, 5942052.150000000372529 ], [ 44642.849999999998545, 5942052.224999999627471 ], [ 44642.69999999999709, 5942052.224999999627471 ], [ 44642.69999999999709, 5942052.299999999813735 ], [ 44642.625, 5942052.299999999813735 ], [ 44642.625, 5942052.375 ], [ 44642.474999999998545, 5942052.375 ], [ 44642.474999999998545, 5942052.450000000186265 ], [ 44642.400000000001455, 5942052.450000000186265 ], [ 44642.400000000001455, 5942052.525000000372529 ], [ 44642.32499999999709, 5942052.525000000372529 ], [ 44642.32499999999709, 5942052.599999999627471 ], [ 44642.25, 5942052.599999999627471 ], [ 44642.25, 5942052.674999999813735 ], [ 44642.17500000000291, 5942052.674999999813735 ], [ 44642.17500000000291, 5942052.75 ], [ 44642.025000000001455, 5942052.75 ], [ 44642.025000000001455, 5942052.825000000186265 ], [ 44641.94999999999709, 5942052.825000000186265 ], [ 44641.94999999999709, 5942052.900000000372529 ], [ 44641.80000000000291, 5942052.900000000372529 ], [ 44641.80000000000291, 5942052.974999999627471 ], [ 44641.650000000001455, 5942052.974999999627471 ], [ 44641.650000000001455, 5942053.049999999813735 ], [ 44641.57499999999709, 5942053.049999999813735 ], [ 44641.57499999999709, 5942053.125 ], [ 44641.42500000000291, 5942053.125 ], [ 44641.42500000000291, 5942053.200000000186265 ], [ 44641.19999999999709, 5942053.200000000186265 ], [ 44641.19999999999709, 5942053.275000000372529 ], [ 44641.05000000000291, 5942053.275000000372529 ], [ 44641.05000000000291, 5942053.349999999627471 ], [ 44640.82499999999709, 5942053.349999999627471 ], [ 44640.82499999999709, 5942053.424999999813735 ], [ 44640.599999999998545, 5942053.424999999813735 ], [ 44640.599999999998545, 5942053.5 ], [ 44640.375, 5942053.5 ], [ 44640.375, 5942053.575000000186265 ], [ 44640.07499999999709, 5942053.575000000186265 ], [ 44640.07499999999709, 5942053.650000000372529 ], [ 44639.849999999998545, 5942053.650000000372529 ], [ 44639.849999999998545, 5942053.724999999627471 ], [ 44639.625, 5942053.724999999627471 ], [ 44639.625, 5942053.799999999813735 ], [ 44639.400000000001455, 5942053.799999999813735 ], [ 44639.400000000001455, 5942053.875 ], [ 44639.17500000000291, 5942053.875 ], [ 44639.17500000000291, 5942053.950000000186265 ], [ 44638.94999999999709, 5942053.950000000186265 ], [ 44638.94999999999709, 5942054.025000000372529 ], [ 44638.875, 5942054.025000000372529 ], [ 44638.875, 5942054.099999999627471 ], [ 44638.724999999998545, 5942054.099999999627471 ], [ 44638.724999999998545, 5942054.174999999813735 ], [ 44638.57499999999709, 5942054.174999999813735 ], [ 44638.57499999999709, 5942054.25 ], [ 44638.5, 5942054.25 ], [ 44638.5, 5942054.325000000186265 ], [ 44638.349999999998545, 5942054.325000000186265 ], [ 44638.349999999998545, 5942054.400000000372529 ], [ 44638.275000000001455, 5942054.400000000372529 ], [ 44638.275000000001455, 5942054.474999999627471 ], [ 44638.19999999999709, 5942054.474999999627471 ], [ 44638.19999999999709, 5942054.549999999813735 ], [ 44638.125, 5942054.549999999813735 ], [ 44638.125, 5942054.625 ], [ 44637.974999999998545, 5942054.625 ], [ 44637.974999999998545, 5942054.700000000186265 ], [ 44637.900000000001455, 5942054.700000000186265 ], [ 44637.900000000001455, 5942054.775000000372529 ], [ 44637.82499999999709, 5942054.775000000372529 ], [ 44637.82499999999709, 5942054.849999999627471 ], [ 44637.75, 5942054.849999999627471 ], [ 44637.75, 5942054.924999999813735 ], [ 44637.599999999998545, 5942054.924999999813735 ], [ 44637.599999999998545, 5942055.0 ], [ 44637.44999999999709, 5942055.0 ], [ 44637.44999999999709, 5942055.075000000186265 ], [ 44637.375, 5942055.075000000186265 ], [ 44637.375, 5942055.150000000372529 ], [ 44637.224999999998545, 5942055.150000000372529 ], [ 44637.224999999998545, 5942055.224999999627471 ], [ 44637.0, 5942055.224999999627471 ], [ 44637.0, 5942055.299999999813735 ], [ 44636.775000000001455, 5942055.299999999813735 ], [ 44636.775000000001455, 5942055.375 ], [ 44636.55000000000291, 5942055.375 ], [ 44636.55000000000291, 5942055.450000000186265 ], [ 44636.25, 5942055.450000000186265 ], [ 44636.25, 5942055.525000000372529 ], [ 44636.025000000001455, 5942055.525000000372529 ], [ 44636.025000000001455, 5942055.599999999627471 ], [ 44635.724999999998545, 5942055.599999999627471 ], [ 44635.724999999998545, 5942055.674999999813735 ], [ 44635.42500000000291, 5942055.674999999813735 ], [ 44635.42500000000291, 5942055.75 ], [ 44635.125, 5942055.75 ], [ 44635.125, 5942055.825000000186265 ], [ 44634.900000000001455, 5942055.825000000186265 ], [ 44634.900000000001455, 5942055.900000000372529 ], [ 44634.75, 5942055.900000000372529 ], [ 44634.75, 5942055.974999999627471 ], [ 44634.525000000001455, 5942055.974999999627471 ], [ 44634.525000000001455, 5942056.049999999813735 ], [ 44634.375, 5942056.049999999813735 ], [ 44634.375, 5942056.125 ], [ 44634.224999999998545, 5942056.125 ], [ 44634.224999999998545, 5942056.200000000186265 ], [ 44634.07499999999709, 5942056.200000000186265 ], [ 44634.07499999999709, 5942056.275000000372529 ], [ 44633.92500000000291, 5942056.275000000372529 ], [ 44633.92500000000291, 5942056.349999999627471 ], [ 44633.775000000001455, 5942056.349999999627471 ], [ 44633.775000000001455, 5942056.424999999813735 ], [ 44633.625, 5942056.424999999813735 ], [ 44633.625, 5942056.5 ], [ 44633.55000000000291, 5942056.5 ], [ 44633.55000000000291, 5942056.575000000186265 ], [ 44633.400000000001455, 5942056.575000000186265 ], [ 44633.400000000001455, 5942056.650000000372529 ], [ 44633.32499999999709, 5942056.650000000372529 ], [ 44633.32499999999709, 5942056.724999999627471 ], [ 44633.099999999998545, 5942056.724999999627471 ], [ 44633.099999999998545, 5942056.799999999813735 ], [ 44632.80000000000291, 5942056.799999999813735 ], [ 44632.80000000000291, 5942056.875 ], [ 44632.42500000000291, 5942056.875 ], [ 44632.42500000000291, 5942056.950000000186265 ], [ 44632.05000000000291, 5942056.950000000186265 ], [ 44632.05000000000291, 5942057.025000000372529 ], [ 44631.67500000000291, 5942057.025000000372529 ], [ 44631.67500000000291, 5942057.099999999627471 ], [ 44630.474999999998545, 5942057.099999999627471 ], [ 44630.474999999998545, 5942057.025000000372529 ], [ 44629.724999999998545, 5942057.025000000372529 ], [ 44629.724999999998545, 5942056.950000000186265 ], [ 44629.05000000000291, 5942056.950000000186265 ], [ 44629.05000000000291, 5942056.875 ], [ 44628.44999999999709, 5942056.875 ], [ 44628.44999999999709, 5942056.799999999813735 ], [ 44627.92500000000291, 5942056.799999999813735 ], [ 44627.92500000000291, 5942056.724999999627471 ], [ 44627.474999999998545, 5942056.724999999627471 ], [ 44627.474999999998545, 5942056.650000000372529 ], [ 44627.025000000001455, 5942056.650000000372529 ], [ 44627.025000000001455, 5942056.575000000186265 ], [ 44626.57499999999709, 5942056.575000000186265 ], [ 44626.57499999999709, 5942056.5 ], [ 44626.19999999999709, 5942056.5 ], [ 44626.19999999999709, 5942056.424999999813735 ], [ 44625.82499999999709, 5942056.424999999813735 ], [ 44625.82499999999709, 5942056.349999999627471 ], [ 44625.44999999999709, 5942056.349999999627471 ], [ 44625.44999999999709, 5942056.275000000372529 ], [ 44625.30000000000291, 5942056.275000000372529 ], [ 44625.30000000000291, 5942056.200000000186265 ], [ 44625.150000000001455, 5942056.200000000186265 ], [ 44625.150000000001455, 5942056.125 ], [ 44625.0, 5942056.125 ], [ 44625.0, 5942056.049999999813735 ], [ 44624.849999999998545, 5942056.049999999813735 ], [ 44624.849999999998545, 5942055.974999999627471 ], [ 44624.69999999999709, 5942055.974999999627471 ], [ 44624.69999999999709, 5942055.900000000372529 ], [ 44624.55000000000291, 5942055.900000000372529 ], [ 44624.55000000000291, 5942055.825000000186265 ], [ 44624.400000000001455, 5942055.825000000186265 ], [ 44624.400000000001455, 5942055.75 ], [ 44624.25, 5942055.75 ], [ 44624.25, 5942055.674999999813735 ], [ 44624.099999999998545, 5942055.674999999813735 ], [ 44624.099999999998545, 5942055.599999999627471 ], [ 44623.94999999999709, 5942055.599999999627471 ], [ 44623.94999999999709, 5942055.525000000372529 ], [ 44623.80000000000291, 5942055.525000000372529 ], [ 44623.80000000000291, 5942055.450000000186265 ], [ 44623.650000000001455, 5942055.450000000186265 ], [ 44623.650000000001455, 5942055.375 ], [ 44623.5, 5942055.375 ], [ 44623.5, 5942055.299999999813735 ], [ 44623.42500000000291, 5942055.299999999813735 ], [ 44623.42500000000291, 5942055.224999999627471 ], [ 44623.349999999998545, 5942055.224999999627471 ], [ 44623.349999999998545, 5942055.150000000372529 ], [ 44623.275000000001455, 5942055.150000000372529 ], [ 44623.275000000001455, 5942055.075000000186265 ], [ 44623.19999999999709, 5942055.075000000186265 ], [ 44623.19999999999709, 5942055.0 ], [ 44623.125, 5942055.0 ], [ 44623.125, 5942054.924999999813735 ], [ 44623.05000000000291, 5942054.924999999813735 ], [ 44623.05000000000291, 5942054.849999999627471 ], [ 44622.974999999998545, 5942054.849999999627471 ], [ 44622.974999999998545, 5942054.775000000372529 ], [ 44622.900000000001455, 5942054.775000000372529 ], [ 44622.900000000001455, 5942054.700000000186265 ], [ 44622.82499999999709, 5942054.700000000186265 ], [ 44622.82499999999709, 5942054.549999999813735 ], [ 44622.75, 5942054.549999999813735 ], [ 44622.75, 5942054.400000000372529 ], [ 44622.67500000000291, 5942054.400000000372529 ], [ 44622.67500000000291, 5942054.25 ], [ 44622.599999999998545, 5942054.25 ], [ 44622.599999999998545, 5942054.174999999813735 ], [ 44622.525000000001455, 5942054.174999999813735 ], [ 44622.525000000001455, 5942054.025000000372529 ], [ 44622.44999999999709, 5942054.025000000372529 ], [ 44622.44999999999709, 5942053.875 ], [ 44622.375, 5942053.875 ], [ 44622.375, 5942053.724999999627471 ], [ 44622.30000000000291, 5942053.724999999627471 ], [ 44622.30000000000291, 5942053.650000000372529 ], [ 44622.224999999998545, 5942053.650000000372529 ], [ 44622.224999999998545, 5942053.5 ], [ 44622.150000000001455, 5942053.5 ], [ 44622.150000000001455, 5942053.349999999627471 ], [ 44622.07499999999709, 5942053.349999999627471 ], [ 44622.07499999999709, 5942053.275000000372529 ], [ 44622.0, 5942053.275000000372529 ], [ 44622.0, 5942053.125 ], [ 44621.92500000000291, 5942053.125 ], [ 44621.92500000000291, 5942052.974999999627471 ], [ 44621.849999999998545, 5942052.974999999627471 ], [ 44621.849999999998545, 5942052.900000000372529 ], [ 44621.775000000001455, 5942052.900000000372529 ], [ 44621.775000000001455, 5942052.75 ], [ 44621.69999999999709, 5942052.75 ], [ 44621.69999999999709, 5942052.674999999813735 ], [ 44621.625, 5942052.674999999813735 ], [ 44621.625, 5942052.525000000372529 ], [ 44621.55000000000291, 5942052.525000000372529 ], [ 44621.55000000000291, 5942052.375 ], [ 44621.474999999998545, 5942052.375 ], [ 44621.474999999998545, 5942052.299999999813735 ], [ 44621.400000000001455, 5942052.299999999813735 ], [ 44621.400000000001455, 5942052.150000000372529 ], [ 44621.32499999999709, 5942052.150000000372529 ], [ 44621.32499999999709, 5942052.0 ], [ 44621.25, 5942052.0 ], [ 44621.25, 5942051.849999999627471 ], [ 44621.17500000000291, 5942051.849999999627471 ], [ 44621.17500000000291, 5942051.625 ], [ 44621.099999999998545, 5942051.625 ], [ 44621.099999999998545, 5942051.474999999627471 ], [ 44621.025000000001455, 5942051.474999999627471 ], [ 44621.025000000001455, 5942051.25 ], [ 44620.94999999999709, 5942051.25 ], [ 44620.94999999999709, 5942051.099999999627471 ], [ 44620.875, 5942051.099999999627471 ], [ 44620.875, 5942050.875 ], [ 44620.80000000000291, 5942050.875 ], [ 44620.80000000000291, 5942050.575000000186265 ], [ 44620.724999999998545, 5942050.575000000186265 ], [ 44620.724999999998545, 5942050.275000000372529 ], [ 44620.650000000001455, 5942050.275000000372529 ], [ 44620.650000000001455, 5942049.974999999627471 ], [ 44620.57499999999709, 5942049.974999999627471 ], [ 44620.57499999999709, 5942049.674999999813735 ], [ 44620.5, 5942049.674999999813735 ], [ 44620.5, 5942049.375 ], [ 44620.42500000000291, 5942049.375 ], [ 44620.42500000000291, 5942049.075000000186265 ], [ 44620.349999999998545, 5942049.075000000186265 ], [ 44620.349999999998545, 5942048.775000000372529 ], [ 44620.275000000001455, 5942048.775000000372529 ], [ 44620.275000000001455, 5942048.474999999627471 ], [ 44620.19999999999709, 5942048.474999999627471 ], [ 44620.19999999999709, 5942048.174999999813735 ], [ 44620.125, 5942048.174999999813735 ], [ 44620.125, 5942047.950000000186265 ], [ 44620.05000000000291, 5942047.950000000186265 ], [ 44620.05000000000291, 5942047.724999999627471 ], [ 44619.974999999998545, 5942047.724999999627471 ], [ 44619.974999999998545, 5942047.5 ], [ 44619.900000000001455, 5942047.5 ], [ 44619.900000000001455, 5942047.275000000372529 ], [ 44619.82499999999709, 5942047.275000000372529 ], [ 44619.82499999999709, 5942047.049999999813735 ], [ 44619.75, 5942047.049999999813735 ], [ 44619.75, 5942046.900000000372529 ], [ 44619.67500000000291, 5942046.900000000372529 ], [ 44619.67500000000291, 5942046.674999999813735 ], [ 44619.599999999998545, 5942046.674999999813735 ], [ 44619.599999999998545, 5942046.525000000372529 ], [ 44619.525000000001455, 5942046.525000000372529 ], [ 44619.525000000001455, 5942046.375 ], [ 44619.44999999999709, 5942046.375 ], [ 44619.44999999999709, 5942046.224999999627471 ], [ 44619.375, 5942046.224999999627471 ], [ 44619.375, 5942046.075000000186265 ], [ 44619.30000000000291, 5942046.075000000186265 ], [ 44619.30000000000291, 5942045.849999999627471 ], [ 44619.224999999998545, 5942045.849999999627471 ], [ 44619.224999999998545, 5942045.700000000186265 ], [ 44619.150000000001455, 5942045.700000000186265 ], [ 44619.150000000001455, 5942045.474999999627471 ], [ 44619.07499999999709, 5942045.474999999627471 ], [ 44619.07499999999709, 5942045.325000000186265 ], [ 44619.0, 5942045.325000000186265 ], [ 44619.0, 5942045.099999999627471 ], [ 44618.92500000000291, 5942045.099999999627471 ], [ 44618.92500000000291, 5942044.875 ], [ 44618.849999999998545, 5942044.875 ], [ 44618.849999999998545, 5942044.650000000372529 ], [ 44618.775000000001455, 5942044.650000000372529 ], [ 44618.775000000001455, 5942044.5 ], [ 44618.69999999999709, 5942044.5 ], [ 44618.69999999999709, 5942044.349999999627471 ], [ 44618.625, 5942044.349999999627471 ], [ 44618.625, 5942044.200000000186265 ], [ 44618.55000000000291, 5942044.200000000186265 ], [ 44618.55000000000291, 5942044.049999999813735 ], [ 44618.474999999998545, 5942044.049999999813735 ], [ 44618.474999999998545, 5942043.900000000372529 ], [ 44618.400000000001455, 5942043.900000000372529 ], [ 44618.400000000001455, 5942043.75 ], [ 44618.32499999999709, 5942043.75 ], [ 44618.32499999999709, 5942043.525000000372529 ], [ 44618.25, 5942043.525000000372529 ], [ 44618.25, 5942043.375 ], [ 44618.17500000000291, 5942043.375 ], [ 44618.17500000000291, 5942043.224999999627471 ], [ 44618.099999999998545, 5942043.224999999627471 ], [ 44618.099999999998545, 5942043.075000000186265 ], [ 44618.025000000001455, 5942043.075000000186265 ], [ 44618.025000000001455, 5942042.849999999627471 ], [ 44617.94999999999709, 5942042.849999999627471 ], [ 44617.94999999999709, 5942042.775000000372529 ], [ 44617.875, 5942042.775000000372529 ], [ 44617.875, 5942042.700000000186265 ], [ 44617.80000000000291, 5942042.700000000186265 ], [ 44617.80000000000291, 5942042.625 ], [ 44617.724999999998545, 5942042.625 ], [ 44617.724999999998545, 5942042.549999999813735 ], [ 44617.650000000001455, 5942042.549999999813735 ], [ 44617.650000000001455, 5942042.474999999627471 ], [ 44617.57499999999709, 5942042.474999999627471 ], [ 44617.57499999999709, 5942042.400000000372529 ], [ 44617.349999999998545, 5942042.400000000372529 ], [ 44617.349999999998545, 5942042.325000000186265 ], [ 44617.05000000000291, 5942042.325000000186265 ], [ 44617.05000000000291, 5942042.25 ], [ 44616.82499999999709, 5942042.25 ], [ 44616.82499999999709, 5942042.174999999813735 ], [ 44616.525000000001455, 5942042.174999999813735 ], [ 44616.525000000001455, 5942042.099999999627471 ], [ 44616.30000000000291, 5942042.099999999627471 ], [ 44616.30000000000291, 5942042.025000000372529 ], [ 44616.07499999999709, 5942042.025000000372529 ], [ 44616.07499999999709, 5942041.950000000186265 ], [ 44615.775000000001455, 5942041.950000000186265 ], [ 44615.775000000001455, 5942041.875 ], [ 44615.55000000000291, 5942041.875 ], [ 44615.55000000000291, 5942041.950000000186265 ], [ 44615.400000000001455, 5942041.950000000186265 ], [ 44615.400000000001455, 5942042.025000000372529 ], [ 44615.25, 5942042.025000000372529 ], [ 44615.25, 5942042.099999999627471 ], [ 44615.17500000000291, 5942042.099999999627471 ], [ 44615.17500000000291, 5942042.174999999813735 ], [ 44615.099999999998545, 5942042.174999999813735 ], [ 44615.099999999998545, 5942042.25 ], [ 44614.94999999999709, 5942042.25 ], [ 44614.94999999999709, 5942042.325000000186265 ], [ 44614.875, 5942042.325000000186265 ], [ 44614.875, 5942042.400000000372529 ], [ 44614.80000000000291, 5942042.400000000372529 ], [ 44614.80000000000291, 5942042.474999999627471 ], [ 44614.724999999998545, 5942042.474999999627471 ], [ 44614.724999999998545, 5942042.549999999813735 ], [ 44614.650000000001455, 5942042.549999999813735 ], [ 44614.650000000001455, 5942042.625 ], [ 44614.57499999999709, 5942042.625 ], [ 44614.57499999999709, 5942042.700000000186265 ], [ 44614.5, 5942042.700000000186265 ], [ 44614.5, 5942042.775000000372529 ], [ 44614.42500000000291, 5942042.775000000372529 ], [ 44614.42500000000291, 5942042.849999999627471 ], [ 44614.349999999998545, 5942042.849999999627471 ], [ 44614.349999999998545, 5942042.924999999813735 ], [ 44614.275000000001455, 5942042.924999999813735 ], [ 44614.275000000001455, 5942043.0 ], [ 44614.19999999999709, 5942043.0 ], [ 44614.19999999999709, 5942043.150000000372529 ], [ 44614.125, 5942043.150000000372529 ], [ 44614.125, 5942043.224999999627471 ], [ 44614.05000000000291, 5942043.224999999627471 ], [ 44614.05000000000291, 5942043.375 ], [ 44613.974999999998545, 5942043.375 ], [ 44613.974999999998545, 5942043.450000000186265 ], [ 44613.900000000001455, 5942043.450000000186265 ], [ 44613.900000000001455, 5942043.525000000372529 ], [ 44613.82499999999709, 5942043.525000000372529 ], [ 44613.82499999999709, 5942043.599999999627471 ], [ 44613.75, 5942043.599999999627471 ], [ 44613.75, 5942043.674999999813735 ], [ 44613.67500000000291, 5942043.674999999813735 ], [ 44613.67500000000291, 5942043.825000000186265 ], [ 44613.599999999998545, 5942043.825000000186265 ], [ 44613.599999999998545, 5942043.900000000372529 ], [ 44613.525000000001455, 5942043.900000000372529 ], [ 44613.525000000001455, 5942043.974999999627471 ], [ 44613.44999999999709, 5942043.974999999627471 ], [ 44613.44999999999709, 5942044.125 ], [ 44613.375, 5942044.125 ], [ 44613.375, 5942044.200000000186265 ], [ 44613.30000000000291, 5942044.200000000186265 ], [ 44613.30000000000291, 5942044.349999999627471 ], [ 44613.224999999998545, 5942044.349999999627471 ], [ 44613.224999999998545, 5942044.5 ], [ 44613.150000000001455, 5942044.5 ], [ 44613.150000000001455, 5942044.650000000372529 ], [ 44613.07499999999709, 5942044.650000000372529 ], [ 44613.07499999999709, 5942044.799999999813735 ], [ 44613.0, 5942044.799999999813735 ], [ 44613.0, 5942044.950000000186265 ], [ 44612.92500000000291, 5942044.950000000186265 ], [ 44612.92500000000291, 5942045.25 ], [ 44612.849999999998545, 5942045.25 ], [ 44612.849999999998545, 5942045.474999999627471 ], [ 44612.775000000001455, 5942045.474999999627471 ], [ 44612.775000000001455, 5942045.700000000186265 ], [ 44612.69999999999709, 5942045.700000000186265 ], [ 44612.69999999999709, 5942045.849999999627471 ], [ 44612.625, 5942045.849999999627471 ], [ 44612.625, 5942046.075000000186265 ], [ 44612.55000000000291, 5942046.075000000186265 ], [ 44612.55000000000291, 5942046.299999999813735 ], [ 44612.474999999998545, 5942046.299999999813735 ], [ 44612.474999999998545, 5942046.525000000372529 ], [ 44612.400000000001455, 5942046.525000000372529 ], [ 44612.400000000001455, 5942046.75 ], [ 44612.32499999999709, 5942046.75 ], [ 44612.32499999999709, 5942046.900000000372529 ], [ 44612.25, 5942046.900000000372529 ], [ 44612.25, 5942047.125 ], [ 44612.17500000000291, 5942047.125 ], [ 44612.17500000000291, 5942047.275000000372529 ], [ 44612.099999999998545, 5942047.275000000372529 ], [ 44612.099999999998545, 5942047.5 ], [ 44612.025000000001455, 5942047.5 ], [ 44612.025000000001455, 5942047.650000000372529 ], [ 44611.94999999999709, 5942047.650000000372529 ], [ 44611.94999999999709, 5942047.799999999813735 ], [ 44611.875, 5942047.799999999813735 ], [ 44611.875, 5942047.950000000186265 ], [ 44611.80000000000291, 5942047.950000000186265 ], [ 44611.80000000000291, 5942048.099999999627471 ], [ 44611.724999999998545, 5942048.099999999627471 ], [ 44611.724999999998545, 5942048.25 ], [ 44611.650000000001455, 5942048.25 ], [ 44611.650000000001455, 5942048.400000000372529 ], [ 44611.57499999999709, 5942048.400000000372529 ], [ 44611.57499999999709, 5942048.549999999813735 ], [ 44611.5, 5942048.549999999813735 ], [ 44611.5, 5942048.700000000186265 ], [ 44611.42500000000291, 5942048.700000000186265 ], [ 44611.42500000000291, 5942048.924999999813735 ], [ 44611.349999999998545, 5942048.924999999813735 ], [ 44611.349999999998545, 5942049.075000000186265 ], [ 44611.275000000001455, 5942049.075000000186265 ], [ 44611.275000000001455, 5942049.299999999813735 ], [ 44611.19999999999709, 5942049.299999999813735 ], [ 44611.19999999999709, 5942049.525000000372529 ], [ 44611.125, 5942049.525000000372529 ], [ 44611.125, 5942049.75 ], [ 44611.05000000000291, 5942049.75 ], [ 44611.05000000000291, 5942049.974999999627471 ], [ 44610.974999999998545, 5942049.974999999627471 ], [ 44610.974999999998545, 5942050.125 ], [ 44610.900000000001455, 5942050.125 ], [ 44610.900000000001455, 5942050.349999999627471 ], [ 44610.82499999999709, 5942050.349999999627471 ], [ 44610.82499999999709, 5942050.575000000186265 ], [ 44610.75, 5942050.575000000186265 ], [ 44610.75, 5942050.875 ], [ 44610.67500000000291, 5942050.875 ], [ 44610.67500000000291, 5942051.174999999813735 ], [ 44610.599999999998545, 5942051.174999999813735 ], [ 44610.599999999998545, 5942051.474999999627471 ], [ 44610.525000000001455, 5942051.474999999627471 ], [ 44610.525000000001455, 5942051.775000000372529 ], [ 44610.44999999999709, 5942051.775000000372529 ], [ 44610.44999999999709, 5942052.0 ], [ 44610.375, 5942052.0 ], [ 44610.375, 5942052.299999999813735 ], [ 44610.30000000000291, 5942052.299999999813735 ], [ 44610.30000000000291, 5942052.525000000372529 ], [ 44610.224999999998545, 5942052.525000000372529 ], [ 44610.224999999998545, 5942052.900000000372529 ], [ 44610.150000000001455, 5942052.900000000372529 ], [ 44610.150000000001455, 5942053.349999999627471 ], [ 44610.07499999999709, 5942053.349999999627471 ], [ 44610.07499999999709, 5942053.799999999813735 ], [ 44610.0, 5942053.799999999813735 ], [ 44610.0, 5942054.25 ], [ 44609.92500000000291, 5942054.25 ], [ 44609.92500000000291, 5942054.625 ], [ 44609.849999999998545, 5942054.625 ], [ 44609.849999999998545, 5942054.924999999813735 ], [ 44609.775000000001455, 5942054.924999999813735 ], [ 44609.775000000001455, 5942055.299999999813735 ], [ 44609.69999999999709, 5942055.299999999813735 ], [ 44609.69999999999709, 5942055.75 ], [ 44609.625, 5942055.75 ], [ 44609.625, 5942056.200000000186265 ], [ 44609.55000000000291, 5942056.200000000186265 ], [ 44609.55000000000291, 5942056.724999999627471 ], [ 44609.474999999998545, 5942056.724999999627471 ], [ 44609.474999999998545, 5942057.174999999813735 ], [ 44609.400000000001455, 5942057.174999999813735 ], [ 44609.400000000001455, 5942057.700000000186265 ], [ 44609.32499999999709, 5942057.700000000186265 ], [ 44609.32499999999709, 5942058.299999999813735 ], [ 44609.25, 5942058.299999999813735 ], [ 44609.25, 5942058.599999999627471 ], [ 44609.17500000000291, 5942058.599999999627471 ], [ 44609.17500000000291, 5942058.75 ], [ 44609.099999999998545, 5942058.75 ], [ 44609.099999999998545, 5942058.900000000372529 ], [ 44609.025000000001455, 5942058.900000000372529 ], [ 44609.025000000001455, 5942059.125 ], [ 44608.94999999999709, 5942059.125 ], [ 44608.94999999999709, 5942059.275000000372529 ], [ 44608.875, 5942059.275000000372529 ], [ 44608.875, 5942059.424999999813735 ], [ 44608.80000000000291, 5942059.424999999813735 ], [ 44608.80000000000291, 5942059.575000000186265 ], [ 44608.724999999998545, 5942059.575000000186265 ], [ 44608.724999999998545, 5942059.724999999627471 ], [ 44608.650000000001455, 5942059.724999999627471 ], [ 44608.650000000001455, 5942059.950000000186265 ], [ 44608.57499999999709, 5942059.950000000186265 ], [ 44608.57499999999709, 5942060.099999999627471 ], [ 44608.5, 5942060.099999999627471 ], [ 44608.5, 5942060.25 ], [ 44608.42500000000291, 5942060.25 ], [ 44608.42500000000291, 5942060.400000000372529 ], [ 44608.349999999998545, 5942060.400000000372529 ], [ 44608.349999999998545, 5942060.549999999813735 ], [ 44608.275000000001455, 5942060.549999999813735 ], [ 44608.275000000001455, 5942060.625 ], [ 44608.19999999999709, 5942060.625 ], [ 44608.19999999999709, 5942060.700000000186265 ], [ 44608.125, 5942060.700000000186265 ], [ 44608.125, 5942060.775000000372529 ], [ 44608.05000000000291, 5942060.775000000372529 ], [ 44608.05000000000291, 5942060.849999999627471 ], [ 44607.974999999998545, 5942060.849999999627471 ], [ 44607.974999999998545, 5942060.924999999813735 ], [ 44607.900000000001455, 5942060.924999999813735 ], [ 44607.900000000001455, 5942061.0 ], [ 44607.75, 5942061.0 ], [ 44607.75, 5942061.075000000186265 ], [ 44607.67500000000291, 5942061.075000000186265 ], [ 44607.67500000000291, 5942061.150000000372529 ], [ 44607.599999999998545, 5942061.150000000372529 ], [ 44607.599999999998545, 5942061.224999999627471 ], [ 44607.525000000001455, 5942061.224999999627471 ], [ 44607.525000000001455, 5942061.299999999813735 ], [ 44607.44999999999709, 5942061.299999999813735 ], [ 44607.44999999999709, 5942061.450000000186265 ], [ 44607.375, 5942061.450000000186265 ], [ 44607.375, 5942061.525000000372529 ], [ 44607.30000000000291, 5942061.525000000372529 ], [ 44607.30000000000291, 5942061.599999999627471 ], [ 44607.224999999998545, 5942061.599999999627471 ], [ 44607.224999999998545, 5942061.75 ], [ 44607.150000000001455, 5942061.75 ], [ 44607.150000000001455, 5942061.825000000186265 ], [ 44607.07499999999709, 5942061.825000000186265 ], [ 44607.07499999999709, 5942061.974999999627471 ], [ 44607.0, 5942061.974999999627471 ], [ 44607.0, 5942062.125 ], [ 44606.92500000000291, 5942062.125 ], [ 44606.92500000000291, 5942062.275000000372529 ], [ 44606.849999999998545, 5942062.275000000372529 ], [ 44606.849999999998545, 5942062.5 ], [ 44606.775000000001455, 5942062.5 ], [ 44606.775000000001455, 5942062.650000000372529 ], [ 44606.69999999999709, 5942062.650000000372529 ], [ 44606.69999999999709, 5942062.799999999813735 ], [ 44606.625, 5942062.799999999813735 ], [ 44606.625, 5942062.950000000186265 ], [ 44606.55000000000291, 5942062.950000000186265 ], [ 44606.55000000000291, 5942063.099999999627471 ], [ 44606.474999999998545, 5942063.099999999627471 ], [ 44606.474999999998545, 5942063.25 ], [ 44606.400000000001455, 5942063.25 ], [ 44606.400000000001455, 5942063.325000000186265 ], [ 44606.32499999999709, 5942063.325000000186265 ], [ 44606.32499999999709, 5942063.474999999627471 ], [ 44606.25, 5942063.474999999627471 ], [ 44606.25, 5942063.549999999813735 ], [ 44606.17500000000291, 5942063.549999999813735 ], [ 44606.17500000000291, 5942063.625 ], [ 44606.099999999998545, 5942063.625 ], [ 44606.099999999998545, 5942063.700000000186265 ], [ 44606.025000000001455, 5942063.700000000186265 ], [ 44606.025000000001455, 5942063.849999999627471 ], [ 44605.94999999999709, 5942063.849999999627471 ], [ 44605.94999999999709, 5942063.924999999813735 ], [ 44605.875, 5942063.924999999813735 ], [ 44605.875, 5942064.0 ], [ 44605.80000000000291, 5942064.0 ], [ 44605.80000000000291, 5942064.075000000186265 ], [ 44605.724999999998545, 5942064.075000000186265 ], [ 44605.724999999998545, 5942064.150000000372529 ], [ 44605.650000000001455, 5942064.150000000372529 ], [ 44605.650000000001455, 5942064.224999999627471 ], [ 44605.57499999999709, 5942064.224999999627471 ], [ 44605.57499999999709, 5942064.299999999813735 ], [ 44605.5, 5942064.299999999813735 ], [ 44605.5, 5942064.450000000186265 ], [ 44605.42500000000291, 5942064.450000000186265 ], [ 44605.42500000000291, 5942064.599999999627471 ], [ 44605.349999999998545, 5942064.599999999627471 ], [ 44605.349999999998545, 5942064.75 ], [ 44605.275000000001455, 5942064.75 ], [ 44605.275000000001455, 5942064.974999999627471 ], [ 44605.19999999999709, 5942064.974999999627471 ], [ 44605.19999999999709, 5942065.125 ], [ 44605.125, 5942065.125 ], [ 44605.125, 5942065.349999999627471 ], [ 44605.05000000000291, 5942065.349999999627471 ], [ 44605.05000000000291, 5942065.5 ], [ 44604.974999999998545, 5942065.5 ], [ 44604.974999999998545, 5942065.724999999627471 ], [ 44604.900000000001455, 5942065.724999999627471 ], [ 44604.900000000001455, 5942066.025000000372529 ], [ 44604.82499999999709, 5942066.025000000372529 ], [ 44604.82499999999709, 5942066.25 ], [ 44604.75, 5942066.25 ], [ 44604.75, 5942066.549999999813735 ], [ 44604.67500000000291, 5942066.549999999813735 ], [ 44604.67500000000291, 5942066.775000000372529 ], [ 44604.599999999998545, 5942066.775000000372529 ], [ 44604.599999999998545, 5942067.075000000186265 ], [ 44604.525000000001455, 5942067.075000000186265 ], [ 44604.525000000001455, 5942067.299999999813735 ], [ 44604.44999999999709, 5942067.299999999813735 ], [ 44604.44999999999709, 5942067.450000000186265 ], [ 44604.375, 5942067.450000000186265 ], [ 44604.375, 5942067.674999999813735 ], [ 44604.30000000000291, 5942067.674999999813735 ], [ 44604.30000000000291, 5942067.825000000186265 ], [ 44604.224999999998545, 5942067.825000000186265 ], [ 44604.224999999998545, 5942067.974999999627471 ], [ 44604.150000000001455, 5942067.974999999627471 ], [ 44604.150000000001455, 5942068.125 ], [ 44604.07499999999709, 5942068.125 ], [ 44604.07499999999709, 5942068.275000000372529 ], [ 44604.0, 5942068.275000000372529 ], [ 44604.0, 5942068.5 ], [ 44603.92500000000291, 5942068.5 ], [ 44603.92500000000291, 5942068.575000000186265 ], [ 44603.849999999998545, 5942068.575000000186265 ], [ 44603.849999999998545, 5942068.724999999627471 ], [ 44603.775000000001455, 5942068.724999999627471 ], [ 44603.775000000001455, 5942068.950000000186265 ], [ 44603.69999999999709, 5942068.950000000186265 ], [ 44603.69999999999709, 5942069.099999999627471 ], [ 44603.625, 5942069.099999999627471 ], [ 44603.625, 5942069.25 ], [ 44603.55000000000291, 5942069.25 ], [ 44603.55000000000291, 5942069.474999999627471 ], [ 44603.474999999998545, 5942069.474999999627471 ], [ 44603.474999999998545, 5942069.625 ], [ 44603.400000000001455, 5942069.625 ], [ 44603.400000000001455, 5942069.849999999627471 ], [ 44603.32499999999709, 5942069.849999999627471 ], [ 44603.32499999999709, 5942070.150000000372529 ], [ 44603.25, 5942070.150000000372529 ], [ 44603.25, 5942070.375 ], [ 44603.17500000000291, 5942070.375 ], [ 44603.17500000000291, 5942070.674999999813735 ], [ 44603.099999999998545, 5942070.674999999813735 ], [ 44603.099999999998545, 5942070.974999999627471 ], [ 44603.025000000001455, 5942070.974999999627471 ], [ 44603.025000000001455, 5942071.275000000372529 ], [ 44602.94999999999709, 5942071.275000000372529 ], [ 44602.94999999999709, 5942071.5 ], [ 44602.875, 5942071.5 ], [ 44602.875, 5942071.724999999627471 ], [ 44602.80000000000291, 5942071.724999999627471 ], [ 44602.80000000000291, 5942072.025000000372529 ], [ 44602.724999999998545, 5942072.025000000372529 ], [ 44602.724999999998545, 5942072.25 ], [ 44602.650000000001455, 5942072.25 ], [ 44602.650000000001455, 5942072.400000000372529 ], [ 44602.57499999999709, 5942072.400000000372529 ], [ 44602.57499999999709, 5942072.474999999627471 ], [ 44602.5, 5942072.474999999627471 ], [ 44602.5, 5942072.625 ], [ 44602.42500000000291, 5942072.625 ], [ 44602.42500000000291, 5942072.700000000186265 ], [ 44602.349999999998545, 5942072.700000000186265 ], [ 44602.349999999998545, 5942072.849999999627471 ], [ 44602.275000000001455, 5942072.849999999627471 ], [ 44602.275000000001455, 5942072.924999999813735 ], [ 44602.19999999999709, 5942072.924999999813735 ], [ 44602.19999999999709, 5942073.0 ], [ 44602.125, 5942073.0 ], [ 44602.125, 5942073.075000000186265 ], [ 44602.05000000000291, 5942073.075000000186265 ], [ 44602.05000000000291, 5942073.150000000372529 ], [ 44601.974999999998545, 5942073.150000000372529 ], [ 44601.974999999998545, 5942073.224999999627471 ], [ 44601.900000000001455, 5942073.224999999627471 ], [ 44601.900000000001455, 5942073.299999999813735 ], [ 44601.82499999999709, 5942073.299999999813735 ], [ 44601.82499999999709, 5942073.375 ], [ 44601.75, 5942073.375 ], [ 44601.75, 5942073.450000000186265 ], [ 44601.67500000000291, 5942073.450000000186265 ], [ 44601.67500000000291, 5942073.599999999627471 ], [ 44601.599999999998545, 5942073.599999999627471 ], [ 44601.599999999998545, 5942073.674999999813735 ], [ 44601.525000000001455, 5942073.674999999813735 ], [ 44601.525000000001455, 5942073.75 ], [ 44601.44999999999709, 5942073.75 ], [ 44601.44999999999709, 5942073.900000000372529 ], [ 44601.375, 5942073.900000000372529 ], [ 44601.375, 5942074.049999999813735 ], [ 44601.30000000000291, 5942074.049999999813735 ], [ 44601.30000000000291, 5942074.200000000186265 ], [ 44601.224999999998545, 5942074.200000000186265 ], [ 44601.224999999998545, 5942074.5 ], [ 44601.150000000001455, 5942074.5 ], [ 44601.150000000001455, 5942074.799999999813735 ], [ 44601.07499999999709, 5942074.799999999813735 ], [ 44601.07499999999709, 5942075.099999999627471 ], [ 44601.0, 5942075.099999999627471 ], [ 44601.0, 5942075.400000000372529 ], [ 44600.92500000000291, 5942075.400000000372529 ], [ 44600.92500000000291, 5942075.625 ], [ 44600.849999999998545, 5942075.625 ], [ 44600.849999999998545, 5942075.924999999813735 ], [ 44600.775000000001455, 5942075.924999999813735 ], [ 44600.775000000001455, 5942079.0 ], [ 44578.05000000000291, 5942079.0 ] ] ] } },
{ "type": "Feature", "properties": { "value": 1.0, "building_id": 1, "area": 234.1124999994453 }, "geometry": { "type": "Polygon", "coordinates": [ [ [ 45099.974999999998545, 5941896.450000000186265 ], [ 45099.974999999998545, 5941896.375 ], [ 45099.900000000001455, 5941896.375 ], [ 45099.900000000001455, 5941896.299999999813735 ], [ 45099.75, 5941896.299999999813735 ], [ 45099.75, 5941896.224999999627471 ], [ 45099.599999999998545, 5941896.224999999627471 ], [ 45099.599999999998545, 5941896.150000000372529 ], [ 45099.44999999999709, 5941896.150000000372529 ], [ 45099.44999999999709, 5941896.075000000186265 ], [ 45099.224999999998545, 5941896.075000000186265 ], [ 45099.224999999998545, 5941896.0 ], [ 45099.07499999999709, 5941896.0 ], [ 45099.07499999999709, 5941895.924999999813735 ], [ 45098.849999999998545, 5941895.924999999813735 ], [ 45098.849999999998545, 5941895.849999999627471 ], [ 45098.69999999999709, 5941895.849999999627471 ], [ 45098.69999999999709, 5941895.775000000372529 ], [ 45098.474999999998545, 5941895.775000000372529 ], [ 45098.474999999998545, 5941895.700000000186265 ], [ 45098.17500000000291, 5941895.700000000186265 ], [ 45098.17500000000291, 5941895.625 ], [ 45097.94999999999709, 5941895.625 ], [ 45097.94999999999709, 5941895.549999999813735 ], [ 45097.57499999999709, 5941895.549999999813735 ], [ 45097.57499999999709, 5941895.474999999627471 ], [ 45097.275000000001455, 5941895.474999999627471 ], [ 45097.275000000001455, 5941895.400000000372529 ], [ 45096.974999999998545, 5941895.400000000372529 ], [ 45096.974999999998545, 5941895.325000000186265 ], [ 45096.67500000000291, 5941895.325000000186265 ], [ 45096.67500000000291, 5941895.25 ], [ 45096.375, 5941895.25 ], [ 45096.375, 5941895.174999999813735 ], [ 45096.07499999999709, 5941895.174999999813735 ], [ 45096.07499999999709, 5941895.099999999627471 ], [ 45095.92500000000291, 5941895.099999999627471 ], [ 45095.92500000000291, 5941895.025000000372529 ], [ 45095.775000000001455, 5941895.025000000372529 ], [ 45095.775000000001455, 5941894.950000000186265 ], [ 45095.625, 5941894.950000000186265 ], [ 45095.625, 5941894.875 ], [ 45095.474999999998545, 5941894.875 ], [ 45095.474999999998545, 5941894.799999999813735 ], [ 45095.32499999999709, 5941894.799999999813735 ], [ 45095.32499999999709, 5941894.724999999627471 ], [ 45095.25, 5941894.724999999627471 ], [ 45095.25, 5941894.650000000372529 ], [ 45095.099999999998545, 5941894.650000000372529 ], [ 45095.099999999998545, 5941894.575000000186265 ], [ 45095.025000000001455, 5941894.575000000186265 ], [ 45095.025000000001455, 5941894.5 ], [ 45094.94999999999709, 5941894.5 ], [ 45094.94999999999709, 5941894.424999999813735 ], [ 45094.875, 5941894.424999999813735 ], [ 45094.875, 5941894.349999999627471 ], [ 45094.80000000000291, 5941894.349999999627471 ], [ 45094.80000000000291, 5941894.275000000372529 ], [ 45094.724999999998545, 5941894.275000000372529 ], [ 45094.724999999998545, 5941894.200000000186265 ], [ 45094.650000000001455, 5941894.200000000186265 ], [ 45094.650000000001455, 5941894.125 ], [ 45094.5, 5941894.125 ], [ 45094.5, 5941894.049999999813735 ], [ 45094.42500000000291, 5941894.049999999813735 ], [ 45094.42500000000291, 5941893.974999999627471 ], [ 45094.349999999998545, 5941893.974999999627471 ], [ 45094.349999999998545, 5941893.900000000372529 ], [ 45094.275000000001455, 5941893.900000000372529 ], [ 45094.275000000001455, 5941893.825000000186265 ], [ 45094.125, 5941893.825000000186265 ], [ 45094.125, 5941893.75 ], [ 45094.05000000000291, 5941893.75 ], [ 45094.05000000000291, 5941893.674999999813735 ], [ 45093.974999999998545, 5941893.674999999813735 ], [ 45093.974999999998545, 5941893.599999999627471 ], [ 45093.900000000001455, 5941893.599999999627471 ], [ 45093.900000000001455, 5941893.525000000372529 ], [ 45093.82499999999709, 5941893.525000000372529 ], [ 45093.82499999999709, 5941893.375 ], [ 45093.75, 5941893.375 ], [ 45093.75, 5941893.299999999813735 ], [ 45093.67500000000291, 5941893.299999999813735 ], [ 45093.67500000000291, 5941893.224999999627471 ], [ 45093.599999999998545, 5941893.224999999627471 ], [ 45093.599999999998545, 5941893.075000000186265 ], [ 45093.525000000001455, 5941893.075000000186265 ], [ 45093.525000000001455, 5941893.0 ], [ 45093.44999999999709, 5941893.0 ], [ 45093.44999999999709, 5941892.849999999627471 ], [ 45093.375, 5941892.849999999627471 ], [ 45093.375, 5941892.775000000372529 ], [ 45093.30000000000291, 5941892.775000000372529 ], [ 45093.30000000000291, 5941892.625 ], [ 45093.224999999998545, 5941892.625 ], [ 45093.224999999998545, 5941892.474999999627471 ], [ 45093.150000000001455, 5941892.474999999627471 ], [ 45093.150000000001455, 5941892.325000000186265 ], [ 45093.07499999999709, 5941892.325000000186265 ], [ 45093.07499999999709, 5941892.174999999813735 ], [ 45093.0, 5941892.174999999813735 ], [ 45093.0, 5941892.025000000372529 ], [ 45092.92500000000291, 5941892.025000000372529 ], [ 45092.92500000000291, 5941891.875 ], [ 45092.849999999998545, 5941891.875 ], [ 45092.849999999998545, 5941891.799999999813735 ], [ 45092.775000000001455, 5941891.799999999813735 ], [ 45092.775000000001455, 5941891.650000000372529 ], [ 45092.69999999999709, 5941891.650000000372529 ], [ 45092.69999999999709, 5941891.575000000186265 ], [ 45092.625, 5941891.575000000186265 ], [ 45092.625, 5941891.424999999813735 ], [ 45092.55000000000291, 5941891.424999999813735 ], [ 45092.55000000000291, 5941891.349999999627471 ], [ 45092.474999999998545, 5941891.349999999627471 ], [ 45092.474999999998545, 5941891.275000000372529 ], [ 45092.400000000001455, 5941891.275000000372529 ], [ 45092.400000000001455, 5941891.125 ], [ 45092.32499999999709, 5941891.125 ], [ 45092.32499999999709, 5941891.049999999813735 ], [ 45092.25, 5941891.049999999813735 ], [ 45092.25, 5941890.974999999627471 ], [ 45092.17500000000291, 5941890.974999999627471 ], [ 45092.17500000000291, 5941890.900000000372529 ], [ 45092.099999999998545, 5941890.900000000372529 ], [ 45092.099999999998545, 5941890.825000000186265 ], [ 45092.025000000001455, 5941890.825000000186265 ], [ 45092.025000000001455, 5941890.674999999813735 ], [ 45091.94999999999709, 5941890.674999999813735 ], [ 45091.94999999999709, 5941890.599999999627471 ], [ 45091.875, 5941890.599999999627471 ], [ 45091.875, 5941890.450000000186265 ], [ 45091.80000000000291, 5941890.450000000186265 ], [ 45091.80000000000291, 5941890.224999999627471 ], [ 45091.724999999998545, 5941890.224999999627471 ], [ 45091.724999999998545, 5941889.924999999813735 ], [ 45091.650000000001455, 5941889.924999999813735 ], [ 45091.650000000001455, 5941889.700000000186265 ], [ 45091.57499999999709, 5941889.700000000186265 ], [ 45091.57499999999709, 5941889.400000000372529 ], [ 45091.5, 5941889.400000000372529 ], [ 45091.5, 5941889.099999999627471 ], [ 45091.42500000000291, 5941889.099999999627471 ], [ 45091.42500000000291, 5941888.799999999813735 ], [ 45091.349999999998545, 5941888.799999999813735 ], [ 45091.349999999998545, 5941886.400000000372529 ], [ 45091.42500000000291, 5941886.400000000372529 ], [ 45091.42500000000291, 5941886.174999999813735 ], [ 45091.5, 5941886.174999999813735 ], [ 45091.5, 5941885.950000000186265 ], [ 45091.57499999999709, 5941885.950000000186265 ], [ 45091.57499999999709, 5941885.724999999627471 ], [ 45091.650000000001455, 5941885.724999999627471 ], [ 45091.650000000001455, 5941885.575000000186265 ], [ 45091.724999999998545, 5941885.575000000186265 ], [ 45091.724999999998545, 5941885.424999999813735 ], [ 45091.80000000000291, 5941885.424999999813735 ], [ 45091.80000000000291, 5941885.200000000186265 ], [ 45091.875, 5941885.200000000186265 ], [ 45091.875, 5941885.049999999813735 ], [ 45091.94999999999709, 5941885.049999999813735 ], [ 45091.94999999999709, 5941884.974999999627471 ], [ 45092.025000000001455, 5941884.974999999627471 ], [ 45092.025000000001455, 5941884.825000000186265 ], [ 45092.099999999998545, 5941884.825000000186265 ], [ 45092.099999999998545, 5941884.674999999813735 ], [ 45092.17500000000291, 5941884.674999999813735 ], [ 45092.17500000000291, 5941884.599999999627471 ], [ 45092.25, 5941884.599999999627471 ], [ 45092.25, 5941884.525000000372529 ], [ 45092.32499999999709, 5941884.525000000372529 ], [ 45092.32499999999709, 5941884.375 ], [ 45092.400000000001455, 5941884.375 ], [ 45092.400000000001455, 5941884.299999999813735 ], [ 45092.474999999998545, 5941884.299999999813735 ], [ 45092.474999999998545, 5941884.224999999627471 ], [ 45092.55000000000291, 5941884.224999999627471 ], [ 45092.55000000000291, 5941884.075000000186265 ], [ 45092.625, 5941884.075000000186265 ], [ 45092.625, 5941883.924999999813735 ], [ 45092.69999999999709, 5941883.924999999813735 ], [ 45092.69999999999709, 5941883.849999999627471 ], [ 45092.775000000001455, 5941883.849999999627471 ], [ 45092.775000000001455, 5941883.700000000186265 ], [ 45092.849999999998545, 5941883.700000000186265 ], [ 45092.849999999998545, 5941883.549999999813735 ], [ 45092.92500000000291, 5941883.549999999813735 ], [ 45092.92500000000291, 5941883.400000000372529 ], [ 45093.0, 5941883.400000000372529 ], [ 45093.0, 5941883.25 ], [ 45093.07499999999709, 5941883.25 ], [ 45093.07499999999709, 5941883.099999999627471 ], [ 45093.150000000001455, 5941883.099999999627471 ], [ 45093.150000000001455, 5941882.950000000186265 ], [ 45093.224999999998545, 5941882.950000000186265 ], [ 45093.224999999998545, 5941882.724999999627471 ], [ 45093.30000000000291, 5941882.724999999627471 ], [ 45093.30000000000291, 5941882.575000000186265 ], [ 45093.375, 5941882.575000000186265 ], [ 45093.375, 5941882.5 ], [ 45093.44999999999709, 5941882.5 ], [ 45093.44999999999709, 5941882.349999999627471 ], [ 45093.525000000001455, 5941882.349999999627471 ], [ 45093.525000000001455, 5941882.275000000372529 ], [ 45093.599999999998545, 5941882.275000000372529 ], [ 45093.599999999998545, 5941882.200000000186265 ], [ 45093.67500000000291, 5941882.200000000186265 ], [ 45093.67500000000291, 5941882.125 ], [ 45093.75, 5941882.125 ], [ 45093.75, 5941882.049999999813735 ], [ 45093.82499999999709, 5941882.049999999813735 ], [ 45093.82499999999709, 5941881.974999999627471 ], [ 45093.900000000001455, 5941881.974999999627471 ], [ 45093.900000000001455, 5941881.900000000372529 ], [ 45093.974999999998545, 5941881.900000000372529 ], [ 45093.974999999998545, 5941881.825000000186265 ], [ 45094.05000000000291, 5941881.825000000186265 ], [ 45094.05000000000291, 5941881.75 ], [ 45094.19999999999709, 5941881.75 ], [ 45094.19999999999709, 5941881.674999999813735 ], [ 45094.275000000001455, 5941881.674999999813735 ], [ 45094.275000000001455, 5941881.599999999627471 ], [ 45094.42500000000291, 5941881.599999999627471 ], [ 45094.42500000000291, 5941881.525000000372529 ], [ 45094.5, 5941881.525000000372529 ], [ 45094.5, 5941881.450000000186265 ], [ 45094.650000000001455, 5941881.450000000186265 ], [ 45094.650000000001455, 5941881.375 ], [ 45094.724999999998545, 5941881.375 ], [ 45094.724999999998545, 5941881.299999999813735 ], [ 45094.80000000000291, 5941881.299999999813735 ], [ 45094.80000000000291, 5941881.224999999627471 ], [ 45094.875, 5941881.224999999627471 ], [ 45094.875, 5941881.150000000372529 ], [ 45095.025000000001455, 5941881.150000000372529 ], [ 45095.025000000001455, 5941881.075000000186265 ], [ 45095.099999999998545, 5941881.075000000186265 ], [ 45095.099999999998545, 5941881.0 ], [ 45095.17500000000291, 5941881.0 ], [ 45095.17500000000291, 5941880.924999999813735 ], [ 45095.25, 5941880.924999999813735 ], [ 45095.25, 5941880.849999999627471 ], [ 45095.32499999999709, 5941880.849999999627471 ], [ 45095.32499999999709, 5941880.700000000186265 ], [ 45095.400000000001455, 5941880.700000000186265 ], [ 45095.400000000001455, 5941880.625 ], [ 45095.474999999998545, 5941880.625 ], [ 45095.474999999998545, 5941880.549999999813735 ], [ 45095.55000000000291, 5941880.549999999813735 ], [ 45095.55000000000291, 5941880.474999999627471 ], [ 45095.69999999999709, 5941880.474999999627471 ], [ 45095.69999999999709, 5941880.400000000372529 ], [ 45095.775000000001455, 5941880.400000000372529 ], [ 45095.775000000001455, 5941880.325000000186265 ], [ 45095.849999999998545, 5941880.325000000186265 ], [ 45095.849999999998545, 5941880.25 ], [ 45096.0, 5941880.25 ], [ 45096.0, 5941880.174999999813735 ], [ 45096.07499999999709, 5941880.174999999813735 ], [ 45096.07499999999709, 5941880.099999999627471 ], [ 45096.375, 5941880.099999999627471 ], [ 45096.375, 5941880.025000000372529 ], [ 45096.599999999998545, 5941880.025000000372529 ], [ 45096.599999999998545, 5941879.950000000186265 ], [ 45096.82499999999709, 5941879.950000000186265 ], [ 45096.82499999999709, 5941879.875 ], [ 45097.125, 5941879.875 ], [ 45097.125, 5941879.799999999813735 ], [ 45097.42500000000291, 5941879.799999999813735 ], [ 45097.42500000000291, 5941879.724999999627471 ], [ 45097.724999999998545, 5941879.724999999627471 ], [ 45097.724999999998545, 5941879.650000000372529 ], [ 45098.025000000001455, 5941879.650000000372529 ], [ 45098.025000000001455, 5941879.575000000186265 ], [ 45098.400000000001455, 5941879.575000000186265 ], [ 45098.400000000001455, 5941879.5 ], [ 45098.69999999999709, 5941879.5 ], [ 45098.69999999999709, 5941879.424999999813735 ], [ 45099.0, 5941879.424999999813735 ], [ 45099.0, 5941879.349999999627471 ], [ 45099.30000000000291, 5941879.349999999627471 ], [ 45099.30000000000291, 5941879.275000000372529 ], [ 45099.525000000001455, 5941879.275000000372529 ], [ 45099.525000000001455, 5941879.200000000186265 ], [ 45099.75, 5941879.200000000186265 ], [ 45099.75, 5941879.125 ], [ 45100.875, 5941879.125 ], [ 45100.875, 5941879.200000000186265 ], [ 45101.849999999998545, 5941879.200000000186265 ], [ 45101.849999999998545, 5941879.275000000372529 ], [ 45102.224999999998545, 5941879.275000000372529 ], [ 45102.224999999998545, 5941879.349999999627471 ], [ 45102.44999999999709, 5941879.349999999627471 ], [ 45102.44999999999709, 5941879.424999999813735 ], [ 45102.75, 5941879.424999999813735 ], [ 45102.75, 5941879.5 ], [ 45103.05000000000291, 5941879.5 ], [ 45103.05000000000291, 5941879.575000000186265 ], [ 45103.42500000000291, 5941879.575000000186265 ], [ 45103.42500000000291, 5941879.650000000372529 ], [ 45103.724999999998545, 5941879.650000000372529 ], [ 45103.724999999998545, 5941879.724999999627471 ], [ 45103.94999999999709, 5941879.724999999627471 ], [ 45103.94999999999709, 5941879.799999999813735 ], [ 45104.17500000000291, 5941879.799999999813735 ], [ 45104.17500000000291, 5941879.875 ], [ 45104.25, 5941879.875 ], [ 45104.25, 5941879.950000000186265 ], [ 45104.400000000001455, 5941879.950000000186265 ], [ 45104.400000000001455, 5941880.025000000372529 ], [ 45104.55000000000291, 5941880.025000000372529 ], [ 45104.55000000000291, 5941880.099999999627471 ], [ 45104.625, 5941880.099999999627471 ], [ 45104.625, 5941880.174999999813735 ], [ 45104.69999999999709, 5941880.174999999813735 ], [ 45104.69999999999709, 5941880.25 ], [ 45104.849999999998545, 5941880.25 ], [ 45104.849999999998545, 5941880.325000000186265 ], [ 45104.92500000000291, 5941880.325000000186265 ], [ 45104.92500000000291, 5941880.400000000372529 ], [ 45105.0, 5941880.400000000372529 ], [ 45105.0, 5941880.474999999627471 ], [ 45105.07499999999709, 5941880.474999999627471 ], [ 45105.07499999999709, 5941880.549999999813735 ], [ 45105.150000000001455, 5941880.549999999813735 ], [ 45105.150000000001455, 5941880.700000000186265 ], [ 45105.224999999998545, 5941880.700000000186265 ], [ 45105.224999999998545, 5941880.775000000372529 ], [ 45105.30000000000291, 5941880.775000000372529 ], [ 45105.30000000000291, 5941880.849999999627471 ], [ 45105.375, 5941880.849999999627471 ], [ 45105.375, 5941880.924999999813735 ], [ 45105.44999999999709, 5941880.924999999813735 ], [ 45105.44999999999709, 5941881.0 ], [ 45105.525000000001455, 5941881.0 ], [ 45105.525000000001455, 5941881.075000000186265 ], [ 45105.599999999998545, 5941881.075000000186265 ], [ 45105.599999999998545, 5941881.150000000372529 ], [ 45105.67500000000291, 5941881.150000000372529 ], [ 45105.67500000000291, 5941881.224999999627471 ], [ 45105.82499999999709, 5941881.224999999627471 ], [ 45105.82499999999709, 5941881.299999999813735 ], [ 45105.900000000001455, 5941881.299999999813735 ], [ 45105.900000000001455, 5941881.375 ], [ 45106.05000000000291, 5941881.375 ], [ 45106.05000000000291, 5941881.450000000186265 ], [ 45106.19999999999709, 5941881.450000000186265 ], [ 45106.19999999999709, 5941881.525000000372529 ], [ 45106.275000000001455, 5941881.525000000372529 ], [ 45106.275000000001455, 5941881.599999999627471 ], [ 45106.349999999998545, 5941881.599999999627471 ], [ 45106.349999999998545, 5941881.674999999813735 ], [ 45106.42500000000291, 5941881.674999999813735 ], [ 45106.42500000000291, 5941881.75 ], [ 45106.5, 5941881.75 ], [ 45106.5, 5941881.825000000186265 ], [ 45106.57499999999709, 5941881.825000000186265 ], [ 45106.57499999999709, 5941881.900000000372529 ], [ 45106.650000000001455, 5941881.900000000372529 ], [ 45106.650000000001455, 5941881.974999999627471 ], [ 45106.724999999998545, 5941881.974999999627471 ], [ 45106.724999999998545, 5941882.049999999813735 ], [ 45106.80000000000291, 5941882.049999999813735 ], [ 45106.80000000000291, 5941882.125 ], [ 45106.875, 5941882.125 ], [ 45106.875, 5941882.275000000372529 ], [ 45106.94999999999709, 5941882.275000000372529 ], [ 45106.94999999999709, 5941882.349999999627471 ], [ 45107.025000000001455, 5941882.349999999627471 ], [ 45107.025000000001455, 5941882.5 ], [ 45107.099999999998545, 5941882.5 ], [ 45107.099999999998545, 5941882.650000000372529 ], [ 45107.17500000000291, 5941882.650000000372529 ], [ 45107.17500000000291, 5941882.799999999813735 ], [ 45107.25, 5941882.799999999813735 ], [ 45107.25, 5941882.950000000186265 ], [ 45107.32499999999709, 5941882.950000000186265 ], [ 45107.32499999999709, 5941883.025000000372529 ], [ 45107.400000000001455, 5941883.025000000372529 ], [ 45107.400000000001455, 5941883.174999999813735 ], [ 45107.474999999998545, 5941883.174999999813735 ], [ 45107.474999999998545, 5941883.25 ], [ 45107.55000000000291, 5941883.25 ], [ 45107.55000000000291, 5941883.325000000186265 ], [ 45107.625, 5941883.325000000186265 ], [ 45107.625, 5941883.474999999627471 ], [ 45107.69999999999709, 5941883.474999999627471 ], [ 45107.69999999999709, 5941883.549999999813735 ], [ 45107.775000000001455, 5941883.549999999813735 ], [ 45107.775000000001455, 5941883.625 ], [ 45107.849999999998545, 5941883.625 ], [ 45107.849999999998545, 5941883.700000000186265 ], [ 45108.0, 5941883.700000000186265 ], [ 45108.0, 5941883.775000000372529 ], [ 45108.07499999999709, 5941883.775000000372529 ], [ 45108.07499999999709, 5941883.849999999627471 ], [ 45108.150000000001455, 5941883.849999999627471 ], [ 45108.150000000001455, 5941883.924999999813735 ], [ 45108.224999999998545, 5941883.924999999813735 ], [ 45108.224999999998545, 5941884.075000000186265 ], [ 45108.30000000000291, 5941884.075000000186265 ], [ 45108.30000000000291, 5941884.150000000372529 ], [ 45108.375, 5941884.150000000372529 ], [ 45108.375, 5941884.224999999627471 ], [ 45108.44999999999709, 5941884.224999999627471 ], [ 45108.44999999999709, 5941884.375 ], [ 45108.525000000001455, 5941884.375 ], [ 45108.525000000001455, 5941884.450000000186265 ], [ 45108.599999999998545, 5941884.450000000186265 ], [ 45108.599999999998545, 5941884.599999999627471 ], [ 45108.67500000000291, 5941884.599999999627471 ], [ 45108.67500000000291, 5941884.825000000186265 ], [ 45108.75, 5941884.825000000186265 ], [ 45108.75, 5941885.125 ], [ 45108.82499999999709, 5941885.125 ], [ 45108.82499999999709, 5941885.424999999813735 ], [ 45108.900000000001455, 5941885.424999999813735 ], [ 45108.900000000001455, 5941885.724999999627471 ], [ 45108.974999999998545, 5941885.724999999627471 ], [ 45108.974999999998545, 5941886.025000000372529 ], [ 45109.05000000000291, 5941886.025000000372529 ], [ 45109.05000000000291, 5941886.400000000372529 ], [ 45109.125, 5941886.400000000372529 ], [ 45109.125, 5941888.799999999813735 ], [ 45109.05000000000291, 5941888.799999999813735 ], [ 45109.05000000000291, 5941889.174999999813735 ], [ 45108.974999999998545, 5941889.174999999813735 ], [ 45108.974999999998545, 5941889.474999999627471 ], [ 45108.900000000001455, 5941889.474999999627471 ], [ 45108.900000000001455, 5941889.849999999627471 ], [ 45108.82499999999709, 5941889.849999999627471 ], [ 45108.82499999999709, 5941890.224999999627471 ], [ 45108.75, 5941890.224999999627471 ], [ 45108.75, 5941890.525000000372529 ], [ 45108.67500000000291, 5941890.525000000372529 ], [ 45108.67500000000291, 5941890.674999999813735 ], [ 45108.599999999998545, 5941890.674999999813735 ], [ 45108.599999999998545, 5941890.825000000186265 ], [ 45108.525000000001455, 5941890.825000000186265 ], [ 45108.525000000001455, 5941890.974999999627471 ], [ 45108.44999999999709, 5941890.974999999627471 ], [ 45108.44999999999709, 5941891.049999999813735 ], [ 45108.375, 5941891.049999999813735 ], [ 45108.375, 5941891.200000000186265 ], [ 45108.30000000000291, 5941891.200000000186265 ], [ 45108.30000000000291, 5941891.275000000372529 ], [ 45108.224999999998545, 5941891.275000000372529 ], [ 45108.224999999998545, 5941891.349999999627471 ], [ 45108.150000000001455, 5941891.349999999627471 ], [ 45108.150000000001455, 5941891.5 ], [ 45108.07499999999709, 5941891.5 ], [ 45108.07499999999709, 5941891.575000000186265 ], [ 45108.0, 5941891.575000000186265 ], [ 45108.0, 5941891.650000000372529 ], [ 45107.92500000000291, 5941891.650000000372529 ], [ 45107.92500000000291, 5941891.724999999627471 ], [ 45107.775000000001455, 5941891.724999999627471 ], [ 45107.775000000001455, 5941891.799999999813735 ], [ 45107.69999999999709, 5941891.799999999813735 ], [ 45107.69999999999709, 5941891.950000000186265 ], [ 45107.625, 5941891.950000000186265 ], [ 45107.625, 5941892.025000000372529 ], [ 45107.55000000000291, 5941892.025000000372529 ], [ 45107.55000000000291, 5941892.099999999627471 ], [ 45107.474999999998545, 5941892.099999999627471 ], [ 45107.474999999998545, 5941892.174999999813735 ], [ 45107.400000000001455, 5941892.174999999813735 ], [ 45107.400000000001455, 5941892.325000000186265 ], [ 45107.32499999999709, 5941892.325000000186265 ], [ 45107.32499999999709, 5941892.400000000372529 ], [ 45107.25, 5941892.400000000372529 ], [ 45107.25, 5941892.549999999813735 ], [ 45107.17500000000291, 5941892.549999999813735 ], [ 45107.17500000000291, 5941892.700000000186265 ], [ 45107.099999999998545, 5941892.700000000186265 ], [ 45107.099999999998545, 5941892.849999999627471 ], [ 45107.025000000001455, 5941892.849999999627471 ], [ 45107.025000000001455, 5941892.924999999813735 ], [ 45106.94999999999709, 5941892.924999999813735 ], [ 45106.94999999999709, 5941893.075000000186265 ], [ 45106.875, 5941893.075000000186265 ], [ 45106.875, 5941893.150000000372529 ], [ 45106.80000000000291, 5941893.150000000372529 ], [ 45106.80000000000291, 5941893.224999999627471 ], [ 45106.724999999998545, 5941893.224999999627471 ], [ 45106.724999999998545, 5941893.375 ], [ 45106.650000000001455, 5941893.375 ], [ 45106.650000000001455, 5941893.450000000186265 ], [ 45106.57499999999709, 5941893.450000000186265 ], [ 45106.57499999999709, 5941893.525000000372529 ], [ 45106.5, 5941893.525000000372529 ], [ 45106.5, 5941893.599999999627471 ], [ 45106.42500000000291, 5941893.599999999627471 ], [ 45106.42500000000291, 5941893.674999999813735 ], [ 45106.349999999998545, 5941893.674999999813735 ], [ 45106.349999999998545, 5941893.75 ], [ 45106.275000000001455, 5941893.75 ], [ 45106.275000000001455, 5941893.825000000186265 ], [ 45106.19999999999709, 5941893.825000000186265 ], [ 45106.19999999999709, 5941893.900000000372529 ], [ 45106.125, 5941893.900000000372529 ], [ 45106.125, 5941893.974999999627471 ], [ 45105.974999999998545, 5941893.974999999627471 ], [ 45105.974999999998545, 5941894.049999999813735 ], [ 45105.900000000001455, 5941894.049999999813735 ], [ 45105.900000000001455, 5941894.125 ], [ 45105.82499999999709, 5941894.125 ], [ 45105.82499999999709, 5941894.200000000186265 ], [ 45105.67500000000291, 5941894.200000000186265 ], [ 45105.67500000000291, 5941894.275000000372529 ], [ 45105.599999999998545, 5941894.275000000372529 ], [ 45105.599999999998545, 5941894.349999999627471 ], [ 45105.525000000001455, 5941894.349999999627471 ], [ 45105.525000000001455, 5941894.424999999813735 ], [ 45105.44999999999709, 5941894.424999999813735 ], [ 45105.44999999999709, 5941894.5 ], [ 45105.375, 5941894.5 ], [ 45105.375, 5941894.575000000186265 ], [ 45105.30000000000291, 5941894.575000000186265 ], [ 45105.30000000000291, 5941894.650000000372529 ], [ 45105.224999999998545, 5941894.650000000372529 ], [ 45105.224999999998545, 5941894.724999999627471 ], [ 45105.150000000001455, 5941894.724999999627471 ], [ 45105.150000000001455, 5941894.799999999813735 ], [ 45105.07499999999709, 5941894.799999999813735 ], [ 45105.07499999999709, 5941894.875 ], [ 45105.0, 5941894.875 ], [ 45105.0, 5941894.950000000186265 ], [ 45104.849999999998545, 5941894.950000000186265 ], [ 45104.849999999998545, 5941895.025000000372529 ], [ 45104.775000000001455, 5941895.025000000372529 ], [ 45104.775000000001455, 5941895.099999999627471 ], [ 45104.625, 5941895.099999999627471 ], [ 45104.625, 5941895.174999999813735 ], [ 45104.474999999998545, 5941895.174999999813735 ], [ 45104.474999999998545, 5941895.25 ], [ 45104.400000000001455, 5941895.25 ], [ 45104.400000000001455, 5941895.325000000186265 ], [ 45104.17500000000291, 5941895.325000000186265 ], [ 45104.17500000000291, 5941895.400000000372529 ], [ 45104.025000000001455, 5941895.400000000372529 ], [ 45104.025000000001455, 5941895.474999999627471 ], [ 45103.80000000000291, 5941895.474999999627471 ], [ 45103.80000000000291, 5941895.549999999813735 ], [ 45103.57499999999709, 5941895.549999999813735 ], [ 45103.57499999999709, 5941895.625 ], [ 45103.349999999998545, 5941895.625 ], [ 45103.349999999998545, 5941895.700000000186265 ], [ 45103.125, 5941895.700000000186265 ], [ 45103.125, 5941895.775000000372529 ], [ 45102.900000000001455, 5941895.775000000372529 ], [ 45102.900000000001455, 5941895.849999999627471 ], [ 45102.75, 5941895.849999999627471 ], [ 45102.75, 5941895.924999999813735 ], [ 45102.525000000001455, 5941895.924999999813735 ], [ 45102.525000000001455, 5941896.0 ], [ 45102.375, 5941896.0 ], [ 45102.375, 5941896.075000000186265 ], [ 45102.224999999998545, 5941896.075000000186265 ], [ 45102.224999999998545, 5941896.150000000372529 ], [ 45102.07499999999709, 5941896.150000000372529 ], [ 45102.07499999999709, 5941896.224999999627471 ], [ 45101.849999999998545, 5941896.224999999627471 ], [ 45101.849999999998545, 5941896.299999999813735 ], [ 45100.875, 5941896.299999999813735 ], [ 45100.875, 5941896.375 ], [ 45100.05000000000291, 5941896.375 ], [ 45100.05000000000291, 5941896.450000000186265 ], [ 45099.974999999998545, 5941896.450000000186265 ] ] ] } },
{ "type": "Feature", "properties": { "value": 1.0, "building_id": 2, "area": 15.091874999898828 }, "geometry": { "type": "Polygon", "coordinates": [ [ [ 45084.30000000000291, 5941856.549999999813735 ], [ 45084.30000000000291, 5941856.474999999627471 ], [ 45084.224999999998545, 5941856.474999999627471 ], [ 45084.224999999998545, 5941856.400000000372529 ], [ 45084.150000000001455, 5941856.400000000372529 ], [ 45084.150000000001455, 5941856.25 ], [ 45084.07499999999709, 5941856.25 ], [ 45084.07499999999709, 5941856.174999999813735 ], [ 45084.0, 5941856.174999999813735 ], [ 45084.0, 5941856.099999999627471 ], [ 45083.92500000000291, 5941856.099999999627471 ], [ 45083.92500000000291, 5941855.950000000186265 ], [ 45083.849999999998545, 5941855.950000000186265 ], [ 45083.849999999998545, 5941855.875 ], [ 45083.775000000001455, 5941855.875 ], [ 45083.775000000001455, 5941855.724999999627471 ], [ 45083.69999999999709, 5941855.724999999627471 ], [ 45083.69999999999709, 5941855.650000000372529 ], [ 45083.625, 5941855.650000000372529 ], [ 45083.625, 5941855.5 ], [ 45083.55000000000291, 5941855.5 ], [ 45083.55000000000291, 5941854.150000000372529 ], [ 45083.625, 5941854.150000000372529 ], [ 45083.625, 5941852.950000000186265 ], [ 45083.69999999999709, 5941852.950000000186265 ], [ 45083.69999999999709, 5941851.900000000372529 ], [ 45083.775000000001455, 5941851.900000000372529 ], [ 45083.775000000001455, 5941850.924999999813735 ], [ 45083.849999999998545, 5941850.924999999813735 ], [ 45083.849999999998545, 5941850.174999999813735 ], [ 45083.92500000000291, 5941850.174999999813735 ], [ 45083.92500000000291, 5941849.5 ], [ 45084.0, 5941849.5 ], [ 45084.0, 5941849.424999999813735 ], [ 45084.07499999999709, 5941849.424999999813735 ], [ 45084.07499999999709, 5941849.349999999627471 ], [ 45084.150000000001455, 5941849.349999999627471 ], [ 45084.150000000001455, 5941849.275000000372529 ], [ 45084.224999999998545, 5941849.275000000372529 ], [ 45084.224999999998545, 5941849.200000000186265 ], [ 45084.30000000000291, 5941849.200000000186265 ], [ 45084.30000000000291, 5941849.125 ], [ 45084.44999999999709, 5941849.125 ], [ 45084.44999999999709, 5941849.200000000186265 ], [ 45084.525000000001455, 5941849.200000000186265 ], [ 45084.525000000001455, 5941849.275000000372529 ], [ 45084.599999999998545, 5941849.275000000372529 ], [ 45084.599999999998545, 5941849.349999999627471 ], [ 45084.67500000000291, 5941849.349999999627471 ], [ 45084.67500000000291, 5941849.424999999813735 ], [ 45084.75, 5941849.424999999813735 ], [ 45084.75, 5941849.5 ], [ 45084.82499999999709, 5941849.5 ], [ 45084.82499999999709, 5941849.799999999813735 ], [ 45084.900000000001455, 5941849.799999999813735 ], [ 45084.900000000001455, 5941850.099999999627471 ], [ 45084.974999999998545, 5941850.099999999627471 ], [ 45084.974999999998545, 5941850.400000000372529 ], [ 45085.05000000000291, 5941850.400000000372529 ], [ 45085.05000000000291, 5941850.700000000186265 ], [ 45085.125, 5941850.700000000186265 ], [ 45085.125, 5941850.924999999813735 ], [ 45085.19999999999709, 5941850.924999999813735 ], [ 45085.19999999999709, 5941851.150000000372529 ], [ 45085.275000000001455, 5941851.150000000372529 ], [ 45085.275000000001455, 5941851.375 ], [ 45085.349999999998545, 5941851.375 ], [ 45085.349999999998545, 5941851.599999999627471 ], [ 45085.42500000000291, 5941851.599999999627471 ], [ 45085.42500000000291, 5941851.825000000186265 ], [ 45085.5, 5941851.825000000186265 ], [ 45085.5, 5941851.974999999627471 ], [ 45085.57499999999709, 5941851.974999999627471 ], [ 45085.57499999999709, 5941852.200000000186265 ], [ 45085.650000000001455, 5941852.200000000186265 ], [ 45085.650000000001455, 5941852.349999999627471 ], [ 45085.724999999998545, 5941852.349999999627471 ], [ 45085.724999999998545, 5941852.5 ], [ 45085.80000000000291, 5941852.5 ], [ 45085.80000000000291, 5941852.650000000372529 ], [ 45085.875, 5941852.650000000372529 ], [ 45085.875, 5941852.724999999627471 ], [ 45085.94999999999709, 5941852.724999999627471 ], [ 45085.94999999999709, 5941852.875 ], [ 45086.025000000001455, 5941852.875 ], [ 45086.025000000001455, 5941853.025000000372529 ], [ 45086.099999999998545, 5941853.025000000372529 ], [ 45086.099999999998545, 5941853.099999999627471 ], [ 45086.17500000000291, 5941853.099999999627471 ], [ 45086.17500000000291, 5941853.25 ], [ 45086.25, 5941853.25 ], [ 45086.25, 5941853.325000000186265 ], [ 45086.32499999999709, 5941853.325000000186265 ], [ 45086.32499999999709, 5941853.549999999813735 ], [ 45086.400000000001455, 5941853.549999999813735 ], [ 45086.400000000001455, 5941853.849999999627471 ], [ 45086.474999999998545, 5941853.849999999627471 ], [ 45086.474999999998545, 5941854.224999999627471 ], [ 45086.55000000000291, 5941854.224999999627471 ], [ 45086.55000000000291, 5941854.525000000372529 ], [ 45086.625, 5941854.525000000372529 ], [ 45086.625, 5941854.900000000372529 ], [ 45086.69999999999709, 5941854.900000000372529 ], [ 45086.69999999999709, 5941855.200000000186265 ], [ 45086.775000000001455, 5941855.200000000186265 ], [ 45086.775000000001455, 5941855.424999999813735 ], [ 45086.69999999999709, 5941855.424999999813735 ], [ 45086.69999999999709, 5941855.575000000186265 ], [ 45086.625, 5941855.575000000186265 ], [ 45086.625, 5941855.724999999627471 ], [ 45086.55000000000291, 5941855.724999999627471 ], [ 45086.55000000000291, 5941855.875 ], [ 45086.474999999998545, 5941855.875 ], [ 45086.474999999998545, 5941856.025000000372529 ], [ 45086.400000000001455, 5941856.025000000372529 ], [ 45086.400000000001455, 5941856.099999999627471 ], [ 45086.32499999999709, 5941856.099999999627471 ], [ 45086.32499999999709, 5941856.174999999813735 ], [ 45086.17500000000291, 5941856.174999999813735 ], [ 45086.17500000000291, 5941856.25 ], [ 45085.80000000000291, 5941856.25 ], [ 45085.80000000000291, 5941856.325000000186265 ], [ 45085.42500000000291, 5941856.325000000186265 ], [ 45085.42500000000291, 5941856.400000000372529 ], [ 45085.05000000000291, 5941856.400000000372529 ], [ 45085.05000000000291, 5941856.474999999627471 ], [ 45084.67500000000291, 5941856.474999999627471 ], [ 45084.67500000000291, 5941856.549999999813735 ], [ 45084.30000000000291, 5941856.549999999813735 ] ] ] } },
{ "type": "Feature", "properties": { "value": 1.0, "building_id": 3, "area": 68.445000000673204 }, "geometry": { "type": "Polygon", "coordinates": [ [ [ 45078.0, 5941819.724999999627471 ], [ 45078.0, 5941819.650000000372529 ], [ 45076.5, 5941819.650000000372529 ], [ 45076.5, 5941819.575000000186265 ], [ 45076.349999999998545, 5941819.575000000186265 ], [ 45076.349999999998545, 5941819.5 ], [ 45076.275000000001455, 5941819.5 ], [ 45076.275000000001455, 5941819.424999999813735 ], [ 45076.125, 5941819.424999999813735 ], [ 45076.125, 5941819.349999999627471 ], [ 45076.05000000000291, 5941819.349999999627471 ], [ 45076.05000000000291, 5941819.275000000372529 ], [ 45075.900000000001455, 5941819.275000000372529 ], [ 45075.900000000001455, 5941819.200000000186265 ], [ 45075.82499999999709, 5941819.200000000186265 ], [ 45075.82499999999709, 5941819.125 ], [ 45075.75, 5941819.125 ], [ 45075.75, 5941819.049999999813735 ], [ 45075.67500000000291, 5941819.049999999813735 ], [ 45075.67500000000291, 5941818.974999999627471 ], [ 45075.599999999998545, 5941818.974999999627471 ], [ 45075.599999999998545, 5941818.900000000372529 ], [ 45075.525000000001455, 5941818.900000000372529 ], [ 45075.525000000001455, 5941818.825000000186265 ], [ 45075.44999999999709, 5941818.825000000186265 ], [ 45075.44999999999709, 5941818.75 ], [ 45075.375, 5941818.75 ], [ 45075.375, 5941818.674999999813735 ], [ 45075.30000000000291, 5941818.674999999813735 ], [ 45075.30000000000291, 5941818.599999999627471 ], [ 45075.224999999998545, 5941818.599999999627471 ], [ 45075.224999999998545, 5941818.450000000186265 ], [ 45075.150000000001455, 5941818.450000000186265 ], [ 45075.150000000001455, 5941818.375 ], [ 45075.07499999999709, 5941818.375 ], [ 45075.07499999999709, 5941818.224999999627471 ], [ 45075.0, 5941818.224999999627471 ], [ 45075.0, 5941818.0 ], [ 45074.92500000000291, 5941818.0 ], [ 45074.92500000000291, 5941817.775000000372529 ], [ 45074.849999999998545, 5941817.775000000372529 ], [ 45074.849999999998545, 5941817.549999999813735 ], [ 45074.775000000001455, 5941817.549999999813735 ], [ 45074.775000000001455, 5941817.325000000186265 ], [ 45074.69999999999709, 5941817.325000000186265 ], [ 45074.69999999999709, 5941817.099999999627471 ], [ 45074.625, 5941817.099999999627471 ], [ 45074.625, 5941816.875 ], [ 45074.55000000000291, 5941816.875 ], [ 45074.55000000000291, 5941816.650000000372529 ], [ 45074.474999999998545, 5941816.650000000372529 ], [ 45074.474999999998545, 5941816.424999999813735 ], [ 45074.400000000001455, 5941816.424999999813735 ], [ 45074.400000000001455, 5941813.275000000372529 ], [ 45074.32499999999709, 5941813.275000000372529 ], [ 45074.32499999999709, 5941810.424999999813735 ], [ 45074.400000000001455, 5941810.424999999813735 ], [ 45074.400000000001455, 5941810.275000000372529 ], [ 45074.474999999998545, 5941810.275000000372529 ], [ 45074.474999999998545, 5941810.200000000186265 ], [ 45074.55000000000291, 5941810.200000000186265 ], [ 45074.55000000000291, 5941810.125 ], [ 45074.625, 5941810.125 ], [ 45074.625, 5941810.049999999813735 ], [ 45074.69999999999709, 5941810.049999999813735 ], [ 45074.69999999999709, 5941809.974999999627471 ], [ 45074.849999999998545, 5941809.974999999627471 ], [ 45074.849999999998545, 5941809.900000000372529 ], [ 45074.92500000000291, 5941809.900000000372529 ], [ 45074.92500000000291, 5941809.825000000186265 ], [ 45075.0, 5941809.825000000186265 ], [ 45075.0, 5941809.75 ], [ 45075.07499999999709, 5941809.75 ], [ 45075.07499999999709, 5941809.674999999813735 ], [ 45075.150000000001455, 5941809.674999999813735 ], [ 45075.150000000001455, 5941809.599999999627471 ], [ 45075.224999999998545, 5941809.599999999627471 ], [ 45075.224999999998545, 5941809.525000000372529 ], [ 45075.30000000000291, 5941809.525000000372529 ], [ 45075.30000000000291, 5941809.450000000186265 ], [ 45075.375, 5941809.450000000186265 ], [ 45075.375, 5941809.375 ], [ 45075.44999999999709, 5941809.375 ], [ 45075.44999999999709, 5941809.224999999627471 ], [ 45075.525000000001455, 5941809.224999999627471 ], [ 45075.525000000001455, 5941809.150000000372529 ], [ 45075.599999999998545, 5941809.150000000372529 ], [ 45075.599999999998545, 5941809.075000000186265 ], [ 45075.67500000000291, 5941809.075000000186265 ], [ 45075.67500000000291, 5941809.0 ], [ 45075.75, 5941809.0 ], [ 45075.75, 5941808.849999999627471 ], [ 45075.82499999999709, 5941808.849999999627471 ], [ 45075.82499999999709, 5941808.775000000372529 ], [ 45075.900000000001455, 5941808.775000000372529 ], [ 45075.900000000001455, 5941808.700000000186265 ], [ 45075.974999999998545, 5941808.700000000186265 ], [ 45075.974999999998545, 5941808.549999999813735 ], [ 45076.05000000000291, 5941808.549999999813735 ], [ 45076.05000000000291, 5941808.474999999627471 ], [ 45076.125, 5941808.474999999627471 ], [ 45076.125, 5941808.400000000372529 ], [ 45076.19999999999709, 5941808.400000000372529 ], [ 45076.19999999999709, 5941808.325000000186265 ], [ 45076.349999999998545, 5941808.325000000186265 ], [ 45076.349999999998545, 5941808.25 ], [ 45076.42500000000291, 5941808.25 ], [ 45076.42500000000291, 5941808.174999999813735 ], [ 45077.849999999998545, 5941808.174999999813735 ], [ 45077.849999999998545, 5941808.25 ], [ 45078.525000000001455, 5941808.25 ], [ 45078.525000000001455, 5941808.325000000186265 ], [ 45078.67500000000291, 5941808.325000000186265 ], [ 45078.67500000000291, 5941808.400000000372529 ], [ 45078.75, 5941808.400000000372529 ], [ 45078.75, 5941808.474999999627471 ], [ 45078.82499999999709, 5941808.474999999627471 ], [ 45078.82499999999709, 5941808.549999999813735 ], [ 45078.900000000001455, 5941808.549999999813735 ], [ 45078.900000000001455, 5941808.625 ], [ 45078.974999999998545, 5941808.625 ], [ 45078.974999999998545, 5941808.775000000372529 ], [ 45079.05000000000291, 5941808.775000000372529 ], [ 45079.05000000000291, 5941808.849999999627471 ], [ 45079.125, 5941808.849999999627471 ], [ 45079.125, 5941809.0 ], [ 45079.19999999999709, 5941809.0 ], [ 45079.19999999999709, 5941809.075000000186265 ], [ 45079.275000000001455, 5941809.075000000186265 ], [ 45079.275000000001455, 5941809.224999999627471 ], [ 45079.349999999998545, 5941809.224999999627471 ], [ 45079.349999999998545, 5941809.299999999813735 ], [ 45079.42500000000291, 5941809.299999999813735 ], [ 45079.42500000000291, 5941809.375 ], [ 45079.5, 5941809.375 ], [ 45079.5, 5941809.525000000372529 ], [ 45079.57499999999709, 5941809.525000000372529 ], [ 45079.57499999999709, 5941809.599999999627471 ], [ 45079.650000000001455, 5941809.599999999627471 ], [ 45079.650000000001455, 5941809.674999999813735 ], [ 45079.724999999998545, 5941809.674999999813735 ], [ 45079.724999999998545, 5941809.825000000186265 ], [ 45079.80000000000291, 5941809.825000000186265 ], [ 45079.80000000000291, 5941809.900000000372529 ], [ 45079.875, 5941809.900000000372529 ], [ 45079.875, 5941809.974999999627471 ], [ 45079.94999999999709, 5941809.974999999627471 ], [ 45079.94999999999709, 5941810.125 ], [ 45080.025000000001455, 5941810.125 ], [ 45080.025000000001455, 5941810.200000000186265 ], [ 45080.099999999998545, 5941810.200000000186265 ], [ 45080.099999999998545, 5941810.275000000372529 ], [ 45080.17500000000291, 5941810.275000000372529 ], [ 45080.17500000000291, 5941810.349999999627471 ], [ 45080.25, 5941810.349999999627471 ], [ 45080.25, 5941810.5 ], [ 45080.32499999999709, 5941810.5 ], [ 45080.32499999999709, 5941810.799999999813735 ], [ 45080.400000000001455, 5941810.799999999813735 ], [ 45080.400000000001455, 5941811.025000000372529 ], [ 45080.474999999998545, 5941811.025000000372529 ], [ 45080.474999999998545, 5941811.25 ], [ 45080.55000000000291, 5941811.25 ], [ 45080.55000000000291, 5941811.474999999627471 ], [ 45080.625, 5941811.474999999627471 ], [ 45080.625, 5941811.700000000186265 ], [ 45080.69999999999709, 5941811.700000000186265 ], [ 45080.69999999999709, 5941811.924999999813735 ], [ 45080.775000000001455, 5941811.924999999813735 ], [ 45080.775000000001455, 5941812.224999999627471 ], [ 45080.849999999998545, 5941812.224999999627471 ], [ 45080.849999999998545, 5941812.525000000372529 ], [ 45080.92500000000291, 5941812.525000000372529 ], [ 45080.92500000000291, 5941812.825000000186265 ], [ 45081.0, 5941812.825000000186265 ], [ 45081.0, 5941813.125 ], [ 45081.07499999999709, 5941813.125 ], [ 45081.07499999999709, 5941813.424999999813735 ], [ 45081.150000000001455, 5941813.424999999813735 ], [ 45081.150000000001455, 5941813.799999999813735 ], [ 45081.224999999998545, 5941813.799999999813735 ], [ 45081.224999999998545, 5941814.099999999627471 ], [ 45081.30000000000291, 5941814.099999999627471 ], [ 45081.30000000000291, 5941814.474999999627471 ], [ 45081.375, 5941814.474999999627471 ], [ 45081.375, 5941814.775000000372529 ], [ 45081.44999999999709, 5941814.775000000372529 ], [ 45081.44999999999709, 5941815.0 ], [ 45081.525000000001455, 5941815.0 ], [ 45081.525000000001455, 5941815.299999999813735 ], [ 45081.599999999998545, 5941815.299999999813735 ], [ 45081.599999999998545, 5941815.525000000372529 ], [ 45081.67500000000291, 5941815.525000000372529 ], [ 45081.67500000000291, 5941815.75 ], [ 45081.75, 5941815.75 ], [ 45081.75, 5941815.974999999627471 ], [ 45081.82499999999709, 5941815.974999999627471 ], [ 45081.82499999999709, 5941816.200000000186265 ], [ 45081.900000000001455, 5941816.200000000186265 ], [ 45081.900000000001455, 5941816.424999999813735 ], [ 45081.82499999999709, 5941816.424999999813735 ], [ 45081.82499999999709, 5941816.799999999813735 ], [ 45081.75, 5941816.799999999813735 ], [ 45081.75, 5941817.099999999627471 ], [ 45081.67500000000291, 5941817.099999999627471 ], [ 45081.67500000000291, 5941817.474999999627471 ], [ 45081.599999999998545, 5941817.474999999627471 ], [ 45081.599999999998545, 5941817.700000000186265 ], [ 45081.525000000001455, 5941817.700000000186265 ], [ 45081.525000000001455, 5941818.0 ], [ 45081.44999999999709, 5941818.0 ], [ 45081.44999999999709, 5941818.224999999627471 ], [ 45081.375, 5941818.224999999627471 ], [ 45081.375, 5941818.299999999813735 ], [ 45081.30000000000291, 5941818.299999999813735 ], [ 45081.30000000000291, 5941818.375 ], [ 45081.224999999998545, 5941818.375 ], [ 45081.224999999998545, 5941818.450000000186265 ], [ 45081.150000000001455, 5941818.450000000186265 ], [ 45081.150000000001455, 5941818.525000000372529 ], [ 45081.07499999999709, 5941818.525000000372529 ], [ 45081.07499999999709, 5941818.599999999627471 ], [ 45081.0, 5941818.599999999627471 ], [ 45081.0, 5941818.674999999813735 ], [ 45080.849999999998545, 5941818.674999999813735 ], [ 45080.849999999998545, 5941818.75 ], [ 45080.775000000001455, 5941818.75 ], [ 45080.775000000001455, 5941818.825000000186265 ], [ 45080.625, 5941818.825000000186265 ], [ 45080.625, 5941818.900000000372529 ], [ 45080.474999999998545, 5941818.900000000372529 ], [ 45080.474999999998545, 5941818.974999999627471 ], [ 45080.32499999999709, 5941818.974999999627471 ], [ 45080.32499999999709, 5941819.049999999813735 ], [ 45080.17500000000291, 5941819.049999999813735 ], [ 45080.17500000000291, 5941819.125 ], [ 45079.94999999999709, 5941819.125 ], [ 45079.94999999999709, 5941819.200000000186265 ], [ 45079.80000000000291, 5941819.200000000186265 ], [ 45079.80000000000291, 5941819.275000000372529 ], [ 45079.57499999999709, 5941819.275000000372529 ], [ 45079.57499999999709, 5941819.349999999627471 ], [ 45079.349999999998545, 5941819.349999999627471 ], [ 45079.349999999998545, 5941819.424999999813735 ], [ 45079.19999999999709, 5941819.424999999813735 ], [ 45079.19999999999709, 5941819.5 ], [ 45078.974999999998545, 5941819.5 ], [ 45078.974999999998545, 5941819.575000000186265 ], [ 45078.75, 5941819.575000000186265 ], [ 45078.75, 5941819.650000000372529 ], [ 45078.525000000001455, 5941819.650000000372529 ], [ 45078.525000000001455, 5941819.724999999627471 ], [ 45078.0, 5941819.724999999627471 ] ] ] } },
{ "type": "Feature", "properties": { "value": 1.0, "building_id": 4, "area": 34.852500000363023 }, "geometry": { "type": "Polygon", "coordinates": [ [ [ 45133.05000000000291, 5941812.450000000186265 ], [ 45133.05000000000291, 5941812.375 ], [ 45132.82499999999709, 5941812.375 ], [ 45132.82499999999709, 5941812.299999999813735 ], [ 45132.67500000000291, 5941812.299999999813735 ], [ 45132.67500000000291, 5941812.224999999627471 ], [ 45132.44999999999709, 5941812.224999999627471 ], [ 45132.44999999999709, 5941812.150000000372529 ], [ 45132.224999999998545, 5941812.150000000372529 ], [ 45132.224999999998545, 5941812.075000000186265 ], [ 45132.0, 5941812.075000000186265 ], [ 45132.0, 5941812.0 ], [ 45131.775000000001455, 5941812.0 ], [ 45131.775000000001455, 5941811.924999999813735 ], [ 45131.55000000000291, 5941811.924999999813735 ], [ 45131.55000000000291, 5941811.849999999627471 ], [ 45131.32499999999709, 5941811.849999999627471 ], [ 45131.32499999999709, 5941811.775000000372529 ], [ 45131.17500000000291, 5941811.775000000372529 ], [ 45131.17500000000291, 5941811.700000000186265 ], [ 45131.025000000001455, 5941811.700000000186265 ], [ 45131.025000000001455, 5941811.625 ], [ 45130.94999999999709, 5941811.625 ], [ 45130.94999999999709, 5941811.549999999813735 ], [ 45130.875, 5941811.549999999813735 ], [ 45130.875, 5941811.474999999627471 ], [ 45130.80000000000291, 5941811.474999999627471 ], [ 45130.80000000000291, 5941811.400000000372529 ], [ 45130.650000000001455, 5941811.400000000372529 ], [ 45130.650000000001455, 5941811.325000000186265 ], [ 45130.57499999999709, 5941811.325000000186265 ], [ 45130.57499999999709, 5941811.25 ], [ 45130.5, 5941811.25 ], [ 45130.5, 5941811.174999999813735 ], [ 45130.42500000000291, 5941811.174999999813735 ], [ 45130.42500000000291, 5941811.099999999627471 ], [ 45130.349999999998545, 5941811.099999999627471 ], [ 45130.349999999998545, 5941811.025000000372529 ], [ 45130.275000000001455, 5941811.025000000372529 ], [ 45130.275000000001455, 5941810.875 ], [ 45130.19999999999709, 5941810.875 ], [ 45130.19999999999709, 5941810.799999999813735 ], [ 45130.125, 5941810.799999999813735 ], [ 45130.125, 5941810.724999999627471 ], [ 45130.05000000000291, 5941810.724999999627471 ], [ 45130.05000000000291, 5941810.650000000372529 ], [ 45129.974999999998545, 5941810.650000000372529 ], [ 45129.974999999998545, 5941810.5 ], [ 45129.900000000001455, 5941810.5 ], [ 45129.900000000001455, 5941810.200000000186265 ], [ 45129.974999999998545, 5941810.200000000186265 ], [ 45129.974999999998545, 5941809.900000000372529 ], [ 45130.05000000000291, 5941809.900000000372529 ], [ 45130.05000000000291, 5941809.599999999627471 ], [ 45130.125, 5941809.599999999627471 ], [ 45130.125, 5941809.299999999813735 ], [ 45130.19999999999709, 5941809.299999999813735 ], [ 45130.19999999999709, 5941809.075000000186265 ], [ 45130.275000000001455, 5941809.075000000186265 ], [ 45130.275000000001455, 5941808.775000000372529 ], [ 45130.349999999998545, 5941808.775000000372529 ], [ 45130.349999999998545, 5941808.549999999813735 ], [ 45130.42500000000291, 5941808.549999999813735 ], [ 45130.42500000000291, 5941808.474999999627471 ], [ 45130.5, 5941808.474999999627471 ], [ 45130.5, 5941808.400000000372529 ], [ 45130.57499999999709, 5941808.400000000372529 ], [ 45130.57499999999709, 5941808.325000000186265 ], [ 45130.724999999998545, 5941808.325000000186265 ], [ 45130.724999999998545, 5941808.25 ], [ 45130.80000000000291, 5941808.25 ], [ 45130.80000000000291, 5941808.174999999813735 ], [ 45130.94999999999709, 5941808.174999999813735 ], [ 45130.94999999999709, 5941808.099999999627471 ], [ 45131.099999999998545, 5941808.099999999627471 ], [ 45131.099999999998545, 5941808.025000000372529 ], [ 45131.32499999999709, 5941808.025000000372529 ], [ 45131.32499999999709, 5941807.950000000186265 ], [ 45131.849999999998545, 5941807.950000000186265 ], [ 45131.849999999998545, 5941807.875 ], [ 45132.30000000000291, 5941807.875 ], [ 45132.30000000000291, 5941807.799999999813735 ], [ 45132.900000000001455, 5941807.799999999813735 ], [ 45132.900000000001455, 5941807.724999999627471 ], [ 45133.875, 5941807.724999999627471 ], [ 45133.875, 5941807.799999999813735 ], [ 45135.0, 5941807.799999999813735 ], [ 45135.0, 5941807.875 ], [ 45135.974999999998545, 5941807.875 ], [ 45135.974999999998545, 5941807.950000000186265 ], [ 45136.875, 5941807.950000000186265 ], [ 45136.875, 5941808.025000000372529 ], [ 45137.625, 5941808.025000000372529 ], [ 45137.625, 5941808.099999999627471 ], [ 45138.30000000000291, 5941808.099999999627471 ], [ 45138.30000000000291, 5941808.174999999813735 ], [ 45138.900000000001455, 5941808.174999999813735 ], [ 45138.900000000001455, 5941808.25 ], [ 45139.125, 5941808.25 ], [ 45139.125, 5941808.325000000186265 ], [ 45139.19999999999709, 5941808.325000000186265 ], [ 45139.19999999999709, 5941808.400000000372529 ], [ 45139.275000000001455, 5941808.400000000372529 ], [ 45139.275000000001455, 5941808.474999999627471 ], [ 45139.349999999998545, 5941808.474999999627471 ], [ 45139.349999999998545, 5941808.775000000372529 ], [ 45139.42500000000291, 5941808.775000000372529 ], [ 45139.42500000000291, 5941809.299999999813735 ], [ 45139.5, 5941809.299999999813735 ], [ 45139.5, 5941809.825000000186265 ], [ 45139.57499999999709, 5941809.825000000186265 ], [ 45139.57499999999709, 5941810.349999999627471 ], [ 45139.650000000001455, 5941810.349999999627471 ], [ 45139.650000000001455, 5941810.5 ], [ 45139.57499999999709, 5941810.5 ], [ 45139.57499999999709, 5941810.575000000186265 ], [ 45139.5, 5941810.575000000186265 ], [ 45139.5, 5941810.650000000372529 ], [ 45139.42500000000291, 5941810.650000000372529 ], [ 45139.42500000000291, 5941810.724999999627471 ], [ 45139.349999999998545, 5941810.724999999627471 ], [ 45139.349999999998545, 5941810.799999999813735 ], [ 45139.275000000001455, 5941810.799999999813735 ], [ 45139.275000000001455, 5941810.875 ], [ 45139.19999999999709, 5941810.875 ], [ 45139.19999999999709, 5941810.950000000186265 ], [ 45139.125, 5941810.950000000186265 ], [ 45139.125, 5941811.025000000372529 ], [ 45138.974999999998545, 5941811.025000000372529 ], [ 45138.974999999998545, 5941811.099999999627471 ], [ 45138.599999999998545, 5941811.099999999627471 ], [ 45138.599999999998545, 5941811.174999999813735 ], [ 45138.224999999998545, 5941811.174999999813735 ], [ 45138.224999999998545, 5941811.25 ], [ 45137.849999999998545, 5941811.25 ], [ 45137.849999999998545, 5941811.325000000186265 ], [ 45137.55000000000291, 5941811.325000000186265 ], [ 45137.55000000000291, 5941811.400000000372529 ], [ 45137.17500000000291, 5941811.400000000372529 ], [ 45137.17500000000291, 5941811.474999999627471 ], [ 45136.80000000000291, 5941811.474999999627471 ], [ 45136.80000000000291, 5941811.549999999813735 ], [ 45136.5, 5941811.549999999813735 ], [ 45136.5, 5941811.625 ], [ 45136.125, 5941811.625 ], [ 45136.125, 5941811.700000000186265 ], [ 45135.82499999999709, 5941811.700000000186265 ], [ 45135.82499999999709, 5941811.775000000372529 ], [ 45135.525000000001455, 5941811.775000000372529 ], [ 45135.525000000001455, 5941811.849999999627471 ], [ 45135.224999999998545, 5941811.849999999627471 ], [ 45135.224999999998545, 5941811.924999999813735 ], [ 45134.92500000000291, 5941811.924999999813735 ], [ 45134.92500000000291, 5941812.0 ], [ 45134.625, 5941812.0 ], [ 45134.625, 5941812.075000000186265 ], [ 45134.400000000001455, 5941812.075000000186265 ], [ 45134.400000000001455, 5941812.150000000372529 ], [ 45134.099999999998545, 5941812.150000000372529 ], [ 45134.099999999998545, 5941812.224999999627471 ], [ 45133.875, 5941812.224999999627471 ], [ 45133.875, 5941812.299999999813735 ], [ 45133.650000000001455, 5941812.299999999813735 ], [ 45133.650000000001455, 5941812.375 ], [ 45133.42500000000291, 5941812.375 ], [ 45133.42500000000291, 5941812.450000000186265 ], [ 45133.05000000000291, 5941812.450000000186265 ] ] ] } },
{ "type": "Feature", "properties": { "value": 1.0, "building_id": 5, "area": 357.20437499983422 }, "geometry": { "type": "Polygon", "coordinates": [ [ [ 44927.32499999999709, 5941521.525000000372529 ], [ 44927.32499999999709, 5941521.450000000186265 ], [ 44926.5, 5941521.450000000186265 ], [ 44926.5, 5941521.375 ], [ 44925.599999999998545, 5941521.375 ], [ 44925.599999999998545, 5941521.299999999813735 ], [ 44924.625, 5941521.299999999813735 ], [ 44924.625, 5941521.224999999627471 ], [ 44923.5, 5941521.224999999627471 ], [ 44923.5, 5941521.150000000372529 ], [ 44922.30000000000291, 5941521.150000000372529 ], [ 44922.30000000000291, 5941521.075000000186265 ], [ 44922.0, 5941521.075000000186265 ], [ 44922.0, 5941521.0 ], [ 44921.775000000001455, 5941521.0 ], [ 44921.775000000001455, 5941520.924999999813735 ], [ 44921.55000000000291, 5941520.924999999813735 ], [ 44921.55000000000291, 5941520.849999999627471 ], [ 44921.25, 5941520.849999999627471 ], [ 44921.25, 5941520.775000000372529 ], [ 44920.94999999999709, 5941520.775000000372529 ], [ 44920.94999999999709, 5941520.700000000186265 ], [ 44920.650000000001455, 5941520.700000000186265 ], [ 44920.650000000001455, 5941520.625 ], [ 44920.349999999998545, 5941520.625 ], [ 44920.349999999998545, 5941520.549999999813735 ], [ 44920.19999999999709, 5941520.549999999813735 ], [ 44920.19999999999709, 5941520.474999999627471 ], [ 44920.05000000000291, 5941520.474999999627471 ], [ 44920.05000000000291, 5941520.400000000372529 ], [ 44919.974999999998545, 5941520.400000000372529 ], [ 44919.974999999998545, 5941520.325000000186265 ], [ 44919.82499999999709, 5941520.325000000186265 ], [ 44919.82499999999709, 5941520.25 ], [ 44919.75, 5941520.25 ], [ 44919.75, 5941520.174999999813735 ], [ 44919.599999999998545, 5941520.174999999813735 ], [ 44919.599999999998545, 5941520.099999999627471 ], [ 44919.525000000001455, 5941520.099999999627471 ], [ 44919.525000000001455, 5941520.025000000372529 ], [ 44919.44999999999709, 5941520.025000000372529 ], [ 44919.44999999999709, 5941519.950000000186265 ], [ 44919.375, 5941519.950000000186265 ], [ 44919.375, 5941519.875 ], [ 44919.30000000000291, 5941519.875 ], [ 44919.30000000000291, 5941519.799999999813735 ], [ 44919.224999999998545, 5941519.799999999813735 ], [ 44919.224999999998545, 5941519.724999999627471 ], [ 44919.150000000001455, 5941519.724999999627471 ], [ 44919.150000000001455, 5941519.575000000186265 ], [ 44919.07499999999709, 5941519.575000000186265 ], [ 44919.07499999999709, 5941519.5 ], [ 44919.0, 5941519.5 ], [ 44919.0, 5941519.349999999627471 ], [ 44918.92500000000291, 5941519.349999999627471 ], [ 44918.92500000000291, 5941519.200000000186265 ], [ 44918.849999999998545, 5941519.200000000186265 ], [ 44918.849999999998545, 5941519.049999999813735 ], [ 44918.775000000001455, 5941519.049999999813735 ], [ 44918.775000000001455, 5941518.974999999627471 ], [ 44918.69999999999709, 5941518.974999999627471 ], [ 44918.69999999999709, 5941518.825000000186265 ], [ 44918.625, 5941518.825000000186265 ], [ 44918.625, 5941518.674999999813735 ], [ 44918.55000000000291, 5941518.674999999813735 ], [ 44918.55000000000291, 5941518.599999999627471 ], [ 44918.474999999998545, 5941518.599999999627471 ], [ 44918.474999999998545, 5941518.450000000186265 ], [ 44918.400000000001455, 5941518.450000000186265 ], [ 44918.400000000001455, 5941518.375 ], [ 44918.32499999999709, 5941518.375 ], [ 44918.32499999999709, 5941518.299999999813735 ], [ 44918.25, 5941518.299999999813735 ], [ 44918.25, 5941518.224999999627471 ], [ 44918.17500000000291, 5941518.224999999627471 ], [ 44918.17500000000291, 5941518.075000000186265 ], [ 44918.099999999998545, 5941518.075000000186265 ], [ 44918.099999999998545, 5941518.0 ], [ 44918.025000000001455, 5941518.0 ], [ 44918.025000000001455, 5941517.849999999627471 ], [ 44917.94999999999709, 5941517.849999999627471 ], [ 44917.94999999999709, 5941517.775000000372529 ], [ 44917.875, 5941517.775000000372529 ], [ 44917.875, 5941517.625 ], [ 44917.80000000000291, 5941517.625 ], [ 44917.80000000000291, 5941517.474999999627471 ], [ 44917.724999999998545, 5941517.474999999627471 ], [ 44917.724999999998545, 5941517.25 ], [ 44917.650000000001455, 5941517.25 ], [ 44917.650000000001455, 5941517.025000000372529 ], [ 44917.57499999999709, 5941517.025000000372529 ], [ 44917.57499999999709, 5941516.799999999813735 ], [ 44917.5, 5941516.799999999813735 ], [ 44917.5, 5941516.575000000186265 ], [ 44917.42500000000291, 5941516.575000000186265 ], [ 44917.42500000000291, 5941516.275000000372529 ], [ 44917.349999999998545, 5941516.275000000372529 ], [ 44917.349999999998545, 5941515.974999999627471 ], [ 44917.275000000001455, 5941515.974999999627471 ], [ 44917.275000000001455, 5941515.674999999813735 ], [ 44917.19999999999709, 5941515.674999999813735 ], [ 44917.19999999999709, 5941515.075000000186265 ], [ 44917.125, 5941515.075000000186265 ], [ 44917.125, 5941514.400000000372529 ], [ 44917.05000000000291, 5941514.400000000372529 ], [ 44917.05000000000291, 5941513.650000000372529 ], [ 44916.974999999998545, 5941513.650000000372529 ], [ 44916.974999999998545, 5941512.599999999627471 ], [ 44916.900000000001455, 5941512.599999999627471 ], [ 44916.900000000001455, 5941511.549999999813735 ], [ 44916.82499999999709, 5941511.549999999813735 ], [ 44916.82499999999709, 5941510.200000000186265 ], [ 44916.75, 5941510.200000000186265 ], [ 44916.75, 5941509.224999999627471 ], [ 44916.67500000000291, 5941509.224999999627471 ], [ 44916.67500000000291, 5941508.474999999627471 ], [ 44916.599999999998545, 5941508.474999999627471 ], [ 44916.599999999998545, 5941507.799999999813735 ], [ 44916.525000000001455, 5941507.799999999813735 ], [ 44916.525000000001455, 5941507.275000000372529 ], [ 44916.44999999999709, 5941507.275000000372529 ], [ 44916.44999999999709, 5941506.825000000186265 ], [ 44916.375, 5941506.825000000186265 ], [ 44916.375, 5941506.525000000372529 ], [ 44916.30000000000291, 5941506.525000000372529 ], [ 44916.30000000000291, 5941506.224999999627471 ], [ 44916.224999999998545, 5941506.224999999627471 ], [ 44916.224999999998545, 5941505.849999999627471 ], [ 44916.150000000001455, 5941505.849999999627471 ], [ 44916.150000000001455, 5941505.700000000186265 ], [ 44916.224999999998545, 5941505.700000000186265 ], [ 44916.224999999998545, 5941505.549999999813735 ], [ 44916.30000000000291, 5941505.549999999813735 ], [ 44916.30000000000291, 5941505.400000000372529 ], [ 44916.375, 5941505.400000000372529 ], [ 44916.375, 5941505.325000000186265 ], [ 44916.44999999999709, 5941505.325000000186265 ], [ 44916.44999999999709, 5941505.174999999813735 ], [ 44916.525000000001455, 5941505.174999999813735 ], [ 44916.525000000001455, 5941505.025000000372529 ], [ 44916.599999999998545, 5941505.025000000372529 ], [ 44916.599999999998545, 5941504.950000000186265 ], [ 44916.67500000000291, 5941504.950000000186265 ], [ 44916.67500000000291, 5941504.799999999813735 ], [ 44916.75, 5941504.799999999813735 ], [ 44916.75, 5941504.650000000372529 ], [ 44916.82499999999709, 5941504.650000000372529 ], [ 44916.82499999999709, 5941504.575000000186265 ], [ 44916.900000000001455, 5941504.575000000186265 ], [ 44916.900000000001455, 5941504.424999999813735 ], [ 44916.974999999998545, 5941504.424999999813735 ], [ 44916.974999999998545, 5941504.275000000372529 ], [ 44917.05000000000291, 5941504.275000000372529 ], [ 44917.05000000000291, 5941504.200000000186265 ], [ 44917.125, 5941504.200000000186265 ], [ 44917.125, 5941504.049999999813735 ], [ 44917.19999999999709, 5941504.049999999813735 ], [ 44917.19999999999709, 5941503.974999999627471 ], [ 44917.275000000001455, 5941503.974999999627471 ], [ 44917.275000000001455, 5941503.900000000372529 ], [ 44917.349999999998545, 5941503.900000000372529 ], [ 44917.349999999998545, 5941503.75 ], [ 44917.5, 5941503.75 ], [ 44917.5, 5941503.674999999813735 ], [ 44917.57499999999709, 5941503.674999999813735 ], [ 44917.57499999999709, 5941503.599999999627471 ], [ 44917.650000000001455, 5941503.599999999627471 ], [ 44917.650000000001455, 5941503.525000000372529 ], [ 44917.80000000000291, 5941503.525000000372529 ], [ 44917.80000000000291, 5941503.450000000186265 ], [ 44917.875, 5941503.450000000186265 ], [ 44917.875, 5941503.375 ], [ 44918.025000000001455, 5941503.375 ], [ 44918.025000000001455, 5941503.299999999813735 ], [ 44918.17500000000291, 5941503.299999999813735 ], [ 44918.17500000000291, 5941503.224999999627471 ], [ 44918.32499999999709, 5941503.224999999627471 ], [ 44918.32499999999709, 5941503.150000000372529 ], [ 44918.55000000000291, 5941503.150000000372529 ], [ 44918.55000000000291, 5941503.075000000186265 ], [ 44918.849999999998545, 5941503.075000000186265 ], [ 44918.849999999998545, 5941503.0 ], [ 44919.07499999999709, 5941503.0 ], [ 44919.07499999999709, 5941502.924999999813735 ], [ 44919.375, 5941502.924999999813735 ], [ 44919.375, 5941502.849999999627471 ], [ 44919.67500000000291, 5941502.849999999627471 ], [ 44919.67500000000291, 5941502.775000000372529 ], [ 44920.05000000000291, 5941502.775000000372529 ], [ 44920.05000000000291, 5941502.700000000186265 ], [ 44920.42500000000291, 5941502.700000000186265 ], [ 44920.42500000000291, 5941502.625 ], [ 44920.94999999999709, 5941502.625 ], [ 44920.94999999999709, 5941502.549999999813735 ], [ 44921.474999999998545, 5941502.549999999813735 ], [ 44921.474999999998545, 5941502.474999999627471 ], [ 44921.92500000000291, 5941502.474999999627471 ], [ 44921.92500000000291, 5941502.400000000372529 ], [ 44922.44999999999709, 5941502.400000000372529 ], [ 44922.44999999999709, 5941502.325000000186265 ], [ 44922.900000000001455, 5941502.325000000186265 ], [ 44922.900000000001455, 5941502.25 ], [ 44923.349999999998545, 5941502.25 ], [ 44923.349999999998545, 5941502.174999999813735 ], [ 44923.80000000000291, 5941502.174999999813735 ], [ 44923.80000000000291, 5941502.099999999627471 ], [ 44924.17500000000291, 5941502.099999999627471 ], [ 44924.17500000000291, 5941502.025000000372529 ], [ 44924.55000000000291, 5941502.025000000372529 ], [ 44924.55000000000291, 5941501.950000000186265 ], [ 44924.92500000000291, 5941501.950000000186265 ], [ 44924.92500000000291, 5941501.875 ], [ 44925.224999999998545, 5941501.875 ], [ 44925.224999999998545, 5941501.799999999813735 ], [ 44925.525000000001455, 5941501.799999999813735 ], [ 44925.525000000001455, 5941501.724999999627471 ], [ 44925.82499999999709, 5941501.724999999627471 ], [ 44925.82499999999709, 5941501.650000000372529 ], [ 44926.125, 5941501.650000000372529 ], [ 44926.125, 5941501.575000000186265 ], [ 44926.5, 5941501.575000000186265 ], [ 44926.5, 5941501.5 ], [ 44926.875, 5941501.5 ], [ 44926.875, 5941501.424999999813735 ], [ 44927.25, 5941501.424999999813735 ], [ 44927.25, 5941501.349999999627471 ], [ 44927.69999999999709, 5941501.349999999627471 ], [ 44927.69999999999709, 5941501.275000000372529 ], [ 44928.525000000001455, 5941501.275000000372529 ], [ 44928.525000000001455, 5941501.349999999627471 ], [ 44928.900000000001455, 5941501.349999999627471 ], [ 44928.900000000001455, 5941501.424999999813735 ], [ 44929.19999999999709, 5941501.424999999813735 ], [ 44929.19999999999709, 5941501.5 ], [ 44929.57499999999709, 5941501.5 ], [ 44929.57499999999709, 5941501.575000000186265 ], [ 44929.875, 5941501.575000000186265 ], [ 44929.875, 5941501.650000000372529 ], [ 44930.099999999998545, 5941501.650000000372529 ], [ 44930.099999999998545, 5941501.724999999627471 ], [ 44930.17500000000291, 5941501.724999999627471 ], [ 44930.17500000000291, 5941501.799999999813735 ], [ 44930.32499999999709, 5941501.799999999813735 ], [ 44930.32499999999709, 5941501.875 ], [ 44930.474999999998545, 5941501.875 ], [ 44930.474999999998545, 5941501.950000000186265 ], [ 44930.55000000000291, 5941501.950000000186265 ], [ 44930.55000000000291, 5941502.025000000372529 ], [ 44930.69999999999709, 5941502.025000000372529 ], [ 44930.69999999999709, 5941502.099999999627471 ], [ 44930.849999999998545, 5941502.099999999627471 ], [ 44930.849999999998545, 5941502.174999999813735 ], [ 44931.0, 5941502.174999999813735 ], [ 44931.0, 5941502.25 ], [ 44931.150000000001455, 5941502.25 ], [ 44931.150000000001455, 5941502.325000000186265 ], [ 44931.30000000000291, 5941502.325000000186265 ], [ 44931.30000000000291, 5941502.400000000372529 ], [ 44931.525000000001455, 5941502.400000000372529 ], [ 44931.525000000001455, 5941502.474999999627471 ], [ 44931.67500000000291, 5941502.474999999627471 ], [ 44931.67500000000291, 5941502.549999999813735 ], [ 44931.900000000001455, 5941502.549999999813735 ], [ 44931.900000000001455, 5941502.625 ], [ 44932.125, 5941502.625 ], [ 44932.125, 5941502.700000000186265 ], [ 44932.275000000001455, 5941502.700000000186265 ], [ 44932.275000000001455, 5941502.775000000372529 ], [ 44932.5, 5941502.775000000372529 ], [ 44932.5, 5941502.849999999627471 ], [ 44932.650000000001455, 5941502.849999999627471 ], [ 44932.650000000001455, 5941502.924999999813735 ], [ 44932.80000000000291, 5941502.924999999813735 ], [ 44932.80000000000291, 5941503.0 ], [ 44932.94999999999709, 5941503.0 ], [ 44932.94999999999709, 5941503.075000000186265 ], [ 44933.099999999998545, 5941503.075000000186265 ], [ 44933.099999999998545, 5941503.150000000372529 ], [ 44933.17500000000291, 5941503.150000000372529 ], [ 44933.17500000000291, 5941503.224999999627471 ], [ 44933.32499999999709, 5941503.224999999627471 ], [ 44933.32499999999709, 5941503.299999999813735 ], [ 44933.474999999998545, 5941503.299999999813735 ], [ 44933.474999999998545, 5941503.375 ], [ 44933.55000000000291, 5941503.375 ], [ 44933.55000000000291, 5941503.450000000186265 ], [ 44933.69999999999709, 5941503.450000000186265 ], [ 44933.69999999999709, 5941503.525000000372529 ], [ 44933.775000000001455, 5941503.525000000372529 ], [ 44933.775000000001455, 5941503.599999999627471 ], [ 44933.849999999998545, 5941503.599999999627471 ], [ 44933.849999999998545, 5941503.674999999813735 ], [ 44933.92500000000291, 5941503.674999999813735 ], [ 44933.92500000000291, 5941503.75 ], [ 44934.07499999999709, 5941503.75 ], [ 44934.07499999999709, 5941503.825000000186265 ], [ 44934.150000000001455, 5941503.825000000186265 ], [ 44934.150000000001455, 5941503.900000000372529 ], [ 44934.224999999998545, 5941503.900000000372529 ], [ 44934.224999999998545, 5941503.974999999627471 ], [ 44934.30000000000291, 5941503.974999999627471 ], [ 44934.30000000000291, 5941504.049999999813735 ], [ 44934.375, 5941504.049999999813735 ], [ 44934.375, 5941504.125 ], [ 44934.44999999999709, 5941504.125 ], [ 44934.44999999999709, 5941504.200000000186265 ], [ 44934.599999999998545, 5941504.200000000186265 ], [ 44934.599999999998545, 5941504.275000000372529 ], [ 44934.67500000000291, 5941504.275000000372529 ], [ 44934.67500000000291, 5941504.349999999627471 ], [ 44934.75, 5941504.349999999627471 ], [ 44934.75, 5941504.424999999813735 ], [ 44934.82499999999709, 5941504.424999999813735 ], [ 44934.82499999999709, 5941504.5 ], [ 44934.900000000001455, 5941504.5 ], [ 44934.900000000001455, 5941504.575000000186265 ], [ 44934.974999999998545, 5941504.575000000186265 ], [ 44934.974999999998545, 5941504.650000000372529 ], [ 44935.05000000000291, 5941504.650000000372529 ], [ 44935.05000000000291, 5941504.724999999627471 ], [ 44935.19999999999709, 5941504.724999999627471 ], [ 44935.19999999999709, 5941504.799999999813735 ], [ 44935.275000000001455, 5941504.799999999813735 ], [ 44935.275000000001455, 5941504.875 ], [ 44935.349999999998545, 5941504.875 ], [ 44935.349999999998545, 5941504.950000000186265 ], [ 44935.42500000000291, 5941504.950000000186265 ], [ 44935.42500000000291, 5941505.025000000372529 ], [ 44935.5, 5941505.025000000372529 ], [ 44935.5, 5941505.099999999627471 ], [ 44935.57499999999709, 5941505.099999999627471 ], [ 44935.57499999999709, 5941505.174999999813735 ], [ 44935.650000000001455, 5941505.174999999813735 ], [ 44935.650000000001455, 5941505.25 ], [ 44935.80000000000291, 5941505.25 ], [ 44935.80000000000291, 5941505.325000000186265 ], [ 44935.875, 5941505.325000000186265 ], [ 44935.875, 5941505.400000000372529 ], [ 44935.94999999999709, 5941505.400000000372529 ], [ 44935.94999999999709, 5941505.474999999627471 ], [ 44936.025000000001455, 5941505.474999999627471 ], [ 44936.025000000001455, 5941505.549999999813735 ], [ 44936.099999999998545, 5941505.549999999813735 ], [ 44936.099999999998545, 5941505.625 ], [ 44936.17500000000291, 5941505.625 ], [ 44936.17500000000291, 5941505.700000000186265 ], [ 44936.25, 5941505.700000000186265 ], [ 44936.25, 5941505.849999999627471 ], [ 44936.32499999999709, 5941505.849999999627471 ], [ 44936.32499999999709, 5941506.0 ], [ 44936.400000000001455, 5941506.0 ], [ 44936.400000000001455, 5941506.224999999627471 ], [ 44936.474999999998545, 5941506.224999999627471 ], [ 44936.474999999998545, 5941506.375 ], [ 44936.55000000000291, 5941506.375 ], [ 44936.55000000000291, 5941506.599999999627471 ], [ 44936.625, 5941506.599999999627471 ], [ 44936.625, 5941506.825000000186265 ], [ 44936.69999999999709, 5941506.825000000186265 ], [ 44936.69999999999709, 5941507.049999999813735 ], [ 44936.775000000001455, 5941507.049999999813735 ], [ 44936.775000000001455, 5941507.275000000372529 ], [ 44936.849999999998545, 5941507.275000000372529 ], [ 44936.849999999998545, 5941507.575000000186265 ], [ 44936.92500000000291, 5941507.575000000186265 ], [ 44936.92500000000291, 5941507.875 ], [ 44937.0, 5941507.875 ], [ 44937.0, 5941508.325000000186265 ], [ 44937.07499999999709, 5941508.325000000186265 ], [ 44937.07499999999709, 5941508.700000000186265 ], [ 44937.150000000001455, 5941508.700000000186265 ], [ 44937.150000000001455, 5941509.075000000186265 ], [ 44937.224999999998545, 5941509.075000000186265 ], [ 44937.224999999998545, 5941509.450000000186265 ], [ 44937.30000000000291, 5941509.450000000186265 ], [ 44937.30000000000291, 5941509.825000000186265 ], [ 44937.375, 5941509.825000000186265 ], [ 44937.375, 5941510.125 ], [ 44937.44999999999709, 5941510.125 ], [ 44937.44999999999709, 5941510.424999999813735 ], [ 44937.525000000001455, 5941510.424999999813735 ], [ 44937.525000000001455, 5941510.650000000372529 ], [ 44937.599999999998545, 5941510.650000000372529 ], [ 44937.599999999998545, 5941510.875 ], [ 44937.67500000000291, 5941510.875 ], [ 44937.67500000000291, 5941511.174999999813735 ], [ 44937.75, 5941511.174999999813735 ], [ 44937.75, 5941511.400000000372529 ], [ 44937.82499999999709, 5941511.400000000372529 ], [ 44937.82499999999709, 5941511.549999999813735 ], [ 44937.900000000001455, 5941511.549999999813735 ], [ 44937.900000000001455, 5941513.125 ], [ 44937.82499999999709, 5941513.125 ], [ 44937.82499999999709, 5941513.799999999813735 ], [ 44937.75, 5941513.799999999813735 ], [ 44937.75, 5941514.099999999627471 ], [ 44937.67500000000291, 5941514.099999999627471 ], [ 44937.67500000000291, 5941514.325000000186265 ], [ 44937.599999999998545, 5941514.325000000186265 ], [ 44937.599999999998545, 5941514.625 ], [ 44937.525000000001455, 5941514.625 ], [ 44937.525000000001455, 5941514.924999999813735 ], [ 44937.44999999999709, 5941514.924999999813735 ], [ 44937.44999999999709, 5941515.224999999627471 ], [ 44937.375, 5941515.224999999627471 ], [ 44937.375, 5941515.599999999627471 ], [ 44937.30000000000291, 5941515.599999999627471 ], [ 44937.30000000000291, 5941515.900000000372529 ], [ 44937.224999999998545, 5941515.900000000372529 ], [ 44937.224999999998545, 5941516.200000000186265 ], [ 44937.150000000001455, 5941516.200000000186265 ], [ 44937.150000000001455, 5941516.424999999813735 ], [ 44937.07499999999709, 5941516.424999999813735 ], [ 44937.07499999999709, 5941516.650000000372529 ], [ 44937.0, 5941516.650000000372529 ], [ 44937.0, 5941516.799999999813735 ], [ 44936.92500000000291, 5941516.799999999813735 ], [ 44936.92500000000291, 5941516.950000000186265 ], [ 44936.849999999998545, 5941516.950000000186265 ], [ 44936.849999999998545, 5941517.099999999627471 ], [ 44936.775000000001455, 5941517.099999999627471 ], [ 44936.775000000001455, 5941517.25 ], [ 44936.69999999999709, 5941517.25 ], [ 44936.69999999999709, 5941517.325000000186265 ], [ 44936.625, 5941517.325000000186265 ], [ 44936.625, 5941517.474999999627471 ], [ 44936.55000000000291, 5941517.474999999627471 ], [ 44936.55000000000291, 5941517.549999999813735 ], [ 44936.474999999998545, 5941517.549999999813735 ], [ 44936.474999999998545, 5941517.700000000186265 ], [ 44936.400000000001455, 5941517.700000000186265 ], [ 44936.400000000001455, 5941517.775000000372529 ], [ 44936.32499999999709, 5941517.775000000372529 ], [ 44936.32499999999709, 5941517.849999999627471 ], [ 44936.25, 5941517.849999999627471 ], [ 44936.25, 5941517.924999999813735 ], [ 44936.17500000000291, 5941517.924999999813735 ], [ 44936.17500000000291, 5941518.0 ], [ 44936.099999999998545, 5941518.0 ], [ 44936.099999999998545, 5941518.075000000186265 ], [ 44936.025000000001455, 5941518.075000000186265 ], [ 44936.025000000001455, 5941518.150000000372529 ], [ 44935.94999999999709, 5941518.150000000372529 ], [ 44935.94999999999709, 5941518.224999999627471 ], [ 44935.875, 5941518.224999999627471 ], [ 44935.875, 5941518.299999999813735 ], [ 44935.80000000000291, 5941518.299999999813735 ], [ 44935.80000000000291, 5941518.375 ], [ 44935.724999999998545, 5941518.375 ], [ 44935.724999999998545, 5941518.450000000186265 ], [ 44935.650000000001455, 5941518.450000000186265 ], [ 44935.650000000001455, 5941518.525000000372529 ], [ 44935.57499999999709, 5941518.525000000372529 ], [ 44935.57499999999709, 5941518.599999999627471 ], [ 44935.5, 5941518.599999999627471 ], [ 44935.5, 5941518.674999999813735 ], [ 44935.42500000000291, 5941518.674999999813735 ], [ 44935.42500000000291, 5941518.75 ], [ 44935.349999999998545, 5941518.75 ], [ 44935.349999999998545, 5941518.825000000186265 ], [ 44935.19999999999709, 5941518.825000000186265 ], [ 44935.19999999999709, 5941518.900000000372529 ], [ 44935.125, 5941518.900000000372529 ], [ 44935.125, 5941518.974999999627471 ], [ 44934.974999999998545, 5941518.974999999627471 ], [ 44934.974999999998545, 5941519.049999999813735 ], [ 44934.900000000001455, 5941519.049999999813735 ], [ 44934.900000000001455, 5941519.125 ], [ 44934.75, 5941519.125 ], [ 44934.75, 5941519.200000000186265 ], [ 44934.599999999998545, 5941519.200000000186265 ], [ 44934.599999999998545, 5941519.275000000372529 ], [ 44934.44999999999709, 5941519.275000000372529 ], [ 44934.44999999999709, 5941519.349999999627471 ], [ 44934.30000000000291, 5941519.349999999627471 ], [ 44934.30000000000291, 5941519.424999999813735 ], [ 44934.150000000001455, 5941519.424999999813735 ], [ 44934.150000000001455, 5941519.5 ], [ 44934.0, 5941519.5 ], [ 44934.0, 5941519.575000000186265 ], [ 44933.92500000000291, 5941519.575000000186265 ], [ 44933.92500000000291, 5941519.650000000372529 ], [ 44933.849999999998545, 5941519.650000000372529 ], [ 44933.849999999998545, 5941519.724999999627471 ], [ 44933.775000000001455, 5941519.724999999627471 ], [ 44933.775000000001455, 5941519.799999999813735 ], [ 44933.69999999999709, 5941519.799999999813735 ], [ 44933.69999999999709, 5941519.875 ], [ 44933.625, 5941519.875 ], [ 44933.625, 5941519.950000000186265 ], [ 44933.55000000000291, 5941519.950000000186265 ], [ 44933.55000000000291, 5941520.025000000372529 ], [ 44933.474999999998545, 5941520.025000000372529 ], [ 44933.474999999998545, 5941520.099999999627471 ], [ 44933.32499999999709, 5941520.099999999627471 ], [ 44933.32499999999709, 5941520.174999999813735 ], [ 44933.17500000000291, 5941520.174999999813735 ], [ 44933.17500000000291, 5941520.25 ], [ 44933.099999999998545, 5941520.25 ], [ 44933.099999999998545, 5941520.325000000186265 ], [ 44932.875, 5941520.325000000186265 ], [ 44932.875, 5941520.400000000372529 ], [ 44932.724999999998545, 5941520.400000000372529 ], [ 44932.724999999998545, 5941520.474999999627471 ], [ 44932.5, 5941520.474999999627471 ], [ 44932.5, 5941520.549999999813735 ], [ 44932.275000000001455, 5941520.549999999813735 ], [ 44932.275000000001455, 5941520.625 ], [ 44932.05000000000291, 5941520.625 ], [ 44932.05000000000291, 5941520.700000000186265 ], [ 44931.75, 5941520.700000000186265 ], [ 44931.75, 5941520.775000000372529 ], [ 44931.525000000001455, 5941520.775000000372529 ], [ 44931.525000000001455, 5941520.849999999627471 ], [ 44931.224999999998545, 5941520.849999999627471 ], [ 44931.224999999998545, 5941520.924999999813735 ], [ 44931.0, 5941520.924999999813735 ], [ 44931.0, 5941521.0 ], [ 44930.69999999999709, 5941521.0 ], [ 44930.69999999999709, 5941521.075000000186265 ], [ 44930.474999999998545, 5941521.075000000186265 ], [ 44930.474999999998545, 5941521.150000000372529 ], [ 44930.25, 5941521.150000000372529 ], [ 44930.25, 5941521.224999999627471 ], [ 44929.875, 5941521.224999999627471 ], [ 44929.875, 5941521.299999999813735 ], [ 44929.349999999998545, 5941521.299999999813735 ], [ 44929.349999999998545, 5941521.375 ], [ 44928.974999999998545, 5941521.375 ], [ 44928.974999999998545, 5941521.450000000186265 ], [ 44928.525000000001455, 5941521.450000000186265 ], [ 44928.525000000001455, 5941521.525000000372529 ], [ 44927.32499999999709, 5941521.525000000372529 ] ] ] } },
{ "type": "Feature", "properties": { "value": 1.0, "building_id": 6, "area": 79.537500000209448 }, "geometry": { "type": "Polygon", "coordinates": [ [ [ 44995.349999999998545, 5941430.25 ], [ 44995.349999999998545, 5941430.099999999627471 ], [ 44995.275000000001455, 5941430.099999999627471 ], [ 44995.275000000001455, 5941429.950000000186265 ], [ 44995.19999999999709, 5941429.950000000186265 ], [ 44995.19999999999709, 5941429.724999999627471 ], [ 44995.125, 5941429.724999999627471 ], [ 44995.125, 5941429.424999999813735 ], [ 44995.05000000000291, 5941429.424999999813735 ], [ 44995.05000000000291, 5941429.125 ], [ 44994.974999999998545, 5941429.125 ], [ 44994.974999999998545, 5941428.674999999813735 ], [ 44994.900000000001455, 5941428.674999999813735 ], [ 44994.900000000001455, 5941428.224999999627471 ], [ 44994.82499999999709, 5941428.224999999627471 ], [ 44994.82499999999709, 5941427.700000000186265 ], [ 44994.75, 5941427.700000000186265 ], [ 44994.75, 5941427.625 ], [ 44994.82499999999709, 5941427.625 ], [ 44994.82499999999709, 5941427.474999999627471 ], [ 44994.900000000001455, 5941427.474999999627471 ], [ 44994.900000000001455, 5941427.325000000186265 ], [ 44994.974999999998545, 5941427.325000000186265 ], [ 44994.974999999998545, 5941427.25 ], [ 44995.05000000000291, 5941427.25 ], [ 44995.05000000000291, 5941427.099999999627471 ], [ 44995.125, 5941427.099999999627471 ], [ 44995.125, 5941426.875 ], [ 44995.19999999999709, 5941426.875 ], [ 44995.19999999999709, 5941426.724999999627471 ], [ 44995.275000000001455, 5941426.724999999627471 ], [ 44995.275000000001455, 5941426.575000000186265 ], [ 44995.349999999998545, 5941426.575000000186265 ], [ 44995.349999999998545, 5941426.349999999627471 ], [ 44995.42500000000291, 5941426.349999999627471 ], [ 44995.42500000000291, 5941426.125 ], [ 44995.5, 5941426.125 ], [ 44995.5, 5941425.900000000372529 ], [ 44995.57499999999709, 5941425.900000000372529 ], [ 44995.57499999999709, 5941425.674999999813735 ], [ 44995.650000000001455, 5941425.674999999813735 ], [ 44995.650000000001455, 5941425.599999999627471 ], [ 44995.724999999998545, 5941425.599999999627471 ], [ 44995.724999999998545, 5941425.525000000372529 ], [ 44995.80000000000291, 5941425.525000000372529 ], [ 44995.80000000000291, 5941425.450000000186265 ], [ 44995.875, 5941425.450000000186265 ], [ 44995.875, 5941425.299999999813735 ], [ 44995.94999999999709, 5941425.299999999813735 ], [ 44995.94999999999709, 5941425.224999999627471 ], [ 44996.025000000001455, 5941425.224999999627471 ], [ 44996.025000000001455, 5941425.150000000372529 ], [ 44996.099999999998545, 5941425.150000000372529 ], [ 44996.099999999998545, 5941425.0 ], [ 44996.17500000000291, 5941425.0 ], [ 44996.17500000000291, 5941424.924999999813735 ], [ 44996.25, 5941424.924999999813735 ], [ 44996.25, 5941424.775000000372529 ], [ 44996.32499999999709, 5941424.775000000372529 ], [ 44996.32499999999709, 5941424.625 ], [ 44996.400000000001455, 5941424.625 ], [ 44996.400000000001455, 5941424.474999999627471 ], [ 44996.474999999998545, 5941424.474999999627471 ], [ 44996.474999999998545, 5941424.325000000186265 ], [ 44996.55000000000291, 5941424.325000000186265 ], [ 44996.55000000000291, 5941424.25 ], [ 44996.625, 5941424.25 ], [ 44996.625, 5941424.174999999813735 ], [ 44996.69999999999709, 5941424.174999999813735 ], [ 44996.69999999999709, 5941424.099999999627471 ], [ 44996.775000000001455, 5941424.099999999627471 ], [ 44996.775000000001455, 5941423.950000000186265 ], [ 44996.849999999998545, 5941423.950000000186265 ], [ 44996.849999999998545, 5941423.875 ], [ 44996.92500000000291, 5941423.875 ], [ 44996.92500000000291, 5941423.724999999627471 ], [ 44997.0, 5941423.724999999627471 ], [ 44997.0, 5941423.650000000372529 ], [ 44997.07499999999709, 5941423.650000000372529 ], [ 44997.07499999999709, 5941423.575000000186265 ], [ 44997.150000000001455, 5941423.575000000186265 ], [ 44997.150000000001455, 5941423.5 ], [ 44997.224999999998545, 5941423.5 ], [ 44997.224999999998545, 5941423.349999999627471 ], [ 44997.30000000000291, 5941423.349999999627471 ], [ 44997.30000000000291, 5941423.275000000372529 ], [ 44997.375, 5941423.275000000372529 ], [ 44997.375, 5941423.200000000186265 ], [ 44997.44999999999709, 5941423.200000000186265 ], [ 44997.44999999999709, 5941423.049999999813735 ], [ 44997.525000000001455, 5941423.049999999813735 ], [ 44997.525000000001455, 5941422.974999999627471 ], [ 44997.599999999998545, 5941422.974999999627471 ], [ 44997.599999999998545, 5941422.825000000186265 ], [ 44997.67500000000291, 5941422.825000000186265 ], [ 44997.67500000000291, 5941422.674999999813735 ], [ 44997.75, 5941422.674999999813735 ], [ 44997.75, 5941422.525000000372529 ], [ 44997.82499999999709, 5941422.525000000372529 ], [ 44997.82499999999709, 5941422.375 ], [ 44997.900000000001455, 5941422.375 ], [ 44997.900000000001455, 5941422.224999999627471 ], [ 44997.974999999998545, 5941422.224999999627471 ], [ 44997.974999999998545, 5941422.075000000186265 ], [ 44998.05000000000291, 5941422.075000000186265 ], [ 44998.05000000000291, 5941421.849999999627471 ], [ 44998.125, 5941421.849999999627471 ], [ 44998.125, 5941421.700000000186265 ], [ 44998.19999999999709, 5941421.700000000186265 ], [ 44998.19999999999709, 5941421.549999999813735 ], [ 44998.275000000001455, 5941421.549999999813735 ], [ 44998.275000000001455, 5941421.325000000186265 ], [ 44998.349999999998545, 5941421.325000000186265 ], [ 44998.349999999998545, 5941421.174999999813735 ], [ 44998.42500000000291, 5941421.174999999813735 ], [ 44998.42500000000291, 5941421.025000000372529 ], [ 44998.5, 5941421.025000000372529 ], [ 44998.5, 5941420.875 ], [ 44998.57499999999709, 5941420.875 ], [ 44998.57499999999709, 5941420.799999999813735 ], [ 44998.650000000001455, 5941420.799999999813735 ], [ 44998.650000000001455, 5941420.724999999627471 ], [ 44998.724999999998545, 5941420.724999999627471 ], [ 44998.724999999998545, 5941420.650000000372529 ], [ 44998.80000000000291, 5941420.650000000372529 ], [ 44998.80000000000291, 5941420.5 ], [ 44998.875, 5941420.5 ], [ 44998.875, 5941420.424999999813735 ], [ 44998.94999999999709, 5941420.424999999813735 ], [ 44998.94999999999709, 5941420.275000000372529 ], [ 44999.025000000001455, 5941420.275000000372529 ], [ 44999.025000000001455, 5941420.200000000186265 ], [ 44999.099999999998545, 5941420.200000000186265 ], [ 44999.099999999998545, 5941420.049999999813735 ], [ 44999.17500000000291, 5941420.049999999813735 ], [ 44999.17500000000291, 5941419.900000000372529 ], [ 44999.25, 5941419.900000000372529 ], [ 44999.25, 5941419.825000000186265 ], [ 44999.32499999999709, 5941419.825000000186265 ], [ 44999.32499999999709, 5941419.75 ], [ 44999.400000000001455, 5941419.75 ], [ 44999.400000000001455, 5941419.674999999813735 ], [ 44999.474999999998545, 5941419.674999999813735 ], [ 44999.474999999998545, 5941419.599999999627471 ], [ 44999.55000000000291, 5941419.599999999627471 ], [ 44999.55000000000291, 5941419.525000000372529 ], [ 44999.625, 5941419.525000000372529 ], [ 44999.625, 5941419.450000000186265 ], [ 44999.69999999999709, 5941419.450000000186265 ], [ 44999.69999999999709, 5941419.375 ], [ 44999.775000000001455, 5941419.375 ], [ 44999.775000000001455, 5941419.299999999813735 ], [ 44999.849999999998545, 5941419.299999999813735 ], [ 44999.849999999998545, 5941419.150000000372529 ], [ 44999.92500000000291, 5941419.150000000372529 ], [ 44999.92500000000291, 5941419.075000000186265 ], [ 45000.0, 5941419.075000000186265 ], [ 45000.0, 5941419.0 ], [ 45000.07499999999709, 5941419.0 ], [ 45000.07499999999709, 5941418.924999999813735 ], [ 45000.150000000001455, 5941418.924999999813735 ], [ 45000.150000000001455, 5941418.775000000372529 ], [ 45000.224999999998545, 5941418.775000000372529 ], [ 45000.224999999998545, 5941418.700000000186265 ], [ 45000.30000000000291, 5941418.700000000186265 ], [ 45000.30000000000291, 5941418.549999999813735 ], [ 45000.375, 5941418.549999999813735 ], [ 45000.375, 5941418.474999999627471 ], [ 45000.44999999999709, 5941418.474999999627471 ], [ 45000.44999999999709, 5941418.400000000372529 ], [ 45000.525000000001455, 5941418.400000000372529 ], [ 45000.525000000001455, 5941418.325000000186265 ], [ 45000.67500000000291, 5941418.325000000186265 ], [ 45000.67500000000291, 5941418.25 ], [ 45000.75, 5941418.25 ], [ 45000.75, 5941418.174999999813735 ], [ 45000.82499999999709, 5941418.174999999813735 ], [ 45000.82499999999709, 5941418.099999999627471 ], [ 45000.974999999998545, 5941418.099999999627471 ], [ 45000.974999999998545, 5941418.025000000372529 ], [ 45001.05000000000291, 5941418.025000000372529 ], [ 45001.05000000000291, 5941417.950000000186265 ], [ 45001.125, 5941417.950000000186265 ], [ 45001.125, 5941417.875 ], [ 45001.275000000001455, 5941417.875 ], [ 45001.275000000001455, 5941417.799999999813735 ], [ 45001.5, 5941417.799999999813735 ], [ 45001.5, 5941417.724999999627471 ], [ 45001.650000000001455, 5941417.724999999627471 ], [ 45001.650000000001455, 5941417.650000000372529 ], [ 45001.875, 5941417.650000000372529 ], [ 45001.875, 5941417.575000000186265 ], [ 45002.025000000001455, 5941417.575000000186265 ], [ 45002.025000000001455, 5941417.5 ], [ 45002.17500000000291, 5941417.5 ], [ 45002.17500000000291, 5941417.424999999813735 ], [ 45002.400000000001455, 5941417.424999999813735 ], [ 45002.400000000001455, 5941417.349999999627471 ], [ 45002.625, 5941417.349999999627471 ], [ 45002.625, 5941417.275000000372529 ], [ 45002.775000000001455, 5941417.275000000372529 ], [ 45002.775000000001455, 5941417.200000000186265 ], [ 45003.0, 5941417.200000000186265 ], [ 45003.0, 5941417.125 ], [ 45003.150000000001455, 5941417.125 ], [ 45003.150000000001455, 5941417.049999999813735 ], [ 45003.30000000000291, 5941417.049999999813735 ], [ 45003.30000000000291, 5941416.974999999627471 ], [ 45003.525000000001455, 5941416.974999999627471 ], [ 45003.525000000001455, 5941416.900000000372529 ], [ 45003.67500000000291, 5941416.900000000372529 ], [ 45003.67500000000291, 5941416.825000000186265 ], [ 45003.82499999999709, 5941416.825000000186265 ], [ 45003.82499999999709, 5941416.75 ], [ 45003.974999999998545, 5941416.75 ], [ 45003.974999999998545, 5941416.674999999813735 ], [ 45004.125, 5941416.674999999813735 ], [ 45004.125, 5941416.599999999627471 ], [ 45004.275000000001455, 5941416.599999999627471 ], [ 45004.275000000001455, 5941416.525000000372529 ], [ 45004.42500000000291, 5941416.525000000372529 ], [ 45004.42500000000291, 5941416.450000000186265 ], [ 45004.57499999999709, 5941416.450000000186265 ], [ 45004.57499999999709, 5941416.375 ], [ 45004.724999999998545, 5941416.375 ], [ 45004.724999999998545, 5941416.299999999813735 ], [ 45004.94999999999709, 5941416.299999999813735 ], [ 45004.94999999999709, 5941416.224999999627471 ], [ 45005.099999999998545, 5941416.224999999627471 ], [ 45005.099999999998545, 5941416.150000000372529 ], [ 45005.25, 5941416.150000000372529 ], [ 45005.25, 5941416.075000000186265 ], [ 45005.400000000001455, 5941416.075000000186265 ], [ 45005.400000000001455, 5941416.0 ], [ 45005.474999999998545, 5941416.0 ], [ 45005.474999999998545, 5941415.924999999813735 ], [ 45005.69999999999709, 5941415.924999999813735 ], [ 45005.69999999999709, 5941415.849999999627471 ], [ 45005.92500000000291, 5941415.849999999627471 ], [ 45005.92500000000291, 5941415.775000000372529 ], [ 45006.224999999998545, 5941415.775000000372529 ], [ 45006.224999999998545, 5941415.700000000186265 ], [ 45006.525000000001455, 5941415.700000000186265 ], [ 45006.525000000001455, 5941415.625 ], [ 45006.900000000001455, 5941415.625 ], [ 45006.900000000001455, 5941415.549999999813735 ], [ 45007.275000000001455, 5941415.549999999813735 ], [ 45007.275000000001455, 5941415.474999999627471 ], [ 45007.57499999999709, 5941415.474999999627471 ], [ 45007.57499999999709, 5941415.400000000372529 ], [ 45007.80000000000291, 5941415.400000000372529 ], [ 45007.80000000000291, 5941415.325000000186265 ], [ 45008.099999999998545, 5941415.325000000186265 ], [ 45008.099999999998545, 5941415.25 ], [ 45008.400000000001455, 5941415.25 ], [ 45008.400000000001455, 5941415.174999999813735 ], [ 45008.55000000000291, 5941415.174999999813735 ], [ 45008.55000000000291, 5941415.25 ], [ 45008.474999999998545, 5941415.25 ], [ 45008.474999999998545, 5941415.400000000372529 ], [ 45008.400000000001455, 5941415.400000000372529 ], [ 45008.400000000001455, 5941415.549999999813735 ], [ 45008.32499999999709, 5941415.549999999813735 ], [ 45008.32499999999709, 5941415.700000000186265 ], [ 45008.25, 5941415.700000000186265 ], [ 45008.25, 5941415.849999999627471 ], [ 45008.17500000000291, 5941415.849999999627471 ], [ 45008.17500000000291, 5941416.0 ], [ 45008.099999999998545, 5941416.0 ], [ 45008.099999999998545, 5941416.075000000186265 ], [ 45008.025000000001455, 5941416.075000000186265 ], [ 45008.025000000001455, 5941416.224999999627471 ], [ 45007.94999999999709, 5941416.224999999627471 ], [ 45007.94999999999709, 5941416.375 ], [ 45007.875, 5941416.375 ], [ 45007.875, 5941416.450000000186265 ], [ 45007.80000000000291, 5941416.450000000186265 ], [ 45007.80000000000291, 5941416.599999999627471 ], [ 45007.724999999998545, 5941416.599999999627471 ], [ 45007.724999999998545, 5941416.75 ], [ 45007.650000000001455, 5941416.75 ], [ 45007.650000000001455, 5941416.825000000186265 ], [ 45007.57499999999709, 5941416.825000000186265 ], [ 45007.57499999999709, 5941416.974999999627471 ], [ 45007.5, 5941416.974999999627471 ], [ 45007.5, 5941417.125 ], [ 45007.42500000000291, 5941417.125 ], [ 45007.42500000000291, 5941417.275000000372529 ], [ 45007.349999999998545, 5941417.275000000372529 ], [ 45007.349999999998545, 5941417.424999999813735 ], [ 45007.275000000001455, 5941417.424999999813735 ], [ 45007.275000000001455, 5941417.575000000186265 ], [ 45007.19999999999709, 5941417.575000000186265 ], [ 45007.19999999999709, 5941417.650000000372529 ], [ 45007.125, 5941417.650000000372529 ], [ 45007.125, 5941417.799999999813735 ], [ 45007.05000000000291, 5941417.799999999813735 ], [ 45007.05000000000291, 5941417.950000000186265 ], [ 45006.974999999998545, 5941417.950000000186265 ], [ 45006.974999999998545, 5941418.099999999627471 ], [ 45006.900000000001455, 5941418.099999999627471 ], [ 45006.900000000001455, 5941418.25 ], [ 45006.82499999999709, 5941418.25 ], [ 45006.82499999999709, 5941418.325000000186265 ], [ 45006.75, 5941418.325000000186265 ], [ 45006.75, 5941418.474999999627471 ], [ 45006.67500000000291, 5941418.474999999627471 ], [ 45006.67500000000291, 5941418.625 ], [ 45006.599999999998545, 5941418.625 ], [ 45006.599999999998545, 5941418.775000000372529 ], [ 45006.525000000001455, 5941418.775000000372529 ], [ 45006.525000000001455, 5941418.924999999813735 ], [ 45006.44999999999709, 5941418.924999999813735 ], [ 45006.44999999999709, 5941419.075000000186265 ], [ 45006.375, 5941419.075000000186265 ], [ 45006.375, 5941419.224999999627471 ], [ 45006.30000000000291, 5941419.224999999627471 ], [ 45006.30000000000291, 5941419.450000000186265 ], [ 45006.224999999998545, 5941419.450000000186265 ], [ 45006.224999999998545, 5941419.525000000372529 ], [ 45006.150000000001455, 5941419.525000000372529 ], [ 45006.150000000001455, 5941419.674999999813735 ], [ 45006.07499999999709, 5941419.674999999813735 ], [ 45006.07499999999709, 5941419.825000000186265 ], [ 45006.0, 5941419.825000000186265 ], [ 45006.0, 5941419.900000000372529 ], [ 45005.92500000000291, 5941419.900000000372529 ], [ 45005.92500000000291, 5941419.974999999627471 ], [ 45005.849999999998545, 5941419.974999999627471 ], [ 45005.849999999998545, 5941420.125 ], [ 45005.775000000001455, 5941420.125 ], [ 45005.775000000001455, 5941420.200000000186265 ], [ 45005.69999999999709, 5941420.200000000186265 ], [ 45005.69999999999709, 5941420.275000000372529 ], [ 45005.625, 5941420.275000000372529 ], [ 45005.625, 5941420.424999999813735 ], [ 45005.55000000000291, 5941420.424999999813735 ], [ 45005.55000000000291, 5941420.5 ], [ 45005.474999999998545, 5941420.5 ], [ 45005.474999999998545, 5941420.650000000372529 ], [ 45005.400000000001455, 5941420.650000000372529 ], [ 45005.400000000001455, 5941420.724999999627471 ], [ 45005.32499999999709, 5941420.724999999627471 ], [ 45005.32499999999709, 5941420.875 ], [ 45005.25, 5941420.875 ], [ 45005.25, 5941421.025000000372529 ], [ 45005.17500000000291, 5941421.025000000372529 ], [ 45005.17500000000291, 5941421.099999999627471 ], [ 45005.099999999998545, 5941421.099999999627471 ], [ 45005.099999999998545, 5941421.25 ], [ 45005.025000000001455, 5941421.25 ], [ 45005.025000000001455, 5941421.400000000372529 ], [ 45004.94999999999709, 5941421.400000000372529 ], [ 45004.94999999999709, 5941421.474999999627471 ], [ 45004.875, 5941421.474999999627471 ], [ 45004.875, 5941421.625 ], [ 45004.80000000000291, 5941421.625 ], [ 45004.80000000000291, 5941421.775000000372529 ], [ 45004.724999999998545, 5941421.775000000372529 ], [ 45004.724999999998545, 5941421.849999999627471 ], [ 45004.650000000001455, 5941421.849999999627471 ], [ 45004.650000000001455, 5941422.0 ], [ 45004.57499999999709, 5941422.0 ], [ 45004.57499999999709, 5941422.150000000372529 ], [ 45004.5, 5941422.150000000372529 ], [ 45004.5, 5941422.224999999627471 ], [ 45004.42500000000291, 5941422.224999999627471 ], [ 45004.42500000000291, 5941422.375 ], [ 45004.349999999998545, 5941422.375 ], [ 45004.349999999998545, 5941422.525000000372529 ], [ 45004.275000000001455, 5941422.525000000372529 ], [ 45004.275000000001455, 5941422.674999999813735 ], [ 45004.19999999999709, 5941422.674999999813735 ], [ 45004.19999999999709, 5941422.75 ], [ 45004.125, 5941422.75 ], [ 45004.125, 5941422.900000000372529 ], [ 45004.05000000000291, 5941422.900000000372529 ], [ 45004.05000000000291, 5941422.974999999627471 ], [ 45003.974999999998545, 5941422.974999999627471 ], [ 45003.974999999998545, 5941423.125 ], [ 45003.900000000001455, 5941423.125 ], [ 45003.900000000001455, 5941423.200000000186265 ], [ 45003.82499999999709, 5941423.200000000186265 ], [ 45003.82499999999709, 5941423.349999999627471 ], [ 45003.75, 5941423.349999999627471 ], [ 45003.75, 5941423.5 ], [ 45003.67500000000291, 5941423.5 ], [ 45003.67500000000291, 5941423.575000000186265 ], [ 45003.599999999998545, 5941423.575000000186265 ], [ 45003.599999999998545, 5941423.724999999627471 ], [ 45003.525000000001455, 5941423.724999999627471 ], [ 45003.525000000001455, 5941423.799999999813735 ], [ 45003.44999999999709, 5941423.799999999813735 ], [ 45003.44999999999709, 5941423.950000000186265 ], [ 45003.375, 5941423.950000000186265 ], [ 45003.375, 5941424.025000000372529 ], [ 45003.30000000000291, 5941424.025000000372529 ], [ 45003.30000000000291, 5941424.174999999813735 ], [ 45003.224999999998545, 5941424.174999999813735 ], [ 45003.224999999998545, 5941424.25 ], [ 45003.150000000001455, 5941424.25 ], [ 45003.150000000001455, 5941424.400000000372529 ], [ 45003.07499999999709, 5941424.400000000372529 ], [ 45003.07499999999709, 5941424.549999999813735 ], [ 45003.0, 5941424.549999999813735 ], [ 45003.0, 5941424.625 ], [ 45002.92500000000291, 5941424.625 ], [ 45002.92500000000291, 5941424.775000000372529 ], [ 45002.849999999998545, 5941424.775000000372529 ], [ 45002.849999999998545, 5941424.924999999813735 ], [ 45002.775000000001455, 5941424.924999999813735 ], [ 45002.775000000001455, 5941425.075000000186265 ], [ 45002.69999999999709, 5941425.075000000186265 ], [ 45002.69999999999709, 5941425.224999999627471 ], [ 45002.625, 5941425.224999999627471 ], [ 45002.625, 5941425.375 ], [ 45002.55000000000291, 5941425.375 ], [ 45002.55000000000291, 5941425.525000000372529 ], [ 45002.474999999998545, 5941425.525000000372529 ], [ 45002.474999999998545, 5941425.674999999813735 ], [ 45002.400000000001455, 5941425.674999999813735 ], [ 45002.400000000001455, 5941425.75 ], [ 45002.32499999999709, 5941425.75 ], [ 45002.32499999999709, 5941425.825000000186265 ], [ 45002.17500000000291, 5941425.825000000186265 ], [ 45002.17500000000291, 5941425.900000000372529 ], [ 45002.099999999998545, 5941425.900000000372529 ], [ 45002.099999999998545, 5941425.974999999627471 ], [ 45002.025000000001455, 5941425.974999999627471 ], [ 45002.025000000001455, 5941426.049999999813735 ], [ 45001.875, 5941426.049999999813735 ], [ 45001.875, 5941426.125 ], [ 45001.80000000000291, 5941426.125 ], [ 45001.80000000000291, 5941426.200000000186265 ], [ 45001.724999999998545, 5941426.200000000186265 ], [ 45001.724999999998545, 5941426.275000000372529 ], [ 45001.650000000001455, 5941426.275000000372529 ], [ 45001.650000000001455, 5941426.349999999627471 ], [ 45001.57499999999709, 5941426.349999999627471 ], [ 45001.57499999999709, 5941426.424999999813735 ], [ 45001.42500000000291, 5941426.424999999813735 ], [ 45001.42500000000291, 5941426.5 ], [ 45001.349999999998545, 5941426.5 ], [ 45001.349999999998545, 5941426.575000000186265 ], [ 45001.275000000001455, 5941426.575000000186265 ], [ 45001.275000000001455, 5941426.650000000372529 ], [ 45001.19999999999709, 5941426.650000000372529 ], [ 45001.19999999999709, 5941426.799999999813735 ], [ 45001.125, 5941426.799999999813735 ], [ 45001.125, 5941426.875 ], [ 45001.05000000000291, 5941426.875 ], [ 45001.05000000000291, 5941426.950000000186265 ], [ 45000.974999999998545, 5941426.950000000186265 ], [ 45000.974999999998545, 5941427.025000000372529 ], [ 45000.900000000001455, 5941427.025000000372529 ], [ 45000.900000000001455, 5941427.099999999627471 ], [ 45000.82499999999709, 5941427.099999999627471 ], [ 45000.82499999999709, 5941427.25 ], [ 45000.75, 5941427.25 ], [ 45000.75, 5941427.325000000186265 ], [ 45000.67500000000291, 5941427.325000000186265 ], [ 45000.67500000000291, 5941427.400000000372529 ], [ 45000.599999999998545, 5941427.400000000372529 ], [ 45000.599999999998545, 5941427.549999999813735 ], [ 45000.525000000001455, 5941427.549999999813735 ], [ 45000.525000000001455, 5941427.625 ], [ 45000.44999999999709, 5941427.625 ], [ 45000.44999999999709, 5941427.700000000186265 ], [ 45000.150000000001455, 5941427.700000000186265 ], [ 45000.150000000001455, 5941427.775000000372529 ], [ 44999.849999999998545, 5941427.775000000372529 ], [ 44999.849999999998545, 5941427.849999999627471 ], [ 44999.625, 5941427.849999999627471 ], [ 44999.625, 5941427.924999999813735 ], [ 44999.474999999998545, 5941427.924999999813735 ], [ 44999.474999999998545, 5941428.0 ], [ 44999.25, 5941428.0 ], [ 44999.25, 5941428.075000000186265 ], [ 44999.099999999998545, 5941428.075000000186265 ], [ 44999.099999999998545, 5941428.150000000372529 ], [ 44999.025000000001455, 5941428.150000000372529 ], [ 44999.025000000001455, 5941428.224999999627471 ], [ 44998.875, 5941428.224999999627471 ], [ 44998.875, 5941428.299999999813735 ], [ 44998.724999999998545, 5941428.299999999813735 ], [ 44998.724999999998545, 5941428.375 ], [ 44998.650000000001455, 5941428.375 ], [ 44998.650000000001455, 5941428.450000000186265 ], [ 44998.57499999999709, 5941428.450000000186265 ], [ 44998.57499999999709, 5941428.525000000372529 ], [ 44998.42500000000291, 5941428.525000000372529 ], [ 44998.42500000000291, 5941428.599999999627471 ], [ 44998.349999999998545, 5941428.599999999627471 ], [ 44998.349999999998545, 5941428.674999999813735 ], [ 44998.19999999999709, 5941428.674999999813735 ], [ 44998.19999999999709, 5941428.75 ], [ 44998.05000000000291, 5941428.75 ], [ 44998.05000000000291, 5941428.825000000186265 ], [ 44997.974999999998545, 5941428.825000000186265 ], [ 44997.974999999998545, 5941428.900000000372529 ], [ 44997.82499999999709, 5941428.900000000372529 ], [ 44997.82499999999709, 5941428.974999999627471 ], [ 44997.75, 5941428.974999999627471 ], [ 44997.75, 5941429.049999999813735 ], [ 44997.599999999998545, 5941429.049999999813735 ], [ 44997.599999999998545, 5941429.125 ], [ 44997.525000000001455, 5941429.125 ], [ 44997.525000000001455, 5941429.200000000186265 ], [ 44997.44999999999709, 5941429.200000000186265 ], [ 44997.44999999999709, 5941429.275000000372529 ], [ 44997.375, 5941429.275000000372529 ], [ 44997.375, 5941429.349999999627471 ], [ 44997.30000000000291, 5941429.349999999627471 ], [ 44997.30000000000291, 5941429.424999999813735 ], [ 44997.224999999998545, 5941429.424999999813735 ], [ 44997.224999999998545, 5941429.5 ], [ 44997.150000000001455, 5941429.5 ], [ 44997.150000000001455, 5941429.575000000186265 ], [ 44997.0, 5941429.575000000186265 ], [ 44997.0, 5941429.650000000372529 ], [ 44996.775000000001455, 5941429.650000000372529 ], [ 44996.775000000001455, 5941429.724999999627471 ], [ 44996.55000000000291, 5941429.724999999627471 ], [ 44996.55000000000291, 5941429.799999999813735 ], [ 44996.400000000001455, 5941429.799999999813735 ], [ 44996.400000000001455, 5941429.875 ], [ 44996.17500000000291, 5941429.875 ], [ 44996.17500000000291, 5941429.950000000186265 ], [ 44995.94999999999709, 5941429.950000000186265 ], [ 44995.94999999999709, 5941430.025000000372529 ], [ 44995.80000000000291, 5941430.025000000372529 ], [ 44995.80000000000291, 5941430.099999999627471 ], [ 44995.650000000001455, 5941430.099999999627471 ], [ 44995.650000000001455, 5941430.174999999813735 ], [ 44995.5, 5941430.174999999813735 ], [ 44995.5, 5941430.25 ], [ 44995.349999999998545, 5941430.25 ] ] ] } },
{ "type": "Feature", "properties": { "value": 1.0, "building_id": 7, "area": 235.97437500015161 }, "geometry": { "type": "Polygon", "coordinates": [ [ [ 45015.375, 5941407.599999999627471 ], [ 45015.375, 5941405.875 ], [ 45015.30000000000291, 5941405.875 ], [ 45015.30000000000291, 5941403.325000000186265 ], [ 45015.375, 5941403.325000000186265 ], [ 45015.375, 5941401.900000000372529 ], [ 45015.44999999999709, 5941401.900000000372529 ], [ 45015.44999999999709, 5941401.150000000372529 ], [ 45015.525000000001455, 5941401.150000000372529 ], [ 45015.525000000001455, 5941400.325000000186265 ], [ 45015.599999999998545, 5941400.325000000186265 ], [ 45015.599999999998545, 5941399.575000000186265 ], [ 45015.67500000000291, 5941399.575000000186265 ], [ 45015.67500000000291, 5941398.75 ], [ 45015.75, 5941398.75 ], [ 45015.75, 5941397.924999999813735 ], [ 45015.82499999999709, 5941397.924999999813735 ], [ 45015.82499999999709, 5941397.099999999627471 ], [ 45015.900000000001455, 5941397.099999999627471 ], [ 45015.900000000001455, 5941394.174999999813735 ], [ 45015.82499999999709, 5941394.174999999813735 ], [ 45015.82499999999709, 5941393.575000000186265 ], [ 45015.75, 5941393.575000000186265 ], [ 45015.75, 5941392.974999999627471 ], [ 45015.67500000000291, 5941392.974999999627471 ], [ 45015.67500000000291, 5941392.525000000372529 ], [ 45015.599999999998545, 5941392.525000000372529 ], [ 45015.599999999998545, 5941391.924999999813735 ], [ 45015.525000000001455, 5941391.924999999813735 ], [ 45015.525000000001455, 5941391.474999999627471 ], [ 45015.44999999999709, 5941391.474999999627471 ], [ 45015.44999999999709, 5941390.950000000186265 ], [ 45015.375, 5941390.950000000186265 ], [ 45015.375, 5941390.5 ], [ 45015.30000000000291, 5941390.5 ], [ 45015.30000000000291, 5941390.049999999813735 ], [ 45015.224999999998545, 5941390.049999999813735 ], [ 45015.224999999998545, 5941389.525000000372529 ], [ 45015.150000000001455, 5941389.525000000372529 ], [ 45015.150000000001455, 5941389.150000000372529 ], [ 45015.07499999999709, 5941389.150000000372529 ], [ 45015.07499999999709, 5941388.700000000186265 ], [ 45015.0, 5941388.700000000186265 ], [ 45015.0, 5941387.650000000372529 ], [ 45014.92500000000291, 5941387.650000000372529 ], [ 45014.92500000000291, 5941385.700000000186265 ], [ 45015.0, 5941385.700000000186265 ], [ 45015.0, 5941384.424999999813735 ], [ 45015.07499999999709, 5941384.424999999813735 ], [ 45015.07499999999709, 5941383.0 ], [ 45015.150000000001455, 5941383.0 ], [ 45015.150000000001455, 5941381.5 ], [ 45015.224999999998545, 5941381.5 ], [ 45015.224999999998545, 5941380.599999999627471 ], [ 45015.30000000000291, 5941380.599999999627471 ], [ 45015.30000000000291, 5941380.299999999813735 ], [ 45015.375, 5941380.299999999813735 ], [ 45015.375, 5941380.0 ], [ 45015.44999999999709, 5941380.0 ], [ 45015.44999999999709, 5941379.625 ], [ 45015.525000000001455, 5941379.625 ], [ 45015.525000000001455, 5941379.25 ], [ 45015.599999999998545, 5941379.25 ], [ 45015.599999999998545, 5941378.875 ], [ 45015.67500000000291, 5941378.875 ], [ 45015.67500000000291, 5941378.650000000372529 ], [ 45015.75, 5941378.650000000372529 ], [ 45015.75, 5941378.424999999813735 ], [ 45015.82499999999709, 5941378.424999999813735 ], [ 45015.82499999999709, 5941378.200000000186265 ], [ 45015.900000000001455, 5941378.200000000186265 ], [ 45015.900000000001455, 5941377.974999999627471 ], [ 45015.974999999998545, 5941377.974999999627471 ], [ 45015.974999999998545, 5941377.75 ], [ 45016.05000000000291, 5941377.75 ], [ 45016.05000000000291, 5941377.599999999627471 ], [ 45016.125, 5941377.599999999627471 ], [ 45016.125, 5941377.450000000186265 ], [ 45016.19999999999709, 5941377.450000000186265 ], [ 45016.19999999999709, 5941377.299999999813735 ], [ 45016.275000000001455, 5941377.299999999813735 ], [ 45016.275000000001455, 5941377.150000000372529 ], [ 45016.349999999998545, 5941377.150000000372529 ], [ 45016.349999999998545, 5941376.924999999813735 ], [ 45016.42500000000291, 5941376.924999999813735 ], [ 45016.42500000000291, 5941376.775000000372529 ], [ 45016.5, 5941376.775000000372529 ], [ 45016.5, 5941376.625 ], [ 45016.57499999999709, 5941376.625 ], [ 45016.57499999999709, 5941376.474999999627471 ], [ 45016.650000000001455, 5941376.474999999627471 ], [ 45016.650000000001455, 5941376.325000000186265 ], [ 45016.724999999998545, 5941376.325000000186265 ], [ 45016.724999999998545, 5941376.099999999627471 ], [ 45016.80000000000291, 5941376.099999999627471 ], [ 45016.80000000000291, 5941375.875 ], [ 45016.875, 5941375.875 ], [ 45016.875, 5941375.724999999627471 ], [ 45016.94999999999709, 5941375.724999999627471 ], [ 45016.94999999999709, 5941375.424999999813735 ], [ 45017.025000000001455, 5941375.424999999813735 ], [ 45017.025000000001455, 5941375.200000000186265 ], [ 45017.099999999998545, 5941375.200000000186265 ], [ 45017.099999999998545, 5941374.900000000372529 ], [ 45017.17500000000291, 5941374.900000000372529 ], [ 45017.17500000000291, 5941374.674999999813735 ], [ 45017.25, 5941374.674999999813735 ], [ 45017.25, 5941374.375 ], [ 45017.32499999999709, 5941374.375 ], [ 45017.32499999999709, 5941374.299999999813735 ], [ 45017.55000000000291, 5941374.299999999813735 ], [ 45017.55000000000291, 5941374.224999999627471 ], [ 45017.69999999999709, 5941374.224999999627471 ], [ 45017.69999999999709, 5941374.150000000372529 ], [ 45017.849999999998545, 5941374.150000000372529 ], [ 45017.849999999998545, 5941374.075000000186265 ], [ 45018.0, 5941374.075000000186265 ], [ 45018.0, 5941374.0 ], [ 45018.150000000001455, 5941374.0 ], [ 45018.150000000001455, 5941373.924999999813735 ], [ 45018.30000000000291, 5941373.924999999813735 ], [ 45018.30000000000291, 5941373.849999999627471 ], [ 45018.44999999999709, 5941373.849999999627471 ], [ 45018.44999999999709, 5941373.775000000372529 ], [ 45018.599999999998545, 5941373.775000000372529 ], [ 45018.599999999998545, 5941373.700000000186265 ], [ 45018.75, 5941373.700000000186265 ], [ 45018.75, 5941373.625 ], [ 45018.82499999999709, 5941373.625 ], [ 45018.82499999999709, 5941373.549999999813735 ], [ 45018.974999999998545, 5941373.549999999813735 ], [ 45018.974999999998545, 5941373.474999999627471 ], [ 45019.05000000000291, 5941373.474999999627471 ], [ 45019.05000000000291, 5941373.400000000372529 ], [ 45019.125, 5941373.400000000372529 ], [ 45019.125, 5941373.325000000186265 ], [ 45019.19999999999709, 5941373.325000000186265 ], [ 45019.19999999999709, 5941373.25 ], [ 45019.275000000001455, 5941373.25 ], [ 45019.275000000001455, 5941373.174999999813735 ], [ 45019.349999999998545, 5941373.174999999813735 ], [ 45019.349999999998545, 5941373.099999999627471 ], [ 45019.42500000000291, 5941373.099999999627471 ], [ 45019.42500000000291, 5941373.025000000372529 ], [ 45019.5, 5941373.025000000372529 ], [ 45019.5, 5941372.950000000186265 ], [ 45019.57499999999709, 5941372.950000000186265 ], [ 45019.57499999999709, 5941372.799999999813735 ], [ 45019.650000000001455, 5941372.799999999813735 ], [ 45019.650000000001455, 5941372.724999999627471 ], [ 45019.724999999998545, 5941372.724999999627471 ], [ 45019.724999999998545, 5941372.575000000186265 ], [ 45019.80000000000291, 5941372.575000000186265 ], [ 45019.80000000000291, 5941372.424999999813735 ], [ 45019.875, 5941372.424999999813735 ], [ 45019.875, 5941372.349999999627471 ], [ 45019.94999999999709, 5941372.349999999627471 ], [ 45019.94999999999709, 5941372.200000000186265 ], [ 45020.025000000001455, 5941372.200000000186265 ], [ 45020.025000000001455, 5941372.125 ], [ 45020.099999999998545, 5941372.125 ], [ 45020.099999999998545, 5941372.049999999813735 ], [ 45020.17500000000291, 5941372.049999999813735 ], [ 45020.17500000000291, 5941371.900000000372529 ], [ 45020.25, 5941371.900000000372529 ], [ 45020.25, 5941371.825000000186265 ], [ 45020.32499999999709, 5941371.825000000186265 ], [ 45020.32499999999709, 5941371.75 ], [ 45020.400000000001455, 5941371.75 ], [ 45020.400000000001455, 5941371.599999999627471 ], [ 45020.474999999998545, 5941371.599999999627471 ], [ 45020.474999999998545, 5941371.525000000372529 ], [ 45020.55000000000291, 5941371.525000000372529 ], [ 45020.55000000000291, 5941371.375 ], [ 45020.625, 5941371.375 ], [ 45020.625, 5941371.299999999813735 ], [ 45020.69999999999709, 5941371.299999999813735 ], [ 45020.69999999999709, 5941371.150000000372529 ], [ 45020.775000000001455, 5941371.150000000372529 ], [ 45020.775000000001455, 5941371.075000000186265 ], [ 45020.849999999998545, 5941371.075000000186265 ], [ 45020.849999999998545, 5941370.924999999813735 ], [ 45020.92500000000291, 5941370.924999999813735 ], [ 45020.92500000000291, 5941370.849999999627471 ], [ 45021.0, 5941370.849999999627471 ], [ 45021.0, 5941370.775000000372529 ], [ 45021.07499999999709, 5941370.775000000372529 ], [ 45021.07499999999709, 5941370.700000000186265 ], [ 45021.150000000001455, 5941370.700000000186265 ], [ 45021.150000000001455, 5941370.625 ], [ 45021.224999999998545, 5941370.625 ], [ 45021.224999999998545, 5941370.549999999813735 ], [ 45021.30000000000291, 5941370.549999999813735 ], [ 45021.30000000000291, 5941370.474999999627471 ], [ 45021.375, 5941370.474999999627471 ], [ 45021.375, 5941370.400000000372529 ], [ 45021.44999999999709, 5941370.400000000372529 ], [ 45021.44999999999709, 5941370.325000000186265 ], [ 45021.525000000001455, 5941370.325000000186265 ], [ 45021.525000000001455, 5941370.25 ], [ 45021.599999999998545, 5941370.25 ], [ 45021.599999999998545, 5941370.174999999813735 ], [ 45021.67500000000291, 5941370.174999999813735 ], [ 45021.67500000000291, 5941370.099999999627471 ], [ 45021.75, 5941370.099999999627471 ], [ 45021.75, 5941370.025000000372529 ], [ 45021.974999999998545, 5941370.025000000372529 ], [ 45021.974999999998545, 5941370.099999999627471 ], [ 45022.125, 5941370.099999999627471 ], [ 45022.125, 5941370.174999999813735 ], [ 45022.19999999999709, 5941370.174999999813735 ], [ 45022.19999999999709, 5941370.25 ], [ 45022.349999999998545, 5941370.25 ], [ 45022.349999999998545, 5941370.325000000186265 ], [ 45022.5, 5941370.325000000186265 ], [ 45022.5, 5941370.400000000372529 ], [ 45022.57499999999709, 5941370.400000000372529 ], [ 45022.57499999999709, 5941370.474999999627471 ], [ 45022.724999999998545, 5941370.474999999627471 ], [ 45022.724999999998545, 5941370.549999999813735 ], [ 45022.875, 5941370.549999999813735 ], [ 45022.875, 5941370.625 ], [ 45022.94999999999709, 5941370.625 ], [ 45022.94999999999709, 5941370.700000000186265 ], [ 45023.099999999998545, 5941370.700000000186265 ], [ 45023.099999999998545, 5941370.775000000372529 ], [ 45023.25, 5941370.775000000372529 ], [ 45023.25, 5941370.849999999627471 ], [ 45023.400000000001455, 5941370.849999999627471 ], [ 45023.400000000001455, 5941370.924999999813735 ], [ 45023.55000000000291, 5941370.924999999813735 ], [ 45023.55000000000291, 5941371.0 ], [ 45023.625, 5941371.0 ], [ 45023.625, 5941371.150000000372529 ], [ 45023.69999999999709, 5941371.150000000372529 ], [ 45023.69999999999709, 5941371.224999999627471 ], [ 45023.775000000001455, 5941371.224999999627471 ], [ 45023.775000000001455, 5941371.375 ], [ 45023.849999999998545, 5941371.375 ], [ 45023.849999999998545, 5941371.674999999813735 ], [ 45023.92500000000291, 5941371.674999999813735 ], [ 45023.92500000000291, 5941372.125 ], [ 45024.0, 5941372.125 ], [ 45024.0, 5941372.5 ], [ 45024.07499999999709, 5941372.5 ], [ 45024.07499999999709, 5941372.875 ], [ 45024.150000000001455, 5941372.875 ], [ 45024.150000000001455, 5941373.025000000372529 ], [ 45024.07499999999709, 5941373.025000000372529 ], [ 45024.07499999999709, 5941373.474999999627471 ], [ 45024.0, 5941373.474999999627471 ], [ 45024.0, 5941374.0 ], [ 45023.92500000000291, 5941374.0 ], [ 45023.92500000000291, 5941374.450000000186265 ], [ 45023.849999999998545, 5941374.450000000186265 ], [ 45023.849999999998545, 5941374.974999999627471 ], [ 45023.775000000001455, 5941374.974999999627471 ], [ 45023.775000000001455, 5941375.200000000186265 ], [ 45023.69999999999709, 5941375.200000000186265 ], [ 45023.69999999999709, 5941375.5 ], [ 45023.625, 5941375.5 ], [ 45023.625, 5941375.799999999813735 ], [ 45023.55000000000291, 5941375.799999999813735 ], [ 45023.55000000000291, 5941376.099999999627471 ], [ 45023.474999999998545, 5941376.099999999627471 ], [ 45023.474999999998545, 5941376.474999999627471 ], [ 45023.400000000001455, 5941376.474999999627471 ], [ 45023.400000000001455, 5941376.849999999627471 ], [ 45023.32499999999709, 5941376.849999999627471 ], [ 45023.32499999999709, 5941377.299999999813735 ], [ 45023.25, 5941377.299999999813735 ], [ 45023.25, 5941377.75 ], [ 45023.17500000000291, 5941377.75 ], [ 45023.17500000000291, 5941378.275000000372529 ], [ 45023.099999999998545, 5941378.275000000372529 ], [ 45023.099999999998545, 5941378.950000000186265 ], [ 45023.025000000001455, 5941378.950000000186265 ], [ 45023.025000000001455, 5941379.924999999813735 ], [ 45022.94999999999709, 5941379.924999999813735 ], [ 45022.94999999999709, 5941381.5 ], [ 45022.875, 5941381.5 ], [ 45022.875, 5941384.5 ], [ 45022.80000000000291, 5941384.5 ], [ 45022.80000000000291, 5941389.900000000372529 ], [ 45022.875, 5941389.900000000372529 ], [ 45022.875, 5941392.674999999813735 ], [ 45022.94999999999709, 5941392.674999999813735 ], [ 45022.94999999999709, 5941394.775000000372529 ], [ 45022.875, 5941394.775000000372529 ], [ 45022.875, 5941395.450000000186265 ], [ 45022.80000000000291, 5941395.450000000186265 ], [ 45022.80000000000291, 5941396.125 ], [ 45022.724999999998545, 5941396.125 ], [ 45022.724999999998545, 5941396.575000000186265 ], [ 45022.650000000001455, 5941396.575000000186265 ], [ 45022.650000000001455, 5941396.875 ], [ 45022.57499999999709, 5941396.875 ], [ 45022.57499999999709, 5941397.099999999627471 ], [ 45022.5, 5941397.099999999627471 ], [ 45022.5, 5941397.400000000372529 ], [ 45022.42500000000291, 5941397.400000000372529 ], [ 45022.42500000000291, 5941397.700000000186265 ], [ 45022.349999999998545, 5941397.700000000186265 ], [ 45022.349999999998545, 5941398.0 ], [ 45022.275000000001455, 5941398.0 ], [ 45022.275000000001455, 5941398.299999999813735 ], [ 45022.19999999999709, 5941398.299999999813735 ], [ 45022.19999999999709, 5941398.525000000372529 ], [ 45022.125, 5941398.525000000372529 ], [ 45022.125, 5941398.825000000186265 ], [ 45022.05000000000291, 5941398.825000000186265 ], [ 45022.05000000000291, 5941399.125 ], [ 45021.974999999998545, 5941399.125 ], [ 45021.974999999998545, 5941399.349999999627471 ], [ 45021.900000000001455, 5941399.349999999627471 ], [ 45021.900000000001455, 5941399.650000000372529 ], [ 45021.82499999999709, 5941399.650000000372529 ], [ 45021.82499999999709, 5941399.875 ], [ 45021.75, 5941399.875 ], [ 45021.75, 5941400.025000000372529 ], [ 45021.67500000000291, 5941400.025000000372529 ], [ 45021.67500000000291, 5941400.25 ], [ 45021.599999999998545, 5941400.25 ], [ 45021.599999999998545, 5941400.474999999627471 ], [ 45021.525000000001455, 5941400.474999999627471 ], [ 45021.525000000001455, 5941400.625 ], [ 45021.44999999999709, 5941400.625 ], [ 45021.44999999999709, 5941400.849999999627471 ], [ 45021.375, 5941400.849999999627471 ], [ 45021.375, 5941401.0 ], [ 45021.30000000000291, 5941401.0 ], [ 45021.30000000000291, 5941401.150000000372529 ], [ 45021.224999999998545, 5941401.150000000372529 ], [ 45021.224999999998545, 5941401.375 ], [ 45021.150000000001455, 5941401.375 ], [ 45021.150000000001455, 5941401.525000000372529 ], [ 45021.07499999999709, 5941401.525000000372529 ], [ 45021.07499999999709, 5941401.674999999813735 ], [ 45021.0, 5941401.674999999813735 ], [ 45021.0, 5941401.900000000372529 ], [ 45020.92500000000291, 5941401.900000000372529 ], [ 45020.92500000000291, 5941402.049999999813735 ], [ 45020.849999999998545, 5941402.049999999813735 ], [ 45020.849999999998545, 5941402.200000000186265 ], [ 45020.775000000001455, 5941402.200000000186265 ], [ 45020.775000000001455, 5941402.424999999813735 ], [ 45020.69999999999709, 5941402.424999999813735 ], [ 45020.69999999999709, 5941402.575000000186265 ], [ 45020.625, 5941402.575000000186265 ], [ 45020.625, 5941402.799999999813735 ], [ 45020.55000000000291, 5941402.799999999813735 ], [ 45020.55000000000291, 5941402.950000000186265 ], [ 45020.474999999998545, 5941402.950000000186265 ], [ 45020.474999999998545, 5941403.099999999627471 ], [ 45020.400000000001455, 5941403.099999999627471 ], [ 45020.400000000001455, 5941403.325000000186265 ], [ 45020.32499999999709, 5941403.325000000186265 ], [ 45020.32499999999709, 5941403.474999999627471 ], [ 45020.25, 5941403.474999999627471 ], [ 45020.25, 5941403.625 ], [ 45020.17500000000291, 5941403.625 ], [ 45020.17500000000291, 5941403.775000000372529 ], [ 45020.099999999998545, 5941403.775000000372529 ], [ 45020.099999999998545, 5941403.924999999813735 ], [ 45020.025000000001455, 5941403.924999999813735 ], [ 45020.025000000001455, 5941404.0 ], [ 45019.94999999999709, 5941404.0 ], [ 45019.94999999999709, 5941404.150000000372529 ], [ 45019.875, 5941404.150000000372529 ], [ 45019.875, 5941404.299999999813735 ], [ 45019.80000000000291, 5941404.299999999813735 ], [ 45019.80000000000291, 5941404.450000000186265 ], [ 45019.724999999998545, 5941404.450000000186265 ], [ 45019.724999999998545, 5941404.599999999627471 ], [ 45019.650000000001455, 5941404.599999999627471 ], [ 45019.650000000001455, 5941404.674999999813735 ], [ 45019.57499999999709, 5941404.674999999813735 ], [ 45019.57499999999709, 5941404.825000000186265 ], [ 45019.5, 5941404.825000000186265 ], [ 45019.5, 5941404.900000000372529 ], [ 45019.42500000000291, 5941404.900000000372529 ], [ 45019.42500000000291, 5941405.049999999813735 ], [ 45019.349999999998545, 5941405.049999999813735 ], [ 45019.349999999998545, 5941405.125 ], [ 45019.275000000001455, 5941405.125 ], [ 45019.275000000001455, 5941405.200000000186265 ], [ 45019.19999999999709, 5941405.200000000186265 ], [ 45019.19999999999709, 5941405.349999999627471 ], [ 45019.125, 5941405.349999999627471 ], [ 45019.125, 5941405.424999999813735 ], [ 45019.05000000000291, 5941405.424999999813735 ], [ 45019.05000000000291, 5941405.5 ], [ 45018.974999999998545, 5941405.5 ], [ 45018.974999999998545, 5941405.575000000186265 ], [ 45018.900000000001455, 5941405.575000000186265 ], [ 45018.900000000001455, 5941405.650000000372529 ], [ 45018.82499999999709, 5941405.650000000372529 ], [ 45018.82499999999709, 5941405.724999999627471 ], [ 45018.75, 5941405.724999999627471 ], [ 45018.75, 5941405.799999999813735 ], [ 45018.67500000000291, 5941405.799999999813735 ], [ 45018.67500000000291, 5941405.875 ], [ 45018.599999999998545, 5941405.875 ], [ 45018.599999999998545, 5941405.950000000186265 ], [ 45018.525000000001455, 5941405.950000000186265 ], [ 45018.525000000001455, 5941406.025000000372529 ], [ 45018.44999999999709, 5941406.025000000372529 ], [ 45018.44999999999709, 5941406.099999999627471 ], [ 45018.375, 5941406.099999999627471 ], [ 45018.375, 5941406.174999999813735 ], [ 45018.224999999998545, 5941406.174999999813735 ], [ 45018.224999999998545, 5941406.25 ], [ 45018.150000000001455, 5941406.25 ], [ 45018.150000000001455, 5941406.325000000186265 ], [ 45018.0, 5941406.325000000186265 ], [ 45018.0, 5941406.400000000372529 ], [ 45017.92500000000291, 5941406.400000000372529 ], [ 45017.92500000000291, 5941406.474999999627471 ], [ 45017.775000000001455, 5941406.474999999627471 ], [ 45017.775000000001455, 5941406.549999999813735 ], [ 45017.625, 5941406.549999999813735 ], [ 45017.625, 5941406.625 ], [ 45017.55000000000291, 5941406.625 ], [ 45017.55000000000291, 5941406.700000000186265 ], [ 45017.400000000001455, 5941406.700000000186265 ], [ 45017.400000000001455, 5941406.775000000372529 ], [ 45017.17500000000291, 5941406.775000000372529 ], [ 45017.17500000000291, 5941406.849999999627471 ], [ 45017.025000000001455, 5941406.849999999627471 ], [ 45017.025000000001455, 5941406.924999999813735 ], [ 45016.875, 5941406.924999999813735 ], [ 45016.875, 5941407.0 ], [ 45016.650000000001455, 5941407.0 ], [ 45016.650000000001455, 5941407.075000000186265 ], [ 45016.5, 5941407.075000000186265 ], [ 45016.5, 5941407.150000000372529 ], [ 45016.275000000001455, 5941407.150000000372529 ], [ 45016.275000000001455, 5941407.224999999627471 ], [ 45015.974999999998545, 5941407.224999999627471 ], [ 45015.974999999998545, 5941407.299999999813735 ], [ 45015.900000000001455, 5941407.299999999813735 ], [ 45015.900000000001455, 5941407.375 ], [ 45015.75, 5941407.375 ], [ 45015.75, 5941407.450000000186265 ], [ 45015.599999999998545, 5941407.450000000186265 ], [ 45015.599999999998545, 5941407.525000000372529 ], [ 45015.525000000001455, 5941407.525000000372529 ], [ 45015.525000000001455, 5941407.599999999627471 ], [ 45015.375, 5941407.599999999627471 ] ] ] } },
{ "type": "Feature", "properties": { "value": 1.0, "building_id": 8, "area": 127.18124999978878 }, "geometry": { "type": "Polygon", "coordinates": [ [ [ 45162.224999999998545, 5941373.474999999627471 ], [ 45162.224999999998545, 5941373.400000000372529 ], [ 45162.150000000001455, 5941373.400000000372529 ], [ 45162.150000000001455, 5941373.325000000186265 ], [ 45162.0, 5941373.325000000186265 ], [ 45162.0, 5941373.25 ], [ 45161.92500000000291, 5941373.25 ], [ 45161.92500000000291, 5941373.174999999813735 ], [ 45161.775000000001455, 5941373.174999999813735 ], [ 45161.775000000001455, 5941373.099999999627471 ], [ 45161.69999999999709, 5941373.099999999627471 ], [ 45161.69999999999709, 5941373.025000000372529 ], [ 45161.55000000000291, 5941373.025000000372529 ], [ 45161.55000000000291, 5941372.950000000186265 ], [ 45161.474999999998545, 5941372.950000000186265 ], [ 45161.474999999998545, 5941372.875 ], [ 45161.400000000001455, 5941372.875 ], [ 45161.400000000001455, 5941372.799999999813735 ], [ 45161.32499999999709, 5941372.799999999813735 ], [ 45161.32499999999709, 5941372.650000000372529 ], [ 45161.25, 5941372.650000000372529 ], [ 45161.25, 5941372.575000000186265 ], [ 45161.17500000000291, 5941372.575000000186265 ], [ 45161.17500000000291, 5941372.5 ], [ 45161.099999999998545, 5941372.5 ], [ 45161.099999999998545, 5941372.424999999813735 ], [ 45161.025000000001455, 5941372.424999999813735 ], [ 45161.025000000001455, 5941372.275000000372529 ], [ 45160.94999999999709, 5941372.275000000372529 ], [ 45160.94999999999709, 5941372.200000000186265 ], [ 45160.875, 5941372.200000000186265 ], [ 45160.875, 5941372.125 ], [ 45160.80000000000291, 5941372.125 ], [ 45160.80000000000291, 5941372.049999999813735 ], [ 45160.724999999998545, 5941372.049999999813735 ], [ 45160.724999999998545, 5941371.974999999627471 ], [ 45160.650000000001455, 5941371.974999999627471 ], [ 45160.650000000001455, 5941371.900000000372529 ], [ 45160.57499999999709, 5941371.900000000372529 ], [ 45160.57499999999709, 5941371.75 ], [ 45160.5, 5941371.75 ], [ 45160.5, 5941371.674999999813735 ], [ 45160.42500000000291, 5941371.674999999813735 ], [ 45160.42500000000291, 5941371.599999999627471 ], [ 45160.349999999998545, 5941371.599999999627471 ], [ 45160.349999999998545, 5941371.525000000372529 ], [ 45160.275000000001455, 5941371.525000000372529 ], [ 45160.275000000001455, 5941371.450000000186265 ], [ 45160.19999999999709, 5941371.450000000186265 ], [ 45160.19999999999709, 5941371.375 ], [ 45160.125, 5941371.375 ], [ 45160.125, 5941371.299999999813735 ], [ 45160.05000000000291, 5941371.299999999813735 ], [ 45160.05000000000291, 5941371.224999999627471 ], [ 45159.974999999998545, 5941371.224999999627471 ], [ 45159.974999999998545, 5941371.075000000186265 ], [ 45159.900000000001455, 5941371.075000000186265 ], [ 45159.900000000001455, 5941371.0 ], [ 45159.82499999999709, 5941371.0 ], [ 45159.82499999999709, 5941370.474999999627471 ], [ 45159.75, 5941370.474999999627471 ], [ 45159.75, 5941369.5 ], [ 45159.67500000000291, 5941369.5 ], [ 45159.67500000000291, 5941368.75 ], [ 45159.599999999998545, 5941368.75 ], [ 45159.599999999998545, 5941368.075000000186265 ], [ 45159.525000000001455, 5941368.075000000186265 ], [ 45159.525000000001455, 5941367.474999999627471 ], [ 45159.44999999999709, 5941367.474999999627471 ], [ 45159.44999999999709, 5941367.025000000372529 ], [ 45159.375, 5941367.025000000372529 ], [ 45159.375, 5941366.575000000186265 ], [ 45159.30000000000291, 5941366.575000000186265 ], [ 45159.30000000000291, 5941366.200000000186265 ], [ 45159.224999999998545, 5941366.200000000186265 ], [ 45159.224999999998545, 5941365.900000000372529 ], [ 45159.150000000001455, 5941365.900000000372529 ], [ 45159.150000000001455, 5941365.599999999627471 ], [ 45159.07499999999709, 5941365.599999999627471 ], [ 45159.07499999999709, 5941365.299999999813735 ], [ 45159.0, 5941365.299999999813735 ], [ 45159.0, 5941365.075000000186265 ], [ 45158.92500000000291, 5941365.075000000186265 ], [ 45158.92500000000291, 5941364.849999999627471 ], [ 45158.849999999998545, 5941364.849999999627471 ], [ 45158.849999999998545, 5941364.549999999813735 ], [ 45158.775000000001455, 5941364.549999999813735 ], [ 45158.775000000001455, 5941364.400000000372529 ], [ 45158.69999999999709, 5941364.400000000372529 ], [ 45158.69999999999709, 5941364.174999999813735 ], [ 45158.625, 5941364.174999999813735 ], [ 45158.625, 5941363.950000000186265 ], [ 45158.55000000000291, 5941363.950000000186265 ], [ 45158.55000000000291, 5941363.724999999627471 ], [ 45158.474999999998545, 5941363.724999999627471 ], [ 45158.474999999998545, 5941363.575000000186265 ], [ 45158.400000000001455, 5941363.575000000186265 ], [ 45158.400000000001455, 5941363.349999999627471 ], [ 45158.32499999999709, 5941363.349999999627471 ], [ 45158.32499999999709, 5941363.200000000186265 ], [ 45158.25, 5941363.200000000186265 ], [ 45158.25, 5941362.974999999627471 ], [ 45158.17500000000291, 5941362.974999999627471 ], [ 45158.17500000000291, 5941362.75 ], [ 45158.099999999998545, 5941362.75 ], [ 45158.099999999998545, 5941362.525000000372529 ], [ 45158.025000000001455, 5941362.525000000372529 ], [ 45158.025000000001455, 5941362.224999999627471 ], [ 45157.94999999999709, 5941362.224999999627471 ], [ 45157.94999999999709, 5941362.0 ], [ 45157.875, 5941362.0 ], [ 45157.875, 5941361.775000000372529 ], [ 45157.80000000000291, 5941361.775000000372529 ], [ 45157.80000000000291, 5941361.474999999627471 ], [ 45157.724999999998545, 5941361.474999999627471 ], [ 45157.724999999998545, 5941361.25 ], [ 45157.650000000001455, 5941361.25 ], [ 45157.650000000001455, 5941360.950000000186265 ], [ 45157.57499999999709, 5941360.950000000186265 ], [ 45157.57499999999709, 5941360.724999999627471 ], [ 45157.5, 5941360.724999999627471 ], [ 45157.5, 5941360.424999999813735 ], [ 45157.42500000000291, 5941360.424999999813735 ], [ 45157.42500000000291, 5941360.125 ], [ 45157.349999999998545, 5941360.125 ], [ 45157.349999999998545, 5941359.900000000372529 ], [ 45157.275000000001455, 5941359.900000000372529 ], [ 45157.275000000001455, 5941359.599999999627471 ], [ 45157.19999999999709, 5941359.599999999627471 ], [ 45157.19999999999709, 5941359.299999999813735 ], [ 45157.125, 5941359.299999999813735 ], [ 45157.125, 5941359.0 ], [ 45157.05000000000291, 5941359.0 ], [ 45157.05000000000291, 5941358.700000000186265 ], [ 45156.974999999998545, 5941358.700000000186265 ], [ 45156.974999999998545, 5941358.325000000186265 ], [ 45156.900000000001455, 5941358.325000000186265 ], [ 45156.900000000001455, 5941358.025000000372529 ], [ 45156.82499999999709, 5941358.025000000372529 ], [ 45156.82499999999709, 5941357.724999999627471 ], [ 45156.75, 5941357.724999999627471 ], [ 45156.75, 5941357.349999999627471 ], [ 45156.67500000000291, 5941357.349999999627471 ], [ 45156.67500000000291, 5941357.275000000372529 ], [ 45156.599999999998545, 5941357.275000000372529 ], [ 45156.599999999998545, 5941357.200000000186265 ], [ 45156.525000000001455, 5941357.200000000186265 ], [ 45156.525000000001455, 5941357.049999999813735 ], [ 45156.44999999999709, 5941357.049999999813735 ], [ 45156.44999999999709, 5941356.974999999627471 ], [ 45156.375, 5941356.974999999627471 ], [ 45156.375, 5941356.900000000372529 ], [ 45156.30000000000291, 5941356.900000000372529 ], [ 45156.30000000000291, 5941356.825000000186265 ], [ 45156.224999999998545, 5941356.825000000186265 ], [ 45156.224999999998545, 5941356.75 ], [ 45156.150000000001455, 5941356.75 ], [ 45156.150000000001455, 5941356.674999999813735 ], [ 45156.07499999999709, 5941356.674999999813735 ], [ 45156.07499999999709, 5941356.599999999627471 ], [ 45156.0, 5941356.599999999627471 ], [ 45156.0, 5941356.450000000186265 ], [ 45155.92500000000291, 5941356.450000000186265 ], [ 45155.92500000000291, 5941356.375 ], [ 45155.849999999998545, 5941356.375 ], [ 45155.849999999998545, 5941356.299999999813735 ], [ 45155.775000000001455, 5941356.299999999813735 ], [ 45155.775000000001455, 5941356.224999999627471 ], [ 45155.69999999999709, 5941356.224999999627471 ], [ 45155.69999999999709, 5941356.150000000372529 ], [ 45155.625, 5941356.150000000372529 ], [ 45155.625, 5941356.075000000186265 ], [ 45155.55000000000291, 5941356.075000000186265 ], [ 45155.55000000000291, 5941356.0 ], [ 45155.474999999998545, 5941356.0 ], [ 45155.474999999998545, 5941355.924999999813735 ], [ 45155.400000000001455, 5941355.924999999813735 ], [ 45155.400000000001455, 5941355.849999999627471 ], [ 45155.32499999999709, 5941355.849999999627471 ], [ 45155.32499999999709, 5941355.775000000372529 ], [ 45155.25, 5941355.775000000372529 ], [ 45155.25, 5941355.700000000186265 ], [ 45155.17500000000291, 5941355.700000000186265 ], [ 45155.17500000000291, 5941355.625 ], [ 45155.099999999998545, 5941355.625 ], [ 45155.099999999998545, 5941355.549999999813735 ], [ 45155.025000000001455, 5941355.549999999813735 ], [ 45155.025000000001455, 5941355.474999999627471 ], [ 45154.94999999999709, 5941355.474999999627471 ], [ 45154.94999999999709, 5941355.400000000372529 ], [ 45154.875, 5941355.400000000372529 ], [ 45154.875, 5941355.325000000186265 ], [ 45154.724999999998545, 5941355.325000000186265 ], [ 45154.724999999998545, 5941355.25 ], [ 45154.57499999999709, 5941355.25 ], [ 45154.57499999999709, 5941355.174999999813735 ], [ 45154.5, 5941355.174999999813735 ], [ 45154.5, 5941355.099999999627471 ], [ 45154.42500000000291, 5941355.099999999627471 ], [ 45154.42500000000291, 5941355.025000000372529 ], [ 45154.275000000001455, 5941355.025000000372529 ], [ 45154.275000000001455, 5941354.950000000186265 ], [ 45154.19999999999709, 5941354.950000000186265 ], [ 45154.19999999999709, 5941354.875 ], [ 45154.125, 5941354.875 ], [ 45154.125, 5941354.799999999813735 ], [ 45153.974999999998545, 5941354.799999999813735 ], [ 45153.974999999998545, 5941354.724999999627471 ], [ 45153.900000000001455, 5941354.724999999627471 ], [ 45153.900000000001455, 5941354.650000000372529 ], [ 45153.82499999999709, 5941354.650000000372529 ], [ 45153.82499999999709, 5941354.575000000186265 ], [ 45153.67500000000291, 5941354.575000000186265 ], [ 45153.67500000000291, 5941354.5 ], [ 45153.599999999998545, 5941354.5 ], [ 45153.599999999998545, 5941354.424999999813735 ], [ 45153.44999999999709, 5941354.424999999813735 ], [ 45153.44999999999709, 5941354.349999999627471 ], [ 45153.375, 5941354.349999999627471 ], [ 45153.375, 5941354.275000000372529 ], [ 45153.30000000000291, 5941354.275000000372529 ], [ 45153.30000000000291, 5941354.200000000186265 ], [ 45153.150000000001455, 5941354.200000000186265 ], [ 45153.150000000001455, 5941354.125 ], [ 45153.07499999999709, 5941354.125 ], [ 45153.07499999999709, 5941354.049999999813735 ], [ 45153.0, 5941354.049999999813735 ], [ 45153.0, 5941353.974999999627471 ], [ 45152.849999999998545, 5941353.974999999627471 ], [ 45152.849999999998545, 5941353.900000000372529 ], [ 45152.775000000001455, 5941353.900000000372529 ], [ 45152.775000000001455, 5941353.825000000186265 ], [ 45152.69999999999709, 5941353.825000000186265 ], [ 45152.69999999999709, 5941353.75 ], [ 45152.55000000000291, 5941353.75 ], [ 45152.55000000000291, 5941353.674999999813735 ], [ 45152.474999999998545, 5941353.674999999813735 ], [ 45152.474999999998545, 5941353.599999999627471 ], [ 45152.400000000001455, 5941353.599999999627471 ], [ 45152.400000000001455, 5941353.525000000372529 ], [ 45152.32499999999709, 5941353.525000000372529 ], [ 45152.32499999999709, 5941353.450000000186265 ], [ 45152.17500000000291, 5941353.450000000186265 ], [ 45152.17500000000291, 5941353.375 ], [ 45152.099999999998545, 5941353.375 ], [ 45152.099999999998545, 5941353.299999999813735 ], [ 45152.025000000001455, 5941353.299999999813735 ], [ 45152.025000000001455, 5941353.224999999627471 ], [ 45151.875, 5941353.224999999627471 ], [ 45151.875, 5941353.150000000372529 ], [ 45151.80000000000291, 5941353.150000000372529 ], [ 45151.80000000000291, 5941353.075000000186265 ], [ 45151.724999999998545, 5941353.075000000186265 ], [ 45151.724999999998545, 5941353.0 ], [ 45151.650000000001455, 5941353.0 ], [ 45151.650000000001455, 5941352.924999999813735 ], [ 45151.5, 5941352.924999999813735 ], [ 45151.5, 5941352.849999999627471 ], [ 45151.42500000000291, 5941352.849999999627471 ], [ 45151.42500000000291, 5941352.775000000372529 ], [ 45151.349999999998545, 5941352.775000000372529 ], [ 45151.349999999998545, 5941352.700000000186265 ], [ 45151.275000000001455, 5941352.700000000186265 ], [ 45151.275000000001455, 5941352.625 ], [ 45151.19999999999709, 5941352.625 ], [ 45151.19999999999709, 5941352.549999999813735 ], [ 45151.05000000000291, 5941352.549999999813735 ], [ 45151.05000000000291, 5941352.474999999627471 ], [ 45150.974999999998545, 5941352.474999999627471 ], [ 45150.974999999998545, 5941352.400000000372529 ], [ 45150.900000000001455, 5941352.400000000372529 ], [ 45150.900000000001455, 5941352.325000000186265 ], [ 45150.82499999999709, 5941352.325000000186265 ], [ 45150.82499999999709, 5941352.25 ], [ 45150.67500000000291, 5941352.25 ], [ 45150.67500000000291, 5941352.174999999813735 ], [ 45150.599999999998545, 5941352.174999999813735 ], [ 45150.599999999998545, 5941352.099999999627471 ], [ 45150.525000000001455, 5941352.099999999627471 ], [ 45150.525000000001455, 5941352.025000000372529 ], [ 45150.44999999999709, 5941352.025000000372529 ], [ 45150.44999999999709, 5941351.950000000186265 ], [ 45150.375, 5941351.950000000186265 ], [ 45150.375, 5941351.875 ], [ 45150.224999999998545, 5941351.875 ], [ 45150.224999999998545, 5941351.799999999813735 ], [ 45150.150000000001455, 5941351.799999999813735 ], [ 45150.150000000001455, 5941351.724999999627471 ], [ 45150.07499999999709, 5941351.724999999627471 ], [ 45150.07499999999709, 5941351.650000000372529 ], [ 45150.0, 5941351.650000000372529 ], [ 45150.0, 5941351.575000000186265 ], [ 45149.92500000000291, 5941351.575000000186265 ], [ 45149.92500000000291, 5941351.5 ], [ 45149.775000000001455, 5941351.5 ], [ 45149.775000000001455, 5941351.424999999813735 ], [ 45149.69999999999709, 5941351.424999999813735 ], [ 45149.69999999999709, 5941351.349999999627471 ], [ 45149.625, 5941351.349999999627471 ], [ 45149.625, 5941351.275000000372529 ], [ 45149.55000000000291, 5941351.275000000372529 ], [ 45149.55000000000291, 5941351.200000000186265 ], [ 45149.474999999998545, 5941351.200000000186265 ], [ 45149.474999999998545, 5941351.125 ], [ 45149.400000000001455, 5941351.125 ], [ 45149.400000000001455, 5941351.049999999813735 ], [ 45149.25, 5941351.049999999813735 ], [ 45149.25, 5941350.974999999627471 ], [ 45149.17500000000291, 5941350.974999999627471 ], [ 45149.17500000000291, 5941350.900000000372529 ], [ 45149.099999999998545, 5941350.900000000372529 ], [ 45149.099999999998545, 5941350.825000000186265 ], [ 45149.025000000001455, 5941350.825000000186265 ], [ 45149.025000000001455, 5941350.75 ], [ 45148.94999999999709, 5941350.75 ], [ 45148.94999999999709, 5941350.674999999813735 ], [ 45148.875, 5941350.674999999813735 ], [ 45148.875, 5941350.599999999627471 ], [ 45148.80000000000291, 5941350.599999999627471 ], [ 45148.80000000000291, 5941350.525000000372529 ], [ 45148.650000000001455, 5941350.525000000372529 ], [ 45148.650000000001455, 5941350.450000000186265 ], [ 45148.57499999999709, 5941350.450000000186265 ], [ 45148.57499999999709, 5941350.375 ], [ 45148.5, 5941350.375 ], [ 45148.5, 5941350.299999999813735 ], [ 45148.42500000000291, 5941350.299999999813735 ], [ 45148.42500000000291, 5941350.224999999627471 ], [ 45148.349999999998545, 5941350.224999999627471 ], [ 45148.349999999998545, 5941350.150000000372529 ], [ 45148.19999999999709, 5941350.150000000372529 ], [ 45148.19999999999709, 5941350.075000000186265 ], [ 45148.125, 5941350.075000000186265 ], [ 45148.125, 5941350.0 ], [ 45148.05000000000291, 5941350.0 ], [ 45148.05000000000291, 5941349.924999999813735 ], [ 45147.974999999998545, 5941349.924999999813735 ], [ 45147.974999999998545, 5941349.849999999627471 ], [ 45147.900000000001455, 5941349.849999999627471 ], [ 45147.900000000001455, 5941349.775000000372529 ], [ 45147.82499999999709, 5941349.775000000372529 ], [ 45147.82499999999709, 5941349.700000000186265 ], [ 45147.67500000000291, 5941349.700000000186265 ], [ 45147.67500000000291, 5941349.625 ], [ 45147.599999999998545, 5941349.625 ], [ 45147.599999999998545, 5941349.549999999813735 ], [ 45147.525000000001455, 5941349.549999999813735 ], [ 45147.525000000001455, 5941349.474999999627471 ], [ 45147.44999999999709, 5941349.474999999627471 ], [ 45147.44999999999709, 5941349.400000000372529 ], [ 45147.375, 5941349.400000000372529 ], [ 45147.375, 5941349.325000000186265 ], [ 45147.30000000000291, 5941349.325000000186265 ], [ 45147.30000000000291, 5941349.25 ], [ 45147.224999999998545, 5941349.25 ], [ 45147.224999999998545, 5941349.174999999813735 ], [ 45147.07499999999709, 5941349.174999999813735 ], [ 45147.07499999999709, 5941349.099999999627471 ], [ 45147.0, 5941349.099999999627471 ], [ 45147.0, 5941349.025000000372529 ], [ 45146.92500000000291, 5941349.025000000372529 ], [ 45146.92500000000291, 5941348.950000000186265 ], [ 45146.849999999998545, 5941348.950000000186265 ], [ 45146.849999999998545, 5941348.875 ], [ 45146.775000000001455, 5941348.875 ], [ 45146.775000000001455, 5941348.799999999813735 ], [ 45146.69999999999709, 5941348.799999999813735 ], [ 45146.69999999999709, 5941348.724999999627471 ], [ 45146.625, 5941348.724999999627471 ], [ 45146.625, 5941348.650000000372529 ], [ 45146.55000000000291, 5941348.650000000372529 ], [ 45146.55000000000291, 5941348.575000000186265 ], [ 45146.474999999998545, 5941348.575000000186265 ], [ 45146.474999999998545, 5941348.5 ], [ 45146.32499999999709, 5941348.5 ], [ 45146.32499999999709, 5941348.424999999813735 ], [ 45146.25, 5941348.424999999813735 ], [ 45146.25, 5941348.349999999627471 ], [ 45146.17500000000291, 5941348.349999999627471 ], [ 45146.17500000000291, 5941348.275000000372529 ], [ 45146.099999999998545, 5941348.275000000372529 ], [ 45146.099999999998545, 5941348.200000000186265 ], [ 45146.025000000001455, 5941348.200000000186265 ], [ 45146.025000000001455, 5941348.125 ], [ 45145.94999999999709, 5941348.125 ], [ 45145.94999999999709, 5941348.049999999813735 ], [ 45145.875, 5941348.049999999813735 ], [ 45145.875, 5941347.974999999627471 ], [ 45145.80000000000291, 5941347.974999999627471 ], [ 45145.80000000000291, 5941347.900000000372529 ], [ 45145.724999999998545, 5941347.900000000372529 ], [ 45145.724999999998545, 5941347.825000000186265 ], [ 45145.650000000001455, 5941347.825000000186265 ], [ 45145.650000000001455, 5941347.75 ], [ 45145.57499999999709, 5941347.75 ], [ 45145.57499999999709, 5941347.674999999813735 ], [ 45145.5, 5941347.674999999813735 ], [ 45145.5, 5941347.599999999627471 ], [ 45145.42500000000291, 5941347.599999999627471 ], [ 45145.42500000000291, 5941347.525000000372529 ], [ 45145.349999999998545, 5941347.525000000372529 ], [ 45145.349999999998545, 5941347.450000000186265 ], [ 45145.275000000001455, 5941347.450000000186265 ], [ 45145.275000000001455, 5941347.299999999813735 ], [ 45145.19999999999709, 5941347.299999999813735 ], [ 45145.19999999999709, 5941347.224999999627471 ], [ 45145.125, 5941347.224999999627471 ], [ 45145.125, 5941347.150000000372529 ], [ 45145.05000000000291, 5941347.150000000372529 ], [ 45145.05000000000291, 5941347.075000000186265 ], [ 45144.974999999998545, 5941347.075000000186265 ], [ 45144.974999999998545, 5941346.924999999813735 ], [ 45144.900000000001455, 5941346.924999999813735 ], [ 45144.900000000001455, 5941346.849999999627471 ], [ 45144.82499999999709, 5941346.849999999627471 ], [ 45144.82499999999709, 5941346.775000000372529 ], [ 45144.75, 5941346.775000000372529 ], [ 45144.75, 5941346.625 ], [ 45144.67500000000291, 5941346.625 ], [ 45144.67500000000291, 5941346.549999999813735 ], [ 45144.599999999998545, 5941346.549999999813735 ], [ 45144.599999999998545, 5941346.400000000372529 ], [ 45144.525000000001455, 5941346.400000000372529 ], [ 45144.525000000001455, 5941346.325000000186265 ], [ 45144.44999999999709, 5941346.325000000186265 ], [ 45144.44999999999709, 5941346.174999999813735 ], [ 45144.375, 5941346.174999999813735 ], [ 45144.375, 5941346.099999999627471 ], [ 45144.30000000000291, 5941346.099999999627471 ], [ 45144.30000000000291, 5941345.950000000186265 ], [ 45144.224999999998545, 5941345.950000000186265 ], [ 45144.224999999998545, 5941345.799999999813735 ], [ 45144.150000000001455, 5941345.799999999813735 ], [ 45144.150000000001455, 5941345.724999999627471 ], [ 45144.07499999999709, 5941345.724999999627471 ], [ 45144.07499999999709, 5941345.575000000186265 ], [ 45144.30000000000291, 5941345.575000000186265 ], [ 45144.30000000000291, 5941345.650000000372529 ], [ 45144.599999999998545, 5941345.650000000372529 ], [ 45144.599999999998545, 5941345.724999999627471 ], [ 45144.900000000001455, 5941345.724999999627471 ], [ 45144.900000000001455, 5941345.799999999813735 ], [ 45145.19999999999709, 5941345.799999999813735 ], [ 45145.19999999999709, 5941345.875 ], [ 45145.57499999999709, 5941345.875 ], [ 45145.57499999999709, 5941345.950000000186265 ], [ 45145.875, 5941345.950000000186265 ], [ 45145.875, 5941346.025000000372529 ], [ 45146.25, 5941346.025000000372529 ], [ 45146.25, 5941346.099999999627471 ], [ 45146.625, 5941346.099999999627471 ], [ 45146.625, 5941346.174999999813735 ], [ 45147.0, 5941346.174999999813735 ], [ 45147.0, 5941346.25 ], [ 45147.224999999998545, 5941346.25 ], [ 45147.224999999998545, 5941346.325000000186265 ], [ 45147.525000000001455, 5941346.325000000186265 ], [ 45147.525000000001455, 5941346.400000000372529 ], [ 45147.82499999999709, 5941346.400000000372529 ], [ 45147.82499999999709, 5941346.474999999627471 ], [ 45148.125, 5941346.474999999627471 ], [ 45148.125, 5941346.549999999813735 ], [ 45148.42500000000291, 5941346.549999999813735 ], [ 45148.42500000000291, 5941346.625 ], [ 45148.724999999998545, 5941346.625 ], [ 45148.724999999998545, 5941346.700000000186265 ], [ 45148.94999999999709, 5941346.700000000186265 ], [ 45148.94999999999709, 5941346.775000000372529 ], [ 45149.17500000000291, 5941346.775000000372529 ], [ 45149.17500000000291, 5941346.849999999627471 ], [ 45149.400000000001455, 5941346.849999999627471 ], [ 45149.400000000001455, 5941346.924999999813735 ], [ 45149.625, 5941346.924999999813735 ], [ 45149.625, 5941347.0 ], [ 45149.849999999998545, 5941347.0 ], [ 45149.849999999998545, 5941347.075000000186265 ], [ 45150.07499999999709, 5941347.075000000186265 ], [ 45150.07499999999709, 5941347.150000000372529 ], [ 45150.224999999998545, 5941347.150000000372529 ], [ 45150.224999999998545, 5941347.224999999627471 ], [ 45150.44999999999709, 5941347.224999999627471 ], [ 45150.44999999999709, 5941347.299999999813735 ], [ 45150.67500000000291, 5941347.299999999813735 ], [ 45150.67500000000291, 5941347.375 ], [ 45150.900000000001455, 5941347.375 ], [ 45150.900000000001455, 5941347.450000000186265 ], [ 45151.125, 5941347.450000000186265 ], [ 45151.125, 5941347.525000000372529 ], [ 45151.349999999998545, 5941347.525000000372529 ], [ 45151.349999999998545, 5941347.599999999627471 ], [ 45151.5, 5941347.599999999627471 ], [ 45151.5, 5941347.674999999813735 ], [ 45151.650000000001455, 5941347.674999999813735 ], [ 45151.650000000001455, 5941347.75 ], [ 45151.80000000000291, 5941347.75 ], [ 45151.80000000000291, 5941347.825000000186265 ], [ 45151.94999999999709, 5941347.825000000186265 ], [ 45151.94999999999709, 5941347.900000000372529 ], [ 45152.17500000000291, 5941347.900000000372529 ], [ 45152.17500000000291, 5941347.974999999627471 ], [ 45152.32499999999709, 5941347.974999999627471 ], [ 45152.32499999999709, 5941348.049999999813735 ], [ 45152.474999999998545, 5941348.049999999813735 ], [ 45152.474999999998545, 5941348.125 ], [ 45152.625, 5941348.125 ], [ 45152.625, 5941348.200000000186265 ], [ 45152.775000000001455, 5941348.200000000186265 ], [ 45152.775000000001455, 5941348.275000000372529 ], [ 45152.92500000000291, 5941348.275000000372529 ], [ 45152.92500000000291, 5941348.349999999627471 ], [ 45153.07499999999709, 5941348.349999999627471 ], [ 45153.07499999999709, 5941348.424999999813735 ], [ 45153.224999999998545, 5941348.424999999813735 ], [ 45153.224999999998545, 5941348.5 ], [ 45153.375, 5941348.5 ], [ 45153.375, 5941348.575000000186265 ], [ 45153.599999999998545, 5941348.575000000186265 ], [ 45153.599999999998545, 5941348.650000000372529 ], [ 45153.75, 5941348.650000000372529 ], [ 45153.75, 5941348.724999999627471 ], [ 45153.900000000001455, 5941348.724999999627471 ], [ 45153.900000000001455, 5941348.799999999813735 ], [ 45154.05000000000291, 5941348.799999999813735 ], [ 45154.05000000000291, 5941348.875 ], [ 45154.19999999999709, 5941348.875 ], [ 45154.19999999999709, 5941348.950000000186265 ], [ 45154.349999999998545, 5941348.950000000186265 ], [ 45154.349999999998545, 5941349.025000000372529 ], [ 45154.57499999999709, 5941349.025000000372529 ], [ 45154.57499999999709, 5941349.099999999627471 ], [ 45154.724999999998545, 5941349.099999999627471 ], [ 45154.724999999998545, 5941349.25 ], [ 45154.80000000000291, 5941349.25 ], [ 45154.80000000000291, 5941349.325000000186265 ], [ 45154.875, 5941349.325000000186265 ], [ 45154.875, 5941349.400000000372529 ], [ 45154.94999999999709, 5941349.400000000372529 ], [ 45154.94999999999709, 5941349.474999999627471 ], [ 45155.025000000001455, 5941349.474999999627471 ], [ 45155.025000000001455, 5941349.549999999813735 ], [ 45155.099999999998545, 5941349.549999999813735 ], [ 45155.099999999998545, 5941349.700000000186265 ], [ 45155.17500000000291, 5941349.700000000186265 ], [ 45155.17500000000291, 5941349.775000000372529 ], [ 45155.25, 5941349.775000000372529 ], [ 45155.25, 5941349.924999999813735 ], [ 45155.32499999999709, 5941349.924999999813735 ], [ 45155.32499999999709, 5941350.0 ], [ 45155.400000000001455, 5941350.0 ], [ 45155.400000000001455, 5941350.150000000372529 ], [ 45155.474999999998545, 5941350.150000000372529 ], [ 45155.474999999998545, 5941350.224999999627471 ], [ 45155.55000000000291, 5941350.224999999627471 ], [ 45155.55000000000291, 5941350.299999999813735 ], [ 45155.625, 5941350.299999999813735 ], [ 45155.625, 5941350.450000000186265 ], [ 45155.69999999999709, 5941350.450000000186265 ], [ 45155.69999999999709, 5941350.525000000372529 ], [ 45155.775000000001455, 5941350.525000000372529 ], [ 45155.775000000001455, 5941350.599999999627471 ], [ 45155.849999999998545, 5941350.599999999627471 ], [ 45155.849999999998545, 5941350.75 ], [ 45155.92500000000291, 5941350.75 ], [ 45155.92500000000291, 5941350.825000000186265 ], [ 45156.0, 5941350.825000000186265 ], [ 45156.0, 5941350.900000000372529 ], [ 45156.07499999999709, 5941350.900000000372529 ], [ 45156.07499999999709, 5941351.049999999813735 ], [ 45156.150000000001455, 5941351.049999999813735 ], [ 45156.150000000001455, 5941351.125 ], [ 45156.224999999998545, 5941351.125 ], [ 45156.224999999998545, 5941351.200000000186265 ], [ 45156.30000000000291, 5941351.200000000186265 ], [ 45156.30000000000291, 5941351.349999999627471 ], [ 45156.375, 5941351.349999999627471 ], [ 45156.375, 5941351.424999999813735 ], [ 45156.44999999999709, 5941351.424999999813735 ], [ 45156.44999999999709, 5941351.5 ], [ 45156.525000000001455, 5941351.5 ], [ 45156.525000000001455, 5941351.650000000372529 ], [ 45156.599999999998545, 5941351.650000000372529 ], [ 45156.599999999998545, 5941351.724999999627471 ], [ 45156.67500000000291, 5941351.724999999627471 ], [ 45156.67500000000291, 5941351.875 ], [ 45156.75, 5941351.875 ], [ 45156.75, 5941352.099999999627471 ], [ 45156.82499999999709, 5941352.099999999627471 ], [ 45156.82499999999709, 5941352.25 ], [ 45156.900000000001455, 5941352.25 ], [ 45156.900000000001455, 5941352.400000000372529 ], [ 45156.974999999998545, 5941352.400000000372529 ], [ 45156.974999999998545, 5941352.625 ], [ 45157.05000000000291, 5941352.625 ], [ 45157.05000000000291, 5941352.775000000372529 ], [ 45157.125, 5941352.775000000372529 ], [ 45157.125, 5941352.924999999813735 ], [ 45157.19999999999709, 5941352.924999999813735 ], [ 45157.19999999999709, 5941353.075000000186265 ], [ 45157.275000000001455, 5941353.075000000186265 ], [ 45157.275000000001455, 5941353.224999999627471 ], [ 45157.349999999998545, 5941353.224999999627471 ], [ 45157.349999999998545, 5941353.375 ], [ 45157.42500000000291, 5941353.375 ], [ 45157.42500000000291, 5941353.525000000372529 ], [ 45157.5, 5941353.525000000372529 ], [ 45157.5, 5941353.674999999813735 ], [ 45157.57499999999709, 5941353.674999999813735 ], [ 45157.57499999999709, 5941353.825000000186265 ], [ 45157.650000000001455, 5941353.825000000186265 ], [ 45157.650000000001455, 5941353.974999999627471 ], [ 45157.724999999998545, 5941353.974999999627471 ], [ 45157.724999999998545, 5941354.200000000186265 ], [ 45157.80000000000291, 5941354.200000000186265 ], [ 45157.80000000000291, 5941354.349999999627471 ], [ 45157.875, 5941354.349999999627471 ], [ 45157.875, 5941354.424999999813735 ], [ 45157.94999999999709, 5941354.424999999813735 ], [ 45157.94999999999709, 5941354.575000000186265 ], [ 45158.025000000001455, 5941354.575000000186265 ], [ 45158.025000000001455, 5941354.724999999627471 ], [ 45158.099999999998545, 5941354.724999999627471 ], [ 45158.099999999998545, 5941354.875 ], [ 45158.17500000000291, 5941354.875 ], [ 45158.17500000000291, 5941355.025000000372529 ], [ 45158.25, 5941355.025000000372529 ], [ 45158.25, 5941355.174999999813735 ], [ 45158.32499999999709, 5941355.174999999813735 ], [ 45158.32499999999709, 5941355.325000000186265 ], [ 45158.400000000001455, 5941355.325000000186265 ], [ 45158.400000000001455, 5941355.400000000372529 ], [ 45158.474999999998545, 5941355.400000000372529 ], [ 45158.474999999998545, 5941355.549999999813735 ], [ 45158.55000000000291, 5941355.549999999813735 ], [ 45158.55000000000291, 5941355.625 ], [ 45158.625, 5941355.625 ], [ 45158.625, 5941355.775000000372529 ], [ 45158.69999999999709, 5941355.775000000372529 ], [ 45158.69999999999709, 5941355.924999999813735 ], [ 45158.775000000001455, 5941355.924999999813735 ], [ 45158.775000000001455, 5941356.075000000186265 ], [ 45158.849999999998545, 5941356.075000000186265 ], [ 45158.849999999998545, 5941356.224999999627471 ], [ 45158.92500000000291, 5941356.224999999627471 ], [ 45158.92500000000291, 5941356.299999999813735 ], [ 45159.0, 5941356.299999999813735 ], [ 45159.0, 5941356.450000000186265 ], [ 45159.07499999999709, 5941356.450000000186265 ], [ 45159.07499999999709, 5941356.599999999627471 ], [ 45159.150000000001455, 5941356.599999999627471 ], [ 45159.150000000001455, 5941356.674999999813735 ], [ 45159.224999999998545, 5941356.674999999813735 ], [ 45159.224999999998545, 5941356.825000000186265 ], [ 45159.30000000000291, 5941356.825000000186265 ], [ 45159.30000000000291, 5941356.974999999627471 ], [ 45159.375, 5941356.974999999627471 ], [ 45159.375, 5941357.049999999813735 ], [ 45159.44999999999709, 5941357.049999999813735 ], [ 45159.44999999999709, 5941357.200000000186265 ], [ 45159.525000000001455, 5941357.200000000186265 ], [ 45159.525000000001455, 5941357.349999999627471 ], [ 45159.599999999998545, 5941357.349999999627471 ], [ 45159.599999999998545, 5941357.424999999813735 ], [ 45159.67500000000291, 5941357.424999999813735 ], [ 45159.67500000000291, 5941357.575000000186265 ], [ 45159.75, 5941357.575000000186265 ], [ 45159.75, 5941357.650000000372529 ], [ 45159.82499999999709, 5941357.650000000372529 ], [ 45159.82499999999709, 5941357.799999999813735 ], [ 45159.900000000001455, 5941357.799999999813735 ], [ 45159.900000000001455, 5941357.875 ], [ 45159.974999999998545, 5941357.875 ], [ 45159.974999999998545, 5941357.950000000186265 ], [ 45160.05000000000291, 5941357.950000000186265 ], [ 45160.05000000000291, 5941358.099999999627471 ], [ 45160.125, 5941358.099999999627471 ], [ 45160.125, 5941358.174999999813735 ], [ 45160.19999999999709, 5941358.174999999813735 ], [ 45160.19999999999709, 5941358.325000000186265 ], [ 45160.275000000001455, 5941358.325000000186265 ], [ 45160.275000000001455, 5941358.400000000372529 ], [ 45160.349999999998545, 5941358.400000000372529 ], [ 45160.349999999998545, 5941358.549999999813735 ], [ 45160.42500000000291, 5941358.549999999813735 ], [ 45160.42500000000291, 5941358.625 ], [ 45160.5, 5941358.625 ], [ 45160.5, 5941358.700000000186265 ], [ 45160.57499999999709, 5941358.700000000186265 ], [ 45160.57499999999709, 5941358.849999999627471 ], [ 45160.650000000001455, 5941358.849999999627471 ], [ 45160.650000000001455, 5941359.0 ], [ 45160.724999999998545, 5941359.0 ], [ 45160.724999999998545, 5941359.075000000186265 ], [ 45160.80000000000291, 5941359.075000000186265 ], [ 45160.80000000000291, 5941359.224999999627471 ], [ 45160.875, 5941359.224999999627471 ], [ 45160.875, 5941359.375 ], [ 45160.94999999999709, 5941359.375 ], [ 45160.94999999999709, 5941359.450000000186265 ], [ 45161.025000000001455, 5941359.450000000186265 ], [ 45161.025000000001455, 5941359.599999999627471 ], [ 45161.099999999998545, 5941359.599999999627471 ], [ 45161.099999999998545, 5941359.75 ], [ 45161.17500000000291, 5941359.75 ], [ 45161.17500000000291, 5941359.900000000372529 ], [ 45161.25, 5941359.900000000372529 ], [ 45161.25, 5941360.049999999813735 ], [ 45161.32499999999709, 5941360.049999999813735 ], [ 45161.32499999999709, 5941360.125 ], [ 45161.400000000001455, 5941360.125 ], [ 45161.400000000001455, 5941360.275000000372529 ], [ 45161.474999999998545, 5941360.275000000372529 ], [ 45161.474999999998545, 5941360.424999999813735 ], [ 45161.55000000000291, 5941360.424999999813735 ], [ 45161.55000000000291, 5941360.5 ], [ 45161.625, 5941360.5 ], [ 45161.625, 5941360.650000000372529 ], [ 45161.69999999999709, 5941360.650000000372529 ], [ 45161.69999999999709, 5941360.799999999813735 ], [ 45161.775000000001455, 5941360.799999999813735 ], [ 45161.775000000001455, 5941360.875 ], [ 45161.849999999998545, 5941360.875 ], [ 45161.849999999998545, 5941361.025000000372529 ], [ 45161.92500000000291, 5941361.025000000372529 ], [ 45161.92500000000291, 5941361.174999999813735 ], [ 45162.0, 5941361.174999999813735 ], [ 45162.0, 5941361.25 ], [ 45162.07499999999709, 5941361.25 ], [ 45162.07499999999709, 5941361.400000000372529 ], [ 45162.150000000001455, 5941361.400000000372529 ], [ 45162.150000000001455, 5941361.549999999813735 ], [ 45162.224999999998545, 5941361.549999999813735 ], [ 45162.224999999998545, 5941361.625 ], [ 45162.30000000000291, 5941361.625 ], [ 45162.30000000000291, 5941361.775000000372529 ], [ 45162.375, 5941361.775000000372529 ], [ 45162.375, 5941361.924999999813735 ], [ 45162.44999999999709, 5941361.924999999813735 ], [ 45162.44999999999709, 5941362.075000000186265 ], [ 45162.525000000001455, 5941362.075000000186265 ], [ 45162.525000000001455, 5941362.150000000372529 ], [ 45162.599999999998545, 5941362.150000000372529 ], [ 45162.599999999998545, 5941362.299999999813735 ], [ 45162.67500000000291, 5941362.299999999813735 ], [ 45162.67500000000291, 5941362.375 ], [ 45162.75, 5941362.375 ], [ 45162.75, 5941362.525000000372529 ], [ 45162.82499999999709, 5941362.525000000372529 ], [ 45162.82499999999709, 5941362.599999999627471 ], [ 45162.900000000001455, 5941362.599999999627471 ], [ 45162.900000000001455, 5941362.75 ], [ 45162.974999999998545, 5941362.75 ], [ 45162.974999999998545, 5941362.900000000372529 ], [ 45163.05000000000291, 5941362.900000000372529 ], [ 45163.05000000000291, 5941362.974999999627471 ], [ 45163.125, 5941362.974999999627471 ], [ 45163.125, 5941363.125 ], [ 45163.19999999999709, 5941363.125 ], [ 45163.19999999999709, 5941363.275000000372529 ], [ 45163.275000000001455, 5941363.275000000372529 ], [ 45163.275000000001455, 5941363.5 ], [ 45163.349999999998545, 5941363.5 ], [ 45163.349999999998545, 5941363.650000000372529 ], [ 45163.42500000000291, 5941363.650000000372529 ], [ 45163.42500000000291, 5941363.875 ], [ 45163.5, 5941363.875 ], [ 45163.5, 5941364.099999999627471 ], [ 45163.57499999999709, 5941364.099999999627471 ], [ 45163.57499999999709, 5941364.325000000186265 ], [ 45163.650000000001455, 5941364.325000000186265 ], [ 45163.650000000001455, 5941364.549999999813735 ], [ 45163.724999999998545, 5941364.549999999813735 ], [ 45163.724999999998545, 5941364.775000000372529 ], [ 45163.80000000000291, 5941364.775000000372529 ], [ 45163.80000000000291, 5941365.0 ], [ 45163.875, 5941365.0 ], [ 45163.875, 5941365.299999999813735 ], [ 45163.94999999999709, 5941365.299999999813735 ], [ 45163.94999999999709, 5941365.900000000372529 ], [ 45164.025000000001455, 5941365.900000000372529 ], [ 45164.025000000001455, 5941366.575000000186265 ], [ 45164.099999999998545, 5941366.575000000186265 ], [ 45164.099999999998545, 5941367.325000000186265 ], [ 45164.17500000000291, 5941367.325000000186265 ], [ 45164.17500000000291, 5941368.0 ], [ 45164.25, 5941368.0 ], [ 45164.25, 5941368.75 ], [ 45164.32499999999709, 5941368.75 ], [ 45164.32499999999709, 5941369.5 ], [ 45164.400000000001455, 5941369.5 ], [ 45164.400000000001455, 5941370.325000000186265 ], [ 45164.474999999998545, 5941370.325000000186265 ], [ 45164.474999999998545, 5941371.075000000186265 ], [ 45164.400000000001455, 5941371.075000000186265 ], [ 45164.400000000001455, 5941371.150000000372529 ], [ 45164.32499999999709, 5941371.150000000372529 ], [ 45164.32499999999709, 5941371.224999999627471 ], [ 45164.25, 5941371.224999999627471 ], [ 45164.25, 5941371.299999999813735 ], [ 45164.17500000000291, 5941371.299999999813735 ], [ 45164.17500000000291, 5941371.450000000186265 ], [ 45164.099999999998545, 5941371.450000000186265 ], [ 45164.099999999998545, 5941371.525000000372529 ], [ 45164.025000000001455, 5941371.525000000372529 ], [ 45164.025000000001455, 5941371.599999999627471 ], [ 45163.94999999999709, 5941371.599999999627471 ], [ 45163.94999999999709, 5941371.674999999813735 ], [ 45163.875, 5941371.674999999813735 ], [ 45163.875, 5941371.825000000186265 ], [ 45163.80000000000291, 5941371.825000000186265 ], [ 45163.80000000000291, 5941371.900000000372529 ], [ 45163.724999999998545, 5941371.900000000372529 ], [ 45163.724999999998545, 5941371.974999999627471 ], [ 45163.650000000001455, 5941371.974999999627471 ], [ 45163.650000000001455, 5941372.125 ], [ 45163.57499999999709, 5941372.125 ], [ 45163.57499999999709, 5941372.200000000186265 ], [ 45163.5, 5941372.200000000186265 ], [ 45163.5, 5941372.349999999627471 ], [ 45163.42500000000291, 5941372.349999999627471 ], [ 45163.42500000000291, 5941372.5 ], [ 45163.349999999998545, 5941372.5 ], [ 45163.349999999998545, 5941372.575000000186265 ], [ 45163.275000000001455, 5941372.575000000186265 ], [ 45163.275000000001455, 5941372.724999999627471 ], [ 45163.19999999999709, 5941372.724999999627471 ], [ 45163.19999999999709, 5941372.799999999813735 ], [ 45163.125, 5941372.799999999813735 ], [ 45163.125, 5941372.950000000186265 ], [ 45163.05000000000291, 5941372.950000000186265 ], [ 45163.05000000000291, 5941373.025000000372529 ], [ 45162.900000000001455, 5941373.025000000372529 ], [ 45162.900000000001455, 5941373.099999999627471 ], [ 45162.82499999999709, 5941373.099999999627471 ], [ 45162.82499999999709, 5941373.174999999813735 ], [ 45162.67500000000291, 5941373.174999999813735 ], [ 45162.67500000000291, 5941373.25 ], [ 45162.599999999998545, 5941373.25 ], [ 45162.599999999998545, 5941373.325000000186265 ], [ 45162.525000000001455, 5941373.325000000186265 ], [ 45162.525000000001455, 5941373.400000000372529 ], [ 45162.30000000000291, 5941373.400000000372529 ], [ 45162.30000000000291, 5941373.474999999627471 ], [ 45162.224999999998545, 5941373.474999999627471 ] ] ] } },
{ "type": "Feature", "properties": { "value": 1.0, "building_id": 9, "area": 250.12687500135638 }, "geometry": { "type": "Polygon", "coordinates": [ [ [ 45180.07499999999709, 5941382.700000000186265 ], [ 45180.07499999999709, 5941382.625 ], [ 45180.0, 5941382.625 ], [ 45180.0, 5941382.400000000372529 ], [ 45179.92500000000291, 5941382.400000000372529 ], [ 45179.92500000000291, 5941382.174999999813735 ], [ 45179.849999999998545, 5941382.174999999813735 ], [ 45179.849999999998545, 5941381.950000000186265 ], [ 45179.775000000001455, 5941381.950000000186265 ], [ 45179.775000000001455, 5941381.799999999813735 ], [ 45179.69999999999709, 5941381.799999999813735 ], [ 45179.69999999999709, 5941381.575000000186265 ], [ 45179.625, 5941381.575000000186265 ], [ 45179.625, 5941381.349999999627471 ], [ 45179.55000000000291, 5941381.349999999627471 ], [ 45179.55000000000291, 5941381.200000000186265 ], [ 45179.474999999998545, 5941381.200000000186265 ], [ 45179.474999999998545, 5941380.974999999627471 ], [ 45179.400000000001455, 5941380.974999999627471 ], [ 45179.400000000001455, 5941380.825000000186265 ], [ 45179.32499999999709, 5941380.825000000186265 ], [ 45179.32499999999709, 5941380.599999999627471 ], [ 45179.25, 5941380.599999999627471 ], [ 45179.25, 5941380.375 ], [ 45179.17500000000291, 5941380.375 ], [ 45179.17500000000291, 5941380.224999999627471 ], [ 45179.099999999998545, 5941380.224999999627471 ], [ 45179.099999999998545, 5941380.0 ], [ 45179.025000000001455, 5941380.0 ], [ 45179.025000000001455, 5941379.849999999627471 ], [ 45178.94999999999709, 5941379.849999999627471 ], [ 45178.94999999999709, 5941379.700000000186265 ], [ 45178.875, 5941379.700000000186265 ], [ 45178.875, 5941379.474999999627471 ], [ 45178.80000000000291, 5941379.474999999627471 ], [ 45178.80000000000291, 5941379.325000000186265 ], [ 45178.724999999998545, 5941379.325000000186265 ], [ 45178.724999999998545, 5941379.174999999813735 ], [ 45178.650000000001455, 5941379.174999999813735 ], [ 45178.650000000001455, 5941379.025000000372529 ], [ 45178.57499999999709, 5941379.025000000372529 ], [ 45178.57499999999709, 5941378.875 ], [ 45178.5, 5941378.875 ], [ 45178.5, 5941378.724999999627471 ], [ 45178.42500000000291, 5941378.724999999627471 ], [ 45178.42500000000291, 5941378.575000000186265 ], [ 45178.349999999998545, 5941378.575000000186265 ], [ 45178.349999999998545, 5941378.424999999813735 ], [ 45178.275000000001455, 5941378.424999999813735 ], [ 45178.275000000001455, 5941378.275000000372529 ], [ 45178.19999999999709, 5941378.275000000372529 ], [ 45178.19999999999709, 5941378.200000000186265 ], [ 45178.125, 5941378.200000000186265 ], [ 45178.125, 5941377.900000000372529 ], [ 45178.05000000000291, 5941377.900000000372529 ], [ 45178.05000000000291, 5941377.525000000372529 ], [ 45177.974999999998545, 5941377.525000000372529 ], [ 45177.974999999998545, 5941377.150000000372529 ], [ 45177.900000000001455, 5941377.150000000372529 ], [ 45177.900000000001455, 5941376.849999999627471 ], [ 45177.82499999999709, 5941376.849999999627471 ], [ 45177.82499999999709, 5941376.474999999627471 ], [ 45177.75, 5941376.474999999627471 ], [ 45177.75, 5941376.174999999813735 ], [ 45177.67500000000291, 5941376.174999999813735 ], [ 45177.67500000000291, 5941375.875 ], [ 45177.599999999998545, 5941375.875 ], [ 45177.599999999998545, 5941375.575000000186265 ], [ 45177.525000000001455, 5941375.575000000186265 ], [ 45177.525000000001455, 5941375.349999999627471 ], [ 45177.44999999999709, 5941375.349999999627471 ], [ 45177.44999999999709, 5941375.125 ], [ 45177.375, 5941375.125 ], [ 45177.375, 5941374.900000000372529 ], [ 45177.30000000000291, 5941374.900000000372529 ], [ 45177.30000000000291, 5941374.674999999813735 ], [ 45177.224999999998545, 5941374.674999999813735 ], [ 45177.224999999998545, 5941374.450000000186265 ], [ 45177.150000000001455, 5941374.450000000186265 ], [ 45177.150000000001455, 5941374.224999999627471 ], [ 45177.07499999999709, 5941374.224999999627471 ], [ 45177.07499999999709, 5941374.075000000186265 ], [ 45177.0, 5941374.075000000186265 ], [ 45177.0, 5941373.849999999627471 ], [ 45176.92500000000291, 5941373.849999999627471 ], [ 45176.92500000000291, 5941373.700000000186265 ], [ 45176.849999999998545, 5941373.700000000186265 ], [ 45176.849999999998545, 5941373.474999999627471 ], [ 45176.775000000001455, 5941373.474999999627471 ], [ 45176.775000000001455, 5941373.325000000186265 ], [ 45176.69999999999709, 5941373.325000000186265 ], [ 45176.69999999999709, 5941373.174999999813735 ], [ 45176.625, 5941373.174999999813735 ], [ 45176.625, 5941373.025000000372529 ], [ 45176.55000000000291, 5941373.025000000372529 ], [ 45176.55000000000291, 5941372.875 ], [ 45176.474999999998545, 5941372.875 ], [ 45176.474999999998545, 5941372.650000000372529 ], [ 45176.400000000001455, 5941372.650000000372529 ], [ 45176.400000000001455, 5941372.424999999813735 ], [ 45176.32499999999709, 5941372.424999999813735 ], [ 45176.32499999999709, 5941372.200000000186265 ], [ 45176.25, 5941372.200000000186265 ], [ 45176.25, 5941372.049999999813735 ], [ 45176.17500000000291, 5941372.049999999813735 ], [ 45176.17500000000291, 5941371.825000000186265 ], [ 45176.099999999998545, 5941371.825000000186265 ], [ 45176.099999999998545, 5941371.525000000372529 ], [ 45176.025000000001455, 5941371.525000000372529 ], [ 45176.025000000001455, 5941371.224999999627471 ], [ 45175.94999999999709, 5941371.224999999627471 ], [ 45175.94999999999709, 5941370.924999999813735 ], [ 45175.875, 5941370.924999999813735 ], [ 45175.875, 5941370.474999999627471 ], [ 45175.80000000000291, 5941370.474999999627471 ], [ 45175.80000000000291, 5941370.025000000372529 ], [ 45175.724999999998545, 5941370.025000000372529 ], [ 45175.724999999998545, 5941369.650000000372529 ], [ 45175.650000000001455, 5941369.650000000372529 ], [ 45175.650000000001455, 5941369.200000000186265 ], [ 45175.57499999999709, 5941369.200000000186265 ], [ 45175.57499999999709, 5941368.825000000186265 ], [ 45175.5, 5941368.825000000186265 ], [ 45175.5, 5941368.450000000186265 ], [ 45175.42500000000291, 5941368.450000000186265 ], [ 45175.42500000000291, 5941368.075000000186265 ], [ 45175.349999999998545, 5941368.075000000186265 ], [ 45175.349999999998545, 5941367.775000000372529 ], [ 45175.275000000001455, 5941367.775000000372529 ], [ 45175.275000000001455, 5941367.474999999627471 ], [ 45175.19999999999709, 5941367.474999999627471 ], [ 45175.19999999999709, 5941367.099999999627471 ], [ 45175.125, 5941367.099999999627471 ], [ 45175.125, 5941366.799999999813735 ], [ 45175.05000000000291, 5941366.799999999813735 ], [ 45175.05000000000291, 5941366.5 ], [ 45174.974999999998545, 5941366.5 ], [ 45174.974999999998545, 5941366.200000000186265 ], [ 45174.900000000001455, 5941366.200000000186265 ], [ 45174.900000000001455, 5941365.974999999627471 ], [ 45174.82499999999709, 5941365.974999999627471 ], [ 45174.82499999999709, 5941365.674999999813735 ], [ 45174.75, 5941365.674999999813735 ], [ 45174.75, 5941365.450000000186265 ], [ 45174.67500000000291, 5941365.450000000186265 ], [ 45174.67500000000291, 5941365.150000000372529 ], [ 45174.599999999998545, 5941365.150000000372529 ], [ 45174.599999999998545, 5941364.400000000372529 ], [ 45174.525000000001455, 5941364.400000000372529 ], [ 45174.525000000001455, 5941363.575000000186265 ], [ 45174.44999999999709, 5941363.575000000186265 ], [ 45174.44999999999709, 5941362.900000000372529 ], [ 45174.525000000001455, 5941362.900000000372529 ], [ 45174.525000000001455, 5941362.299999999813735 ], [ 45174.599999999998545, 5941362.299999999813735 ], [ 45174.599999999998545, 5941361.775000000372529 ], [ 45174.67500000000291, 5941361.775000000372529 ], [ 45174.67500000000291, 5941361.25 ], [ 45174.75, 5941361.25 ], [ 45174.75, 5941360.799999999813735 ], [ 45174.82499999999709, 5941360.799999999813735 ], [ 45174.82499999999709, 5941360.275000000372529 ], [ 45174.900000000001455, 5941360.275000000372529 ], [ 45174.900000000001455, 5941359.825000000186265 ], [ 45174.974999999998545, 5941359.825000000186265 ], [ 45174.974999999998545, 5941359.375 ], [ 45175.05000000000291, 5941359.375 ], [ 45175.05000000000291, 5941358.924999999813735 ], [ 45175.125, 5941358.924999999813735 ], [ 45175.125, 5941358.549999999813735 ], [ 45175.19999999999709, 5941358.549999999813735 ], [ 45175.19999999999709, 5941358.099999999627471 ], [ 45175.275000000001455, 5941358.099999999627471 ], [ 45175.275000000001455, 5941357.724999999627471 ], [ 45175.349999999998545, 5941357.724999999627471 ], [ 45175.349999999998545, 5941357.349999999627471 ], [ 45175.42500000000291, 5941357.349999999627471 ], [ 45175.42500000000291, 5941357.049999999813735 ], [ 45175.5, 5941357.049999999813735 ], [ 45175.5, 5941356.674999999813735 ], [ 45175.57499999999709, 5941356.674999999813735 ], [ 45175.57499999999709, 5941356.375 ], [ 45175.650000000001455, 5941356.375 ], [ 45175.650000000001455, 5941356.075000000186265 ], [ 45175.724999999998545, 5941356.075000000186265 ], [ 45175.724999999998545, 5941355.700000000186265 ], [ 45175.80000000000291, 5941355.700000000186265 ], [ 45175.80000000000291, 5941355.400000000372529 ], [ 45175.875, 5941355.400000000372529 ], [ 45175.875, 5941355.099999999627471 ], [ 45175.94999999999709, 5941355.099999999627471 ], [ 45175.94999999999709, 5941354.724999999627471 ], [ 45176.025000000001455, 5941354.724999999627471 ], [ 45176.025000000001455, 5941354.424999999813735 ], [ 45176.099999999998545, 5941354.424999999813735 ], [ 45176.099999999998545, 5941354.049999999813735 ], [ 45176.17500000000291, 5941354.049999999813735 ], [ 45176.17500000000291, 5941353.75 ], [ 45176.25, 5941353.75 ], [ 45176.25, 5941353.450000000186265 ], [ 45176.32499999999709, 5941353.450000000186265 ], [ 45176.32499999999709, 5941353.150000000372529 ], [ 45176.400000000001455, 5941353.150000000372529 ], [ 45176.400000000001455, 5941352.924999999813735 ], [ 45176.474999999998545, 5941352.924999999813735 ], [ 45176.474999999998545, 5941352.625 ], [ 45176.55000000000291, 5941352.625 ], [ 45176.55000000000291, 5941352.325000000186265 ], [ 45176.625, 5941352.325000000186265 ], [ 45176.625, 5941351.950000000186265 ], [ 45176.69999999999709, 5941351.950000000186265 ], [ 45176.69999999999709, 5941351.650000000372529 ], [ 45176.775000000001455, 5941351.650000000372529 ], [ 45176.775000000001455, 5941351.275000000372529 ], [ 45176.849999999998545, 5941351.275000000372529 ], [ 45176.849999999998545, 5941350.974999999627471 ], [ 45176.92500000000291, 5941350.974999999627471 ], [ 45176.92500000000291, 5941350.599999999627471 ], [ 45177.0, 5941350.599999999627471 ], [ 45177.0, 5941350.224999999627471 ], [ 45177.07499999999709, 5941350.224999999627471 ], [ 45177.07499999999709, 5941349.849999999627471 ], [ 45177.150000000001455, 5941349.849999999627471 ], [ 45177.150000000001455, 5941349.474999999627471 ], [ 45177.224999999998545, 5941349.474999999627471 ], [ 45177.224999999998545, 5941349.174999999813735 ], [ 45177.30000000000291, 5941349.174999999813735 ], [ 45177.30000000000291, 5941348.950000000186265 ], [ 45177.375, 5941348.950000000186265 ], [ 45177.375, 5941348.650000000372529 ], [ 45177.44999999999709, 5941348.650000000372529 ], [ 45177.44999999999709, 5941348.349999999627471 ], [ 45177.525000000001455, 5941348.349999999627471 ], [ 45177.525000000001455, 5941348.049999999813735 ], [ 45177.599999999998545, 5941348.049999999813735 ], [ 45177.599999999998545, 5941347.75 ], [ 45177.67500000000291, 5941347.75 ], [ 45177.67500000000291, 5941347.450000000186265 ], [ 45177.75, 5941347.450000000186265 ], [ 45177.75, 5941347.224999999627471 ], [ 45177.82499999999709, 5941347.224999999627471 ], [ 45177.82499999999709, 5941347.0 ], [ 45177.900000000001455, 5941347.0 ], [ 45177.900000000001455, 5941346.775000000372529 ], [ 45177.974999999998545, 5941346.775000000372529 ], [ 45177.974999999998545, 5941346.549999999813735 ], [ 45178.05000000000291, 5941346.549999999813735 ], [ 45178.05000000000291, 5941346.25 ], [ 45178.125, 5941346.25 ], [ 45178.125, 5941346.099999999627471 ], [ 45178.19999999999709, 5941346.099999999627471 ], [ 45178.19999999999709, 5941345.950000000186265 ], [ 45178.275000000001455, 5941345.950000000186265 ], [ 45178.275000000001455, 5941345.875 ], [ 45178.349999999998545, 5941345.875 ], [ 45178.349999999998545, 5941345.799999999813735 ], [ 45178.42500000000291, 5941345.799999999813735 ], [ 45178.42500000000291, 5941345.650000000372529 ], [ 45178.5, 5941345.650000000372529 ], [ 45178.5, 5941345.575000000186265 ], [ 45178.57499999999709, 5941345.575000000186265 ], [ 45178.57499999999709, 5941345.424999999813735 ], [ 45178.650000000001455, 5941345.424999999813735 ], [ 45178.650000000001455, 5941345.349999999627471 ], [ 45178.724999999998545, 5941345.349999999627471 ], [ 45178.724999999998545, 5941345.275000000372529 ], [ 45178.80000000000291, 5941345.275000000372529 ], [ 45178.80000000000291, 5941345.125 ], [ 45178.875, 5941345.125 ], [ 45178.875, 5941345.049999999813735 ], [ 45178.94999999999709, 5941345.049999999813735 ], [ 45178.94999999999709, 5941344.900000000372529 ], [ 45179.025000000001455, 5941344.900000000372529 ], [ 45179.025000000001455, 5941344.825000000186265 ], [ 45179.099999999998545, 5941344.825000000186265 ], [ 45179.099999999998545, 5941344.674999999813735 ], [ 45179.17500000000291, 5941344.674999999813735 ], [ 45179.17500000000291, 5941344.599999999627471 ], [ 45179.25, 5941344.599999999627471 ], [ 45179.25, 5941344.450000000186265 ], [ 45179.32499999999709, 5941344.450000000186265 ], [ 45179.32499999999709, 5941344.375 ], [ 45179.400000000001455, 5941344.375 ], [ 45179.400000000001455, 5941344.224999999627471 ], [ 45179.474999999998545, 5941344.224999999627471 ], [ 45179.474999999998545, 5941344.075000000186265 ], [ 45179.55000000000291, 5941344.075000000186265 ], [ 45179.55000000000291, 5941344.0 ], [ 45179.625, 5941344.0 ], [ 45179.625, 5941343.849999999627471 ], [ 45179.69999999999709, 5941343.849999999627471 ], [ 45179.69999999999709, 5941343.700000000186265 ], [ 45179.775000000001455, 5941343.700000000186265 ], [ 45179.775000000001455, 5941343.549999999813735 ], [ 45179.849999999998545, 5941343.549999999813735 ], [ 45179.849999999998545, 5941343.474999999627471 ], [ 45179.92500000000291, 5941343.474999999627471 ], [ 45179.92500000000291, 5941343.325000000186265 ], [ 45180.0, 5941343.325000000186265 ], [ 45180.0, 5941343.174999999813735 ], [ 45183.0, 5941343.174999999813735 ], [ 45183.0, 5941382.700000000186265 ], [ 45180.07499999999709, 5941382.700000000186265 ] ] ] } },
{ "type": "Feature", "properties": { "value": 1.0, "building_id": 10, "area": 386.40937500014672 }, "geometry": { "type": "Polygon", "coordinates": [ [ [ 45016.05000000000291, 5941359.974999999627471 ], [ 45016.05000000000291, 5941359.75 ], [ 45015.974999999998545, 5941359.75 ], [ 45015.974999999998545, 5941359.150000000372529 ], [ 45015.900000000001455, 5941359.150000000372529 ], [ 45015.900000000001455, 5941358.625 ], [ 45015.82499999999709, 5941358.625 ], [ 45015.82499999999709, 5941358.099999999627471 ], [ 45015.75, 5941358.099999999627471 ], [ 45015.75, 5941357.650000000372529 ], [ 45015.67500000000291, 5941357.650000000372529 ], [ 45015.67500000000291, 5941357.275000000372529 ], [ 45015.599999999998545, 5941357.275000000372529 ], [ 45015.599999999998545, 5941356.674999999813735 ], [ 45015.525000000001455, 5941356.674999999813735 ], [ 45015.525000000001455, 5941356.150000000372529 ], [ 45015.44999999999709, 5941356.150000000372529 ], [ 45015.44999999999709, 5941355.700000000186265 ], [ 45015.375, 5941355.700000000186265 ], [ 45015.375, 5941354.950000000186265 ], [ 45015.30000000000291, 5941354.950000000186265 ], [ 45015.30000000000291, 5941353.825000000186265 ], [ 45015.224999999998545, 5941353.825000000186265 ], [ 45015.224999999998545, 5941352.549999999813735 ], [ 45015.150000000001455, 5941352.549999999813735 ], [ 45015.150000000001455, 5941351.349999999627471 ], [ 45015.07499999999709, 5941351.349999999627471 ], [ 45015.07499999999709, 5941350.0 ], [ 45015.0, 5941350.0 ], [ 45015.0, 5941349.174999999813735 ], [ 45014.92500000000291, 5941349.174999999813735 ], [ 45014.92500000000291, 5941348.650000000372529 ], [ 45014.849999999998545, 5941348.650000000372529 ], [ 45014.849999999998545, 5941348.200000000186265 ], [ 45014.775000000001455, 5941348.200000000186265 ], [ 45014.775000000001455, 5941347.674999999813735 ], [ 45014.69999999999709, 5941347.674999999813735 ], [ 45014.69999999999709, 5941347.375 ], [ 45014.625, 5941347.375 ], [ 45014.625, 5941347.075000000186265 ], [ 45014.55000000000291, 5941347.075000000186265 ], [ 45014.55000000000291, 5941346.775000000372529 ], [ 45014.474999999998545, 5941346.775000000372529 ], [ 45014.474999999998545, 5941346.474999999627471 ], [ 45014.400000000001455, 5941346.474999999627471 ], [ 45014.400000000001455, 5941346.174999999813735 ], [ 45014.32499999999709, 5941346.174999999813735 ], [ 45014.32499999999709, 5941345.950000000186265 ], [ 45014.25, 5941345.950000000186265 ], [ 45014.25, 5941345.724999999627471 ], [ 45014.17500000000291, 5941345.724999999627471 ], [ 45014.17500000000291, 5941345.424999999813735 ], [ 45014.099999999998545, 5941345.424999999813735 ], [ 45014.099999999998545, 5941345.200000000186265 ], [ 45014.025000000001455, 5941345.200000000186265 ], [ 45014.025000000001455, 5941344.299999999813735 ], [ 45013.94999999999709, 5941344.299999999813735 ], [ 45013.94999999999709, 5941343.549999999813735 ], [ 45013.875, 5941343.549999999813735 ], [ 45013.875, 5941342.799999999813735 ], [ 45013.80000000000291, 5941342.799999999813735 ], [ 45013.80000000000291, 5941342.125 ], [ 45013.724999999998545, 5941342.125 ], [ 45013.724999999998545, 5941341.599999999627471 ], [ 45013.650000000001455, 5941341.599999999627471 ], [ 45013.650000000001455, 5941341.299999999813735 ], [ 45013.57499999999709, 5941341.299999999813735 ], [ 45013.57499999999709, 5941341.0 ], [ 45013.5, 5941341.0 ], [ 45013.5, 5941340.775000000372529 ], [ 45013.42500000000291, 5941340.775000000372529 ], [ 45013.42500000000291, 5941340.549999999813735 ], [ 45013.349999999998545, 5941340.549999999813735 ], [ 45013.349999999998545, 5941340.325000000186265 ], [ 45013.275000000001455, 5941340.325000000186265 ], [ 45013.275000000001455, 5941340.174999999813735 ], [ 45013.19999999999709, 5941340.174999999813735 ], [ 45013.19999999999709, 5941339.950000000186265 ], [ 45013.125, 5941339.950000000186265 ], [ 45013.125, 5941339.799999999813735 ], [ 45013.05000000000291, 5941339.799999999813735 ], [ 45013.05000000000291, 5941339.650000000372529 ], [ 45012.974999999998545, 5941339.650000000372529 ], [ 45012.974999999998545, 5941339.5 ], [ 45012.900000000001455, 5941339.5 ], [ 45012.900000000001455, 5941339.349999999627471 ], [ 45012.82499999999709, 5941339.349999999627471 ], [ 45012.82499999999709, 5941339.275000000372529 ], [ 45012.75, 5941339.275000000372529 ], [ 45012.75, 5941339.125 ], [ 45012.67500000000291, 5941339.125 ], [ 45012.67500000000291, 5941338.974999999627471 ], [ 45012.599999999998545, 5941338.974999999627471 ], [ 45012.599999999998545, 5941338.900000000372529 ], [ 45012.525000000001455, 5941338.900000000372529 ], [ 45012.525000000001455, 5941338.825000000186265 ], [ 45012.44999999999709, 5941338.825000000186265 ], [ 45012.44999999999709, 5941338.674999999813735 ], [ 45012.375, 5941338.674999999813735 ], [ 45012.375, 5941338.599999999627471 ], [ 45012.30000000000291, 5941338.599999999627471 ], [ 45012.30000000000291, 5941338.525000000372529 ], [ 45012.224999999998545, 5941338.525000000372529 ], [ 45012.224999999998545, 5941338.450000000186265 ], [ 45012.150000000001455, 5941338.450000000186265 ], [ 45012.150000000001455, 5941338.375 ], [ 45012.07499999999709, 5941338.375 ], [ 45012.07499999999709, 5941338.224999999627471 ], [ 45012.0, 5941338.224999999627471 ], [ 45012.0, 5941338.075000000186265 ], [ 45011.92500000000291, 5941338.075000000186265 ], [ 45011.92500000000291, 5941337.924999999813735 ], [ 45011.849999999998545, 5941337.924999999813735 ], [ 45011.849999999998545, 5941337.849999999627471 ], [ 45011.775000000001455, 5941337.849999999627471 ], [ 45011.775000000001455, 5941337.700000000186265 ], [ 45011.69999999999709, 5941337.700000000186265 ], [ 45011.69999999999709, 5941337.474999999627471 ], [ 45011.625, 5941337.474999999627471 ], [ 45011.625, 5941337.325000000186265 ], [ 45011.55000000000291, 5941337.325000000186265 ], [ 45011.55000000000291, 5941337.174999999813735 ], [ 45011.474999999998545, 5941337.174999999813735 ], [ 45011.474999999998545, 5941337.099999999627471 ], [ 45011.400000000001455, 5941337.099999999627471 ], [ 45011.400000000001455, 5941336.950000000186265 ], [ 45011.32499999999709, 5941336.950000000186265 ], [ 45011.32499999999709, 5941336.799999999813735 ], [ 45011.25, 5941336.799999999813735 ], [ 45011.25, 5941336.724999999627471 ], [ 45011.17500000000291, 5941336.724999999627471 ], [ 45011.17500000000291, 5941336.650000000372529 ], [ 45011.099999999998545, 5941336.650000000372529 ], [ 45011.099999999998545, 5941336.5 ], [ 45011.025000000001455, 5941336.5 ], [ 45011.025000000001455, 5941336.424999999813735 ], [ 45010.94999999999709, 5941336.424999999813735 ], [ 45010.94999999999709, 5941336.349999999627471 ], [ 45010.875, 5941336.349999999627471 ], [ 45010.875, 5941336.275000000372529 ], [ 45010.80000000000291, 5941336.275000000372529 ], [ 45010.80000000000291, 5941336.200000000186265 ], [ 45010.724999999998545, 5941336.200000000186265 ], [ 45010.724999999998545, 5941336.125 ], [ 45010.650000000001455, 5941336.125 ], [ 45010.650000000001455, 5941336.049999999813735 ], [ 45010.57499999999709, 5941336.049999999813735 ], [ 45010.57499999999709, 5941335.974999999627471 ], [ 45010.5, 5941335.974999999627471 ], [ 45010.5, 5941335.900000000372529 ], [ 45010.349999999998545, 5941335.900000000372529 ], [ 45010.349999999998545, 5941335.75 ], [ 45010.275000000001455, 5941335.75 ], [ 45010.275000000001455, 5941335.674999999813735 ], [ 45010.19999999999709, 5941335.674999999813735 ], [ 45010.19999999999709, 5941335.599999999627471 ], [ 45010.125, 5941335.599999999627471 ], [ 45010.125, 5941335.450000000186265 ], [ 45010.05000000000291, 5941335.450000000186265 ], [ 45010.05000000000291, 5941335.299999999813735 ], [ 45009.974999999998545, 5941335.299999999813735 ], [ 45009.974999999998545, 5941335.150000000372529 ], [ 45009.900000000001455, 5941335.150000000372529 ], [ 45009.900000000001455, 5941335.0 ], [ 45009.82499999999709, 5941335.0 ], [ 45009.82499999999709, 5941334.924999999813735 ], [ 45009.75, 5941334.924999999813735 ], [ 45009.75, 5941334.775000000372529 ], [ 45009.67500000000291, 5941334.775000000372529 ], [ 45009.67500000000291, 5941334.700000000186265 ], [ 45009.599999999998545, 5941334.700000000186265 ], [ 45009.599999999998545, 5941334.625 ], [ 45009.525000000001455, 5941334.625 ], [ 45009.525000000001455, 5941334.474999999627471 ], [ 45009.44999999999709, 5941334.474999999627471 ], [ 45009.44999999999709, 5941334.400000000372529 ], [ 45009.375, 5941334.400000000372529 ], [ 45009.375, 5941334.325000000186265 ], [ 45009.30000000000291, 5941334.325000000186265 ], [ 45009.30000000000291, 5941334.25 ], [ 45009.224999999998545, 5941334.25 ], [ 45009.224999999998545, 5941334.174999999813735 ], [ 45009.150000000001455, 5941334.174999999813735 ], [ 45009.150000000001455, 5941334.099999999627471 ], [ 45009.07499999999709, 5941334.099999999627471 ], [ 45009.07499999999709, 5941334.025000000372529 ], [ 45009.0, 5941334.025000000372529 ], [ 45009.0, 5941333.950000000186265 ], [ 45008.849999999998545, 5941333.950000000186265 ], [ 45008.849999999998545, 5941333.875 ], [ 45008.775000000001455, 5941333.875 ], [ 45008.775000000001455, 5941333.650000000372529 ], [ 45008.69999999999709, 5941333.650000000372529 ], [ 45008.69999999999709, 5941333.5 ], [ 45008.625, 5941333.5 ], [ 45008.625, 5941333.349999999627471 ], [ 45008.55000000000291, 5941333.349999999627471 ], [ 45008.55000000000291, 5941333.200000000186265 ], [ 45008.474999999998545, 5941333.200000000186265 ], [ 45008.474999999998545, 5941333.049999999813735 ], [ 45008.400000000001455, 5941333.049999999813735 ], [ 45008.400000000001455, 5941332.974999999627471 ], [ 45008.32499999999709, 5941332.974999999627471 ], [ 45008.32499999999709, 5941332.825000000186265 ], [ 45008.25, 5941332.825000000186265 ], [ 45008.25, 5941332.674999999813735 ], [ 45008.17500000000291, 5941332.674999999813735 ], [ 45008.17500000000291, 5941332.525000000372529 ], [ 45008.099999999998545, 5941332.525000000372529 ], [ 45008.099999999998545, 5941332.299999999813735 ], [ 45008.025000000001455, 5941332.299999999813735 ], [ 45008.025000000001455, 5941332.075000000186265 ], [ 45007.94999999999709, 5941332.075000000186265 ], [ 45007.94999999999709, 5941329.0 ], [ 45049.5, 5941329.0 ], [ 45049.5, 5941331.924999999813735 ], [ 45049.42500000000291, 5941331.924999999813735 ], [ 45049.42500000000291, 5941332.0 ], [ 45049.275000000001455, 5941332.0 ], [ 45049.275000000001455, 5941332.075000000186265 ], [ 45049.05000000000291, 5941332.075000000186265 ], [ 45049.05000000000291, 5941332.150000000372529 ], [ 45048.900000000001455, 5941332.150000000372529 ], [ 45048.900000000001455, 5941332.224999999627471 ], [ 45048.75, 5941332.224999999627471 ], [ 45048.75, 5941332.299999999813735 ], [ 45048.599999999998545, 5941332.299999999813735 ], [ 45048.599999999998545, 5941332.375 ], [ 45048.44999999999709, 5941332.375 ], [ 45048.44999999999709, 5941332.450000000186265 ], [ 45048.224999999998545, 5941332.450000000186265 ], [ 45048.224999999998545, 5941332.525000000372529 ], [ 45048.07499999999709, 5941332.525000000372529 ], [ 45048.07499999999709, 5941332.599999999627471 ], [ 45047.92500000000291, 5941332.599999999627471 ], [ 45047.92500000000291, 5941332.674999999813735 ], [ 45047.775000000001455, 5941332.674999999813735 ], [ 45047.775000000001455, 5941332.75 ], [ 45047.55000000000291, 5941332.75 ], [ 45047.55000000000291, 5941332.825000000186265 ], [ 45047.400000000001455, 5941332.825000000186265 ], [ 45047.400000000001455, 5941332.900000000372529 ], [ 45047.25, 5941332.900000000372529 ], [ 45047.25, 5941332.974999999627471 ], [ 45047.025000000001455, 5941332.974999999627471 ], [ 45047.025000000001455, 5941333.049999999813735 ], [ 45046.875, 5941333.049999999813735 ], [ 45046.875, 5941333.125 ], [ 45046.724999999998545, 5941333.125 ], [ 45046.724999999998545, 5941333.200000000186265 ], [ 45046.5, 5941333.200000000186265 ], [ 45046.5, 5941333.275000000372529 ], [ 45046.349999999998545, 5941333.275000000372529 ], [ 45046.349999999998545, 5941333.349999999627471 ], [ 45046.125, 5941333.349999999627471 ], [ 45046.125, 5941333.424999999813735 ], [ 45045.974999999998545, 5941333.424999999813735 ], [ 45045.974999999998545, 5941333.5 ], [ 45045.82499999999709, 5941333.5 ], [ 45045.82499999999709, 5941333.575000000186265 ], [ 45045.599999999998545, 5941333.575000000186265 ], [ 45045.599999999998545, 5941333.650000000372529 ], [ 45045.44999999999709, 5941333.650000000372529 ], [ 45045.44999999999709, 5941333.724999999627471 ], [ 45045.224999999998545, 5941333.724999999627471 ], [ 45045.224999999998545, 5941333.799999999813735 ], [ 45045.07499999999709, 5941333.799999999813735 ], [ 45045.07499999999709, 5941333.875 ], [ 45044.775000000001455, 5941333.875 ], [ 45044.775000000001455, 5941333.950000000186265 ], [ 45044.400000000001455, 5941333.950000000186265 ], [ 45044.400000000001455, 5941334.025000000372529 ], [ 45044.025000000001455, 5941334.025000000372529 ], [ 45044.025000000001455, 5941334.099999999627471 ], [ 45043.724999999998545, 5941334.099999999627471 ], [ 45043.724999999998545, 5941334.174999999813735 ], [ 45043.349999999998545, 5941334.174999999813735 ], [ 45043.349999999998545, 5941334.25 ], [ 45042.974999999998545, 5941334.25 ], [ 45042.974999999998545, 5941334.325000000186265 ], [ 45042.599999999998545, 5941334.325000000186265 ], [ 45042.599999999998545, 5941334.400000000372529 ], [ 45042.224999999998545, 5941334.400000000372529 ], [ 45042.224999999998545, 5941334.474999999627471 ], [ 45041.849999999998545, 5941334.474999999627471 ], [ 45041.849999999998545, 5941334.549999999813735 ], [ 45041.474999999998545, 5941334.549999999813735 ], [ 45041.474999999998545, 5941334.625 ], [ 45041.099999999998545, 5941334.625 ], [ 45041.099999999998545, 5941334.700000000186265 ], [ 45040.724999999998545, 5941334.700000000186265 ], [ 45040.724999999998545, 5941334.775000000372529 ], [ 45040.349999999998545, 5941334.775000000372529 ], [ 45040.349999999998545, 5941334.849999999627471 ], [ 45039.974999999998545, 5941334.849999999627471 ], [ 45039.974999999998545, 5941334.924999999813735 ], [ 45039.599999999998545, 5941334.924999999813735 ], [ 45039.599999999998545, 5941335.0 ], [ 45039.07499999999709, 5941335.0 ], [ 45039.07499999999709, 5941335.075000000186265 ], [ 45038.55000000000291, 5941335.075000000186265 ], [ 45038.55000000000291, 5941335.150000000372529 ], [ 45038.025000000001455, 5941335.150000000372529 ], [ 45038.025000000001455, 5941335.224999999627471 ], [ 45037.5, 5941335.224999999627471 ], [ 45037.5, 5941335.299999999813735 ], [ 45036.599999999998545, 5941335.299999999813735 ], [ 45036.599999999998545, 5941335.375 ], [ 45035.69999999999709, 5941335.375 ], [ 45035.69999999999709, 5941335.450000000186265 ], [ 45034.875, 5941335.450000000186265 ], [ 45034.875, 5941335.525000000372529 ], [ 45034.125, 5941335.525000000372529 ], [ 45034.125, 5941335.599999999627471 ], [ 45033.30000000000291, 5941335.599999999627471 ], [ 45033.30000000000291, 5941335.674999999813735 ], [ 45032.625, 5941335.674999999813735 ], [ 45032.625, 5941335.75 ], [ 45031.875, 5941335.75 ], [ 45031.875, 5941335.825000000186265 ], [ 45031.349999999998545, 5941335.825000000186265 ], [ 45031.349999999998545, 5941335.900000000372529 ], [ 45030.82499999999709, 5941335.900000000372529 ], [ 45030.82499999999709, 5941335.974999999627471 ], [ 45030.375, 5941335.974999999627471 ], [ 45030.375, 5941336.049999999813735 ], [ 45029.92500000000291, 5941336.049999999813735 ], [ 45029.92500000000291, 5941336.125 ], [ 45029.55000000000291, 5941336.125 ], [ 45029.55000000000291, 5941336.200000000186265 ], [ 45029.17500000000291, 5941336.200000000186265 ], [ 45029.17500000000291, 5941336.275000000372529 ], [ 45028.80000000000291, 5941336.275000000372529 ], [ 45028.80000000000291, 5941336.349999999627471 ], [ 45028.42500000000291, 5941336.349999999627471 ], [ 45028.42500000000291, 5941336.424999999813735 ], [ 45028.125, 5941336.424999999813735 ], [ 45028.125, 5941336.5 ], [ 45027.75, 5941336.5 ], [ 45027.75, 5941336.575000000186265 ], [ 45027.44999999999709, 5941336.575000000186265 ], [ 45027.44999999999709, 5941336.650000000372529 ], [ 45027.07499999999709, 5941336.650000000372529 ], [ 45027.07499999999709, 5941336.724999999627471 ], [ 45026.775000000001455, 5941336.724999999627471 ], [ 45026.775000000001455, 5941336.799999999813735 ], [ 45026.400000000001455, 5941336.799999999813735 ], [ 45026.400000000001455, 5941336.875 ], [ 45026.099999999998545, 5941336.875 ], [ 45026.099999999998545, 5941336.950000000186265 ], [ 45025.724999999998545, 5941336.950000000186265 ], [ 45025.724999999998545, 5941337.025000000372529 ], [ 45025.42500000000291, 5941337.025000000372529 ], [ 45025.42500000000291, 5941337.099999999627471 ], [ 45025.125, 5941337.099999999627471 ], [ 45025.125, 5941337.174999999813735 ], [ 45024.82499999999709, 5941337.174999999813735 ], [ 45024.82499999999709, 5941337.25 ], [ 45024.44999999999709, 5941337.25 ], [ 45024.44999999999709, 5941337.325000000186265 ], [ 45024.150000000001455, 5941337.325000000186265 ], [ 45024.150000000001455, 5941337.400000000372529 ], [ 45023.849999999998545, 5941337.400000000372529 ], [ 45023.849999999998545, 5941337.474999999627471 ], [ 45023.69999999999709, 5941337.474999999627471 ], [ 45023.69999999999709, 5941337.549999999813735 ], [ 45023.625, 5941337.549999999813735 ], [ 45023.625, 5941337.625 ], [ 45023.474999999998545, 5941337.625 ], [ 45023.474999999998545, 5941337.700000000186265 ], [ 45023.400000000001455, 5941337.700000000186265 ], [ 45023.400000000001455, 5941337.775000000372529 ], [ 45023.25, 5941337.775000000372529 ], [ 45023.25, 5941337.849999999627471 ], [ 45023.17500000000291, 5941337.849999999627471 ], [ 45023.17500000000291, 5941337.924999999813735 ], [ 45023.025000000001455, 5941337.924999999813735 ], [ 45023.025000000001455, 5941338.0 ], [ 45022.94999999999709, 5941338.0 ], [ 45022.94999999999709, 5941338.075000000186265 ], [ 45022.80000000000291, 5941338.075000000186265 ], [ 45022.80000000000291, 5941338.150000000372529 ], [ 45022.724999999998545, 5941338.150000000372529 ], [ 45022.724999999998545, 5941338.224999999627471 ], [ 45022.57499999999709, 5941338.224999999627471 ], [ 45022.57499999999709, 5941338.299999999813735 ], [ 45022.5, 5941338.299999999813735 ], [ 45022.5, 5941338.375 ], [ 45022.349999999998545, 5941338.375 ], [ 45022.349999999998545, 5941338.450000000186265 ], [ 45022.275000000001455, 5941338.450000000186265 ], [ 45022.275000000001455, 5941338.525000000372529 ], [ 45022.125, 5941338.525000000372529 ], [ 45022.125, 5941338.599999999627471 ], [ 45022.05000000000291, 5941338.599999999627471 ], [ 45022.05000000000291, 5941338.674999999813735 ], [ 45021.900000000001455, 5941338.674999999813735 ], [ 45021.900000000001455, 5941338.75 ], [ 45021.82499999999709, 5941338.75 ], [ 45021.82499999999709, 5941338.825000000186265 ], [ 45021.75, 5941338.825000000186265 ], [ 45021.75, 5941338.974999999627471 ], [ 45021.67500000000291, 5941338.974999999627471 ], [ 45021.67500000000291, 5941339.049999999813735 ], [ 45021.599999999998545, 5941339.049999999813735 ], [ 45021.599999999998545, 5941339.125 ], [ 45021.525000000001455, 5941339.125 ], [ 45021.525000000001455, 5941339.200000000186265 ], [ 45021.44999999999709, 5941339.200000000186265 ], [ 45021.44999999999709, 5941339.349999999627471 ], [ 45021.375, 5941339.349999999627471 ], [ 45021.375, 5941339.424999999813735 ], [ 45021.30000000000291, 5941339.424999999813735 ], [ 45021.30000000000291, 5941339.5 ], [ 45021.224999999998545, 5941339.5 ], [ 45021.224999999998545, 5941339.650000000372529 ], [ 45021.150000000001455, 5941339.650000000372529 ], [ 45021.150000000001455, 5941339.724999999627471 ], [ 45021.07499999999709, 5941339.724999999627471 ], [ 45021.07499999999709, 5941339.875 ], [ 45021.0, 5941339.875 ], [ 45021.0, 5941340.025000000372529 ], [ 45020.92500000000291, 5941340.025000000372529 ], [ 45020.92500000000291, 5941340.25 ], [ 45020.849999999998545, 5941340.25 ], [ 45020.849999999998545, 5941340.400000000372529 ], [ 45020.775000000001455, 5941340.400000000372529 ], [ 45020.775000000001455, 5941340.549999999813735 ], [ 45020.69999999999709, 5941340.549999999813735 ], [ 45020.69999999999709, 5941340.775000000372529 ], [ 45020.625, 5941340.775000000372529 ], [ 45020.625, 5941340.924999999813735 ], [ 45020.55000000000291, 5941340.924999999813735 ], [ 45020.55000000000291, 5941341.150000000372529 ], [ 45020.474999999998545, 5941341.150000000372529 ], [ 45020.474999999998545, 5941341.299999999813735 ], [ 45020.400000000001455, 5941341.299999999813735 ], [ 45020.400000000001455, 5941341.450000000186265 ], [ 45020.32499999999709, 5941341.450000000186265 ], [ 45020.32499999999709, 5941341.674999999813735 ], [ 45020.25, 5941341.674999999813735 ], [ 45020.25, 5941342.200000000186265 ], [ 45020.17500000000291, 5941342.200000000186265 ], [ 45020.17500000000291, 5941342.724999999627471 ], [ 45020.099999999998545, 5941342.724999999627471 ], [ 45020.099999999998545, 5941343.25 ], [ 45020.025000000001455, 5941343.25 ], [ 45020.025000000001455, 5941343.775000000372529 ], [ 45019.94999999999709, 5941343.775000000372529 ], [ 45019.94999999999709, 5941344.299999999813735 ], [ 45019.875, 5941344.299999999813735 ], [ 45019.875, 5941344.825000000186265 ], [ 45019.80000000000291, 5941344.825000000186265 ], [ 45019.80000000000291, 5941345.275000000372529 ], [ 45019.724999999998545, 5941345.275000000372529 ], [ 45019.724999999998545, 5941345.799999999813735 ], [ 45019.650000000001455, 5941345.799999999813735 ], [ 45019.650000000001455, 5941346.25 ], [ 45019.57499999999709, 5941346.25 ], [ 45019.57499999999709, 5941346.700000000186265 ], [ 45019.5, 5941346.700000000186265 ], [ 45019.5, 5941347.150000000372529 ], [ 45019.42500000000291, 5941347.150000000372529 ], [ 45019.42500000000291, 5941347.525000000372529 ], [ 45019.349999999998545, 5941347.525000000372529 ], [ 45019.349999999998545, 5941347.974999999627471 ], [ 45019.275000000001455, 5941347.974999999627471 ], [ 45019.275000000001455, 5941348.424999999813735 ], [ 45019.19999999999709, 5941348.424999999813735 ], [ 45019.19999999999709, 5941348.799999999813735 ], [ 45019.125, 5941348.799999999813735 ], [ 45019.125, 5941349.25 ], [ 45019.05000000000291, 5941349.25 ], [ 45019.05000000000291, 5941349.625 ], [ 45018.974999999998545, 5941349.625 ], [ 45018.974999999998545, 5941350.075000000186265 ], [ 45018.900000000001455, 5941350.075000000186265 ], [ 45018.900000000001455, 5941350.450000000186265 ], [ 45018.82499999999709, 5941350.450000000186265 ], [ 45018.82499999999709, 5941350.825000000186265 ], [ 45018.75, 5941350.825000000186265 ], [ 45018.75, 5941351.200000000186265 ], [ 45018.67500000000291, 5941351.200000000186265 ], [ 45018.67500000000291, 5941351.575000000186265 ], [ 45018.599999999998545, 5941351.575000000186265 ], [ 45018.599999999998545, 5941351.950000000186265 ], [ 45018.525000000001455, 5941351.950000000186265 ], [ 45018.525000000001455, 5941352.325000000186265 ], [ 45018.44999999999709, 5941352.325000000186265 ], [ 45018.44999999999709, 5941352.625 ], [ 45018.375, 5941352.625 ], [ 45018.375, 5941353.0 ], [ 45018.30000000000291, 5941353.0 ], [ 45018.30000000000291, 5941353.299999999813735 ], [ 45018.224999999998545, 5941353.299999999813735 ], [ 45018.224999999998545, 5941353.674999999813735 ], [ 45018.150000000001455, 5941353.674999999813735 ], [ 45018.150000000001455, 5941353.974999999627471 ], [ 45018.07499999999709, 5941353.974999999627471 ], [ 45018.07499999999709, 5941354.275000000372529 ], [ 45018.0, 5941354.275000000372529 ], [ 45018.0, 5941354.575000000186265 ], [ 45017.92500000000291, 5941354.575000000186265 ], [ 45017.92500000000291, 5941354.875 ], [ 45017.849999999998545, 5941354.875 ], [ 45017.849999999998545, 5941355.099999999627471 ], [ 45017.775000000001455, 5941355.099999999627471 ], [ 45017.775000000001455, 5941355.400000000372529 ], [ 45017.69999999999709, 5941355.400000000372529 ], [ 45017.69999999999709, 5941355.700000000186265 ], [ 45017.625, 5941355.700000000186265 ], [ 45017.625, 5941356.0 ], [ 45017.55000000000291, 5941356.0 ], [ 45017.55000000000291, 5941356.299999999813735 ], [ 45017.474999999998545, 5941356.299999999813735 ], [ 45017.474999999998545, 5941356.599999999627471 ], [ 45017.400000000001455, 5941356.599999999627471 ], [ 45017.400000000001455, 5941356.825000000186265 ], [ 45017.32499999999709, 5941356.825000000186265 ], [ 45017.32499999999709, 5941357.125 ], [ 45017.25, 5941357.125 ], [ 45017.25, 5941357.349999999627471 ], [ 45017.17500000000291, 5941357.349999999627471 ], [ 45017.17500000000291, 5941357.650000000372529 ], [ 45017.099999999998545, 5941357.650000000372529 ], [ 45017.099999999998545, 5941357.875 ], [ 45017.025000000001455, 5941357.875 ], [ 45017.025000000001455, 5941358.099999999627471 ], [ 45016.94999999999709, 5941358.099999999627471 ], [ 45016.94999999999709, 5941358.325000000186265 ], [ 45016.875, 5941358.325000000186265 ], [ 45016.875, 5941358.549999999813735 ], [ 45016.80000000000291, 5941358.549999999813735 ], [ 45016.80000000000291, 5941358.700000000186265 ], [ 45016.724999999998545, 5941358.700000000186265 ], [ 45016.724999999998545, 5941358.924999999813735 ], [ 45016.650000000001455, 5941358.924999999813735 ], [ 45016.650000000001455, 5941359.075000000186265 ], [ 45016.57499999999709, 5941359.075000000186265 ], [ 45016.57499999999709, 5941359.299999999813735 ], [ 45016.5, 5941359.299999999813735 ], [ 45016.5, 5941359.450000000186265 ], [ 45016.42500000000291, 5941359.450000000186265 ], [ 45016.42500000000291, 5941359.599999999627471 ], [ 45016.349999999998545, 5941359.599999999627471 ], [ 45016.349999999998545, 5941359.674999999813735 ], [ 45016.275000000001455, 5941359.674999999813735 ], [ 45016.275000000001455, 5941359.825000000186265 ], [ 45016.19999999999709, 5941359.825000000186265 ], [ 45016.19999999999709, 5941359.974999999627471 ], [ 45016.05000000000291, 5941359.974999999627471 ] ] ] } },
{ "type": "Feature", "properties": { "value": 1.0, "building_id": 11, "area": 378.69749999838245 }, "geometry": { "type": "Polygon", "coordinates": [ [ [ 45180.0, 5941339.349999999627471 ], [ 45180.0, 5941339.275000000372529 ], [ 45179.92500000000291, 5941339.275000000372529 ], [ 45179.92500000000291, 5941339.200000000186265 ], [ 45179.849999999998545, 5941339.200000000186265 ], [ 45179.849999999998545, 5941339.125 ], [ 45179.775000000001455, 5941339.125 ], [ 45179.775000000001455, 5941339.049999999813735 ], [ 45179.625, 5941339.049999999813735 ], [ 45179.625, 5941338.974999999627471 ], [ 45179.55000000000291, 5941338.974999999627471 ], [ 45179.55000000000291, 5941338.900000000372529 ], [ 45179.474999999998545, 5941338.900000000372529 ], [ 45179.474999999998545, 5941338.825000000186265 ], [ 45179.32499999999709, 5941338.825000000186265 ], [ 45179.32499999999709, 5941338.75 ], [ 45179.25, 5941338.75 ], [ 45179.25, 5941338.674999999813735 ], [ 45179.17500000000291, 5941338.674999999813735 ], [ 45179.17500000000291, 5941338.599999999627471 ], [ 45179.025000000001455, 5941338.599999999627471 ], [ 45179.025000000001455, 5941338.525000000372529 ], [ 45178.875, 5941338.525000000372529 ], [ 45178.875, 5941338.450000000186265 ], [ 45178.80000000000291, 5941338.450000000186265 ], [ 45178.80000000000291, 5941338.375 ], [ 45178.650000000001455, 5941338.375 ], [ 45178.650000000001455, 5941338.299999999813735 ], [ 45178.5, 5941338.299999999813735 ], [ 45178.5, 5941338.224999999627471 ], [ 45178.42500000000291, 5941338.224999999627471 ], [ 45178.42500000000291, 5941338.150000000372529 ], [ 45178.275000000001455, 5941338.150000000372529 ], [ 45178.275000000001455, 5941338.075000000186265 ], [ 45178.125, 5941338.075000000186265 ], [ 45178.125, 5941338.0 ], [ 45178.05000000000291, 5941338.0 ], [ 45178.05000000000291, 5941337.924999999813735 ], [ 45177.974999999998545, 5941337.924999999813735 ], [ 45177.974999999998545, 5941337.849999999627471 ], [ 45177.900000000001455, 5941337.849999999627471 ], [ 45177.900000000001455, 5941337.775000000372529 ], [ 45177.82499999999709, 5941337.775000000372529 ], [ 45177.82499999999709, 5941337.625 ], [ 45177.75, 5941337.625 ], [ 45177.75, 5941337.549999999813735 ], [ 45177.67500000000291, 5941337.549999999813735 ], [ 45177.67500000000291, 5941337.474999999627471 ], [ 45177.599999999998545, 5941337.474999999627471 ], [ 45177.599999999998545, 5941337.400000000372529 ], [ 45177.525000000001455, 5941337.400000000372529 ], [ 45177.525000000001455, 5941337.325000000186265 ], [ 45177.44999999999709, 5941337.325000000186265 ], [ 45177.44999999999709, 5941337.25 ], [ 45177.375, 5941337.25 ], [ 45177.375, 5941337.174999999813735 ], [ 45177.30000000000291, 5941337.174999999813735 ], [ 45177.30000000000291, 5941337.099999999627471 ], [ 45177.224999999998545, 5941337.099999999627471 ], [ 45177.224999999998545, 5941337.025000000372529 ], [ 45177.150000000001455, 5941337.025000000372529 ], [ 45177.150000000001455, 5941336.950000000186265 ], [ 45177.07499999999709, 5941336.950000000186265 ], [ 45177.07499999999709, 5941336.875 ], [ 45177.0, 5941336.875 ], [ 45177.0, 5941336.799999999813735 ], [ 45176.92500000000291, 5941336.799999999813735 ], [ 45176.92500000000291, 5941336.724999999627471 ], [ 45176.849999999998545, 5941336.724999999627471 ], [ 45176.849999999998545, 5941336.650000000372529 ], [ 45176.69999999999709, 5941336.650000000372529 ], [ 45176.69999999999709, 5941336.575000000186265 ], [ 45176.625, 5941336.575000000186265 ], [ 45176.625, 5941336.5 ], [ 45176.474999999998545, 5941336.5 ], [ 45176.474999999998545, 5941336.424999999813735 ], [ 45176.400000000001455, 5941336.424999999813735 ], [ 45176.400000000001455, 5941336.349999999627471 ], [ 45176.25, 5941336.349999999627471 ], [ 45176.25, 5941336.275000000372529 ], [ 45176.17500000000291, 5941336.275000000372529 ], [ 45176.17500000000291, 5941336.200000000186265 ], [ 45176.025000000001455, 5941336.200000000186265 ], [ 45176.025000000001455, 5941336.125 ], [ 45175.94999999999709, 5941336.125 ], [ 45175.94999999999709, 5941336.049999999813735 ], [ 45175.80000000000291, 5941336.049999999813735 ], [ 45175.80000000000291, 5941335.974999999627471 ], [ 45175.650000000001455, 5941335.974999999627471 ], [ 45175.650000000001455, 5941335.900000000372529 ], [ 45175.5, 5941335.900000000372529 ], [ 45175.5, 5941335.825000000186265 ], [ 45175.42500000000291, 5941335.825000000186265 ], [ 45175.42500000000291, 5941335.75 ], [ 45175.275000000001455, 5941335.75 ], [ 45175.275000000001455, 5941335.674999999813735 ], [ 45175.19999999999709, 5941335.674999999813735 ], [ 45175.19999999999709, 5941335.599999999627471 ], [ 45175.05000000000291, 5941335.599999999627471 ], [ 45175.05000000000291, 5941335.525000000372529 ], [ 45174.974999999998545, 5941335.525000000372529 ], [ 45174.974999999998545, 5941335.450000000186265 ], [ 45174.82499999999709, 5941335.450000000186265 ], [ 45174.82499999999709, 5941335.375 ], [ 45174.67500000000291, 5941335.375 ], [ 45174.67500000000291, 5941335.299999999813735 ], [ 45174.525000000001455, 5941335.299999999813735 ], [ 45174.525000000001455, 5941335.224999999627471 ], [ 45174.375, 5941335.224999999627471 ], [ 45174.375, 5941335.150000000372529 ], [ 45174.224999999998545, 5941335.150000000372529 ], [ 45174.224999999998545, 5941335.075000000186265 ], [ 45174.07499999999709, 5941335.075000000186265 ], [ 45174.07499999999709, 5941335.0 ], [ 45173.92500000000291, 5941335.0 ], [ 45173.92500000000291, 5941334.924999999813735 ], [ 45173.775000000001455, 5941334.924999999813735 ], [ 45173.775000000001455, 5941334.849999999627471 ], [ 45173.625, 5941334.849999999627471 ], [ 45173.625, 5941334.775000000372529 ], [ 45173.474999999998545, 5941334.775000000372529 ], [ 45173.474999999998545, 5941334.700000000186265 ], [ 45173.25, 5941334.700000000186265 ], [ 45173.25, 5941334.625 ], [ 45173.025000000001455, 5941334.625 ], [ 45173.025000000001455, 5941334.549999999813735 ], [ 45172.875, 5941334.549999999813735 ], [ 45172.875, 5941334.474999999627471 ], [ 45172.57499999999709, 5941334.474999999627471 ], [ 45172.57499999999709, 5941334.400000000372529 ], [ 45172.349999999998545, 5941334.400000000372529 ], [ 45172.349999999998545, 5941334.325000000186265 ], [ 45171.900000000001455, 5941334.325000000186265 ], [ 45171.900000000001455, 5941334.25 ], [ 45171.224999999998545, 5941334.25 ], [ 45171.224999999998545, 5941334.174999999813735 ], [ 45170.474999999998545, 5941334.174999999813735 ], [ 45170.474999999998545, 5941334.099999999627471 ], [ 45169.94999999999709, 5941334.099999999627471 ], [ 45169.94999999999709, 5941334.174999999813735 ], [ 45168.67500000000291, 5941334.174999999813735 ], [ 45168.67500000000291, 5941334.25 ], [ 45167.474999999998545, 5941334.25 ], [ 45167.474999999998545, 5941334.325000000186265 ], [ 45166.42500000000291, 5941334.325000000186265 ], [ 45166.42500000000291, 5941334.400000000372529 ], [ 45165.375, 5941334.400000000372529 ], [ 45165.375, 5941334.474999999627471 ], [ 45164.55000000000291, 5941334.474999999627471 ], [ 45164.55000000000291, 5941334.549999999813735 ], [ 45164.099999999998545, 5941334.549999999813735 ], [ 45164.099999999998545, 5941334.625 ], [ 45163.80000000000291, 5941334.625 ], [ 45163.80000000000291, 5941334.700000000186265 ], [ 45163.42500000000291, 5941334.700000000186265 ], [ 45163.42500000000291, 5941334.775000000372529 ], [ 45163.125, 5941334.775000000372529 ], [ 45163.125, 5941334.849999999627471 ], [ 45162.82499999999709, 5941334.849999999627471 ], [ 45162.82499999999709, 5941334.924999999813735 ], [ 45162.525000000001455, 5941334.924999999813735 ], [ 45162.525000000001455, 5941335.0 ], [ 45162.30000000000291, 5941335.0 ], [ 45162.30000000000291, 5941335.075000000186265 ], [ 45162.150000000001455, 5941335.075000000186265 ], [ 45162.150000000001455, 5941335.150000000372529 ], [ 45161.92500000000291, 5941335.150000000372529 ], [ 45161.92500000000291, 5941335.224999999627471 ], [ 45161.775000000001455, 5941335.224999999627471 ], [ 45161.775000000001455, 5941335.299999999813735 ], [ 45161.55000000000291, 5941335.299999999813735 ], [ 45161.55000000000291, 5941335.375 ], [ 45161.400000000001455, 5941335.375 ], [ 45161.400000000001455, 5941335.450000000186265 ], [ 45161.17500000000291, 5941335.450000000186265 ], [ 45161.17500000000291, 5941335.525000000372529 ], [ 45161.025000000001455, 5941335.525000000372529 ], [ 45161.025000000001455, 5941335.599999999627471 ], [ 45160.875, 5941335.599999999627471 ], [ 45160.875, 5941335.674999999813735 ], [ 45160.724999999998545, 5941335.674999999813735 ], [ 45160.724999999998545, 5941335.75 ], [ 45160.57499999999709, 5941335.75 ], [ 45160.57499999999709, 5941335.825000000186265 ], [ 45160.349999999998545, 5941335.825000000186265 ], [ 45160.349999999998545, 5941335.900000000372529 ], [ 45160.05000000000291, 5941335.900000000372529 ], [ 45160.05000000000291, 5941335.974999999627471 ], [ 45159.82499999999709, 5941335.974999999627471 ], [ 45159.82499999999709, 5941336.049999999813735 ], [ 45159.599999999998545, 5941336.049999999813735 ], [ 45159.599999999998545, 5941336.125 ], [ 45159.375, 5941336.125 ], [ 45159.375, 5941336.200000000186265 ], [ 45159.07499999999709, 5941336.200000000186265 ], [ 45159.07499999999709, 5941336.275000000372529 ], [ 45158.92500000000291, 5941336.275000000372529 ], [ 45158.92500000000291, 5941336.349999999627471 ], [ 45158.69999999999709, 5941336.349999999627471 ], [ 45158.69999999999709, 5941336.424999999813735 ], [ 45158.474999999998545, 5941336.424999999813735 ], [ 45158.474999999998545, 5941336.5 ], [ 45158.25, 5941336.5 ], [ 45158.25, 5941336.575000000186265 ], [ 45158.025000000001455, 5941336.575000000186265 ], [ 45158.025000000001455, 5941336.650000000372529 ], [ 45157.80000000000291, 5941336.650000000372529 ], [ 45157.80000000000291, 5941336.724999999627471 ], [ 45157.57499999999709, 5941336.724999999627471 ], [ 45157.57499999999709, 5941336.799999999813735 ], [ 45157.349999999998545, 5941336.799999999813735 ], [ 45157.349999999998545, 5941336.875 ], [ 45157.125, 5941336.875 ], [ 45157.125, 5941336.950000000186265 ], [ 45156.974999999998545, 5941336.950000000186265 ], [ 45156.974999999998545, 5941337.025000000372529 ], [ 45156.75, 5941337.025000000372529 ], [ 45156.75, 5941337.099999999627471 ], [ 45156.525000000001455, 5941337.099999999627471 ], [ 45156.525000000001455, 5941337.174999999813735 ], [ 45156.150000000001455, 5941337.174999999813735 ], [ 45156.150000000001455, 5941337.25 ], [ 45155.849999999998545, 5941337.25 ], [ 45155.849999999998545, 5941337.325000000186265 ], [ 45155.474999999998545, 5941337.325000000186265 ], [ 45155.474999999998545, 5941337.400000000372529 ], [ 45155.17500000000291, 5941337.400000000372529 ], [ 45155.17500000000291, 5941337.474999999627471 ], [ 45154.80000000000291, 5941337.474999999627471 ], [ 45154.80000000000291, 5941337.549999999813735 ], [ 45153.974999999998545, 5941337.549999999813735 ], [ 45153.974999999998545, 5941337.625 ], [ 45152.625, 5941337.625 ], [ 45152.625, 5941337.700000000186265 ], [ 45151.349999999998545, 5941337.700000000186265 ], [ 45151.349999999998545, 5941337.775000000372529 ], [ 45150.0, 5941337.775000000372529 ], [ 45150.0, 5941337.849999999627471 ], [ 45148.5, 5941337.849999999627471 ], [ 45148.5, 5941337.924999999813735 ], [ 45147.30000000000291, 5941337.924999999813735 ], [ 45147.30000000000291, 5941338.0 ], [ 45146.400000000001455, 5941338.0 ], [ 45146.400000000001455, 5941338.075000000186265 ], [ 45145.57499999999709, 5941338.075000000186265 ], [ 45145.57499999999709, 5941338.150000000372529 ], [ 45144.900000000001455, 5941338.150000000372529 ], [ 45144.900000000001455, 5941338.224999999627471 ], [ 45144.30000000000291, 5941338.224999999627471 ], [ 45144.30000000000291, 5941338.299999999813735 ], [ 45143.69999999999709, 5941338.299999999813735 ], [ 45143.69999999999709, 5941338.375 ], [ 45143.17500000000291, 5941338.375 ], [ 45143.17500000000291, 5941338.450000000186265 ], [ 45142.724999999998545, 5941338.450000000186265 ], [ 45142.724999999998545, 5941338.525000000372529 ], [ 45142.19999999999709, 5941338.525000000372529 ], [ 45142.19999999999709, 5941338.599999999627471 ], [ 45141.82499999999709, 5941338.599999999627471 ], [ 45141.82499999999709, 5941338.674999999813735 ], [ 45141.44999999999709, 5941338.674999999813735 ], [ 45141.44999999999709, 5941338.75 ], [ 45141.07499999999709, 5941338.75 ], [ 45141.07499999999709, 5941338.825000000186265 ], [ 45140.92500000000291, 5941338.825000000186265 ], [ 45140.92500000000291, 5941338.75 ], [ 45140.69999999999709, 5941338.75 ], [ 45140.69999999999709, 5941338.674999999813735 ], [ 45140.474999999998545, 5941338.674999999813735 ], [ 45140.474999999998545, 5941338.599999999627471 ], [ 45140.17500000000291, 5941338.599999999627471 ], [ 45140.17500000000291, 5941338.525000000372529 ], [ 45139.875, 5941338.525000000372529 ], [ 45139.875, 5941338.450000000186265 ], [ 45139.80000000000291, 5941338.450000000186265 ], [ 45139.80000000000291, 5941338.375 ], [ 45139.724999999998545, 5941338.375 ], [ 45139.724999999998545, 5941338.299999999813735 ], [ 45139.650000000001455, 5941338.299999999813735 ], [ 45139.650000000001455, 5941338.224999999627471 ], [ 45139.57499999999709, 5941338.224999999627471 ], [ 45139.57499999999709, 5941338.150000000372529 ], [ 45139.5, 5941338.150000000372529 ], [ 45139.5, 5941338.075000000186265 ], [ 45139.42500000000291, 5941338.075000000186265 ], [ 45139.42500000000291, 5941338.0 ], [ 45139.275000000001455, 5941338.0 ], [ 45139.275000000001455, 5941337.924999999813735 ], [ 45139.19999999999709, 5941337.924999999813735 ], [ 45139.19999999999709, 5941337.849999999627471 ], [ 45139.125, 5941337.849999999627471 ], [ 45139.125, 5941337.775000000372529 ], [ 45139.05000000000291, 5941337.775000000372529 ], [ 45139.05000000000291, 5941337.700000000186265 ], [ 45138.974999999998545, 5941337.700000000186265 ], [ 45138.974999999998545, 5941337.625 ], [ 45138.900000000001455, 5941337.625 ], [ 45138.900000000001455, 5941337.549999999813735 ], [ 45138.82499999999709, 5941337.549999999813735 ], [ 45138.82499999999709, 5941337.474999999627471 ], [ 45138.75, 5941337.474999999627471 ], [ 45138.75, 5941337.400000000372529 ], [ 45138.67500000000291, 5941337.400000000372529 ], [ 45138.67500000000291, 5941337.325000000186265 ], [ 45138.599999999998545, 5941337.325000000186265 ], [ 45138.599999999998545, 5941337.25 ], [ 45138.525000000001455, 5941337.25 ], [ 45138.525000000001455, 5941337.174999999813735 ], [ 45138.44999999999709, 5941337.174999999813735 ], [ 45138.44999999999709, 5941337.099999999627471 ], [ 45138.375, 5941337.099999999627471 ], [ 45138.375, 5941337.025000000372529 ], [ 45138.30000000000291, 5941337.025000000372529 ], [ 45138.30000000000291, 5941336.950000000186265 ], [ 45138.224999999998545, 5941336.950000000186265 ], [ 45138.224999999998545, 5941336.875 ], [ 45138.150000000001455, 5941336.875 ], [ 45138.150000000001455, 5941336.799999999813735 ], [ 45138.07499999999709, 5941336.799999999813735 ], [ 45138.07499999999709, 5941336.724999999627471 ], [ 45138.0, 5941336.724999999627471 ], [ 45138.0, 5941336.650000000372529 ], [ 45137.92500000000291, 5941336.650000000372529 ], [ 45137.92500000000291, 5941336.575000000186265 ], [ 45137.849999999998545, 5941336.575000000186265 ], [ 45137.849999999998545, 5941336.5 ], [ 45137.775000000001455, 5941336.5 ], [ 45137.775000000001455, 5941336.424999999813735 ], [ 45137.625, 5941336.424999999813735 ], [ 45137.625, 5941336.349999999627471 ], [ 45137.55000000000291, 5941336.349999999627471 ], [ 45137.55000000000291, 5941336.275000000372529 ], [ 45137.474999999998545, 5941336.275000000372529 ], [ 45137.474999999998545, 5941336.200000000186265 ], [ 45137.400000000001455, 5941336.200000000186265 ], [ 45137.400000000001455, 5941336.125 ], [ 45137.32499999999709, 5941336.125 ], [ 45137.32499999999709, 5941336.049999999813735 ], [ 45137.25, 5941336.049999999813735 ], [ 45137.25, 5941335.974999999627471 ], [ 45137.099999999998545, 5941335.974999999627471 ], [ 45137.099999999998545, 5941335.900000000372529 ], [ 45137.025000000001455, 5941335.900000000372529 ], [ 45137.025000000001455, 5941335.825000000186265 ], [ 45136.94999999999709, 5941335.825000000186265 ], [ 45136.94999999999709, 5941335.75 ], [ 45136.875, 5941335.75 ], [ 45136.875, 5941335.674999999813735 ], [ 45136.80000000000291, 5941335.674999999813735 ], [ 45136.80000000000291, 5941335.599999999627471 ], [ 45136.650000000001455, 5941335.599999999627471 ], [ 45136.650000000001455, 5941335.525000000372529 ], [ 45136.57499999999709, 5941335.525000000372529 ], [ 45136.57499999999709, 5941335.450000000186265 ], [ 45136.5, 5941335.450000000186265 ], [ 45136.5, 5941335.375 ], [ 45136.42500000000291, 5941335.375 ], [ 45136.42500000000291, 5941335.299999999813735 ], [ 45136.275000000001455, 5941335.299999999813735 ], [ 45136.275000000001455, 5941335.224999999627471 ], [ 45136.19999999999709, 5941335.224999999627471 ], [ 45136.19999999999709, 5941335.150000000372529 ], [ 45136.125, 5941335.150000000372529 ], [ 45136.125, 5941335.075000000186265 ], [ 45135.974999999998545, 5941335.075000000186265 ], [ 45135.974999999998545, 5941335.0 ], [ 45135.900000000001455, 5941335.0 ], [ 45135.900000000001455, 5941334.924999999813735 ], [ 45135.82499999999709, 5941334.924999999813735 ], [ 45135.82499999999709, 5941334.849999999627471 ], [ 45135.67500000000291, 5941334.849999999627471 ], [ 45135.67500000000291, 5941334.775000000372529 ], [ 45135.599999999998545, 5941334.775000000372529 ], [ 45135.599999999998545, 5941334.700000000186265 ], [ 45135.525000000001455, 5941334.700000000186265 ], [ 45135.525000000001455, 5941334.625 ], [ 45135.375, 5941334.625 ], [ 45135.375, 5941334.549999999813735 ], [ 45135.30000000000291, 5941334.549999999813735 ], [ 45135.30000000000291, 5941334.474999999627471 ], [ 45135.150000000001455, 5941334.474999999627471 ], [ 45135.150000000001455, 5941334.400000000372529 ], [ 45135.07499999999709, 5941334.400000000372529 ], [ 45135.07499999999709, 5941334.325000000186265 ], [ 45135.0, 5941334.325000000186265 ], [ 45135.0, 5941334.25 ], [ 45134.849999999998545, 5941334.25 ], [ 45134.849999999998545, 5941334.174999999813735 ], [ 45134.775000000001455, 5941334.174999999813735 ], [ 45134.775000000001455, 5941334.099999999627471 ], [ 45134.625, 5941334.099999999627471 ], [ 45134.625, 5941334.025000000372529 ], [ 45134.55000000000291, 5941334.025000000372529 ], [ 45134.55000000000291, 5941333.950000000186265 ], [ 45134.400000000001455, 5941333.950000000186265 ], [ 45134.400000000001455, 5941333.875 ], [ 45134.32499999999709, 5941333.875 ], [ 45134.32499999999709, 5941333.799999999813735 ], [ 45134.25, 5941333.799999999813735 ], [ 45134.25, 5941333.724999999627471 ], [ 45134.17500000000291, 5941333.724999999627471 ], [ 45134.17500000000291, 5941333.575000000186265 ], [ 45134.099999999998545, 5941333.575000000186265 ], [ 45134.099999999998545, 5941333.5 ], [ 45134.025000000001455, 5941333.5 ], [ 45134.025000000001455, 5941333.424999999813735 ], [ 45133.94999999999709, 5941333.424999999813735 ], [ 45133.94999999999709, 5941333.349999999627471 ], [ 45133.875, 5941333.349999999627471 ], [ 45133.875, 5941333.200000000186265 ], [ 45133.80000000000291, 5941333.200000000186265 ], [ 45133.80000000000291, 5941333.125 ], [ 45133.724999999998545, 5941333.125 ], [ 45133.724999999998545, 5941333.049999999813735 ], [ 45133.650000000001455, 5941333.049999999813735 ], [ 45133.650000000001455, 5941332.974999999627471 ], [ 45133.57499999999709, 5941332.974999999627471 ], [ 45133.57499999999709, 5941332.825000000186265 ], [ 45133.5, 5941332.825000000186265 ], [ 45133.5, 5941332.75 ], [ 45133.42500000000291, 5941332.75 ], [ 45133.42500000000291, 5941332.674999999813735 ], [ 45133.349999999998545, 5941332.674999999813735 ], [ 45133.349999999998545, 5941332.599999999627471 ], [ 45133.275000000001455, 5941332.599999999627471 ], [ 45133.275000000001455, 5941332.525000000372529 ], [ 45133.19999999999709, 5941332.525000000372529 ], [ 45133.19999999999709, 5941332.450000000186265 ], [ 45133.125, 5941332.450000000186265 ], [ 45133.125, 5941332.375 ], [ 45133.05000000000291, 5941332.375 ], [ 45133.05000000000291, 5941332.299999999813735 ], [ 45132.974999999998545, 5941332.299999999813735 ], [ 45132.974999999998545, 5941332.224999999627471 ], [ 45132.900000000001455, 5941332.224999999627471 ], [ 45132.900000000001455, 5941332.150000000372529 ], [ 45132.82499999999709, 5941332.150000000372529 ], [ 45132.82499999999709, 5941332.075000000186265 ], [ 45132.67500000000291, 5941332.075000000186265 ], [ 45132.67500000000291, 5941332.0 ], [ 45132.599999999998545, 5941332.0 ], [ 45132.599999999998545, 5941329.0 ], [ 45183.0, 5941329.0 ], [ 45183.0, 5941339.349999999627471 ], [ 45180.0, 5941339.349999999627471 ] ] ] } }
]
}
