{
"type": "FeatureCollection",
"name": "44433E594207N_buildings",
"crs": { "type": "name", "properties": { "name": "urn:ogc:def:crs:EPSG::3776" } },
"features": [
{ "type": "Feature", "properties": { "value": 1.0, "building_id": 0, "area": 15.586874999873512 }, "geometry": { "type": "Polygon", "coordinates": [ [ [ 44734.650000000001455, 5942778.825000000186265 ], [ 44734.650000000001455, 5942778.75 ], [ 44734.42500000000291, 5942778.75 ], [ 44734.42500000000291, 5942778.674999999813735 ], [ 44734.275000000001455, 5942778.674999999813735 ], [ 44734.275000000001455, 5942778.599999999627471 ], [ 44734.125, 5942778.599999999627471 ], [ 44734.125, 5942778.525000000372529 ], [ 44733.900000000001455, 5942778.525000000372529 ], [ 44733.900000000001455, 5942778.450000000186265 ], [ 44733.75, 5942778.450000000186265 ], [ 44733.75, 5942778.375 ], [ 44733.599999999998545, 5942778.375 ], [ 44733.599999999998545, 5942778.299999999813735 ], [ 44733.44999999999709, 5942778.299999999813735 ], [ 44733.44999999999709, 5942778.224999999627471 ], [ 44733.30000000000291, 5942778.224999999627471 ], [ 44733.30000000000291, 5942778.150000000372529 ], [ 44733.150000000001455, 5942778.150000000372529 ], [ 44733.150000000001455, 5942778.075000000186265 ], [ 44733.0, 5942778.075000000186265 ], [ 44733.0, 5942778.0 ], [ 44732.849999999998545, 5942778.0 ], [ 44732.849999999998545, 5942777.924999999813735 ], [ 44732.775000000001455, 5942777.924999999813735 ], [ 44732.775000000001455, 5942777.849999999627471 ], [ 44732.69999999999709, 5942777.849999999627471 ], [ 44732.69999999999709, 5942777.775000000372529 ], [ 44732.625, 5942777.775000000372529 ], [ 44732.625, 5942777.700000000186265 ], [ 44732.55000000000291, 5942777.700000000186265 ], [ 44732.55000000000291, 5942777.549999999813735 ], [ 44732.474999999998545, 5942777.549999999813735 ], [ 44732.474999999998545, 5942777.474999999627471 ], [ 44732.400000000001455, 5942777.474999999627471 ], [ 44732.400000000001455, 5942777.325000000186265 ], [ 44732.32499999999709, 5942777.325000000186265 ], [ 44732.32499999999709, 5942777.025000000372529 ], [ 44732.400000000001455, 5942777.025000000372529 ], [ 44732.400000000001455, 5942776.724999999627471 ], [ 44732.474999999998545, 5942776.724999999627471 ], [ 44732.474999999998545, 5942776.5 ], [ 44732.55000000000291, 5942776.5 ], [ 44732.55000000000291, 5942776.275000000372529 ], [ 44732.625, 5942776.275000000372529 ], [ 44732.625, 5942776.049999999813735 ], [ 44732.69999999999709, 5942776.049999999813735 ], [ 44732.69999999999709, 5942775.825000000186265 ], [ 44732.775000000001455, 5942775.825000000186265 ], [ 44732.775000000001455, 5942775.674999999813735 ], [ 44732.849999999998545, 5942775.674999999813735 ], [ 44732.849999999998545, 5942775.525000000372529 ], [ 44732.92500000000291, 5942775.525000000372529 ], [ 44732.92500000000291, 5942775.375 ], [ 44733.0, 5942775.375 ], [ 44733.0, 5942775.224999999627471 ], [ 44733.07499999999709, 5942775.224999999627471 ], [ 44733.07499999999709, 5942775.075000000186265 ], [ 44733.150000000001455, 5942775.075000000186265 ], [ 44733.150000000001455, 5942774.924999999813735 ], [ 44733.224999999998545, 5942774.924999999813735 ], [ 44733.224999999998545, 5942774.849999999627471 ], [ 44733.30000000000291, 5942774.849999999627471 ], [ 44733.30000000000291, 5942774.700000000186265 ], [ 44733.375, 5942774.700000000186265 ], [ 44733.375, 5942774.549999999813735 ], [ 44733.44999999999709, 5942774.549999999813735 ], [ 44733.44999999999709, 5942774.400000000372529 ], [ 44733.525000000001455, 5942774.400000000372529 ], [ 44733.525000000001455, 5942774.25 ], [ 44733.599999999998545, 5942774.25 ], [ 44733.599999999998545, 5942774.099999999627471 ], [ 44733.67500000000291, 5942774.099999999627471 ], [ 44733.67500000000291, 5942773.950000000186265 ], [ 44733.75, 5942773.950000000186265 ], [ 44733.75, 5942773.799999999813735 ], [ 44733.82499999999709, 5942773.799999999813735 ], [ 44733.82499999999709, 5942773.650000000372529 ], [ 44733.900000000001455, 5942773.650000000372529 ], [ 44733.900000000001455, 5942773.5 ], [ 44733.974999999998545, 5942773.5 ], [ 44733.974999999998545, 5942773.349999999627471 ], [ 44734.05000000000291, 5942773.349999999627471 ], [ 44734.05000000000291, 5942773.200000000186265 ], [ 44734.125, 5942773.200000000186265 ], [ 44734.125, 5942773.049999999813735 ], [ 44734.19999999999709, 5942773.049999999813735 ], [ 44734.19999999999709, 5942772.900000000372529 ], [ 44734.275000000001455, 5942772.900000000372529 ], [ 44734.275000000001455, 5942772.825000000186265 ], [ 44734.349999999998545, 5942772.825000000186265 ], [ 44734.349999999998545, 5942772.674999999813735 ], [ 44734.42500000000291, 5942772.674999999813735 ], [ 44734.42500000000291, 5942772.525000000372529 ], [ 44734.5, 5942772.525000000372529 ], [ 44734.5, 5942772.375 ], [ 44734.57499999999709, 5942772.375 ], [ 44734.57499999999709, 5942772.299999999813735 ], [ 44734.650000000001455, 5942772.299999999813735 ], [ 44734.650000000001455, 5942772.150000000372529 ], [ 44734.724999999998545, 5942772.150000000372529 ], [ 44734.724999999998545, 5942772.075000000186265 ], [ 44734.80000000000291, 5942772.075000000186265 ], [ 44734.80000000000291, 5942772.224999999627471 ], [ 44734.875, 5942772.224999999627471 ], [ 44734.875, 5942772.450000000186265 ], [ 44734.94999999999709, 5942772.450000000186265 ], [ 44734.94999999999709, 5942772.674999999813735 ], [ 44735.025000000001455, 5942772.674999999813735 ], [ 44735.025000000001455, 5942772.900000000372529 ], [ 44735.099999999998545, 5942772.900000000372529 ], [ 44735.099999999998545, 5942773.125 ], [ 44735.17500000000291, 5942773.125 ], [ 44735.17500000000291, 5942773.424999999813735 ], [ 44735.25, 5942773.424999999813735 ], [ 44735.25, 5942773.650000000372529 ], [ 44735.32499999999709, 5942773.650000000372529 ], [ 44735.32499999999709, 5942773.950000000186265 ], [ 44735.400000000001455, 5942773.950000000186265 ], [ 44735.400000000001455, 5942774.25 ], [ 44735.474999999998545, 5942774.25 ], [ 44735.474999999998545, 5942774.474999999627471 ], [ 44735.55000000000291, 5942774.474999999627471 ], [ 44735.55000000000291, 5942774.775000000372529 ], [ 44735.625, 5942774.775000000372529 ], [ 44735.625, 5942775.075000000186265 ], [ 44735.69999999999709, 5942775.075000000186265 ], [ 44735.69999999999709, 5942775.299999999813735 ], [ 44735.775000000001455, 5942775.299999999813735 ], [ 44735.775000000001455, 5942775.525000000372529 ], [ 44735.849999999998545, 5942775.525000000372529 ], [ 44735.849999999998545, 5942775.75 ], [ 44735.92500000000291, 5942775.75 ], [ 44735.92500000000291, 5942775.900000000372529 ], [ 44736.0, 5942775.900000000372529 ], [ 44736.0, 5942776.125 ], [ 44736.07499999999709, 5942776.125 ], [ 44736.07499999999709, 5942776.275000000372529 ], [ 44736.150000000001455, 5942776.275000000372529 ], [ 44736.150000000001455, 5942776.424999999813735 ], [ 44736.224999999998545, 5942776.424999999813735 ], [ 44736.224999999998545, 5942776.575000000186265 ], [ 44736.30000000000291, 5942776.575000000186265 ], [ 44736.30000000000291, 5942776.724999999627471 ], [ 44736.375, 5942776.724999999627471 ], [ 44736.375, 5942776.875 ], [ 44736.44999999999709, 5942776.875 ], [ 44736.44999999999709, 5942777.025000000372529 ], [ 44736.525000000001455, 5942777.025000000372529 ], [ 44736.525000000001455, 5942777.099999999627471 ], [ 44736.599999999998545, 5942777.099999999627471 ], [ 44736.599999999998545, 5942777.325000000186265 ], [ 44736.525000000001455, 5942777.325000000186265 ], [ 44736.525000000001455, 5942777.400000000372529 ], [ 44736.44999999999709, 5942777.400000000372529 ], [ 44736.44999999999709, 5942777.474999999627471 ], [ 44736.375, 5942777.474999999627471 ], [ 44736.375, 5942777.549999999813735 ], [ 44736.30000000000291, 5942777.549999999813735 ], [ 44736.30000000000291, 5942777.625 ], [ 44736.224999999998545, 5942777.625 ], [ 44736.224999999998545, 5942777.700000000186265 ], [ 44736.150000000001455, 5942777.700000000186265 ], [ 44736.150000000001455, 5942777.775000000372529 ], [ 44736.07499999999709, 5942777.775000000372529 ], [ 44736.07499999999709, 5942777.849999999627471 ], [ 44736.0, 5942777.849999999627471 ], [ 44736.0, 5942777.924999999813735 ], [ 44735.92500000000291, 5942777.924999999813735 ], [ 44735.92500000000291, 5942778.0 ], [ 44735.849999999998545, 5942778.0 ], [ 44735.849999999998545, 5942778.075000000186265 ], [ 44735.775000000001455, 5942778.075000000186265 ], [ 44735.775000000001455, 5942778.150000000372529 ], [ 44735.69999999999709, 5942778.150000000372529 ], [ 44735.69999999999709, 5942778.224999999627471 ], [ 44735.55000000000291, 5942778.224999999627471 ], [ 44735.55000000000291, 5942778.299999999813735 ], [ 44735.474999999998545, 5942778.299999999813735 ], [ 44735.474999999998545, 5942778.375 ], [ 44735.400000000001455, 5942778.375 ], [ 44735.400000000001455, 5942778.450000000186265 ], [ 44735.32499999999709, 5942778.450000000186265 ], [ 44735.32499999999709, 5942778.525000000372529 ], [ 44735.17500000000291, 5942778.525000000372529 ], [ 44735.17500000000291, 5942778.599999999627471 ], [ 44735.099999999998545, 5942778.599999999627471 ], [ 44735.099999999998545, 5942778.674999999813735 ], [ 44734.94999999999709, 5942778.674999999813735 ], [ 44734.94999999999709, 5942778.75 ], [ 44734.875, 5942778.75 ], [ 44734.875, 5942778.825000000186265 ], [ 44734.650000000001455, 5942778.825000000186265 ] ] ] } },
{ "type": "Feature", "properties": { "value": 1.0, "building_id": 1, "area": 73.299375000013725 }, "geometry": { "type": "Polygon", "coordinates": [ [ [ 44750.625, 5942779.049999999813735 ], [ 44750.625, 5942778.974999999627471 ], [ 44750.17500000000291, 5942778.974999999627471 ], [ 44750.17500000000291, 5942778.900000000372529 ], [ 44749.349999999998545, 5942778.900000000372529 ], [ 44749.349999999998545, 5942778.825000000186265 ], [ 44748.525000000001455, 5942778.825000000186265 ], [ 44748.525000000001455, 5942778.75 ], [ 44748.07499999999709, 5942778.75 ], [ 44748.07499999999709, 5942778.674999999813735 ], [ 44748.0, 5942778.674999999813735 ], [ 44748.0, 5942778.599999999627471 ], [ 44747.849999999998545, 5942778.599999999627471 ], [ 44747.849999999998545, 5942778.525000000372529 ], [ 44747.69999999999709, 5942778.525000000372529 ], [ 44747.69999999999709, 5942778.450000000186265 ], [ 44747.625, 5942778.450000000186265 ], [ 44747.625, 5942778.375 ], [ 44747.474999999998545, 5942778.375 ], [ 44747.474999999998545, 5942778.299999999813735 ], [ 44747.400000000001455, 5942778.299999999813735 ], [ 44747.400000000001455, 5942778.224999999627471 ], [ 44747.32499999999709, 5942778.224999999627471 ], [ 44747.32499999999709, 5942778.150000000372529 ], [ 44747.25, 5942778.150000000372529 ], [ 44747.25, 5942778.075000000186265 ], [ 44747.17500000000291, 5942778.075000000186265 ], [ 44747.17500000000291, 5942778.0 ], [ 44747.099999999998545, 5942778.0 ], [ 44747.099999999998545, 5942777.924999999813735 ], [ 44747.025000000001455, 5942777.924999999813735 ], [ 44747.025000000001455, 5942777.849999999627471 ], [ 44746.94999999999709, 5942777.849999999627471 ], [ 44746.94999999999709, 5942777.775000000372529 ], [ 44746.875, 5942777.775000000372529 ], [ 44746.875, 5942777.625 ], [ 44746.80000000000291, 5942777.625 ], [ 44746.80000000000291, 5942777.549999999813735 ], [ 44746.724999999998545, 5942777.549999999813735 ], [ 44746.724999999998545, 5942777.474999999627471 ], [ 44746.650000000001455, 5942777.474999999627471 ], [ 44746.650000000001455, 5942777.325000000186265 ], [ 44746.57499999999709, 5942777.325000000186265 ], [ 44746.57499999999709, 5942777.174999999813735 ], [ 44746.650000000001455, 5942777.174999999813735 ], [ 44746.650000000001455, 5942776.950000000186265 ], [ 44746.724999999998545, 5942776.950000000186265 ], [ 44746.724999999998545, 5942776.724999999627471 ], [ 44746.80000000000291, 5942776.724999999627471 ], [ 44746.80000000000291, 5942776.575000000186265 ], [ 44746.875, 5942776.575000000186265 ], [ 44746.875, 5942776.349999999627471 ], [ 44746.94999999999709, 5942776.349999999627471 ], [ 44746.94999999999709, 5942776.125 ], [ 44747.025000000001455, 5942776.125 ], [ 44747.025000000001455, 5942775.900000000372529 ], [ 44747.099999999998545, 5942775.900000000372529 ], [ 44747.099999999998545, 5942775.674999999813735 ], [ 44747.17500000000291, 5942775.674999999813735 ], [ 44747.17500000000291, 5942775.450000000186265 ], [ 44747.25, 5942775.450000000186265 ], [ 44747.25, 5942775.224999999627471 ], [ 44747.32499999999709, 5942775.224999999627471 ], [ 44747.32499999999709, 5942774.924999999813735 ], [ 44747.400000000001455, 5942774.924999999813735 ], [ 44747.400000000001455, 5942774.625 ], [ 44747.474999999998545, 5942774.625 ], [ 44747.474999999998545, 5942774.400000000372529 ], [ 44747.55000000000291, 5942774.400000000372529 ], [ 44747.55000000000291, 5942774.099999999627471 ], [ 44747.625, 5942774.099999999627471 ], [ 44747.625, 5942773.875 ], [ 44747.69999999999709, 5942773.875 ], [ 44747.69999999999709, 5942773.575000000186265 ], [ 44747.775000000001455, 5942773.575000000186265 ], [ 44747.775000000001455, 5942773.349999999627471 ], [ 44747.849999999998545, 5942773.349999999627471 ], [ 44747.849999999998545, 5942773.125 ], [ 44747.92500000000291, 5942773.125 ], [ 44747.92500000000291, 5942772.900000000372529 ], [ 44748.0, 5942772.900000000372529 ], [ 44748.0, 5942772.674999999813735 ], [ 44748.07499999999709, 5942772.674999999813735 ], [ 44748.07499999999709, 5942772.450000000186265 ], [ 44748.150000000001455, 5942772.450000000186265 ], [ 44748.150000000001455, 5942772.224999999627471 ], [ 44748.224999999998545, 5942772.224999999627471 ], [ 44748.224999999998545, 5942772.075000000186265 ], [ 44748.30000000000291, 5942772.075000000186265 ], [ 44748.30000000000291, 5942771.849999999627471 ], [ 44748.375, 5942771.849999999627471 ], [ 44748.375, 5942771.700000000186265 ], [ 44748.44999999999709, 5942771.700000000186265 ], [ 44748.44999999999709, 5942771.549999999813735 ], [ 44748.525000000001455, 5942771.549999999813735 ], [ 44748.525000000001455, 5942771.400000000372529 ], [ 44748.599999999998545, 5942771.400000000372529 ], [ 44748.599999999998545, 5942771.325000000186265 ], [ 44748.67500000000291, 5942771.325000000186265 ], [ 44748.67500000000291, 5942771.25 ], [ 44748.82499999999709, 5942771.25 ], [ 44748.82499999999709, 5942771.174999999813735 ], [ 44748.900000000001455, 5942771.174999999813735 ], [ 44748.900000000001455, 5942771.099999999627471 ], [ 44749.05000000000291, 5942771.099999999627471 ], [ 44749.05000000000291, 5942771.025000000372529 ], [ 44749.125, 5942771.025000000372529 ], [ 44749.125, 5942770.950000000186265 ], [ 44749.275000000001455, 5942770.950000000186265 ], [ 44749.275000000001455, 5942770.875 ], [ 44749.42500000000291, 5942770.875 ], [ 44749.42500000000291, 5942770.799999999813735 ], [ 44749.57499999999709, 5942770.799999999813735 ], [ 44749.57499999999709, 5942770.724999999627471 ], [ 44749.724999999998545, 5942770.724999999627471 ], [ 44749.724999999998545, 5942770.650000000372529 ], [ 44749.94999999999709, 5942770.650000000372529 ], [ 44749.94999999999709, 5942770.575000000186265 ], [ 44750.099999999998545, 5942770.575000000186265 ], [ 44750.099999999998545, 5942770.5 ], [ 44750.32499999999709, 5942770.5 ], [ 44750.32499999999709, 5942770.424999999813735 ], [ 44750.474999999998545, 5942770.424999999813735 ], [ 44750.474999999998545, 5942770.5 ], [ 44751.375, 5942770.5 ], [ 44751.375, 5942770.575000000186265 ], [ 44752.125, 5942770.575000000186265 ], [ 44752.125, 5942770.650000000372529 ], [ 44752.875, 5942770.650000000372529 ], [ 44752.875, 5942770.724999999627471 ], [ 44753.55000000000291, 5942770.724999999627471 ], [ 44753.55000000000291, 5942770.799999999813735 ], [ 44754.224999999998545, 5942770.799999999813735 ], [ 44754.224999999998545, 5942770.875 ], [ 44754.75, 5942770.875 ], [ 44754.75, 5942770.950000000186265 ], [ 44755.349999999998545, 5942770.950000000186265 ], [ 44755.349999999998545, 5942771.025000000372529 ], [ 44755.80000000000291, 5942771.025000000372529 ], [ 44755.80000000000291, 5942771.099999999627471 ], [ 44756.25, 5942771.099999999627471 ], [ 44756.25, 5942771.174999999813735 ], [ 44756.32499999999709, 5942771.174999999813735 ], [ 44756.32499999999709, 5942771.25 ], [ 44756.400000000001455, 5942771.25 ], [ 44756.400000000001455, 5942771.325000000186265 ], [ 44756.474999999998545, 5942771.325000000186265 ], [ 44756.474999999998545, 5942771.400000000372529 ], [ 44756.55000000000291, 5942771.400000000372529 ], [ 44756.55000000000291, 5942771.924999999813735 ], [ 44756.625, 5942771.924999999813735 ], [ 44756.625, 5942772.450000000186265 ], [ 44756.69999999999709, 5942772.450000000186265 ], [ 44756.69999999999709, 5942772.974999999627471 ], [ 44756.775000000001455, 5942772.974999999627471 ], [ 44756.775000000001455, 5942773.575000000186265 ], [ 44756.849999999998545, 5942773.575000000186265 ], [ 44756.849999999998545, 5942774.325000000186265 ], [ 44756.92500000000291, 5942774.325000000186265 ], [ 44756.92500000000291, 5942775.150000000372529 ], [ 44757.0, 5942775.150000000372529 ], [ 44757.0, 5942776.049999999813735 ], [ 44757.07499999999709, 5942776.049999999813735 ], [ 44757.07499999999709, 5942777.099999999627471 ], [ 44757.150000000001455, 5942777.099999999627471 ], [ 44757.150000000001455, 5942777.25 ], [ 44757.07499999999709, 5942777.25 ], [ 44757.07499999999709, 5942777.400000000372529 ], [ 44757.0, 5942777.400000000372529 ], [ 44757.0, 5942777.474999999627471 ], [ 44756.92500000000291, 5942777.474999999627471 ], [ 44756.92500000000291, 5942777.625 ], [ 44756.849999999998545, 5942777.625 ], [ 44756.849999999998545, 5942777.700000000186265 ], [ 44756.775000000001455, 5942777.700000000186265 ], [ 44756.775000000001455, 5942777.775000000372529 ], [ 44756.69999999999709, 5942777.775000000372529 ], [ 44756.69999999999709, 5942777.849999999627471 ], [ 44756.625, 5942777.849999999627471 ], [ 44756.625, 5942777.924999999813735 ], [ 44756.55000000000291, 5942777.924999999813735 ], [ 44756.55000000000291, 5942778.0 ], [ 44756.474999999998545, 5942778.0 ], [ 44756.474999999998545, 5942778.075000000186265 ], [ 44756.400000000001455, 5942778.075000000186265 ], [ 44756.400000000001455, 5942778.150000000372529 ], [ 44756.25, 5942778.150000000372529 ], [ 44756.25, 5942778.224999999627471 ], [ 44755.94999999999709, 5942778.224999999627471 ], [ 44755.94999999999709, 5942778.299999999813735 ], [ 44755.5, 5942778.299999999813735 ], [ 44755.5, 5942778.375 ], [ 44755.125, 5942778.375 ], [ 44755.125, 5942778.450000000186265 ], [ 44754.67500000000291, 5942778.450000000186265 ], [ 44754.67500000000291, 5942778.525000000372529 ], [ 44754.224999999998545, 5942778.525000000372529 ], [ 44754.224999999998545, 5942778.599999999627471 ], [ 44753.775000000001455, 5942778.599999999627471 ], [ 44753.775000000001455, 5942778.674999999813735 ], [ 44753.32499999999709, 5942778.674999999813735 ], [ 44753.32499999999709, 5942778.75 ], [ 44752.80000000000291, 5942778.75 ], [ 44752.80000000000291, 5942778.825000000186265 ], [ 44752.349999999998545, 5942778.825000000186265 ], [ 44752.349999999998545, 5942778.900000000372529 ], [ 44751.75, 5942778.900000000372529 ], [ 44751.75, 5942778.974999999627471 ], [ 44751.224999999998545, 5942778.974999999627471 ], [ 44751.224999999998545, 5942779.049999999813735 ], [ 44750.625, 5942779.049999999813735 ] ] ] } },
{ "type": "Feature", "properties": { "value": 1.0, "building_id": 2, "area": 50.338125000684805 }, "geometry": { "type": "Polygon", "coordinates": [ [ [ 44789.400000000001455, 5942725.650000000372529 ], [ 44789.400000000001455, 5942725.575000000186265 ], [ 44787.07499999999709, 5942725.575000000186265 ], [ 44787.07499999999709, 5942725.5 ], [ 44786.32499999999709, 5942725.5 ], [ 44786.32499999999709, 5942725.424999999813735 ], [ 44785.57499999999709, 5942725.424999999813735 ], [ 44785.57499999999709, 5942725.349999999627471 ], [ 44784.974999999998545, 5942725.349999999627471 ], [ 44784.974999999998545, 5942725.275000000372529 ], [ 44784.375, 5942725.275000000372529 ], [ 44784.375, 5942725.200000000186265 ], [ 44783.849999999998545, 5942725.200000000186265 ], [ 44783.849999999998545, 5942725.125 ], [ 44783.400000000001455, 5942725.125 ], [ 44783.400000000001455, 5942725.049999999813735 ], [ 44783.17500000000291, 5942725.049999999813735 ], [ 44783.17500000000291, 5942724.974999999627471 ], [ 44782.94999999999709, 5942724.974999999627471 ], [ 44782.94999999999709, 5942724.900000000372529 ], [ 44782.650000000001455, 5942724.900000000372529 ], [ 44782.650000000001455, 5942724.825000000186265 ], [ 44782.5, 5942724.825000000186265 ], [ 44782.5, 5942724.75 ], [ 44782.275000000001455, 5942724.75 ], [ 44782.275000000001455, 5942724.674999999813735 ], [ 44782.125, 5942724.674999999813735 ], [ 44782.125, 5942724.599999999627471 ], [ 44781.900000000001455, 5942724.599999999627471 ], [ 44781.900000000001455, 5942724.525000000372529 ], [ 44781.82499999999709, 5942724.525000000372529 ], [ 44781.82499999999709, 5942724.450000000186265 ], [ 44781.75, 5942724.450000000186265 ], [ 44781.75, 5942724.375 ], [ 44781.67500000000291, 5942724.375 ], [ 44781.67500000000291, 5942724.299999999813735 ], [ 44781.599999999998545, 5942724.299999999813735 ], [ 44781.599999999998545, 5942724.150000000372529 ], [ 44781.525000000001455, 5942724.150000000372529 ], [ 44781.525000000001455, 5942724.0 ], [ 44781.44999999999709, 5942724.0 ], [ 44781.44999999999709, 5942723.849999999627471 ], [ 44781.375, 5942723.849999999627471 ], [ 44781.375, 5942723.625 ], [ 44781.30000000000291, 5942723.625 ], [ 44781.30000000000291, 5942723.474999999627471 ], [ 44781.224999999998545, 5942723.474999999627471 ], [ 44781.224999999998545, 5942723.25 ], [ 44781.150000000001455, 5942723.25 ], [ 44781.150000000001455, 5942723.025000000372529 ], [ 44781.07499999999709, 5942723.025000000372529 ], [ 44781.07499999999709, 5942722.724999999627471 ], [ 44781.0, 5942722.724999999627471 ], [ 44781.0, 5942722.5 ], [ 44781.07499999999709, 5942722.5 ], [ 44781.07499999999709, 5942722.349999999627471 ], [ 44781.150000000001455, 5942722.349999999627471 ], [ 44781.150000000001455, 5942722.275000000372529 ], [ 44781.224999999998545, 5942722.275000000372529 ], [ 44781.224999999998545, 5942722.125 ], [ 44781.30000000000291, 5942722.125 ], [ 44781.30000000000291, 5942722.049999999813735 ], [ 44781.375, 5942722.049999999813735 ], [ 44781.375, 5942721.974999999627471 ], [ 44781.44999999999709, 5942721.974999999627471 ], [ 44781.44999999999709, 5942721.900000000372529 ], [ 44781.525000000001455, 5942721.900000000372529 ], [ 44781.525000000001455, 5942721.825000000186265 ], [ 44781.67500000000291, 5942721.825000000186265 ], [ 44781.67500000000291, 5942721.75 ], [ 44782.05000000000291, 5942721.75 ], [ 44782.05000000000291, 5942721.674999999813735 ], [ 44782.42500000000291, 5942721.674999999813735 ], [ 44782.42500000000291, 5942721.599999999627471 ], [ 44782.80000000000291, 5942721.599999999627471 ], [ 44782.80000000000291, 5942721.525000000372529 ], [ 44783.25, 5942721.525000000372529 ], [ 44783.25, 5942721.450000000186265 ], [ 44783.625, 5942721.450000000186265 ], [ 44783.625, 5942721.375 ], [ 44784.0, 5942721.375 ], [ 44784.0, 5942721.299999999813735 ], [ 44784.375, 5942721.299999999813735 ], [ 44784.375, 5942721.224999999627471 ], [ 44784.67500000000291, 5942721.224999999627471 ], [ 44784.67500000000291, 5942721.150000000372529 ], [ 44785.05000000000291, 5942721.150000000372529 ], [ 44785.05000000000291, 5942721.075000000186265 ], [ 44785.349999999998545, 5942721.075000000186265 ], [ 44785.349999999998545, 5942721.0 ], [ 44785.650000000001455, 5942721.0 ], [ 44785.650000000001455, 5942720.924999999813735 ], [ 44785.94999999999709, 5942720.924999999813735 ], [ 44785.94999999999709, 5942720.849999999627471 ], [ 44786.25, 5942720.849999999627471 ], [ 44786.25, 5942720.775000000372529 ], [ 44786.474999999998545, 5942720.775000000372529 ], [ 44786.474999999998545, 5942720.700000000186265 ], [ 44786.69999999999709, 5942720.700000000186265 ], [ 44786.69999999999709, 5942720.625 ], [ 44786.92500000000291, 5942720.625 ], [ 44786.92500000000291, 5942720.549999999813735 ], [ 44787.150000000001455, 5942720.549999999813735 ], [ 44787.150000000001455, 5942720.474999999627471 ], [ 44787.44999999999709, 5942720.474999999627471 ], [ 44787.44999999999709, 5942720.400000000372529 ], [ 44787.599999999998545, 5942720.400000000372529 ], [ 44787.599999999998545, 5942720.474999999627471 ], [ 44788.125, 5942720.474999999627471 ], [ 44788.125, 5942720.549999999813735 ], [ 44788.5, 5942720.549999999813735 ], [ 44788.5, 5942720.625 ], [ 44788.94999999999709, 5942720.625 ], [ 44788.94999999999709, 5942720.700000000186265 ], [ 44789.474999999998545, 5942720.700000000186265 ], [ 44789.474999999998545, 5942720.775000000372529 ], [ 44789.625, 5942720.775000000372529 ], [ 44789.625, 5942720.849999999627471 ], [ 44789.775000000001455, 5942720.849999999627471 ], [ 44789.775000000001455, 5942720.924999999813735 ], [ 44790.0, 5942720.924999999813735 ], [ 44790.0, 5942721.0 ], [ 44790.224999999998545, 5942721.0 ], [ 44790.224999999998545, 5942721.075000000186265 ], [ 44790.44999999999709, 5942721.075000000186265 ], [ 44790.44999999999709, 5942721.150000000372529 ], [ 44790.67500000000291, 5942721.150000000372529 ], [ 44790.67500000000291, 5942721.224999999627471 ], [ 44790.900000000001455, 5942721.224999999627471 ], [ 44790.900000000001455, 5942721.299999999813735 ], [ 44791.125, 5942721.299999999813735 ], [ 44791.125, 5942721.375 ], [ 44791.42500000000291, 5942721.375 ], [ 44791.42500000000291, 5942721.450000000186265 ], [ 44791.724999999998545, 5942721.450000000186265 ], [ 44791.724999999998545, 5942721.525000000372529 ], [ 44791.94999999999709, 5942721.525000000372529 ], [ 44791.94999999999709, 5942721.599999999627471 ], [ 44792.17500000000291, 5942721.599999999627471 ], [ 44792.17500000000291, 5942721.674999999813735 ], [ 44792.400000000001455, 5942721.674999999813735 ], [ 44792.400000000001455, 5942721.75 ], [ 44792.55000000000291, 5942721.75 ], [ 44792.55000000000291, 5942721.825000000186265 ], [ 44792.775000000001455, 5942721.825000000186265 ], [ 44792.775000000001455, 5942721.900000000372529 ], [ 44792.92500000000291, 5942721.900000000372529 ], [ 44792.92500000000291, 5942721.974999999627471 ], [ 44793.07499999999709, 5942721.974999999627471 ], [ 44793.07499999999709, 5942722.049999999813735 ], [ 44793.224999999998545, 5942722.049999999813735 ], [ 44793.224999999998545, 5942722.125 ], [ 44793.375, 5942722.125 ], [ 44793.375, 5942722.200000000186265 ], [ 44793.525000000001455, 5942722.200000000186265 ], [ 44793.525000000001455, 5942722.275000000372529 ], [ 44793.599999999998545, 5942722.275000000372529 ], [ 44793.599999999998545, 5942722.349999999627471 ], [ 44793.67500000000291, 5942722.349999999627471 ], [ 44793.67500000000291, 5942722.424999999813735 ], [ 44793.75, 5942722.424999999813735 ], [ 44793.75, 5942722.5 ], [ 44793.900000000001455, 5942722.5 ], [ 44793.900000000001455, 5942722.799999999813735 ], [ 44793.82499999999709, 5942722.799999999813735 ], [ 44793.82499999999709, 5942723.400000000372529 ], [ 44793.75, 5942723.400000000372529 ], [ 44793.75, 5942724.0 ], [ 44793.67500000000291, 5942724.0 ], [ 44793.67500000000291, 5942724.525000000372529 ], [ 44793.525000000001455, 5942724.525000000372529 ], [ 44793.525000000001455, 5942724.599999999627471 ], [ 44793.44999999999709, 5942724.599999999627471 ], [ 44793.44999999999709, 5942724.674999999813735 ], [ 44793.30000000000291, 5942724.674999999813735 ], [ 44793.30000000000291, 5942724.75 ], [ 44793.224999999998545, 5942724.75 ], [ 44793.224999999998545, 5942724.825000000186265 ], [ 44793.07499999999709, 5942724.825000000186265 ], [ 44793.07499999999709, 5942724.900000000372529 ], [ 44792.849999999998545, 5942724.900000000372529 ], [ 44792.849999999998545, 5942724.974999999627471 ], [ 44792.69999999999709, 5942724.974999999627471 ], [ 44792.69999999999709, 5942725.049999999813735 ], [ 44792.474999999998545, 5942725.049999999813735 ], [ 44792.474999999998545, 5942725.125 ], [ 44792.32499999999709, 5942725.125 ], [ 44792.32499999999709, 5942725.200000000186265 ], [ 44792.099999999998545, 5942725.200000000186265 ], [ 44792.099999999998545, 5942725.275000000372529 ], [ 44791.80000000000291, 5942725.275000000372529 ], [ 44791.80000000000291, 5942725.349999999627471 ], [ 44791.5, 5942725.349999999627471 ], [ 44791.5, 5942725.424999999813735 ], [ 44790.974999999998545, 5942725.424999999813735 ], [ 44790.974999999998545, 5942725.5 ], [ 44790.224999999998545, 5942725.5 ], [ 44790.224999999998545, 5942725.575000000186265 ], [ 44789.474999999998545, 5942725.575000000186265 ], [ 44789.474999999998545, 5942725.650000000372529 ], [ 44789.400000000001455, 5942725.650000000372529 ] ] ] } },
{ "type": "Feature", "properties": { "value": 1.0, "building_id": 3, "area": 66.673125000040741 }, "geometry": { "type": "Polygon", "coordinates": [ [ [ 44749.42500000000291, 5942725.799999999813735 ], [ 44749.42500000000291, 5942725.724999999627471 ], [ 44748.150000000001455, 5942725.724999999627471 ], [ 44748.150000000001455, 5942725.650000000372529 ], [ 44747.69999999999709, 5942725.650000000372529 ], [ 44747.69999999999709, 5942725.575000000186265 ], [ 44747.32499999999709, 5942725.575000000186265 ], [ 44747.32499999999709, 5942725.5 ], [ 44746.875, 5942725.5 ], [ 44746.875, 5942725.424999999813735 ], [ 44746.5, 5942725.424999999813735 ], [ 44746.5, 5942725.349999999627471 ], [ 44746.275000000001455, 5942725.349999999627471 ], [ 44746.275000000001455, 5942725.275000000372529 ], [ 44746.05000000000291, 5942725.275000000372529 ], [ 44746.05000000000291, 5942725.200000000186265 ], [ 44745.82499999999709, 5942725.200000000186265 ], [ 44745.82499999999709, 5942725.125 ], [ 44745.67500000000291, 5942725.125 ], [ 44745.67500000000291, 5942725.049999999813735 ], [ 44745.44999999999709, 5942725.049999999813735 ], [ 44745.44999999999709, 5942724.974999999627471 ], [ 44745.30000000000291, 5942724.974999999627471 ], [ 44745.30000000000291, 5942724.900000000372529 ], [ 44745.150000000001455, 5942724.900000000372529 ], [ 44745.150000000001455, 5942724.825000000186265 ], [ 44745.07499999999709, 5942724.825000000186265 ], [ 44745.07499999999709, 5942724.75 ], [ 44744.92500000000291, 5942724.75 ], [ 44744.92500000000291, 5942724.674999999813735 ], [ 44744.775000000001455, 5942724.674999999813735 ], [ 44744.775000000001455, 5942724.599999999627471 ], [ 44744.69999999999709, 5942724.599999999627471 ], [ 44744.69999999999709, 5942724.525000000372529 ], [ 44744.625, 5942724.525000000372529 ], [ 44744.625, 5942724.450000000186265 ], [ 44744.55000000000291, 5942724.450000000186265 ], [ 44744.55000000000291, 5942724.375 ], [ 44744.400000000001455, 5942724.375 ], [ 44744.400000000001455, 5942724.299999999813735 ], [ 44744.25, 5942724.299999999813735 ], [ 44744.25, 5942724.224999999627471 ], [ 44744.17500000000291, 5942724.224999999627471 ], [ 44744.17500000000291, 5942724.150000000372529 ], [ 44744.025000000001455, 5942724.150000000372529 ], [ 44744.025000000001455, 5942724.075000000186265 ], [ 44743.94999999999709, 5942724.075000000186265 ], [ 44743.94999999999709, 5942724.0 ], [ 44743.80000000000291, 5942724.0 ], [ 44743.80000000000291, 5942723.924999999813735 ], [ 44743.650000000001455, 5942723.924999999813735 ], [ 44743.650000000001455, 5942723.849999999627471 ], [ 44743.5, 5942723.849999999627471 ], [ 44743.5, 5942723.775000000372529 ], [ 44743.349999999998545, 5942723.775000000372529 ], [ 44743.349999999998545, 5942723.700000000186265 ], [ 44743.19999999999709, 5942723.700000000186265 ], [ 44743.19999999999709, 5942723.625 ], [ 44743.05000000000291, 5942723.625 ], [ 44743.05000000000291, 5942723.549999999813735 ], [ 44742.900000000001455, 5942723.549999999813735 ], [ 44742.900000000001455, 5942723.474999999627471 ], [ 44742.67500000000291, 5942723.474999999627471 ], [ 44742.67500000000291, 5942723.400000000372529 ], [ 44742.525000000001455, 5942723.400000000372529 ], [ 44742.525000000001455, 5942723.325000000186265 ], [ 44742.44999999999709, 5942723.325000000186265 ], [ 44742.44999999999709, 5942723.25 ], [ 44742.30000000000291, 5942723.25 ], [ 44742.30000000000291, 5942723.174999999813735 ], [ 44742.224999999998545, 5942723.174999999813735 ], [ 44742.224999999998545, 5942723.099999999627471 ], [ 44742.150000000001455, 5942723.099999999627471 ], [ 44742.150000000001455, 5942723.025000000372529 ], [ 44742.0, 5942723.025000000372529 ], [ 44742.0, 5942722.950000000186265 ], [ 44741.92500000000291, 5942722.950000000186265 ], [ 44741.92500000000291, 5942722.875 ], [ 44741.849999999998545, 5942722.875 ], [ 44741.849999999998545, 5942722.799999999813735 ], [ 44741.775000000001455, 5942722.799999999813735 ], [ 44741.775000000001455, 5942722.724999999627471 ], [ 44741.69999999999709, 5942722.724999999627471 ], [ 44741.69999999999709, 5942722.650000000372529 ], [ 44741.625, 5942722.650000000372529 ], [ 44741.625, 5942722.275000000372529 ], [ 44741.69999999999709, 5942722.275000000372529 ], [ 44741.69999999999709, 5942721.900000000372529 ], [ 44741.775000000001455, 5942721.900000000372529 ], [ 44741.775000000001455, 5942721.599999999627471 ], [ 44741.849999999998545, 5942721.599999999627471 ], [ 44741.849999999998545, 5942721.375 ], [ 44741.92500000000291, 5942721.375 ], [ 44741.92500000000291, 5942721.150000000372529 ], [ 44742.0, 5942721.150000000372529 ], [ 44742.0, 5942720.924999999813735 ], [ 44742.07499999999709, 5942720.924999999813735 ], [ 44742.07499999999709, 5942720.700000000186265 ], [ 44742.150000000001455, 5942720.700000000186265 ], [ 44742.150000000001455, 5942720.474999999627471 ], [ 44742.224999999998545, 5942720.474999999627471 ], [ 44742.224999999998545, 5942720.325000000186265 ], [ 44742.30000000000291, 5942720.325000000186265 ], [ 44742.30000000000291, 5942720.174999999813735 ], [ 44742.375, 5942720.174999999813735 ], [ 44742.375, 5942720.099999999627471 ], [ 44742.44999999999709, 5942720.099999999627471 ], [ 44742.44999999999709, 5942719.950000000186265 ], [ 44742.525000000001455, 5942719.950000000186265 ], [ 44742.525000000001455, 5942719.799999999813735 ], [ 44742.599999999998545, 5942719.799999999813735 ], [ 44742.599999999998545, 5942719.875 ], [ 44742.67500000000291, 5942719.875 ], [ 44742.67500000000291, 5942719.950000000186265 ], [ 44742.75, 5942719.950000000186265 ], [ 44742.75, 5942720.025000000372529 ], [ 44742.900000000001455, 5942720.025000000372529 ], [ 44742.900000000001455, 5942720.099999999627471 ], [ 44742.974999999998545, 5942720.099999999627471 ], [ 44742.974999999998545, 5942720.174999999813735 ], [ 44743.125, 5942720.174999999813735 ], [ 44743.125, 5942720.25 ], [ 44743.19999999999709, 5942720.25 ], [ 44743.19999999999709, 5942720.325000000186265 ], [ 44743.42500000000291, 5942720.325000000186265 ], [ 44743.42500000000291, 5942720.400000000372529 ], [ 44743.57499999999709, 5942720.400000000372529 ], [ 44743.57499999999709, 5942720.474999999627471 ], [ 44743.80000000000291, 5942720.474999999627471 ], [ 44743.80000000000291, 5942720.549999999813735 ], [ 44744.025000000001455, 5942720.549999999813735 ], [ 44744.025000000001455, 5942720.625 ], [ 44744.32499999999709, 5942720.625 ], [ 44744.32499999999709, 5942720.700000000186265 ], [ 44744.775000000001455, 5942720.700000000186265 ], [ 44744.775000000001455, 5942720.775000000372529 ], [ 44745.375, 5942720.775000000372529 ], [ 44745.375, 5942720.849999999627471 ], [ 44746.125, 5942720.849999999627471 ], [ 44746.125, 5942720.924999999813735 ], [ 44747.400000000001455, 5942720.924999999813735 ], [ 44747.400000000001455, 5942721.0 ], [ 44753.25, 5942721.0 ], [ 44753.25, 5942720.924999999813735 ], [ 44754.900000000001455, 5942720.924999999813735 ], [ 44754.900000000001455, 5942720.849999999627471 ], [ 44755.94999999999709, 5942720.849999999627471 ], [ 44755.94999999999709, 5942720.775000000372529 ], [ 44756.25, 5942720.775000000372529 ], [ 44756.25, 5942720.849999999627471 ], [ 44756.32499999999709, 5942720.849999999627471 ], [ 44756.32499999999709, 5942720.924999999813735 ], [ 44756.474999999998545, 5942720.924999999813735 ], [ 44756.474999999998545, 5942721.0 ], [ 44756.55000000000291, 5942721.0 ], [ 44756.55000000000291, 5942721.075000000186265 ], [ 44756.625, 5942721.075000000186265 ], [ 44756.625, 5942721.150000000372529 ], [ 44756.69999999999709, 5942721.150000000372529 ], [ 44756.69999999999709, 5942721.224999999627471 ], [ 44756.775000000001455, 5942721.224999999627471 ], [ 44756.775000000001455, 5942721.375 ], [ 44756.849999999998545, 5942721.375 ], [ 44756.849999999998545, 5942721.450000000186265 ], [ 44756.92500000000291, 5942721.450000000186265 ], [ 44756.92500000000291, 5942721.525000000372529 ], [ 44757.0, 5942721.525000000372529 ], [ 44757.0, 5942721.599999999627471 ], [ 44757.07499999999709, 5942721.599999999627471 ], [ 44757.07499999999709, 5942721.674999999813735 ], [ 44757.150000000001455, 5942721.674999999813735 ], [ 44757.150000000001455, 5942721.825000000186265 ], [ 44757.224999999998545, 5942721.825000000186265 ], [ 44757.224999999998545, 5942721.900000000372529 ], [ 44757.30000000000291, 5942721.900000000372529 ], [ 44757.30000000000291, 5942722.049999999813735 ], [ 44757.375, 5942722.049999999813735 ], [ 44757.375, 5942722.125 ], [ 44757.44999999999709, 5942722.125 ], [ 44757.44999999999709, 5942722.275000000372529 ], [ 44757.525000000001455, 5942722.275000000372529 ], [ 44757.525000000001455, 5942722.424999999813735 ], [ 44757.599999999998545, 5942722.424999999813735 ], [ 44757.599999999998545, 5942722.950000000186265 ], [ 44757.525000000001455, 5942722.950000000186265 ], [ 44757.525000000001455, 5942723.25 ], [ 44757.44999999999709, 5942723.25 ], [ 44757.44999999999709, 5942723.625 ], [ 44757.375, 5942723.625 ], [ 44757.375, 5942724.0 ], [ 44757.30000000000291, 5942724.0 ], [ 44757.30000000000291, 5942724.375 ], [ 44757.224999999998545, 5942724.375 ], [ 44757.224999999998545, 5942724.525000000372529 ], [ 44757.150000000001455, 5942724.525000000372529 ], [ 44757.150000000001455, 5942724.674999999813735 ], [ 44757.07499999999709, 5942724.674999999813735 ], [ 44757.07499999999709, 5942724.75 ], [ 44757.0, 5942724.75 ], [ 44757.0, 5942724.825000000186265 ], [ 44756.92500000000291, 5942724.825000000186265 ], [ 44756.92500000000291, 5942724.900000000372529 ], [ 44756.849999999998545, 5942724.900000000372529 ], [ 44756.849999999998545, 5942724.974999999627471 ], [ 44756.69999999999709, 5942724.974999999627471 ], [ 44756.69999999999709, 5942725.049999999813735 ], [ 44756.625, 5942725.049999999813735 ], [ 44756.625, 5942725.125 ], [ 44756.474999999998545, 5942725.125 ], [ 44756.474999999998545, 5942725.200000000186265 ], [ 44756.400000000001455, 5942725.200000000186265 ], [ 44756.400000000001455, 5942725.275000000372529 ], [ 44756.25, 5942725.275000000372529 ], [ 44756.25, 5942725.349999999627471 ], [ 44755.57499999999709, 5942725.349999999627471 ], [ 44755.57499999999709, 5942725.424999999813735 ], [ 44754.82499999999709, 5942725.424999999813735 ], [ 44754.82499999999709, 5942725.5 ], [ 44754.07499999999709, 5942725.5 ], [ 44754.07499999999709, 5942725.575000000186265 ], [ 44753.099999999998545, 5942725.575000000186265 ], [ 44753.099999999998545, 5942725.650000000372529 ], [ 44752.05000000000291, 5942725.650000000372529 ], [ 44752.05000000000291, 5942725.724999999627471 ], [ 44750.92500000000291, 5942725.724999999627471 ], [ 44750.92500000000291, 5942725.799999999813735 ], [ 44749.42500000000291, 5942725.799999999813735 ] ] ] } },
{ "type": "Feature", "properties": { "value": 1.0, "building_id": 4, "area": 64.906874999698118 }, "geometry": { "type": "Polygon", "coordinates": [ [ [ 45086.25, 5942296.575000000186265 ], [ 45086.25, 5942296.5 ], [ 45085.875, 5942296.5 ], [ 45085.875, 5942296.424999999813735 ], [ 45085.5, 5942296.424999999813735 ], [ 45085.5, 5942296.349999999627471 ], [ 45085.125, 5942296.349999999627471 ], [ 45085.125, 5942296.275000000372529 ], [ 45084.75, 5942296.275000000372529 ], [ 45084.75, 5942296.200000000186265 ], [ 45084.44999999999709, 5942296.200000000186265 ], [ 45084.44999999999709, 5942296.125 ], [ 45084.30000000000291, 5942296.125 ], [ 45084.30000000000291, 5942295.974999999627471 ], [ 45084.224999999998545, 5942295.974999999627471 ], [ 45084.224999999998545, 5942295.825000000186265 ], [ 45084.150000000001455, 5942295.825000000186265 ], [ 45084.150000000001455, 5942295.674999999813735 ], [ 45084.07499999999709, 5942295.674999999813735 ], [ 45084.07499999999709, 5942295.450000000186265 ], [ 45084.0, 5942295.450000000186265 ], [ 45084.0, 5942295.299999999813735 ], [ 45083.92500000000291, 5942295.299999999813735 ], [ 45083.92500000000291, 5942295.075000000186265 ], [ 45083.849999999998545, 5942295.075000000186265 ], [ 45083.849999999998545, 5942294.924999999813735 ], [ 45083.775000000001455, 5942294.924999999813735 ], [ 45083.775000000001455, 5942294.400000000372529 ], [ 45083.69999999999709, 5942294.400000000372529 ], [ 45083.69999999999709, 5942293.799999999813735 ], [ 45083.625, 5942293.799999999813735 ], [ 45083.625, 5942293.125 ], [ 45083.55000000000291, 5942293.125 ], [ 45083.55000000000291, 5942289.974999999627471 ], [ 45083.474999999998545, 5942289.974999999627471 ], [ 45083.474999999998545, 5942286.75 ], [ 45083.55000000000291, 5942286.75 ], [ 45083.55000000000291, 5942286.450000000186265 ], [ 45083.625, 5942286.450000000186265 ], [ 45083.625, 5942286.075000000186265 ], [ 45083.69999999999709, 5942286.075000000186265 ], [ 45083.69999999999709, 5942285.775000000372529 ], [ 45083.775000000001455, 5942285.775000000372529 ], [ 45083.775000000001455, 5942285.474999999627471 ], [ 45083.849999999998545, 5942285.474999999627471 ], [ 45083.849999999998545, 5942285.174999999813735 ], [ 45083.92500000000291, 5942285.174999999813735 ], [ 45083.92500000000291, 5942285.025000000372529 ], [ 45084.0, 5942285.025000000372529 ], [ 45084.0, 5942284.950000000186265 ], [ 45084.07499999999709, 5942284.950000000186265 ], [ 45084.07499999999709, 5942284.875 ], [ 45084.150000000001455, 5942284.875 ], [ 45084.150000000001455, 5942284.799999999813735 ], [ 45084.224999999998545, 5942284.799999999813735 ], [ 45084.224999999998545, 5942284.724999999627471 ], [ 45084.30000000000291, 5942284.724999999627471 ], [ 45084.30000000000291, 5942284.650000000372529 ], [ 45084.375, 5942284.650000000372529 ], [ 45084.375, 5942284.575000000186265 ], [ 45084.75, 5942284.575000000186265 ], [ 45084.75, 5942284.5 ], [ 45085.05000000000291, 5942284.5 ], [ 45085.05000000000291, 5942284.424999999813735 ], [ 45085.5, 5942284.424999999813735 ], [ 45085.5, 5942284.349999999627471 ], [ 45085.875, 5942284.349999999627471 ], [ 45085.875, 5942284.275000000372529 ], [ 45086.625, 5942284.275000000372529 ], [ 45086.625, 5942284.349999999627471 ], [ 45086.849999999998545, 5942284.349999999627471 ], [ 45086.849999999998545, 5942284.424999999813735 ], [ 45087.07499999999709, 5942284.424999999813735 ], [ 45087.07499999999709, 5942284.5 ], [ 45087.30000000000291, 5942284.5 ], [ 45087.30000000000291, 5942284.575000000186265 ], [ 45087.525000000001455, 5942284.575000000186265 ], [ 45087.525000000001455, 5942284.650000000372529 ], [ 45087.67500000000291, 5942284.650000000372529 ], [ 45087.67500000000291, 5942284.724999999627471 ], [ 45087.900000000001455, 5942284.724999999627471 ], [ 45087.900000000001455, 5942284.799999999813735 ], [ 45088.05000000000291, 5942284.799999999813735 ], [ 45088.05000000000291, 5942284.875 ], [ 45088.19999999999709, 5942284.875 ], [ 45088.19999999999709, 5942284.950000000186265 ], [ 45088.349999999998545, 5942284.950000000186265 ], [ 45088.349999999998545, 5942285.025000000372529 ], [ 45088.42500000000291, 5942285.025000000372529 ], [ 45088.42500000000291, 5942285.099999999627471 ], [ 45088.5, 5942285.099999999627471 ], [ 45088.5, 5942285.174999999813735 ], [ 45088.57499999999709, 5942285.174999999813735 ], [ 45088.57499999999709, 5942285.325000000186265 ], [ 45088.650000000001455, 5942285.325000000186265 ], [ 45088.650000000001455, 5942285.400000000372529 ], [ 45088.724999999998545, 5942285.400000000372529 ], [ 45088.724999999998545, 5942285.549999999813735 ], [ 45088.80000000000291, 5942285.549999999813735 ], [ 45088.80000000000291, 5942285.700000000186265 ], [ 45088.875, 5942285.700000000186265 ], [ 45088.875, 5942285.775000000372529 ], [ 45088.94999999999709, 5942285.775000000372529 ], [ 45088.94999999999709, 5942285.924999999813735 ], [ 45089.025000000001455, 5942285.924999999813735 ], [ 45089.025000000001455, 5942286.0 ], [ 45089.099999999998545, 5942286.0 ], [ 45089.099999999998545, 5942286.150000000372529 ], [ 45089.17500000000291, 5942286.150000000372529 ], [ 45089.17500000000291, 5942286.299999999813735 ], [ 45089.25, 5942286.299999999813735 ], [ 45089.25, 5942286.375 ], [ 45089.32499999999709, 5942286.375 ], [ 45089.32499999999709, 5942286.525000000372529 ], [ 45089.400000000001455, 5942286.525000000372529 ], [ 45089.400000000001455, 5942286.674999999813735 ], [ 45089.474999999998545, 5942286.674999999813735 ], [ 45089.474999999998545, 5942286.75 ], [ 45089.55000000000291, 5942286.75 ], [ 45089.55000000000291, 5942286.900000000372529 ], [ 45089.625, 5942286.900000000372529 ], [ 45089.625, 5942287.950000000186265 ], [ 45089.69999999999709, 5942287.950000000186265 ], [ 45089.69999999999709, 5942290.275000000372529 ], [ 45089.775000000001455, 5942290.275000000372529 ], [ 45089.775000000001455, 5942292.224999999627471 ], [ 45089.849999999998545, 5942292.224999999627471 ], [ 45089.849999999998545, 5942292.900000000372529 ], [ 45089.775000000001455, 5942292.900000000372529 ], [ 45089.775000000001455, 5942292.974999999627471 ], [ 45089.69999999999709, 5942292.974999999627471 ], [ 45089.69999999999709, 5942293.125 ], [ 45089.625, 5942293.125 ], [ 45089.625, 5942293.200000000186265 ], [ 45089.55000000000291, 5942293.200000000186265 ], [ 45089.55000000000291, 5942293.275000000372529 ], [ 45089.474999999998545, 5942293.275000000372529 ], [ 45089.474999999998545, 5942293.349999999627471 ], [ 45089.400000000001455, 5942293.349999999627471 ], [ 45089.400000000001455, 5942293.5 ], [ 45089.32499999999709, 5942293.5 ], [ 45089.32499999999709, 5942293.575000000186265 ], [ 45089.25, 5942293.575000000186265 ], [ 45089.25, 5942293.650000000372529 ], [ 45089.17500000000291, 5942293.650000000372529 ], [ 45089.17500000000291, 5942293.799999999813735 ], [ 45089.099999999998545, 5942293.799999999813735 ], [ 45089.099999999998545, 5942293.875 ], [ 45089.025000000001455, 5942293.875 ], [ 45089.025000000001455, 5942293.950000000186265 ], [ 45088.94999999999709, 5942293.950000000186265 ], [ 45088.94999999999709, 5942294.099999999627471 ], [ 45088.875, 5942294.099999999627471 ], [ 45088.875, 5942294.174999999813735 ], [ 45088.80000000000291, 5942294.174999999813735 ], [ 45088.80000000000291, 5942294.25 ], [ 45088.724999999998545, 5942294.25 ], [ 45088.724999999998545, 5942294.400000000372529 ], [ 45088.650000000001455, 5942294.400000000372529 ], [ 45088.650000000001455, 5942294.474999999627471 ], [ 45088.57499999999709, 5942294.474999999627471 ], [ 45088.57499999999709, 5942294.625 ], [ 45088.5, 5942294.625 ], [ 45088.5, 5942294.700000000186265 ], [ 45088.42500000000291, 5942294.700000000186265 ], [ 45088.42500000000291, 5942294.849999999627471 ], [ 45088.275000000001455, 5942294.849999999627471 ], [ 45088.275000000001455, 5942294.924999999813735 ], [ 45088.19999999999709, 5942294.924999999813735 ], [ 45088.19999999999709, 5942295.0 ], [ 45088.05000000000291, 5942295.0 ], [ 45088.05000000000291, 5942295.075000000186265 ], [ 45087.974999999998545, 5942295.075000000186265 ], [ 45087.974999999998545, 5942295.150000000372529 ], [ 45087.900000000001455, 5942295.150000000372529 ], [ 45087.900000000001455, 5942295.224999999627471 ], [ 45087.75, 5942295.224999999627471 ], [ 45087.75, 5942295.299999999813735 ], [ 45087.67500000000291, 5942295.299999999813735 ], [ 45087.67500000000291, 5942295.375 ], [ 45087.525000000001455, 5942295.375 ], [ 45087.525000000001455, 5942295.450000000186265 ], [ 45087.44999999999709, 5942295.450000000186265 ], [ 45087.44999999999709, 5942295.525000000372529 ], [ 45087.375, 5942295.525000000372529 ], [ 45087.375, 5942295.599999999627471 ], [ 45087.30000000000291, 5942295.599999999627471 ], [ 45087.30000000000291, 5942295.674999999813735 ], [ 45087.150000000001455, 5942295.674999999813735 ], [ 45087.150000000001455, 5942295.75 ], [ 45087.07499999999709, 5942295.75 ], [ 45087.07499999999709, 5942295.825000000186265 ], [ 45087.0, 5942295.825000000186265 ], [ 45087.0, 5942295.900000000372529 ], [ 45086.92500000000291, 5942295.900000000372529 ], [ 45086.92500000000291, 5942295.974999999627471 ], [ 45086.849999999998545, 5942295.974999999627471 ], [ 45086.849999999998545, 5942296.049999999813735 ], [ 45086.775000000001455, 5942296.049999999813735 ], [ 45086.775000000001455, 5942296.125 ], [ 45086.69999999999709, 5942296.125 ], [ 45086.69999999999709, 5942296.200000000186265 ], [ 45086.625, 5942296.200000000186265 ], [ 45086.625, 5942296.275000000372529 ], [ 45086.55000000000291, 5942296.275000000372529 ], [ 45086.55000000000291, 5942296.349999999627471 ], [ 45086.474999999998545, 5942296.349999999627471 ], [ 45086.474999999998545, 5942296.424999999813735 ], [ 45086.400000000001455, 5942296.424999999813735 ], [ 45086.400000000001455, 5942296.5 ], [ 45086.32499999999709, 5942296.5 ], [ 45086.32499999999709, 5942296.575000000186265 ], [ 45086.25, 5942296.575000000186265 ] ] ] } },
{ "type": "Feature", "properties": { "value": 1.0, "building_id": 5, "area": 270.28687500057083 }, "geometry": { "type": "Polygon", "coordinates": [ [ [ 45062.69999999999709, 5942211.900000000372529 ], [ 45062.69999999999709, 5942211.825000000186265 ], [ 45061.80000000000291, 5942211.825000000186265 ], [ 45061.80000000000291, 5942211.75 ], [ 45061.05000000000291, 5942211.75 ], [ 45061.05000000000291, 5942211.674999999813735 ], [ 45060.82499999999709, 5942211.674999999813735 ], [ 45060.82499999999709, 5942211.599999999627471 ], [ 45060.67500000000291, 5942211.599999999627471 ], [ 45060.67500000000291, 5942211.525000000372529 ], [ 45060.525000000001455, 5942211.525000000372529 ], [ 45060.525000000001455, 5942211.450000000186265 ], [ 45060.44999999999709, 5942211.450000000186265 ], [ 45060.44999999999709, 5942211.375 ], [ 45060.30000000000291, 5942211.375 ], [ 45060.30000000000291, 5942211.299999999813735 ], [ 45060.224999999998545, 5942211.299999999813735 ], [ 45060.224999999998545, 5942211.224999999627471 ], [ 45060.150000000001455, 5942211.224999999627471 ], [ 45060.150000000001455, 5942211.150000000372529 ], [ 45060.07499999999709, 5942211.150000000372529 ], [ 45060.07499999999709, 5942211.0 ], [ 45060.0, 5942211.0 ], [ 45060.0, 5942210.775000000372529 ], [ 45059.92500000000291, 5942210.775000000372529 ], [ 45059.92500000000291, 5942210.700000000186265 ], [ 45059.849999999998545, 5942210.700000000186265 ], [ 45059.849999999998545, 5942210.549999999813735 ], [ 45059.775000000001455, 5942210.549999999813735 ], [ 45059.775000000001455, 5942210.400000000372529 ], [ 45059.69999999999709, 5942210.400000000372529 ], [ 45059.69999999999709, 5942210.25 ], [ 45059.625, 5942210.25 ], [ 45059.625, 5942210.099999999627471 ], [ 45059.55000000000291, 5942210.099999999627471 ], [ 45059.55000000000291, 5942209.950000000186265 ], [ 45059.474999999998545, 5942209.950000000186265 ], [ 45059.474999999998545, 5942209.724999999627471 ], [ 45059.400000000001455, 5942209.724999999627471 ], [ 45059.400000000001455, 5942209.5 ], [ 45059.32499999999709, 5942209.5 ], [ 45059.32499999999709, 5942209.275000000372529 ], [ 45059.25, 5942209.275000000372529 ], [ 45059.25, 5942209.049999999813735 ], [ 45059.17500000000291, 5942209.049999999813735 ], [ 45059.17500000000291, 5942208.825000000186265 ], [ 45059.099999999998545, 5942208.825000000186265 ], [ 45059.099999999998545, 5942208.450000000186265 ], [ 45059.025000000001455, 5942208.450000000186265 ], [ 45059.025000000001455, 5942208.150000000372529 ], [ 45058.94999999999709, 5942208.150000000372529 ], [ 45058.94999999999709, 5942207.849999999627471 ], [ 45058.875, 5942207.849999999627471 ], [ 45058.875, 5942207.549999999813735 ], [ 45058.80000000000291, 5942207.549999999813735 ], [ 45058.80000000000291, 5942207.174999999813735 ], [ 45058.724999999998545, 5942207.174999999813735 ], [ 45058.724999999998545, 5942206.5 ], [ 45058.650000000001455, 5942206.5 ], [ 45058.650000000001455, 5942205.299999999813735 ], [ 45058.57499999999709, 5942205.299999999813735 ], [ 45058.57499999999709, 5942204.174999999813735 ], [ 45058.5, 5942204.174999999813735 ], [ 45058.5, 5942203.049999999813735 ], [ 45058.42500000000291, 5942203.049999999813735 ], [ 45058.42500000000291, 5942201.849999999627471 ], [ 45058.349999999998545, 5942201.849999999627471 ], [ 45058.349999999998545, 5942200.950000000186265 ], [ 45058.275000000001455, 5942200.950000000186265 ], [ 45058.275000000001455, 5942200.5 ], [ 45058.19999999999709, 5942200.5 ], [ 45058.19999999999709, 5942200.049999999813735 ], [ 45058.125, 5942200.049999999813735 ], [ 45058.125, 5942199.599999999627471 ], [ 45058.05000000000291, 5942199.599999999627471 ], [ 45058.05000000000291, 5942199.075000000186265 ], [ 45057.974999999998545, 5942199.075000000186265 ], [ 45057.974999999998545, 5942198.700000000186265 ], [ 45057.900000000001455, 5942198.700000000186265 ], [ 45057.900000000001455, 5942198.325000000186265 ], [ 45057.82499999999709, 5942198.325000000186265 ], [ 45057.82499999999709, 5942197.950000000186265 ], [ 45057.75, 5942197.950000000186265 ], [ 45057.75, 5942197.575000000186265 ], [ 45057.67500000000291, 5942197.575000000186265 ], [ 45057.67500000000291, 5942197.125 ], [ 45057.599999999998545, 5942197.125 ], [ 45057.599999999998545, 5942196.75 ], [ 45057.525000000001455, 5942196.75 ], [ 45057.525000000001455, 5942196.299999999813735 ], [ 45057.44999999999709, 5942196.299999999813735 ], [ 45057.44999999999709, 5942195.924999999813735 ], [ 45057.375, 5942195.924999999813735 ], [ 45057.375, 5942195.549999999813735 ], [ 45057.30000000000291, 5942195.549999999813735 ], [ 45057.30000000000291, 5942195.25 ], [ 45057.224999999998545, 5942195.25 ], [ 45057.224999999998545, 5942194.875 ], [ 45057.150000000001455, 5942194.875 ], [ 45057.150000000001455, 5942194.5 ], [ 45057.07499999999709, 5942194.5 ], [ 45057.07499999999709, 5942194.125 ], [ 45057.0, 5942194.125 ], [ 45057.0, 5942193.75 ], [ 45056.92500000000291, 5942193.75 ], [ 45056.92500000000291, 5942193.375 ], [ 45056.849999999998545, 5942193.375 ], [ 45056.849999999998545, 5942193.0 ], [ 45056.92500000000291, 5942193.0 ], [ 45056.92500000000291, 5942191.875 ], [ 45057.0, 5942191.875 ], [ 45057.0, 5942191.200000000186265 ], [ 45057.07499999999709, 5942191.200000000186265 ], [ 45057.07499999999709, 5942191.049999999813735 ], [ 45057.150000000001455, 5942191.049999999813735 ], [ 45057.150000000001455, 5942190.900000000372529 ], [ 45057.224999999998545, 5942190.900000000372529 ], [ 45057.224999999998545, 5942190.674999999813735 ], [ 45057.30000000000291, 5942190.674999999813735 ], [ 45057.30000000000291, 5942190.525000000372529 ], [ 45057.375, 5942190.525000000372529 ], [ 45057.375, 5942190.299999999813735 ], [ 45057.44999999999709, 5942190.299999999813735 ], [ 45057.44999999999709, 5942190.150000000372529 ], [ 45057.525000000001455, 5942190.150000000372529 ], [ 45057.525000000001455, 5942189.924999999813735 ], [ 45057.599999999998545, 5942189.924999999813735 ], [ 45057.599999999998545, 5942189.700000000186265 ], [ 45057.67500000000291, 5942189.700000000186265 ], [ 45057.67500000000291, 5942189.549999999813735 ], [ 45057.75, 5942189.549999999813735 ], [ 45057.75, 5942189.325000000186265 ], [ 45057.82499999999709, 5942189.325000000186265 ], [ 45057.82499999999709, 5942189.174999999813735 ], [ 45057.900000000001455, 5942189.174999999813735 ], [ 45057.900000000001455, 5942189.025000000372529 ], [ 45057.974999999998545, 5942189.025000000372529 ], [ 45057.974999999998545, 5942188.875 ], [ 45058.05000000000291, 5942188.875 ], [ 45058.05000000000291, 5942188.724999999627471 ], [ 45058.125, 5942188.724999999627471 ], [ 45058.125, 5942188.575000000186265 ], [ 45058.19999999999709, 5942188.575000000186265 ], [ 45058.19999999999709, 5942188.5 ], [ 45058.275000000001455, 5942188.5 ], [ 45058.275000000001455, 5942188.424999999813735 ], [ 45058.349999999998545, 5942188.424999999813735 ], [ 45058.349999999998545, 5942188.275000000372529 ], [ 45058.42500000000291, 5942188.275000000372529 ], [ 45058.42500000000291, 5942188.200000000186265 ], [ 45058.5, 5942188.200000000186265 ], [ 45058.5, 5942188.125 ], [ 45058.57499999999709, 5942188.125 ], [ 45058.57499999999709, 5942188.049999999813735 ], [ 45058.650000000001455, 5942188.049999999813735 ], [ 45058.650000000001455, 5942187.974999999627471 ], [ 45058.724999999998545, 5942187.974999999627471 ], [ 45058.724999999998545, 5942187.900000000372529 ], [ 45058.80000000000291, 5942187.900000000372529 ], [ 45058.80000000000291, 5942187.825000000186265 ], [ 45058.875, 5942187.825000000186265 ], [ 45058.875, 5942187.75 ], [ 45058.94999999999709, 5942187.75 ], [ 45058.94999999999709, 5942187.674999999813735 ], [ 45059.025000000001455, 5942187.674999999813735 ], [ 45059.025000000001455, 5942187.599999999627471 ], [ 45059.099999999998545, 5942187.599999999627471 ], [ 45059.099999999998545, 5942187.525000000372529 ], [ 45059.25, 5942187.525000000372529 ], [ 45059.25, 5942187.450000000186265 ], [ 45059.625, 5942187.450000000186265 ], [ 45059.625, 5942187.375 ], [ 45060.07499999999709, 5942187.375 ], [ 45060.07499999999709, 5942187.299999999813735 ], [ 45060.67500000000291, 5942187.299999999813735 ], [ 45060.67500000000291, 5942187.224999999627471 ], [ 45061.125, 5942187.224999999627471 ], [ 45061.125, 5942187.299999999813735 ], [ 45061.650000000001455, 5942187.299999999813735 ], [ 45061.650000000001455, 5942187.375 ], [ 45062.17500000000291, 5942187.375 ], [ 45062.17500000000291, 5942187.450000000186265 ], [ 45062.775000000001455, 5942187.450000000186265 ], [ 45062.775000000001455, 5942187.525000000372529 ], [ 45063.07499999999709, 5942187.525000000372529 ], [ 45063.07499999999709, 5942187.599999999627471 ], [ 45063.30000000000291, 5942187.599999999627471 ], [ 45063.30000000000291, 5942187.674999999813735 ], [ 45063.525000000001455, 5942187.674999999813735 ], [ 45063.525000000001455, 5942187.75 ], [ 45063.75, 5942187.75 ], [ 45063.75, 5942187.825000000186265 ], [ 45063.974999999998545, 5942187.825000000186265 ], [ 45063.974999999998545, 5942187.900000000372529 ], [ 45064.275000000001455, 5942187.900000000372529 ], [ 45064.275000000001455, 5942187.974999999627471 ], [ 45064.57499999999709, 5942187.974999999627471 ], [ 45064.57499999999709, 5942188.049999999813735 ], [ 45064.80000000000291, 5942188.049999999813735 ], [ 45064.80000000000291, 5942188.125 ], [ 45065.17500000000291, 5942188.125 ], [ 45065.17500000000291, 5942188.200000000186265 ], [ 45065.474999999998545, 5942188.200000000186265 ], [ 45065.474999999998545, 5942188.275000000372529 ], [ 45065.69999999999709, 5942188.275000000372529 ], [ 45065.69999999999709, 5942188.349999999627471 ], [ 45066.0, 5942188.349999999627471 ], [ 45066.0, 5942188.424999999813735 ], [ 45066.30000000000291, 5942188.424999999813735 ], [ 45066.30000000000291, 5942188.5 ], [ 45066.525000000001455, 5942188.5 ], [ 45066.525000000001455, 5942188.575000000186265 ], [ 45066.82499999999709, 5942188.575000000186265 ], [ 45066.82499999999709, 5942188.650000000372529 ], [ 45066.974999999998545, 5942188.650000000372529 ], [ 45066.974999999998545, 5942188.724999999627471 ], [ 45067.19999999999709, 5942188.724999999627471 ], [ 45067.19999999999709, 5942188.799999999813735 ], [ 45067.349999999998545, 5942188.799999999813735 ], [ 45067.349999999998545, 5942188.875 ], [ 45067.5, 5942188.875 ], [ 45067.5, 5942188.950000000186265 ], [ 45067.650000000001455, 5942188.950000000186265 ], [ 45067.650000000001455, 5942189.025000000372529 ], [ 45067.80000000000291, 5942189.025000000372529 ], [ 45067.80000000000291, 5942189.099999999627471 ], [ 45067.94999999999709, 5942189.099999999627471 ], [ 45067.94999999999709, 5942189.174999999813735 ], [ 45068.025000000001455, 5942189.174999999813735 ], [ 45068.025000000001455, 5942189.25 ], [ 45068.17500000000291, 5942189.25 ], [ 45068.17500000000291, 5942189.325000000186265 ], [ 45068.25, 5942189.325000000186265 ], [ 45068.25, 5942189.400000000372529 ], [ 45068.400000000001455, 5942189.400000000372529 ], [ 45068.400000000001455, 5942189.474999999627471 ], [ 45068.55000000000291, 5942189.474999999627471 ], [ 45068.55000000000291, 5942189.549999999813735 ], [ 45068.625, 5942189.549999999813735 ], [ 45068.625, 5942189.625 ], [ 45068.775000000001455, 5942189.625 ], [ 45068.775000000001455, 5942189.700000000186265 ], [ 45068.849999999998545, 5942189.700000000186265 ], [ 45068.849999999998545, 5942189.775000000372529 ], [ 45068.92500000000291, 5942189.775000000372529 ], [ 45068.92500000000291, 5942189.849999999627471 ], [ 45069.0, 5942189.849999999627471 ], [ 45069.0, 5942189.924999999813735 ], [ 45069.07499999999709, 5942189.924999999813735 ], [ 45069.07499999999709, 5942190.0 ], [ 45069.150000000001455, 5942190.0 ], [ 45069.150000000001455, 5942190.150000000372529 ], [ 45069.224999999998545, 5942190.150000000372529 ], [ 45069.224999999998545, 5942190.224999999627471 ], [ 45069.30000000000291, 5942190.224999999627471 ], [ 45069.30000000000291, 5942190.299999999813735 ], [ 45069.375, 5942190.299999999813735 ], [ 45069.375, 5942190.450000000186265 ], [ 45069.44999999999709, 5942190.450000000186265 ], [ 45069.44999999999709, 5942190.599999999627471 ], [ 45069.525000000001455, 5942190.599999999627471 ], [ 45069.525000000001455, 5942190.674999999813735 ], [ 45069.599999999998545, 5942190.674999999813735 ], [ 45069.599999999998545, 5942190.825000000186265 ], [ 45069.67500000000291, 5942190.825000000186265 ], [ 45069.67500000000291, 5942190.974999999627471 ], [ 45069.75, 5942190.974999999627471 ], [ 45069.75, 5942191.200000000186265 ], [ 45069.82499999999709, 5942191.200000000186265 ], [ 45069.82499999999709, 5942191.424999999813735 ], [ 45069.900000000001455, 5942191.424999999813735 ], [ 45069.900000000001455, 5942191.799999999813735 ], [ 45069.974999999998545, 5942191.799999999813735 ], [ 45069.974999999998545, 5942192.174999999813735 ], [ 45070.05000000000291, 5942192.174999999813735 ], [ 45070.05000000000291, 5942192.549999999813735 ], [ 45070.125, 5942192.549999999813735 ], [ 45070.125, 5942192.924999999813735 ], [ 45070.19999999999709, 5942192.924999999813735 ], [ 45070.19999999999709, 5942193.450000000186265 ], [ 45070.275000000001455, 5942193.450000000186265 ], [ 45070.275000000001455, 5942194.724999999627471 ], [ 45070.349999999998545, 5942194.724999999627471 ], [ 45070.349999999998545, 5942195.924999999813735 ], [ 45070.42500000000291, 5942195.924999999813735 ], [ 45070.42500000000291, 5942196.900000000372529 ], [ 45070.5, 5942196.900000000372529 ], [ 45070.5, 5942197.799999999813735 ], [ 45070.57499999999709, 5942197.799999999813735 ], [ 45070.57499999999709, 5942198.549999999813735 ], [ 45070.650000000001455, 5942198.549999999813735 ], [ 45070.650000000001455, 5942199.75 ], [ 45070.57499999999709, 5942199.75 ], [ 45070.57499999999709, 5942200.650000000372529 ], [ 45070.5, 5942200.650000000372529 ], [ 45070.5, 5942201.25 ], [ 45070.42500000000291, 5942201.25 ], [ 45070.42500000000291, 5942201.625 ], [ 45070.349999999998545, 5942201.625 ], [ 45070.349999999998545, 5942202.0 ], [ 45070.275000000001455, 5942202.0 ], [ 45070.275000000001455, 5942202.375 ], [ 45070.19999999999709, 5942202.375 ], [ 45070.19999999999709, 5942202.825000000186265 ], [ 45070.125, 5942202.825000000186265 ], [ 45070.125, 5942203.275000000372529 ], [ 45070.05000000000291, 5942203.275000000372529 ], [ 45070.05000000000291, 5942203.875 ], [ 45069.974999999998545, 5942203.875 ], [ 45069.974999999998545, 5942204.474999999627471 ], [ 45069.900000000001455, 5942204.474999999627471 ], [ 45069.900000000001455, 5942205.075000000186265 ], [ 45069.82499999999709, 5942205.075000000186265 ], [ 45069.82499999999709, 5942205.75 ], [ 45069.75, 5942205.75 ], [ 45069.75, 5942206.424999999813735 ], [ 45069.67500000000291, 5942206.424999999813735 ], [ 45069.67500000000291, 5942207.025000000372529 ], [ 45069.599999999998545, 5942207.025000000372529 ], [ 45069.599999999998545, 5942207.25 ], [ 45069.525000000001455, 5942207.25 ], [ 45069.525000000001455, 5942207.549999999813735 ], [ 45069.44999999999709, 5942207.549999999813735 ], [ 45069.44999999999709, 5942207.775000000372529 ], [ 45069.375, 5942207.775000000372529 ], [ 45069.375, 5942208.0 ], [ 45069.30000000000291, 5942208.0 ], [ 45069.30000000000291, 5942208.150000000372529 ], [ 45069.224999999998545, 5942208.150000000372529 ], [ 45069.224999999998545, 5942208.375 ], [ 45069.150000000001455, 5942208.375 ], [ 45069.150000000001455, 5942208.525000000372529 ], [ 45069.07499999999709, 5942208.525000000372529 ], [ 45069.07499999999709, 5942208.75 ], [ 45069.0, 5942208.75 ], [ 45069.0, 5942208.900000000372529 ], [ 45068.92500000000291, 5942208.900000000372529 ], [ 45068.92500000000291, 5942208.974999999627471 ], [ 45068.849999999998545, 5942208.974999999627471 ], [ 45068.849999999998545, 5942209.049999999813735 ], [ 45068.775000000001455, 5942209.049999999813735 ], [ 45068.775000000001455, 5942209.125 ], [ 45068.69999999999709, 5942209.125 ], [ 45068.69999999999709, 5942209.200000000186265 ], [ 45068.625, 5942209.200000000186265 ], [ 45068.625, 5942209.275000000372529 ], [ 45068.474999999998545, 5942209.275000000372529 ], [ 45068.474999999998545, 5942209.349999999627471 ], [ 45068.400000000001455, 5942209.349999999627471 ], [ 45068.400000000001455, 5942209.424999999813735 ], [ 45068.25, 5942209.424999999813735 ], [ 45068.25, 5942209.5 ], [ 45068.099999999998545, 5942209.5 ], [ 45068.099999999998545, 5942209.575000000186265 ], [ 45067.94999999999709, 5942209.575000000186265 ], [ 45067.94999999999709, 5942209.650000000372529 ], [ 45067.875, 5942209.650000000372529 ], [ 45067.875, 5942209.724999999627471 ], [ 45067.724999999998545, 5942209.724999999627471 ], [ 45067.724999999998545, 5942209.799999999813735 ], [ 45067.57499999999709, 5942209.799999999813735 ], [ 45067.57499999999709, 5942209.875 ], [ 45067.42500000000291, 5942209.875 ], [ 45067.42500000000291, 5942209.950000000186265 ], [ 45067.275000000001455, 5942209.950000000186265 ], [ 45067.275000000001455, 5942210.025000000372529 ], [ 45067.05000000000291, 5942210.025000000372529 ], [ 45067.05000000000291, 5942210.099999999627471 ], [ 45066.900000000001455, 5942210.099999999627471 ], [ 45066.900000000001455, 5942210.174999999813735 ], [ 45066.75, 5942210.174999999813735 ], [ 45066.75, 5942210.25 ], [ 45066.525000000001455, 5942210.25 ], [ 45066.525000000001455, 5942210.325000000186265 ], [ 45066.375, 5942210.325000000186265 ], [ 45066.375, 5942210.400000000372529 ], [ 45066.224999999998545, 5942210.400000000372529 ], [ 45066.224999999998545, 5942210.474999999627471 ], [ 45066.0, 5942210.474999999627471 ], [ 45066.0, 5942210.549999999813735 ], [ 45065.849999999998545, 5942210.549999999813735 ], [ 45065.849999999998545, 5942210.625 ], [ 45065.625, 5942210.625 ], [ 45065.625, 5942210.700000000186265 ], [ 45065.474999999998545, 5942210.700000000186265 ], [ 45065.474999999998545, 5942210.775000000372529 ], [ 45065.32499999999709, 5942210.775000000372529 ], [ 45065.32499999999709, 5942210.849999999627471 ], [ 45065.17500000000291, 5942210.849999999627471 ], [ 45065.17500000000291, 5942210.924999999813735 ], [ 45065.025000000001455, 5942210.924999999813735 ], [ 45065.025000000001455, 5942211.0 ], [ 45064.875, 5942211.0 ], [ 45064.875, 5942211.075000000186265 ], [ 45064.724999999998545, 5942211.075000000186265 ], [ 45064.724999999998545, 5942211.150000000372529 ], [ 45064.57499999999709, 5942211.150000000372529 ], [ 45064.57499999999709, 5942211.224999999627471 ], [ 45064.42500000000291, 5942211.224999999627471 ], [ 45064.42500000000291, 5942211.299999999813735 ], [ 45064.275000000001455, 5942211.299999999813735 ], [ 45064.275000000001455, 5942211.375 ], [ 45064.125, 5942211.375 ], [ 45064.125, 5942211.450000000186265 ], [ 45063.900000000001455, 5942211.450000000186265 ], [ 45063.900000000001455, 5942211.525000000372529 ], [ 45063.75, 5942211.525000000372529 ], [ 45063.75, 5942211.599999999627471 ], [ 45063.525000000001455, 5942211.599999999627471 ], [ 45063.525000000001455, 5942211.674999999813735 ], [ 45063.375, 5942211.674999999813735 ], [ 45063.375, 5942211.75 ], [ 45063.150000000001455, 5942211.75 ], [ 45063.150000000001455, 5942211.825000000186265 ], [ 45062.92500000000291, 5942211.825000000186265 ], [ 45062.92500000000291, 5942211.900000000372529 ], [ 45062.69999999999709, 5942211.900000000372529 ] ] ] } },
{ "type": "Feature", "properties": { "value": 1.0, "building_id": 6, "area": 31.286250000446593 }, "geometry": { "type": "Polygon", "coordinates": [ [ [ 45068.474999999998545, 5942154.900000000372529 ], [ 45068.474999999998545, 5942154.825000000186265 ], [ 45068.099999999998545, 5942154.825000000186265 ], [ 45068.099999999998545, 5942154.75 ], [ 45067.80000000000291, 5942154.75 ], [ 45067.80000000000291, 5942154.674999999813735 ], [ 45067.42500000000291, 5942154.674999999813735 ], [ 45067.42500000000291, 5942154.599999999627471 ], [ 45067.125, 5942154.599999999627471 ], [ 45067.125, 5942154.525000000372529 ], [ 45066.900000000001455, 5942154.525000000372529 ], [ 45066.900000000001455, 5942154.450000000186265 ], [ 45066.75, 5942154.450000000186265 ], [ 45066.75, 5942154.375 ], [ 45066.599999999998545, 5942154.375 ], [ 45066.599999999998545, 5942154.299999999813735 ], [ 45066.525000000001455, 5942154.299999999813735 ], [ 45066.525000000001455, 5942154.224999999627471 ], [ 45066.44999999999709, 5942154.224999999627471 ], [ 45066.44999999999709, 5942154.075000000186265 ], [ 45066.375, 5942154.075000000186265 ], [ 45066.375, 5942153.924999999813735 ], [ 45066.30000000000291, 5942153.924999999813735 ], [ 45066.30000000000291, 5942153.775000000372529 ], [ 45066.224999999998545, 5942153.775000000372529 ], [ 45066.224999999998545, 5942153.700000000186265 ], [ 45066.150000000001455, 5942153.700000000186265 ], [ 45066.150000000001455, 5942153.549999999813735 ], [ 45066.07499999999709, 5942153.549999999813735 ], [ 45066.07499999999709, 5942153.400000000372529 ], [ 45066.0, 5942153.400000000372529 ], [ 45066.0, 5942153.25 ], [ 45065.92500000000291, 5942153.25 ], [ 45065.92500000000291, 5942153.174999999813735 ], [ 45065.849999999998545, 5942153.174999999813735 ], [ 45065.849999999998545, 5942153.025000000372529 ], [ 45065.775000000001455, 5942153.025000000372529 ], [ 45065.775000000001455, 5942152.950000000186265 ], [ 45065.69999999999709, 5942152.950000000186265 ], [ 45065.69999999999709, 5942152.799999999813735 ], [ 45065.625, 5942152.799999999813735 ], [ 45065.625, 5942152.724999999627471 ], [ 45065.55000000000291, 5942152.724999999627471 ], [ 45065.55000000000291, 5942152.650000000372529 ], [ 45065.474999999998545, 5942152.650000000372529 ], [ 45065.474999999998545, 5942152.575000000186265 ], [ 45065.400000000001455, 5942152.575000000186265 ], [ 45065.400000000001455, 5942152.424999999813735 ], [ 45065.32499999999709, 5942152.424999999813735 ], [ 45065.32499999999709, 5942152.349999999627471 ], [ 45065.25, 5942152.349999999627471 ], [ 45065.25, 5942152.275000000372529 ], [ 45065.17500000000291, 5942152.275000000372529 ], [ 45065.17500000000291, 5942152.200000000186265 ], [ 45065.25, 5942152.200000000186265 ], [ 45065.25, 5942152.125 ], [ 45065.32499999999709, 5942152.125 ], [ 45065.32499999999709, 5942152.049999999813735 ], [ 45065.400000000001455, 5942152.049999999813735 ], [ 45065.400000000001455, 5942151.974999999627471 ], [ 45065.474999999998545, 5942151.974999999627471 ], [ 45065.474999999998545, 5942151.900000000372529 ], [ 45065.55000000000291, 5942151.900000000372529 ], [ 45065.55000000000291, 5942151.825000000186265 ], [ 45065.625, 5942151.825000000186265 ], [ 45065.625, 5942151.75 ], [ 45065.69999999999709, 5942151.75 ], [ 45065.69999999999709, 5942151.674999999813735 ], [ 45065.775000000001455, 5942151.674999999813735 ], [ 45065.775000000001455, 5942151.599999999627471 ], [ 45065.849999999998545, 5942151.599999999627471 ], [ 45065.849999999998545, 5942151.525000000372529 ], [ 45065.92500000000291, 5942151.525000000372529 ], [ 45065.92500000000291, 5942151.450000000186265 ], [ 45066.0, 5942151.450000000186265 ], [ 45066.0, 5942151.299999999813735 ], [ 45066.07499999999709, 5942151.299999999813735 ], [ 45066.07499999999709, 5942151.224999999627471 ], [ 45066.150000000001455, 5942151.224999999627471 ], [ 45066.150000000001455, 5942151.150000000372529 ], [ 45066.224999999998545, 5942151.150000000372529 ], [ 45066.224999999998545, 5942151.075000000186265 ], [ 45066.30000000000291, 5942151.075000000186265 ], [ 45066.30000000000291, 5942151.0 ], [ 45066.375, 5942151.0 ], [ 45066.375, 5942150.924999999813735 ], [ 45066.44999999999709, 5942150.924999999813735 ], [ 45066.44999999999709, 5942150.849999999627471 ], [ 45066.525000000001455, 5942150.849999999627471 ], [ 45066.525000000001455, 5942150.775000000372529 ], [ 45066.599999999998545, 5942150.775000000372529 ], [ 45066.599999999998545, 5942150.700000000186265 ], [ 45066.67500000000291, 5942150.700000000186265 ], [ 45066.67500000000291, 5942150.625 ], [ 45066.75, 5942150.625 ], [ 45066.75, 5942150.549999999813735 ], [ 45066.82499999999709, 5942150.549999999813735 ], [ 45066.82499999999709, 5942150.400000000372529 ], [ 45066.900000000001455, 5942150.400000000372529 ], [ 45066.900000000001455, 5942150.325000000186265 ], [ 45066.974999999998545, 5942150.325000000186265 ], [ 45066.974999999998545, 5942150.25 ], [ 45067.05000000000291, 5942150.25 ], [ 45067.05000000000291, 5942150.099999999627471 ], [ 45067.125, 5942150.099999999627471 ], [ 45067.125, 5942150.025000000372529 ], [ 45067.19999999999709, 5942150.025000000372529 ], [ 45067.19999999999709, 5942149.950000000186265 ], [ 45067.275000000001455, 5942149.950000000186265 ], [ 45067.275000000001455, 5942149.875 ], [ 45067.349999999998545, 5942149.875 ], [ 45067.349999999998545, 5942149.799999999813735 ], [ 45067.42500000000291, 5942149.799999999813735 ], [ 45067.42500000000291, 5942149.724999999627471 ], [ 45067.5, 5942149.724999999627471 ], [ 45067.5, 5942149.650000000372529 ], [ 45067.57499999999709, 5942149.650000000372529 ], [ 45067.57499999999709, 5942149.575000000186265 ], [ 45067.650000000001455, 5942149.575000000186265 ], [ 45067.650000000001455, 5942149.5 ], [ 45067.724999999998545, 5942149.5 ], [ 45067.724999999998545, 5942149.424999999813735 ], [ 45067.80000000000291, 5942149.424999999813735 ], [ 45067.80000000000291, 5942149.349999999627471 ], [ 45067.875, 5942149.349999999627471 ], [ 45067.875, 5942149.275000000372529 ], [ 45067.94999999999709, 5942149.275000000372529 ], [ 45067.94999999999709, 5942149.200000000186265 ], [ 45068.025000000001455, 5942149.200000000186265 ], [ 45068.025000000001455, 5942149.125 ], [ 45068.17500000000291, 5942149.125 ], [ 45068.17500000000291, 5942149.049999999813735 ], [ 45068.25, 5942149.049999999813735 ], [ 45068.25, 5942148.974999999627471 ], [ 45068.400000000001455, 5942148.974999999627471 ], [ 45068.400000000001455, 5942148.900000000372529 ], [ 45068.625, 5942148.900000000372529 ], [ 45068.625, 5942148.825000000186265 ], [ 45069.525000000001455, 5942148.825000000186265 ], [ 45069.525000000001455, 5942148.75 ], [ 45070.57499999999709, 5942148.75 ], [ 45070.57499999999709, 5942148.674999999813735 ], [ 45070.724999999998545, 5942148.674999999813735 ], [ 45070.724999999998545, 5942148.75 ], [ 45070.875, 5942148.75 ], [ 45070.875, 5942148.825000000186265 ], [ 45070.94999999999709, 5942148.825000000186265 ], [ 45070.94999999999709, 5942148.900000000372529 ], [ 45071.025000000001455, 5942148.900000000372529 ], [ 45071.025000000001455, 5942148.974999999627471 ], [ 45071.099999999998545, 5942148.974999999627471 ], [ 45071.099999999998545, 5942149.125 ], [ 45071.17500000000291, 5942149.125 ], [ 45071.17500000000291, 5942149.200000000186265 ], [ 45071.25, 5942149.200000000186265 ], [ 45071.25, 5942149.349999999627471 ], [ 45071.32499999999709, 5942149.349999999627471 ], [ 45071.32499999999709, 5942149.424999999813735 ], [ 45071.400000000001455, 5942149.424999999813735 ], [ 45071.400000000001455, 5942149.575000000186265 ], [ 45071.474999999998545, 5942149.575000000186265 ], [ 45071.474999999998545, 5942149.724999999627471 ], [ 45071.55000000000291, 5942149.724999999627471 ], [ 45071.55000000000291, 5942149.875 ], [ 45071.625, 5942149.875 ], [ 45071.625, 5942150.025000000372529 ], [ 45071.69999999999709, 5942150.025000000372529 ], [ 45071.69999999999709, 5942150.25 ], [ 45071.775000000001455, 5942150.25 ], [ 45071.775000000001455, 5942150.549999999813735 ], [ 45071.849999999998545, 5942150.549999999813735 ], [ 45071.849999999998545, 5942150.849999999627471 ], [ 45071.92500000000291, 5942150.849999999627471 ], [ 45071.92500000000291, 5942151.150000000372529 ], [ 45072.0, 5942151.150000000372529 ], [ 45072.0, 5942151.375 ], [ 45072.07499999999709, 5942151.375 ], [ 45072.07499999999709, 5942151.599999999627471 ], [ 45072.150000000001455, 5942151.599999999627471 ], [ 45072.150000000001455, 5942151.825000000186265 ], [ 45072.224999999998545, 5942151.825000000186265 ], [ 45072.224999999998545, 5942152.049999999813735 ], [ 45072.30000000000291, 5942152.049999999813735 ], [ 45072.30000000000291, 5942152.200000000186265 ], [ 45072.375, 5942152.200000000186265 ], [ 45072.375, 5942152.275000000372529 ], [ 45072.30000000000291, 5942152.275000000372529 ], [ 45072.30000000000291, 5942152.349999999627471 ], [ 45072.224999999998545, 5942152.349999999627471 ], [ 45072.224999999998545, 5942152.5 ], [ 45072.150000000001455, 5942152.5 ], [ 45072.150000000001455, 5942152.575000000186265 ], [ 45072.07499999999709, 5942152.575000000186265 ], [ 45072.07499999999709, 5942152.724999999627471 ], [ 45072.0, 5942152.724999999627471 ], [ 45072.0, 5942152.875 ], [ 45071.92500000000291, 5942152.875 ], [ 45071.92500000000291, 5942153.025000000372529 ], [ 45071.849999999998545, 5942153.025000000372529 ], [ 45071.849999999998545, 5942153.174999999813735 ], [ 45071.775000000001455, 5942153.174999999813735 ], [ 45071.775000000001455, 5942153.325000000186265 ], [ 45071.69999999999709, 5942153.325000000186265 ], [ 45071.69999999999709, 5942153.474999999627471 ], [ 45071.625, 5942153.474999999627471 ], [ 45071.625, 5942153.700000000186265 ], [ 45071.55000000000291, 5942153.700000000186265 ], [ 45071.55000000000291, 5942153.849999999627471 ], [ 45071.474999999998545, 5942153.849999999627471 ], [ 45071.474999999998545, 5942154.075000000186265 ], [ 45071.400000000001455, 5942154.075000000186265 ], [ 45071.400000000001455, 5942154.224999999627471 ], [ 45071.32499999999709, 5942154.224999999627471 ], [ 45071.32499999999709, 5942154.299999999813735 ], [ 45071.25, 5942154.299999999813735 ], [ 45071.25, 5942154.375 ], [ 45071.17500000000291, 5942154.375 ], [ 45071.17500000000291, 5942154.450000000186265 ], [ 45071.099999999998545, 5942154.450000000186265 ], [ 45071.099999999998545, 5942154.525000000372529 ], [ 45071.025000000001455, 5942154.525000000372529 ], [ 45071.025000000001455, 5942154.599999999627471 ], [ 45070.94999999999709, 5942154.599999999627471 ], [ 45070.94999999999709, 5942154.674999999813735 ], [ 45070.875, 5942154.674999999813735 ], [ 45070.875, 5942154.75 ], [ 45070.724999999998545, 5942154.75 ], [ 45070.724999999998545, 5942154.825000000186265 ], [ 45069.75, 5942154.825000000186265 ], [ 45069.75, 5942154.900000000372529 ], [ 45068.474999999998545, 5942154.900000000372529 ] ] ] } },
{ "type": "Feature", "properties": { "value": 1.0, "building_id": 7, "area": 336.33000000042949 }, "geometry": { "type": "Polygon", "coordinates": [ [ [ 45029.625, 5942174.849999999627471 ], [ 45029.625, 5942174.775000000372529 ], [ 45029.400000000001455, 5942174.775000000372529 ], [ 45029.400000000001455, 5942174.700000000186265 ], [ 45029.17500000000291, 5942174.700000000186265 ], [ 45029.17500000000291, 5942174.625 ], [ 45029.025000000001455, 5942174.625 ], [ 45029.025000000001455, 5942174.549999999813735 ], [ 45028.80000000000291, 5942174.549999999813735 ], [ 45028.80000000000291, 5942174.474999999627471 ], [ 45028.650000000001455, 5942174.474999999627471 ], [ 45028.650000000001455, 5942174.400000000372529 ], [ 45028.5, 5942174.400000000372529 ], [ 45028.5, 5942174.325000000186265 ], [ 45028.349999999998545, 5942174.325000000186265 ], [ 45028.349999999998545, 5942174.25 ], [ 45028.19999999999709, 5942174.25 ], [ 45028.19999999999709, 5942174.174999999813735 ], [ 45028.05000000000291, 5942174.174999999813735 ], [ 45028.05000000000291, 5942174.099999999627471 ], [ 45027.900000000001455, 5942174.099999999627471 ], [ 45027.900000000001455, 5942174.025000000372529 ], [ 45027.82499999999709, 5942174.025000000372529 ], [ 45027.82499999999709, 5942173.950000000186265 ], [ 45027.67500000000291, 5942173.950000000186265 ], [ 45027.67500000000291, 5942173.875 ], [ 45027.599999999998545, 5942173.875 ], [ 45027.599999999998545, 5942173.799999999813735 ], [ 45027.525000000001455, 5942173.799999999813735 ], [ 45027.525000000001455, 5942173.724999999627471 ], [ 45027.44999999999709, 5942173.724999999627471 ], [ 45027.44999999999709, 5942173.575000000186265 ], [ 45027.375, 5942173.575000000186265 ], [ 45027.375, 5942173.5 ], [ 45027.30000000000291, 5942173.5 ], [ 45027.30000000000291, 5942173.349999999627471 ], [ 45027.224999999998545, 5942173.349999999627471 ], [ 45027.224999999998545, 5942173.275000000372529 ], [ 45027.150000000001455, 5942173.275000000372529 ], [ 45027.150000000001455, 5942173.125 ], [ 45027.07499999999709, 5942173.125 ], [ 45027.07499999999709, 5942173.049999999813735 ], [ 45027.0, 5942173.049999999813735 ], [ 45027.0, 5942172.900000000372529 ], [ 45026.92500000000291, 5942172.900000000372529 ], [ 45026.92500000000291, 5942172.75 ], [ 45026.849999999998545, 5942172.75 ], [ 45026.849999999998545, 5942172.599999999627471 ], [ 45026.775000000001455, 5942172.599999999627471 ], [ 45026.775000000001455, 5942172.525000000372529 ], [ 45026.69999999999709, 5942172.525000000372529 ], [ 45026.69999999999709, 5942172.375 ], [ 45026.625, 5942172.375 ], [ 45026.625, 5942172.224999999627471 ], [ 45026.55000000000291, 5942172.224999999627471 ], [ 45026.55000000000291, 5942172.0 ], [ 45026.474999999998545, 5942172.0 ], [ 45026.474999999998545, 5942171.849999999627471 ], [ 45026.400000000001455, 5942171.849999999627471 ], [ 45026.400000000001455, 5942171.700000000186265 ], [ 45026.32499999999709, 5942171.700000000186265 ], [ 45026.32499999999709, 5942171.625 ], [ 45026.25, 5942171.625 ], [ 45026.25, 5942171.474999999627471 ], [ 45026.17500000000291, 5942171.474999999627471 ], [ 45026.17500000000291, 5942171.400000000372529 ], [ 45026.099999999998545, 5942171.400000000372529 ], [ 45026.099999999998545, 5942171.325000000186265 ], [ 45026.025000000001455, 5942171.325000000186265 ], [ 45026.025000000001455, 5942171.174999999813735 ], [ 45025.94999999999709, 5942171.174999999813735 ], [ 45025.94999999999709, 5942171.099999999627471 ], [ 45025.875, 5942171.099999999627471 ], [ 45025.875, 5942171.025000000372529 ], [ 45025.80000000000291, 5942171.025000000372529 ], [ 45025.80000000000291, 5942170.950000000186265 ], [ 45025.650000000001455, 5942170.950000000186265 ], [ 45025.650000000001455, 5942170.799999999813735 ], [ 45025.57499999999709, 5942170.799999999813735 ], [ 45025.57499999999709, 5942170.724999999627471 ], [ 45025.5, 5942170.724999999627471 ], [ 45025.5, 5942170.650000000372529 ], [ 45025.42500000000291, 5942170.650000000372529 ], [ 45025.42500000000291, 5942170.575000000186265 ], [ 45025.349999999998545, 5942170.575000000186265 ], [ 45025.349999999998545, 5942170.424999999813735 ], [ 45025.275000000001455, 5942170.424999999813735 ], [ 45025.275000000001455, 5942170.349999999627471 ], [ 45025.19999999999709, 5942170.349999999627471 ], [ 45025.19999999999709, 5942170.200000000186265 ], [ 45025.125, 5942170.200000000186265 ], [ 45025.125, 5942170.049999999813735 ], [ 45025.05000000000291, 5942170.049999999813735 ], [ 45025.05000000000291, 5942169.825000000186265 ], [ 45024.974999999998545, 5942169.825000000186265 ], [ 45024.974999999998545, 5942168.700000000186265 ], [ 45024.900000000001455, 5942168.700000000186265 ], [ 45024.900000000001455, 5942165.099999999627471 ], [ 45024.974999999998545, 5942165.099999999627471 ], [ 45024.974999999998545, 5942162.474999999627471 ], [ 45025.05000000000291, 5942162.474999999627471 ], [ 45025.05000000000291, 5942157.0 ], [ 45024.974999999998545, 5942157.0 ], [ 45024.974999999998545, 5942153.400000000372529 ], [ 45025.05000000000291, 5942153.400000000372529 ], [ 45025.05000000000291, 5942152.049999999813735 ], [ 45025.125, 5942152.049999999813735 ], [ 45025.125, 5942151.674999999813735 ], [ 45025.19999999999709, 5942151.674999999813735 ], [ 45025.19999999999709, 5942151.299999999813735 ], [ 45025.275000000001455, 5942151.299999999813735 ], [ 45025.275000000001455, 5942150.924999999813735 ], [ 45025.349999999998545, 5942150.924999999813735 ], [ 45025.349999999998545, 5942150.625 ], [ 45025.42500000000291, 5942150.625 ], [ 45025.42500000000291, 5942150.400000000372529 ], [ 45025.5, 5942150.400000000372529 ], [ 45025.5, 5942150.174999999813735 ], [ 45025.57499999999709, 5942150.174999999813735 ], [ 45025.57499999999709, 5942150.025000000372529 ], [ 45025.650000000001455, 5942150.025000000372529 ], [ 45025.650000000001455, 5942149.875 ], [ 45025.724999999998545, 5942149.875 ], [ 45025.724999999998545, 5942149.724999999627471 ], [ 45025.80000000000291, 5942149.724999999627471 ], [ 45025.80000000000291, 5942149.650000000372529 ], [ 45025.875, 5942149.650000000372529 ], [ 45025.875, 5942149.5 ], [ 45025.94999999999709, 5942149.5 ], [ 45025.94999999999709, 5942149.349999999627471 ], [ 45026.025000000001455, 5942149.349999999627471 ], [ 45026.025000000001455, 5942149.200000000186265 ], [ 45026.099999999998545, 5942149.200000000186265 ], [ 45026.099999999998545, 5942149.049999999813735 ], [ 45026.17500000000291, 5942149.049999999813735 ], [ 45026.17500000000291, 5942148.825000000186265 ], [ 45026.25, 5942148.825000000186265 ], [ 45026.25, 5942148.674999999813735 ], [ 45026.32499999999709, 5942148.674999999813735 ], [ 45026.32499999999709, 5942148.450000000186265 ], [ 45026.400000000001455, 5942148.450000000186265 ], [ 45026.400000000001455, 5942148.150000000372529 ], [ 45026.474999999998545, 5942148.150000000372529 ], [ 45026.474999999998545, 5942147.700000000186265 ], [ 45026.55000000000291, 5942147.700000000186265 ], [ 45026.55000000000291, 5942147.325000000186265 ], [ 45026.625, 5942147.325000000186265 ], [ 45026.625, 5942146.875 ], [ 45026.69999999999709, 5942146.875 ], [ 45026.69999999999709, 5942146.5 ], [ 45026.775000000001455, 5942146.5 ], [ 45026.775000000001455, 5942146.275000000372529 ], [ 45026.849999999998545, 5942146.275000000372529 ], [ 45026.849999999998545, 5942146.125 ], [ 45026.92500000000291, 5942146.125 ], [ 45026.92500000000291, 5942145.974999999627471 ], [ 45027.0, 5942145.974999999627471 ], [ 45027.0, 5942145.825000000186265 ], [ 45027.07499999999709, 5942145.825000000186265 ], [ 45027.07499999999709, 5942145.674999999813735 ], [ 45027.150000000001455, 5942145.674999999813735 ], [ 45027.150000000001455, 5942145.599999999627471 ], [ 45027.224999999998545, 5942145.599999999627471 ], [ 45027.224999999998545, 5942145.525000000372529 ], [ 45027.30000000000291, 5942145.525000000372529 ], [ 45027.30000000000291, 5942145.375 ], [ 45027.375, 5942145.375 ], [ 45027.375, 5942145.299999999813735 ], [ 45027.44999999999709, 5942145.299999999813735 ], [ 45027.44999999999709, 5942145.224999999627471 ], [ 45027.525000000001455, 5942145.224999999627471 ], [ 45027.525000000001455, 5942145.150000000372529 ], [ 45027.599999999998545, 5942145.150000000372529 ], [ 45027.599999999998545, 5942145.075000000186265 ], [ 45027.67500000000291, 5942145.075000000186265 ], [ 45027.67500000000291, 5942145.0 ], [ 45027.82499999999709, 5942145.0 ], [ 45027.82499999999709, 5942144.924999999813735 ], [ 45027.900000000001455, 5942144.924999999813735 ], [ 45027.900000000001455, 5942144.849999999627471 ], [ 45027.974999999998545, 5942144.849999999627471 ], [ 45027.974999999998545, 5942144.775000000372529 ], [ 45028.05000000000291, 5942144.775000000372529 ], [ 45028.05000000000291, 5942144.700000000186265 ], [ 45028.125, 5942144.700000000186265 ], [ 45028.125, 5942144.549999999813735 ], [ 45028.19999999999709, 5942144.549999999813735 ], [ 45028.19999999999709, 5942144.474999999627471 ], [ 45028.275000000001455, 5942144.474999999627471 ], [ 45028.275000000001455, 5942144.400000000372529 ], [ 45028.349999999998545, 5942144.400000000372529 ], [ 45028.349999999998545, 5942144.25 ], [ 45028.42500000000291, 5942144.25 ], [ 45028.42500000000291, 5942144.174999999813735 ], [ 45028.5, 5942144.174999999813735 ], [ 45028.5, 5942144.099999999627471 ], [ 45028.57499999999709, 5942144.099999999627471 ], [ 45028.57499999999709, 5942144.025000000372529 ], [ 45028.650000000001455, 5942144.025000000372529 ], [ 45028.650000000001455, 5942143.950000000186265 ], [ 45028.724999999998545, 5942143.950000000186265 ], [ 45028.724999999998545, 5942143.875 ], [ 45028.80000000000291, 5942143.875 ], [ 45028.80000000000291, 5942143.799999999813735 ], [ 45028.875, 5942143.799999999813735 ], [ 45028.875, 5942143.724999999627471 ], [ 45028.94999999999709, 5942143.724999999627471 ], [ 45028.94999999999709, 5942143.650000000372529 ], [ 45029.099999999998545, 5942143.650000000372529 ], [ 45029.099999999998545, 5942143.575000000186265 ], [ 45029.17500000000291, 5942143.575000000186265 ], [ 45029.17500000000291, 5942143.5 ], [ 45029.32499999999709, 5942143.5 ], [ 45029.32499999999709, 5942143.424999999813735 ], [ 45029.400000000001455, 5942143.424999999813735 ], [ 45029.400000000001455, 5942143.349999999627471 ], [ 45029.55000000000291, 5942143.349999999627471 ], [ 45029.55000000000291, 5942143.275000000372529 ], [ 45029.775000000001455, 5942143.275000000372529 ], [ 45029.775000000001455, 5942143.200000000186265 ], [ 45030.07499999999709, 5942143.200000000186265 ], [ 45030.07499999999709, 5942143.125 ], [ 45030.30000000000291, 5942143.125 ], [ 45030.30000000000291, 5942143.049999999813735 ], [ 45030.525000000001455, 5942143.049999999813735 ], [ 45030.525000000001455, 5942142.974999999627471 ], [ 45030.75, 5942142.974999999627471 ], [ 45030.75, 5942142.900000000372529 ], [ 45030.974999999998545, 5942142.900000000372529 ], [ 45030.974999999998545, 5942142.825000000186265 ], [ 45031.125, 5942142.825000000186265 ], [ 45031.125, 5942142.75 ], [ 45031.349999999998545, 5942142.75 ], [ 45031.349999999998545, 5942142.674999999813735 ], [ 45031.5, 5942142.674999999813735 ], [ 45031.5, 5942142.599999999627471 ], [ 45031.80000000000291, 5942142.599999999627471 ], [ 45031.80000000000291, 5942142.674999999813735 ], [ 45031.94999999999709, 5942142.674999999813735 ], [ 45031.94999999999709, 5942142.75 ], [ 45032.099999999998545, 5942142.75 ], [ 45032.099999999998545, 5942142.825000000186265 ], [ 45032.25, 5942142.825000000186265 ], [ 45032.25, 5942142.900000000372529 ], [ 45032.474999999998545, 5942142.900000000372529 ], [ 45032.474999999998545, 5942142.974999999627471 ], [ 45032.625, 5942142.974999999627471 ], [ 45032.625, 5942143.049999999813735 ], [ 45032.849999999998545, 5942143.049999999813735 ], [ 45032.849999999998545, 5942143.125 ], [ 45033.07499999999709, 5942143.125 ], [ 45033.07499999999709, 5942143.200000000186265 ], [ 45033.30000000000291, 5942143.200000000186265 ], [ 45033.30000000000291, 5942143.275000000372529 ], [ 45033.525000000001455, 5942143.275000000372529 ], [ 45033.525000000001455, 5942143.349999999627471 ], [ 45033.67500000000291, 5942143.349999999627471 ], [ 45033.67500000000291, 5942143.424999999813735 ], [ 45033.900000000001455, 5942143.424999999813735 ], [ 45033.900000000001455, 5942143.5 ], [ 45034.05000000000291, 5942143.5 ], [ 45034.05000000000291, 5942143.575000000186265 ], [ 45034.19999999999709, 5942143.575000000186265 ], [ 45034.19999999999709, 5942143.650000000372529 ], [ 45034.275000000001455, 5942143.650000000372529 ], [ 45034.275000000001455, 5942143.724999999627471 ], [ 45034.42500000000291, 5942143.724999999627471 ], [ 45034.42500000000291, 5942143.799999999813735 ], [ 45034.57499999999709, 5942143.799999999813735 ], [ 45034.57499999999709, 5942143.875 ], [ 45034.650000000001455, 5942143.875 ], [ 45034.650000000001455, 5942143.950000000186265 ], [ 45034.80000000000291, 5942143.950000000186265 ], [ 45034.80000000000291, 5942144.025000000372529 ], [ 45034.875, 5942144.025000000372529 ], [ 45034.875, 5942144.099999999627471 ], [ 45034.94999999999709, 5942144.099999999627471 ], [ 45034.94999999999709, 5942144.174999999813735 ], [ 45035.025000000001455, 5942144.174999999813735 ], [ 45035.025000000001455, 5942144.25 ], [ 45035.17500000000291, 5942144.25 ], [ 45035.17500000000291, 5942144.325000000186265 ], [ 45035.25, 5942144.325000000186265 ], [ 45035.25, 5942144.400000000372529 ], [ 45035.32499999999709, 5942144.400000000372529 ], [ 45035.32499999999709, 5942144.549999999813735 ], [ 45035.400000000001455, 5942144.549999999813735 ], [ 45035.400000000001455, 5942144.625 ], [ 45035.474999999998545, 5942144.625 ], [ 45035.474999999998545, 5942144.700000000186265 ], [ 45035.55000000000291, 5942144.700000000186265 ], [ 45035.55000000000291, 5942144.775000000372529 ], [ 45035.625, 5942144.775000000372529 ], [ 45035.625, 5942144.924999999813735 ], [ 45035.69999999999709, 5942144.924999999813735 ], [ 45035.69999999999709, 5942145.0 ], [ 45035.775000000001455, 5942145.0 ], [ 45035.775000000001455, 5942145.150000000372529 ], [ 45035.849999999998545, 5942145.150000000372529 ], [ 45035.849999999998545, 5942145.299999999813735 ], [ 45035.92500000000291, 5942145.299999999813735 ], [ 45035.92500000000291, 5942145.450000000186265 ], [ 45036.0, 5942145.450000000186265 ], [ 45036.0, 5942145.599999999627471 ], [ 45036.07499999999709, 5942145.599999999627471 ], [ 45036.07499999999709, 5942145.75 ], [ 45036.150000000001455, 5942145.75 ], [ 45036.150000000001455, 5942145.900000000372529 ], [ 45036.224999999998545, 5942145.900000000372529 ], [ 45036.224999999998545, 5942146.125 ], [ 45036.30000000000291, 5942146.125 ], [ 45036.30000000000291, 5942146.349999999627471 ], [ 45036.375, 5942146.349999999627471 ], [ 45036.375, 5942146.799999999813735 ], [ 45036.44999999999709, 5942146.799999999813735 ], [ 45036.44999999999709, 5942147.325000000186265 ], [ 45036.525000000001455, 5942147.325000000186265 ], [ 45036.525000000001455, 5942147.924999999813735 ], [ 45036.599999999998545, 5942147.924999999813735 ], [ 45036.599999999998545, 5942148.525000000372529 ], [ 45036.67500000000291, 5942148.525000000372529 ], [ 45036.67500000000291, 5942149.275000000372529 ], [ 45036.75, 5942149.275000000372529 ], [ 45036.75, 5942150.099999999627471 ], [ 45036.82499999999709, 5942150.099999999627471 ], [ 45036.82499999999709, 5942150.849999999627471 ], [ 45036.900000000001455, 5942150.849999999627471 ], [ 45036.900000000001455, 5942151.674999999813735 ], [ 45036.974999999998545, 5942151.674999999813735 ], [ 45036.974999999998545, 5942152.724999999627471 ], [ 45037.05000000000291, 5942152.724999999627471 ], [ 45037.05000000000291, 5942155.575000000186265 ], [ 45036.974999999998545, 5942155.575000000186265 ], [ 45036.974999999998545, 5942157.900000000372529 ], [ 45036.900000000001455, 5942157.900000000372529 ], [ 45036.900000000001455, 5942160.674999999813735 ], [ 45036.82499999999709, 5942160.674999999813735 ], [ 45036.82499999999709, 5942164.650000000372529 ], [ 45036.75, 5942164.650000000372529 ], [ 45036.75, 5942168.099999999627471 ], [ 45036.67500000000291, 5942168.099999999627471 ], [ 45036.67500000000291, 5942168.700000000186265 ], [ 45036.599999999998545, 5942168.700000000186265 ], [ 45036.599999999998545, 5942169.299999999813735 ], [ 45036.525000000001455, 5942169.299999999813735 ], [ 45036.525000000001455, 5942169.825000000186265 ], [ 45036.44999999999709, 5942169.825000000186265 ], [ 45036.44999999999709, 5942170.125 ], [ 45036.375, 5942170.125 ], [ 45036.375, 5942170.275000000372529 ], [ 45036.30000000000291, 5942170.275000000372529 ], [ 45036.30000000000291, 5942170.5 ], [ 45036.224999999998545, 5942170.5 ], [ 45036.224999999998545, 5942170.650000000372529 ], [ 45036.150000000001455, 5942170.650000000372529 ], [ 45036.150000000001455, 5942170.799999999813735 ], [ 45036.07499999999709, 5942170.799999999813735 ], [ 45036.07499999999709, 5942170.950000000186265 ], [ 45036.0, 5942170.950000000186265 ], [ 45036.0, 5942171.099999999627471 ], [ 45035.92500000000291, 5942171.099999999627471 ], [ 45035.92500000000291, 5942171.174999999813735 ], [ 45035.849999999998545, 5942171.174999999813735 ], [ 45035.849999999998545, 5942171.325000000186265 ], [ 45035.775000000001455, 5942171.325000000186265 ], [ 45035.775000000001455, 5942171.400000000372529 ], [ 45035.69999999999709, 5942171.400000000372529 ], [ 45035.69999999999709, 5942171.474999999627471 ], [ 45035.625, 5942171.474999999627471 ], [ 45035.625, 5942171.625 ], [ 45035.55000000000291, 5942171.625 ], [ 45035.55000000000291, 5942171.700000000186265 ], [ 45035.474999999998545, 5942171.700000000186265 ], [ 45035.474999999998545, 5942171.775000000372529 ], [ 45035.400000000001455, 5942171.775000000372529 ], [ 45035.400000000001455, 5942171.849999999627471 ], [ 45035.32499999999709, 5942171.849999999627471 ], [ 45035.32499999999709, 5942171.924999999813735 ], [ 45035.25, 5942171.924999999813735 ], [ 45035.25, 5942172.0 ], [ 45035.17500000000291, 5942172.0 ], [ 45035.17500000000291, 5942172.075000000186265 ], [ 45035.099999999998545, 5942172.075000000186265 ], [ 45035.099999999998545, 5942172.224999999627471 ], [ 45035.025000000001455, 5942172.224999999627471 ], [ 45035.025000000001455, 5942172.299999999813735 ], [ 45034.94999999999709, 5942172.299999999813735 ], [ 45034.94999999999709, 5942172.375 ], [ 45034.875, 5942172.375 ], [ 45034.875, 5942172.450000000186265 ], [ 45034.80000000000291, 5942172.450000000186265 ], [ 45034.80000000000291, 5942172.525000000372529 ], [ 45034.724999999998545, 5942172.525000000372529 ], [ 45034.724999999998545, 5942172.599999999627471 ], [ 45034.650000000001455, 5942172.599999999627471 ], [ 45034.650000000001455, 5942172.674999999813735 ], [ 45034.57499999999709, 5942172.674999999813735 ], [ 45034.57499999999709, 5942172.825000000186265 ], [ 45034.5, 5942172.825000000186265 ], [ 45034.5, 5942172.900000000372529 ], [ 45034.42500000000291, 5942172.900000000372529 ], [ 45034.42500000000291, 5942172.974999999627471 ], [ 45034.349999999998545, 5942172.974999999627471 ], [ 45034.349999999998545, 5942173.049999999813735 ], [ 45034.275000000001455, 5942173.049999999813735 ], [ 45034.275000000001455, 5942173.125 ], [ 45034.19999999999709, 5942173.125 ], [ 45034.19999999999709, 5942173.275000000372529 ], [ 45034.125, 5942173.275000000372529 ], [ 45034.125, 5942173.349999999627471 ], [ 45034.05000000000291, 5942173.349999999627471 ], [ 45034.05000000000291, 5942173.424999999813735 ], [ 45033.974999999998545, 5942173.424999999813735 ], [ 45033.974999999998545, 5942173.5 ], [ 45033.900000000001455, 5942173.5 ], [ 45033.900000000001455, 5942173.575000000186265 ], [ 45033.82499999999709, 5942173.575000000186265 ], [ 45033.82499999999709, 5942173.650000000372529 ], [ 45033.75, 5942173.650000000372529 ], [ 45033.75, 5942173.799999999813735 ], [ 45033.67500000000291, 5942173.799999999813735 ], [ 45033.67500000000291, 5942173.875 ], [ 45033.525000000001455, 5942173.875 ], [ 45033.525000000001455, 5942173.950000000186265 ], [ 45033.44999999999709, 5942173.950000000186265 ], [ 45033.44999999999709, 5942174.025000000372529 ], [ 45033.30000000000291, 5942174.025000000372529 ], [ 45033.30000000000291, 5942174.099999999627471 ], [ 45033.224999999998545, 5942174.099999999627471 ], [ 45033.224999999998545, 5942174.174999999813735 ], [ 45033.07499999999709, 5942174.174999999813735 ], [ 45033.07499999999709, 5942174.25 ], [ 45032.92500000000291, 5942174.25 ], [ 45032.92500000000291, 5942174.325000000186265 ], [ 45032.775000000001455, 5942174.325000000186265 ], [ 45032.775000000001455, 5942174.400000000372529 ], [ 45032.625, 5942174.400000000372529 ], [ 45032.625, 5942174.474999999627471 ], [ 45032.400000000001455, 5942174.474999999627471 ], [ 45032.400000000001455, 5942174.549999999813735 ], [ 45032.25, 5942174.549999999813735 ], [ 45032.25, 5942174.625 ], [ 45032.025000000001455, 5942174.625 ], [ 45032.025000000001455, 5942174.700000000186265 ], [ 45031.80000000000291, 5942174.700000000186265 ], [ 45031.80000000000291, 5942174.775000000372529 ], [ 45030.375, 5942174.775000000372529 ], [ 45030.375, 5942174.849999999627471 ], [ 45029.625, 5942174.849999999627471 ] ] ] } },
{ "type": "Feature", "properties": { "value": 1.0, "building_id": 8, "area": 103.79812499941178 }, "geometry": { "type": "Polygon", "coordinates": [ [ [ 45094.05000000000291, 5942153.625 ], [ 45094.05000000000291, 5942153.549999999813735 ], [ 45093.974999999998545, 5942153.549999999813735 ], [ 45093.974999999998545, 5942153.474999999627471 ], [ 45093.900000000001455, 5942153.474999999627471 ], [ 45093.900000000001455, 5942153.400000000372529 ], [ 45093.75, 5942153.400000000372529 ], [ 45093.75, 5942153.325000000186265 ], [ 45093.67500000000291, 5942153.325000000186265 ], [ 45093.67500000000291, 5942153.25 ], [ 45093.599999999998545, 5942153.25 ], [ 45093.599999999998545, 5942153.174999999813735 ], [ 45093.44999999999709, 5942153.174999999813735 ], [ 45093.44999999999709, 5942153.099999999627471 ], [ 45093.375, 5942153.099999999627471 ], [ 45093.375, 5942153.025000000372529 ], [ 45093.30000000000291, 5942153.025000000372529 ], [ 45093.30000000000291, 5942152.950000000186265 ], [ 45093.150000000001455, 5942152.950000000186265 ], [ 45093.150000000001455, 5942152.875 ], [ 45093.07499999999709, 5942152.875 ], [ 45093.07499999999709, 5942152.799999999813735 ], [ 45092.92500000000291, 5942152.799999999813735 ], [ 45092.92500000000291, 5942152.724999999627471 ], [ 45092.849999999998545, 5942152.724999999627471 ], [ 45092.849999999998545, 5942152.650000000372529 ], [ 45092.775000000001455, 5942152.650000000372529 ], [ 45092.775000000001455, 5942152.575000000186265 ], [ 45092.625, 5942152.575000000186265 ], [ 45092.625, 5942152.5 ], [ 45092.55000000000291, 5942152.5 ], [ 45092.55000000000291, 5942152.424999999813735 ], [ 45092.400000000001455, 5942152.424999999813735 ], [ 45092.400000000001455, 5942152.349999999627471 ], [ 45092.32499999999709, 5942152.349999999627471 ], [ 45092.32499999999709, 5942152.275000000372529 ], [ 45092.25, 5942152.275000000372529 ], [ 45092.25, 5942152.200000000186265 ], [ 45092.17500000000291, 5942152.200000000186265 ], [ 45092.17500000000291, 5942152.125 ], [ 45092.099999999998545, 5942152.125 ], [ 45092.099999999998545, 5942151.974999999627471 ], [ 45092.025000000001455, 5942151.974999999627471 ], [ 45092.025000000001455, 5942151.825000000186265 ], [ 45091.94999999999709, 5942151.825000000186265 ], [ 45091.94999999999709, 5942151.674999999813735 ], [ 45091.875, 5942151.674999999813735 ], [ 45091.875, 5942151.525000000372529 ], [ 45091.80000000000291, 5942151.525000000372529 ], [ 45091.80000000000291, 5942151.299999999813735 ], [ 45091.724999999998545, 5942151.299999999813735 ], [ 45091.724999999998545, 5942151.150000000372529 ], [ 45091.650000000001455, 5942151.150000000372529 ], [ 45091.650000000001455, 5942150.924999999813735 ], [ 45091.57499999999709, 5942150.924999999813735 ], [ 45091.57499999999709, 5942150.700000000186265 ], [ 45091.5, 5942150.700000000186265 ], [ 45091.5, 5942150.474999999627471 ], [ 45091.42500000000291, 5942150.474999999627471 ], [ 45091.42500000000291, 5942150.25 ], [ 45091.349999999998545, 5942150.25 ], [ 45091.349999999998545, 5942149.950000000186265 ], [ 45091.275000000001455, 5942149.950000000186265 ], [ 45091.275000000001455, 5942149.650000000372529 ], [ 45091.19999999999709, 5942149.650000000372529 ], [ 45091.19999999999709, 5942149.349999999627471 ], [ 45091.125, 5942149.349999999627471 ], [ 45091.125, 5942149.125 ], [ 45091.05000000000291, 5942149.125 ], [ 45091.05000000000291, 5942148.825000000186265 ], [ 45090.974999999998545, 5942148.825000000186265 ], [ 45090.974999999998545, 5942148.599999999627471 ], [ 45090.900000000001455, 5942148.599999999627471 ], [ 45090.900000000001455, 5942148.375 ], [ 45090.82499999999709, 5942148.375 ], [ 45090.82499999999709, 5942148.224999999627471 ], [ 45090.75, 5942148.224999999627471 ], [ 45090.75, 5942148.075000000186265 ], [ 45090.67500000000291, 5942148.075000000186265 ], [ 45090.67500000000291, 5942147.924999999813735 ], [ 45090.599999999998545, 5942147.924999999813735 ], [ 45090.599999999998545, 5942147.849999999627471 ], [ 45090.525000000001455, 5942147.849999999627471 ], [ 45090.525000000001455, 5942147.700000000186265 ], [ 45090.44999999999709, 5942147.700000000186265 ], [ 45090.44999999999709, 5942147.625 ], [ 45090.375, 5942147.625 ], [ 45090.375, 5942147.474999999627471 ], [ 45090.30000000000291, 5942147.474999999627471 ], [ 45090.30000000000291, 5942147.400000000372529 ], [ 45090.224999999998545, 5942147.400000000372529 ], [ 45090.224999999998545, 5942147.325000000186265 ], [ 45090.150000000001455, 5942147.325000000186265 ], [ 45090.150000000001455, 5942147.25 ], [ 45090.07499999999709, 5942147.25 ], [ 45090.07499999999709, 5942147.174999999813735 ], [ 45090.0, 5942147.174999999813735 ], [ 45090.0, 5942147.025000000372529 ], [ 45089.92500000000291, 5942147.025000000372529 ], [ 45089.92500000000291, 5942146.950000000186265 ], [ 45089.849999999998545, 5942146.950000000186265 ], [ 45089.849999999998545, 5942146.799999999813735 ], [ 45089.775000000001455, 5942146.799999999813735 ], [ 45089.775000000001455, 5942146.724999999627471 ], [ 45089.69999999999709, 5942146.724999999627471 ], [ 45089.69999999999709, 5942146.575000000186265 ], [ 45089.625, 5942146.575000000186265 ], [ 45089.625, 5942146.424999999813735 ], [ 45089.55000000000291, 5942146.424999999813735 ], [ 45089.55000000000291, 5942145.974999999627471 ], [ 45089.474999999998545, 5942145.974999999627471 ], [ 45089.474999999998545, 5942145.450000000186265 ], [ 45089.400000000001455, 5942145.450000000186265 ], [ 45089.400000000001455, 5942144.924999999813735 ], [ 45089.32499999999709, 5942144.924999999813735 ], [ 45089.32499999999709, 5942144.025000000372529 ], [ 45089.400000000001455, 5942144.025000000372529 ], [ 45089.400000000001455, 5942143.650000000372529 ], [ 45089.474999999998545, 5942143.650000000372529 ], [ 45089.474999999998545, 5942143.349999999627471 ], [ 45089.55000000000291, 5942143.349999999627471 ], [ 45089.55000000000291, 5942143.125 ], [ 45089.625, 5942143.125 ], [ 45089.625, 5942142.900000000372529 ], [ 45089.69999999999709, 5942142.900000000372529 ], [ 45089.69999999999709, 5942142.825000000186265 ], [ 45089.849999999998545, 5942142.825000000186265 ], [ 45089.849999999998545, 5942142.75 ], [ 45089.92500000000291, 5942142.75 ], [ 45089.92500000000291, 5942142.674999999813735 ], [ 45090.07499999999709, 5942142.674999999813735 ], [ 45090.07499999999709, 5942142.599999999627471 ], [ 45090.224999999998545, 5942142.599999999627471 ], [ 45090.224999999998545, 5942142.525000000372529 ], [ 45090.375, 5942142.525000000372529 ], [ 45090.375, 5942142.450000000186265 ], [ 45090.44999999999709, 5942142.450000000186265 ], [ 45090.44999999999709, 5942142.375 ], [ 45090.525000000001455, 5942142.375 ], [ 45090.525000000001455, 5942142.299999999813735 ], [ 45090.599999999998545, 5942142.299999999813735 ], [ 45090.599999999998545, 5942142.224999999627471 ], [ 45090.67500000000291, 5942142.224999999627471 ], [ 45090.67500000000291, 5942142.150000000372529 ], [ 45090.82499999999709, 5942142.150000000372529 ], [ 45090.82499999999709, 5942142.075000000186265 ], [ 45090.900000000001455, 5942142.075000000186265 ], [ 45090.900000000001455, 5942142.0 ], [ 45091.05000000000291, 5942142.0 ], [ 45091.05000000000291, 5942141.924999999813735 ], [ 45091.125, 5942141.924999999813735 ], [ 45091.125, 5942141.849999999627471 ], [ 45091.275000000001455, 5942141.849999999627471 ], [ 45091.275000000001455, 5942141.775000000372529 ], [ 45091.349999999998545, 5942141.775000000372529 ], [ 45091.349999999998545, 5942141.700000000186265 ], [ 45091.5, 5942141.700000000186265 ], [ 45091.5, 5942141.625 ], [ 45091.650000000001455, 5942141.625 ], [ 45091.650000000001455, 5942141.549999999813735 ], [ 45091.80000000000291, 5942141.549999999813735 ], [ 45091.80000000000291, 5942141.474999999627471 ], [ 45091.94999999999709, 5942141.474999999627471 ], [ 45091.94999999999709, 5942141.400000000372529 ], [ 45092.099999999998545, 5942141.400000000372529 ], [ 45092.099999999998545, 5942141.325000000186265 ], [ 45092.849999999998545, 5942141.325000000186265 ], [ 45092.849999999998545, 5942141.400000000372529 ], [ 45093.900000000001455, 5942141.400000000372529 ], [ 45093.900000000001455, 5942141.474999999627471 ], [ 45094.275000000001455, 5942141.474999999627471 ], [ 45094.275000000001455, 5942141.549999999813735 ], [ 45094.5, 5942141.549999999813735 ], [ 45094.5, 5942141.625 ], [ 45094.650000000001455, 5942141.625 ], [ 45094.650000000001455, 5942141.700000000186265 ], [ 45094.875, 5942141.700000000186265 ], [ 45094.875, 5942141.775000000372529 ], [ 45095.099999999998545, 5942141.775000000372529 ], [ 45095.099999999998545, 5942141.849999999627471 ], [ 45095.25, 5942141.849999999627471 ], [ 45095.25, 5942141.924999999813735 ], [ 45095.474999999998545, 5942141.924999999813735 ], [ 45095.474999999998545, 5942142.0 ], [ 45095.69999999999709, 5942142.0 ], [ 45095.69999999999709, 5942142.075000000186265 ], [ 45095.92500000000291, 5942142.075000000186265 ], [ 45095.92500000000291, 5942142.150000000372529 ], [ 45096.07499999999709, 5942142.150000000372529 ], [ 45096.07499999999709, 5942142.224999999627471 ], [ 45096.224999999998545, 5942142.224999999627471 ], [ 45096.224999999998545, 5942142.299999999813735 ], [ 45096.375, 5942142.299999999813735 ], [ 45096.375, 5942142.375 ], [ 45096.44999999999709, 5942142.375 ], [ 45096.44999999999709, 5942142.450000000186265 ], [ 45096.525000000001455, 5942142.450000000186265 ], [ 45096.525000000001455, 5942142.525000000372529 ], [ 45096.599999999998545, 5942142.525000000372529 ], [ 45096.599999999998545, 5942142.599999999627471 ], [ 45096.75, 5942142.599999999627471 ], [ 45096.75, 5942142.674999999813735 ], [ 45096.82499999999709, 5942142.674999999813735 ], [ 45096.82499999999709, 5942142.75 ], [ 45096.900000000001455, 5942142.75 ], [ 45096.900000000001455, 5942142.825000000186265 ], [ 45096.974999999998545, 5942142.825000000186265 ], [ 45096.974999999998545, 5942142.900000000372529 ], [ 45097.125, 5942142.900000000372529 ], [ 45097.125, 5942142.974999999627471 ], [ 45097.19999999999709, 5942142.974999999627471 ], [ 45097.19999999999709, 5942143.049999999813735 ], [ 45097.349999999998545, 5942143.049999999813735 ], [ 45097.349999999998545, 5942143.125 ], [ 45097.42500000000291, 5942143.125 ], [ 45097.42500000000291, 5942143.200000000186265 ], [ 45097.57499999999709, 5942143.200000000186265 ], [ 45097.57499999999709, 5942143.275000000372529 ], [ 45097.724999999998545, 5942143.275000000372529 ], [ 45097.724999999998545, 5942143.349999999627471 ], [ 45097.94999999999709, 5942143.349999999627471 ], [ 45097.94999999999709, 5942143.424999999813735 ], [ 45098.099999999998545, 5942143.424999999813735 ], [ 45098.099999999998545, 5942143.5 ], [ 45098.25, 5942143.5 ], [ 45098.25, 5942143.575000000186265 ], [ 45098.474999999998545, 5942143.575000000186265 ], [ 45098.474999999998545, 5942143.650000000372529 ], [ 45098.625, 5942143.650000000372529 ], [ 45098.625, 5942143.724999999627471 ], [ 45098.775000000001455, 5942143.724999999627471 ], [ 45098.775000000001455, 5942143.799999999813735 ], [ 45098.92500000000291, 5942143.799999999813735 ], [ 45098.92500000000291, 5942143.875 ], [ 45099.07499999999709, 5942143.875 ], [ 45099.07499999999709, 5942143.950000000186265 ], [ 45099.224999999998545, 5942143.950000000186265 ], [ 45099.224999999998545, 5942144.025000000372529 ], [ 45099.375, 5942144.025000000372529 ], [ 45099.375, 5942144.099999999627471 ], [ 45099.525000000001455, 5942144.099999999627471 ], [ 45099.525000000001455, 5942144.174999999813735 ], [ 45099.599999999998545, 5942144.174999999813735 ], [ 45099.599999999998545, 5942144.25 ], [ 45099.75, 5942144.25 ], [ 45099.75, 5942144.325000000186265 ], [ 45099.900000000001455, 5942144.325000000186265 ], [ 45099.900000000001455, 5942144.400000000372529 ], [ 45099.974999999998545, 5942144.400000000372529 ], [ 45099.974999999998545, 5942144.474999999627471 ], [ 45100.05000000000291, 5942144.474999999627471 ], [ 45100.05000000000291, 5942144.549999999813735 ], [ 45100.125, 5942144.549999999813735 ], [ 45100.125, 5942144.625 ], [ 45100.19999999999709, 5942144.625 ], [ 45100.19999999999709, 5942144.775000000372529 ], [ 45100.275000000001455, 5942144.775000000372529 ], [ 45100.275000000001455, 5942144.849999999627471 ], [ 45100.349999999998545, 5942144.849999999627471 ], [ 45100.349999999998545, 5942144.924999999813735 ], [ 45100.42500000000291, 5942144.924999999813735 ], [ 45100.42500000000291, 5942145.0 ], [ 45100.5, 5942145.0 ], [ 45100.5, 5942145.150000000372529 ], [ 45100.57499999999709, 5942145.150000000372529 ], [ 45100.57499999999709, 5942145.224999999627471 ], [ 45100.650000000001455, 5942145.224999999627471 ], [ 45100.650000000001455, 5942145.299999999813735 ], [ 45100.724999999998545, 5942145.299999999813735 ], [ 45100.724999999998545, 5942145.375 ], [ 45100.80000000000291, 5942145.375 ], [ 45100.80000000000291, 5942145.450000000186265 ], [ 45100.875, 5942145.450000000186265 ], [ 45100.875, 5942145.599999999627471 ], [ 45100.94999999999709, 5942145.599999999627471 ], [ 45100.94999999999709, 5942145.674999999813735 ], [ 45101.025000000001455, 5942145.674999999813735 ], [ 45101.025000000001455, 5942145.75 ], [ 45101.099999999998545, 5942145.75 ], [ 45101.099999999998545, 5942145.825000000186265 ], [ 45101.17500000000291, 5942145.825000000186265 ], [ 45101.17500000000291, 5942145.900000000372529 ], [ 45101.25, 5942145.900000000372529 ], [ 45101.25, 5942145.974999999627471 ], [ 45101.32499999999709, 5942145.974999999627471 ], [ 45101.32499999999709, 5942146.125 ], [ 45101.400000000001455, 5942146.125 ], [ 45101.400000000001455, 5942146.200000000186265 ], [ 45101.474999999998545, 5942146.200000000186265 ], [ 45101.474999999998545, 5942146.275000000372529 ], [ 45101.55000000000291, 5942146.275000000372529 ], [ 45101.55000000000291, 5942146.349999999627471 ], [ 45101.625, 5942146.349999999627471 ], [ 45101.625, 5942146.5 ], [ 45101.55000000000291, 5942146.5 ], [ 45101.55000000000291, 5942146.724999999627471 ], [ 45101.474999999998545, 5942146.724999999627471 ], [ 45101.474999999998545, 5942146.950000000186265 ], [ 45101.400000000001455, 5942146.950000000186265 ], [ 45101.400000000001455, 5942147.099999999627471 ], [ 45101.32499999999709, 5942147.099999999627471 ], [ 45101.32499999999709, 5942147.325000000186265 ], [ 45101.25, 5942147.325000000186265 ], [ 45101.25, 5942147.549999999813735 ], [ 45101.17500000000291, 5942147.549999999813735 ], [ 45101.17500000000291, 5942147.775000000372529 ], [ 45101.099999999998545, 5942147.775000000372529 ], [ 45101.099999999998545, 5942147.924999999813735 ], [ 45101.025000000001455, 5942147.924999999813735 ], [ 45101.025000000001455, 5942148.150000000372529 ], [ 45100.94999999999709, 5942148.150000000372529 ], [ 45100.94999999999709, 5942148.375 ], [ 45100.875, 5942148.375 ], [ 45100.875, 5942148.525000000372529 ], [ 45100.80000000000291, 5942148.525000000372529 ], [ 45100.80000000000291, 5942148.674999999813735 ], [ 45100.724999999998545, 5942148.674999999813735 ], [ 45100.724999999998545, 5942148.900000000372529 ], [ 45100.650000000001455, 5942148.900000000372529 ], [ 45100.650000000001455, 5942149.049999999813735 ], [ 45100.57499999999709, 5942149.049999999813735 ], [ 45100.57499999999709, 5942149.200000000186265 ], [ 45100.5, 5942149.200000000186265 ], [ 45100.5, 5942149.349999999627471 ], [ 45100.42500000000291, 5942149.349999999627471 ], [ 45100.42500000000291, 5942149.424999999813735 ], [ 45100.349999999998545, 5942149.424999999813735 ], [ 45100.349999999998545, 5942149.575000000186265 ], [ 45100.275000000001455, 5942149.575000000186265 ], [ 45100.275000000001455, 5942149.724999999627471 ], [ 45100.19999999999709, 5942149.724999999627471 ], [ 45100.19999999999709, 5942149.799999999813735 ], [ 45100.125, 5942149.799999999813735 ], [ 45100.125, 5942149.875 ], [ 45100.05000000000291, 5942149.875 ], [ 45100.05000000000291, 5942150.025000000372529 ], [ 45099.974999999998545, 5942150.025000000372529 ], [ 45099.974999999998545, 5942150.174999999813735 ], [ 45099.900000000001455, 5942150.174999999813735 ], [ 45099.900000000001455, 5942150.325000000186265 ], [ 45099.82499999999709, 5942150.325000000186265 ], [ 45099.82499999999709, 5942150.549999999813735 ], [ 45099.75, 5942150.549999999813735 ], [ 45099.75, 5942150.775000000372529 ], [ 45099.67500000000291, 5942150.775000000372529 ], [ 45099.67500000000291, 5942150.924999999813735 ], [ 45099.599999999998545, 5942150.924999999813735 ], [ 45099.599999999998545, 5942151.150000000372529 ], [ 45099.525000000001455, 5942151.150000000372529 ], [ 45099.525000000001455, 5942151.299999999813735 ], [ 45099.44999999999709, 5942151.299999999813735 ], [ 45099.44999999999709, 5942151.525000000372529 ], [ 45099.375, 5942151.525000000372529 ], [ 45099.375, 5942151.674999999813735 ], [ 45099.30000000000291, 5942151.674999999813735 ], [ 45099.30000000000291, 5942151.75 ], [ 45099.224999999998545, 5942151.75 ], [ 45099.224999999998545, 5942151.825000000186265 ], [ 45099.150000000001455, 5942151.825000000186265 ], [ 45099.150000000001455, 5942151.900000000372529 ], [ 45099.07499999999709, 5942151.900000000372529 ], [ 45099.07499999999709, 5942151.974999999627471 ], [ 45099.0, 5942151.974999999627471 ], [ 45099.0, 5942152.049999999813735 ], [ 45098.849999999998545, 5942152.049999999813735 ], [ 45098.849999999998545, 5942152.125 ], [ 45098.775000000001455, 5942152.125 ], [ 45098.775000000001455, 5942152.200000000186265 ], [ 45098.625, 5942152.200000000186265 ], [ 45098.625, 5942152.275000000372529 ], [ 45098.55000000000291, 5942152.275000000372529 ], [ 45098.55000000000291, 5942152.349999999627471 ], [ 45098.400000000001455, 5942152.349999999627471 ], [ 45098.400000000001455, 5942152.424999999813735 ], [ 45098.32499999999709, 5942152.424999999813735 ], [ 45098.32499999999709, 5942152.5 ], [ 45098.17500000000291, 5942152.5 ], [ 45098.17500000000291, 5942152.575000000186265 ], [ 45098.025000000001455, 5942152.575000000186265 ], [ 45098.025000000001455, 5942152.650000000372529 ], [ 45097.94999999999709, 5942152.650000000372529 ], [ 45097.94999999999709, 5942152.724999999627471 ], [ 45097.80000000000291, 5942152.724999999627471 ], [ 45097.80000000000291, 5942152.799999999813735 ], [ 45097.650000000001455, 5942152.799999999813735 ], [ 45097.650000000001455, 5942152.875 ], [ 45097.5, 5942152.875 ], [ 45097.5, 5942152.950000000186265 ], [ 45097.275000000001455, 5942152.950000000186265 ], [ 45097.275000000001455, 5942153.025000000372529 ], [ 45097.125, 5942153.025000000372529 ], [ 45097.125, 5942153.099999999627471 ], [ 45096.900000000001455, 5942153.099999999627471 ], [ 45096.900000000001455, 5942153.174999999813735 ], [ 45096.599999999998545, 5942153.174999999813735 ], [ 45096.599999999998545, 5942153.25 ], [ 45096.375, 5942153.25 ], [ 45096.375, 5942153.325000000186265 ], [ 45096.0, 5942153.325000000186265 ], [ 45096.0, 5942153.400000000372529 ], [ 45095.474999999998545, 5942153.400000000372529 ], [ 45095.474999999998545, 5942153.474999999627471 ], [ 45094.94999999999709, 5942153.474999999627471 ], [ 45094.94999999999709, 5942153.549999999813735 ], [ 45094.42500000000291, 5942153.549999999813735 ], [ 45094.42500000000291, 5942153.625 ], [ 45094.05000000000291, 5942153.625 ] ] ] } },
{ "type": "Feature", "properties": { "value": 1.0, "building_id": 9, "area": 32.928750000476263 }, "geometry": { "type": "Polygon", "coordinates": [ [ [ 45146.849999999998545, 5942144.099999999627471 ], [ 45146.849999999998545, 5942144.025000000372529 ], [ 45146.775000000001455, 5942144.025000000372529 ], [ 45146.775000000001455, 5942143.875 ], [ 45146.69999999999709, 5942143.875 ], [ 45146.69999999999709, 5942143.724999999627471 ], [ 45146.625, 5942143.724999999627471 ], [ 45146.625, 5942143.650000000372529 ], [ 45146.55000000000291, 5942143.650000000372529 ], [ 45146.55000000000291, 5942143.5 ], [ 45146.474999999998545, 5942143.5 ], [ 45146.474999999998545, 5942143.349999999627471 ], [ 45146.400000000001455, 5942143.349999999627471 ], [ 45146.400000000001455, 5942143.275000000372529 ], [ 45146.32499999999709, 5942143.275000000372529 ], [ 45146.32499999999709, 5942143.125 ], [ 45146.25, 5942143.125 ], [ 45146.25, 5942142.974999999627471 ], [ 45146.17500000000291, 5942142.974999999627471 ], [ 45146.17500000000291, 5942142.900000000372529 ], [ 45146.099999999998545, 5942142.900000000372529 ], [ 45146.099999999998545, 5942142.75 ], [ 45146.025000000001455, 5942142.75 ], [ 45146.025000000001455, 5942142.599999999627471 ], [ 45145.94999999999709, 5942142.599999999627471 ], [ 45145.94999999999709, 5942142.525000000372529 ], [ 45145.875, 5942142.525000000372529 ], [ 45145.875, 5942142.375 ], [ 45145.80000000000291, 5942142.375 ], [ 45145.80000000000291, 5942142.299999999813735 ], [ 45145.724999999998545, 5942142.299999999813735 ], [ 45145.724999999998545, 5942142.150000000372529 ], [ 45145.650000000001455, 5942142.150000000372529 ], [ 45145.650000000001455, 5942142.075000000186265 ], [ 45145.57499999999709, 5942142.075000000186265 ], [ 45145.57499999999709, 5942141.924999999813735 ], [ 45145.5, 5942141.924999999813735 ], [ 45145.5, 5942141.849999999627471 ], [ 45145.42500000000291, 5942141.849999999627471 ], [ 45145.42500000000291, 5942141.700000000186265 ], [ 45145.349999999998545, 5942141.700000000186265 ], [ 45145.349999999998545, 5942141.625 ], [ 45145.275000000001455, 5942141.625 ], [ 45145.275000000001455, 5942141.549999999813735 ], [ 45145.19999999999709, 5942141.549999999813735 ], [ 45145.19999999999709, 5942141.474999999627471 ], [ 45145.125, 5942141.474999999627471 ], [ 45145.125, 5942141.325000000186265 ], [ 45145.05000000000291, 5942141.325000000186265 ], [ 45145.05000000000291, 5942141.25 ], [ 45144.974999999998545, 5942141.25 ], [ 45144.974999999998545, 5942141.174999999813735 ], [ 45144.900000000001455, 5942141.174999999813735 ], [ 45144.900000000001455, 5942141.099999999627471 ], [ 45144.82499999999709, 5942141.099999999627471 ], [ 45144.82499999999709, 5942141.025000000372529 ], [ 45144.75, 5942141.025000000372529 ], [ 45144.75, 5942140.950000000186265 ], [ 45144.67500000000291, 5942140.950000000186265 ], [ 45144.67500000000291, 5942140.875 ], [ 45144.599999999998545, 5942140.875 ], [ 45144.599999999998545, 5942140.799999999813735 ], [ 45144.525000000001455, 5942140.799999999813735 ], [ 45144.525000000001455, 5942140.650000000372529 ], [ 45144.44999999999709, 5942140.650000000372529 ], [ 45144.44999999999709, 5942140.575000000186265 ], [ 45144.375, 5942140.575000000186265 ], [ 45144.375, 5942140.5 ], [ 45144.30000000000291, 5942140.5 ], [ 45144.30000000000291, 5942140.424999999813735 ], [ 45144.224999999998545, 5942140.424999999813735 ], [ 45144.224999999998545, 5942140.349999999627471 ], [ 45144.150000000001455, 5942140.349999999627471 ], [ 45144.150000000001455, 5942140.275000000372529 ], [ 45144.07499999999709, 5942140.275000000372529 ], [ 45144.07499999999709, 5942140.125 ], [ 45144.0, 5942140.125 ], [ 45144.0, 5942140.049999999813735 ], [ 45143.92500000000291, 5942140.049999999813735 ], [ 45143.92500000000291, 5942139.974999999627471 ], [ 45143.849999999998545, 5942139.974999999627471 ], [ 45143.849999999998545, 5942139.900000000372529 ], [ 45143.775000000001455, 5942139.900000000372529 ], [ 45143.775000000001455, 5942139.825000000186265 ], [ 45143.69999999999709, 5942139.825000000186265 ], [ 45143.69999999999709, 5942139.75 ], [ 45143.625, 5942139.75 ], [ 45143.625, 5942139.674999999813735 ], [ 45143.55000000000291, 5942139.674999999813735 ], [ 45143.55000000000291, 5942139.599999999627471 ], [ 45143.474999999998545, 5942139.599999999627471 ], [ 45143.474999999998545, 5942139.525000000372529 ], [ 45143.32499999999709, 5942139.525000000372529 ], [ 45143.32499999999709, 5942139.450000000186265 ], [ 45143.25, 5942139.450000000186265 ], [ 45143.25, 5942139.375 ], [ 45143.17500000000291, 5942139.375 ], [ 45143.17500000000291, 5942139.299999999813735 ], [ 45143.099999999998545, 5942139.299999999813735 ], [ 45143.099999999998545, 5942139.224999999627471 ], [ 45143.025000000001455, 5942139.224999999627471 ], [ 45143.025000000001455, 5942139.150000000372529 ], [ 45142.875, 5942139.150000000372529 ], [ 45142.875, 5942139.075000000186265 ], [ 45142.80000000000291, 5942139.075000000186265 ], [ 45142.80000000000291, 5942139.0 ], [ 45142.724999999998545, 5942139.0 ], [ 45142.724999999998545, 5942138.924999999813735 ], [ 45142.57499999999709, 5942138.924999999813735 ], [ 45142.57499999999709, 5942138.849999999627471 ], [ 45142.5, 5942138.849999999627471 ], [ 45142.5, 5942138.775000000372529 ], [ 45142.349999999998545, 5942138.775000000372529 ], [ 45142.349999999998545, 5942138.700000000186265 ], [ 45142.275000000001455, 5942138.700000000186265 ], [ 45142.275000000001455, 5942138.625 ], [ 45142.125, 5942138.625 ], [ 45142.125, 5942138.549999999813735 ], [ 45142.275000000001455, 5942138.549999999813735 ], [ 45142.275000000001455, 5942138.474999999627471 ], [ 45142.42500000000291, 5942138.474999999627471 ], [ 45142.42500000000291, 5942138.400000000372529 ], [ 45142.57499999999709, 5942138.400000000372529 ], [ 45142.57499999999709, 5942138.325000000186265 ], [ 45142.724999999998545, 5942138.325000000186265 ], [ 45142.724999999998545, 5942138.25 ], [ 45142.875, 5942138.25 ], [ 45142.875, 5942138.174999999813735 ], [ 45143.025000000001455, 5942138.174999999813735 ], [ 45143.025000000001455, 5942138.099999999627471 ], [ 45143.25, 5942138.099999999627471 ], [ 45143.25, 5942138.025000000372529 ], [ 45143.400000000001455, 5942138.025000000372529 ], [ 45143.400000000001455, 5942137.950000000186265 ], [ 45143.625, 5942137.950000000186265 ], [ 45143.625, 5942137.875 ], [ 45143.849999999998545, 5942137.875 ], [ 45143.849999999998545, 5942137.799999999813735 ], [ 45144.07499999999709, 5942137.799999999813735 ], [ 45144.07499999999709, 5942137.724999999627471 ], [ 45144.224999999998545, 5942137.724999999627471 ], [ 45144.224999999998545, 5942137.650000000372529 ], [ 45144.44999999999709, 5942137.650000000372529 ], [ 45144.44999999999709, 5942137.575000000186265 ], [ 45144.75, 5942137.575000000186265 ], [ 45144.75, 5942137.5 ], [ 45144.974999999998545, 5942137.5 ], [ 45144.974999999998545, 5942137.424999999813735 ], [ 45145.19999999999709, 5942137.424999999813735 ], [ 45145.19999999999709, 5942137.349999999627471 ], [ 45145.5, 5942137.349999999627471 ], [ 45145.5, 5942137.275000000372529 ], [ 45145.724999999998545, 5942137.275000000372529 ], [ 45145.724999999998545, 5942137.200000000186265 ], [ 45146.025000000001455, 5942137.200000000186265 ], [ 45146.025000000001455, 5942137.125 ], [ 45146.25, 5942137.125 ], [ 45146.25, 5942137.049999999813735 ], [ 45146.55000000000291, 5942137.049999999813735 ], [ 45146.55000000000291, 5942136.974999999627471 ], [ 45146.849999999998545, 5942136.974999999627471 ], [ 45146.849999999998545, 5942136.900000000372529 ], [ 45146.92500000000291, 5942136.900000000372529 ], [ 45146.92500000000291, 5942136.974999999627471 ], [ 45147.525000000001455, 5942136.974999999627471 ], [ 45147.525000000001455, 5942137.049999999813735 ], [ 45148.05000000000291, 5942137.049999999813735 ], [ 45148.05000000000291, 5942137.125 ], [ 45148.724999999998545, 5942137.125 ], [ 45148.724999999998545, 5942137.200000000186265 ], [ 45148.94999999999709, 5942137.200000000186265 ], [ 45148.94999999999709, 5942137.275000000372529 ], [ 45149.099999999998545, 5942137.275000000372529 ], [ 45149.099999999998545, 5942137.349999999627471 ], [ 45149.25, 5942137.349999999627471 ], [ 45149.25, 5942137.424999999813735 ], [ 45149.400000000001455, 5942137.424999999813735 ], [ 45149.400000000001455, 5942137.5 ], [ 45149.55000000000291, 5942137.5 ], [ 45149.55000000000291, 5942137.575000000186265 ], [ 45149.69999999999709, 5942137.575000000186265 ], [ 45149.69999999999709, 5942137.650000000372529 ], [ 45149.849999999998545, 5942137.650000000372529 ], [ 45149.849999999998545, 5942137.724999999627471 ], [ 45150.0, 5942137.724999999627471 ], [ 45150.0, 5942137.799999999813735 ], [ 45150.150000000001455, 5942137.799999999813735 ], [ 45150.150000000001455, 5942137.875 ], [ 45150.224999999998545, 5942137.875 ], [ 45150.224999999998545, 5942137.950000000186265 ], [ 45150.375, 5942137.950000000186265 ], [ 45150.375, 5942138.025000000372529 ], [ 45150.525000000001455, 5942138.025000000372529 ], [ 45150.525000000001455, 5942138.099999999627471 ], [ 45150.599999999998545, 5942138.099999999627471 ], [ 45150.599999999998545, 5942138.174999999813735 ], [ 45150.75, 5942138.174999999813735 ], [ 45150.75, 5942138.25 ], [ 45150.82499999999709, 5942138.25 ], [ 45150.82499999999709, 5942138.325000000186265 ], [ 45150.974999999998545, 5942138.325000000186265 ], [ 45150.974999999998545, 5942138.400000000372529 ], [ 45151.05000000000291, 5942138.400000000372529 ], [ 45151.05000000000291, 5942138.474999999627471 ], [ 45151.125, 5942138.474999999627471 ], [ 45151.125, 5942138.549999999813735 ], [ 45151.19999999999709, 5942138.549999999813735 ], [ 45151.19999999999709, 5942138.625 ], [ 45151.125, 5942138.625 ], [ 45151.125, 5942138.700000000186265 ], [ 45151.05000000000291, 5942138.700000000186265 ], [ 45151.05000000000291, 5942138.775000000372529 ], [ 45150.974999999998545, 5942138.775000000372529 ], [ 45150.974999999998545, 5942138.849999999627471 ], [ 45150.900000000001455, 5942138.849999999627471 ], [ 45150.900000000001455, 5942138.924999999813735 ], [ 45150.82499999999709, 5942138.924999999813735 ], [ 45150.82499999999709, 5942139.0 ], [ 45150.75, 5942139.0 ], [ 45150.75, 5942139.075000000186265 ], [ 45150.67500000000291, 5942139.075000000186265 ], [ 45150.67500000000291, 5942139.150000000372529 ], [ 45150.599999999998545, 5942139.150000000372529 ], [ 45150.599999999998545, 5942139.224999999627471 ], [ 45150.525000000001455, 5942139.224999999627471 ], [ 45150.525000000001455, 5942139.299999999813735 ], [ 45150.44999999999709, 5942139.299999999813735 ], [ 45150.44999999999709, 5942139.375 ], [ 45150.375, 5942139.375 ], [ 45150.375, 5942139.525000000372529 ], [ 45150.30000000000291, 5942139.525000000372529 ], [ 45150.30000000000291, 5942139.599999999627471 ], [ 45150.224999999998545, 5942139.599999999627471 ], [ 45150.224999999998545, 5942139.674999999813735 ], [ 45150.150000000001455, 5942139.674999999813735 ], [ 45150.150000000001455, 5942139.825000000186265 ], [ 45150.07499999999709, 5942139.825000000186265 ], [ 45150.07499999999709, 5942139.900000000372529 ], [ 45150.0, 5942139.900000000372529 ], [ 45150.0, 5942140.049999999813735 ], [ 45149.92500000000291, 5942140.049999999813735 ], [ 45149.92500000000291, 5942140.125 ], [ 45149.849999999998545, 5942140.125 ], [ 45149.849999999998545, 5942140.275000000372529 ], [ 45149.775000000001455, 5942140.275000000372529 ], [ 45149.775000000001455, 5942140.424999999813735 ], [ 45149.69999999999709, 5942140.424999999813735 ], [ 45149.69999999999709, 5942140.575000000186265 ], [ 45149.625, 5942140.575000000186265 ], [ 45149.625, 5942140.724999999627471 ], [ 45149.55000000000291, 5942140.724999999627471 ], [ 45149.55000000000291, 5942140.875 ], [ 45149.474999999998545, 5942140.875 ], [ 45149.474999999998545, 5942141.099999999627471 ], [ 45149.400000000001455, 5942141.099999999627471 ], [ 45149.400000000001455, 5942141.25 ], [ 45149.32499999999709, 5942141.25 ], [ 45149.32499999999709, 5942141.400000000372529 ], [ 45149.25, 5942141.400000000372529 ], [ 45149.25, 5942141.549999999813735 ], [ 45149.17500000000291, 5942141.549999999813735 ], [ 45149.17500000000291, 5942141.700000000186265 ], [ 45149.099999999998545, 5942141.700000000186265 ], [ 45149.099999999998545, 5942141.924999999813735 ], [ 45149.025000000001455, 5942141.924999999813735 ], [ 45149.025000000001455, 5942142.075000000186265 ], [ 45148.94999999999709, 5942142.075000000186265 ], [ 45148.94999999999709, 5942142.224999999627471 ], [ 45148.875, 5942142.224999999627471 ], [ 45148.875, 5942142.375 ], [ 45148.80000000000291, 5942142.375 ], [ 45148.80000000000291, 5942142.450000000186265 ], [ 45148.724999999998545, 5942142.450000000186265 ], [ 45148.724999999998545, 5942142.525000000372529 ], [ 45148.650000000001455, 5942142.525000000372529 ], [ 45148.650000000001455, 5942142.599999999627471 ], [ 45148.5, 5942142.599999999627471 ], [ 45148.5, 5942142.674999999813735 ], [ 45148.42500000000291, 5942142.674999999813735 ], [ 45148.42500000000291, 5942142.75 ], [ 45148.349999999998545, 5942142.75 ], [ 45148.349999999998545, 5942142.825000000186265 ], [ 45148.19999999999709, 5942142.825000000186265 ], [ 45148.19999999999709, 5942142.900000000372529 ], [ 45148.125, 5942142.900000000372529 ], [ 45148.125, 5942142.974999999627471 ], [ 45148.05000000000291, 5942142.974999999627471 ], [ 45148.05000000000291, 5942143.049999999813735 ], [ 45147.974999999998545, 5942143.049999999813735 ], [ 45147.974999999998545, 5942143.125 ], [ 45147.900000000001455, 5942143.125 ], [ 45147.900000000001455, 5942143.200000000186265 ], [ 45147.75, 5942143.200000000186265 ], [ 45147.75, 5942143.275000000372529 ], [ 45147.67500000000291, 5942143.275000000372529 ], [ 45147.67500000000291, 5942143.349999999627471 ], [ 45147.599999999998545, 5942143.349999999627471 ], [ 45147.599999999998545, 5942143.424999999813735 ], [ 45147.525000000001455, 5942143.424999999813735 ], [ 45147.525000000001455, 5942143.5 ], [ 45147.44999999999709, 5942143.5 ], [ 45147.44999999999709, 5942143.575000000186265 ], [ 45147.375, 5942143.575000000186265 ], [ 45147.375, 5942143.650000000372529 ], [ 45147.30000000000291, 5942143.650000000372529 ], [ 45147.30000000000291, 5942143.724999999627471 ], [ 45147.224999999998545, 5942143.724999999627471 ], [ 45147.224999999998545, 5942143.799999999813735 ], [ 45147.150000000001455, 5942143.799999999813735 ], [ 45147.150000000001455, 5942143.875 ], [ 45147.07499999999709, 5942143.875 ], [ 45147.07499999999709, 5942143.950000000186265 ], [ 45147.0, 5942143.950000000186265 ], [ 45147.0, 5942144.025000000372529 ], [ 45146.92500000000291, 5942144.025000000372529 ], [ 45146.92500000000291, 5942144.099999999627471 ], [ 45146.849999999998545, 5942144.099999999627471 ] ] ] } },
{ "type": "Feature", "properties": { "value": 1.0, "building_id": 10, "area": 9.1743749998074797 }, "geometry": { "type": "Polygon", "coordinates": [ [ [ 45109.724999999998545, 5942116.424999999813735 ], [ 45109.724999999998545, 5942116.349999999627471 ], [ 45109.05000000000291, 5942116.349999999627471 ], [ 45109.05000000000291, 5942116.275000000372529 ], [ 45108.375, 5942116.275000000372529 ], [ 45108.375, 5942116.200000000186265 ], [ 45107.775000000001455, 5942116.200000000186265 ], [ 45107.775000000001455, 5942116.049999999813735 ], [ 45107.69999999999709, 5942116.049999999813735 ], [ 45107.69999999999709, 5942115.974999999627471 ], [ 45107.625, 5942115.974999999627471 ], [ 45107.625, 5942115.825000000186265 ], [ 45107.55000000000291, 5942115.825000000186265 ], [ 45107.55000000000291, 5942115.674999999813735 ], [ 45107.474999999998545, 5942115.674999999813735 ], [ 45107.474999999998545, 5942115.525000000372529 ], [ 45107.400000000001455, 5942115.525000000372529 ], [ 45107.400000000001455, 5942115.299999999813735 ], [ 45107.32499999999709, 5942115.299999999813735 ], [ 45107.32499999999709, 5942115.150000000372529 ], [ 45107.25, 5942115.150000000372529 ], [ 45107.25, 5942115.075000000186265 ], [ 45107.32499999999709, 5942115.075000000186265 ], [ 45107.32499999999709, 5942114.099999999627471 ], [ 45107.400000000001455, 5942114.099999999627471 ], [ 45107.400000000001455, 5942113.275000000372529 ], [ 45107.474999999998545, 5942113.275000000372529 ], [ 45107.474999999998545, 5942113.049999999813735 ], [ 45107.55000000000291, 5942113.049999999813735 ], [ 45107.55000000000291, 5942112.974999999627471 ], [ 45107.625, 5942112.974999999627471 ], [ 45107.625, 5942112.900000000372529 ], [ 45107.69999999999709, 5942112.900000000372529 ], [ 45107.69999999999709, 5942112.825000000186265 ], [ 45107.775000000001455, 5942112.825000000186265 ], [ 45107.775000000001455, 5942112.75 ], [ 45108.375, 5942112.75 ], [ 45108.375, 5942112.825000000186265 ], [ 45109.275000000001455, 5942112.825000000186265 ], [ 45109.275000000001455, 5942112.900000000372529 ], [ 45109.80000000000291, 5942112.900000000372529 ], [ 45109.80000000000291, 5942112.974999999627471 ], [ 45109.875, 5942112.974999999627471 ], [ 45109.875, 5942113.049999999813735 ], [ 45109.94999999999709, 5942113.049999999813735 ], [ 45109.94999999999709, 5942113.200000000186265 ], [ 45110.025000000001455, 5942113.200000000186265 ], [ 45110.025000000001455, 5942113.575000000186265 ], [ 45110.099999999998545, 5942113.575000000186265 ], [ 45110.099999999998545, 5942114.099999999627471 ], [ 45110.17500000000291, 5942114.099999999627471 ], [ 45110.17500000000291, 5942114.549999999813735 ], [ 45110.25, 5942114.549999999813735 ], [ 45110.25, 5942115.375 ], [ 45110.17500000000291, 5942115.375 ], [ 45110.17500000000291, 5942115.599999999627471 ], [ 45110.099999999998545, 5942115.599999999627471 ], [ 45110.099999999998545, 5942115.75 ], [ 45110.025000000001455, 5942115.75 ], [ 45110.025000000001455, 5942115.900000000372529 ], [ 45109.94999999999709, 5942115.900000000372529 ], [ 45109.94999999999709, 5942116.125 ], [ 45109.875, 5942116.125 ], [ 45109.875, 5942116.275000000372529 ], [ 45109.80000000000291, 5942116.275000000372529 ], [ 45109.80000000000291, 5942116.424999999813735 ], [ 45109.724999999998545, 5942116.424999999813735 ] ] ] } },
{ "type": "Feature", "properties": { "value": 1.0, "building_id": 11, "area": 23.585625002347385 }, "geometry": { "type": "Polygon", "coordinates": [ [ [ 45091.19999999999709, 5942108.400000000372529 ], [ 45091.19999999999709, 5942108.325000000186265 ], [ 45086.32499999999709, 5942108.325000000186265 ], [ 45086.32499999999709, 5942108.25 ], [ 45086.17500000000291, 5942108.25 ], [ 45086.17500000000291, 5942108.174999999813735 ], [ 45086.099999999998545, 5942108.174999999813735 ], [ 45086.099999999998545, 5942108.099999999627471 ], [ 45086.025000000001455, 5942108.099999999627471 ], [ 45086.025000000001455, 5942108.025000000372529 ], [ 45085.94999999999709, 5942108.025000000372529 ], [ 45085.94999999999709, 5942107.950000000186265 ], [ 45085.875, 5942107.950000000186265 ], [ 45085.875, 5942107.875 ], [ 45085.724999999998545, 5942107.875 ], [ 45085.724999999998545, 5942107.799999999813735 ], [ 45085.650000000001455, 5942107.799999999813735 ], [ 45085.650000000001455, 5942107.724999999627471 ], [ 45085.57499999999709, 5942107.724999999627471 ], [ 45085.57499999999709, 5942107.650000000372529 ], [ 45085.5, 5942107.650000000372529 ], [ 45085.5, 5942107.575000000186265 ], [ 45085.42500000000291, 5942107.575000000186265 ], [ 45085.42500000000291, 5942107.5 ], [ 45085.349999999998545, 5942107.5 ], [ 45085.349999999998545, 5942107.424999999813735 ], [ 45085.275000000001455, 5942107.424999999813735 ], [ 45085.275000000001455, 5942107.349999999627471 ], [ 45085.19999999999709, 5942107.349999999627471 ], [ 45085.19999999999709, 5942107.275000000372529 ], [ 45085.275000000001455, 5942107.275000000372529 ], [ 45085.275000000001455, 5942107.125 ], [ 45085.349999999998545, 5942107.125 ], [ 45085.349999999998545, 5942106.974999999627471 ], [ 45085.42500000000291, 5942106.974999999627471 ], [ 45085.42500000000291, 5942106.825000000186265 ], [ 45085.5, 5942106.825000000186265 ], [ 45085.5, 5942106.674999999813735 ], [ 45085.57499999999709, 5942106.674999999813735 ], [ 45085.57499999999709, 5942106.599999999627471 ], [ 45085.650000000001455, 5942106.599999999627471 ], [ 45085.650000000001455, 5942106.450000000186265 ], [ 45085.724999999998545, 5942106.450000000186265 ], [ 45085.724999999998545, 5942106.224999999627471 ], [ 45085.80000000000291, 5942106.224999999627471 ], [ 45085.80000000000291, 5942106.075000000186265 ], [ 45085.875, 5942106.075000000186265 ], [ 45085.875, 5942105.924999999813735 ], [ 45085.94999999999709, 5942105.924999999813735 ], [ 45085.94999999999709, 5942105.775000000372529 ], [ 45086.025000000001455, 5942105.775000000372529 ], [ 45086.025000000001455, 5942105.625 ], [ 45086.099999999998545, 5942105.625 ], [ 45086.099999999998545, 5942105.474999999627471 ], [ 45086.17500000000291, 5942105.474999999627471 ], [ 45086.17500000000291, 5942105.325000000186265 ], [ 45086.32499999999709, 5942105.325000000186265 ], [ 45086.32499999999709, 5942105.25 ], [ 45087.82499999999709, 5942105.25 ], [ 45087.82499999999709, 5942105.174999999813735 ], [ 45089.69999999999709, 5942105.174999999813735 ], [ 45089.69999999999709, 5942105.099999999627471 ], [ 45091.94999999999709, 5942105.099999999627471 ], [ 45091.94999999999709, 5942105.025000000372529 ], [ 45092.17500000000291, 5942105.025000000372529 ], [ 45092.17500000000291, 5942105.099999999627471 ], [ 45092.32499999999709, 5942105.099999999627471 ], [ 45092.32499999999709, 5942105.174999999813735 ], [ 45092.474999999998545, 5942105.174999999813735 ], [ 45092.474999999998545, 5942105.25 ], [ 45092.55000000000291, 5942105.25 ], [ 45092.55000000000291, 5942105.325000000186265 ], [ 45092.625, 5942105.325000000186265 ], [ 45092.625, 5942105.400000000372529 ], [ 45092.69999999999709, 5942105.400000000372529 ], [ 45092.69999999999709, 5942105.549999999813735 ], [ 45092.775000000001455, 5942105.549999999813735 ], [ 45092.775000000001455, 5942105.700000000186265 ], [ 45092.849999999998545, 5942105.700000000186265 ], [ 45092.849999999998545, 5942105.849999999627471 ], [ 45092.92500000000291, 5942105.849999999627471 ], [ 45092.92500000000291, 5942105.924999999813735 ], [ 45093.0, 5942105.924999999813735 ], [ 45093.0, 5942106.075000000186265 ], [ 45093.07499999999709, 5942106.075000000186265 ], [ 45093.07499999999709, 5942106.224999999627471 ], [ 45093.150000000001455, 5942106.224999999627471 ], [ 45093.150000000001455, 5942106.299999999813735 ], [ 45093.224999999998545, 5942106.299999999813735 ], [ 45093.224999999998545, 5942106.450000000186265 ], [ 45093.30000000000291, 5942106.450000000186265 ], [ 45093.30000000000291, 5942106.525000000372529 ], [ 45093.375, 5942106.525000000372529 ], [ 45093.375, 5942106.599999999627471 ], [ 45093.44999999999709, 5942106.599999999627471 ], [ 45093.44999999999709, 5942106.674999999813735 ], [ 45093.525000000001455, 5942106.674999999813735 ], [ 45093.525000000001455, 5942106.825000000186265 ], [ 45093.599999999998545, 5942106.825000000186265 ], [ 45093.599999999998545, 5942106.900000000372529 ], [ 45093.67500000000291, 5942106.900000000372529 ], [ 45093.67500000000291, 5942106.974999999627471 ], [ 45093.75, 5942106.974999999627471 ], [ 45093.75, 5942107.049999999813735 ], [ 45093.82499999999709, 5942107.049999999813735 ], [ 45093.82499999999709, 5942107.125 ], [ 45093.900000000001455, 5942107.125 ], [ 45093.900000000001455, 5942107.200000000186265 ], [ 45093.974999999998545, 5942107.200000000186265 ], [ 45093.974999999998545, 5942107.275000000372529 ], [ 45094.05000000000291, 5942107.275000000372529 ], [ 45094.05000000000291, 5942107.349999999627471 ], [ 45093.974999999998545, 5942107.349999999627471 ], [ 45093.974999999998545, 5942107.424999999813735 ], [ 45093.82499999999709, 5942107.424999999813735 ], [ 45093.82499999999709, 5942107.5 ], [ 45093.67500000000291, 5942107.5 ], [ 45093.67500000000291, 5942107.575000000186265 ], [ 45093.599999999998545, 5942107.575000000186265 ], [ 45093.599999999998545, 5942107.650000000372529 ], [ 45093.44999999999709, 5942107.650000000372529 ], [ 45093.44999999999709, 5942107.724999999627471 ], [ 45093.30000000000291, 5942107.724999999627471 ], [ 45093.30000000000291, 5942107.799999999813735 ], [ 45093.150000000001455, 5942107.799999999813735 ], [ 45093.150000000001455, 5942107.875 ], [ 45093.0, 5942107.875 ], [ 45093.0, 5942107.950000000186265 ], [ 45092.849999999998545, 5942107.950000000186265 ], [ 45092.849999999998545, 5942108.025000000372529 ], [ 45092.775000000001455, 5942108.025000000372529 ], [ 45092.775000000001455, 5942108.099999999627471 ], [ 45092.625, 5942108.099999999627471 ], [ 45092.625, 5942108.174999999813735 ], [ 45092.474999999998545, 5942108.174999999813735 ], [ 45092.474999999998545, 5942108.25 ], [ 45092.32499999999709, 5942108.25 ], [ 45092.32499999999709, 5942108.325000000186265 ], [ 45092.17500000000291, 5942108.325000000186265 ], [ 45092.17500000000291, 5942108.400000000372529 ], [ 45091.19999999999709, 5942108.400000000372529 ] ] ] } },
{ "type": "Feature", "properties": { "value": 1.0, "building_id": 12, "area": 18.230624999806395 }, "geometry": { "type": "Polygon", "coordinates": [ [ [ 45054.974999999998545, 5942111.400000000372529 ], [ 45054.974999999998545, 5942111.325000000186265 ], [ 45054.900000000001455, 5942111.325000000186265 ], [ 45054.900000000001455, 5942111.25 ], [ 45054.75, 5942111.25 ], [ 45054.75, 5942111.174999999813735 ], [ 45054.67500000000291, 5942111.174999999813735 ], [ 45054.67500000000291, 5942111.099999999627471 ], [ 45054.599999999998545, 5942111.099999999627471 ], [ 45054.599999999998545, 5942111.025000000372529 ], [ 45054.44999999999709, 5942111.025000000372529 ], [ 45054.44999999999709, 5942110.950000000186265 ], [ 45054.375, 5942110.950000000186265 ], [ 45054.375, 5942110.875 ], [ 45054.30000000000291, 5942110.875 ], [ 45054.30000000000291, 5942110.799999999813735 ], [ 45054.224999999998545, 5942110.799999999813735 ], [ 45054.224999999998545, 5942110.724999999627471 ], [ 45054.07499999999709, 5942110.724999999627471 ], [ 45054.07499999999709, 5942110.650000000372529 ], [ 45054.0, 5942110.650000000372529 ], [ 45054.0, 5942110.575000000186265 ], [ 45053.92500000000291, 5942110.575000000186265 ], [ 45053.92500000000291, 5942110.5 ], [ 45053.849999999998545, 5942110.5 ], [ 45053.849999999998545, 5942110.424999999813735 ], [ 45053.69999999999709, 5942110.424999999813735 ], [ 45053.69999999999709, 5942110.349999999627471 ], [ 45053.625, 5942110.349999999627471 ], [ 45053.625, 5942110.275000000372529 ], [ 45053.55000000000291, 5942110.275000000372529 ], [ 45053.55000000000291, 5942110.200000000186265 ], [ 45053.400000000001455, 5942110.200000000186265 ], [ 45053.400000000001455, 5942110.125 ], [ 45053.32499999999709, 5942110.125 ], [ 45053.32499999999709, 5942110.049999999813735 ], [ 45053.25, 5942110.049999999813735 ], [ 45053.25, 5942109.974999999627471 ], [ 45053.099999999998545, 5942109.974999999627471 ], [ 45053.099999999998545, 5942109.825000000186265 ], [ 45053.025000000001455, 5942109.825000000186265 ], [ 45053.025000000001455, 5942109.674999999813735 ], [ 45052.94999999999709, 5942109.674999999813735 ], [ 45052.94999999999709, 5942109.450000000186265 ], [ 45052.875, 5942109.450000000186265 ], [ 45052.875, 5942109.299999999813735 ], [ 45052.80000000000291, 5942109.299999999813735 ], [ 45052.80000000000291, 5942108.924999999813735 ], [ 45052.724999999998545, 5942108.924999999813735 ], [ 45052.724999999998545, 5942108.474999999627471 ], [ 45052.650000000001455, 5942108.474999999627471 ], [ 45052.650000000001455, 5942108.025000000372529 ], [ 45052.57499999999709, 5942108.025000000372529 ], [ 45052.57499999999709, 5942107.575000000186265 ], [ 45052.5, 5942107.575000000186265 ], [ 45052.5, 5942107.200000000186265 ], [ 45052.57499999999709, 5942107.200000000186265 ], [ 45052.57499999999709, 5942107.049999999813735 ], [ 45052.650000000001455, 5942107.049999999813735 ], [ 45052.650000000001455, 5942106.900000000372529 ], [ 45052.724999999998545, 5942106.900000000372529 ], [ 45052.724999999998545, 5942106.674999999813735 ], [ 45052.80000000000291, 5942106.674999999813735 ], [ 45052.80000000000291, 5942106.525000000372529 ], [ 45052.875, 5942106.525000000372529 ], [ 45052.875, 5942106.450000000186265 ], [ 45052.94999999999709, 5942106.450000000186265 ], [ 45052.94999999999709, 5942106.299999999813735 ], [ 45053.025000000001455, 5942106.299999999813735 ], [ 45053.025000000001455, 5942106.150000000372529 ], [ 45053.099999999998545, 5942106.150000000372529 ], [ 45053.099999999998545, 5942106.075000000186265 ], [ 45053.25, 5942106.075000000186265 ], [ 45053.25, 5942106.0 ], [ 45053.32499999999709, 5942106.0 ], [ 45053.32499999999709, 5942105.924999999813735 ], [ 45053.474999999998545, 5942105.924999999813735 ], [ 45053.474999999998545, 5942105.849999999627471 ], [ 45053.55000000000291, 5942105.849999999627471 ], [ 45053.55000000000291, 5942105.775000000372529 ], [ 45053.625, 5942105.775000000372529 ], [ 45053.625, 5942105.700000000186265 ], [ 45053.775000000001455, 5942105.700000000186265 ], [ 45053.775000000001455, 5942105.625 ], [ 45053.849999999998545, 5942105.625 ], [ 45053.849999999998545, 5942105.549999999813735 ], [ 45053.92500000000291, 5942105.549999999813735 ], [ 45053.92500000000291, 5942105.474999999627471 ], [ 45054.0, 5942105.474999999627471 ], [ 45054.0, 5942105.400000000372529 ], [ 45054.07499999999709, 5942105.400000000372529 ], [ 45054.07499999999709, 5942105.325000000186265 ], [ 45054.224999999998545, 5942105.325000000186265 ], [ 45054.224999999998545, 5942105.25 ], [ 45054.375, 5942105.25 ], [ 45054.375, 5942105.174999999813735 ], [ 45054.599999999998545, 5942105.174999999813735 ], [ 45054.599999999998545, 5942105.099999999627471 ], [ 45054.75, 5942105.099999999627471 ], [ 45054.75, 5942105.025000000372529 ], [ 45054.974999999998545, 5942105.025000000372529 ], [ 45054.974999999998545, 5942104.950000000186265 ], [ 45055.125, 5942104.950000000186265 ], [ 45055.125, 5942105.025000000372529 ], [ 45055.275000000001455, 5942105.025000000372529 ], [ 45055.275000000001455, 5942105.099999999627471 ], [ 45055.349999999998545, 5942105.099999999627471 ], [ 45055.349999999998545, 5942105.174999999813735 ], [ 45055.42500000000291, 5942105.174999999813735 ], [ 45055.42500000000291, 5942105.25 ], [ 45055.57499999999709, 5942105.25 ], [ 45055.57499999999709, 5942105.325000000186265 ], [ 45055.650000000001455, 5942105.325000000186265 ], [ 45055.650000000001455, 5942105.474999999627471 ], [ 45055.724999999998545, 5942105.474999999627471 ], [ 45055.724999999998545, 5942105.625 ], [ 45055.80000000000291, 5942105.625 ], [ 45055.80000000000291, 5942105.700000000186265 ], [ 45055.875, 5942105.700000000186265 ], [ 45055.875, 5942105.849999999627471 ], [ 45055.94999999999709, 5942105.849999999627471 ], [ 45055.94999999999709, 5942105.924999999813735 ], [ 45056.025000000001455, 5942105.924999999813735 ], [ 45056.025000000001455, 5942106.075000000186265 ], [ 45056.099999999998545, 5942106.075000000186265 ], [ 45056.099999999998545, 5942106.150000000372529 ], [ 45056.17500000000291, 5942106.150000000372529 ], [ 45056.17500000000291, 5942106.299999999813735 ], [ 45056.25, 5942106.299999999813735 ], [ 45056.25, 5942106.375 ], [ 45056.32499999999709, 5942106.375 ], [ 45056.32499999999709, 5942106.450000000186265 ], [ 45056.400000000001455, 5942106.450000000186265 ], [ 45056.400000000001455, 5942106.525000000372529 ], [ 45056.474999999998545, 5942106.525000000372529 ], [ 45056.474999999998545, 5942106.674999999813735 ], [ 45056.55000000000291, 5942106.674999999813735 ], [ 45056.55000000000291, 5942106.75 ], [ 45056.625, 5942106.75 ], [ 45056.625, 5942106.825000000186265 ], [ 45056.69999999999709, 5942106.825000000186265 ], [ 45056.69999999999709, 5942106.900000000372529 ], [ 45056.775000000001455, 5942106.900000000372529 ], [ 45056.775000000001455, 5942106.974999999627471 ], [ 45056.849999999998545, 5942106.974999999627471 ], [ 45056.849999999998545, 5942107.049999999813735 ], [ 45056.92500000000291, 5942107.049999999813735 ], [ 45056.92500000000291, 5942107.125 ], [ 45057.0, 5942107.125 ], [ 45057.0, 5942107.200000000186265 ], [ 45057.07499999999709, 5942107.200000000186265 ], [ 45057.07499999999709, 5942107.275000000372529 ], [ 45057.150000000001455, 5942107.275000000372529 ], [ 45057.150000000001455, 5942107.424999999813735 ], [ 45057.07499999999709, 5942107.424999999813735 ], [ 45057.07499999999709, 5942107.5 ], [ 45057.0, 5942107.5 ], [ 45057.0, 5942107.575000000186265 ], [ 45056.92500000000291, 5942107.575000000186265 ], [ 45056.92500000000291, 5942107.724999999627471 ], [ 45056.849999999998545, 5942107.724999999627471 ], [ 45056.849999999998545, 5942107.799999999813735 ], [ 45056.775000000001455, 5942107.799999999813735 ], [ 45056.775000000001455, 5942107.875 ], [ 45056.69999999999709, 5942107.875 ], [ 45056.69999999999709, 5942108.025000000372529 ], [ 45056.625, 5942108.025000000372529 ], [ 45056.625, 5942108.099999999627471 ], [ 45056.55000000000291, 5942108.099999999627471 ], [ 45056.55000000000291, 5942108.25 ], [ 45056.474999999998545, 5942108.25 ], [ 45056.474999999998545, 5942108.400000000372529 ], [ 45056.400000000001455, 5942108.400000000372529 ], [ 45056.400000000001455, 5942108.549999999813735 ], [ 45056.32499999999709, 5942108.549999999813735 ], [ 45056.32499999999709, 5942108.700000000186265 ], [ 45056.25, 5942108.700000000186265 ], [ 45056.25, 5942108.849999999627471 ], [ 45056.17500000000291, 5942108.849999999627471 ], [ 45056.17500000000291, 5942109.075000000186265 ], [ 45056.099999999998545, 5942109.075000000186265 ], [ 45056.099999999998545, 5942109.299999999813735 ], [ 45056.025000000001455, 5942109.299999999813735 ], [ 45056.025000000001455, 5942109.450000000186265 ], [ 45055.94999999999709, 5942109.450000000186265 ], [ 45055.94999999999709, 5942109.674999999813735 ], [ 45055.875, 5942109.674999999813735 ], [ 45055.875, 5942109.900000000372529 ], [ 45055.80000000000291, 5942109.900000000372529 ], [ 45055.80000000000291, 5942110.049999999813735 ], [ 45055.724999999998545, 5942110.049999999813735 ], [ 45055.724999999998545, 5942110.275000000372529 ], [ 45055.650000000001455, 5942110.275000000372529 ], [ 45055.650000000001455, 5942110.424999999813735 ], [ 45055.57499999999709, 5942110.424999999813735 ], [ 45055.57499999999709, 5942110.575000000186265 ], [ 45055.5, 5942110.575000000186265 ], [ 45055.5, 5942110.724999999627471 ], [ 45055.42500000000291, 5942110.724999999627471 ], [ 45055.42500000000291, 5942110.875 ], [ 45055.349999999998545, 5942110.875 ], [ 45055.349999999998545, 5942111.025000000372529 ], [ 45055.275000000001455, 5942111.025000000372529 ], [ 45055.275000000001455, 5942111.174999999813735 ], [ 45055.19999999999709, 5942111.174999999813735 ], [ 45055.19999999999709, 5942111.325000000186265 ], [ 45055.125, 5942111.325000000186265 ], [ 45055.125, 5942111.400000000372529 ], [ 45054.974999999998545, 5942111.400000000372529 ] ] ] } },
{ "type": "Feature", "properties": { "value": 1.0, "building_id": 13, "area": 15.671249999948815 }, "geometry": { "type": "Polygon", "coordinates": [ [ [ 45099.599999999998545, 5942082.674999999813735 ], [ 45099.599999999998545, 5942082.599999999627471 ], [ 45099.224999999998545, 5942082.599999999627471 ], [ 45099.224999999998545, 5942082.525000000372529 ], [ 45098.849999999998545, 5942082.525000000372529 ], [ 45098.849999999998545, 5942082.450000000186265 ], [ 45098.474999999998545, 5942082.450000000186265 ], [ 45098.474999999998545, 5942082.375 ], [ 45098.099999999998545, 5942082.375 ], [ 45098.099999999998545, 5942082.299999999813735 ], [ 45097.80000000000291, 5942082.299999999813735 ], [ 45097.80000000000291, 5942082.224999999627471 ], [ 45097.57499999999709, 5942082.224999999627471 ], [ 45097.57499999999709, 5942082.150000000372529 ], [ 45097.349999999998545, 5942082.150000000372529 ], [ 45097.349999999998545, 5942082.075000000186265 ], [ 45097.125, 5942082.075000000186265 ], [ 45097.125, 5942082.0 ], [ 45096.974999999998545, 5942082.0 ], [ 45096.974999999998545, 5942081.924999999813735 ], [ 45096.900000000001455, 5942081.924999999813735 ], [ 45096.900000000001455, 5942079.0 ], [ 45101.55000000000291, 5942079.0 ], [ 45101.55000000000291, 5942081.924999999813735 ], [ 45101.474999999998545, 5942081.924999999813735 ], [ 45101.474999999998545, 5942082.0 ], [ 45101.400000000001455, 5942082.0 ], [ 45101.400000000001455, 5942082.075000000186265 ], [ 45101.25, 5942082.075000000186265 ], [ 45101.25, 5942082.150000000372529 ], [ 45101.099999999998545, 5942082.150000000372529 ], [ 45101.099999999998545, 5942082.224999999627471 ], [ 45100.94999999999709, 5942082.224999999627471 ], [ 45100.94999999999709, 5942082.299999999813735 ], [ 45100.80000000000291, 5942082.299999999813735 ], [ 45100.80000000000291, 5942082.375 ], [ 45100.650000000001455, 5942082.375 ], [ 45100.650000000001455, 5942082.450000000186265 ], [ 45100.5, 5942082.450000000186265 ], [ 45100.5, 5942082.525000000372529 ], [ 45100.349999999998545, 5942082.525000000372529 ], [ 45100.349999999998545, 5942082.599999999627471 ], [ 45100.19999999999709, 5942082.599999999627471 ], [ 45100.19999999999709, 5942082.674999999813735 ], [ 45099.599999999998545, 5942082.674999999813735 ] ] ] } }
]
}
