{
"type": "FeatureCollection",
"name": "45183E594282N_buildings",
"crs": { "type": "name", "properties": { "name": "urn:ogc:def:crs:EPSG::3776" } },
"features": [
{ "type": "Feature", "properties": { "value": 1.0, "building_id": 0, "area": 9.9843749999290541 }, "geometry": { "type": "Polygon", "coordinates": [ [ [ 45359.69999999999709, 5943218.924999999813735 ], [ 45359.69999999999709, 5943218.849999999627471 ], [ 45359.55000000000291, 5943218.849999999627471 ], [ 45359.55000000000291, 5943218.775000000372529 ], [ 45359.474999999998545, 5943218.775000000372529 ], [ 45359.474999999998545, 5943218.700000000186265 ], [ 45359.400000000001455, 5943218.700000000186265 ], [ 45359.400000000001455, 5943218.625 ], [ 45359.32499999999709, 5943218.625 ], [ 45359.32499999999709, 5943218.549999999813735 ], [ 45359.17500000000291, 5943218.549999999813735 ], [ 45359.17500000000291, 5943218.474999999627471 ], [ 45359.099999999998545, 5943218.474999999627471 ], [ 45359.099999999998545, 5943218.400000000372529 ], [ 45358.94999999999709, 5943218.400000000372529 ], [ 45358.94999999999709, 5943218.325000000186265 ], [ 45358.875, 5943218.325000000186265 ], [ 45358.875, 5943218.25 ], [ 45358.724999999998545, 5943218.25 ], [ 45358.724999999998545, 5943218.174999999813735 ], [ 45358.650000000001455, 5943218.174999999813735 ], [ 45358.650000000001455, 5943218.099999999627471 ], [ 45358.5, 5943218.099999999627471 ], [ 45358.5, 5943218.025000000372529 ], [ 45358.349999999998545, 5943218.025000000372529 ], [ 45358.349999999998545, 5943217.950000000186265 ], [ 45358.275000000001455, 5943217.950000000186265 ], [ 45358.275000000001455, 5943217.875 ], [ 45358.125, 5943217.875 ], [ 45358.125, 5943217.799999999813735 ], [ 45358.05000000000291, 5943217.799999999813735 ], [ 45358.05000000000291, 5943217.724999999627471 ], [ 45357.900000000001455, 5943217.724999999627471 ], [ 45357.900000000001455, 5943217.650000000372529 ], [ 45357.82499999999709, 5943217.650000000372529 ], [ 45357.82499999999709, 5943217.575000000186265 ], [ 45357.75, 5943217.575000000186265 ], [ 45357.75, 5943217.5 ], [ 45357.67500000000291, 5943217.5 ], [ 45357.67500000000291, 5943217.349999999627471 ], [ 45357.599999999998545, 5943217.349999999627471 ], [ 45357.599999999998545, 5943217.200000000186265 ], [ 45357.525000000001455, 5943217.200000000186265 ], [ 45357.525000000001455, 5943217.049999999813735 ], [ 45357.44999999999709, 5943217.049999999813735 ], [ 45357.44999999999709, 5943216.825000000186265 ], [ 45357.375, 5943216.825000000186265 ], [ 45357.375, 5943216.525000000372529 ], [ 45357.44999999999709, 5943216.525000000372529 ], [ 45357.44999999999709, 5943216.375 ], [ 45357.525000000001455, 5943216.375 ], [ 45357.525000000001455, 5943216.150000000372529 ], [ 45357.599999999998545, 5943216.150000000372529 ], [ 45357.599999999998545, 5943216.0 ], [ 45357.67500000000291, 5943216.0 ], [ 45357.67500000000291, 5943215.849999999627471 ], [ 45357.75, 5943215.849999999627471 ], [ 45357.75, 5943215.700000000186265 ], [ 45357.82499999999709, 5943215.700000000186265 ], [ 45357.82499999999709, 5943215.625 ], [ 45357.900000000001455, 5943215.625 ], [ 45357.900000000001455, 5943215.549999999813735 ], [ 45357.974999999998545, 5943215.549999999813735 ], [ 45357.974999999998545, 5943215.474999999627471 ], [ 45358.05000000000291, 5943215.474999999627471 ], [ 45358.05000000000291, 5943215.400000000372529 ], [ 45358.125, 5943215.400000000372529 ], [ 45358.125, 5943215.325000000186265 ], [ 45358.19999999999709, 5943215.325000000186265 ], [ 45358.19999999999709, 5943215.25 ], [ 45358.275000000001455, 5943215.25 ], [ 45358.275000000001455, 5943215.174999999813735 ], [ 45358.349999999998545, 5943215.174999999813735 ], [ 45358.349999999998545, 5943215.099999999627471 ], [ 45358.42500000000291, 5943215.099999999627471 ], [ 45358.42500000000291, 5943215.025000000372529 ], [ 45358.5, 5943215.025000000372529 ], [ 45358.5, 5943214.875 ], [ 45358.57499999999709, 5943214.875 ], [ 45358.57499999999709, 5943214.799999999813735 ], [ 45358.650000000001455, 5943214.799999999813735 ], [ 45358.650000000001455, 5943214.724999999627471 ], [ 45358.724999999998545, 5943214.724999999627471 ], [ 45358.724999999998545, 5943214.650000000372529 ], [ 45358.875, 5943214.650000000372529 ], [ 45358.875, 5943214.575000000186265 ], [ 45359.025000000001455, 5943214.575000000186265 ], [ 45359.025000000001455, 5943214.5 ], [ 45359.099999999998545, 5943214.5 ], [ 45359.099999999998545, 5943214.424999999813735 ], [ 45359.25, 5943214.424999999813735 ], [ 45359.25, 5943214.349999999627471 ], [ 45359.400000000001455, 5943214.349999999627471 ], [ 45359.400000000001455, 5943214.275000000372529 ], [ 45359.55000000000291, 5943214.275000000372529 ], [ 45359.55000000000291, 5943214.200000000186265 ], [ 45359.69999999999709, 5943214.200000000186265 ], [ 45359.69999999999709, 5943214.125 ], [ 45359.775000000001455, 5943214.125 ], [ 45359.775000000001455, 5943214.200000000186265 ], [ 45359.849999999998545, 5943214.200000000186265 ], [ 45359.849999999998545, 5943214.275000000372529 ], [ 45360.0, 5943214.275000000372529 ], [ 45360.0, 5943214.349999999627471 ], [ 45360.07499999999709, 5943214.349999999627471 ], [ 45360.07499999999709, 5943214.5 ], [ 45360.150000000001455, 5943214.5 ], [ 45360.150000000001455, 5943214.575000000186265 ], [ 45360.224999999998545, 5943214.575000000186265 ], [ 45360.224999999998545, 5943214.650000000372529 ], [ 45360.30000000000291, 5943214.650000000372529 ], [ 45360.30000000000291, 5943214.724999999627471 ], [ 45360.375, 5943214.724999999627471 ], [ 45360.375, 5943215.174999999813735 ], [ 45360.44999999999709, 5943215.174999999813735 ], [ 45360.44999999999709, 5943215.700000000186265 ], [ 45360.525000000001455, 5943215.700000000186265 ], [ 45360.525000000001455, 5943216.224999999627471 ], [ 45360.599999999998545, 5943216.224999999627471 ], [ 45360.599999999998545, 5943216.900000000372529 ], [ 45360.525000000001455, 5943216.900000000372529 ], [ 45360.525000000001455, 5943217.200000000186265 ], [ 45360.44999999999709, 5943217.200000000186265 ], [ 45360.44999999999709, 5943217.424999999813735 ], [ 45360.375, 5943217.424999999813735 ], [ 45360.375, 5943217.650000000372529 ], [ 45360.30000000000291, 5943217.650000000372529 ], [ 45360.30000000000291, 5943217.875 ], [ 45360.224999999998545, 5943217.875 ], [ 45360.224999999998545, 5943218.025000000372529 ], [ 45360.150000000001455, 5943218.025000000372529 ], [ 45360.150000000001455, 5943218.25 ], [ 45360.07499999999709, 5943218.25 ], [ 45360.07499999999709, 5943218.400000000372529 ], [ 45360.0, 5943218.400000000372529 ], [ 45360.0, 5943218.549999999813735 ], [ 45359.92500000000291, 5943218.549999999813735 ], [ 45359.92500000000291, 5943218.700000000186265 ], [ 45359.849999999998545, 5943218.700000000186265 ], [ 45359.849999999998545, 5943218.849999999627471 ], [ 45359.775000000001455, 5943218.849999999627471 ], [ 45359.775000000001455, 5943218.924999999813735 ], [ 45359.69999999999709, 5943218.924999999813735 ] ] ] } },
{ "type": "Feature", "properties": { "value": 1.0, "building_id": 1, "area": 36.658125000095723 }, "geometry": { "type": "Polygon", "coordinates": [ [ [ 45312.30000000000291, 5943217.575000000186265 ], [ 45312.30000000000291, 5943217.5 ], [ 45310.94999999999709, 5943217.5 ], [ 45310.94999999999709, 5943217.424999999813735 ], [ 45310.80000000000291, 5943217.424999999813735 ], [ 45310.80000000000291, 5943217.349999999627471 ], [ 45310.650000000001455, 5943217.349999999627471 ], [ 45310.650000000001455, 5943217.275000000372529 ], [ 45310.5, 5943217.275000000372529 ], [ 45310.5, 5943217.200000000186265 ], [ 45310.42500000000291, 5943217.200000000186265 ], [ 45310.42500000000291, 5943217.125 ], [ 45310.349999999998545, 5943217.125 ], [ 45310.349999999998545, 5943217.049999999813735 ], [ 45310.275000000001455, 5943217.049999999813735 ], [ 45310.275000000001455, 5943216.974999999627471 ], [ 45310.125, 5943216.974999999627471 ], [ 45310.125, 5943216.900000000372529 ], [ 45310.05000000000291, 5943216.900000000372529 ], [ 45310.05000000000291, 5943216.75 ], [ 45309.974999999998545, 5943216.75 ], [ 45309.974999999998545, 5943216.674999999813735 ], [ 45309.900000000001455, 5943216.674999999813735 ], [ 45309.900000000001455, 5943216.525000000372529 ], [ 45309.82499999999709, 5943216.525000000372529 ], [ 45309.82499999999709, 5943216.375 ], [ 45309.75, 5943216.375 ], [ 45309.75, 5943216.224999999627471 ], [ 45309.67500000000291, 5943216.224999999627471 ], [ 45309.67500000000291, 5943216.075000000186265 ], [ 45309.599999999998545, 5943216.075000000186265 ], [ 45309.599999999998545, 5943216.0 ], [ 45309.525000000001455, 5943216.0 ], [ 45309.525000000001455, 5943215.924999999813735 ], [ 45309.44999999999709, 5943215.924999999813735 ], [ 45309.44999999999709, 5943215.849999999627471 ], [ 45309.375, 5943215.849999999627471 ], [ 45309.375, 5943215.775000000372529 ], [ 45309.30000000000291, 5943215.775000000372529 ], [ 45309.30000000000291, 5943215.700000000186265 ], [ 45309.224999999998545, 5943215.700000000186265 ], [ 45309.224999999998545, 5943215.625 ], [ 45309.07499999999709, 5943215.625 ], [ 45309.07499999999709, 5943215.549999999813735 ], [ 45309.0, 5943215.549999999813735 ], [ 45309.0, 5943215.474999999627471 ], [ 45308.92500000000291, 5943215.474999999627471 ], [ 45308.92500000000291, 5943215.400000000372529 ], [ 45308.775000000001455, 5943215.400000000372529 ], [ 45308.775000000001455, 5943215.325000000186265 ], [ 45308.69999999999709, 5943215.325000000186265 ], [ 45308.69999999999709, 5943215.25 ], [ 45308.625, 5943215.25 ], [ 45308.625, 5943215.174999999813735 ], [ 45308.55000000000291, 5943215.174999999813735 ], [ 45308.55000000000291, 5943215.099999999627471 ], [ 45308.474999999998545, 5943215.099999999627471 ], [ 45308.474999999998545, 5943215.025000000372529 ], [ 45308.400000000001455, 5943215.025000000372529 ], [ 45308.400000000001455, 5943214.950000000186265 ], [ 45308.32499999999709, 5943214.950000000186265 ], [ 45308.32499999999709, 5943214.875 ], [ 45308.17500000000291, 5943214.875 ], [ 45308.17500000000291, 5943214.799999999813735 ], [ 45308.099999999998545, 5943214.799999999813735 ], [ 45308.099999999998545, 5943214.650000000372529 ], [ 45308.17500000000291, 5943214.650000000372529 ], [ 45308.17500000000291, 5943214.349999999627471 ], [ 45308.25, 5943214.349999999627471 ], [ 45308.25, 5943214.125 ], [ 45308.32499999999709, 5943214.125 ], [ 45308.32499999999709, 5943213.825000000186265 ], [ 45308.400000000001455, 5943213.825000000186265 ], [ 45308.400000000001455, 5943213.525000000372529 ], [ 45308.474999999998545, 5943213.525000000372529 ], [ 45308.474999999998545, 5943213.224999999627471 ], [ 45308.55000000000291, 5943213.224999999627471 ], [ 45308.55000000000291, 5943212.924999999813735 ], [ 45308.625, 5943212.924999999813735 ], [ 45308.625, 5943212.625 ], [ 45308.69999999999709, 5943212.625 ], [ 45308.69999999999709, 5943212.325000000186265 ], [ 45308.775000000001455, 5943212.325000000186265 ], [ 45308.775000000001455, 5943212.025000000372529 ], [ 45308.849999999998545, 5943212.025000000372529 ], [ 45308.849999999998545, 5943211.724999999627471 ], [ 45308.92500000000291, 5943211.724999999627471 ], [ 45308.92500000000291, 5943211.424999999813735 ], [ 45309.0, 5943211.424999999813735 ], [ 45309.0, 5943211.275000000372529 ], [ 45309.07499999999709, 5943211.275000000372529 ], [ 45309.07499999999709, 5943211.200000000186265 ], [ 45309.150000000001455, 5943211.200000000186265 ], [ 45309.150000000001455, 5943211.049999999813735 ], [ 45309.224999999998545, 5943211.049999999813735 ], [ 45309.224999999998545, 5943210.974999999627471 ], [ 45309.30000000000291, 5943210.974999999627471 ], [ 45309.30000000000291, 5943210.825000000186265 ], [ 45309.375, 5943210.825000000186265 ], [ 45309.375, 5943210.75 ], [ 45309.44999999999709, 5943210.75 ], [ 45309.44999999999709, 5943210.674999999813735 ], [ 45309.525000000001455, 5943210.674999999813735 ], [ 45309.525000000001455, 5943210.525000000372529 ], [ 45309.599999999998545, 5943210.525000000372529 ], [ 45309.599999999998545, 5943210.450000000186265 ], [ 45309.67500000000291, 5943210.450000000186265 ], [ 45309.67500000000291, 5943210.299999999813735 ], [ 45309.75, 5943210.299999999813735 ], [ 45309.75, 5943210.150000000372529 ], [ 45309.82499999999709, 5943210.150000000372529 ], [ 45309.82499999999709, 5943210.0 ], [ 45309.900000000001455, 5943210.0 ], [ 45309.900000000001455, 5943209.924999999813735 ], [ 45309.974999999998545, 5943209.924999999813735 ], [ 45309.974999999998545, 5943209.700000000186265 ], [ 45310.05000000000291, 5943209.700000000186265 ], [ 45310.05000000000291, 5943209.549999999813735 ], [ 45310.125, 5943209.549999999813735 ], [ 45310.125, 5943209.400000000372529 ], [ 45310.19999999999709, 5943209.400000000372529 ], [ 45310.19999999999709, 5943209.174999999813735 ], [ 45310.275000000001455, 5943209.174999999813735 ], [ 45310.275000000001455, 5943209.025000000372529 ], [ 45310.349999999998545, 5943209.025000000372529 ], [ 45310.349999999998545, 5943208.875 ], [ 45310.42500000000291, 5943208.875 ], [ 45310.42500000000291, 5943208.724999999627471 ], [ 45310.5, 5943208.724999999627471 ], [ 45310.5, 5943208.650000000372529 ], [ 45310.57499999999709, 5943208.650000000372529 ], [ 45310.57499999999709, 5943208.5 ], [ 45310.650000000001455, 5943208.5 ], [ 45310.650000000001455, 5943208.349999999627471 ], [ 45310.724999999998545, 5943208.349999999627471 ], [ 45310.724999999998545, 5943208.200000000186265 ], [ 45310.80000000000291, 5943208.200000000186265 ], [ 45310.80000000000291, 5943208.049999999813735 ], [ 45310.875, 5943208.049999999813735 ], [ 45310.875, 5943207.825000000186265 ], [ 45310.94999999999709, 5943207.825000000186265 ], [ 45310.94999999999709, 5943207.974999999627471 ], [ 45311.025000000001455, 5943207.974999999627471 ], [ 45311.025000000001455, 5943208.125 ], [ 45311.099999999998545, 5943208.125 ], [ 45311.099999999998545, 5943208.275000000372529 ], [ 45311.17500000000291, 5943208.275000000372529 ], [ 45311.17500000000291, 5943208.424999999813735 ], [ 45311.25, 5943208.424999999813735 ], [ 45311.25, 5943208.575000000186265 ], [ 45311.32499999999709, 5943208.575000000186265 ], [ 45311.32499999999709, 5943208.650000000372529 ], [ 45311.400000000001455, 5943208.650000000372529 ], [ 45311.400000000001455, 5943208.799999999813735 ], [ 45311.474999999998545, 5943208.799999999813735 ], [ 45311.474999999998545, 5943208.875 ], [ 45311.55000000000291, 5943208.875 ], [ 45311.55000000000291, 5943209.025000000372529 ], [ 45311.625, 5943209.025000000372529 ], [ 45311.625, 5943209.174999999813735 ], [ 45311.69999999999709, 5943209.174999999813735 ], [ 45311.69999999999709, 5943209.325000000186265 ], [ 45311.775000000001455, 5943209.325000000186265 ], [ 45311.775000000001455, 5943209.400000000372529 ], [ 45311.849999999998545, 5943209.400000000372529 ], [ 45311.849999999998545, 5943209.549999999813735 ], [ 45311.92500000000291, 5943209.549999999813735 ], [ 45311.92500000000291, 5943209.625 ], [ 45312.0, 5943209.625 ], [ 45312.0, 5943209.700000000186265 ], [ 45312.07499999999709, 5943209.700000000186265 ], [ 45312.07499999999709, 5943209.775000000372529 ], [ 45312.150000000001455, 5943209.775000000372529 ], [ 45312.150000000001455, 5943209.849999999627471 ], [ 45312.224999999998545, 5943209.849999999627471 ], [ 45312.224999999998545, 5943209.924999999813735 ], [ 45312.375, 5943209.924999999813735 ], [ 45312.375, 5943210.0 ], [ 45312.44999999999709, 5943210.0 ], [ 45312.44999999999709, 5943210.075000000186265 ], [ 45312.599999999998545, 5943210.075000000186265 ], [ 45312.599999999998545, 5943210.150000000372529 ], [ 45312.67500000000291, 5943210.150000000372529 ], [ 45312.67500000000291, 5943210.224999999627471 ], [ 45312.82499999999709, 5943210.224999999627471 ], [ 45312.82499999999709, 5943210.299999999813735 ], [ 45312.900000000001455, 5943210.299999999813735 ], [ 45312.900000000001455, 5943210.450000000186265 ], [ 45312.974999999998545, 5943210.450000000186265 ], [ 45312.974999999998545, 5943210.599999999627471 ], [ 45313.05000000000291, 5943210.599999999627471 ], [ 45313.05000000000291, 5943210.900000000372529 ], [ 45313.125, 5943210.900000000372529 ], [ 45313.125, 5943211.275000000372529 ], [ 45313.19999999999709, 5943211.275000000372529 ], [ 45313.19999999999709, 5943211.724999999627471 ], [ 45313.275000000001455, 5943211.724999999627471 ], [ 45313.275000000001455, 5943212.099999999627471 ], [ 45313.349999999998545, 5943212.099999999627471 ], [ 45313.349999999998545, 5943212.474999999627471 ], [ 45313.42500000000291, 5943212.474999999627471 ], [ 45313.42500000000291, 5943212.849999999627471 ], [ 45313.5, 5943212.849999999627471 ], [ 45313.5, 5943213.150000000372529 ], [ 45313.57499999999709, 5943213.150000000372529 ], [ 45313.57499999999709, 5943213.375 ], [ 45313.650000000001455, 5943213.375 ], [ 45313.650000000001455, 5943213.599999999627471 ], [ 45313.724999999998545, 5943213.599999999627471 ], [ 45313.724999999998545, 5943213.825000000186265 ], [ 45313.80000000000291, 5943213.825000000186265 ], [ 45313.80000000000291, 5943213.974999999627471 ], [ 45313.875, 5943213.974999999627471 ], [ 45313.875, 5943214.125 ], [ 45313.94999999999709, 5943214.125 ], [ 45313.94999999999709, 5943214.200000000186265 ], [ 45314.025000000001455, 5943214.200000000186265 ], [ 45314.025000000001455, 5943214.349999999627471 ], [ 45314.099999999998545, 5943214.349999999627471 ], [ 45314.099999999998545, 5943214.5 ], [ 45314.17500000000291, 5943214.5 ], [ 45314.17500000000291, 5943214.575000000186265 ], [ 45314.25, 5943214.575000000186265 ], [ 45314.25, 5943214.650000000372529 ], [ 45314.32499999999709, 5943214.650000000372529 ], [ 45314.32499999999709, 5943214.724999999627471 ], [ 45314.400000000001455, 5943214.724999999627471 ], [ 45314.400000000001455, 5943214.799999999813735 ], [ 45314.32499999999709, 5943214.799999999813735 ], [ 45314.32499999999709, 5943215.025000000372529 ], [ 45314.25, 5943215.025000000372529 ], [ 45314.25, 5943215.325000000186265 ], [ 45314.17500000000291, 5943215.325000000186265 ], [ 45314.17500000000291, 5943215.700000000186265 ], [ 45314.099999999998545, 5943215.700000000186265 ], [ 45314.099999999998545, 5943216.075000000186265 ], [ 45314.025000000001455, 5943216.075000000186265 ], [ 45314.025000000001455, 5943216.599999999627471 ], [ 45313.94999999999709, 5943216.599999999627471 ], [ 45313.94999999999709, 5943216.75 ], [ 45313.875, 5943216.75 ], [ 45313.875, 5943216.900000000372529 ], [ 45313.80000000000291, 5943216.900000000372529 ], [ 45313.80000000000291, 5943216.974999999627471 ], [ 45313.724999999998545, 5943216.974999999627471 ], [ 45313.724999999998545, 5943217.049999999813735 ], [ 45313.650000000001455, 5943217.049999999813735 ], [ 45313.650000000001455, 5943217.125 ], [ 45313.57499999999709, 5943217.125 ], [ 45313.57499999999709, 5943217.200000000186265 ], [ 45313.5, 5943217.200000000186265 ], [ 45313.5, 5943217.275000000372529 ], [ 45313.349999999998545, 5943217.275000000372529 ], [ 45313.349999999998545, 5943217.349999999627471 ], [ 45313.275000000001455, 5943217.349999999627471 ], [ 45313.275000000001455, 5943217.424999999813735 ], [ 45313.125, 5943217.424999999813735 ], [ 45313.125, 5943217.5 ], [ 45312.974999999998545, 5943217.5 ], [ 45312.974999999998545, 5943217.575000000186265 ], [ 45312.30000000000291, 5943217.575000000186265 ] ] ] } },
{ "type": "Feature", "properties": { "value": 1.0, "building_id": 2, "area": 51.96374999920414 }, "geometry": { "type": "Polygon", "coordinates": [ [ [ 45288.974999999998545, 5943212.549999999813735 ], [ 45288.974999999998545, 5943212.474999999627471 ], [ 45287.849999999998545, 5943212.474999999627471 ], [ 45287.849999999998545, 5943212.400000000372529 ], [ 45287.32499999999709, 5943212.400000000372529 ], [ 45287.32499999999709, 5943212.325000000186265 ], [ 45287.099999999998545, 5943212.325000000186265 ], [ 45287.099999999998545, 5943212.25 ], [ 45286.94999999999709, 5943212.25 ], [ 45286.94999999999709, 5943212.174999999813735 ], [ 45286.724999999998545, 5943212.174999999813735 ], [ 45286.724999999998545, 5943212.099999999627471 ], [ 45286.57499999999709, 5943212.099999999627471 ], [ 45286.57499999999709, 5943212.025000000372529 ], [ 45286.5, 5943212.025000000372529 ], [ 45286.5, 5943211.950000000186265 ], [ 45286.349999999998545, 5943211.950000000186265 ], [ 45286.349999999998545, 5943211.875 ], [ 45286.275000000001455, 5943211.875 ], [ 45286.275000000001455, 5943211.799999999813735 ], [ 45286.19999999999709, 5943211.799999999813735 ], [ 45286.19999999999709, 5943211.724999999627471 ], [ 45286.125, 5943211.724999999627471 ], [ 45286.125, 5943211.650000000372529 ], [ 45286.05000000000291, 5943211.650000000372529 ], [ 45286.05000000000291, 5943211.575000000186265 ], [ 45285.974999999998545, 5943211.575000000186265 ], [ 45285.974999999998545, 5943211.5 ], [ 45285.900000000001455, 5943211.5 ], [ 45285.900000000001455, 5943211.424999999813735 ], [ 45285.82499999999709, 5943211.424999999813735 ], [ 45285.82499999999709, 5943211.349999999627471 ], [ 45285.75, 5943211.349999999627471 ], [ 45285.75, 5943211.200000000186265 ], [ 45285.67500000000291, 5943211.200000000186265 ], [ 45285.67500000000291, 5943211.049999999813735 ], [ 45285.599999999998545, 5943211.049999999813735 ], [ 45285.599999999998545, 5943210.900000000372529 ], [ 45285.525000000001455, 5943210.900000000372529 ], [ 45285.525000000001455, 5943210.825000000186265 ], [ 45285.375, 5943210.825000000186265 ], [ 45285.375, 5943210.75 ], [ 45285.30000000000291, 5943210.75 ], [ 45285.30000000000291, 5943210.674999999813735 ], [ 45285.150000000001455, 5943210.674999999813735 ], [ 45285.150000000001455, 5943210.599999999627471 ], [ 45285.07499999999709, 5943210.599999999627471 ], [ 45285.07499999999709, 5943210.525000000372529 ], [ 45285.0, 5943210.525000000372529 ], [ 45285.0, 5943210.450000000186265 ], [ 45284.92500000000291, 5943210.450000000186265 ], [ 45284.92500000000291, 5943210.375 ], [ 45284.849999999998545, 5943210.375 ], [ 45284.849999999998545, 5943210.299999999813735 ], [ 45284.775000000001455, 5943210.299999999813735 ], [ 45284.775000000001455, 5943210.224999999627471 ], [ 45284.69999999999709, 5943210.224999999627471 ], [ 45284.69999999999709, 5943210.075000000186265 ], [ 45284.625, 5943210.075000000186265 ], [ 45284.625, 5943210.0 ], [ 45284.55000000000291, 5943210.0 ], [ 45284.55000000000291, 5943209.849999999627471 ], [ 45284.474999999998545, 5943209.849999999627471 ], [ 45284.474999999998545, 5943209.700000000186265 ], [ 45284.400000000001455, 5943209.700000000186265 ], [ 45284.400000000001455, 5943209.474999999627471 ], [ 45284.32499999999709, 5943209.474999999627471 ], [ 45284.32499999999709, 5943209.325000000186265 ], [ 45284.25, 5943209.325000000186265 ], [ 45284.25, 5943209.025000000372529 ], [ 45284.17500000000291, 5943209.025000000372529 ], [ 45284.17500000000291, 5943208.724999999627471 ], [ 45284.25, 5943208.724999999627471 ], [ 45284.25, 5943208.5 ], [ 45284.32499999999709, 5943208.5 ], [ 45284.32499999999709, 5943208.275000000372529 ], [ 45284.400000000001455, 5943208.275000000372529 ], [ 45284.400000000001455, 5943208.125 ], [ 45284.474999999998545, 5943208.125 ], [ 45284.474999999998545, 5943207.974999999627471 ], [ 45284.55000000000291, 5943207.974999999627471 ], [ 45284.55000000000291, 5943207.825000000186265 ], [ 45284.625, 5943207.825000000186265 ], [ 45284.625, 5943207.674999999813735 ], [ 45284.69999999999709, 5943207.674999999813735 ], [ 45284.69999999999709, 5943207.599999999627471 ], [ 45284.775000000001455, 5943207.599999999627471 ], [ 45284.775000000001455, 5943207.450000000186265 ], [ 45284.849999999998545, 5943207.450000000186265 ], [ 45284.849999999998545, 5943207.375 ], [ 45284.92500000000291, 5943207.375 ], [ 45284.92500000000291, 5943207.224999999627471 ], [ 45285.0, 5943207.224999999627471 ], [ 45285.0, 5943207.150000000372529 ], [ 45285.07499999999709, 5943207.150000000372529 ], [ 45285.07499999999709, 5943207.075000000186265 ], [ 45285.150000000001455, 5943207.075000000186265 ], [ 45285.150000000001455, 5943207.0 ], [ 45285.224999999998545, 5943207.0 ], [ 45285.224999999998545, 5943206.924999999813735 ], [ 45285.30000000000291, 5943206.924999999813735 ], [ 45285.30000000000291, 5943206.849999999627471 ], [ 45285.375, 5943206.849999999627471 ], [ 45285.375, 5943206.775000000372529 ], [ 45285.525000000001455, 5943206.775000000372529 ], [ 45285.525000000001455, 5943206.700000000186265 ], [ 45285.599999999998545, 5943206.700000000186265 ], [ 45285.599999999998545, 5943206.625 ], [ 45285.67500000000291, 5943206.625 ], [ 45285.67500000000291, 5943206.549999999813735 ], [ 45285.75, 5943206.549999999813735 ], [ 45285.75, 5943206.474999999627471 ], [ 45285.82499999999709, 5943206.474999999627471 ], [ 45285.82499999999709, 5943206.400000000372529 ], [ 45285.900000000001455, 5943206.400000000372529 ], [ 45285.900000000001455, 5943206.325000000186265 ], [ 45285.974999999998545, 5943206.325000000186265 ], [ 45285.974999999998545, 5943206.25 ], [ 45286.125, 5943206.25 ], [ 45286.125, 5943206.174999999813735 ], [ 45286.19999999999709, 5943206.174999999813735 ], [ 45286.19999999999709, 5943206.099999999627471 ], [ 45286.349999999998545, 5943206.099999999627471 ], [ 45286.349999999998545, 5943206.025000000372529 ], [ 45286.5, 5943206.025000000372529 ], [ 45286.5, 5943205.950000000186265 ], [ 45286.650000000001455, 5943205.950000000186265 ], [ 45286.650000000001455, 5943205.875 ], [ 45286.80000000000291, 5943205.875 ], [ 45286.80000000000291, 5943205.799999999813735 ], [ 45287.025000000001455, 5943205.799999999813735 ], [ 45287.025000000001455, 5943205.724999999627471 ], [ 45287.32499999999709, 5943205.724999999627471 ], [ 45287.32499999999709, 5943205.650000000372529 ], [ 45288.150000000001455, 5943205.650000000372529 ], [ 45288.150000000001455, 5943205.575000000186265 ], [ 45289.724999999998545, 5943205.575000000186265 ], [ 45289.724999999998545, 5943205.650000000372529 ], [ 45290.17500000000291, 5943205.650000000372529 ], [ 45290.17500000000291, 5943205.724999999627471 ], [ 45290.55000000000291, 5943205.724999999627471 ], [ 45290.55000000000291, 5943205.799999999813735 ], [ 45291.0, 5943205.799999999813735 ], [ 45291.0, 5943205.875 ], [ 45291.375, 5943205.875 ], [ 45291.375, 5943205.950000000186265 ], [ 45291.599999999998545, 5943205.950000000186265 ], [ 45291.599999999998545, 5943206.025000000372529 ], [ 45291.75, 5943206.025000000372529 ], [ 45291.75, 5943206.099999999627471 ], [ 45291.900000000001455, 5943206.099999999627471 ], [ 45291.900000000001455, 5943206.174999999813735 ], [ 45292.05000000000291, 5943206.174999999813735 ], [ 45292.05000000000291, 5943206.25 ], [ 45292.125, 5943206.25 ], [ 45292.125, 5943206.325000000186265 ], [ 45292.19999999999709, 5943206.325000000186265 ], [ 45292.19999999999709, 5943206.400000000372529 ], [ 45292.349999999998545, 5943206.400000000372529 ], [ 45292.349999999998545, 5943206.474999999627471 ], [ 45292.42500000000291, 5943206.474999999627471 ], [ 45292.42500000000291, 5943206.549999999813735 ], [ 45292.5, 5943206.549999999813735 ], [ 45292.5, 5943206.625 ], [ 45292.57499999999709, 5943206.625 ], [ 45292.57499999999709, 5943206.700000000186265 ], [ 45292.650000000001455, 5943206.700000000186265 ], [ 45292.650000000001455, 5943206.775000000372529 ], [ 45292.724999999998545, 5943206.775000000372529 ], [ 45292.724999999998545, 5943206.924999999813735 ], [ 45292.80000000000291, 5943206.924999999813735 ], [ 45292.80000000000291, 5943207.0 ], [ 45292.875, 5943207.0 ], [ 45292.875, 5943207.150000000372529 ], [ 45292.94999999999709, 5943207.150000000372529 ], [ 45292.94999999999709, 5943207.224999999627471 ], [ 45293.025000000001455, 5943207.224999999627471 ], [ 45293.025000000001455, 5943207.375 ], [ 45293.099999999998545, 5943207.375 ], [ 45293.099999999998545, 5943207.450000000186265 ], [ 45293.17500000000291, 5943207.450000000186265 ], [ 45293.17500000000291, 5943207.525000000372529 ], [ 45293.25, 5943207.525000000372529 ], [ 45293.25, 5943207.599999999627471 ], [ 45293.32499999999709, 5943207.599999999627471 ], [ 45293.32499999999709, 5943207.674999999813735 ], [ 45293.400000000001455, 5943207.674999999813735 ], [ 45293.400000000001455, 5943207.75 ], [ 45293.474999999998545, 5943207.75 ], [ 45293.474999999998545, 5943207.825000000186265 ], [ 45293.55000000000291, 5943207.825000000186265 ], [ 45293.55000000000291, 5943207.974999999627471 ], [ 45293.625, 5943207.974999999627471 ], [ 45293.625, 5943208.049999999813735 ], [ 45293.69999999999709, 5943208.049999999813735 ], [ 45293.69999999999709, 5943208.125 ], [ 45293.775000000001455, 5943208.125 ], [ 45293.775000000001455, 5943208.200000000186265 ], [ 45293.849999999998545, 5943208.200000000186265 ], [ 45293.849999999998545, 5943208.349999999627471 ], [ 45293.92500000000291, 5943208.349999999627471 ], [ 45293.92500000000291, 5943208.424999999813735 ], [ 45294.0, 5943208.424999999813735 ], [ 45294.0, 5943208.575000000186265 ], [ 45294.07499999999709, 5943208.575000000186265 ], [ 45294.07499999999709, 5943208.650000000372529 ], [ 45294.150000000001455, 5943208.650000000372529 ], [ 45294.150000000001455, 5943208.799999999813735 ], [ 45294.224999999998545, 5943208.799999999813735 ], [ 45294.224999999998545, 5943209.025000000372529 ], [ 45294.150000000001455, 5943209.025000000372529 ], [ 45294.150000000001455, 5943209.174999999813735 ], [ 45294.07499999999709, 5943209.174999999813735 ], [ 45294.07499999999709, 5943209.325000000186265 ], [ 45294.0, 5943209.325000000186265 ], [ 45294.0, 5943209.474999999627471 ], [ 45293.92500000000291, 5943209.474999999627471 ], [ 45293.92500000000291, 5943209.625 ], [ 45293.849999999998545, 5943209.625 ], [ 45293.849999999998545, 5943209.775000000372529 ], [ 45293.775000000001455, 5943209.775000000372529 ], [ 45293.775000000001455, 5943209.924999999813735 ], [ 45293.69999999999709, 5943209.924999999813735 ], [ 45293.69999999999709, 5943210.0 ], [ 45293.625, 5943210.0 ], [ 45293.625, 5943210.075000000186265 ], [ 45293.55000000000291, 5943210.075000000186265 ], [ 45293.55000000000291, 5943210.224999999627471 ], [ 45293.474999999998545, 5943210.224999999627471 ], [ 45293.474999999998545, 5943210.299999999813735 ], [ 45293.400000000001455, 5943210.299999999813735 ], [ 45293.400000000001455, 5943210.375 ], [ 45293.32499999999709, 5943210.375 ], [ 45293.32499999999709, 5943210.450000000186265 ], [ 45293.25, 5943210.450000000186265 ], [ 45293.25, 5943210.525000000372529 ], [ 45293.17500000000291, 5943210.525000000372529 ], [ 45293.17500000000291, 5943210.599999999627471 ], [ 45293.099999999998545, 5943210.599999999627471 ], [ 45293.099999999998545, 5943210.75 ], [ 45293.025000000001455, 5943210.75 ], [ 45293.025000000001455, 5943210.825000000186265 ], [ 45292.94999999999709, 5943210.825000000186265 ], [ 45292.94999999999709, 5943210.900000000372529 ], [ 45292.875, 5943210.900000000372529 ], [ 45292.875, 5943210.974999999627471 ], [ 45292.80000000000291, 5943210.974999999627471 ], [ 45292.80000000000291, 5943211.049999999813735 ], [ 45292.724999999998545, 5943211.049999999813735 ], [ 45292.724999999998545, 5943211.125 ], [ 45292.650000000001455, 5943211.125 ], [ 45292.650000000001455, 5943211.200000000186265 ], [ 45292.57499999999709, 5943211.200000000186265 ], [ 45292.57499999999709, 5943211.275000000372529 ], [ 45292.5, 5943211.275000000372529 ], [ 45292.5, 5943211.349999999627471 ], [ 45292.42500000000291, 5943211.349999999627471 ], [ 45292.42500000000291, 5943211.424999999813735 ], [ 45292.349999999998545, 5943211.424999999813735 ], [ 45292.349999999998545, 5943211.5 ], [ 45292.275000000001455, 5943211.5 ], [ 45292.275000000001455, 5943211.575000000186265 ], [ 45292.125, 5943211.575000000186265 ], [ 45292.125, 5943211.650000000372529 ], [ 45292.05000000000291, 5943211.650000000372529 ], [ 45292.05000000000291, 5943211.724999999627471 ], [ 45291.900000000001455, 5943211.724999999627471 ], [ 45291.900000000001455, 5943211.799999999813735 ], [ 45291.75, 5943211.799999999813735 ], [ 45291.75, 5943211.875 ], [ 45291.599999999998545, 5943211.875 ], [ 45291.599999999998545, 5943211.950000000186265 ], [ 45291.44999999999709, 5943211.950000000186265 ], [ 45291.44999999999709, 5943212.025000000372529 ], [ 45291.224999999998545, 5943212.025000000372529 ], [ 45291.224999999998545, 5943212.099999999627471 ], [ 45291.0, 5943212.099999999627471 ], [ 45291.0, 5943212.174999999813735 ], [ 45290.775000000001455, 5943212.174999999813735 ], [ 45290.775000000001455, 5943212.25 ], [ 45290.474999999998545, 5943212.25 ], [ 45290.474999999998545, 5943212.325000000186265 ], [ 45290.17500000000291, 5943212.325000000186265 ], [ 45290.17500000000291, 5943212.400000000372529 ], [ 45289.875, 5943212.400000000372529 ], [ 45289.875, 5943212.474999999627471 ], [ 45289.57499999999709, 5943212.474999999627471 ], [ 45289.57499999999709, 5943212.549999999813735 ], [ 45288.974999999998545, 5943212.549999999813735 ] ] ] } },
{ "type": "Feature", "properties": { "value": 1.0, "building_id": 3, "area": 0.92250000012485556 }, "geometry": { "type": "Polygon", "coordinates": [ [ [ 45336.224999999998545, 5943155.924999999813735 ], [ 45336.224999999998545, 5943155.700000000186265 ], [ 45336.150000000001455, 5943155.700000000186265 ], [ 45336.150000000001455, 5943155.474999999627471 ], [ 45336.07499999999709, 5943155.474999999627471 ], [ 45336.07499999999709, 5943155.174999999813735 ], [ 45336.0, 5943155.174999999813735 ], [ 45336.0, 5943154.875 ], [ 45335.92500000000291, 5943154.875 ], [ 45335.92500000000291, 5943154.575000000186265 ], [ 45335.849999999998545, 5943154.575000000186265 ], [ 45335.849999999998545, 5943154.125 ], [ 45336.0, 5943154.125 ], [ 45336.0, 5943154.049999999813735 ], [ 45336.150000000001455, 5943154.049999999813735 ], [ 45336.150000000001455, 5943153.974999999627471 ], [ 45336.375, 5943153.974999999627471 ], [ 45336.375, 5943154.049999999813735 ], [ 45336.525000000001455, 5943154.049999999813735 ], [ 45336.525000000001455, 5943154.125 ], [ 45336.599999999998545, 5943154.125 ], [ 45336.599999999998545, 5943154.575000000186265 ], [ 45336.525000000001455, 5943154.575000000186265 ], [ 45336.525000000001455, 5943155.025000000372529 ], [ 45336.44999999999709, 5943155.025000000372529 ], [ 45336.44999999999709, 5943155.549999999813735 ], [ 45336.375, 5943155.549999999813735 ], [ 45336.375, 5943155.924999999813735 ], [ 45336.224999999998545, 5943155.924999999813735 ] ] ] } },
{ "type": "Feature", "properties": { "value": 1.0, "building_id": 4, "area": 32.433749998978037 }, "geometry": { "type": "Polygon", "coordinates": [ [ [ 45320.55000000000291, 5943147.075000000186265 ], [ 45320.55000000000291, 5943147.0 ], [ 45320.17500000000291, 5943147.0 ], [ 45320.17500000000291, 5943146.924999999813735 ], [ 45319.724999999998545, 5943146.924999999813735 ], [ 45319.724999999998545, 5943146.849999999627471 ], [ 45319.349999999998545, 5943146.849999999627471 ], [ 45319.349999999998545, 5943146.775000000372529 ], [ 45319.05000000000291, 5943146.775000000372529 ], [ 45319.05000000000291, 5943146.700000000186265 ], [ 45318.75, 5943146.700000000186265 ], [ 45318.75, 5943146.625 ], [ 45318.67500000000291, 5943146.625 ], [ 45318.67500000000291, 5943146.549999999813735 ], [ 45318.599999999998545, 5943146.549999999813735 ], [ 45318.599999999998545, 5943146.400000000372529 ], [ 45318.525000000001455, 5943146.400000000372529 ], [ 45318.525000000001455, 5943146.25 ], [ 45318.44999999999709, 5943146.25 ], [ 45318.44999999999709, 5943146.099999999627471 ], [ 45318.375, 5943146.099999999627471 ], [ 45318.375, 5943145.875 ], [ 45318.30000000000291, 5943145.875 ], [ 45318.30000000000291, 5943145.724999999627471 ], [ 45318.224999999998545, 5943145.724999999627471 ], [ 45318.224999999998545, 5943145.5 ], [ 45318.150000000001455, 5943145.5 ], [ 45318.150000000001455, 5943145.200000000186265 ], [ 45318.07499999999709, 5943145.200000000186265 ], [ 45318.07499999999709, 5943144.974999999627471 ], [ 45318.0, 5943144.974999999627471 ], [ 45318.0, 5943144.674999999813735 ], [ 45317.92500000000291, 5943144.674999999813735 ], [ 45317.92500000000291, 5943144.299999999813735 ], [ 45317.849999999998545, 5943144.299999999813735 ], [ 45317.849999999998545, 5943143.174999999813735 ], [ 45317.775000000001455, 5943143.174999999813735 ], [ 45317.775000000001455, 5943142.125 ], [ 45317.69999999999709, 5943142.125 ], [ 45317.69999999999709, 5943141.0 ], [ 45317.625, 5943141.0 ], [ 45317.625, 5943140.400000000372529 ], [ 45317.69999999999709, 5943140.400000000372529 ], [ 45317.69999999999709, 5943139.950000000186265 ], [ 45317.775000000001455, 5943139.950000000186265 ], [ 45317.775000000001455, 5943139.575000000186265 ], [ 45317.849999999998545, 5943139.575000000186265 ], [ 45317.849999999998545, 5943139.200000000186265 ], [ 45317.92500000000291, 5943139.200000000186265 ], [ 45317.92500000000291, 5943138.825000000186265 ], [ 45318.0, 5943138.825000000186265 ], [ 45318.0, 5943138.525000000372529 ], [ 45318.07499999999709, 5943138.525000000372529 ], [ 45318.07499999999709, 5943138.450000000186265 ], [ 45318.150000000001455, 5943138.450000000186265 ], [ 45318.150000000001455, 5943138.299999999813735 ], [ 45318.224999999998545, 5943138.299999999813735 ], [ 45318.224999999998545, 5943138.224999999627471 ], [ 45318.30000000000291, 5943138.224999999627471 ], [ 45318.30000000000291, 5943138.150000000372529 ], [ 45318.375, 5943138.150000000372529 ], [ 45318.375, 5943138.075000000186265 ], [ 45318.44999999999709, 5943138.075000000186265 ], [ 45318.44999999999709, 5943138.0 ], [ 45318.525000000001455, 5943138.0 ], [ 45318.525000000001455, 5943137.924999999813735 ], [ 45318.67500000000291, 5943137.924999999813735 ], [ 45318.67500000000291, 5943137.849999999627471 ], [ 45318.82499999999709, 5943137.849999999627471 ], [ 45318.82499999999709, 5943137.775000000372529 ], [ 45320.849999999998545, 5943137.775000000372529 ], [ 45320.849999999998545, 5943137.849999999627471 ], [ 45320.92500000000291, 5943137.849999999627471 ], [ 45320.92500000000291, 5943137.924999999813735 ], [ 45321.07499999999709, 5943137.924999999813735 ], [ 45321.07499999999709, 5943138.0 ], [ 45321.150000000001455, 5943138.0 ], [ 45321.150000000001455, 5943138.075000000186265 ], [ 45321.224999999998545, 5943138.075000000186265 ], [ 45321.224999999998545, 5943138.150000000372529 ], [ 45321.30000000000291, 5943138.150000000372529 ], [ 45321.30000000000291, 5943138.224999999627471 ], [ 45321.375, 5943138.224999999627471 ], [ 45321.375, 5943138.299999999813735 ], [ 45321.44999999999709, 5943138.299999999813735 ], [ 45321.44999999999709, 5943138.375 ], [ 45321.525000000001455, 5943138.375 ], [ 45321.525000000001455, 5943138.525000000372529 ], [ 45321.599999999998545, 5943138.525000000372529 ], [ 45321.599999999998545, 5943138.674999999813735 ], [ 45321.67500000000291, 5943138.674999999813735 ], [ 45321.67500000000291, 5943142.724999999627471 ], [ 45321.599999999998545, 5943142.724999999627471 ], [ 45321.599999999998545, 5943144.599999999627471 ], [ 45321.525000000001455, 5943144.599999999627471 ], [ 45321.525000000001455, 5943145.049999999813735 ], [ 45321.44999999999709, 5943145.049999999813735 ], [ 45321.44999999999709, 5943145.349999999627471 ], [ 45321.375, 5943145.349999999627471 ], [ 45321.375, 5943145.724999999627471 ], [ 45321.30000000000291, 5943145.724999999627471 ], [ 45321.30000000000291, 5943146.025000000372529 ], [ 45321.224999999998545, 5943146.025000000372529 ], [ 45321.224999999998545, 5943146.25 ], [ 45321.150000000001455, 5943146.25 ], [ 45321.150000000001455, 5943146.474999999627471 ], [ 45321.07499999999709, 5943146.474999999627471 ], [ 45321.07499999999709, 5943146.625 ], [ 45321.0, 5943146.625 ], [ 45321.0, 5943146.700000000186265 ], [ 45320.92500000000291, 5943146.700000000186265 ], [ 45320.92500000000291, 5943146.849999999627471 ], [ 45320.849999999998545, 5943146.849999999627471 ], [ 45320.849999999998545, 5943146.924999999813735 ], [ 45320.775000000001455, 5943146.924999999813735 ], [ 45320.775000000001455, 5943147.0 ], [ 45320.69999999999709, 5943147.0 ], [ 45320.69999999999709, 5943147.075000000186265 ], [ 45320.55000000000291, 5943147.075000000186265 ] ] ] } },
{ "type": "Feature", "properties": { "value": 1.0, "building_id": 5, "area": 41.686875001131341 }, "geometry": { "type": "Polygon", "coordinates": [ [ [ 45183.0, 5943131.625 ], [ 45183.0, 5943122.849999999627471 ], [ 45186.0, 5943122.849999999627471 ], [ 45186.0, 5943122.924999999813735 ], [ 45186.07499999999709, 5943122.924999999813735 ], [ 45186.07499999999709, 5943123.150000000372529 ], [ 45186.150000000001455, 5943123.150000000372529 ], [ 45186.150000000001455, 5943123.299999999813735 ], [ 45186.224999999998545, 5943123.299999999813735 ], [ 45186.224999999998545, 5943123.525000000372529 ], [ 45186.30000000000291, 5943123.525000000372529 ], [ 45186.30000000000291, 5943123.674999999813735 ], [ 45186.375, 5943123.674999999813735 ], [ 45186.375, 5943123.900000000372529 ], [ 45186.44999999999709, 5943123.900000000372529 ], [ 45186.44999999999709, 5943124.049999999813735 ], [ 45186.525000000001455, 5943124.049999999813735 ], [ 45186.525000000001455, 5943124.200000000186265 ], [ 45186.599999999998545, 5943124.200000000186265 ], [ 45186.599999999998545, 5943124.349999999627471 ], [ 45186.67500000000291, 5943124.349999999627471 ], [ 45186.67500000000291, 5943124.5 ], [ 45186.75, 5943124.5 ], [ 45186.75, 5943124.650000000372529 ], [ 45186.82499999999709, 5943124.650000000372529 ], [ 45186.82499999999709, 5943124.799999999813735 ], [ 45186.900000000001455, 5943124.799999999813735 ], [ 45186.900000000001455, 5943124.950000000186265 ], [ 45186.974999999998545, 5943124.950000000186265 ], [ 45186.974999999998545, 5943125.099999999627471 ], [ 45187.05000000000291, 5943125.099999999627471 ], [ 45187.05000000000291, 5943125.174999999813735 ], [ 45187.125, 5943125.174999999813735 ], [ 45187.125, 5943125.325000000186265 ], [ 45187.19999999999709, 5943125.325000000186265 ], [ 45187.19999999999709, 5943125.400000000372529 ], [ 45187.275000000001455, 5943125.400000000372529 ], [ 45187.275000000001455, 5943125.474999999627471 ], [ 45187.349999999998545, 5943125.474999999627471 ], [ 45187.349999999998545, 5943125.625 ], [ 45187.42500000000291, 5943125.625 ], [ 45187.42500000000291, 5943125.700000000186265 ], [ 45187.5, 5943125.700000000186265 ], [ 45187.5, 5943125.775000000372529 ], [ 45187.57499999999709, 5943125.775000000372529 ], [ 45187.57499999999709, 5943125.849999999627471 ], [ 45187.650000000001455, 5943125.849999999627471 ], [ 45187.650000000001455, 5943125.924999999813735 ], [ 45187.80000000000291, 5943125.924999999813735 ], [ 45187.80000000000291, 5943126.0 ], [ 45187.875, 5943126.0 ], [ 45187.875, 5943126.075000000186265 ], [ 45187.94999999999709, 5943126.075000000186265 ], [ 45187.94999999999709, 5943126.224999999627471 ], [ 45188.025000000001455, 5943126.224999999627471 ], [ 45188.025000000001455, 5943126.375 ], [ 45188.099999999998545, 5943126.375 ], [ 45188.099999999998545, 5943126.450000000186265 ], [ 45188.17500000000291, 5943126.450000000186265 ], [ 45188.17500000000291, 5943126.599999999627471 ], [ 45188.25, 5943126.599999999627471 ], [ 45188.25, 5943126.825000000186265 ], [ 45188.32499999999709, 5943126.825000000186265 ], [ 45188.32499999999709, 5943127.125 ], [ 45188.400000000001455, 5943127.125 ], [ 45188.400000000001455, 5943127.5 ], [ 45188.474999999998545, 5943127.5 ], [ 45188.474999999998545, 5943127.875 ], [ 45188.55000000000291, 5943127.875 ], [ 45188.55000000000291, 5943128.25 ], [ 45188.625, 5943128.25 ], [ 45188.625, 5943128.700000000186265 ], [ 45188.69999999999709, 5943128.700000000186265 ], [ 45188.69999999999709, 5943128.924999999813735 ], [ 45188.625, 5943128.924999999813735 ], [ 45188.625, 5943129.525000000372529 ], [ 45188.55000000000291, 5943129.525000000372529 ], [ 45188.55000000000291, 5943130.049999999813735 ], [ 45188.474999999998545, 5943130.049999999813735 ], [ 45188.474999999998545, 5943130.575000000186265 ], [ 45188.400000000001455, 5943130.575000000186265 ], [ 45188.400000000001455, 5943130.799999999813735 ], [ 45188.32499999999709, 5943130.799999999813735 ], [ 45188.32499999999709, 5943130.875 ], [ 45188.25, 5943130.875 ], [ 45188.25, 5943130.950000000186265 ], [ 45188.17500000000291, 5943130.950000000186265 ], [ 45188.17500000000291, 5943131.025000000372529 ], [ 45188.099999999998545, 5943131.025000000372529 ], [ 45188.099999999998545, 5943131.099999999627471 ], [ 45188.025000000001455, 5943131.099999999627471 ], [ 45188.025000000001455, 5943131.174999999813735 ], [ 45187.94999999999709, 5943131.174999999813735 ], [ 45187.94999999999709, 5943131.25 ], [ 45187.724999999998545, 5943131.25 ], [ 45187.724999999998545, 5943131.325000000186265 ], [ 45187.349999999998545, 5943131.325000000186265 ], [ 45187.349999999998545, 5943131.400000000372529 ], [ 45186.900000000001455, 5943131.400000000372529 ], [ 45186.900000000001455, 5943131.474999999627471 ], [ 45186.525000000001455, 5943131.474999999627471 ], [ 45186.525000000001455, 5943131.549999999813735 ], [ 45186.07499999999709, 5943131.549999999813735 ], [ 45186.07499999999709, 5943131.625 ], [ 45183.0, 5943131.625 ] ] ] } },
{ "type": "Feature", "properties": { "value": 1.0, "building_id": 6, "area": 630.21937499942374 }, "geometry": { "type": "Polygon", "coordinates": [ [ [ 45257.775000000001455, 5943141.450000000186265 ], [ 45257.775000000001455, 5943141.375 ], [ 45257.400000000001455, 5943141.375 ], [ 45257.400000000001455, 5943141.299999999813735 ], [ 45256.94999999999709, 5943141.299999999813735 ], [ 45256.94999999999709, 5943141.224999999627471 ], [ 45256.5, 5943141.224999999627471 ], [ 45256.5, 5943141.150000000372529 ], [ 45256.19999999999709, 5943141.150000000372529 ], [ 45256.19999999999709, 5943141.075000000186265 ], [ 45256.125, 5943141.075000000186265 ], [ 45256.125, 5943141.0 ], [ 45256.05000000000291, 5943141.0 ], [ 45256.05000000000291, 5943140.924999999813735 ], [ 45255.974999999998545, 5943140.924999999813735 ], [ 45255.974999999998545, 5943140.849999999627471 ], [ 45255.900000000001455, 5943140.849999999627471 ], [ 45255.900000000001455, 5943140.775000000372529 ], [ 45255.82499999999709, 5943140.775000000372529 ], [ 45255.82499999999709, 5943140.700000000186265 ], [ 45255.75, 5943140.700000000186265 ], [ 45255.75, 5943140.549999999813735 ], [ 45255.67500000000291, 5943140.549999999813735 ], [ 45255.67500000000291, 5943140.474999999627471 ], [ 45255.599999999998545, 5943140.474999999627471 ], [ 45255.599999999998545, 5943140.25 ], [ 45255.525000000001455, 5943140.25 ], [ 45255.525000000001455, 5943140.099999999627471 ], [ 45255.44999999999709, 5943140.099999999627471 ], [ 45255.44999999999709, 5943139.950000000186265 ], [ 45255.375, 5943139.950000000186265 ], [ 45255.375, 5943139.799999999813735 ], [ 45255.30000000000291, 5943139.799999999813735 ], [ 45255.30000000000291, 5943139.650000000372529 ], [ 45255.224999999998545, 5943139.650000000372529 ], [ 45255.224999999998545, 5943139.424999999813735 ], [ 45255.150000000001455, 5943139.424999999813735 ], [ 45255.150000000001455, 5943139.275000000372529 ], [ 45255.07499999999709, 5943139.275000000372529 ], [ 45255.07499999999709, 5943139.049999999813735 ], [ 45255.0, 5943139.049999999813735 ], [ 45255.0, 5943138.900000000372529 ], [ 45254.92500000000291, 5943138.900000000372529 ], [ 45254.92500000000291, 5943138.75 ], [ 45254.849999999998545, 5943138.75 ], [ 45254.849999999998545, 5943138.525000000372529 ], [ 45254.775000000001455, 5943138.525000000372529 ], [ 45254.775000000001455, 5943138.375 ], [ 45254.69999999999709, 5943138.375 ], [ 45254.69999999999709, 5943138.299999999813735 ], [ 45254.625, 5943138.299999999813735 ], [ 45254.625, 5943138.150000000372529 ], [ 45254.55000000000291, 5943138.150000000372529 ], [ 45254.55000000000291, 5943138.075000000186265 ], [ 45254.474999999998545, 5943138.075000000186265 ], [ 45254.474999999998545, 5943138.0 ], [ 45254.400000000001455, 5943138.0 ], [ 45254.400000000001455, 5943137.849999999627471 ], [ 45254.32499999999709, 5943137.849999999627471 ], [ 45254.32499999999709, 5943137.775000000372529 ], [ 45254.25, 5943137.775000000372529 ], [ 45254.25, 5943137.700000000186265 ], [ 45254.17500000000291, 5943137.700000000186265 ], [ 45254.17500000000291, 5943137.625 ], [ 45254.099999999998545, 5943137.625 ], [ 45254.099999999998545, 5943137.549999999813735 ], [ 45254.025000000001455, 5943137.549999999813735 ], [ 45254.025000000001455, 5943137.474999999627471 ], [ 45253.94999999999709, 5943137.474999999627471 ], [ 45253.94999999999709, 5943137.400000000372529 ], [ 45253.875, 5943137.400000000372529 ], [ 45253.875, 5943137.25 ], [ 45253.80000000000291, 5943137.25 ], [ 45253.80000000000291, 5943137.174999999813735 ], [ 45253.724999999998545, 5943137.174999999813735 ], [ 45253.724999999998545, 5943137.025000000372529 ], [ 45253.650000000001455, 5943137.025000000372529 ], [ 45253.650000000001455, 5943136.875 ], [ 45253.57499999999709, 5943136.875 ], [ 45253.57499999999709, 5943136.724999999627471 ], [ 45253.5, 5943136.724999999627471 ], [ 45253.5, 5943136.575000000186265 ], [ 45253.42500000000291, 5943136.575000000186265 ], [ 45253.42500000000291, 5943136.275000000372529 ], [ 45253.349999999998545, 5943136.275000000372529 ], [ 45253.349999999998545, 5943135.974999999627471 ], [ 45253.275000000001455, 5943135.974999999627471 ], [ 45253.275000000001455, 5943135.75 ], [ 45253.19999999999709, 5943135.75 ], [ 45253.19999999999709, 5943135.450000000186265 ], [ 45253.125, 5943135.450000000186265 ], [ 45253.125, 5943135.224999999627471 ], [ 45253.05000000000291, 5943135.224999999627471 ], [ 45253.05000000000291, 5943135.075000000186265 ], [ 45252.974999999998545, 5943135.075000000186265 ], [ 45252.974999999998545, 5943134.849999999627471 ], [ 45252.900000000001455, 5943134.849999999627471 ], [ 45252.900000000001455, 5943134.625 ], [ 45252.82499999999709, 5943134.625 ], [ 45252.82499999999709, 5943134.549999999813735 ], [ 45252.75, 5943134.549999999813735 ], [ 45252.75, 5943134.400000000372529 ], [ 45252.67500000000291, 5943134.400000000372529 ], [ 45252.67500000000291, 5943134.325000000186265 ], [ 45252.599999999998545, 5943134.325000000186265 ], [ 45252.599999999998545, 5943134.174999999813735 ], [ 45252.525000000001455, 5943134.174999999813735 ], [ 45252.525000000001455, 5943134.099999999627471 ], [ 45252.44999999999709, 5943134.099999999627471 ], [ 45252.44999999999709, 5943134.025000000372529 ], [ 45252.375, 5943134.025000000372529 ], [ 45252.375, 5943133.950000000186265 ], [ 45252.30000000000291, 5943133.950000000186265 ], [ 45252.30000000000291, 5943133.875 ], [ 45252.224999999998545, 5943133.875 ], [ 45252.224999999998545, 5943133.799999999813735 ], [ 45252.150000000001455, 5943133.799999999813735 ], [ 45252.150000000001455, 5943133.724999999627471 ], [ 45252.07499999999709, 5943133.724999999627471 ], [ 45252.07499999999709, 5943133.575000000186265 ], [ 45252.0, 5943133.575000000186265 ], [ 45252.0, 5943133.5 ], [ 45251.92500000000291, 5943133.5 ], [ 45251.92500000000291, 5943133.424999999813735 ], [ 45251.849999999998545, 5943133.424999999813735 ], [ 45251.849999999998545, 5943133.349999999627471 ], [ 45251.775000000001455, 5943133.349999999627471 ], [ 45251.775000000001455, 5943133.200000000186265 ], [ 45251.69999999999709, 5943133.200000000186265 ], [ 45251.69999999999709, 5943133.125 ], [ 45251.625, 5943133.125 ], [ 45251.625, 5943133.049999999813735 ], [ 45251.55000000000291, 5943133.049999999813735 ], [ 45251.55000000000291, 5943132.900000000372529 ], [ 45251.474999999998545, 5943132.900000000372529 ], [ 45251.474999999998545, 5943132.825000000186265 ], [ 45251.400000000001455, 5943132.825000000186265 ], [ 45251.400000000001455, 5943132.674999999813735 ], [ 45251.32499999999709, 5943132.674999999813735 ], [ 45251.32499999999709, 5943132.599999999627471 ], [ 45251.25, 5943132.599999999627471 ], [ 45251.25, 5943132.450000000186265 ], [ 45251.17500000000291, 5943132.450000000186265 ], [ 45251.17500000000291, 5943132.375 ], [ 45251.099999999998545, 5943132.375 ], [ 45251.099999999998545, 5943132.299999999813735 ], [ 45251.025000000001455, 5943132.299999999813735 ], [ 45251.025000000001455, 5943132.224999999627471 ], [ 45250.94999999999709, 5943132.224999999627471 ], [ 45250.94999999999709, 5943132.150000000372529 ], [ 45250.875, 5943132.150000000372529 ], [ 45250.875, 5943132.075000000186265 ], [ 45250.80000000000291, 5943132.075000000186265 ], [ 45250.80000000000291, 5943132.0 ], [ 45250.650000000001455, 5943132.0 ], [ 45250.650000000001455, 5943131.924999999813735 ], [ 45250.57499999999709, 5943131.924999999813735 ], [ 45250.57499999999709, 5943131.849999999627471 ], [ 45250.42500000000291, 5943131.849999999627471 ], [ 45250.42500000000291, 5943131.775000000372529 ], [ 45250.349999999998545, 5943131.775000000372529 ], [ 45250.349999999998545, 5943131.700000000186265 ], [ 45250.275000000001455, 5943131.700000000186265 ], [ 45250.275000000001455, 5943131.625 ], [ 45250.125, 5943131.625 ], [ 45250.125, 5943131.549999999813735 ], [ 45250.05000000000291, 5943131.549999999813735 ], [ 45250.05000000000291, 5943131.474999999627471 ], [ 45249.974999999998545, 5943131.474999999627471 ], [ 45249.974999999998545, 5943131.400000000372529 ], [ 45249.900000000001455, 5943131.400000000372529 ], [ 45249.900000000001455, 5943131.25 ], [ 45249.82499999999709, 5943131.25 ], [ 45249.82499999999709, 5943131.174999999813735 ], [ 45249.75, 5943131.174999999813735 ], [ 45249.75, 5943131.099999999627471 ], [ 45249.67500000000291, 5943131.099999999627471 ], [ 45249.67500000000291, 5943130.950000000186265 ], [ 45249.599999999998545, 5943130.950000000186265 ], [ 45249.599999999998545, 5943130.875 ], [ 45249.525000000001455, 5943130.875 ], [ 45249.525000000001455, 5943130.724999999627471 ], [ 45249.44999999999709, 5943130.724999999627471 ], [ 45249.44999999999709, 5943130.424999999813735 ], [ 45249.375, 5943130.424999999813735 ], [ 45249.375, 5943130.125 ], [ 45249.30000000000291, 5943130.125 ], [ 45249.30000000000291, 5943129.900000000372529 ], [ 45249.224999999998545, 5943129.900000000372529 ], [ 45249.224999999998545, 5943129.674999999813735 ], [ 45249.150000000001455, 5943129.674999999813735 ], [ 45249.150000000001455, 5943129.450000000186265 ], [ 45249.07499999999709, 5943129.450000000186265 ], [ 45249.07499999999709, 5943129.224999999627471 ], [ 45249.0, 5943129.224999999627471 ], [ 45249.0, 5943129.0 ], [ 45248.92500000000291, 5943129.0 ], [ 45248.92500000000291, 5943128.775000000372529 ], [ 45248.849999999998545, 5943128.775000000372529 ], [ 45248.849999999998545, 5943128.549999999813735 ], [ 45248.775000000001455, 5943128.549999999813735 ], [ 45248.775000000001455, 5943128.25 ], [ 45248.69999999999709, 5943128.25 ], [ 45248.69999999999709, 5943128.025000000372529 ], [ 45248.625, 5943128.025000000372529 ], [ 45248.625, 5943127.799999999813735 ], [ 45248.55000000000291, 5943127.799999999813735 ], [ 45248.55000000000291, 5943127.650000000372529 ], [ 45248.474999999998545, 5943127.650000000372529 ], [ 45248.474999999998545, 5943127.424999999813735 ], [ 45248.400000000001455, 5943127.424999999813735 ], [ 45248.400000000001455, 5943127.275000000372529 ], [ 45248.32499999999709, 5943127.275000000372529 ], [ 45248.32499999999709, 5943127.125 ], [ 45248.25, 5943127.125 ], [ 45248.25, 5943126.900000000372529 ], [ 45248.17500000000291, 5943126.900000000372529 ], [ 45248.17500000000291, 5943126.75 ], [ 45248.099999999998545, 5943126.75 ], [ 45248.099999999998545, 5943126.525000000372529 ], [ 45248.025000000001455, 5943126.525000000372529 ], [ 45248.025000000001455, 5943126.299999999813735 ], [ 45247.94999999999709, 5943126.299999999813735 ], [ 45247.94999999999709, 5943126.0 ], [ 45247.875, 5943126.0 ], [ 45247.875, 5943125.775000000372529 ], [ 45247.80000000000291, 5943125.775000000372529 ], [ 45247.80000000000291, 5943125.474999999627471 ], [ 45247.724999999998545, 5943125.474999999627471 ], [ 45247.724999999998545, 5943125.174999999813735 ], [ 45247.650000000001455, 5943125.174999999813735 ], [ 45247.650000000001455, 5943124.799999999813735 ], [ 45247.57499999999709, 5943124.799999999813735 ], [ 45247.57499999999709, 5943124.275000000372529 ], [ 45247.5, 5943124.275000000372529 ], [ 45247.5, 5943123.825000000186265 ], [ 45247.42500000000291, 5943123.825000000186265 ], [ 45247.42500000000291, 5943123.224999999627471 ], [ 45247.349999999998545, 5943123.224999999627471 ], [ 45247.349999999998545, 5943122.775000000372529 ], [ 45247.42500000000291, 5943122.775000000372529 ], [ 45247.42500000000291, 5943122.400000000372529 ], [ 45247.5, 5943122.400000000372529 ], [ 45247.5, 5943122.099999999627471 ], [ 45247.57499999999709, 5943122.099999999627471 ], [ 45247.57499999999709, 5943121.799999999813735 ], [ 45247.650000000001455, 5943121.799999999813735 ], [ 45247.650000000001455, 5943121.575000000186265 ], [ 45247.724999999998545, 5943121.575000000186265 ], [ 45247.724999999998545, 5943121.349999999627471 ], [ 45247.80000000000291, 5943121.349999999627471 ], [ 45247.80000000000291, 5943121.125 ], [ 45247.875, 5943121.125 ], [ 45247.875, 5943120.974999999627471 ], [ 45247.94999999999709, 5943120.974999999627471 ], [ 45247.94999999999709, 5943120.900000000372529 ], [ 45248.025000000001455, 5943120.900000000372529 ], [ 45248.025000000001455, 5943120.825000000186265 ], [ 45248.099999999998545, 5943120.825000000186265 ], [ 45248.099999999998545, 5943120.75 ], [ 45248.17500000000291, 5943120.75 ], [ 45248.17500000000291, 5943120.674999999813735 ], [ 45248.25, 5943120.674999999813735 ], [ 45248.25, 5943120.599999999627471 ], [ 45248.32499999999709, 5943120.599999999627471 ], [ 45248.32499999999709, 5943120.525000000372529 ], [ 45248.474999999998545, 5943120.525000000372529 ], [ 45248.474999999998545, 5943120.450000000186265 ], [ 45248.55000000000291, 5943120.450000000186265 ], [ 45248.55000000000291, 5943120.375 ], [ 45248.625, 5943120.375 ], [ 45248.625, 5943120.299999999813735 ], [ 45248.69999999999709, 5943120.299999999813735 ], [ 45248.69999999999709, 5943120.224999999627471 ], [ 45248.849999999998545, 5943120.224999999627471 ], [ 45248.849999999998545, 5943120.150000000372529 ], [ 45248.92500000000291, 5943120.150000000372529 ], [ 45248.92500000000291, 5943120.075000000186265 ], [ 45249.0, 5943120.075000000186265 ], [ 45249.0, 5943120.0 ], [ 45249.07499999999709, 5943120.0 ], [ 45249.07499999999709, 5943119.924999999813735 ], [ 45249.150000000001455, 5943119.924999999813735 ], [ 45249.150000000001455, 5943119.849999999627471 ], [ 45249.224999999998545, 5943119.849999999627471 ], [ 45249.224999999998545, 5943119.775000000372529 ], [ 45249.30000000000291, 5943119.775000000372529 ], [ 45249.30000000000291, 5943119.700000000186265 ], [ 45249.375, 5943119.700000000186265 ], [ 45249.375, 5943119.549999999813735 ], [ 45249.44999999999709, 5943119.549999999813735 ], [ 45249.44999999999709, 5943119.474999999627471 ], [ 45249.525000000001455, 5943119.474999999627471 ], [ 45249.525000000001455, 5943119.400000000372529 ], [ 45249.599999999998545, 5943119.400000000372529 ], [ 45249.599999999998545, 5943119.325000000186265 ], [ 45249.67500000000291, 5943119.325000000186265 ], [ 45249.67500000000291, 5943119.174999999813735 ], [ 45249.75, 5943119.174999999813735 ], [ 45249.75, 5943119.099999999627471 ], [ 45249.82499999999709, 5943119.099999999627471 ], [ 45249.82499999999709, 5943118.950000000186265 ], [ 45249.900000000001455, 5943118.950000000186265 ], [ 45249.900000000001455, 5943118.875 ], [ 45249.974999999998545, 5943118.875 ], [ 45249.974999999998545, 5943118.799999999813735 ], [ 45250.05000000000291, 5943118.799999999813735 ], [ 45250.05000000000291, 5943118.724999999627471 ], [ 45250.125, 5943118.724999999627471 ], [ 45250.125, 5943118.650000000372529 ], [ 45250.19999999999709, 5943118.650000000372529 ], [ 45250.19999999999709, 5943118.575000000186265 ], [ 45250.349999999998545, 5943118.575000000186265 ], [ 45250.349999999998545, 5943118.5 ], [ 45250.80000000000291, 5943118.5 ], [ 45250.80000000000291, 5943118.424999999813735 ], [ 45251.55000000000291, 5943118.424999999813735 ], [ 45251.55000000000291, 5943118.349999999627471 ], [ 45252.0, 5943118.349999999627471 ], [ 45252.0, 5943118.275000000372529 ], [ 45252.375, 5943118.275000000372529 ], [ 45252.375, 5943118.200000000186265 ], [ 45252.525000000001455, 5943118.200000000186265 ], [ 45252.525000000001455, 5943118.125 ], [ 45252.67500000000291, 5943118.125 ], [ 45252.67500000000291, 5943118.049999999813735 ], [ 45252.75, 5943118.049999999813735 ], [ 45252.75, 5943117.974999999627471 ], [ 45252.900000000001455, 5943117.974999999627471 ], [ 45252.900000000001455, 5943117.900000000372529 ], [ 45252.974999999998545, 5943117.900000000372529 ], [ 45252.974999999998545, 5943117.825000000186265 ], [ 45253.05000000000291, 5943117.825000000186265 ], [ 45253.05000000000291, 5943117.75 ], [ 45253.125, 5943117.75 ], [ 45253.125, 5943117.599999999627471 ], [ 45253.19999999999709, 5943117.599999999627471 ], [ 45253.19999999999709, 5943117.450000000186265 ], [ 45253.275000000001455, 5943117.450000000186265 ], [ 45253.275000000001455, 5943117.299999999813735 ], [ 45253.349999999998545, 5943117.299999999813735 ], [ 45253.349999999998545, 5943117.150000000372529 ], [ 45253.42500000000291, 5943117.150000000372529 ], [ 45253.42500000000291, 5943116.625 ], [ 45253.5, 5943116.625 ], [ 45253.5, 5943115.799999999813735 ], [ 45253.57499999999709, 5943115.799999999813735 ], [ 45253.57499999999709, 5943115.049999999813735 ], [ 45253.5, 5943115.049999999813735 ], [ 45253.5, 5943114.825000000186265 ], [ 45253.42500000000291, 5943114.825000000186265 ], [ 45253.42500000000291, 5943114.599999999627471 ], [ 45253.349999999998545, 5943114.599999999627471 ], [ 45253.349999999998545, 5943114.450000000186265 ], [ 45253.275000000001455, 5943114.450000000186265 ], [ 45253.275000000001455, 5943114.224999999627471 ], [ 45253.19999999999709, 5943114.224999999627471 ], [ 45253.19999999999709, 5943114.0 ], [ 45253.125, 5943114.0 ], [ 45253.125, 5943113.775000000372529 ], [ 45253.05000000000291, 5943113.775000000372529 ], [ 45253.05000000000291, 5943113.549999999813735 ], [ 45252.974999999998545, 5943113.549999999813735 ], [ 45252.974999999998545, 5943113.325000000186265 ], [ 45252.900000000001455, 5943113.325000000186265 ], [ 45252.900000000001455, 5943113.099999999627471 ], [ 45252.82499999999709, 5943113.099999999627471 ], [ 45252.82499999999709, 5943113.025000000372529 ], [ 45252.75, 5943113.025000000372529 ], [ 45252.75, 5943112.950000000186265 ], [ 45252.67500000000291, 5943112.950000000186265 ], [ 45252.67500000000291, 5943112.875 ], [ 45252.599999999998545, 5943112.875 ], [ 45252.599999999998545, 5943112.799999999813735 ], [ 45252.525000000001455, 5943112.799999999813735 ], [ 45252.525000000001455, 5943112.724999999627471 ], [ 45252.375, 5943112.724999999627471 ], [ 45252.375, 5943112.650000000372529 ], [ 45252.30000000000291, 5943112.650000000372529 ], [ 45252.30000000000291, 5943112.575000000186265 ], [ 45252.150000000001455, 5943112.575000000186265 ], [ 45252.150000000001455, 5943112.5 ], [ 45252.0, 5943112.5 ], [ 45252.0, 5943112.424999999813735 ], [ 45251.849999999998545, 5943112.424999999813735 ], [ 45251.849999999998545, 5943112.349999999627471 ], [ 45251.775000000001455, 5943112.349999999627471 ], [ 45251.775000000001455, 5943112.275000000372529 ], [ 45251.625, 5943112.275000000372529 ], [ 45251.625, 5943112.200000000186265 ], [ 45251.55000000000291, 5943112.200000000186265 ], [ 45251.55000000000291, 5943112.125 ], [ 45251.400000000001455, 5943112.125 ], [ 45251.400000000001455, 5943112.049999999813735 ], [ 45251.32499999999709, 5943112.049999999813735 ], [ 45251.32499999999709, 5943111.974999999627471 ], [ 45251.25, 5943111.974999999627471 ], [ 45251.25, 5943111.900000000372529 ], [ 45251.17500000000291, 5943111.900000000372529 ], [ 45251.17500000000291, 5943111.825000000186265 ], [ 45251.025000000001455, 5943111.825000000186265 ], [ 45251.025000000001455, 5943111.75 ], [ 45250.94999999999709, 5943111.75 ], [ 45250.94999999999709, 5943111.674999999813735 ], [ 45250.875, 5943111.674999999813735 ], [ 45250.875, 5943111.599999999627471 ], [ 45250.80000000000291, 5943111.599999999627471 ], [ 45250.80000000000291, 5943111.525000000372529 ], [ 45250.724999999998545, 5943111.525000000372529 ], [ 45250.724999999998545, 5943111.375 ], [ 45250.650000000001455, 5943111.375 ], [ 45250.650000000001455, 5943111.299999999813735 ], [ 45250.57499999999709, 5943111.299999999813735 ], [ 45250.57499999999709, 5943111.224999999627471 ], [ 45250.5, 5943111.224999999627471 ], [ 45250.5, 5943111.150000000372529 ], [ 45250.42500000000291, 5943111.150000000372529 ], [ 45250.42500000000291, 5943111.075000000186265 ], [ 45250.275000000001455, 5943111.075000000186265 ], [ 45250.275000000001455, 5943111.0 ], [ 45250.05000000000291, 5943111.0 ], [ 45250.05000000000291, 5943110.924999999813735 ], [ 45249.974999999998545, 5943110.924999999813735 ], [ 45249.974999999998545, 5943110.849999999627471 ], [ 45249.82499999999709, 5943110.849999999627471 ], [ 45249.82499999999709, 5943110.775000000372529 ], [ 45249.67500000000291, 5943110.775000000372529 ], [ 45249.67500000000291, 5943110.700000000186265 ], [ 45249.599999999998545, 5943110.700000000186265 ], [ 45249.599999999998545, 5943110.625 ], [ 45249.525000000001455, 5943110.625 ], [ 45249.525000000001455, 5943110.549999999813735 ], [ 45249.375, 5943110.549999999813735 ], [ 45249.375, 5943110.474999999627471 ], [ 45249.30000000000291, 5943110.474999999627471 ], [ 45249.30000000000291, 5943110.400000000372529 ], [ 45249.224999999998545, 5943110.400000000372529 ], [ 45249.224999999998545, 5943110.325000000186265 ], [ 45249.150000000001455, 5943110.325000000186265 ], [ 45249.150000000001455, 5943110.174999999813735 ], [ 45249.07499999999709, 5943110.174999999813735 ], [ 45249.07499999999709, 5943110.099999999627471 ], [ 45249.0, 5943110.099999999627471 ], [ 45249.0, 5943110.025000000372529 ], [ 45248.92500000000291, 5943110.025000000372529 ], [ 45248.92500000000291, 5943109.875 ], [ 45248.849999999998545, 5943109.875 ], [ 45248.849999999998545, 5943109.724999999627471 ], [ 45248.775000000001455, 5943109.724999999627471 ], [ 45248.775000000001455, 5943109.5 ], [ 45248.69999999999709, 5943109.5 ], [ 45248.69999999999709, 5943109.275000000372529 ], [ 45248.625, 5943109.275000000372529 ], [ 45248.625, 5943109.125 ], [ 45248.55000000000291, 5943109.125 ], [ 45248.55000000000291, 5943109.049999999813735 ], [ 45248.474999999998545, 5943109.049999999813735 ], [ 45248.474999999998545, 5943108.974999999627471 ], [ 45248.32499999999709, 5943108.974999999627471 ], [ 45248.32499999999709, 5943108.900000000372529 ], [ 45248.17500000000291, 5943108.900000000372529 ], [ 45248.17500000000291, 5943108.825000000186265 ], [ 45248.025000000001455, 5943108.825000000186265 ], [ 45248.025000000001455, 5943108.75 ], [ 45247.875, 5943108.75 ], [ 45247.875, 5943108.674999999813735 ], [ 45247.80000000000291, 5943108.674999999813735 ], [ 45247.80000000000291, 5943108.599999999627471 ], [ 45247.724999999998545, 5943108.599999999627471 ], [ 45247.724999999998545, 5943108.525000000372529 ], [ 45247.650000000001455, 5943108.525000000372529 ], [ 45247.650000000001455, 5943108.450000000186265 ], [ 45247.57499999999709, 5943108.450000000186265 ], [ 45247.57499999999709, 5943108.375 ], [ 45247.5, 5943108.375 ], [ 45247.5, 5943108.299999999813735 ], [ 45247.42500000000291, 5943108.299999999813735 ], [ 45247.42500000000291, 5943108.150000000372529 ], [ 45247.349999999998545, 5943108.150000000372529 ], [ 45247.349999999998545, 5943108.075000000186265 ], [ 45247.275000000001455, 5943108.075000000186265 ], [ 45247.275000000001455, 5943107.924999999813735 ], [ 45247.19999999999709, 5943107.924999999813735 ], [ 45247.19999999999709, 5943107.775000000372529 ], [ 45247.125, 5943107.775000000372529 ], [ 45247.125, 5943107.549999999813735 ], [ 45247.05000000000291, 5943107.549999999813735 ], [ 45247.05000000000291, 5943107.25 ], [ 45246.974999999998545, 5943107.25 ], [ 45246.974999999998545, 5943106.724999999627471 ], [ 45246.900000000001455, 5943106.724999999627471 ], [ 45246.900000000001455, 5943106.200000000186265 ], [ 45246.82499999999709, 5943106.200000000186265 ], [ 45246.82499999999709, 5943105.674999999813735 ], [ 45246.75, 5943105.674999999813735 ], [ 45246.75, 5943105.299999999813735 ], [ 45246.67500000000291, 5943105.299999999813735 ], [ 45246.67500000000291, 5943105.150000000372529 ], [ 45246.599999999998545, 5943105.150000000372529 ], [ 45246.599999999998545, 5943105.075000000186265 ], [ 45246.525000000001455, 5943105.075000000186265 ], [ 45246.525000000001455, 5943104.924999999813735 ], [ 45246.44999999999709, 5943104.924999999813735 ], [ 45246.44999999999709, 5943104.849999999627471 ], [ 45246.30000000000291, 5943104.849999999627471 ], [ 45246.30000000000291, 5943104.775000000372529 ], [ 45246.224999999998545, 5943104.775000000372529 ], [ 45246.224999999998545, 5943104.700000000186265 ], [ 45246.150000000001455, 5943104.700000000186265 ], [ 45246.150000000001455, 5943104.625 ], [ 45246.07499999999709, 5943104.625 ], [ 45246.07499999999709, 5943104.549999999813735 ], [ 45246.0, 5943104.549999999813735 ], [ 45246.0, 5943104.474999999627471 ], [ 45245.92500000000291, 5943104.474999999627471 ], [ 45245.92500000000291, 5943104.400000000372529 ], [ 45245.849999999998545, 5943104.400000000372529 ], [ 45245.849999999998545, 5943104.325000000186265 ], [ 45245.775000000001455, 5943104.325000000186265 ], [ 45245.775000000001455, 5943104.25 ], [ 45245.69999999999709, 5943104.25 ], [ 45245.69999999999709, 5943104.099999999627471 ], [ 45245.625, 5943104.099999999627471 ], [ 45245.625, 5943104.025000000372529 ], [ 45245.55000000000291, 5943104.025000000372529 ], [ 45245.55000000000291, 5943103.875 ], [ 45245.474999999998545, 5943103.875 ], [ 45245.474999999998545, 5943103.724999999627471 ], [ 45245.400000000001455, 5943103.724999999627471 ], [ 45245.400000000001455, 5943103.575000000186265 ], [ 45245.32499999999709, 5943103.575000000186265 ], [ 45245.32499999999709, 5943103.349999999627471 ], [ 45245.25, 5943103.349999999627471 ], [ 45245.25, 5943103.049999999813735 ], [ 45245.17500000000291, 5943103.049999999813735 ], [ 45245.17500000000291, 5943102.674999999813735 ], [ 45245.099999999998545, 5943102.674999999813735 ], [ 45245.099999999998545, 5943102.299999999813735 ], [ 45245.025000000001455, 5943102.299999999813735 ], [ 45245.025000000001455, 5943101.849999999627471 ], [ 45244.94999999999709, 5943101.849999999627471 ], [ 45244.94999999999709, 5943101.325000000186265 ], [ 45244.875, 5943101.325000000186265 ], [ 45244.875, 5943100.5 ], [ 45244.80000000000291, 5943100.5 ], [ 45244.80000000000291, 5943099.75 ], [ 45244.724999999998545, 5943099.75 ], [ 45244.724999999998545, 5943099.299999999813735 ], [ 45244.650000000001455, 5943099.299999999813735 ], [ 45244.650000000001455, 5943099.0 ], [ 45244.57499999999709, 5943099.0 ], [ 45244.57499999999709, 5943098.775000000372529 ], [ 45244.5, 5943098.775000000372529 ], [ 45244.5, 5943098.549999999813735 ], [ 45244.42500000000291, 5943098.549999999813735 ], [ 45244.42500000000291, 5943098.400000000372529 ], [ 45244.349999999998545, 5943098.400000000372529 ], [ 45244.349999999998545, 5943098.174999999813735 ], [ 45244.275000000001455, 5943098.174999999813735 ], [ 45244.275000000001455, 5943097.950000000186265 ], [ 45244.19999999999709, 5943097.950000000186265 ], [ 45244.19999999999709, 5943097.724999999627471 ], [ 45244.125, 5943097.724999999627471 ], [ 45244.125, 5943097.424999999813735 ], [ 45244.05000000000291, 5943097.424999999813735 ], [ 45244.05000000000291, 5943096.974999999627471 ], [ 45243.974999999998545, 5943096.974999999627471 ], [ 45243.974999999998545, 5943096.599999999627471 ], [ 45243.900000000001455, 5943096.599999999627471 ], [ 45243.900000000001455, 5943096.150000000372529 ], [ 45243.82499999999709, 5943096.150000000372529 ], [ 45243.82499999999709, 5943095.700000000186265 ], [ 45243.75, 5943095.700000000186265 ], [ 45243.75, 5943095.174999999813735 ], [ 45243.67500000000291, 5943095.174999999813735 ], [ 45243.67500000000291, 5943094.650000000372529 ], [ 45243.599999999998545, 5943094.650000000372529 ], [ 45243.599999999998545, 5943094.049999999813735 ], [ 45243.525000000001455, 5943094.049999999813735 ], [ 45243.525000000001455, 5943093.375 ], [ 45243.44999999999709, 5943093.375 ], [ 45243.44999999999709, 5943092.549999999813735 ], [ 45243.375, 5943092.549999999813735 ], [ 45243.375, 5943091.724999999627471 ], [ 45243.30000000000291, 5943091.724999999627471 ], [ 45243.30000000000291, 5943090.299999999813735 ], [ 45243.224999999998545, 5943090.299999999813735 ], [ 45243.224999999998545, 5943088.200000000186265 ], [ 45243.150000000001455, 5943088.200000000186265 ], [ 45243.150000000001455, 5943086.400000000372529 ], [ 45243.07499999999709, 5943086.400000000372529 ], [ 45243.07499999999709, 5943085.424999999813735 ], [ 45243.0, 5943085.424999999813735 ], [ 45243.0, 5943084.75 ], [ 45242.92500000000291, 5943084.75 ], [ 45242.92500000000291, 5943084.150000000372529 ], [ 45242.849999999998545, 5943084.150000000372529 ], [ 45242.849999999998545, 5943083.775000000372529 ], [ 45242.92500000000291, 5943083.775000000372529 ], [ 45242.92500000000291, 5943083.549999999813735 ], [ 45243.0, 5943083.549999999813735 ], [ 45243.0, 5943083.325000000186265 ], [ 45243.07499999999709, 5943083.325000000186265 ], [ 45243.07499999999709, 5943083.174999999813735 ], [ 45243.150000000001455, 5943083.174999999813735 ], [ 45243.150000000001455, 5943083.025000000372529 ], [ 45243.224999999998545, 5943083.025000000372529 ], [ 45243.224999999998545, 5943082.875 ], [ 45243.30000000000291, 5943082.875 ], [ 45243.30000000000291, 5943082.799999999813735 ], [ 45243.375, 5943082.799999999813735 ], [ 45243.375, 5943082.650000000372529 ], [ 45243.44999999999709, 5943082.650000000372529 ], [ 45243.44999999999709, 5943082.575000000186265 ], [ 45243.525000000001455, 5943082.575000000186265 ], [ 45243.525000000001455, 5943082.5 ], [ 45243.599999999998545, 5943082.5 ], [ 45243.599999999998545, 5943082.424999999813735 ], [ 45243.67500000000291, 5943082.424999999813735 ], [ 45243.67500000000291, 5943082.349999999627471 ], [ 45243.75, 5943082.349999999627471 ], [ 45243.75, 5943082.275000000372529 ], [ 45243.82499999999709, 5943082.275000000372529 ], [ 45243.82499999999709, 5943082.200000000186265 ], [ 45243.900000000001455, 5943082.200000000186265 ], [ 45243.900000000001455, 5943082.125 ], [ 45243.974999999998545, 5943082.125 ], [ 45243.974999999998545, 5943082.049999999813735 ], [ 45244.05000000000291, 5943082.049999999813735 ], [ 45244.05000000000291, 5943081.974999999627471 ], [ 45244.19999999999709, 5943081.974999999627471 ], [ 45244.19999999999709, 5943081.900000000372529 ], [ 45244.275000000001455, 5943081.900000000372529 ], [ 45244.275000000001455, 5943081.825000000186265 ], [ 45244.349999999998545, 5943081.825000000186265 ], [ 45244.349999999998545, 5943081.75 ], [ 45244.42500000000291, 5943081.75 ], [ 45244.42500000000291, 5943081.674999999813735 ], [ 45244.5, 5943081.674999999813735 ], [ 45244.5, 5943081.599999999627471 ], [ 45244.57499999999709, 5943081.599999999627471 ], [ 45244.57499999999709, 5943081.450000000186265 ], [ 45244.650000000001455, 5943081.450000000186265 ], [ 45244.650000000001455, 5943081.375 ], [ 45244.724999999998545, 5943081.375 ], [ 45244.724999999998545, 5943081.299999999813735 ], [ 45244.80000000000291, 5943081.299999999813735 ], [ 45244.80000000000291, 5943081.224999999627471 ], [ 45244.875, 5943081.224999999627471 ], [ 45244.875, 5943081.150000000372529 ], [ 45244.94999999999709, 5943081.150000000372529 ], [ 45244.94999999999709, 5943081.075000000186265 ], [ 45245.025000000001455, 5943081.075000000186265 ], [ 45245.025000000001455, 5943081.0 ], [ 45245.099999999998545, 5943081.0 ], [ 45245.099999999998545, 5943080.924999999813735 ], [ 45245.25, 5943080.924999999813735 ], [ 45245.25, 5943080.849999999627471 ], [ 45245.32499999999709, 5943080.849999999627471 ], [ 45245.32499999999709, 5943080.775000000372529 ], [ 45245.474999999998545, 5943080.775000000372529 ], [ 45245.474999999998545, 5943080.700000000186265 ], [ 45245.625, 5943080.700000000186265 ], [ 45245.625, 5943080.625 ], [ 45245.849999999998545, 5943080.625 ], [ 45245.849999999998545, 5943080.549999999813735 ], [ 45246.07499999999709, 5943080.549999999813735 ], [ 45246.07499999999709, 5943080.474999999627471 ], [ 45246.30000000000291, 5943080.474999999627471 ], [ 45246.30000000000291, 5943080.400000000372529 ], [ 45246.82499999999709, 5943080.400000000372529 ], [ 45246.82499999999709, 5943080.325000000186265 ], [ 45247.724999999998545, 5943080.325000000186265 ], [ 45247.724999999998545, 5943080.25 ], [ 45248.92500000000291, 5943080.25 ], [ 45248.92500000000291, 5943080.174999999813735 ], [ 45250.5, 5943080.174999999813735 ], [ 45250.5, 5943080.25 ], [ 45251.400000000001455, 5943080.25 ], [ 45251.400000000001455, 5943080.325000000186265 ], [ 45252.375, 5943080.325000000186265 ], [ 45252.375, 5943080.400000000372529 ], [ 45253.05000000000291, 5943080.400000000372529 ], [ 45253.05000000000291, 5943080.474999999627471 ], [ 45253.80000000000291, 5943080.474999999627471 ], [ 45253.80000000000291, 5943080.549999999813735 ], [ 45254.474999999998545, 5943080.549999999813735 ], [ 45254.474999999998545, 5943080.625 ], [ 45255.07499999999709, 5943080.625 ], [ 45255.07499999999709, 5943080.700000000186265 ], [ 45255.67500000000291, 5943080.700000000186265 ], [ 45255.67500000000291, 5943080.775000000372529 ], [ 45256.275000000001455, 5943080.775000000372529 ], [ 45256.275000000001455, 5943080.849999999627471 ], [ 45256.42500000000291, 5943080.849999999627471 ], [ 45256.42500000000291, 5943080.924999999813735 ], [ 45256.57499999999709, 5943080.924999999813735 ], [ 45256.57499999999709, 5943081.0 ], [ 45256.724999999998545, 5943081.0 ], [ 45256.724999999998545, 5943081.075000000186265 ], [ 45256.80000000000291, 5943081.075000000186265 ], [ 45256.80000000000291, 5943081.150000000372529 ], [ 45256.94999999999709, 5943081.150000000372529 ], [ 45256.94999999999709, 5943081.224999999627471 ], [ 45257.025000000001455, 5943081.224999999627471 ], [ 45257.025000000001455, 5943081.299999999813735 ], [ 45257.099999999998545, 5943081.299999999813735 ], [ 45257.099999999998545, 5943081.375 ], [ 45257.17500000000291, 5943081.375 ], [ 45257.17500000000291, 5943081.450000000186265 ], [ 45257.25, 5943081.450000000186265 ], [ 45257.25, 5943081.525000000372529 ], [ 45257.32499999999709, 5943081.525000000372529 ], [ 45257.32499999999709, 5943081.599999999627471 ], [ 45257.400000000001455, 5943081.599999999627471 ], [ 45257.400000000001455, 5943081.674999999813735 ], [ 45257.474999999998545, 5943081.674999999813735 ], [ 45257.474999999998545, 5943081.75 ], [ 45257.55000000000291, 5943081.75 ], [ 45257.55000000000291, 5943081.900000000372529 ], [ 45257.625, 5943081.900000000372529 ], [ 45257.625, 5943081.974999999627471 ], [ 45257.69999999999709, 5943081.974999999627471 ], [ 45257.69999999999709, 5943082.125 ], [ 45257.775000000001455, 5943082.125 ], [ 45257.775000000001455, 5943082.275000000372529 ], [ 45257.849999999998545, 5943082.275000000372529 ], [ 45257.849999999998545, 5943082.349999999627471 ], [ 45257.92500000000291, 5943082.349999999627471 ], [ 45257.92500000000291, 5943082.5 ], [ 45258.0, 5943082.5 ], [ 45258.0, 5943082.575000000186265 ], [ 45258.07499999999709, 5943082.575000000186265 ], [ 45258.07499999999709, 5943082.650000000372529 ], [ 45258.150000000001455, 5943082.650000000372529 ], [ 45258.150000000001455, 5943082.724999999627471 ], [ 45258.224999999998545, 5943082.724999999627471 ], [ 45258.224999999998545, 5943082.875 ], [ 45258.30000000000291, 5943082.875 ], [ 45258.30000000000291, 5943082.950000000186265 ], [ 45258.375, 5943082.950000000186265 ], [ 45258.375, 5943083.025000000372529 ], [ 45258.44999999999709, 5943083.025000000372529 ], [ 45258.44999999999709, 5943083.174999999813735 ], [ 45258.525000000001455, 5943083.174999999813735 ], [ 45258.525000000001455, 5943083.25 ], [ 45258.599999999998545, 5943083.25 ], [ 45258.599999999998545, 5943083.400000000372529 ], [ 45258.67500000000291, 5943083.400000000372529 ], [ 45258.67500000000291, 5943083.549999999813735 ], [ 45258.75, 5943083.549999999813735 ], [ 45258.75, 5943083.700000000186265 ], [ 45258.82499999999709, 5943083.700000000186265 ], [ 45258.82499999999709, 5943084.075000000186265 ], [ 45258.75, 5943084.075000000186265 ], [ 45258.75, 5943084.224999999627471 ], [ 45258.67500000000291, 5943084.224999999627471 ], [ 45258.67500000000291, 5943084.375 ], [ 45258.599999999998545, 5943084.375 ], [ 45258.599999999998545, 5943084.450000000186265 ], [ 45258.525000000001455, 5943084.450000000186265 ], [ 45258.525000000001455, 5943084.599999999627471 ], [ 45258.44999999999709, 5943084.599999999627471 ], [ 45258.44999999999709, 5943084.674999999813735 ], [ 45258.375, 5943084.674999999813735 ], [ 45258.375, 5943084.75 ], [ 45258.30000000000291, 5943084.75 ], [ 45258.30000000000291, 5943084.900000000372529 ], [ 45258.224999999998545, 5943084.900000000372529 ], [ 45258.224999999998545, 5943084.974999999627471 ], [ 45258.150000000001455, 5943084.974999999627471 ], [ 45258.150000000001455, 5943085.049999999813735 ], [ 45258.07499999999709, 5943085.049999999813735 ], [ 45258.07499999999709, 5943085.125 ], [ 45258.0, 5943085.125 ], [ 45258.0, 5943085.275000000372529 ], [ 45257.92500000000291, 5943085.275000000372529 ], [ 45257.92500000000291, 5943085.349999999627471 ], [ 45257.849999999998545, 5943085.349999999627471 ], [ 45257.849999999998545, 5943085.5 ], [ 45257.775000000001455, 5943085.5 ], [ 45257.775000000001455, 5943085.650000000372529 ], [ 45257.69999999999709, 5943085.650000000372529 ], [ 45257.69999999999709, 5943085.799999999813735 ], [ 45257.625, 5943085.799999999813735 ], [ 45257.625, 5943086.099999999627471 ], [ 45257.55000000000291, 5943086.099999999627471 ], [ 45257.55000000000291, 5943086.549999999813735 ], [ 45257.474999999998545, 5943086.549999999813735 ], [ 45257.474999999998545, 5943086.924999999813735 ], [ 45257.400000000001455, 5943086.924999999813735 ], [ 45257.400000000001455, 5943087.299999999813735 ], [ 45257.32499999999709, 5943087.299999999813735 ], [ 45257.32499999999709, 5943087.75 ], [ 45257.25, 5943087.75 ], [ 45257.25, 5943087.974999999627471 ], [ 45257.17500000000291, 5943087.974999999627471 ], [ 45257.17500000000291, 5943088.200000000186265 ], [ 45257.099999999998545, 5943088.200000000186265 ], [ 45257.099999999998545, 5943088.349999999627471 ], [ 45257.025000000001455, 5943088.349999999627471 ], [ 45257.025000000001455, 5943088.575000000186265 ], [ 45256.94999999999709, 5943088.575000000186265 ], [ 45256.94999999999709, 5943088.724999999627471 ], [ 45256.875, 5943088.724999999627471 ], [ 45256.875, 5943088.799999999813735 ], [ 45256.80000000000291, 5943088.799999999813735 ], [ 45256.80000000000291, 5943088.950000000186265 ], [ 45256.724999999998545, 5943088.950000000186265 ], [ 45256.724999999998545, 5943089.099999999627471 ], [ 45256.650000000001455, 5943089.099999999627471 ], [ 45256.650000000001455, 5943089.174999999813735 ], [ 45256.57499999999709, 5943089.174999999813735 ], [ 45256.57499999999709, 5943089.25 ], [ 45256.5, 5943089.25 ], [ 45256.5, 5943089.400000000372529 ], [ 45256.42500000000291, 5943089.400000000372529 ], [ 45256.42500000000291, 5943089.474999999627471 ], [ 45256.349999999998545, 5943089.474999999627471 ], [ 45256.349999999998545, 5943089.549999999813735 ], [ 45256.275000000001455, 5943089.549999999813735 ], [ 45256.275000000001455, 5943089.625 ], [ 45256.19999999999709, 5943089.625 ], [ 45256.19999999999709, 5943089.700000000186265 ], [ 45256.125, 5943089.700000000186265 ], [ 45256.125, 5943091.724999999627471 ], [ 45256.19999999999709, 5943091.724999999627471 ], [ 45256.19999999999709, 5943091.875 ], [ 45256.275000000001455, 5943091.875 ], [ 45256.275000000001455, 5943092.025000000372529 ], [ 45256.349999999998545, 5943092.025000000372529 ], [ 45256.349999999998545, 5943092.099999999627471 ], [ 45256.42500000000291, 5943092.099999999627471 ], [ 45256.42500000000291, 5943092.174999999813735 ], [ 45256.5, 5943092.174999999813735 ], [ 45256.5, 5943092.325000000186265 ], [ 45256.57499999999709, 5943092.325000000186265 ], [ 45256.57499999999709, 5943092.400000000372529 ], [ 45256.650000000001455, 5943092.400000000372529 ], [ 45256.650000000001455, 5943092.549999999813735 ], [ 45256.724999999998545, 5943092.549999999813735 ], [ 45256.724999999998545, 5943092.700000000186265 ], [ 45256.80000000000291, 5943092.700000000186265 ], [ 45256.80000000000291, 5943092.849999999627471 ], [ 45256.875, 5943092.849999999627471 ], [ 45256.875, 5943093.0 ], [ 45256.94999999999709, 5943093.0 ], [ 45256.94999999999709, 5943093.150000000372529 ], [ 45257.025000000001455, 5943093.150000000372529 ], [ 45257.025000000001455, 5943093.375 ], [ 45257.099999999998545, 5943093.375 ], [ 45257.099999999998545, 5943093.599999999627471 ], [ 45257.17500000000291, 5943093.599999999627471 ], [ 45257.17500000000291, 5943093.900000000372529 ], [ 45257.25, 5943093.900000000372529 ], [ 45257.25, 5943094.349999999627471 ], [ 45257.32499999999709, 5943094.349999999627471 ], [ 45257.32499999999709, 5943094.724999999627471 ], [ 45257.400000000001455, 5943094.724999999627471 ], [ 45257.400000000001455, 5943095.25 ], [ 45257.474999999998545, 5943095.25 ], [ 45257.474999999998545, 5943095.775000000372529 ], [ 45257.55000000000291, 5943095.775000000372529 ], [ 45257.55000000000291, 5943096.299999999813735 ], [ 45257.625, 5943096.299999999813735 ], [ 45257.625, 5943096.825000000186265 ], [ 45257.69999999999709, 5943096.825000000186265 ], [ 45257.69999999999709, 5943097.275000000372529 ], [ 45257.775000000001455, 5943097.275000000372529 ], [ 45257.775000000001455, 5943097.650000000372529 ], [ 45257.849999999998545, 5943097.650000000372529 ], [ 45257.849999999998545, 5943097.799999999813735 ], [ 45257.92500000000291, 5943097.799999999813735 ], [ 45257.92500000000291, 5943097.875 ], [ 45258.0, 5943097.875 ], [ 45258.0, 5943098.025000000372529 ], [ 45258.07499999999709, 5943098.025000000372529 ], [ 45258.07499999999709, 5943098.099999999627471 ], [ 45258.150000000001455, 5943098.099999999627471 ], [ 45258.150000000001455, 5943098.25 ], [ 45258.224999999998545, 5943098.25 ], [ 45258.224999999998545, 5943098.325000000186265 ], [ 45258.30000000000291, 5943098.325000000186265 ], [ 45258.30000000000291, 5943098.400000000372529 ], [ 45258.375, 5943098.400000000372529 ], [ 45258.375, 5943098.549999999813735 ], [ 45258.44999999999709, 5943098.549999999813735 ], [ 45258.44999999999709, 5943098.625 ], [ 45258.525000000001455, 5943098.625 ], [ 45258.525000000001455, 5943098.775000000372529 ], [ 45258.599999999998545, 5943098.775000000372529 ], [ 45258.599999999998545, 5943098.849999999627471 ], [ 45258.67500000000291, 5943098.849999999627471 ], [ 45258.67500000000291, 5943099.0 ], [ 45258.75, 5943099.0 ], [ 45258.75, 5943099.150000000372529 ], [ 45258.82499999999709, 5943099.150000000372529 ], [ 45258.82499999999709, 5943099.299999999813735 ], [ 45258.900000000001455, 5943099.299999999813735 ], [ 45258.900000000001455, 5943099.525000000372529 ], [ 45258.974999999998545, 5943099.525000000372529 ], [ 45258.974999999998545, 5943099.75 ], [ 45259.05000000000291, 5943099.75 ], [ 45259.05000000000291, 5943100.049999999813735 ], [ 45259.125, 5943100.049999999813735 ], [ 45259.125, 5943100.349999999627471 ], [ 45259.19999999999709, 5943100.349999999627471 ], [ 45259.19999999999709, 5943100.650000000372529 ], [ 45259.275000000001455, 5943100.650000000372529 ], [ 45259.275000000001455, 5943101.025000000372529 ], [ 45259.349999999998545, 5943101.025000000372529 ], [ 45259.349999999998545, 5943101.325000000186265 ], [ 45259.42500000000291, 5943101.325000000186265 ], [ 45259.42500000000291, 5943101.849999999627471 ], [ 45259.5, 5943101.849999999627471 ], [ 45259.5, 5943102.450000000186265 ], [ 45259.57499999999709, 5943102.450000000186265 ], [ 45259.57499999999709, 5943102.974999999627471 ], [ 45259.650000000001455, 5943102.974999999627471 ], [ 45259.650000000001455, 5943103.5 ], [ 45259.724999999998545, 5943103.5 ], [ 45259.724999999998545, 5943103.950000000186265 ], [ 45259.80000000000291, 5943103.950000000186265 ], [ 45259.80000000000291, 5943104.474999999627471 ], [ 45259.875, 5943104.474999999627471 ], [ 45259.875, 5943104.924999999813735 ], [ 45259.94999999999709, 5943104.924999999813735 ], [ 45259.94999999999709, 5943105.299999999813735 ], [ 45260.025000000001455, 5943105.299999999813735 ], [ 45260.025000000001455, 5943106.275000000372529 ], [ 45260.099999999998545, 5943106.275000000372529 ], [ 45260.099999999998545, 5943107.849999999627471 ], [ 45260.025000000001455, 5943107.849999999627471 ], [ 45260.025000000001455, 5943108.450000000186265 ], [ 45259.94999999999709, 5943108.450000000186265 ], [ 45259.94999999999709, 5943109.049999999813735 ], [ 45259.875, 5943109.049999999813735 ], [ 45259.875, 5943109.724999999627471 ], [ 45259.80000000000291, 5943109.724999999627471 ], [ 45259.80000000000291, 5943110.474999999627471 ], [ 45259.724999999998545, 5943110.474999999627471 ], [ 45259.724999999998545, 5943111.299999999813735 ], [ 45259.650000000001455, 5943111.299999999813735 ], [ 45259.650000000001455, 5943111.974999999627471 ], [ 45259.57499999999709, 5943111.974999999627471 ], [ 45259.57499999999709, 5943112.799999999813735 ], [ 45259.5, 5943112.799999999813735 ], [ 45259.5, 5943113.400000000372529 ], [ 45259.42500000000291, 5943113.400000000372529 ], [ 45259.42500000000291, 5943113.924999999813735 ], [ 45259.349999999998545, 5943113.924999999813735 ], [ 45259.349999999998545, 5943114.375 ], [ 45259.275000000001455, 5943114.375 ], [ 45259.275000000001455, 5943114.825000000186265 ], [ 45259.19999999999709, 5943114.825000000186265 ], [ 45259.19999999999709, 5943115.200000000186265 ], [ 45259.125, 5943115.200000000186265 ], [ 45259.125, 5943115.349999999627471 ], [ 45259.05000000000291, 5943115.349999999627471 ], [ 45259.05000000000291, 5943115.5 ], [ 45258.974999999998545, 5943115.5 ], [ 45258.974999999998545, 5943115.650000000372529 ], [ 45258.900000000001455, 5943115.650000000372529 ], [ 45258.900000000001455, 5943115.799999999813735 ], [ 45258.82499999999709, 5943115.799999999813735 ], [ 45258.82499999999709, 5943115.875 ], [ 45258.75, 5943115.875 ], [ 45258.75, 5943116.025000000372529 ], [ 45258.67500000000291, 5943116.025000000372529 ], [ 45258.67500000000291, 5943116.099999999627471 ], [ 45258.599999999998545, 5943116.099999999627471 ], [ 45258.599999999998545, 5943116.174999999813735 ], [ 45258.525000000001455, 5943116.174999999813735 ], [ 45258.525000000001455, 5943116.25 ], [ 45258.44999999999709, 5943116.25 ], [ 45258.44999999999709, 5943116.325000000186265 ], [ 45258.375, 5943116.325000000186265 ], [ 45258.375, 5943116.400000000372529 ], [ 45258.30000000000291, 5943116.400000000372529 ], [ 45258.30000000000291, 5943116.474999999627471 ], [ 45258.224999999998545, 5943116.474999999627471 ], [ 45258.224999999998545, 5943116.549999999813735 ], [ 45258.150000000001455, 5943116.549999999813735 ], [ 45258.150000000001455, 5943116.625 ], [ 45258.0, 5943116.625 ], [ 45258.0, 5943116.700000000186265 ], [ 45257.92500000000291, 5943116.700000000186265 ], [ 45257.92500000000291, 5943116.775000000372529 ], [ 45257.849999999998545, 5943116.775000000372529 ], [ 45257.849999999998545, 5943116.849999999627471 ], [ 45257.775000000001455, 5943116.849999999627471 ], [ 45257.775000000001455, 5943116.924999999813735 ], [ 45257.69999999999709, 5943116.924999999813735 ], [ 45257.69999999999709, 5943117.0 ], [ 45257.625, 5943117.0 ], [ 45257.625, 5943117.075000000186265 ], [ 45257.55000000000291, 5943117.075000000186265 ], [ 45257.55000000000291, 5943117.224999999627471 ], [ 45257.474999999998545, 5943117.224999999627471 ], [ 45257.474999999998545, 5943117.375 ], [ 45257.400000000001455, 5943117.375 ], [ 45257.400000000001455, 5943117.525000000372529 ], [ 45257.32499999999709, 5943117.525000000372529 ], [ 45257.32499999999709, 5943117.599999999627471 ], [ 45257.25, 5943117.599999999627471 ], [ 45257.25, 5943117.75 ], [ 45257.17500000000291, 5943117.75 ], [ 45257.17500000000291, 5943117.900000000372529 ], [ 45257.099999999998545, 5943117.900000000372529 ], [ 45257.099999999998545, 5943117.974999999627471 ], [ 45257.025000000001455, 5943117.974999999627471 ], [ 45257.025000000001455, 5943118.125 ], [ 45256.94999999999709, 5943118.125 ], [ 45256.94999999999709, 5943118.275000000372529 ], [ 45256.875, 5943118.275000000372529 ], [ 45256.875, 5943118.424999999813735 ], [ 45256.80000000000291, 5943118.424999999813735 ], [ 45256.80000000000291, 5943118.5 ], [ 45256.724999999998545, 5943118.5 ], [ 45256.724999999998545, 5943118.650000000372529 ], [ 45256.650000000001455, 5943118.650000000372529 ], [ 45256.650000000001455, 5943118.799999999813735 ], [ 45256.57499999999709, 5943118.799999999813735 ], [ 45256.57499999999709, 5943118.950000000186265 ], [ 45256.5, 5943118.950000000186265 ], [ 45256.5, 5943119.099999999627471 ], [ 45256.42500000000291, 5943119.099999999627471 ], [ 45256.42500000000291, 5943119.174999999813735 ], [ 45256.349999999998545, 5943119.174999999813735 ], [ 45256.349999999998545, 5943119.25 ], [ 45256.275000000001455, 5943119.25 ], [ 45256.275000000001455, 5943119.325000000186265 ], [ 45256.19999999999709, 5943119.325000000186265 ], [ 45256.19999999999709, 5943119.400000000372529 ], [ 45255.900000000001455, 5943119.400000000372529 ], [ 45255.900000000001455, 5943119.474999999627471 ], [ 45255.67500000000291, 5943119.474999999627471 ], [ 45255.67500000000291, 5943119.549999999813735 ], [ 45255.525000000001455, 5943119.549999999813735 ], [ 45255.525000000001455, 5943119.625 ], [ 45255.375, 5943119.625 ], [ 45255.375, 5943119.700000000186265 ], [ 45255.224999999998545, 5943119.700000000186265 ], [ 45255.224999999998545, 5943119.775000000372529 ], [ 45255.150000000001455, 5943119.775000000372529 ], [ 45255.150000000001455, 5943119.849999999627471 ], [ 45255.07499999999709, 5943119.849999999627471 ], [ 45255.07499999999709, 5943119.924999999813735 ], [ 45255.0, 5943119.924999999813735 ], [ 45255.0, 5943120.0 ], [ 45254.92500000000291, 5943120.0 ], [ 45254.92500000000291, 5943120.075000000186265 ], [ 45254.849999999998545, 5943120.075000000186265 ], [ 45254.849999999998545, 5943120.150000000372529 ], [ 45254.775000000001455, 5943120.150000000372529 ], [ 45254.775000000001455, 5943120.299999999813735 ], [ 45254.69999999999709, 5943120.299999999813735 ], [ 45254.69999999999709, 5943120.450000000186265 ], [ 45254.625, 5943120.450000000186265 ], [ 45254.625, 5943120.674999999813735 ], [ 45254.55000000000291, 5943120.674999999813735 ], [ 45254.55000000000291, 5943120.900000000372529 ], [ 45254.474999999998545, 5943120.900000000372529 ], [ 45254.474999999998545, 5943121.049999999813735 ], [ 45254.55000000000291, 5943121.049999999813735 ], [ 45254.55000000000291, 5943121.349999999627471 ], [ 45254.625, 5943121.349999999627471 ], [ 45254.625, 5943121.650000000372529 ], [ 45254.69999999999709, 5943121.650000000372529 ], [ 45254.69999999999709, 5943121.950000000186265 ], [ 45254.775000000001455, 5943121.950000000186265 ], [ 45254.775000000001455, 5943122.25 ], [ 45254.849999999998545, 5943122.25 ], [ 45254.849999999998545, 5943122.625 ], [ 45254.92500000000291, 5943122.625 ], [ 45254.92500000000291, 5943122.924999999813735 ], [ 45255.0, 5943122.924999999813735 ], [ 45255.0, 5943123.075000000186265 ], [ 45255.07499999999709, 5943123.075000000186265 ], [ 45255.07499999999709, 5943123.150000000372529 ], [ 45255.150000000001455, 5943123.150000000372529 ], [ 45255.150000000001455, 5943123.299999999813735 ], [ 45255.224999999998545, 5943123.299999999813735 ], [ 45255.224999999998545, 5943123.375 ], [ 45255.30000000000291, 5943123.375 ], [ 45255.30000000000291, 5943123.450000000186265 ], [ 45255.375, 5943123.450000000186265 ], [ 45255.375, 5943123.525000000372529 ], [ 45255.44999999999709, 5943123.525000000372529 ], [ 45255.44999999999709, 5943123.599999999627471 ], [ 45255.525000000001455, 5943123.599999999627471 ], [ 45255.525000000001455, 5943123.674999999813735 ], [ 45255.599999999998545, 5943123.674999999813735 ], [ 45255.599999999998545, 5943123.75 ], [ 45255.75, 5943123.75 ], [ 45255.75, 5943123.825000000186265 ], [ 45255.82499999999709, 5943123.825000000186265 ], [ 45255.82499999999709, 5943123.900000000372529 ], [ 45255.900000000001455, 5943123.900000000372529 ], [ 45255.900000000001455, 5943123.974999999627471 ], [ 45256.05000000000291, 5943123.974999999627471 ], [ 45256.05000000000291, 5943124.049999999813735 ], [ 45256.19999999999709, 5943124.049999999813735 ], [ 45256.19999999999709, 5943124.125 ], [ 45256.275000000001455, 5943124.125 ], [ 45256.275000000001455, 5943124.200000000186265 ], [ 45256.349999999998545, 5943124.200000000186265 ], [ 45256.349999999998545, 5943124.275000000372529 ], [ 45256.42500000000291, 5943124.275000000372529 ], [ 45256.42500000000291, 5943124.424999999813735 ], [ 45256.5, 5943124.424999999813735 ], [ 45256.5, 5943124.5 ], [ 45256.57499999999709, 5943124.5 ], [ 45256.57499999999709, 5943124.650000000372529 ], [ 45256.650000000001455, 5943124.650000000372529 ], [ 45256.650000000001455, 5943124.724999999627471 ], [ 45256.724999999998545, 5943124.724999999627471 ], [ 45256.724999999998545, 5943124.875 ], [ 45256.80000000000291, 5943124.875 ], [ 45256.80000000000291, 5943125.099999999627471 ], [ 45256.875, 5943125.099999999627471 ], [ 45256.875, 5943125.325000000186265 ], [ 45256.94999999999709, 5943125.325000000186265 ], [ 45256.94999999999709, 5943125.474999999627471 ], [ 45257.025000000001455, 5943125.474999999627471 ], [ 45257.025000000001455, 5943125.625 ], [ 45257.099999999998545, 5943125.625 ], [ 45257.099999999998545, 5943125.775000000372529 ], [ 45257.17500000000291, 5943125.775000000372529 ], [ 45257.17500000000291, 5943125.924999999813735 ], [ 45257.25, 5943125.924999999813735 ], [ 45257.25, 5943126.075000000186265 ], [ 45257.32499999999709, 5943126.075000000186265 ], [ 45257.32499999999709, 5943126.150000000372529 ], [ 45257.400000000001455, 5943126.150000000372529 ], [ 45257.400000000001455, 5943126.299999999813735 ], [ 45257.474999999998545, 5943126.299999999813735 ], [ 45257.474999999998545, 5943126.375 ], [ 45257.55000000000291, 5943126.375 ], [ 45257.55000000000291, 5943126.450000000186265 ], [ 45257.625, 5943126.450000000186265 ], [ 45257.625, 5943126.525000000372529 ], [ 45257.69999999999709, 5943126.525000000372529 ], [ 45257.69999999999709, 5943126.674999999813735 ], [ 45257.775000000001455, 5943126.674999999813735 ], [ 45257.775000000001455, 5943126.75 ], [ 45257.849999999998545, 5943126.75 ], [ 45257.849999999998545, 5943126.825000000186265 ], [ 45258.0, 5943126.825000000186265 ], [ 45258.0, 5943126.900000000372529 ], [ 45258.07499999999709, 5943126.900000000372529 ], [ 45258.07499999999709, 5943126.974999999627471 ], [ 45258.150000000001455, 5943126.974999999627471 ], [ 45258.150000000001455, 5943127.049999999813735 ], [ 45258.224999999998545, 5943127.049999999813735 ], [ 45258.224999999998545, 5943127.200000000186265 ], [ 45258.30000000000291, 5943127.200000000186265 ], [ 45258.30000000000291, 5943127.275000000372529 ], [ 45258.375, 5943127.275000000372529 ], [ 45258.375, 5943127.424999999813735 ], [ 45258.44999999999709, 5943127.424999999813735 ], [ 45258.44999999999709, 5943127.575000000186265 ], [ 45258.525000000001455, 5943127.575000000186265 ], [ 45258.525000000001455, 5943127.724999999627471 ], [ 45258.599999999998545, 5943127.724999999627471 ], [ 45258.599999999998545, 5943127.875 ], [ 45258.67500000000291, 5943127.875 ], [ 45258.67500000000291, 5943128.099999999627471 ], [ 45258.75, 5943128.099999999627471 ], [ 45258.75, 5943128.25 ], [ 45258.82499999999709, 5943128.25 ], [ 45258.82499999999709, 5943128.474999999627471 ], [ 45258.900000000001455, 5943128.474999999627471 ], [ 45258.900000000001455, 5943128.700000000186265 ], [ 45258.974999999998545, 5943128.700000000186265 ], [ 45258.974999999998545, 5943129.224999999627471 ], [ 45259.05000000000291, 5943129.224999999627471 ], [ 45259.05000000000291, 5943129.974999999627471 ], [ 45259.125, 5943129.974999999627471 ], [ 45259.125, 5943130.724999999627471 ], [ 45259.19999999999709, 5943130.724999999627471 ], [ 45259.19999999999709, 5943131.549999999813735 ], [ 45259.275000000001455, 5943131.549999999813735 ], [ 45259.275000000001455, 5943132.375 ], [ 45259.349999999998545, 5943132.375 ], [ 45259.349999999998545, 5943133.049999999813735 ], [ 45259.42500000000291, 5943133.049999999813735 ], [ 45259.42500000000291, 5943133.650000000372529 ], [ 45259.5, 5943133.650000000372529 ], [ 45259.5, 5943134.174999999813735 ], [ 45259.57499999999709, 5943134.174999999813735 ], [ 45259.57499999999709, 5943134.700000000186265 ], [ 45259.650000000001455, 5943134.700000000186265 ], [ 45259.650000000001455, 5943135.0 ], [ 45259.724999999998545, 5943135.0 ], [ 45259.724999999998545, 5943135.299999999813735 ], [ 45259.80000000000291, 5943135.299999999813735 ], [ 45259.80000000000291, 5943135.599999999627471 ], [ 45259.875, 5943135.599999999627471 ], [ 45259.875, 5943135.900000000372529 ], [ 45259.94999999999709, 5943135.900000000372529 ], [ 45259.94999999999709, 5943136.125 ], [ 45260.025000000001455, 5943136.125 ], [ 45260.025000000001455, 5943136.349999999627471 ], [ 45260.099999999998545, 5943136.349999999627471 ], [ 45260.099999999998545, 5943136.575000000186265 ], [ 45260.17500000000291, 5943136.575000000186265 ], [ 45260.17500000000291, 5943136.650000000372529 ], [ 45260.099999999998545, 5943136.650000000372529 ], [ 45260.099999999998545, 5943136.950000000186265 ], [ 45260.025000000001455, 5943136.950000000186265 ], [ 45260.025000000001455, 5943137.25 ], [ 45259.94999999999709, 5943137.25 ], [ 45259.94999999999709, 5943137.625 ], [ 45259.875, 5943137.625 ], [ 45259.875, 5943138.0 ], [ 45259.80000000000291, 5943138.0 ], [ 45259.80000000000291, 5943138.375 ], [ 45259.724999999998545, 5943138.375 ], [ 45259.724999999998545, 5943138.674999999813735 ], [ 45259.650000000001455, 5943138.674999999813735 ], [ 45259.650000000001455, 5943138.900000000372529 ], [ 45259.57499999999709, 5943138.900000000372529 ], [ 45259.57499999999709, 5943139.125 ], [ 45259.5, 5943139.125 ], [ 45259.5, 5943139.349999999627471 ], [ 45259.42500000000291, 5943139.349999999627471 ], [ 45259.42500000000291, 5943139.5 ], [ 45259.349999999998545, 5943139.5 ], [ 45259.349999999998545, 5943139.724999999627471 ], [ 45259.275000000001455, 5943139.724999999627471 ], [ 45259.275000000001455, 5943139.950000000186265 ], [ 45259.19999999999709, 5943139.950000000186265 ], [ 45259.19999999999709, 5943140.174999999813735 ], [ 45259.125, 5943140.174999999813735 ], [ 45259.125, 5943140.325000000186265 ], [ 45259.05000000000291, 5943140.325000000186265 ], [ 45259.05000000000291, 5943140.549999999813735 ], [ 45258.974999999998545, 5943140.549999999813735 ], [ 45258.974999999998545, 5943140.700000000186265 ], [ 45258.900000000001455, 5943140.700000000186265 ], [ 45258.900000000001455, 5943140.775000000372529 ], [ 45258.82499999999709, 5943140.775000000372529 ], [ 45258.82499999999709, 5943140.849999999627471 ], [ 45258.75, 5943140.849999999627471 ], [ 45258.75, 5943141.0 ], [ 45258.67500000000291, 5943141.0 ], [ 45258.67500000000291, 5943141.075000000186265 ], [ 45258.599999999998545, 5943141.075000000186265 ], [ 45258.599999999998545, 5943141.150000000372529 ], [ 45258.525000000001455, 5943141.150000000372529 ], [ 45258.525000000001455, 5943141.224999999627471 ], [ 45258.44999999999709, 5943141.224999999627471 ], [ 45258.44999999999709, 5943141.299999999813735 ], [ 45258.375, 5943141.299999999813735 ], [ 45258.375, 5943141.375 ], [ 45258.30000000000291, 5943141.375 ], [ 45258.30000000000291, 5943141.450000000186265 ], [ 45257.775000000001455, 5943141.450000000186265 ] ] ] } }
]
}
